Signal Region,Sigma_95_exp (pb),Sigma_95_obs (pb),Efficiency,Stat,Sigma_theoretical (pb),SAF File,mT1 (GeV),mn1 (GeV),NNLO Cross Section (pb),k_factor,Signal Strength Obs,Signal Strength Exp,Status Obs,Status Exp
IM0,9.8843998,12.5512328,0.0571379,0.0001181,3.172471,pptt1jmatch_run_01_356_300,355.6537,300.0,4.062085399999999,1.2804168737870256,3.089849563477913,2.4333313622603807,Included,Included
IM1,5.8307179,7.3333373,0.03878,9.82e-05,3.172471,pptt1jmatch_run_01_356_300,355.6537,300.0,4.062085399999999,1.2804168737870256,1.805313423494248,1.435400127235139,Included,Included
IM2,4.5624598,6.2572118,0.0249034,7.93e-05,3.172471,pptt1jmatch_run_01_356_300,355.6537,300.0,4.062085399999999,1.2804168737870256,1.5403939562668971,1.1231816544280435,Included,Included
IM3,3.5690406,5.2526344,0.0159841,6.38e-05,3.172471,pptt1jmatch_run_01_356_300,355.6537,300.0,4.062085399999999,1.2804168737870256,1.2930881266061027,0.8786227389507865,Included,Excluded
IM4,3.0701831,4.8719773,0.0107325,5.24e-05,3.172471,pptt1jmatch_run_01_356_300,355.6537,300.0,4.062085399999999,1.2804168737870256,1.1993783537884264,0.7558145134024018,Included,Excluded
IM5,3.6707322,5.6009664,0.0039054,3.17e-05,3.172471,pptt1jmatch_run_01_356_300,355.6537,300.0,4.062085399999999,1.2804168737870256,1.3788401395992318,0.9036570723008435,Included,Excluded
IM6,5.158864,7.5428065,0.0014138,1.91e-05,3.172471,pptt1jmatch_run_01_356_300,355.6537,300.0,4.062085399999999,1.2804168737870256,1.856880335406046,1.270003826113553,Included,Included
IM7,4.6754527,5.517479,0.0007683,1.41e-05,3.172471,pptt1jmatch_run_01_356_300,355.6537,300.0,4.062085399999999,1.2804168737870256,1.3582872974556373,1.1509981301722512,Included,Included
IM8,-1.0,-1.0,0.0,0.0,3.172471,pptt1jmatch_run_01_356_300,355.6537,300.0,4.062085399999999,1.2804168737870256,-0.2461789700433182,-0.2461789700433182,Excluded,Excluded
IM9,-1.0,-1.0,0.0,0.0,3.172471,pptt1jmatch_run_01_356_300,355.6537,300.0,4.062085399999999,1.2804168737870256,-0.2461789700433182,-0.2461789700433182,Excluded,Excluded
IM10,-1.0,-1.0,0.0,0.0,3.172471,pptt1jmatch_run_01_356_300,355.6537,300.0,4.062085399999999,1.2804168737870256,-0.2461789700433182,-0.2461789700433182,Excluded,Excluded
IM11,-1.0,-1.0,0.0,0.0,3.172471,pptt1jmatch_run_01_356_300,355.6537,300.0,4.062085399999999,1.2804168737870256,-0.2461789700433182,-0.2461789700433182,Excluded,Excluded
IM12,-1.0,-1.0,0.0,0.0,3.172471,pptt1jmatch_run_01_356_300,355.6537,300.0,4.062085399999999,1.2804168737870256,-0.2461789700433182,-0.2461789700433182,Excluded,Excluded
EM0,19.9801785,22.3579114,0.0183578,6.83e-05,3.172471,pptt1jmatch_run_01_356_300,355.6537,300.0,4.062085399999999,1.2804168737870256,5.504047600771762,4.918699764411651,Included,Included
EM1,9.2071294,9.0047388,0.0138767,5.95e-05,3.172471,pptt1jmatch_run_01_356_300,355.6537,300.0,4.062085399999999,1.2804168737870256,2.216777323293105,2.266601632747554,Included,Included
EM2,5.6149833,5.5341954,0.0089193,4.78e-05,3.172471,pptt1jmatch_run_01_356_300,355.6537,300.0,4.062085399999999,1.2804168737870256,1.3624025235904693,1.3822908056044318,Included,Included
EM3,4.42208,5.3507209,0.0052516,3.68e-05,3.172471,pptt1jmatch_run_01_356_300,355.6537,300.0,4.062085399999999,1.2804168737870256,1.3172349601512565,1.0886230998491566,Included,Included
EM4,2.5685808,3.6183154,0.0068271,4.19e-05,3.172471,pptt1jmatch_run_01_356_300,355.6537,300.0,4.062085399999999,1.2804168737870256,0.8907531584638769,0.6323305758170422,Excluded,Excluded
EM5,2.4773351,3.000904,0.0024916,2.54e-05,3.172471,pptt1jmatch_run_01_356_300,355.6537,300.0,4.062085399999999,1.2804168737870256,0.7387594559188737,0.6098678033701607,Excluded,Excluded
EM6,4.4861483,6.2652529,0.0006455,1.29e-05,3.172471,pptt1jmatch_run_01_356_300,355.6537,300.0,4.062085399999999,1.2804168737870256,1.5423735059829125,1.104395367955583,Included,Included
EM7,1.8700666,2.731749,0.0007683,1.41e-05,3.172471,pptt1jmatch_run_01_356_300,355.6537,300.0,4.062085399999999,1.2804168737870256,0.6724991552368645,0.4603710695004099,Excluded,Excluded
EM8,-1.0,-1.0,0.0,0.0,3.172471,pptt1jmatch_run_01_356_300,355.6537,300.0,4.062085399999999,1.2804168737870256,-0.2461789700433182,-0.2461789700433182,Excluded,Excluded
EM9,-1.0,-1.0,0.0,0.0,3.172471,pptt1jmatch_run_01_356_300,355.6537,300.0,4.062085399999999,1.2804168737870256,-0.2461789700433182,-0.2461789700433182,Excluded,Excluded
EM10,-1.0,-1.0,0.0,0.0,3.172471,pptt1jmatch_run_01_356_300,355.6537,300.0,4.062085399999999,1.2804168737870256,-0.2461789700433182,-0.2461789700433182,Excluded,Excluded
EM11,-1.0,-1.0,0.0,0.0,3.172471,pptt1jmatch_run_01_356_300,355.6537,300.0,4.062085399999999,1.2804168737870256,-0.2461789700433182,-0.2461789700433182,Excluded,Excluded
EM12,-1.0,-1.0,0.0,0.0,3.172471,pptt1jmatch_run_01_356_300,355.6537,300.0,4.062085399999999,1.2804168737870256,-0.2461789700433182,-0.2461789700433182,Excluded,Excluded
IM0,10.0717288,12.6988627,0.0563352,0.0001218,2.940407,pptt1jmatch_run_02_361_300,360.9541,300.0,3.758478600000001,1.278217131165856,3.3787242263398802,2.6797355717284113,Included,Included
IM1,5.9168491,7.4172405,0.0383882,0.0001015,2.940407,pptt1jmatch_run_02_361_300,360.9541,300.0,3.758478600000001,1.278217131165856,1.9734688658331054,1.5742670717880365,Included,Included
IM2,4.5318539,6.1981491,0.0250831,8.26e-05,2.940407,pptt1jmatch_run_02_361_300,360.9541,300.0,3.758478600000001,1.278217131165856,1.6491111855738645,1.2057681797097364,Included,Included
IM3,3.3921958,5.0125133,0.0167227,6.77e-05,2.940407,pptt1jmatch_run_02_361_300,360.9541,300.0,3.758478600000001,1.278217131165856,1.3336548730116486,0.9025449286847075,Included,Excluded
IM4,2.7402885,4.3439569,0.0120365,5.76e-05,2.940407,pptt1jmatch_run_02_361_300,360.9541,300.0,3.758478600000001,1.278217131165856,1.1557753448429902,0.7290951450408683,Included,Excluded
IM5,2.6580093,4.0449054,0.0054311,3.88e-05,2.940407,pptt1jmatch_run_02_361_300,360.9541,300.0,3.758478600000001,1.278217131165856,1.0762081763615734,0.7072035211268728,Included,Excluded
IM6,2.6008537,3.8168509,0.002797,2.79e-05,2.940407,pptt1jmatch_run_02_361_300,360.9541,300.0,3.758478600000001,1.278217131165856,1.0155308320765746,0.6919964104624673,Included,Excluded
IM7,2.2245508,2.6261745,0.001615,2.12e-05,2.940407,pptt1jmatch_run_02_361_300,360.9541,300.0,3.758478600000001,1.278217131165856,0.6987333917505874,0.5918753401974935,Excluded,Excluded
IM8,2.9187353,3.1403851,0.0006829,1.38e-05,2.940407,pptt1jmatch_run_02_361_300,360.9541,300.0,3.758478600000001,1.278217131165856,0.8355468885734774,0.7765736114607648,Excluded,Excluded
IM9,3.0112879,2.8580589,0.0004187,1.08e-05,2.940407,pptt1jmatch_run_02_361_300,360.9541,300.0,3.758478600000001,1.278217131165856,0.7604297387778127,0.8011986286153124,Excluded,Excluded
IM10,3.3164692,5.1156289,0.0002813,8.9e-06,2.940407,pptt1jmatch_run_02_361_300,360.9541,300.0,3.758478600000001,1.278217131165856,1.3610903358608983,0.8823967229718959,Included,Excluded
IM11,-1.0,-1.0,0.0,0.0,2.940407,pptt1jmatch_run_02_361_300,360.9541,300.0,3.758478600000001,1.278217131165856,-0.26606510410888057,-0.26606510410888057,Excluded,Excluded
IM12,-1.0,-1.0,0.0,0.0,2.940407,pptt1jmatch_run_02_361_300,360.9541,300.0,3.758478600000001,1.278217131165856,-0.26606510410888057,-0.26606510410888057,Excluded,Excluded
EM0,20.537158,22.8592094,0.0179471,7.01e-05,2.940407,pptt1jmatch_run_02_361_300,360.9541,300.0,3.758478600000001,1.278217131165856,6.082037928857702,5.46422108137053,Included,Included
EM1,9.602331,9.352556,0.0133051,6.05e-05,2.940407,pptt1jmatch_run_02_361_300,360.9541,300.0,3.758478600000001,1.278217131165856,2.4883887858241356,2.554845197202931,Included,Included
EM2,5.9977653,5.9419396,0.0083604,4.81e-05,2.940407,pptt1jmatch_run_02_361_300,360.9541,300.0,3.758478600000001,1.278217131165856,1.5809427782826804,1.5957960489651315,Included,Included
EM3,4.9536526,5.9927986,0.0046862,3.61e-05,2.940407,pptt1jmatch_run_02_361_300,360.9541,300.0,3.758478600000001,1.278217131165856,1.594474583412554,1.317994094738227,Included,Included
EM4,2.6409693,3.7264261,0.0066055,4.28e-05,2.940407,pptt1jmatch_run_02_361_300,360.9541,300.0,3.758478600000001,1.278217131165856,0.9914719482505499,0.7026697717528575,Excluded,Excluded
EM5,2.3250776,2.8495077,0.002634,2.71e-05,2.940407,pptt1jmatch_run_02_361_300,360.9541,300.0,3.758478600000001,1.278217131165856,0.758154562859557,0.6186220137052263,Excluded,Excluded
EM6,2.4656186,3.4205837,0.001182,1.81e-05,2.940407,pptt1jmatch_run_02_361_300,360.9541,300.0,3.758478600000001,1.278217131165856,0.9100979582536399,0.6560150695017923,Excluded,Excluded
EM7,1.5385137,2.2540894,0.0009322,1.61e-05,2.940407,pptt1jmatch_run_02_361_300,360.9541,300.0,3.758478600000001,1.278217131165856,0.5997345308817241,0.40934480776343907,Excluded,Excluded
EM8,3.0658581,3.5284292,0.0002641,8.6e-06,2.940407,pptt1jmatch_run_02_361_300,360.9541,300.0,3.758478600000001,1.278217131165856,0.9387918824388143,0.8157178545595548,Excluded,Excluded
EM9,3.5691062,3.0160026,0.0001374,6.2e-06,2.940407,pptt1jmatch_run_02_361_300,360.9541,300.0,3.758478600000001,1.278217131165856,0.8024530457616545,0.9496146126786511,Excluded,Excluded
EM10,1.1157353,2.3677462,0.0002813,8.9e-06,2.940407,pptt1jmatch_run_02_361_300,360.9541,300.0,3.758478600000001,1.278217131165856,0.6299746392064064,0.29685822875245316,Excluded,Excluded
EM11,-1.0,-1.0,0.0,0.0,2.940407,pptt1jmatch_run_02_361_300,360.9541,300.0,3.758478600000001,1.278217131165856,-0.26606510410888057,-0.26606510410888057,Excluded,Excluded
EM12,-1.0,-1.0,0.0,0.0,2.940407,pptt1jmatch_run_02_361_300,360.9541,300.0,3.758478600000001,1.278217131165856,-0.26606510410888057,-0.26606510410888057,Excluded,Excluded
IM0,11.1828418,14.1849728,0.0504655,0.0001191,2.721607,pptt1jmatch_run_03_365_300,365.371,300.0,3.521450000000001,1.2938862958538837,4.028162489883428,3.175635547856706,Included,Included
IM1,6.3845516,8.0277499,0.0355566,0.0001007,2.721607,pptt1jmatch_run_03_365_300,365.371,300.0,3.521450000000001,1.2938862958538837,2.279671697738147,1.8130462167573012,Included,Included
IM2,5.0430042,6.9330692,0.0224513,8.06e-05,2.721607,pptt1jmatch_run_03_365_300,365.371,300.0,3.521450000000001,1.2938862958538837,1.9688109159579146,1.432081727697397,Included,Included
IM3,4.0180829,5.9112104,0.0141672,6.43e-05,2.721607,pptt1jmatch_run_03_365_300,365.371,300.0,3.521450000000001,1.2938862958538837,1.6786296553976339,1.1410307969728375,Included,Included
IM4,3.8855447,6.1653387,0.0084861,4.99e-05,2.721607,pptt1jmatch_run_03_365_300,365.371,300.0,3.521450000000001,1.2938862958538837,1.7507954677760578,1.1033934032855781,Included,Included
IM5,4.0942942,6.1674421,0.0035498,3.24e-05,2.721607,pptt1jmatch_run_03_365_300,365.371,300.0,3.521450000000001,1.2938862958538837,1.751392778542929,1.1626728194351756,Included,Included
IM6,3.9148175,5.7247973,0.0018597,2.34e-05,2.721607,pptt1jmatch_run_03_365_300,365.371,300.0,3.521450000000001,1.2938862958538837,1.6256931945647384,1.1117061153786079,Included,Included
IM7,5.3132328,6.2478568,0.0006757,1.41e-05,2.721607,pptt1jmatch_run_03_365_300,365.371,300.0,3.521450000000001,1.2938862958538837,1.7742284570276443,1.508819605560209,Included,Included
IM8,7.5108695,8.0155873,0.0002676,8.9e-06,2.721607,pptt1jmatch_run_03_365_300,365.371,300.0,3.521450000000001,1.2938862958538837,2.2762178364026173,2.1328911385934766,Included,Included
IM9,9.2167159,8.6586308,0.0001375,6.4e-06,2.721607,pptt1jmatch_run_03_365_300,365.371,300.0,3.521450000000001,1.2938862958538837,2.458825427025798,2.617307046813102,Included,Included
IM10,6.786846,10.5003094,0.0001375,6.4e-06,2.721607,pptt1jmatch_run_03_365_300,365.371,300.0,3.521450000000001,1.2938862958538837,2.9818141390620334,1.9272873390222771,Included,Included
IM11,4.1154687,3.6671906,0.0001375,6.4e-06,2.721607,pptt1jmatch_run_03_365_300,365.371,300.0,3.521450000000001,1.2938862958538837,1.0413865311164432,1.1686858254412242,Included,Included
IM12,2.5414403,2.0120826,0.0001375,6.4e-06,2.721607,pptt1jmatch_run_03_365_300,365.371,300.0,3.521450000000001,1.2938862958538837,0.5713790058072666,0.721702792883613,Excluded,Excluded
EM0,24.6086087,27.513746,0.0149088,6.59e-05,2.721607,pptt1jmatch_run_03_365_300,365.371,300.0,3.521450000000001,1.2938862958538837,7.813186613468882,6.988203353732126,Included,Included
EM1,9.7100924,9.4237975,0.0131053,6.19e-05,2.721607,pptt1jmatch_run_03_365_300,365.371,300.0,3.521450000000001,1.2938862958538837,2.676112822842862,2.7574131110764024,Included,Included
EM2,6.0511338,5.9773342,0.0082841,4.93e-05,2.721607,pptt1jmatch_run_03_365_300,365.371,300.0,3.521450000000001,1.2938862958538837,1.6974070908290613,1.7183642533615409,Included,Included
EM3,4.0653251,4.9505224,0.0056811,4.09e-05,2.721607,pptt1jmatch_run_03_365_300,365.371,300.0,3.521450000000001,1.2938862958538837,1.4058193073875813,1.154446350225049,Included,Included
EM4,3.5641127,4.996315,0.0049363,3.81e-05,2.721607,pptt1jmatch_run_03_365_300,365.371,300.0,3.521450000000001,1.2938862958538837,1.4188232120291353,1.0121150946343123,Included,Included
EM5,3.6306429,4.4383894,0.0016902,2.23e-05,2.721607,pptt1jmatch_run_03_365_300,365.371,300.0,3.521450000000001,1.2938862958538837,1.2603868860838572,1.0310079370713765,Included,Included
EM6,2.4525729,3.3976232,0.001184,1.87e-05,2.721607,pptt1jmatch_run_03_365_300,365.371,300.0,3.521450000000001,1.2938862958538837,0.9648364168169359,0.6964667679507018,Excluded,Excluded
EM7,3.5154617,5.1486423,0.0004081,1.1e-05,2.721607,pptt1jmatch_run_03_365_300,365.371,300.0,3.521450000000001,1.2938862958538837,1.4620801942381685,0.9982994789078359,Included,Excluded
EM8,6.2624599,7.1658301,0.0001301,6.2e-06,2.721607,pptt1jmatch_run_03_365_300,365.371,300.0,3.521450000000001,1.2938862958538837,2.0349089437589623,1.7783753567422504,Included,Included
EM9,-1.0,-1.0,0.0,0.0,2.721607,pptt1jmatch_run_03_365_300,365.371,300.0,3.521450000000001,1.2938862958538837,-0.28397393119311637,-0.28397393119311637,Excluded,Excluded
EM10,-1.0,-1.0,0.0,0.0,2.721607,pptt1jmatch_run_03_365_300,365.371,300.0,3.521450000000001,1.2938862958538837,-0.28397393119311637,-0.28397393119311637,Excluded,Excluded
EM11,-1.0,-1.0,0.0,0.0,2.721607,pptt1jmatch_run_03_365_300,365.371,300.0,3.521450000000001,1.2938862958538837,-0.28397393119311637,-0.28397393119311637,Excluded,Excluded
EM12,1.8550146,1.4915756,0.0001375,6.4e-06,2.721607,pptt1jmatch_run_03_365_300,365.371,300.0,3.521450000000001,1.2938862958538837,0.4235685868037313,0.5267757883826263,Excluded,Excluded
IM0,11.0145027,14.0203809,0.0512926,0.0001249,2.555161,pptt1jmatch_run_04_370_300,369.788,300.0,3.3005999999999993,1.2917385636364986,4.247827940374478,3.3371213415742598,Included,Included
IM1,6.5121996,8.1619151,0.0348715,0.0001038,2.555161,pptt1jmatch_run_04_370_300,369.788,300.0,3.3005999999999993,1.2917385636364986,2.4728579955159673,1.9730350845300857,Included,Included
IM2,5.0565298,6.9510185,0.0223558,8.37e-05,2.555161,pptt1jmatch_run_04_370_300,369.788,300.0,3.3005999999999993,1.2917385636364986,2.1059863358177306,1.5320032115372966,Included,Included
IM3,4.0690174,5.9954976,0.0139971,6.65e-05,2.555161,pptt1jmatch_run_04_370_300,369.788,300.0,3.3005999999999993,1.2917385636364986,1.8164871841483372,1.2328114282251714,Included,Included
IM4,3.8039955,6.0434576,0.0086352,5.24e-05,2.555161,pptt1jmatch_run_04_370_300,369.788,300.0,3.3005999999999993,1.2917385636364986,1.8310178755377813,1.1525163606616982,Included,Included
IM5,4.7332348,7.1891476,0.0030381,3.12e-05,2.555161,pptt1jmatch_run_04_370_300,369.788,300.0,3.3005999999999993,1.2917385636364986,2.1781335514754896,1.43405283887778,Included,Included
IM6,10.9408768,15.9812161,0.0006647,1.46e-05,2.555161,pptt1jmatch_run_04_370_300,369.788,300.0,3.3005999999999993,1.2917385636364986,4.841912409864874,3.3148145185723816,Included,Included
IM7,13.1056794,15.4368387,0.0002743,9.4e-06,2.555161,pptt1jmatch_run_04_370_300,369.788,300.0,3.3005999999999993,1.2917385636364986,4.676979549172878,3.9706960552626804,Included,Included
IM8,7.2860355,7.797193,0.0002743,9.4e-06,2.555161,pptt1jmatch_run_04_370_300,369.788,300.0,3.3005999999999993,1.2917385636364986,2.3623562382597108,2.207488183966552,Included,Included
IM9,4.6266317,4.3454359,0.0002743,9.4e-06,2.555161,pptt1jmatch_run_04_370_300,369.788,300.0,3.3005999999999993,1.2917385636364986,1.3165593831424591,1.4017547415621405,Included,Included
IM10,6.5784978,10.1742337,0.000142,6.7e-06,2.555161,pptt1jmatch_run_04_370_300,369.788,300.0,3.3005999999999993,1.2917385636364986,3.082540659274072,1.9931217960370846,Included,Included
IM11,3.967798,3.5576207,0.000142,6.7e-06,2.555161,pptt1jmatch_run_04_370_300,369.788,300.0,3.3005999999999993,1.2917385636364986,1.0778709022601953,1.2021444585832881,Included,Included
IM12,-1.0,-1.0,0.0,0.0,2.555161,pptt1jmatch_run_04_370_300,369.788,300.0,3.3005999999999993,1.2917385636364986,-0.30297521662727994,-0.30297521662727994,Excluded,Excluded
EM0,22.3481381,24.9081618,0.0164212,7.19e-05,2.555161,pptt1jmatch_run_04_370_300,369.788,300.0,3.3005999999999993,1.2917385636364986,7.546555717142339,6.7709319820638685,Included,Included
EM1,10.1594236,-1.0,0.0125157,6.29e-05,2.555161,pptt1jmatch_run_04_370_300,369.788,300.0,3.3005999999999993,1.2917385636364986,-0.30297521662727994,3.0780535660183004,Excluded,Included
EM2,5.9543357,5.9299057,0.0083587,5.15e-05,2.555161,pptt1jmatch_run_04_370_300,369.788,300.0,3.3005999999999993,1.2917385636364986,1.7966144640368422,1.8040161485790465,Included,Included
EM3,4.3269895,5.2296945,0.0053619,4.13e-05,2.555161,pptt1jmatch_run_04_370_300,369.788,300.0,3.3005999999999993,1.2917385636364986,1.5844678240319945,1.3109705811064658,Included,Included
EM4,3.1205961,4.4089515,0.0055971,4.22e-05,2.555161,pptt1jmatch_run_04_370_300,369.788,300.0,3.3005999999999993,1.2917385636364986,1.3358030358116708,0.9454632794037451,Included,Excluded
EM5,2.5932132,3.1473529,0.0023734,2.75e-05,2.555161,pptt1jmatch_run_04_370_300,369.788,300.0,3.3005999999999993,1.2917385636364986,0.9535699266799977,0.7856793310307219,Excluded,Excluded
EM6,7.477798,10.3300156,0.0003904,1.12e-05,2.555161,pptt1jmatch_run_04_370_300,369.788,300.0,3.3005999999999993,1.2917385636364986,3.129738714173181,2.2655874689450406,Included,Included
EM7,-1.0,-1.0,0.0,0.0,2.555161,pptt1jmatch_run_04_370_300,369.788,300.0,3.3005999999999993,1.2917385636364986,-0.30297521662727994,-0.30297521662727994,Excluded,Excluded
EM8,-1.0,-1.0,0.0,0.0,2.555161,pptt1jmatch_run_04_370_300,369.788,300.0,3.3005999999999993,1.2917385636364986,-0.30297521662727994,-0.30297521662727994,Excluded,Excluded
EM9,3.6877105,3.1516438,0.0001323,6.5e-06,2.555161,pptt1jmatch_run_04_370_300,369.788,300.0,3.3005999999999993,1.2917385636364986,0.9548699630370238,1.117284887596195,Excluded,Included
EM10,-1.0,-1.0,0.0,0.0,2.555161,pptt1jmatch_run_04_370_300,369.788,300.0,3.3005999999999993,1.2917385636364986,-0.30297521662727994,-0.30297521662727994,Excluded,Excluded
EM11,1.5573563,1.733976,0.000142,6.7e-06,2.555161,pptt1jmatch_run_04_370_300,369.788,300.0,3.3005999999999993,1.2917385636364986,0.5253517542265044,0.47184036235835913,Excluded,Excluded
EM12,-1.0,-1.0,0.0,0.0,2.555161,pptt1jmatch_run_04_370_300,369.788,300.0,3.3005999999999993,1.2917385636364986,-0.30297521662727994,-0.30297521662727994,Excluded,Excluded
IM0,11.0145458,13.990217,0.0512148,0.0001289,2.340333,pptt1jmatch_run_05_376_300,375.9717,300.0,3.0191886,1.290067951868388,4.633767165125093,3.6481807728076343,Included,Included
IM1,6.538315,8.2154828,0.0347288,0.0001071,2.340333,pptt1jmatch_run_05_376_300,375.9717,300.0,3.0191886,1.290067951868388,2.72108963315508,2.16558680699841,Included,Included
IM2,5.3153016,7.3190325,0.0212827,8.44e-05,2.340333,pptt1jmatch_run_05_376_300,375.9717,300.0,3.0191886,1.290067951868388,2.424172010983348,1.760506647382015,Included,Included
IM3,4.6283183,6.8559566,0.0122635,6.44e-05,2.340333,pptt1jmatch_run_05_376_300,375.9717,300.0,3.0191886,1.290067951868388,2.2707944114521363,1.532967599307973,Included,Included
IM4,4.2313629,6.6888434,0.0078033,5.15e-05,2.340333,pptt1jmatch_run_05_376_300,375.9717,300.0,3.0191886,1.290067951868388,2.2154440434757867,1.4014900890921487,Included,Included
IM5,5.3510679,8.104751,0.0026948,3.03e-05,2.340333,pptt1jmatch_run_05_376_300,375.9717,300.0,3.0191886,1.290067951868388,2.684413620268704,1.7723529758955767,Included,Included
IM6,8.0949212,11.8831015,0.0008977,1.75e-05,2.340333,pptt1jmatch_run_05_376_300,375.9717,300.0,3.0191886,1.290067951868388,3.9358592901417286,2.681157844859377,Included,Included
IM7,28.5786004,33.5948142,0.0001261,6.6e-06,2.340333,pptt1jmatch_run_05_376_300,375.9717,300.0,3.0191886,1.290067951868388,11.127100241435729,9.465655905033557,Included,Included
IM8,-1.0,-1.0,0.0,0.0,2.340333,pptt1jmatch_run_05_376_300,375.9717,300.0,3.0191886,1.290067951868388,-0.33121481712006995,-0.33121481712006995,Excluded,Excluded
IM9,-1.0,-1.0,0.0,0.0,2.340333,pptt1jmatch_run_05_376_300,375.9717,300.0,3.0191886,1.290067951868388,-0.33121481712006995,-0.33121481712006995,Excluded,Excluded
IM10,-1.0,-1.0,0.0,0.0,2.340333,pptt1jmatch_run_05_376_300,375.9717,300.0,3.0191886,1.290067951868388,-0.33121481712006995,-0.33121481712006995,Excluded,Excluded
IM11,-1.0,-1.0,0.0,0.0,2.340333,pptt1jmatch_run_05_376_300,375.9717,300.0,3.0191886,1.290067951868388,-0.33121481712006995,-0.33121481712006995,Excluded,Excluded
IM12,-1.0,-1.0,0.0,0.0,2.340333,pptt1jmatch_run_05_376_300,375.9717,300.0,3.0191886,1.290067951868388,-0.33121481712006995,-0.33121481712006995,Excluded,Excluded
EM0,22.1944161,24.830239,0.016486,7.45e-05,2.340333,pptt1jmatch_run_05_376_300,375.9717,300.0,3.0191886,1.290067951868388,8.224143069432628,7.3511194696482365,Included,Included
EM1,9.4850106,9.2916643,0.013446,6.73e-05,2.340333,pptt1jmatch_run_05_376_300,375.9717,300.0,3.0191886,1.290067951868388,3.077536891865583,3.141576051260925,Included,Included
EM2,5.5447972,5.486971,0.0090193,5.53e-05,2.340333,pptt1jmatch_run_05_376_300,375.9717,300.0,3.0191886,1.290067951868388,1.817366096308127,1.8365189905658756,Included,Included
EM3,5.1805217,6.302996,0.0044602,3.9e-05,2.340333,pptt1jmatch_run_05_376_300,375.9717,300.0,3.0191886,1.290067951868388,2.087645667448532,1.7158655474520537,Included,Included
EM4,3.4244809,4.8274783,0.0051085,4.17e-05,2.340333,pptt1jmatch_run_05_376_300,375.9717,300.0,3.0191886,1.290067951868388,1.598932342285606,1.1342388150246725,Included,Included
EM5,3.4193108,4.1724524,0.0017971,2.48e-05,2.340333,pptt1jmatch_run_05_376_300,375.9717,300.0,3.0191886,1.290067951868388,1.381978058608197,1.13252640129868,Included,Included
EM6,3.7768906,5.2339236,0.0007716,1.62e-05,2.340333,pptt1jmatch_run_05_376_300,375.9717,300.0,3.0191886,1.290067951868388,1.733553047994418,1.2509621293615112,Included,Included
EM7,11.369033,16.6321046,0.0001261,6.6e-06,2.340333,pptt1jmatch_run_05_376_300,375.9717,300.0,3.0191886,1.290067951868388,5.508799483410875,3.76559218592704,Included,Included
EM8,-1.0,-1.0,0.0,0.0,2.340333,pptt1jmatch_run_05_376_300,375.9717,300.0,3.0191886,1.290067951868388,-0.33121481712006995,-0.33121481712006995,Excluded,Excluded
EM9,-1.0,-1.0,0.0,0.0,2.340333,pptt1jmatch_run_05_376_300,375.9717,300.0,3.0191886,1.290067951868388,-0.33121481712006995,-0.33121481712006995,Excluded,Excluded
EM10,-1.0,-1.0,0.0,0.0,2.340333,pptt1jmatch_run_05_376_300,375.9717,300.0,3.0191886,1.290067951868388,-0.33121481712006995,-0.33121481712006995,Excluded,Excluded
EM11,-1.0,-1.0,0.0,0.0,2.340333,pptt1jmatch_run_05_376_300,375.9717,300.0,3.0191886,1.290067951868388,-0.33121481712006995,-0.33121481712006995,Excluded,Excluded
EM12,-1.0,-1.0,0.0,0.0,2.340333,pptt1jmatch_run_05_376_300,375.9717,300.0,3.0191886,1.290067951868388,-0.33121481712006995,-0.33121481712006995,Excluded,Excluded
IM0,8.0839701,10.2364365,0.0699414,0.0001391,2.72263,pptt1jmatch_run_06_365_319,365.371,318.6404,3.521450000000001,1.2934001314905077,2.906881114313705,2.29563676894461,Included,Included
IM1,4.5931633,5.7470316,0.0494879,0.0001183,2.72263,pptt1jmatch_run_06_365_319,365.371,318.6404,3.521450000000001,1.2934001314905077,1.6320071561430656,1.3043386389129472,Included,Included
IM2,3.3086835,4.5441112,0.0343341,9.93e-05,2.72263,pptt1jmatch_run_06_365_319,365.371,318.6404,3.521450000000001,1.2934001314905077,1.2904091212426694,0.9395798605687995,Included,Excluded
IM3,2.3318084,3.4425352,0.0244115,8.42e-05,2.72263,pptt1jmatch_run_06_365_319,365.371,318.6404,3.521450000000001,1.2934001314905077,0.9775902540146811,0.6621727981371308,Excluded,Excluded
IM4,1.99872,3.1733278,0.0164388,6.93e-05,2.72263,pptt1jmatch_run_06_365_319,365.371,318.6404,3.521450000000001,1.2934001314905077,0.9011423703304035,0.5675843757543056,Excluded,Excluded
IM5,2.0129601,3.0693772,0.0071426,4.59e-05,2.72263,pptt1jmatch_run_06_365_319,365.371,318.6404,3.521450000000001,1.2934001314905077,0.8716231097985202,0.5716281929318886,Excluded,Excluded
IM6,2.807053,4.1108402,0.0025978,2.78e-05,2.72263,pptt1jmatch_run_06_365_319,365.371,318.6404,3.521450000000001,1.2934001314905077,1.1673714521006968,0.7971298754774309,Included,Excluded
IM7,2.764874,3.2502616,0.001301,1.97e-05,2.72263,pptt1jmatch_run_06_365_319,365.371,318.6404,3.521450000000001,1.2934001314905077,0.9229895639580283,0.7851521390336365,Excluded,Excluded
IM8,3.6444896,3.9096742,0.0005495,1.28e-05,2.72263,pptt1jmatch_run_06_365_319,365.371,318.6404,3.521450000000001,1.2934001314905077,1.1102455522583023,1.0349400389044283,Included,Included
IM9,4.6309906,4.3785991,0.000273,9e-06,2.72263,pptt1jmatch_run_06_365_319,365.371,318.6404,3.521450000000001,1.2934001314905077,1.2434079995456413,1.3150806060003686,Included,Included
IM10,-1.0,-1.0,0.0,0.0,2.72263,pptt1jmatch_run_06_365_319,365.371,318.6404,3.521450000000001,1.2934001314905077,-0.28397393119311637,-0.28397393119311637,Excluded,Excluded
IM11,-1.0,-1.0,0.0,0.0,2.72263,pptt1jmatch_run_06_365_319,365.371,318.6404,3.521450000000001,1.2934001314905077,-0.28397393119311637,-0.28397393119311637,Excluded,Excluded
IM12,-1.0,-1.0,0.0,0.0,2.72263,pptt1jmatch_run_06_365_319,365.371,318.6404,3.521450000000001,1.2934001314905077,-0.28397393119311637,-0.28397393119311637,Excluded,Excluded
EM0,17.8881726,20.0961804,0.0204535,7.72e-05,2.72263,pptt1jmatch_run_06_365_319,365.371,318.6404,3.521450000000001,1.2934001314905077,5.706791350154054,5.07977469508299,Included,Included
EM1,8.4093359,8.2517247,0.0151538,6.66e-05,2.72263,pptt1jmatch_run_06_365_319,365.371,318.6404,3.521450000000001,1.2934001314905077,2.343274702182339,2.3880321742464035,Included,Included
EM2,5.0403083,5.0048094,0.0099226,5.41e-05,2.72263,pptt1jmatch_run_06_365_319,365.371,318.6404,3.521450000000001,1.2934001314905077,1.421235400190262,1.4313161623762936,Included,Included
EM3,2.9069055,3.530904,0.0079727,4.85e-05,2.72263,pptt1jmatch_run_06_365_319,365.371,318.6404,3.521450000000001,1.2934001314905077,1.0026846895454995,0.8254853824418916,Included,Excluded
EM4,1.8817336,2.6495675,0.0092963,5.23e-05,2.72263,pptt1jmatch_run_06_365_319,365.371,318.6404,3.521450000000001,1.2934001314905077,0.7524080989365174,0.5343632878501752,Excluded,Excluded
EM5,1.3522659,1.6511086,0.0045448,3.67e-05,2.72263,pptt1jmatch_run_06_365_319,365.371,318.6404,3.521450000000001,1.2934001314905077,0.4688717999687627,0.38400826364139756,Excluded,Excluded
EM6,2.2403095,3.0983788,0.0012968,1.96e-05,2.72263,pptt1jmatch_run_06_365_319,365.371,318.6404,3.521450000000001,1.2934001314905077,0.8798588081614105,0.636189495804285,Excluded,Excluded
EM7,1.9188764,2.792302,0.0007515,1.49e-05,2.72263,pptt1jmatch_run_06_365_319,365.371,318.6404,3.521450000000001,1.2934001314905077,0.7929409760184012,0.5449108747816949,Excluded,Excluded
EM8,2.9273903,3.3713761,0.0002764,9.1e-06,2.72263,pptt1jmatch_run_06_365_319,365.371,318.6404,3.521450000000001,1.2934001314905077,0.9573829246475171,0.8313025316275963,Excluded,Excluded
EM9,1.7983377,1.5259102,0.000273,9e-06,2.72263,pptt1jmatch_run_06_365_319,365.371,318.6404,3.521450000000001,1.2934001314905077,0.43331871814167444,0.5106810262817871,Excluded,Excluded
EM10,-1.0,-1.0,0.0,0.0,2.72263,pptt1jmatch_run_06_365_319,365.371,318.6404,3.521450000000001,1.2934001314905077,-0.28397393119311637,-0.28397393119311637,Excluded,Excluded
EM11,-1.0,-1.0,0.0,0.0,2.72263,pptt1jmatch_run_06_365_319,365.371,318.6404,3.521450000000001,1.2934001314905077,-0.28397393119311637,-0.28397393119311637,Excluded,Excluded
EM12,-1.0,-1.0,0.0,0.0,2.72263,pptt1jmatch_run_06_365_319,365.371,318.6404,3.521450000000001,1.2934001314905077,-0.28397393119311637,-0.28397393119311637,Excluded,Excluded
IM0,7.7973083,9.9423939,0.0722501,0.0001465,2.523321,pptt1jmatch_run_07_371_319,370.6714,318.6404,3.2591156,1.2915977000151784,3.0506416832836494,2.392461408855826,Included,Included
IM1,4.3148564,5.4153042,0.0524091,0.0001261,2.523321,pptt1jmatch_run_07_371_319,370.6714,318.6404,3.2591156,1.2915977000151784,1.6615870268609065,1.3239347508876336,Included,Included
IM2,3.1864835,4.3471014,0.0356225,0.0001049,2.523321,pptt1jmatch_run_07_371_319,370.6714,318.6404,3.2591156,1.2915977000151784,1.3338285392515687,0.9777141688377056,Included,Excluded
IM3,2.5419503,3.7400046,0.0223903,8.37e-05,2.523321,pptt1jmatch_run_07_371_319,370.6714,318.6404,3.2591156,1.2915977000151784,1.1475519923257709,0.7799509474288056,Included,Excluded
IM4,2.0501967,3.2588472,0.0160814,7.12e-05,2.523321,pptt1jmatch_run_07_371_319,370.6714,318.6404,3.2591156,1.2915977000151784,0.9999176463700766,0.629065351348691,Excluded,Excluded
IM5,1.9514814,2.9562243,0.0074,4.85e-05,2.523321,pptt1jmatch_run_07_371_319,370.6714,318.6404,3.2591156,1.2915977000151784,0.9070633456511945,0.5987763674292499,Excluded,Excluded
IM6,2.1694256,3.1722612,0.0033542,3.27e-05,2.523321,pptt1jmatch_run_07_371_319,370.6714,318.6404,3.2591156,1.2915977000151784,0.9733503162637128,0.6656485581548565,Excluded,Excluded
IM7,3.0842568,3.6298306,0.0011646,1.93e-05,2.523321,pptt1jmatch_run_07_371_319,370.6714,318.6404,3.2591156,1.2915977000151784,1.1137471159353785,0.9463477760653841,Included,Excluded
IM8,2.5876975,2.7522926,0.0007748,1.57e-05,2.523321,pptt1jmatch_run_07_371_319,370.6714,318.6404,3.2591156,1.2915977000151784,0.844490634207636,0.7939876388551544,Excluded,Excluded
IM9,4.6598164,4.4268834,0.0002711,9.3e-06,2.523321,pptt1jmatch_run_07_371_319,370.6714,318.6404,3.2591156,1.2915977000151784,1.358308186429472,1.4297794162318147,Included,Included
IM10,-1.0,-1.0,0.0,0.0,2.523321,pptt1jmatch_run_07_371_319,370.6714,318.6404,3.2591156,1.2915977000151784,-0.306831706122974,-0.306831706122974,Excluded,Excluded
IM11,-1.0,-1.0,0.0,0.0,2.523321,pptt1jmatch_run_07_371_319,370.6714,318.6404,3.2591156,1.2915977000151784,-0.306831706122974,-0.306831706122974,Excluded,Excluded
IM12,-1.0,-1.0,0.0,0.0,2.523321,pptt1jmatch_run_07_371_319,370.6714,318.6404,3.2591156,1.2915977000151784,-0.306831706122974,-0.306831706122974,Excluded,Excluded
EM0,18.4955798,20.6850721,0.019841,7.89e-05,2.523321,pptt1jmatch_run_07_371_319,370.6714,318.6404,3.2591156,1.2915977000151784,6.3468359637197285,5.675030305767614,Included,Included
EM1,7.5982045,7.4239345,0.0167866,7.27e-05,2.523321,pptt1jmatch_run_07_371_319,370.6714,318.6404,3.2591156,1.2915977000151784,2.277898488780208,2.3313700502062584,Included,Included
EM2,3.7707465,3.7545851,0.0132322,6.46e-05,2.523321,pptt1jmatch_run_07_371_319,370.6714,318.6404,3.2591156,1.2915977000151784,1.1520257520168968,1.1569845819522326,Included,Included
EM3,3.6835787,4.4466681,0.0063089,4.48e-05,2.523321,pptt1jmatch_run_07_371_319,370.6714,318.6404,3.2591156,1.2915977000151784,1.3643787596856032,1.1302387371592466,Included,Included
EM4,2.0160479,2.8448126,0.0086814,5.25e-05,2.523321,pptt1jmatch_run_07_371_319,370.6714,318.6404,3.2591156,1.2915977000151784,0.8728787036581336,0.6185874167826387,Excluded,Excluded
EM5,1.5242266,1.8512073,0.0040458,3.59e-05,2.523321,pptt1jmatch_run_07_371_319,370.6714,318.6404,3.2591156,1.2915977000151784,0.5680090942463042,0.4676810481960198,Excluded,Excluded
EM6,1.3315376,1.8443906,0.0021896,2.64e-05,2.523321,pptt1jmatch_run_07_371_319,370.6714,318.6404,3.2591156,1.2915977000151784,0.5659175145551757,0.4085579535748901,Excluded,Excluded
EM7,3.6833017,5.3739616,0.0003898,1.12e-05,2.523321,pptt1jmatch_run_07_371_319,370.6714,318.6404,3.2591156,1.2915977000151784,1.648901806367347,1.1301537447766505,Included,Included
EM8,1.6129091,1.848419,0.0005037,1.27e-05,2.523321,pptt1jmatch_run_07_371_319,370.6714,318.6404,3.2591156,1.2915977000151784,0.5671535554001215,0.49489165097427046,Excluded,Excluded
EM9,1.8123015,1.5376344,0.0002711,9.3e-06,2.523321,pptt1jmatch_run_07_371_319,370.6714,318.6404,3.2591156,1.2915977000151784,0.4717949863453754,0.556071561254225,Excluded,Excluded
EM10,-1.0,-1.0,0.0,0.0,2.523321,pptt1jmatch_run_07_371_319,370.6714,318.6404,3.2591156,1.2915977000151784,-0.306831706122974,-0.306831706122974,Excluded,Excluded
EM11,-1.0,-1.0,0.0,0.0,2.523321,pptt1jmatch_run_07_371_319,370.6714,318.6404,3.2591156,1.2915977000151784,-0.306831706122974,-0.306831706122974,Excluded,Excluded
EM12,-1.0,-1.0,0.0,0.0,2.523321,pptt1jmatch_run_07_371_319,370.6714,318.6404,3.2591156,1.2915977000151784,-0.306831706122974,-0.306831706122974,Excluded,Excluded
IM0,8.4018185,10.6755215,0.0672581,0.0001471,2.364431,pptt1jmatch_run_08_375_319,375.0883,318.6404,3.0562914,1.292611795396017,3.492965853975835,2.749024029580425,Included,Included
IM1,4.7552125,5.9958541,0.0474029,0.0001248,2.364431,pptt1jmatch_run_08_375_319,375.0883,318.6404,3.0562914,1.292611795396017,1.9618070776889924,1.555876674586723,Included,Included
IM2,3.5990664,4.9191386,0.0315617,0.0001027,2.364431,pptt1jmatch_run_08_375_319,375.0883,318.6404,3.0562914,1.292611795396017,1.6095122997761273,1.1775926863518313,Included,Included
IM3,2.7092251,3.9942084,0.0209975,8.42e-05,2.364431,pptt1jmatch_run_08_375_319,375.0883,318.6404,3.0562914,1.292611795396017,1.3068807509650422,0.8864420126955171,Included,Excluded
IM4,2.2577493,3.5834073,0.0145835,7.04e-05,2.364431,pptt1jmatch_run_08_375_319,375.0883,318.6404,3.0562914,1.292611795396017,1.1724691238538314,0.7387218705650908,Included,Excluded
IM5,2.7710551,4.2155509,0.0051905,4.22e-05,2.364431,pptt1jmatch_run_08_375_319,375.0883,318.6404,3.0562914,1.292611795396017,1.3793026738222671,0.9066724135008853,Included,Excluded
IM6,3.2829944,4.7853542,0.0022258,2.77e-05,2.364431,pptt1jmatch_run_08_375_319,375.0883,318.6404,3.0562914,1.292611795396017,1.5657388559219187,1.0741758459288273,Included,Included
IM7,9.0193732,10.6589579,0.0003972,1.17e-05,2.364431,pptt1jmatch_run_08_375_319,375.0883,318.6404,3.0562914,1.292611795396017,3.48754634456649,2.951084179996711,Included,Included
IM8,14.7018916,15.7000105,0.0001363,6.9e-06,2.364431,pptt1jmatch_run_08_375_319,375.0883,318.6404,3.0562914,1.292611795396017,5.136948165348369,4.8103697180183795,Included,Included
IM9,-1.0,-1.0,0.0,0.0,2.364431,pptt1jmatch_run_08_375_319,375.0883,318.6404,3.0562914,1.292611795396017,-0.32719393183516465,-0.32719393183516465,Excluded,Excluded
IM10,-1.0,-1.0,0.0,0.0,2.364431,pptt1jmatch_run_08_375_319,375.0883,318.6404,3.0562914,1.292611795396017,-0.32719393183516465,-0.32719393183516465,Excluded,Excluded
IM11,-1.0,-1.0,0.0,0.0,2.364431,pptt1jmatch_run_08_375_319,375.0883,318.6404,3.0562914,1.292611795396017,-0.32719393183516465,-0.32719393183516465,Excluded,Excluded
IM12,-1.0,-1.0,0.0,0.0,2.364431,pptt1jmatch_run_08_375_319,375.0883,318.6404,3.0562914,1.292611795396017,-0.32719393183516465,-0.32719393183516465,Excluded,Excluded
EM0,18.4338362,20.5332117,0.0198552,8.19e-05,2.364431,pptt1jmatch_run_08_375_319,375.0883,318.6404,3.0562914,1.292611795396017,6.718342269326805,6.03143934508339,Included,Included
EM1,8.0358308,7.887902,0.0158412,7.33e-05,2.364431,pptt1jmatch_run_08_375_319,375.0883,318.6404,3.0562914,1.292611795396017,2.580873669310459,2.6292750750141165,Included,Included
EM2,4.7251023,4.6930286,0.0105642,6e-05,2.364431,pptt1jmatch_run_08_375_319,375.0883,318.6404,3.0562914,1.292611795396017,1.5355304798488782,1.5460247998603796,Included,Included
EM3,3.621329,4.3713954,0.006414,4.69e-05,2.364431,pptt1jmatch_run_08_375_319,375.0883,318.6404,3.0562914,1.292611795396017,1.4302940485321523,1.184876873978705,Included,Included
EM4,1.8603189,2.6316705,0.009393,5.67e-05,2.364431,pptt1jmatch_run_08_375_319,375.0883,318.6404,3.0562914,1.292611795396017,0.8610666181896136,0.6086850553582684,Excluded,Excluded
EM5,2.0766477,2.5267352,0.0029647,3.19e-05,2.364431,pptt1jmatch_run_08_375_319,375.0883,318.6404,3.0562914,1.292611795396017,0.8267324247943112,0.6794665259994515,Excluded,Excluded
EM6,1.5909607,2.2061054,0.0018286,2.51e-05,2.364431,pptt1jmatch_run_08_375_319,375.0883,318.6404,3.0562914,1.292611795396017,0.7218242998687887,0.5205526868282259,Excluded,Excluded
EM7,5.5089741,8.0182623,0.0002609,9.5e-06,2.364431,pptt1jmatch_run_08_375_319,375.0883,318.6404,3.0562914,1.292611795396017,2.6235267684226704,1.8025028961570875,Included,Included
EM8,5.9358104,6.8143527,0.0001363,6.9e-06,2.364431,pptt1jmatch_run_08_375_319,375.0883,318.6404,3.0562914,1.292611795396017,2.2296148528245703,1.9421611434040615,Included,Included
EM9,-1.0,-1.0,0.0,0.0,2.364431,pptt1jmatch_run_08_375_319,375.0883,318.6404,3.0562914,1.292611795396017,-0.32719393183516465,-0.32719393183516465,Excluded,Excluded
EM10,-1.0,-1.0,0.0,0.0,2.364431,pptt1jmatch_run_08_375_319,375.0883,318.6404,3.0562914,1.292611795396017,-0.32719393183516465,-0.32719393183516465,Excluded,Excluded
EM11,-1.0,-1.0,0.0,0.0,2.364431,pptt1jmatch_run_08_375_319,375.0883,318.6404,3.0562914,1.292611795396017,-0.32719393183516465,-0.32719393183516465,Excluded,Excluded
EM12,-1.0,-1.0,0.0,0.0,2.364431,pptt1jmatch_run_08_375_319,375.0883,318.6404,3.0562914,1.292611795396017,-0.32719393183516465,-0.32719393183516465,Excluded,Excluded
IM0,9.8711536,12.5210675,0.0571369,0.0001408,2.194467,pptt1jmatch_run_09_380_319,380.3887,318.6404,2.834452000000001,1.2916357366048343,4.417456178478236,3.482561567456424,Included,Included
IM1,5.838987,7.34742,0.0387328,0.000117,2.194467,pptt1jmatch_run_09_380_319,380.3887,318.6404,2.834452000000001,1.2916357366048343,2.5921836037442145,2.0600056024938853,Included,Included
IM2,4.5508981,6.2357254,0.0249966,9.47e-05,2.194467,pptt1jmatch_run_09_380_319,380.3887,318.6404,2.834452000000001,1.2916357366048343,2.199975656670142,1.6055654144081462,Included,Included
IM3,3.7206969,5.4617272,0.0153626,7.46e-05,2.194467,pptt1jmatch_run_09_380_319,380.3887,318.6404,2.834452000000001,1.2916357366048343,1.9269076350560879,1.3126688686208123,Included,Included
IM4,3.4911548,5.5399786,0.0094316,5.86e-05,2.194467,pptt1jmatch_run_09_380_319,380.3887,318.6404,2.834452000000001,1.2916357366048343,1.9545148762441553,1.2316859837457113,Included,Included
IM5,3.2871847,4.9823963,0.0043835,4.01e-05,2.194467,pptt1jmatch_run_09_380_319,380.3887,318.6404,2.834452000000001,1.2916357366048343,1.7577987914418722,1.1597249485967653,Included,Included
IM6,4.7338371,6.9034129,0.0015471,2.38e-05,2.194467,pptt1jmatch_run_09_380_319,380.3887,318.6404,2.834452000000001,1.2916357366048343,2.4355370632489093,1.6701066378968485,Included,Included
IM7,3.977774,4.722076,0.0008983,1.82e-05,2.194467,pptt1jmatch_run_09_380_319,380.3887,318.6404,2.834452000000001,1.2916357366048343,1.6659572996826189,1.4033661533164077,Included,Included
IM8,7.6369139,8.2004208,0.0002613,9.8e-06,2.194467,pptt1jmatch_run_09_380_319,380.3887,318.6404,2.834452000000001,1.2916357366048343,2.8931238913200845,2.6943175964877857,Included,Included
IM9,-1.0,-1.0,0.0,0.0,2.194467,pptt1jmatch_run_09_380_319,380.3887,318.6404,2.834452000000001,1.2916357366048343,-0.35280188198635914,-0.35280188198635914,Excluded,Excluded
IM10,-1.0,-1.0,0.0,0.0,2.194467,pptt1jmatch_run_09_380_319,380.3887,318.6404,2.834452000000001,1.2916357366048343,-0.35280188198635914,-0.35280188198635914,Excluded,Excluded
IM11,-1.0,-1.0,0.0,0.0,2.194467,pptt1jmatch_run_09_380_319,380.3887,318.6404,2.834452000000001,1.2916357366048343,-0.35280188198635914,-0.35280188198635914,Excluded,Excluded
IM12,-1.0,-1.0,0.0,0.0,2.194467,pptt1jmatch_run_09_380_319,380.3887,318.6404,2.834452000000001,1.2916357366048343,-0.35280188198635914,-0.35280188198635914,Excluded,Excluded
EM0,19.9469988,22.2063285,0.0184041,8.15e-05,2.194467,pptt1jmatch_run_09_380_319,380.3887,318.6404,2.834452000000001,1.2916357366048343,7.834434486807324,7.037338716619647,Included,Included
EM1,9.2786885,9.0831321,0.0137361,7.06e-05,2.194467,pptt1jmatch_run_09_380_319,380.3887,318.6404,2.834452000000001,1.2916357366048343,3.2045460992107104,3.2735387651651875,Included,Included
EM2,5.1709254,5.1279954,0.009634,5.92e-05,2.194467,pptt1jmatch_run_09_380_319,380.3887,318.6404,2.834452000000001,1.2916357366048343,1.8091664279373925,1.824312212731067,Included,Included
EM3,3.9003482,4.7141584,0.005931,4.66e-05,2.194467,pptt1jmatch_run_09_380_319,380.3887,318.6404,2.834452000000001,1.2916357366048343,1.6631639555018034,1.376050185362108,Included,Included
EM4,3.453798,4.8737734,0.0050481,4.3e-05,2.194467,pptt1jmatch_run_09_380_319,380.3887,318.6404,2.834452000000001,1.2916357366048343,1.7194764278950563,1.2185064344007233,Included,Included
EM5,2.1694325,2.642397,0.0028364,3.23e-05,2.194467,pptt1jmatch_run_09_380_319,380.3887,318.6404,2.834452000000001,1.2916357366048343,0.9322426345551094,0.7653798688423721,Excluded,Excluded
EM6,4.4935576,6.2175426,0.0006488,1.54e-05,2.194467,pptt1jmatch_run_09_380_319,380.3887,318.6404,2.834452000000001,1.2916357366048343,2.1935607306103604,1.5853355780941072,Included,Included
EM7,2.2521526,3.3005029,0.000637,1.53e-05,2.194467,pptt1jmatch_run_09_380_319,380.3887,318.6404,2.834452000000001,1.2916357366048343,1.164423634621436,0.7945636758004719,Included,Excluded
EM8,3.1291844,3.5650514,0.0002613,9.8e-06,2.194467,pptt1jmatch_run_09_380_319,380.3887,318.6404,2.834452000000001,1.2916357366048343,1.2577568432981046,1.1039821454023562,Included,Included
EM9,-1.0,-1.0,0.0,0.0,2.194467,pptt1jmatch_run_09_380_319,380.3887,318.6404,2.834452000000001,1.2916357366048343,-0.35280188198635914,-0.35280188198635914,Excluded,Excluded
EM10,-1.0,-1.0,0.0,0.0,2.194467,pptt1jmatch_run_09_380_319,380.3887,318.6404,2.834452000000001,1.2916357366048343,-0.35280188198635914,-0.35280188198635914,Excluded,Excluded
EM11,-1.0,-1.0,0.0,0.0,2.194467,pptt1jmatch_run_09_380_319,380.3887,318.6404,2.834452000000001,1.2916357366048343,-0.35280188198635914,-0.35280188198635914,Excluded,Excluded
EM12,-1.0,-1.0,0.0,0.0,2.194467,pptt1jmatch_run_09_380_319,380.3887,318.6404,2.834452000000001,1.2916357366048343,-0.35280188198635914,-0.35280188198635914,Excluded,Excluded
IM0,10.5425839,13.3979703,0.0535108,0.0001456,1.891141,pptt1jmatch_run_10_390_320,390.106,319.7368,2.4666080000000004,1.3042961894433045,5.431738768381518,4.274122154797195,Included,Included
IM1,5.7902923,7.2940946,0.0389865,0.0001253,1.891141,pptt1jmatch_run_10_390_320,390.106,319.7368,2.4666080000000004,1.3042961894433045,2.95713571025473,2.347471629054961,Included,Included
IM2,4.768539,6.5284394,0.0238114,9.87e-05,1.891141,pptt1jmatch_run_10_390_320,390.106,319.7368,2.4666080000000004,1.3042961894433045,2.6467275708179,1.9332374661883847,Included,Included
IM3,3.628338,5.3416734,0.0157117,8.05e-05,1.891141,pptt1jmatch_run_10_390_320,390.106,319.7368,2.4666080000000004,1.3042961894433045,2.1655947763081933,1.4709828233752584,Included,Included
IM4,3.2532699,5.174522,0.0101238,6.48e-05,1.891141,pptt1jmatch_run_10_390_320,390.106,319.7368,2.4666080000000004,1.3042961894433045,2.097829083502526,1.3189245717195432,Included,Included
IM5,3.1310511,4.7376568,0.0046212,4.39e-05,1.891141,pptt1jmatch_run_10_390_320,390.106,319.7368,2.4666080000000004,1.3042961894433045,1.9207173576020182,1.2693752310865771,Included,Included
IM6,5.1252343,7.4850922,0.0014265,2.44e-05,1.891141,pptt1jmatch_run_10_390_320,390.106,319.7368,2.4666080000000004,1.3042961894433045,3.034569011371081,2.0778471082555474,Included,Included
IM7,3.9212308,4.6357553,0.0009141,1.96e-05,1.891141,pptt1jmatch_run_10_390_320,390.106,319.7368,2.4666080000000004,1.3042961894433045,1.8794049561178747,1.5897259718609522,Included,Included
IM8,5.114936,5.4736775,0.0003919,1.28e-05,1.891141,pptt1jmatch_run_10_390_320,390.106,319.7368,2.4666080000000004,1.3042961894433045,2.2191112248075084,2.073672022469723,Included,Included
IM9,3.2305483,3.0538228,0.0003919,1.28e-05,1.891141,pptt1jmatch_run_10_390_320,390.106,319.7368,2.4666080000000004,1.3042961894433045,1.2380657161575732,1.3097128931715132,Included,Included
IM10,3.6494742,5.6606305,0.0002553,1.03e-05,1.891141,pptt1jmatch_run_10_390_320,390.106,319.7368,2.4666080000000004,1.3042961894433045,2.294904784221895,1.4795517569066505,Included,Included
IM11,2.2159922,1.9828216,0.0002553,1.03e-05,1.891141,pptt1jmatch_run_10_390_320,390.106,319.7368,2.4666080000000004,1.3042961894433045,0.8038657135629171,0.8983965834863098,Excluded,Excluded
IM12,1.3616479,1.0835621,0.0002553,1.03e-05,1.891141,pptt1jmatch_run_10_390_320,390.106,319.7368,2.4666080000000004,1.3042961894433045,0.43929238046742725,0.5520325483416901,Excluded,Excluded
EM0,25.2035681,28.1752664,0.0145243,7.74e-05,1.891141,pptt1jmatch_run_10_390_320,390.106,319.7368,2.4666080000000004,1.3042961894433045,11.422676971776625,10.217905763704648,Included,Included
EM1,8.3711525,8.1960337,0.0151751,7.91e-05,1.891141,pptt1jmatch_run_10_390_320,390.106,319.7368,2.4666080000000004,1.3042961894433045,3.3227953935120613,3.393791190168847,Included,Included
EM2,6.2074858,6.1028981,0.0080997,5.8e-05,1.891141,pptt1jmatch_run_10_390_320,390.106,319.7368,2.4666080000000004,1.3042961894433045,2.4742067243761467,2.5166081517614467,Included,Included
EM3,4.1362175,5.0042376,0.0055878,4.82e-05,1.891141,pptt1jmatch_run_10_390_320,390.106,319.7368,2.4666080000000004,1.3042961894433045,2.0287932253523864,1.6768848150983047,Included,Included
EM4,3.1845497,4.4971006,0.0055026,4.79e-05,1.891141,pptt1jmatch_run_10_390_320,390.106,319.7368,2.4666080000000004,1.3042961894433045,1.823192254302264,1.2910643685579546,Included,Included
EM5,1.9190613,2.3412082,0.0031947,3.65e-05,1.891141,pptt1jmatch_run_10_390_320,390.106,319.7368,2.4666080000000004,1.3042961894433045,0.9491610341002704,0.7780163284964614,Excluded,Excluded
EM6,5.668097,7.8723973,0.0005124,1.46e-05,1.891141,pptt1jmatch_run_10_390_320,390.106,319.7368,2.4666080000000004,1.3042961894433045,3.191588326965614,2.297931815675616,Included,Included
EM7,2.7494474,4.0190149,0.0005221,1.48e-05,1.891141,pptt1jmatch_run_10_390_320,390.106,319.7368,2.4666080000000004,1.3042961894433045,1.6293691174276577,1.1146673488450536,Included,Included
EM8,-1.0,-1.0,0.0,0.0,1.891141,pptt1jmatch_run_10_390_320,390.106,319.7368,2.4666080000000004,1.3042961894433045,-0.40541504770924275,-0.40541504770924275,Excluded,Excluded
EM9,3.5906067,3.0504175,0.0001367,7.6e-06,1.891141,pptt1jmatch_run_10_390_320,390.106,319.7368,2.4666080000000004,1.3042961894433045,1.236685156295609,1.4556859865856266,Included,Included
EM10,-1.0,-1.0,0.0,0.0,1.891141,pptt1jmatch_run_10_390_320,390.106,319.7368,2.4666080000000004,1.3042961894433045,-0.40541504770924275,-0.40541504770924275,Excluded,Excluded
EM11,-1.0,-1.0,0.0,0.0,1.891141,pptt1jmatch_run_10_390_320,390.106,319.7368,2.4666080000000004,1.3042961894433045,-0.40541504770924275,-0.40541504770924275,Excluded,Excluded
EM12,-1.0,0.8020667,0.0002553,1.03e-05,1.891141,pptt1jmatch_run_10_390_320,390.106,319.7368,2.4666080000000004,1.3042961894433045,0.32516990944649493,-0.40541504770924275,Excluded,Excluded
IM0,10.900735,13.8284253,0.051878,0.0001543,1.654955,pptt1jmatch_run_11_400_319,399.8233,318.6404,2.1556543999999995,1.3025456281288612,6.414954688469544,5.0568101268923265,Included,Included
IM1,6.1529744,7.7738476,0.0366104,0.0001307,1.654955,pptt1jmatch_run_11_400_319,399.8233,318.6404,2.1556543999999995,1.3025456281288612,3.606258776917117,2.8543417720391546,Included,Included
IM2,5.121472,7.0395381,0.0221318,0.0001024,1.654955,pptt1jmatch_run_11_400_319,399.8233,318.6404,2.1556543999999995,1.3025456281288612,3.265615350957928,2.3758316732032747,Included,Included
IM3,4.0840972,6.0612805,0.0138743,8.14e-05,1.654955,pptt1jmatch_run_11_400_319,399.8233,318.6404,2.1556543999999995,1.3025456281288612,2.8118053153603846,1.8945973900083433,Included,Included
IM4,3.5887609,5.688547,0.0092098,6.65e-05,1.654955,pptt1jmatch_run_11_400_319,399.8233,318.6404,2.1556543999999995,1.3025456281288612,2.638895641156579,1.6648127362159726,Included,Included
IM5,3.2305269,4.8695305,0.0044879,4.65e-05,1.654955,pptt1jmatch_run_11_400_319,399.8233,318.6404,2.1556543999999995,1.3025456281288612,2.258956955252197,1.498629325739785,Included,Included
IM6,4.3217232,6.3210942,0.0016841,2.85e-05,1.654955,pptt1jmatch_run_11_400_319,399.8233,318.6404,2.1556543999999995,1.3025456281288612,2.9323319173982627,2.004831201142447,Included,Included
IM7,3.8690665,4.5608396,0.0009274,2.12e-05,1.654955,pptt1jmatch_run_11_400_319,399.8233,318.6404,2.1556543999999995,1.3025456281288612,2.115756403252767,1.7948454538909395,Included,Included
IM8,3.0132703,3.217672,0.0006666,1.8e-05,1.654955,pptt1jmatch_run_11_400_319,399.8233,318.6404,2.1556543999999995,1.3025456281288612,1.4926659857906726,1.3978448029517165,Included,Included
IM9,9.4569772,8.9223686,0.0001338,8e-06,1.654955,pptt1jmatch_run_11_400_319,399.8233,318.6404,2.1556543999999995,1.3025456281288612,4.13905336588277,4.387056292511454,Included,Included
IM10,-1.0,-1.0,0.0,0.0,1.654955,pptt1jmatch_run_11_400_319,399.8233,318.6404,2.1556543999999995,1.3025456281288612,-0.4638962534996334,-0.4638962534996334,Excluded,Excluded
IM11,-1.0,-1.0,0.0,0.0,1.654955,pptt1jmatch_run_11_400_319,399.8233,318.6404,2.1556543999999995,1.3025456281288612,-0.4638962534996334,-0.4638962534996334,Excluded,Excluded
IM12,-1.0,-1.0,0.0,0.0,1.654955,pptt1jmatch_run_11_400_319,399.8233,318.6404,2.1556543999999995,1.3025456281288612,-0.4638962534996334,-0.4638962534996334,Excluded,Excluded
EM0,24.1087951,26.900349,0.0152676,8.53e-05,1.654955,pptt1jmatch_run_11_400_319,399.8233,318.6404,2.1556543999999995,1.3025456281288612,12.478971118932611,11.18397972328032,Included,Included
EM1,8.8116549,8.5901931,0.0144787,8.31e-05,1.654955,pptt1jmatch_run_11_400_319,399.8233,318.6404,2.1556543999999995,1.3025456281288612,3.9849583959284023,4.087693695241687,Included,Included
EM2,6.0496954,5.9771407,0.0082574,6.3e-05,1.654955,pptt1jmatch_run_11_400_319,399.8233,318.6404,2.1556543999999995,1.3025456281288612,2.7727731773701763,2.8064310308739664,Included,Included
EM3,4.9675328,6.0202212,0.0046645,4.74e-05,1.654955,pptt1jmatch_run_11_400_319,399.8233,318.6404,2.1556543999999995,1.3025456281288612,2.7927580599190676,2.304419855056544,Included,Included
EM4,3.7218806,5.2293755,0.0047219,4.77e-05,1.654955,pptt1jmatch_run_11_400_319,399.8233,318.6404,2.1556543999999995,1.3025456281288612,2.4258877025927723,1.7265664663129678,Included,Included
EM5,2.19092,2.6766362,0.0028037,3.68e-05,1.654955,pptt1jmatch_run_11_400_319,399.8233,318.6404,2.1556543999999995,1.3025456281288612,1.2416815051614956,1.016359579717417,Included,Included
EM6,3.8627436,5.3368994,0.0007567,1.91e-05,1.654955,pptt1jmatch_run_11_400_319,399.8233,318.6404,2.1556543999999995,1.3025456281288612,2.4757676369644415,1.7919122842696866,Included,Included
EM7,5.507463,8.0401849,0.0002609,1.12e-05,1.654955,pptt1jmatch_run_11_400_319,399.8233,318.6404,2.1556543999999995,1.3025456281288612,3.729811652554325,2.554891451987852,Included,Included
EM8,1.5279906,1.7501213,0.0005328,1.61e-05,1.654955,pptt1jmatch_run_11_400_319,399.8233,318.6404,2.1556543999999995,1.3025456281288612,0.811874714239908,0.7088291147226571,Excluded,Excluded
EM9,3.6449222,3.1029599,0.0001338,8e-06,1.654955,pptt1jmatch_run_11_400_319,399.8233,318.6404,2.1556543999999995,1.3025456281288612,1.4394514723695973,1.6908657528776416,Included,Included
EM10,-1.0,-1.0,0.0,0.0,1.654955,pptt1jmatch_run_11_400_319,399.8233,318.6404,2.1556543999999995,1.3025456281288612,-0.4638962534996334,-0.4638962534996334,Excluded,Excluded
EM11,-1.0,-1.0,0.0,0.0,1.654955,pptt1jmatch_run_11_400_319,399.8233,318.6404,2.1556543999999995,1.3025456281288612,-0.4638962534996334,-0.4638962534996334,Excluded,Excluded
EM12,-1.0,-1.0,0.0,0.0,1.654955,pptt1jmatch_run_11_400_319,399.8233,318.6404,2.1556543999999995,1.3025456281288612,-0.4638962534996334,-0.4638962534996334,Excluded,Excluded
IM0,6.3811907,8.1008995,0.0882252,0.0001502,2.929678,pptt1jmatch_run_12_361_329,360.9541,328.5088,3.758478600000001,1.2828981888111939,2.1553666688430786,1.6978121679341207,Included,Included
IM1,3.5126647,4.4207929,0.0644293,0.00013,2.929678,pptt1jmatch_run_12_361_329,360.9541,328.5088,3.758478600000001,1.2828981888111939,1.1762187231823003,0.9345974991050898,Included,Excluded
IM2,2.5973388,3.5503578,0.0436945,0.0001082,2.929678,pptt1jmatch_run_12_361_329,360.9541,328.5088,3.758478600000001,1.2828981888111939,0.9446263176807762,0.691061218228035,Excluded,Excluded
IM3,1.9844514,2.9230241,0.0287542,8.85e-05,2.929678,pptt1jmatch_run_12_361_329,360.9541,328.5088,3.758478600000001,1.2828981888111939,0.777714711479267,0.5279932683400138,Excluded,Excluded
IM4,1.7280257,2.7569164,0.0189769,7.23e-05,2.929678,pptt1jmatch_run_12_361_329,360.9541,328.5088,3.758478600000001,1.2828981888111939,0.7335192489854803,0.4597673377733213,Excluded,Excluded
IM5,1.6195714,2.4569392,0.0088839,4.97e-05,2.929678,pptt1jmatch_run_12_361_329,360.9541,328.5088,3.758478600000001,1.2828981888111939,0.6537057840371897,0.4309114331527655,Excluded,Excluded
IM6,1.8367077,2.6925906,0.0039549,3.32e-05,2.929678,pptt1jmatch_run_12_361_329,360.9541,328.5088,3.758478600000001,1.2828981888111939,0.7164043983115932,0.48868382541808264,Excluded,Excluded
IM7,2.6619622,3.1189103,0.0013524,1.95e-05,2.929678,pptt1jmatch_run_12_361_329,360.9541,328.5088,3.758478600000001,1.2828981888111939,0.8298331936757599,0.7082552498769048,Excluded,Excluded
IM8,7.3708047,7.9010118,0.0002719,8.7e-06,2.929678,pptt1jmatch_run_12_361_329,360.9541,328.5088,3.758478600000001,1.2828981888111939,2.102183527132494,1.9611139198717262,Included,Included
IM9,4.663624,4.3911082,0.0002719,8.7e-06,2.929678,pptt1jmatch_run_12_361_329,360.9541,328.5088,3.758478600000001,1.2828981888111939,1.1683206603863592,1.2408276050846743,Included,Included
IM10,-1.0,-1.0,0.0,0.0,2.929678,pptt1jmatch_run_12_361_329,360.9541,328.5088,3.758478600000001,1.2828981888111939,-0.26606510410888057,-0.26606510410888057,Excluded,Excluded
IM11,-1.0,-1.0,0.0,0.0,2.929678,pptt1jmatch_run_12_361_329,360.9541,328.5088,3.758478600000001,1.2828981888111939,-0.26606510410888057,-0.26606510410888057,Excluded,Excluded
IM12,-1.0,-1.0,0.0,0.0,2.929678,pptt1jmatch_run_12_361_329,360.9541,328.5088,3.758478600000001,1.2828981888111939,-0.26606510410888057,-0.26606510410888057,Excluded,Excluded
EM0,15.4306463,17.2803691,0.0237959,8.07e-05,2.929678,pptt1jmatch_run_12_361_329,360.9541,328.5088,3.758478600000001,1.2828981888111939,4.597703203631384,4.105556514276813,Included,Included
EM1,6.1655866,5.9893936,0.0207348,7.55e-05,2.929678,pptt1jmatch_run_12_361_329,360.9541,328.5088,3.758478600000001,1.2828981888111939,1.593568631733063,1.6404474406213192,Included,Included
EM2,3.3342748,3.3126137,0.0149403,6.42e-05,2.929678,pptt1jmatch_run_12_361_329,360.9541,328.5088,3.758478600000001,1.2828981888111939,0.8813709089630041,0.8871341717896171,Excluded,Excluded
EM3,2.3750174,2.8634038,0.0097773,5.21e-05,2.929678,pptt1jmatch_run_12_361_329,360.9541,328.5088,3.758478600000001,1.2828981888111939,0.7618518301527643,0.6319092517914029,Excluded,Excluded
EM4,1.7305974,2.4386097,0.010093,5.29e-05,2.929678,pptt1jmatch_run_12_361_329,360.9541,328.5088,3.758478600000001,1.2828981888111939,0.6488289437114261,0.46045157740155807,Excluded,Excluded
EM5,1.2465613,1.5145327,0.004929,3.71e-05,2.929678,pptt1jmatch_run_12_361_329,360.9541,328.5088,3.758478600000001,1.2828981888111939,0.402964300501804,0.33166646206260153,Excluded,Excluded
EM6,1.1162084,1.5501497,0.0026025,2.7e-05,2.929678,pptt1jmatch_run_12_361_329,360.9541,328.5088,3.758478600000001,1.2828981888111939,0.41244074131485,0.29698410415320703,Excluded,Excluded
EM7,1.3289549,1.9405391,0.0010805,1.74e-05,2.929678,pptt1jmatch_run_12_361_329,360.9541,328.5088,3.758478600000001,1.2828981888111939,0.5163097376688535,0.353588523824507,Excluded,Excluded
EM8,-1.0,-1.0,0.0,0.0,2.929678,pptt1jmatch_run_12_361_329,360.9541,328.5088,3.758478600000001,1.2828981888111939,-0.26606510410888057,-0.26606510410888057,Excluded,Excluded
EM9,1.7892528,1.5228647,0.0002719,8.7e-06,2.929678,pptt1jmatch_run_12_361_329,360.9541,328.5088,3.758478600000001,1.2828981888111939,0.4051811549492392,0.4760577325091061,Excluded,Excluded
EM10,-1.0,-1.0,0.0,0.0,2.929678,pptt1jmatch_run_12_361_329,360.9541,328.5088,3.758478600000001,1.2828981888111939,-0.26606510410888057,-0.26606510410888057,Excluded,Excluded
EM11,-1.0,-1.0,0.0,0.0,2.929678,pptt1jmatch_run_12_361_329,360.9541,328.5088,3.758478600000001,1.2828981888111939,-0.26606510410888057,-0.26606510410888057,Excluded,Excluded
EM12,-1.0,-1.0,0.0,0.0,2.929678,pptt1jmatch_run_12_361_329,360.9541,328.5088,3.758478600000001,1.2828981888111939,-0.26606510410888057,-0.26606510410888057,Excluded,Excluded
IM0,6.3323643,8.070684,0.0887259,0.0001553,2.737828,pptt1jmatch_run_13_365_330,365.371,329.6053,3.521450000000001,1.2862203177117046,2.2918638628973858,1.7982263840179469,Included,Included
IM1,3.4691734,4.3782046,0.0650793,0.0001347,2.737828,pptt1jmatch_run_13_365_330,365.371,329.6053,3.521450000000001,1.2862203177117046,1.2432959718297858,0.9851548083885897,Included,Excluded
IM2,2.5502161,3.5241868,0.0442379,0.0001123,2.737828,pptt1jmatch_run_13_365_330,365.371,329.6053,3.521450000000001,1.2862203177117046,1.000777179854889,0.7241948913089777,Included,Excluded
IM3,1.8740422,2.7673655,0.030351,9.37e-05,2.737828,pptt1jmatch_run_13_365_330,365.371,329.6053,3.521450000000001,1.2862203177117046,0.7858596600832042,0.5321791307557966,Excluded,Excluded
IM4,1.6695287,2.6708744,0.0196381,7.58e-05,2.737828,pptt1jmatch_run_13_365_330,365.371,329.6053,3.521450000000001,1.2862203177117046,0.7584587030910561,0.4741026281787331,Excluded,Excluded
IM5,1.4821079,2.2542484,0.009729,5.36e-05,2.737828,pptt1jmatch_run_13_365_330,365.371,329.6053,3.521450000000001,1.2862203177117046,0.6401477800337927,0.42088000681537424,Excluded,Excluded
IM6,1.4526958,2.1283222,0.0050102,3.86e-05,2.737828,pptt1jmatch_run_13_365_330,365.371,329.6053,3.521450000000001,1.2862203177117046,0.6043880219795822,0.41252773715372926,Excluded,Excluded
IM7,1.3692482,1.6154811,0.0026207,2.79e-05,2.737828,pptt1jmatch_run_13_365_330,365.371,329.6053,3.521450000000001,1.2862203177117046,0.45875451873518003,0.3888307941330985,Excluded,Excluded
IM8,1.4291298,1.5370815,0.0014011,2.04e-05,2.737828,pptt1jmatch_run_13_365_330,365.371,329.6053,3.521450000000001,1.2862203177117046,0.4364910761192122,0.4058356074912322,Excluded,Excluded
IM9,3.4078926,3.2008795,0.0003727,1.05e-05,2.737828,pptt1jmatch_run_13_365_330,365.371,329.6053,3.521450000000001,1.2862203177117046,0.908966334890457,0.9677526587059305,Excluded,Excluded
IM10,3.5909873,5.5692421,0.0002592,8.8e-06,2.737828,pptt1jmatch_run_13_365_330,365.371,329.6053,3.521450000000001,1.2862203177117046,1.5815195729032072,1.019746780445555,Included,Included
IM11,4.4305099,3.9839118,0.0001266,6.1e-06,2.737828,pptt1jmatch_run_13_365_330,365.371,329.6053,3.521450000000001,1.2862203177117046,1.1313270953726446,1.258149313493021,Included,Included
IM12,-1.0,-1.0,0.0,0.0,2.737828,pptt1jmatch_run_13_365_330,365.371,329.6053,3.521450000000001,1.2862203177117046,-0.2839739311931164,-0.2839739311931164,Excluded,Excluded
EM0,15.5669994,17.2936465,0.0236466,8.3e-05,2.737828,pptt1jmatch_run_13_365_330,365.371,329.6053,3.521450000000001,1.2862203177117046,4.910944781269079,4.420622016498885,Included,Included
EM1,6.1250994,5.9603074,0.0208414,7.8e-05,2.737828,pptt1jmatch_run_13_365_330,365.371,329.6053,3.521450000000001,1.2862203177117046,1.6925719234974226,1.7393685555665985,Included,Included
EM2,3.5652744,3.5799473,0.0138869,6.39e-05,2.737828,pptt1jmatch_run_13_365_330,365.371,329.6053,3.521450000000001,1.2862203177117046,1.0166117082451829,1.0124449871501793,Included,Included
EM3,2.1669228,2.6075827,0.0107129,5.62e-05,2.737828,pptt1jmatch_run_13_365_330,365.371,329.6053,3.521450000000001,1.2862203177117046,0.7404855102301607,0.6153495861079952,Excluded,Excluded
EM4,1.7684595,2.4932269,0.0099091,5.41e-05,2.737828,pptt1jmatch_run_13_365_330,365.371,329.6053,3.521450000000001,1.2862203177117046,0.7080114441494268,0.502196396370813,Excluded,Excluded
EM5,1.3007841,1.5880484,0.0047188,3.74e-05,2.737828,pptt1jmatch_run_13_365_330,365.371,329.6053,3.521450000000001,1.2862203177117046,0.4509643470729386,0.3693887745104999,Excluded,Excluded
EM6,1.2178899,1.6906394,0.0023895,2.67e-05,2.737828,pptt1jmatch_run_13_365_330,365.371,329.6053,3.521450000000001,1.2862203177117046,0.4800975166479716,0.3458489826633915,Excluded,Excluded
EM7,1.179454,1.7173775,0.0012197,1.91e-05,2.737828,pptt1jmatch_run_13_365_330,365.371,329.6053,3.521450000000001,1.2862203177117046,0.4876904400176063,0.33493418904144595,Excluded,Excluded
EM8,0.7895368,0.9052355,0.0010283,1.75e-05,2.737828,pptt1jmatch_run_13_365_330,365.371,329.6053,3.521450000000001,1.2862203177117046,0.25706328359056635,0.22420786891763334,Excluded,Excluded
EM9,4.3242347,3.6750701,0.0001135,5.8e-06,2.737828,pptt1jmatch_run_13_365_330,365.371,329.6053,3.521450000000001,1.2862203177117046,1.0436241037072795,1.2279699271606863,Included,Included
EM10,2.3668542,5.0302718,0.0001325,6.3e-06,2.737828,pptt1jmatch_run_13_365_330,365.371,329.6053,3.521450000000001,1.2862203177117046,1.428466058015874,0.6721248917349386,Included,Excluded
EM11,1.7348681,1.9426408,0.0001266,6.1e-06,2.737828,pptt1jmatch_run_13_365_330,365.371,329.6053,3.521450000000001,1.2862203177117046,0.5516593448721406,0.4926573144585326,Excluded,Excluded
EM12,-1.0,-1.0,0.0,0.0,2.737828,pptt1jmatch_run_13_365_330,365.371,329.6053,3.521450000000001,1.2862203177117046,-0.2839739311931164,-0.2839739311931164,Excluded,Excluded
IM0,7.2847524,9.2581725,0.0774726,0.0001502,2.570824,pptt1jmatch_run_14_370_329,369.788,328.5088,3.3005999999999993,1.283868518420553,2.804996818760226,2.2070994364660974,Included,Included
IM1,3.8420981,4.8276745,0.0589071,0.0001322,2.570824,pptt1jmatch_run_14_370_329,369.788,328.5088,3.3005999999999993,1.283868518420553,1.462665727443495,1.1640605041507606,Included,Included
IM2,2.8397796,3.8963093,0.0398894,0.0001099,2.570824,pptt1jmatch_run_14_370_329,369.788,328.5088,3.3005999999999993,1.283868518420553,1.1804851542143853,0.8603828394837303,Included,Excluded
IM3,2.2947809,3.384338,0.0247753,8.73e-05,2.570824,pptt1jmatch_run_14_370_329,369.788,328.5088,3.3005999999999993,1.283868518420553,1.0253705386899352,0.6952617402896444,Included,Excluded
IM4,1.9816899,3.1536076,0.0165534,7.17e-05,2.570824,pptt1jmatch_run_14_370_329,369.788,328.5088,3.3005999999999993,1.283868518420553,0.9554649457674362,0.6004029267405926,Excluded,Excluded
IM5,2.2980232,3.4921667,0.006262,4.43e-05,2.570824,pptt1jmatch_run_14_370_329,369.788,328.5088,3.3005999999999993,1.283868518420553,1.0580399624310732,0.696244076834515,Included,Excluded
IM6,2.464243,3.5792051,0.002975,3.06e-05,2.570824,pptt1jmatch_run_14_370_329,369.788,328.5088,3.3005999999999993,1.283868518420553,1.084410440525965,0.7466045567472582,Included,Excluded
IM7,2.4837755,2.9205063,0.0014443,2.13e-05,2.570824,pptt1jmatch_run_14_370_329,369.788,328.5088,3.3005999999999993,1.283868518420553,0.8848410289038358,0.7525224201660305,Excluded,Excluded
IM8,2.5442028,2.7324221,0.0007834,1.57e-05,2.570824,pptt1jmatch_run_14_370_329,369.788,328.5088,3.3005999999999993,1.283868518420553,0.8278561776646671,0.770830394473732,Excluded,Excluded
IM9,2.4537115,2.3310427,0.0005133,1.27e-05,2.570824,pptt1jmatch_run_14_370_329,369.788,328.5088,3.3005999999999993,1.283868518420553,0.7062481669999394,0.7434137732533479,Excluded,Excluded
IM10,3.5400048,5.4434362,0.0002639,9.1e-06,2.570824,pptt1jmatch_run_14_370_329,369.788,328.5088,3.3005999999999993,1.283868518420553,1.6492262618917772,1.0725337211416108,Included,Included
IM11,4.2213535,3.7548625,0.0001339,6.5e-06,2.570824,pptt1jmatch_run_14_370_329,369.788,328.5088,3.3005999999999993,1.283868518420553,1.1376302793431499,1.2789654911228263,Included,Included
IM12,2.6051673,2.0559595,0.0001339,6.5e-06,2.570824,pptt1jmatch_run_14_370_329,369.788,328.5088,3.3005999999999993,1.283868518420553,0.6229047748894141,0.789301127067806,Excluded,Excluded
EM0,19.7028572,22.0875455,0.0185655,7.58e-05,2.570824,pptt1jmatch_run_14_370_329,369.788,328.5088,3.3005999999999993,1.283868518420553,6.691978882627402,5.969477428346361,Included,Included
EM1,6.6916134,6.5118349,0.0190177,7.67e-05,2.570824,pptt1jmatch_run_14_370_329,369.788,328.5088,3.3005999999999993,1.283868518420553,1.9729245894685816,2.027393019451009,Included,Included
EM2,3.3107864,3.2704065,0.0151141,6.85e-05,2.570824,pptt1jmatch_run_14_370_329,369.788,328.5088,3.3005999999999993,1.283868518420553,0.9908521177967643,1.0030862267466523,Excluded,Included
EM3,2.8214396,3.4207752,0.0082219,5.07e-05,2.570824,pptt1jmatch_run_14_370_329,369.788,328.5088,3.3005999999999993,1.283868518420553,1.0364101072532268,0.854826274010786,Included,Excluded
EM4,1.7029843,2.4039716,0.0102914,5.67e-05,2.570824,pptt1jmatch_run_14_370_329,369.788,328.5088,3.3005999999999993,1.283868518420553,0.7283438162758288,0.5159620372053566,Excluded,Excluded
EM5,1.8623567,2.2731998,0.0032871,3.21e-05,2.570824,pptt1jmatch_run_14_370_329,369.788,328.5088,3.3005999999999993,1.283868518420553,0.6887232018420893,0.5642479246197661,Excluded,Excluded
EM6,1.8976793,2.6353156,0.0015307,2.2e-05,2.570824,pptt1jmatch_run_14_370_329,369.788,328.5088,3.3005999999999993,1.283868518420553,0.7984353147912502,0.5749497970066049,Excluded,Excluded
EM7,2.1672856,3.1742421,0.0006609,1.44e-05,2.570824,pptt1jmatch_run_14_370_329,369.788,328.5088,3.3005999999999993,1.283868518420553,0.9617166878749318,0.6566338241531843,Excluded,Excluded
EM8,2.9907875,3.4345812,0.0002702,9.2e-06,2.570824,pptt1jmatch_run_14_370_329,369.788,328.5088,3.3005999999999993,1.283868518420553,1.0405929830939828,0.9061344906986609,Included,Excluded
EM9,1.9537327,1.6681455,0.0002493,8.9e-06,2.570824,pptt1jmatch_run_14_370_329,369.788,328.5088,3.3005999999999993,1.283868518420553,0.5054067442283222,0.5919325880143005,Excluded,Excluded
EM10,2.4058407,5.1400061,0.00013,6.4e-06,2.570824,pptt1jmatch_run_14_370_329,369.788,328.5088,3.3005999999999993,1.283868518420553,1.5572944616130402,0.7289101072532268,Included,Excluded
EM11,-1.0,-1.0,0.0,0.0,2.570824,pptt1jmatch_run_14_370_329,369.788,328.5088,3.3005999999999993,1.283868518420553,-0.3029752166272799,-0.3029752166272799,Excluded,Excluded
EM12,1.8948897,1.5371788,0.0001339,6.5e-06,2.570824,pptt1jmatch_run_14_370_329,369.788,328.5088,3.3005999999999993,1.283868518420553,0.4657270799248622,0.5741046173423014,Excluded,Excluded
IM0,7.4909982,9.5461083,0.0753361,0.0001543,2.374005,pptt1jmatch_run_15_375_329,375.0883,328.5088,3.0562914,1.2873988892188517,3.1234287084012995,2.451009154428141,Included,Included
IM1,4.2269279,5.3309755,0.0535093,0.0001316,2.374005,pptt1jmatch_run_15_375_329,375.0883,328.5088,3.0562914,1.2873988892188517,1.7442628343619329,1.3830251591847555,Included,Included
IM2,3.1353918,4.3197075,0.0360002,0.0001089,2.374005,pptt1jmatch_run_15_375_329,375.0883,328.5088,3.0562914,1.2873988892188517,1.4133820813028495,1.0258811708857343,Included,Included
IM3,2.323726,3.418092,0.0245318,9.04e-05,2.374005,pptt1jmatch_run_15_375_329,375.0883,328.5088,3.0562914,1.2873988892188517,1.1183789608543218,0.7603090464475999,Included,Excluded
IM4,1.9685494,3.1230326,0.0167276,7.5e-05,2.374005,pptt1jmatch_run_15_375_329,375.0883,328.5088,3.0562914,1.2873988892188517,1.021837315643397,0.6440974181977542,Included,Excluded
IM5,2.1516425,3.2825898,0.0066567,4.75e-05,2.374005,pptt1jmatch_run_15_375_329,375.0883,328.5088,3.0562914,1.2873988892188517,1.0740434632640068,0.7040043694786432,Included,Excluded
IM6,2.5571006,3.7247985,0.0028578,3.12e-05,2.374005,pptt1jmatch_run_15_375_329,375.0883,328.5088,3.0562914,1.2873988892188517,1.2187314665087234,0.8366677994120587,Included,Excluded
IM7,3.0242026,3.5389969,0.0011871,2.01e-05,2.374005,pptt1jmatch_run_15_375_329,375.0883,328.5088,3.0562914,1.2873988892188517,1.157938310463459,0.9895007393601278,Included,Excluded
IM8,2.9997441,3.2121012,0.0006669,1.51e-05,2.374005,pptt1jmatch_run_15_375_329,375.0883,328.5088,3.0562914,1.2873988892188517,1.0509800210804507,0.9814980665783374,Included,Excluded
IM9,3.1789987,2.9877751,0.0003983,1.17e-05,2.374005,pptt1jmatch_run_15_375_329,375.0883,328.5088,3.0562914,1.2873988892188517,0.9775818824082022,1.0401490839518772,Excluded,Included
IM10,3.5371515,5.4612433,0.0002634,9.5e-06,2.374005,pptt1jmatch_run_15_375_329,375.0883,328.5088,3.0562914,1.2873988892188517,1.7868856680354495,1.1573345067816503,Included,Included
IM11,4.1712707,3.7183425,0.0001355,6.8e-06,2.374005,pptt1jmatch_run_15_375_329,375.0883,328.5088,3.0562914,1.2873988892188517,1.2166191024847957,1.3648144610818196,Included,Included
IM12,2.5678295,2.0310407,0.0001355,6.8e-06,2.374005,pptt1jmatch_run_15_375_329,375.0883,328.5088,3.0562914,1.2873988892188517,0.6645441923502452,0.840178230387325,Excluded,Excluded
EM0,16.8451034,18.7804111,0.0218268,8.54e-05,2.374005,pptt1jmatch_run_15_375_329,375.0883,328.5088,3.0562914,1.2873988892188517,6.144836549289769,5.5116156136159,Included,Included
EM1,7.2935726,7.0711214,0.017509,7.67e-05,2.374005,pptt1jmatch_run_15_375_329,375.0883,328.5088,3.0562914,1.2873988892188517,2.313628013349774,2.386412696119225,Included,Included
EM2,4.3606662,4.3044086,0.0114684,6.22e-05,2.374005,pptt1jmatch_run_15_375_329,375.0883,328.5088,3.0562914,1.2873988892188517,1.4083763740590967,1.4267835193987064,Included,Included
EM3,2.9624798,3.5876756,0.0078042,5.14e-05,2.374005,pptt1jmatch_run_15_375_329,375.0883,328.5088,3.0562914,1.2873988892188517,1.1738656857130834,0.9693054137442523,Included,Excluded
EM4,1.7378104,2.4522208,0.0100709,5.84e-05,2.374005,pptt1jmatch_run_15_375_329,375.0883,328.5088,3.0562914,1.2873988892188517,0.802351765279973,0.5686010175600402,Excluded,Excluded
EM5,1.6179582,1.9739743,0.0037989,3.6e-05,2.374005,pptt1jmatch_run_15_375_329,375.0883,328.5088,3.0562914,1.2873988892188517,0.6458724125585669,0.5293861050029457,Excluded,Excluded
EM6,1.742819,2.413618,0.0016707,2.39e-05,2.374005,pptt1jmatch_run_15_375_329,375.0883,328.5088,3.0562914,1.2873988892188517,0.7897211633681265,0.5702398010870298,Excluded,Excluded
EM7,2.7847664,4.0193444,0.0005202,1.33e-05,2.374005,pptt1jmatch_run_15_375_329,375.0883,328.5088,3.0562914,1.2873988892188517,1.3151050976356506,0.9111586676584569,Included,Excluded
EM8,3.0005785,3.452379,0.0002687,9.6e-06,2.374005,pptt1jmatch_run_15_375_329,375.0883,328.5088,3.0562914,1.2873988892188517,1.1295974591951539,0.9817710771950606,Included,Excluded
EM9,3.622228,3.078468,0.0001349,6.8e-06,2.374005,pptt1jmatch_run_15_375_329,375.0883,328.5088,3.0562914,1.2873988892188517,1.0072560489487357,1.1851710213234248,Included,Included
EM10,2.4478585,5.2226517,0.0001279,6.6e-06,2.374005,pptt1jmatch_run_15_375_329,375.0883,328.5088,3.0562914,1.2873988892188517,1.708819944328607,0.8009244471911284,Included,Excluded
EM11,-1.0,-1.0,0.0,0.0,2.374005,pptt1jmatch_run_15_375_329,375.0883,328.5088,3.0562914,1.2873988892188517,-0.32719393183516465,-0.32719393183516465,Excluded,Excluded
EM12,1.8743544,1.5120211,0.0001355,6.8e-06,2.374005,pptt1jmatch_run_15_375_329,375.0883,328.5088,3.0562914,1.2873988892188517,0.49472412872673066,0.613277385788541,Excluded,Excluded
IM0,8.3945597,10.6896904,0.066983,0.0001521,2.187793,pptt1jmatch_run_16_380_330,380.3887,329.6053,2.834452000000001,1.2955759525695534,3.7713428909715163,2.9616164606068462,Included,Included
IM1,4.8142835,6.0802924,0.0467771,0.0001285,2.187793,pptt1jmatch_run_16_380_330,380.3887,329.6053,2.834452000000001,1.2955759525695534,2.1451386017473566,1.698488279215876,Included,Included
IM2,4.1943156,5.755078,0.0270117,9.86e-05,2.187793,pptt1jmatch_run_16_380_330,380.3887,329.6053,2.834452000000001,1.2955759525695534,2.0304023493782917,1.4797624373247453,Included,Included
IM3,3.3605987,4.9538577,0.0169541,7.85e-05,2.187793,pptt1jmatch_run_16_380_330,380.3887,329.6053,2.834452000000001,1.2955759525695534,1.7477303196526166,1.185625545960912,Included,Included
IM4,3.1036248,4.9302588,0.0106173,6.23e-05,2.187793,pptt1jmatch_run_16_380_330,380.3887,329.6053,2.834452000000001,1.2955759525695534,1.7394045833198086,1.0949646704195375,Included,Included
IM5,2.5850952,3.9178579,0.0055833,4.53e-05,2.187793,pptt1jmatch_run_16_380_330,380.3887,329.6053,2.834452000000001,1.2955759525695534,1.3822276404751248,0.9120264516739035,Included,Excluded
IM6,2.5439273,3.714618,0.0028705,3.25e-05,2.187793,pptt1jmatch_run_16_380_330,380.3887,329.6053,2.834452000000001,1.2955759525695534,1.3105242212604054,0.8975023390764773,Included,Excluded
IM7,3.1090404,3.6782268,0.0011536,2.07e-05,2.187793,pptt1jmatch_run_16_380_330,380.3887,329.6053,2.834452000000001,1.2955759525695534,1.2976853374126633,1.0968753042916228,Included,Included
IM8,3.8868746,4.1566429,0.0005148,1.38e-05,2.187793,pptt1jmatch_run_16_380_330,380.3887,329.6053,2.834452000000001,1.2955759525695534,1.4664714378652375,1.3712966739249768,Included,Included
IM9,4.9181893,4.6221817,0.0002572,9.8e-06,2.187793,pptt1jmatch_run_16_380_330,380.3887,329.6053,2.834452000000001,1.2955759525695534,1.6307144026429088,1.7351464410051742,Included,Included
IM10,-1.0,-1.0,0.0,0.0,2.187793,pptt1jmatch_run_16_380_330,380.3887,329.6053,2.834452000000001,1.2955759525695534,-0.35280188198635914,-0.35280188198635914,Excluded,Excluded
IM11,-1.0,-1.0,0.0,0.0,2.187793,pptt1jmatch_run_16_380_330,380.3887,329.6053,2.834452000000001,1.2955759525695534,-0.35280188198635914,-0.35280188198635914,Excluded,Excluded
IM12,-1.0,-1.0,0.0,0.0,2.187793,pptt1jmatch_run_16_380_330,380.3887,329.6053,2.834452000000001,1.2955759525695534,-0.35280188198635914,-0.35280188198635914,Excluded,Excluded
EM0,18.2291002,20.3656029,0.0202059,8.56e-05,2.187793,pptt1jmatch_run_16_380_330,380.3887,329.6053,2.834452000000001,1.2955759525695534,7.185023030906853,6.431260857477916,Included,Included
EM1,6.4535391,6.28163,0.0197654,8.47e-05,2.187793,pptt1jmatch_run_16_380_330,380.3887,329.6053,2.834452000000001,1.2955759525695534,2.216170885941973,2.2768207399525546,Included,Included
EM2,4.9404989,4.9207158,0.0100576,6.07e-05,2.187793,pptt1jmatch_run_16_380_330,380.3887,329.6053,2.834452000000001,1.2955759525695534,1.7360377949600128,1.743017309871537,Included,Included
EM3,3.6555935,4.4235622,0.0063368,4.83e-05,2.187793,pptt1jmatch_run_16_380_330,380.3887,329.6053,2.834452000000001,1.2955759525695534,1.5606410692437191,1.2897002665771016,Included,Included
EM4,3.46959,4.9052407,0.005034,4.31e-05,2.187793,pptt1jmatch_run_16_380_330,380.3887,329.6053,2.834452000000001,1.2955759525695534,1.7305781505560858,1.2240778817210518,Included,Included
EM5,2.258522,2.7537047,0.0027128,3.16e-05,2.187793,pptt1jmatch_run_16_380_330,380.3887,329.6053,2.834452000000001,1.2955759525695534,0.9715122005946826,0.7968108121075959,Excluded,Excluded
EM6,1.6792202,2.3442375,0.0017169,2.52e-05,2.187793,pptt1jmatch_run_16_380_330,380.3887,329.6053,2.834452000000001,1.2955759525695534,0.8270514018229976,0.5924320468295105,Excluded,Excluded
EM7,2.244847,3.2827572,0.0006388,1.54e-05,2.187793,pptt1jmatch_run_16_380_330,380.3887,329.6053,2.834452000000001,1.2955759525695534,1.1581629182642708,0.7919862463714323,Included,Excluded
EM8,3.1647582,3.6217173,0.0002576,9.8e-06,2.187793,pptt1jmatch_run_16_380_330,380.3887,329.6053,2.834452000000001,1.2955759525695534,1.2777486794625552,1.1165326489917624,Included,Included
EM9,1.9007592,1.6226797,0.0002572,9.8e-06,2.187793,pptt1jmatch_run_16_380_330,380.3887,329.6053,2.834452000000001,1.2955759525695534,0.5724844520210606,0.6705914229628864,Excluded,Excluded
EM10,-1.0,-1.0,0.0,0.0,2.187793,pptt1jmatch_run_16_380_330,380.3887,329.6053,2.834452000000001,1.2955759525695534,-0.35280188198635914,-0.35280188198635914,Excluded,Excluded
EM11,-1.0,-1.0,0.0,0.0,2.187793,pptt1jmatch_run_16_380_330,380.3887,329.6053,2.834452000000001,1.2955759525695534,-0.35280188198635914,-0.35280188198635914,Excluded,Excluded
EM12,-1.0,-1.0,0.0,0.0,2.187793,pptt1jmatch_run_16_380_330,380.3887,329.6053,2.834452000000001,1.2955759525695534,-0.35280188198635914,-0.35280188198635914,Excluded,Excluded
IM0,8.0619904,10.244654,0.0698124,0.0001594,2.047309,pptt1jmatch_run_17_385_329,384.8057,328.5088,2.657772,1.2981782427567115,3.8546022758912355,3.033364186243214,Included,Included
IM1,4.5513432,5.7673891,0.0496596,0.0001359,2.047309,pptt1jmatch_run_17_385_329,384.8057,328.5088,2.657772,1.2981782427567115,2.1700089774442652,1.7124656291058826,Included,Included
IM2,3.561852,4.8727612,0.0319502,0.00011,2.047309,pptt1jmatch_run_17_385_329,384.8057,328.5088,2.657772,1.2981782427567115,1.8334007582290732,1.3401646190869645,Included,Included
IM3,2.7611151,4.087463,0.0205605,8.88e-05,2.047309,pptt1jmatch_run_17_385_329,384.8057,328.5088,2.657772,1.2981782427567115,1.5379283851285963,1.0388833579404102,Included,Included
IM4,2.4690833,3.9271971,0.0133051,7.17e-05,2.047309,pptt1jmatch_run_17_385_329,384.8057,328.5088,2.657772,1.2981782427567115,1.4776275391568576,0.9290049334555409,Included,Excluded
IM5,2.9238693,4.4248167,0.0049396,4.39e-05,2.047309,pptt1jmatch_run_17_385_329,384.8057,328.5088,2.657772,1.2981782427567115,1.6648594010321427,1.100120439225035,Included,Included
IM6,2.7998275,4.0970162,0.0026004,3.19e-05,2.047309,pptt1jmatch_run_17_385_329,384.8057,328.5088,2.657772,1.2981782427567115,1.5415228243807217,1.0534490919461865,Included,Included
IM7,3.4738654,4.0797633,0.0010336,2.01e-05,2.047309,pptt1jmatch_run_17_385_329,384.8057,328.5088,2.657772,1.2981782427567115,1.535031334516279,1.3070592210317515,Included,Included
IM8,7.6646513,8.2056418,0.0002608,1.01e-05,2.047309,pptt1jmatch_run_17_385_329,384.8057,328.5088,2.657772,1.2981782427567115,3.087413743541583,2.8838633637497875,Included,Included
IM9,9.4812892,8.8709839,0.0001341,7.2e-06,2.047309,pptt1jmatch_run_17_385_329,384.8057,328.5088,2.657772,1.2981782427567115,3.3377520344107774,3.567382454175904,Included,Included
IM10,6.9797241,10.7624186,0.0001341,7.2e-06,2.047309,pptt1jmatch_run_17_385_329,384.8057,328.5088,2.657772,1.2981782427567115,4.049413794712263,2.6261560811085376,Included,Included
IM11,-1.0,-1.0,0.0,0.0,2.047309,pptt1jmatch_run_17_385_329,384.8057,328.5088,2.657772,1.2981782427567115,-0.3762549985476557,-0.3762549985476557,Excluded,Excluded
IM12,-1.0,-1.0,0.0,0.0,2.047309,pptt1jmatch_run_17_385_329,384.8057,328.5088,2.657772,1.2981782427567115,-0.3762549985476557,-0.3762549985476557,Excluded,Excluded
EM0,18.2561378,20.4291562,0.0201528,8.79e-05,2.047309,pptt1jmatch_run_17_385_329,384.8057,328.5088,2.657772,1.2981782427567115,7.686572136360832,6.868963101424803,Included,Included
EM1,7.2086555,7.0435378,0.0177094,8.25e-05,2.047309,pptt1jmatch_run_17_385_329,384.8057,328.5088,2.657772,1.2981782427567115,2.650166304709358,2.71229266468305,Included,Included
EM2,4.4002302,4.3390941,0.0113896,6.64e-05,2.047309,pptt1jmatch_run_17_385_329,384.8057,328.5088,2.657772,1.2981782427567115,1.6326058442936413,1.6556086075103509,Included,Included
EM3,3.1893064,3.865235,0.0072555,5.31e-05,2.047309,pptt1jmatch_run_17_385_329,384.8057,328.5088,2.657772,1.2981782427567115,1.4543139893113481,1.199992474900029,Included,Included
EM4,2.0811884,2.9494531,0.0083655,5.7e-05,2.047309,pptt1jmatch_run_17_385_329,384.8057,328.5088,2.657772,1.2981782427567115,1.1097464718568786,0.7830575384193978,Included,Excluded
EM5,2.6080531,3.2052685,0.0023392,3.02e-05,2.047309,pptt1jmatch_run_17_385_329,384.8057,328.5088,2.657772,1.2981782427567115,1.2059982948123464,0.9812930153527089,Included,Excluded
EM6,1.8502404,2.5735091,0.0015667,2.47e-05,2.047309,pptt1jmatch_run_17_385_329,384.8057,328.5088,2.657772,1.2981782427567115,0.9682956626828787,0.6961621990148139,Excluded,Excluded
EM7,1.8533574,2.7080661,0.0007728,1.74e-05,2.047309,pptt1jmatch_run_17_385_329,384.8057,328.5088,2.657772,1.2981782427567115,1.0189234065224557,0.697334985845287,Included,Excluded
EM8,6.4185449,7.3263062,0.0001267,7e-06,2.047309,pptt1jmatch_run_17_385_329,384.8057,328.5088,2.657772,1.2981782427567115,2.756559328640681,2.415009602027563,Included,Included
EM9,-1.0,-1.0,0.0,0.0,2.047309,pptt1jmatch_run_17_385_329,384.8057,328.5088,2.657772,1.2981782427567115,-0.3762549985476557,-0.3762549985476557,Excluded,Excluded
EM10,2.3277037,4.9793672,0.0001341,7.2e-06,2.047309,pptt1jmatch_run_17_385_329,384.8057,328.5088,2.657772,1.2981782427567115,1.8735117986042447,0.8758101522628727,Included,Excluded
EM11,-1.0,-1.0,0.0,0.0,2.047309,pptt1jmatch_run_17_385_329,384.8057,328.5088,2.657772,1.2981782427567115,-0.3762549985476557,-0.3762549985476557,Excluded,Excluded
EM12,-1.0,-1.0,0.0,0.0,2.047309,pptt1jmatch_run_17_385_329,384.8057,328.5088,2.657772,1.2981782427567115,-0.3762549985476557,-0.3762549985476557,Excluded,Excluded
IM0,8.6410795,11.0427576,0.0650977,0.0001595,1.906668,pptt1jmatch_run_18_390_330,390.106,329.6053,2.4666080000000004,1.2936746198079583,4.476900099245603,3.5032236577518594,Included,Included
IM1,5.1811112,6.4978958,0.0436837,0.0001322,1.906668,pptt1jmatch_run_18_390_330,390.106,329.6053,2.4666080000000004,1.2936746198079583,2.634344735766688,2.1005004443348922,Included,Included
IM2,4.0677275,5.5672981,0.0279216,0.0001065,1.906668,pptt1jmatch_run_18_390_330,390.106,329.6053,2.4666080000000004,1.2936746198079583,2.2570664248230767,1.6491179384806989,Included,Included
IM3,3.285835,4.8530606,0.0173018,8.43e-05,1.906668,pptt1jmatch_run_18_390_330,390.106,329.6053,2.4666080000000004,1.2936746198079583,1.9675037946848464,1.3321269532896998,Included,Included
IM4,2.6374173,4.1674063,0.0125319,7.19e-05,1.906668,pptt1jmatch_run_18_390_330,390.106,329.6053,2.4666080000000004,1.2936746198079583,1.6895292239382986,1.0692486605086822,Included,Included
IM5,2.4593301,3.73464,0.0058546,4.93e-05,1.906668,pptt1jmatch_run_18_390_330,390.106,329.6053,2.4666080000000004,1.2936746198079583,1.5140792537768464,0.9970494298242767,Included,Excluded
IM6,3.1457671,4.6068881,0.0023181,3.11e-05,1.906668,pptt1jmatch_run_18_390_330,390.106,329.6053,2.4666080000000004,1.2936746198079583,1.8677017588526428,1.2753413189286662,Included,Included
IM7,5.4542738,6.4259366,0.0006589,1.66e-05,1.906668,pptt1jmatch_run_18_390_330,390.106,329.6053,2.4666080000000004,1.2936746198079583,2.6051713932655693,2.2112446728462727,Included,Included
IM8,14.970318,16.0209113,0.0001337,7.5e-06,1.906668,pptt1jmatch_run_18_390_330,390.106,329.6053,2.4666080000000004,1.2936746198079583,6.495118519035047,6.069192186192536,Included,Included
IM9,9.5057052,8.9659704,0.0001337,7.5e-06,1.906668,pptt1jmatch_run_18_390_330,390.106,329.6053,2.4666080000000004,1.2936746198079583,3.6349393174756583,3.8537559271679966,Included,Included
IM10,6.965882,10.7832824,0.0001337,7.5e-06,1.906668,pptt1jmatch_run_18_390_330,390.106,329.6053,2.4666080000000004,1.2936746198079583,4.3717049486582376,2.8240733833669553,Included,Included
IM11,-1.0,-1.0,0.0,0.0,1.906668,pptt1jmatch_run_18_390_330,390.106,329.6053,2.4666080000000004,1.2936746198079583,-0.40541504770924275,-0.40541504770924275,Excluded,Excluded
IM12,-1.0,-1.0,0.0,0.0,1.906668,pptt1jmatch_run_18_390_330,390.106,329.6053,2.4666080000000004,1.2936746198079583,-0.40541504770924275,-0.40541504770924275,Excluded,Excluded
EM0,17.1782575,19.187475,0.0214139,9.36e-05,1.906668,pptt1jmatch_run_18_390_330,390.106,329.6053,2.4666080000000004,1.2936746198079583,7.778891092544902,6.964324083924158,Included,Included
EM1,8.0878492,7.8653451,0.0157621,8.05e-05,1.906668,pptt1jmatch_run_18_390_330,390.106,329.6053,2.4666080000000004,1.2936746198079583,3.1887292589661587,3.2789357692831613,Included,Included
EM2,4.727418,4.692821,0.0106198,6.63e-05,1.906668,pptt1jmatch_run_18_390_330,390.106,329.6053,2.4666080000000004,1.2936746198079583,1.9025402496059365,1.916566394011533,Included,Included
EM3,4.8496267,5.8794617,0.0047699,4.45e-05,1.906668,pptt1jmatch_run_18_390_330,390.106,329.6053,2.4666080000000004,1.2936746198079583,2.3836222456101654,1.9661116399525176,Included,Included
EM4,2.6352723,3.6916285,0.0066773,5.27e-05,1.906668,pptt1jmatch_run_18_390_330,390.106,329.6053,2.4666080000000004,1.2936746198079583,1.4966417444523004,1.068379045231346,Included,Included
EM5,1.7377066,2.1216647,0.0035366,3.84e-05,1.906668,pptt1jmatch_run_18_390_330,390.106,329.6053,2.4666080000000004,1.2936746198079583,0.8601547955735163,0.7044924041436661,Excluded,Excluded
EM6,1.7492634,2.436271,0.0016591,2.63e-05,1.906668,pptt1jmatch_run_18_390_330,390.106,329.6053,2.4666080000000004,1.2936746198079583,0.9877009236976446,0.7091777047670322,Excluded,Excluded
EM7,2.7317128,3.9906718,0.0005253,1.48e-05,1.906668,pptt1jmatch_run_18_390_330,390.106,329.6053,2.4666080000000004,1.2936746198079583,1.6178783981889295,1.107477475139949,Included,Included
EM8,-1.0,-1.0,0.0,0.0,1.906668,pptt1jmatch_run_18_390_330,390.106,329.6053,2.4666080000000004,1.2936746198079583,-0.40541504770924275,-0.40541504770924275,Excluded,Excluded
EM9,-1.0,-1.0,0.0,0.0,1.906668,pptt1jmatch_run_18_390_330,390.106,329.6053,2.4666080000000004,1.2936746198079583,-0.40541504770924275,-0.40541504770924275,Excluded,Excluded
EM10,2.3507685,4.9994809,0.0001337,7.5e-06,1.906668,pptt1jmatch_run_18_390_330,390.106,329.6053,2.4666080000000004,1.2936746198079583,2.0268647875949477,0.9530369235808851,Included,Excluded
EM11,-1.0,-1.0,0.0,0.0,1.906668,pptt1jmatch_run_18_390_330,390.106,329.6053,2.4666080000000004,1.2936746198079583,-0.40541504770924275,-0.40541504770924275,Excluded,Excluded
EM12,-1.0,-1.0,0.0,0.0,1.906668,pptt1jmatch_run_18_390_330,390.106,329.6053,2.4666080000000004,1.2936746198079583,-0.40541504770924275,-0.40541504770924275,Excluded,Excluded
IM0,10.1816781,12.8745768,0.0556471,0.0001591,1.650844,pptt1jmatch_run_19_400_330,399.8233,329.6053,2.1556543999999995,1.3057892811192333,5.972467942913299,4.723242324929266,Included,Included
IM1,6.1425761,7.7281771,0.0368196,0.0001307,1.650844,pptt1jmatch_run_19_400_330,399.8233,329.6053,2.1556543999999995,1.3057892811192333,3.585072403071662,2.84951803962639,Included,Included
IM2,4.9582225,6.8211476,0.0227649,0.0001035,1.650844,pptt1jmatch_run_19_400_330,399.8233,329.6053,2.1556543999999995,1.3057892811192333,3.1643048162080163,2.3001008417675863,Included,Included
IM3,3.9049412,5.7711839,0.0145611,8.31e-05,1.650844,pptt1jmatch_run_19_400_330,399.8233,329.6053,2.1556543999999995,1.3057892811192333,2.677230589467403,1.811487592816363,Included,Included
IM4,3.0201865,4.8019041,0.0108908,7.2e-05,1.650844,pptt1jmatch_run_19_400_330,399.8233,329.6053,2.1556543999999995,1.3057892811192333,2.227585321654529,1.4010532022201707,Included,Included
IM5,4.1438237,6.2961888,0.0034791,4.09e-05,1.650844,pptt1jmatch_run_19_400_330,399.8233,329.6053,2.1556543999999995,1.3057892811192333,2.920778395646353,1.9223042895929892,Included,Included
IM6,4.3477249,6.3833521,0.001671,2.84e-05,1.650844,pptt1jmatch_run_19_400_330,399.8233,329.6053,2.1556543999999995,1.3057892811192333,2.961213123959017,2.0168932923570684,Included,Included
IM7,3.5159477,4.1173727,0.0010286,2.23e-05,1.650844,pptt1jmatch_run_19_400_330,399.8233,329.6053,2.1556543999999995,1.3057892811192333,1.91003376979167,1.631034965530653,Included,Included
IM8,5.1879141,5.5590317,0.0003852,1.36e-05,1.650844,pptt1jmatch_run_19_400_330,399.8233,329.6053,2.1556543999999995,1.3057892811192333,2.5788139787156985,2.4066539144679227,Included,Included
IM9,9.9749572,9.3818118,0.0001269,7.8e-06,1.650844,pptt1jmatch_run_19_400_330,399.8233,329.6053,2.1556543999999995,1.3057892811192333,4.352187345058652,4.627345273899194,Included,Included
IM10,-1.0,-1.0,0.0,0.0,1.650844,pptt1jmatch_run_19_400_330,399.8233,329.6053,2.1556543999999995,1.3057892811192333,-0.4638962534996334,-0.4638962534996334,Excluded,Excluded
IM11,-1.0,-1.0,0.0,0.0,1.650844,pptt1jmatch_run_19_400_330,399.8233,329.6053,2.1556543999999995,1.3057892811192333,-0.4638962534996334,-0.4638962534996334,Excluded,Excluded
IM12,-1.0,-1.0,0.0,0.0,1.650844,pptt1jmatch_run_19_400_330,399.8233,329.6053,2.1556543999999995,1.3057892811192333,-0.4638962534996334,-0.4638962534996334,Excluded,Excluded
EM0,19.4998935,21.7755632,0.0188275,9.43e-05,1.650844,pptt1jmatch_run_19_400_330,399.8233,329.6053,2.1556543999999995,1.3057892811192333,10.10160218632449,9.045927538291854,Included,Included
EM1,9.0951012,8.8627192,0.0140547,8.17e-05,1.650844,pptt1jmatch_run_19_400_330,399.8233,329.6053,2.1556543999999995,1.3057892811192333,4.111382232699269,4.21918337188002,Included,Included
EM2,6.0915303,6.0565732,0.0082038,6.26e-05,1.650844,pptt1jmatch_run_19_400_330,399.8233,329.6053,2.1556543999999995,1.3057892811192333,2.809621616526286,2.825838084249498,Included,Included
EM3,6.3106954,7.6646045,0.0036703,4.2e-05,1.650844,pptt1jmatch_run_19_400_330,399.8233,329.6053,2.1556543999999995,1.3057892811192333,3.5555813121064315,2.9275079530373707,Included,Included
EM4,2.3511224,3.3356139,0.0074117,5.95e-05,1.650844,pptt1jmatch_run_19_400_330,399.8233,329.6053,2.1556543999999995,1.3057892811192333,1.5473787913313009,1.0906768728790666,Included,Included
EM5,3.4091853,4.1333211,0.0018082,2.95e-05,1.650844,pptt1jmatch_run_19_400_330,399.8233,329.6053,2.1556543999999995,1.3057892811192333,1.9174321728009838,1.5815082881560238,Included,Included
EM6,4.5425744,6.284385,0.0006424,1.76e-05,1.650844,pptt1jmatch_run_19_400_330,399.8233,329.6053,2.1556543999999995,1.3057892811192333,2.915302657049294,2.1072832454033454,Included,Included
EM7,2.2411501,3.2519239,0.0006433,1.76e-05,1.650844,pptt1jmatch_run_19_400_330,399.8233,329.6053,2.1556543999999995,1.3057892811192333,1.5085553138759167,1.0396611349203289,Included,Included
EM8,3.1503994,3.600337,0.0002583,1.12e-05,1.650844,pptt1jmatch_run_19_400_330,399.8233,329.6053,2.1556543999999995,1.3057892811192333,1.6701828456361099,1.4614584786874931,Included,Included
EM9,3.8327085,3.2811545,0.0001269,7.8e-06,1.650844,pptt1jmatch_run_19_400_330,399.8233,329.6053,2.1556543999999995,1.3057892811192333,1.522115279703463,1.7779791139061998,Included,Included
EM10,-1.0,-1.0,0.0,0.0,1.650844,pptt1jmatch_run_19_400_330,399.8233,329.6053,2.1556543999999995,1.3057892811192333,-0.4638962534996334,-0.4638962534996334,Excluded,Excluded
EM11,-1.0,-1.0,0.0,0.0,1.650844,pptt1jmatch_run_19_400_330,399.8233,329.6053,2.1556543999999995,1.3057892811192333,-0.4638962534996334,-0.4638962534996334,Excluded,Excluded
EM12,-1.0,-1.0,0.0,0.0,1.650844,pptt1jmatch_run_19_400_330,399.8233,329.6053,2.1556543999999995,1.3057892811192333,-0.4638962534996334,-0.4638962534996334,Excluded,Excluded
IM0,5.5531048,7.0298898,0.1021819,0.0001762,2.371536,pptt1jmatch_run_20_375_349,375.0883,349.3421,3.0562914,1.2887391968749369,2.3001372840299195,1.8169421934047256,Included,Included
IM1,2.9614309,3.7280193,0.076431,0.0001546,2.371536,pptt1jmatch_run_20_375_349,375.0883,349.3421,3.0562914,1.2887391968749369,1.2197852927243784,0.9689622200291503,Included,Excluded
IM2,2.1165576,2.8996739,0.0536118,0.0001311,2.371536,pptt1jmatch_run_20_375_349,375.0883,349.3421,3.0562914,1.2887391968749369,0.948755704380806,0.6925248030995997,Excluded,Excluded
IM3,1.5320049,2.2474894,0.0372618,0.0001102,2.371536,pptt1jmatch_run_20_375_349,375.0883,349.3421,3.0562914,1.2887391968749369,0.7353648935438551,0.5012627068217382,Excluded,Excluded
IM4,1.2259098,1.9477431,0.0268604,9.41e-05,2.371536,pptt1jmatch_run_20_375_349,375.0883,349.3421,3.0562914,1.2887391968749369,0.6372897230938124,0.4011102475372603,Excluded,Excluded
IM5,1.088088,1.643712,0.0133214,6.67e-05,2.371536,pptt1jmatch_run_20_375_349,375.0883,349.3421,3.0562914,1.2887391968749369,0.5378125920846422,0.3560157909026606,Excluded,Excluded
IM6,0.9600621,1.4008682,0.0076019,5.05e-05,2.371536,pptt1jmatch_run_20_375_349,375.0883,349.3421,3.0562914,1.2887391968749369,0.4583555743408498,0.31412649330492504,Excluded,Excluded
IM7,1.1312553,1.3317561,0.0031843,3.28e-05,2.371536,pptt1jmatch_run_20_375_349,375.0883,349.3421,3.0562914,1.2887391968749369,0.4357425146044647,0.3701398695163688,Excluded,Excluded
IM8,1.9027376,2.0388286,0.0010519,1.89e-05,2.371536,pptt1jmatch_run_20_375_349,375.0883,349.3421,3.0562914,1.2887391968749369,0.6670923459719842,0.6225641965946048,Excluded,Excluded
IM9,1.9463588,1.8320006,0.0006493,1.48e-05,2.371536,pptt1jmatch_run_20_375_349,375.0883,349.3421,3.0562914,1.2887391968749369,0.5994194794383807,0.6368367885339729,Excluded,Excluded
IM10,2.4482687,3.7733377,0.0003822,1.14e-05,2.371536,pptt1jmatch_run_20_375_349,375.0883,349.3421,3.0562914,1.2887391968749369,1.234613198204857,0.8010586621419672,Included,Excluded
IM11,5.0334483,4.5187264,0.0001116,6.1e-06,2.371536,pptt1jmatch_run_20_375_349,375.0883,349.3421,3.0562914,1.2887391968749369,1.478499857703359,1.6469137399660254,Included,Included
IM12,-1.0,-1.0,0.0,0.0,2.371536,pptt1jmatch_run_20_375_349,375.0883,349.3421,3.0562914,1.2887391968749369,-0.32719393183516465,-0.32719393183516465,Excluded,Excluded
EM0,14.1711257,15.9264712,0.0257508,9.22e-05,2.371536,pptt1jmatch_run_20_375_349,375.0883,349.3421,3.0562914,1.2887391968749369,5.2110447321875135,4.63670633631335,Included,Included
EM1,5.6104932,5.4448604,0.0228192,8.69e-05,2.371536,pptt1jmatch_run_20_375_349,375.0883,349.3421,3.0562914,1.2887391968749369,1.7815252825695873,1.8357193296424548,Included,Included
EM2,3.0686014,3.0301393,0.01635,7.38e-05,2.371536,pptt1jmatch_run_20_375_349,375.0883,349.3421,3.0562914,1.2887391968749369,0.9914431915752536,1.0040277573008909,Excluded,Included
EM3,2.2277195,2.7069776,0.0104013,5.9e-05,2.371536,pptt1jmatch_run_20_375_349,375.0883,349.3421,3.0562914,1.2887391968749369,0.8857066443337177,0.7288963022308671,Excluded,Excluded
EM4,1.287094,1.8236104,0.0135391,6.72e-05,2.371536,pptt1jmatch_run_20_375_349,375.0883,349.3421,3.0562914,1.2887391968749369,0.5966742569114973,0.4211293465014494,Excluded,Excluded
EM5,1.0709582,1.3090312,0.0057194,4.39e-05,2.371536,pptt1jmatch_run_20_375_349,375.0883,349.3421,3.0562914,1.2887391968749369,0.4283070652229038,0.35041102428911064,Excluded,Excluded
EM6,0.6629479,0.9161934,0.0044176,3.86e-05,2.371536,pptt1jmatch_run_20_375_349,375.0883,349.3421,3.0562914,1.2887391968749369,0.29977292086742774,0.21691253000286556,Excluded,Excluded
EM7,0.6723506,0.9831552,0.0021324,2.68e-05,2.371536,pptt1jmatch_run_20_375_349,375.0883,349.3421,3.0562914,1.2887391968749369,0.3216824154921877,0.21998903638573206,Excluded,Excluded
EM8,2.0084399,2.3219035,0.0004025,1.17e-05,2.371536,pptt1jmatch_run_20_375_349,375.0883,349.3421,3.0562914,1.2887391968749369,0.7597127355068302,0.657149347735625,Excluded,Excluded
EM9,1.8198473,1.5593936,0.0002672,9.5e-06,2.371536,pptt1jmatch_run_20_375_349,375.0883,349.3421,3.0562914,1.2887391968749369,0.510224123262592,0.5954429934266084,Excluded,Excluded
EM10,1.153721,2.4688286,0.0002706,9.6e-06,2.371536,pptt1jmatch_run_20_375_349,375.0883,349.3421,3.0562914,1.2887391968749369,0.8077857366611051,0.377490510230798,Excluded,Excluded
EM11,1.9682687,2.2138396,0.0001116,6.1e-06,2.371536,pptt1jmatch_run_20_375_349,375.0883,349.3421,3.0562914,1.2887391968749369,0.7243548831763882,0.6440055748610882,Excluded,Excluded
EM12,-1.0,-1.0,0.0,0.0,2.371536,pptt1jmatch_run_20_375_349,375.0883,349.3421,3.0562914,1.2887391968749369,-0.32719393183516465,-0.32719393183516465,Excluded,Excluded
IM0,5.6309982,7.1430502,0.1004554,0.0001813,2.176761,pptt1jmatch_run_21_380_349,380.3887,349.3421,2.834452000000001,1.3021420358045743,2.520081553683039,1.9866267624218006,Included,Included
IM1,3.2121112,4.0432434,0.0704468,0.0001543,2.176761,pptt1jmatch_run_21_380_349,380.3887,349.3421,2.834452000000001,1.3021420358045743,1.4264638808489254,1.1332388765094623,Included,Included
IM2,2.2298377,3.0821192,0.0506234,0.0001322,2.176761,pptt1jmatch_run_21_380_349,380.3887,349.3421,2.834452000000001,1.3021420358045743,1.0873774542662917,0.7866909370841345,Included,Excluded
IM3,1.6251804,2.4062849,0.0348476,0.0001106,2.176761,pptt1jmatch_run_21_380_349,380.3887,349.3421,2.834452000000001,1.3021420358045743,0.8489418413153581,0.573366703687344,Excluded,Excluded
IM4,1.4033574,2.2384351,0.0234409,9.12e-05,2.176761,pptt1jmatch_run_21_380_349,380.3887,349.3421,2.834452000000001,1.3021420358045743,0.7897241159843239,0.4951071318194838,Excluded,Excluded
IM5,1.3418073,2.030722,0.0107662,6.22e-05,2.176761,pptt1jmatch_run_21_380_349,380.3887,349.3421,2.834452000000001,1.3021420358045743,0.7164425433911031,0.47339214070303515,Excluded,Excluded
IM6,1.3818409,2.0176598,0.0052922,4.37e-05,2.176761,pptt1jmatch_run_21_380_349,380.3887,349.3421,2.834452000000001,1.3021420358045743,0.711834174648221,0.4875160701257243,Excluded,Excluded
IM7,1.3757338,1.6279122,0.0026048,3.07e-05,2.176761,pptt1jmatch_run_21_380_349,380.3887,349.3421,2.834452000000001,1.3021420358045743,0.5743304878685542,0.48536147375224536,Excluded,Excluded
IM8,1.5487418,1.6492397,0.0012916,2.17e-05,2.176761,pptt1jmatch_run_21_380_349,380.3887,349.3421,2.834452000000001,1.3021420358045743,0.5818548700066184,0.5463990217509413,Excluded,Excluded
IM9,3.3365287,3.1694029,0.0003781,1.17e-05,2.176761,pptt1jmatch_run_21_380_349,380.3887,349.3421,2.834452000000001,1.3021420358045743,1.1181713078930244,1.1771336046615004,Included,Included
IM10,3.8552288,5.9353595,0.000243,9.4e-06,2.176761,pptt1jmatch_run_21_380_349,380.3887,349.3421,2.834452000000001,1.3021420358045743,2.0940060018656155,1.3601319761280128,Included,Included
IM11,5.0956296,4.5287587,0.0001107,6.3e-06,2.176761,pptt1jmatch_run_21_380_349,380.3887,349.3421,2.834452000000001,1.3021420358045743,1.5977545924220973,1.7977477127853982,Included,Included
IM12,-1.0,-1.0,0.0,0.0,2.176761,pptt1jmatch_run_21_380_349,380.3887,349.3421,2.834452000000001,1.3021420358045743,-0.35280188198635914,-0.35280188198635914,Excluded,Excluded
EM0,12.2139296,13.647339,0.0300085,0.0001029,2.176761,pptt1jmatch_run_21_380_349,380.3887,349.3421,2.834452000000001,1.3021420358045743,4.814806883305836,4.309097349328899,Included,Included
EM1,6.4168006,6.28308,0.0198235,8.4e-05,2.176761,pptt1jmatch_run_21_380_349,380.3887,349.3421,2.834452000000001,1.3021420358045743,2.2166824486708534,2.2638593280111987,Included,Included
EM2,3.1535184,3.137289,0.0157757,7.51e-05,2.176761,pptt1jmatch_run_21_380_349,380.3887,349.3421,2.834452000000001,1.3021420358045743,1.1068414635351027,1.112567226398612,Included,Included
EM3,2.0247972,2.4504044,0.0114067,6.4e-05,2.176761,pptt1jmatch_run_21_380_349,380.3887,349.3421,2.834452000000001,1.3021420358045743,0.8645072839476552,0.7143522628007104,Excluded,Excluded
EM4,1.3784998,1.9517877,0.0126747,6.75e-05,2.176761,pptt1jmatch_run_21_380_349,380.3887,349.3421,2.834452000000001,1.3021420358045743,0.6885943737978273,0.48633732375781963,Excluded,Excluded
EM5,1.1234018,1.3751791,0.005474,4.45e-05,2.176761,pptt1jmatch_run_21_380_349,380.3887,349.3421,2.834452000000001,1.3021420358045743,0.48516577454830756,0.3963382692668634,Excluded,Excluded
EM6,1.0811752,1.5014447,0.0026874,3.12e-05,2.176761,pptt1jmatch_run_21_380_349,380.3887,349.3421,2.834452000000001,1.3021420358045743,0.5297125158584444,0.3814406453169782,Excluded,Excluded
EM7,1.0888592,1.5927218,0.0013132,2.18e-05,2.176761,pptt1jmatch_run_21_380_349,380.3887,349.3421,2.834452000000001,1.3021420358045743,0.5619152485207015,0.3841515749781614,Excluded,Excluded
EM8,0.8880195,1.0198279,0.0009135,1.82e-05,2.176761,pptt1jmatch_run_21_380_349,380.3887,349.3421,2.834452000000001,1.3021420358045743,0.3597972024221964,0.3132949508405856,Excluded,Excluded
EM9,3.6206316,3.0861655,0.0001352,7e-06,2.176761,pptt1jmatch_run_21_380_349,380.3887,349.3421,2.834452000000001,1.3021420358045743,1.088804996521373,1.2773656424592825,Included,Included
EM10,2.3681187,5.0435531,0.0001323,6.9e-06,2.176761,pptt1jmatch_run_21_380_349,380.3887,349.3421,2.834452000000001,1.3021420358045743,1.7793750255781355,0.8354767341270902,Included,Excluded
EM11,1.9769614,2.2312171,0.0001107,6.3e-06,2.176761,pptt1jmatch_run_21_380_349,380.3887,349.3421,2.834452000000001,1.3021420358045743,0.7871775920001464,0.6974757025343873,Excluded,Excluded
EM12,-1.0,-1.0,0.0,0.0,2.176761,pptt1jmatch_run_21_380_349,380.3887,349.3421,2.834452000000001,1.3021420358045743,-0.35280188198635914,-0.35280188198635914,Excluded,Excluded
IM0,5.9877112,7.5945249,0.0944617,0.0001802,2.107562,pptt1jmatch_run_22_383_349,383.0389,349.3421,2.7284439999999996,1.2945972645170103,2.7834637251121888,2.1945516198976414,Included,Included
IM1,3.2907044,4.1592612,0.0685422,0.0001557,2.107562,pptt1jmatch_run_22_383_349,383.0389,349.3421,2.7284439999999996,1.2945972645170103,1.524407757681668,1.2060736449053016,Included,Included
IM2,2.389246,3.2801028,0.0473337,0.0001308,2.107562,pptt1jmatch_run_22_383_349,383.0389,349.3421,2.7284439999999996,1.2945972645170103,1.2021880603010362,0.8756807909563107,Included,Excluded
IM3,1.7268622,2.5435616,0.0330046,0.0001101,2.107562,pptt1jmatch_run_22_383_349,383.0389,349.3421,2.7284439999999996,1.2945972645170103,0.9322388878056505,0.6329109924924243,Excluded,Excluded
IM4,1.3898839,2.214224,0.0236125,9.36e-05,2.107562,pptt1jmatch_run_22_383_349,383.0389,349.3421,2.7284439999999996,1.2945972645170103,0.8115336067003759,0.5094053240601604,Excluded,Excluded
IM5,1.3176594,1.9932263,0.0109961,6.43e-05,2.107562,pptt1jmatch_run_22_383_349,383.0389,349.3421,2.7284439999999996,1.2945972645170103,0.7305359025144003,0.4829343757834136,Excluded,Excluded
IM6,1.4226077,2.0691008,0.0051364,4.4e-05,2.107562,pptt1jmatch_run_22_383_349,383.0389,349.3421,2.7284439999999996,1.2945972645170103,0.7583446096016633,0.5213988998857958,Excluded,Excluded
IM7,1.5250213,1.7938765,0.0023597,2.99e-05,2.107562,pptt1jmatch_run_22_383_349,383.0389,349.3421,2.7284439999999996,1.2945972645170103,0.6574723542062804,0.5589344329588587,Excluded,Excluded
IM8,1.6693805,1.7915839,0.0011939,2.13e-05,2.107562,pptt1jmatch_run_22_383_349,383.0389,349.3421,2.7284439999999996,1.2945972645170103,0.6566320950695709,0.6118434169805208,Excluded,Excluded
IM9,3.0950911,2.8913259,0.0004103,1.25e-05,2.107562,pptt1jmatch_run_22_383_349,383.0389,349.3421,2.7284439999999996,1.2945972645170103,1.0596977251503057,1.1343795584589607,Included,Included
IM10,6.6669515,10.2852974,0.0001401,7.3e-06,2.107562,pptt1jmatch_run_22_383_349,383.0389,349.3421,2.7284439999999996,1.2945972645170103,3.769656771405241,2.443499481755902,Included,Included
IM11,4.0190355,3.6179955,0.0001401,7.3e-06,2.107562,pptt1jmatch_run_22_383_349,383.0389,349.3421,2.7284439999999996,1.2945972645170103,1.3260288648035292,1.4730137396992575,Included,Included
IM12,-1.0,-1.0,0.0,0.0,2.107562,pptt1jmatch_run_22_383_349,383.0389,349.3421,2.7284439999999996,1.2945972645170103,-0.366509263155117,-0.366509263155117,Excluded,Excluded
EM0,14.2512555,15.7838748,0.0259196,9.79e-05,2.107562,pptt1jmatch_run_22_383_349,383.0389,349.3421,2.7284439999999996,1.2945972645170103,5.78493632268062,5.223217152340308,Included,Included
EM1,6.0134468,5.8693288,0.0212084,8.88e-05,2.107562,pptt1jmatch_run_22_383_349,383.0389,349.3421,2.7284439999999996,1.2945972645170103,2.151163373703107,2.203983955690496,Included,Included
EM2,3.5057842,3.4421338,0.0143291,7.32e-05,2.107562,pptt1jmatch_run_22_383_349,383.0389,349.3421,2.7284439999999996,1.2945972645170103,1.261573922719323,1.2849023839228515,Included,Included
EM3,2.4607074,2.995501,0.0093921,5.94e-05,2.107562,pptt1jmatch_run_22_383_349,383.0389,349.3421,2.7284439999999996,1.2945972645170103,1.0978788642904163,0.9018720560143438,Included,Excluded
EM4,1.3848649,1.9565007,0.0126164,6.88e-05,2.107562,pptt1jmatch_run_22_383_349,383.0389,349.3421,2.7284439999999996,1.2945972645170103,0.7170756299194707,0.5075658140683849,Excluded,Excluded
EM5,1.0462695,1.2743335,0.0058597,4.7e-05,2.107562,pptt1jmatch_run_22_383_349,383.0389,349.3421,2.7284439999999996,1.2945972645170103,0.46705503209888133,0.3834674635066727,Excluded,Excluded
EM6,1.0517717,1.4498173,0.0027767,3.24e-05,2.107562,pptt1jmatch_run_22_383_349,383.0389,349.3421,2.7284439999999996,1.2945972645170103,0.5313714703325413,0.3854840707744048,Excluded,Excluded
EM7,1.2310732,1.8010454,0.0011657,2.1e-05,2.107562,pptt1jmatch_run_22_383_349,383.0389,349.3421,2.7284439999999996,1.2945972645170103,0.660099822462913,0.45119973142201203,Excluded,Excluded
EM8,1.0327745,1.1847447,0.0007837,1.72e-05,2.107562,pptt1jmatch_run_22_383_349,383.0389,349.3421,2.7284439999999996,1.2945972645170103,0.43421990702393015,0.3785214210003944,Excluded,Excluded
EM9,1.8073943,1.53757,0.0002702,1.01e-05,2.107562,pptt1jmatch_run_22_383_349,383.0389,349.3421,2.7284439999999996,1.2945972645170103,0.5635336477494133,0.6624267531237585,Excluded,Excluded
EM10,-1.0,-1.0,0.0,0.0,2.107562,pptt1jmatch_run_22_383_349,383.0389,349.3421,2.7284439999999996,1.2945972645170103,-0.366509263155117,-0.366509263155117,Excluded,Excluded
EM11,1.5754082,1.7609314,0.0001401,7.3e-06,2.107562,pptt1jmatch_run_22_383_349,383.0389,349.3421,2.7284439999999996,1.2945972645170103,0.6453976698807087,0.5774016985505293,Excluded,Excluded
EM12,-1.0,-1.0,0.0,0.0,2.107562,pptt1jmatch_run_22_383_349,383.0389,349.3421,2.7284439999999996,1.2945972645170103,-0.366509263155117,-0.366509263155117,Excluded,Excluded
IM0,6.3629891,8.1085372,0.0885794,0.0001791,2.032461,pptt1jmatch_run_23_386_349,385.689,349.3421,2.625195999999999,1.2916341322170506,3.088735926765089,2.4238148694421304,Included,Included
IM1,3.6406718,4.6045236,0.0619204,0.0001519,2.032461,pptt1jmatch_run_23_386_349,385.689,349.3421,2.625195999999999,1.2916341322170506,1.7539732652342919,1.3868190413211057,Included,Included
IM2,2.7118487,3.7027239,0.0418886,0.0001263,2.032461,pptt1jmatch_run_23_386_349,385.689,349.3421,2.625195999999999,1.2916341322170506,1.4104561716534696,1.0330080877770653,Included,Included
IM3,1.913368,2.8258112,0.0297363,0.0001071,2.032461,pptt1jmatch_run_23_386_349,385.689,349.3421,2.625195999999999,1.2916341322170506,1.0764191321333725,0.7288476746117245,Included,Excluded
IM4,1.5522436,2.4654816,0.0212175,9.08e-05,2.032461,pptt1jmatch_run_23_386_349,385.689,349.3421,2.625195999999999,1.2916341322170506,0.9391609616958128,0.5912867458277403,Excluded,Excluded
IM5,1.475787,2.2324707,0.0098169,6.21e-05,2.032461,pptt1jmatch_run_23_386_349,385.689,349.3421,2.625195999999999,1.2916341322170506,0.8504015319237119,0.5621625966213573,Excluded,Excluded
IM6,1.6027839,2.3531484,0.0045344,4.23e-05,2.032461,pptt1jmatch_run_23_386_349,385.689,349.3421,2.625195999999999,1.2916341322170506,0.8963705567127181,0.6105387559633645,Excluded,Excluded
IM7,1.4801376,1.7478607,0.0024284,3.1e-05,2.032461,pptt1jmatch_run_23_386_349,385.689,349.3421,2.625195999999999,1.2916341322170506,0.6658019820234378,0.563819844308768,Excluded,Excluded
IM8,2.2417589,2.3980262,0.0008939,1.88e-05,2.032461,pptt1jmatch_run_23_386_349,385.689,349.3421,2.625195999999999,1.2916341322170506,0.9134655850458407,0.8539396296505103,Excluded,Excluded
IM9,1.9378965,1.832483,0.0006545,1.61e-05,2.032461,pptt1jmatch_run_23_386_349,385.689,349.3421,2.625195999999999,1.2916341322170506,0.6980366418355052,0.7381911674404504,Excluded,Excluded
IM10,2.3566998,3.6343437,0.0003962,1.25e-05,2.032461,pptt1jmatch_run_23_386_349,385.689,349.3421,2.625195999999999,1.2916341322170506,1.3844085165450508,0.8977233699883745,Included,Excluded
IM11,2.1677084,1.9255906,0.0002611,1.02e-05,2.032461,pptt1jmatch_run_23_386_349,385.689,349.3421,2.625195999999999,1.2916341322170506,0.7335035555440435,0.8257320215328687,Excluded,Excluded
IM12,-1.0,-1.0,0.0,0.0,2.032461,pptt1jmatch_run_23_386_349,385.689,349.3421,2.625195999999999,1.2916341322170506,-0.38092393863162993,-0.38092393863162993,Excluded,Excluded
EM0,13.7651307,15.3936071,0.026659,0.0001015,2.032461,pptt1jmatch_run_23_386_349,385.689,349.3421,2.625195999999999,1.2916341322170506,5.863793446279823,5.243467802023165,Included,Included
EM1,6.3831829,6.2202403,0.0200318,8.83e-05,2.032461,pptt1jmatch_run_23_386_349,385.689,349.3421,2.625195999999999,1.2916341322170506,2.3694384343111916,2.43150717127407,Included,Included
EM2,4.11738,4.0798974,0.0121523,6.91e-05,2.032461,pptt1jmatch_run_23_386_349,385.689,349.3421,2.625195999999999,1.2916341322170506,1.5541305868209465,1.5684086064431004,Included,Included
EM3,2.7061091,3.2805756,0.0085187,5.79e-05,2.032461,pptt1jmatch_run_23_386_349,385.689,349.3421,2.625195999999999,1.2916341322170506,1.2496497785308227,1.0308217367388952,Included,Included
EM4,1.5444281,2.1595474,0.0114006,6.69e-05,2.032461,pptt1jmatch_run_23_386_349,385.689,349.3421,2.625195999999999,1.2916341322170506,0.8226233012696961,0.5883096347853648,Excluded,Excluded
EM5,1.168269,1.4154068,0.0052825,4.57e-05,2.032461,pptt1jmatch_run_23_386_349,385.689,349.3421,2.625195999999999,1.2916341322170506,0.5391623330219917,0.4450216288612357,Excluded,Excluded
EM6,1.3787959,1.9156249,0.0021059,2.89e-05,2.032461,pptt1jmatch_run_23_386_349,385.689,349.3421,2.625195999999999,1.2916341322170506,0.7297073818488222,0.525216364797143,Excluded,Excluded
EM7,0.9375371,1.3657355,0.0015345,2.47e-05,2.032461,pptt1jmatch_run_23_386_349,385.689,349.3421,2.625195999999999,1.2916341322170506,0.5202413457890385,0.3571303247452763,Excluded,Excluded
EM8,3.4099122,3.8793275,0.0002394,9.7e-06,2.032461,pptt1jmatch_run_23_386_349,385.689,349.3421,2.625195999999999,1.2916341322170506,1.4777287105419945,1.2989171856120463,Included,Included
EM9,1.8858753,1.6183563,0.0002583,1.01e-05,2.032461,pptt1jmatch_run_23_386_349,385.689,349.3421,2.625195999999999,1.2916341322170506,0.6164706559053117,0.7183750470441067,Excluded,Excluded
EM10,2.3161008,4.9547132,0.0001351,7.3e-06,2.032461,pptt1jmatch_run_23_386_349,385.689,349.3421,2.625195999999999,1.2916341322170506,1.8873688669341266,0.882258239003869,Included,Excluded
EM11,0.8398815,0.9447096,0.0002611,1.02e-05,2.032461,pptt1jmatch_run_23_386_349,385.689,349.3421,2.625195999999999,1.2916341322170506,0.3598625016951117,0.31993096896384127,Excluded,Excluded
EM12,-1.0,-1.0,0.0,0.0,2.032461,pptt1jmatch_run_23_386_349,385.689,349.3421,2.625195999999999,1.2916341322170506,-0.38092393863162993,-0.38092393863162993,Excluded,Excluded
IM0,6.2553272,7.9070759,0.0904849,0.0001848,1.921037,pptt1jmatch_run_24_389_349,389.2226,349.3421,2.4979864000000003,1.3003322684570886,3.165379883573425,2.5041478208208017,Included,Included
IM1,3.4442538,4.3297177,0.0656417,0.0001595,1.921037,pptt1jmatch_run_24_389_349,389.2226,349.3421,2.4979864000000003,1.3003322684570886,1.7332831355687122,1.378812070393978,Included,Included
IM2,2.5456619,3.4934121,0.0445387,0.0001329,1.921037,pptt1jmatch_run_24_389_349,389.2226,349.3421,2.4979864000000003,1.3003322684570886,1.3984912407849777,1.0190855722833396,Included,Included
IM3,1.8486071,2.7280752,0.0307443,0.0001112,1.921037,pptt1jmatch_run_24_389_349,389.2226,349.3421,2.4979864000000003,1.3003322684570886,1.0921097088438911,0.7400388969291425,Included,Excluded
IM4,1.6099888,2.5663528,0.0204043,9.11e-05,1.921037,pptt1jmatch_run_24_389_349,389.2226,349.3421,2.4979864000000003,1.3003322684570886,1.027368603768219,0.6445146378699259,Included,Excluded
IM5,1.6087697,2.4255993,0.0089985,6.08e-05,1.921037,pptt1jmatch_run_24_389_349,389.2226,349.3421,2.4979864000000003,1.3003322684570886,0.9710218198145514,0.6440266047885609,Excluded,Excluded
IM6,2.976942,4.3271835,0.0024578,3.19e-05,1.921037,pptt1jmatch_run_24_389_349,389.2226,349.3421,2.4979864000000003,1.3003322684570886,1.7322686384521548,1.1917366723854061,Included,Included
IM7,4.5865203,5.3908947,0.0007819,1.8e-05,1.921037,pptt1jmatch_run_24_389_349,389.2226,349.3421,2.4979864000000003,1.3003322684570886,2.158096096920303,1.836086977895476,Included,Included
IM8,5.1410526,5.4518022,0.0003915,1.27e-05,1.921037,pptt1jmatch_run_24_389_349,389.2226,349.3421,2.4979864000000003,1.3003322684570886,2.18247873567286,2.0580786989072477,Included,Included
IM9,9.1888613,8.6736594,0.0001378,7.6e-06,1.921037,pptt1jmatch_run_24_389_349,389.2226,349.3421,2.4979864000000003,1.3003322684570886,3.4722604574628586,3.678507336949472,Included,Included
IM10,-1.0,-1.0,0.0,0.0,1.921037,pptt1jmatch_run_24_389_349,389.2226,349.3421,2.4979864000000003,1.3003322684570886,-0.4003224357026123,-0.4003224357026123,Excluded,Excluded
IM11,-1.0,-1.0,0.0,0.0,1.921037,pptt1jmatch_run_24_389_349,389.2226,349.3421,2.4979864000000003,1.3003322684570886,-0.4003224357026123,-0.4003224357026123,Excluded,Excluded
IM12,-1.0,-1.0,0.0,0.0,1.921037,pptt1jmatch_run_24_389_349,389.2226,349.3421,2.4979864000000003,1.3003322684570886,-0.4003224357026123,-0.4003224357026123,Excluded,Excluded
EM0,14.7482909,16.4560141,0.0248431,0.0001003,1.921037,pptt1jmatch_run_24_389_349,389.2226,349.3421,2.4979864000000003,1.3003322684570886,6.587711646468531,5.904071735538672,Included,Included
EM1,6.028734,5.8945858,0.021103,9.26e-05,1.921037,pptt1jmatch_run_24_389_349,389.2226,349.3421,2.4979864000000003,1.3003322684570886,2.359734944914031,2.4134374790831523,Included,Included
EM2,3.6324811,3.6013359,0.0137944,7.51e-05,1.921037,pptt1jmatch_run_24_389_349,389.2226,349.3421,2.4979864000000003,1.3003322684570886,1.4416955592712593,1.4541636815957044,Included,Included
EM3,2.2483027,2.716582,0.01034,6.52e-05,1.921037,pptt1jmatch_run_24_389_349,389.2226,349.3421,2.4979864000000003,1.3003322684570886,1.0875087230258738,0.9000460130607596,Included,Excluded
EM4,1.5294352,2.1610999,0.0114058,6.84e-05,1.921037,pptt1jmatch_run_24_389_349,389.2226,349.3421,2.4979864000000003,1.3003322684570886,0.8651367757646717,0.612267224513312,Excluded,Excluded
EM5,0.9386278,1.1474751,0.0065407,5.19e-05,1.921037,pptt1jmatch_run_24_389_349,389.2226,349.3421,2.4979864000000003,1.3003322684570886,0.45936002694009864,0.3757537671141844,Excluded,Excluded
EM6,1.7319642,2.4135442,0.001676,2.63e-05,1.921037,pptt1jmatch_run_24_389_349,389.2226,349.3421,2.4979864000000003,1.3003322684570886,0.9661958928199128,0.6933441270937263,Excluded,Excluded
EM7,3.6842525,5.3800521,0.0003903,1.27e-05,1.921037,pptt1jmatch_run_24_389_349,389.2226,349.3421,2.4979864000000003,1.3003322684570886,2.1537555608789543,1.4748889345434384,Included,Included
EM8,3.1866086,3.6602272,0.0002537,1.03e-05,1.921037,pptt1jmatch_run_24_389_349,389.2226,349.3421,2.4979864000000003,1.3003322684570886,1.4652710679289525,1.2756709163828912,Included,Included
EM9,3.5615181,3.0177154,0.0001378,7.6e-06,1.921037,pptt1jmatch_run_24_389_349,389.2226,349.3421,2.4979864000000003,1.3003322684570886,1.2080591791852828,1.4257556005909398,Included,Included
EM10,-1.0,-1.0,0.0,0.0,1.921037,pptt1jmatch_run_24_389_349,389.2226,349.3421,2.4979864000000003,1.3003322684570886,-0.4003224357026123,-0.4003224357026123,Excluded,Excluded
EM11,-1.0,-1.0,0.0,0.0,1.921037,pptt1jmatch_run_24_389_349,389.2226,349.3421,2.4979864000000003,1.3003322684570886,-0.4003224357026123,-0.4003224357026123,Excluded,Excluded
EM12,-1.0,-1.0,0.0,0.0,1.921037,pptt1jmatch_run_24_389_349,389.2226,349.3421,2.4979864000000003,1.3003322684570886,-0.4003224357026123,-0.4003224357026123,Excluded,Excluded
IM0,7.3438431,9.2815728,0.0772182,0.0001796,1.757442,pptt1jmatch_run_25_395_349,395.4064,349.3421,2.2969951999999996,1.307010530077237,4.040745405127534,3.197152131619605,Included,Included
IM1,3.9922406,5.0299627,0.0565343,0.0001554,1.757442,pptt1jmatch_run_25_395_349,395.4064,349.3421,2.2969951999999996,1.307010530077237,2.1898011367198333,1.738027402059874,Included,Included
IM2,2.8948495,3.9814946,0.0391039,0.0001305,1.757442,pptt1jmatch_run_25_395_349,395.4064,349.3421,2.2969951999999996,1.307010530077237,1.7333491162715537,1.2602766866905077,Included,Included
IM3,2.151722,3.1720133,0.0264562,0.000108,1.757442,pptt1jmatch_run_25_395_349,395.4064,349.3421,2.2969951999999996,1.307010530077237,1.3809403258657227,0.9367551138112958,Included,Excluded
IM4,1.760532,2.7960825,0.0186366,9.1e-05,1.757442,pptt1jmatch_run_25_395_349,395.4064,349.3421,2.2969951999999996,1.307010530077237,1.2172783382394532,0.7664500126077757,Included,Excluded
IM5,1.7773009,2.6988856,0.0080916,6.03e-05,1.757442,pptt1jmatch_run_25_395_349,395.4064,349.3421,2.2969951999999996,1.307010530077237,1.1749635349695118,0.7737503761435811,Included,Excluded
IM6,2.0972455,3.0827051,0.0034577,3.95e-05,1.757442,pptt1jmatch_run_25_395_349,395.4064,349.3421,2.2969951999999996,1.307010530077237,1.342059878923561,0.9130386950743303,Included,Excluded
IM7,2.7235007,3.2140875,0.001314,2.44e-05,1.757442,pptt1jmatch_run_25_395_349,395.4064,349.3421,2.2969951999999996,1.307010530077237,1.3992573863454312,1.1856797524000053,Included,Included
IM8,3.8455549,4.1062812,0.0005192,1.53e-05,1.757442,pptt1jmatch_run_25_395_349,395.4064,349.3421,2.2969951999999996,1.307010530077237,1.7876751331478622,1.6741675820654744,Included,Included
IM9,-1.0,9.4396458,0.0001265,7.6e-06,1.757442,pptt1jmatch_run_25_395_349,395.4064,349.3421,2.2969951999999996,1.307010530077237,4.109562701741824,-0.43535136686397957,Included,Excluded
IM10,-1.0,-1.0,0.0,0.0,1.757442,pptt1jmatch_run_25_395_349,395.4064,349.3421,2.2969951999999996,1.307010530077237,-0.43535136686397957,-0.43535136686397957,Excluded,Excluded
IM11,-1.0,-1.0,0.0,0.0,1.757442,pptt1jmatch_run_25_395_349,395.4064,349.3421,2.2969951999999996,1.307010530077237,-0.43535136686397957,-0.43535136686397957,Excluded,Excluded
IM12,-1.0,-1.0,0.0,0.0,1.757442,pptt1jmatch_run_25_395_349,395.4064,349.3421,2.2969951999999996,1.307010530077237,-0.43535136686397957,-0.43535136686397957,Excluded,Excluded
EM0,17.7141936,19.8566618,0.0206839,9.58e-05,1.757442,pptt1jmatch_run_25_395_349,395.4064,349.3421,2.2969951999999996,1.307010530077237,8.64462485598577,7.71189839665316,Included,Included
EM1,7.3413368,7.1212907,0.0174305,8.81e-05,1.757442,pptt1jmatch_run_25_395_349,395.4064,349.3421,2.2969951999999996,1.307010530077237,3.100263640080746,3.196061010488834,Included,Included
EM2,3.9386497,3.9185412,0.0126476,7.52e-05,1.757442,pptt1jmatch_run_25_395_349,395.4064,349.3421,2.2969951999999996,1.307010530077237,1.7059422675328189,1.7146965304934032,Included,Included
EM3,2.9754275,3.5783838,0.0078196,5.93e-05,1.757442,pptt1jmatch_run_25_395_349,395.4064,349.3421,2.2969951999999996,1.307010530077237,1.5578542784939216,1.2953564291296735,Included,Included
EM4,1.6668196,2.340583,0.010545,6.87e-05,1.757442,pptt1jmatch_run_25_395_349,395.4064,349.3421,2.2969951999999996,1.307010530077237,1.018976008308594,0.7256521911756717,Included,Excluded
EM5,1.323461,1.6108766,0.0046339,4.57e-05,1.757442,pptt1jmatch_run_25_395_349,395.4064,349.3421,2.2969951999999996,1.307010530077237,0.7012973296592001,0.5761705553411693,Excluded,Excluded
EM6,1.3562576,1.8870105,0.0021436,3.11e-05,1.757442,pptt1jmatch_run_25_395_349,395.4064,349.3421,2.2969951999999996,1.307010530077237,0.8215126004616815,0.5904485999796605,Excluded,Excluded
EM7,1.8051431,2.6379662,0.0007948,1.9e-05,1.757442,pptt1jmatch_run_25_395_349,395.4064,349.3421,2.2969951999999996,1.307010530077237,1.1484421909109783,0.7858715159700814,Included,Excluded
EM8,2.0633921,2.3710558,0.0003928,1.33e-05,1.757442,pptt1jmatch_run_25_395_349,395.4064,349.3421,2.2969951999999996,1.307010530077237,1.0322423834407668,0.8983005711113373,Included,Excluded
EM9,3.8602192,3.2927642,0.0001265,7.6e-06,1.757442,pptt1jmatch_run_25_395_349,395.4064,349.3421,2.2969951999999996,1.307010530077237,1.4335093952307782,1.6805517051145777,Included,Included
EM10,-1.0,-1.0,0.0,0.0,1.757442,pptt1jmatch_run_25_395_349,395.4064,349.3421,2.2969951999999996,1.307010530077237,-0.43535136686397957,-0.43535136686397957,Excluded,Excluded
EM11,-1.0,-1.0,0.0,0.0,1.757442,pptt1jmatch_run_25_395_349,395.4064,349.3421,2.2969951999999996,1.307010530077237,-0.43535136686397957,-0.43535136686397957,Excluded,Excluded
EM12,-1.0,-1.0,0.0,0.0,1.757442,pptt1jmatch_run_25_395_349,395.4064,349.3421,2.2969951999999996,1.307010530077237,-0.43535136686397957,-0.43535136686397957,Excluded,Excluded
IM0,7.2390838,9.1826459,0.0780594,0.0001856,1.651532,pptt1jmatch_run_26_400_349,399.8233,349.3421,2.1556543999999995,1.3052453116258114,4.25979503022377,3.35818385358989,Included,Included
IM1,4.1162152,5.1911395,0.0547686,0.0001574,1.651532,pptt1jmatch_run_26_400_349,399.8233,349.3421,2.1556543999999995,1.3052453116258114,2.4081501654439603,1.9094968098782443,Included,Included
IM2,3.0508901,4.197365,0.0371037,0.0001308,1.651532,pptt1jmatch_run_26_400_349,399.8233,349.3421,2.1556543999999995,1.3052453116258114,1.9471418980704887,1.415296487229122,Included,Included
IM3,2.2074486,3.2601055,0.025702,0.0001095,1.651532,pptt1jmatch_run_26_400_349,399.8233,349.3421,2.1556543999999995,1.3052453116258114,1.5123507274635493,1.024027135333011,Included,Included
IM4,1.7536731,2.8100254,0.0186878,9.37e-05,1.651532,pptt1jmatch_run_26_400_349,399.8233,349.3421,2.1556543999999995,1.3052453116258114,1.3035602552988088,0.813522380953088,Included,Excluded
IM5,2.0809056,3.1367757,0.0069735,5.76e-05,1.651532,pptt1jmatch_run_26_400_349,399.8233,349.3421,2.1556543999999995,1.3052453116258114,1.45513849529869,0.9653243117264068,Included,Excluded
IM6,2.3687575,3.462628,0.0030719,3.83e-05,1.651532,pptt1jmatch_run_26_400_349,399.8233,349.3421,2.1556543999999995,1.3052453116258114,1.6063001564629287,1.098857729699158,Included,Included
IM7,2.800227,3.3001957,0.0012847,2.48e-05,1.651532,pptt1jmatch_run_26_400_349,399.8233,349.3421,2.1556543999999995,1.3052453116258114,1.5309484210456004,1.299014814248518,Included,Included
IM8,5.171548,5.5575084,0.0003864,1.36e-05,1.651532,pptt1jmatch_run_26_400_349,399.8233,349.3421,2.1556543999999995,1.3052453116258114,2.5781073255527422,2.3990617419935223,Included,Included
IM9,4.8718255,4.6242053,0.000259,1.11e-05,1.651532,pptt1jmatch_run_26_400_349,399.8233,349.3421,2.1556543999999995,1.3052453116258114,2.1451515140831483,2.2600215971539783,Included,Included
IM10,-1.0,-1.0,0.0,0.0,1.651532,pptt1jmatch_run_26_400_349,399.8233,349.3421,2.1556543999999995,1.3052453116258114,-0.4638962534996334,-0.4638962534996334,Excluded,Excluded
IM11,-1.0,-1.0,0.0,0.0,1.651532,pptt1jmatch_run_26_400_349,399.8233,349.3421,2.1556543999999995,1.3052453116258114,-0.4638962534996334,-0.4638962534996334,Excluded,Excluded
IM12,-1.0,-1.0,0.0,0.0,1.651532,pptt1jmatch_run_26_400_349,399.8233,349.3421,2.1556543999999995,1.3052453116258114,-0.4638962534996334,-0.4638962534996334,Excluded,Excluded
EM0,15.824351,17.590267,0.0232908,0.0001043,1.651532,pptt1jmatch_run_26_400_349,399.8233,349.3421,2.1556543999999995,1.3052453116258114,8.160058959358237,7.340857142963178,Included,Included
EM1,7.1869725,7.0388607,0.0176648,9.11e-05,1.651532,pptt1jmatch_run_26_400_349,399.8233,349.3421,2.1556543999999995,1.3052453116258114,3.2653011076358074,3.3340096167548943,Included,Included
EM2,4.3842737,4.3439294,0.0114017,7.34e-05,1.651532,pptt1jmatch_run_26_400_349,399.8233,349.3421,2.1556543999999995,1.3052453116258114,2.015132574126911,2.0338481437469755,Included,Included
EM3,3.3168581,3.9913596,0.0070142,5.77e-05,1.651532,pptt1jmatch_run_26_400_349,399.8233,349.3421,2.1556543999999995,1.3052453116258114,1.8515767648097956,1.5386780459799125,Included,Included
EM4,1.4944746,2.1052719,0.0117143,7.44e-05,1.651532,pptt1jmatch_run_26_400_349,399.8233,349.3421,2.1556543999999995,1.3052453116258114,0.9766277470080549,0.6932811678903633,Excluded,Excluded
EM5,1.5788572,1.9258196,0.0039017,4.31e-05,1.651532,pptt1jmatch_run_26_400_349,399.8233,349.3421,2.1556543999999995,1.3052453116258114,0.8933804973561627,0.7324259398909215,Excluded,Excluded
EM6,1.6260147,2.2525143,0.0017872,2.92e-05,1.651532,pptt1jmatch_run_26_400_349,399.8233,349.3421,2.1556543999999995,1.3052453116258114,1.0449329447243494,0.7543021274653304,Included,Excluded
EM7,1.6000829,2.3308593,0.0008983,2.07e-05,1.651532,pptt1jmatch_run_26_400_349,399.8233,349.3421,2.1556543999999995,1.3052453116258114,1.0812768967047783,0.7422724625988286,Included,Excluded
EM8,6.3680921,7.3328558,0.0001275,7.8e-06,1.651532,pptt1jmatch_run_26_400_349,399.8233,349.3421,2.1556543999999995,1.3052453116258114,3.4016843330730575,2.9541340671306133,Included,Included
EM9,1.8874771,1.6071339,0.000259,1.11e-05,1.651532,pptt1jmatch_run_26_400_349,399.8233,349.3421,2.1556543999999995,1.3052453116258114,0.7455433950822545,0.875593555256353,Excluded,Excluded
EM10,-1.0,-1.0,0.0,0.0,1.651532,pptt1jmatch_run_26_400_349,399.8233,349.3421,2.1556543999999995,1.3052453116258114,-0.4638962534996334,-0.4638962534996334,Excluded,Excluded
EM11,-1.0,-1.0,0.0,0.0,1.651532,pptt1jmatch_run_26_400_349,399.8233,349.3421,2.1556543999999995,1.3052453116258114,-0.4638962534996334,-0.4638962534996334,Excluded,Excluded
EM12,-1.0,-1.0,0.0,0.0,1.651532,pptt1jmatch_run_26_400_349,399.8233,349.3421,2.1556543999999995,1.3052453116258114,-0.4638962534996334,-0.4638962534996334,Excluded,Excluded
IM0,8.8373647,11.1991185,0.0641014,0.0001825,1.414051,pptt1jmatch_run_27_410_349,410.424,349.3421,1.8698240000000004,1.3223172290108351,5.989397130425108,4.726308304952765,Included,Included
IM1,5.1034573,6.3972418,0.0443973,0.0001534,1.414051,pptt1jmatch_run_27_410_349,410.424,349.3421,1.8698240000000004,1.3223172290108351,3.4213069251437562,2.7293784334782303,Included,Included
IM2,3.8095297,5.2260543,0.0297002,0.0001265,1.414051,pptt1jmatch_run_27_410_349,410.424,349.3421,1.8698240000000004,1.3223172290108351,2.794944497450027,2.037373410545591,Included,Included
IM3,2.9729348,4.393673,0.0191092,0.000102,1.414051,pptt1jmatch_run_27_410_349,410.424,349.3421,1.8698240000000004,1.3223172290108351,2.3497789096727812,1.589954348644578,Included,Included
IM4,2.5474426,4.0430035,0.0129248,8.41e-05,1.414051,pptt1jmatch_run_27_410_349,410.424,349.3421,1.8698240000000004,1.3223172290108351,2.1622374619215496,1.3623969956530666,Included,Included
IM5,2.1349765,3.2252404,0.0067693,6.11e-05,1.414051,pptt1jmatch_run_27_410_349,410.424,349.3421,1.8698240000000004,1.3223172290108351,1.724889829203176,1.1418061272076943,Included,Included
IM6,2.1967717,3.2286877,0.0033044,4.28e-05,1.414051,pptt1jmatch_run_27_410_349,410.424,349.3421,1.8698240000000004,1.3223172290108351,1.7267334786589537,1.1748547991682639,Included,Included
IM7,2.1451921,2.5403374,0.0016682,3.04e-05,1.414051,pptt1jmatch_run_27_410_349,410.424,349.3421,1.8698240000000004,1.3223172290108351,1.3585970658200983,1.147269529110761,Included,Included
IM8,2.6226529,2.8159068,0.0007629,2.06e-05,1.414051,pptt1jmatch_run_27_410_349,410.424,349.3421,1.8698240000000004,1.3223172290108351,1.5059742521221247,1.402620193130476,Included,Included
IM9,3.2116185,3.0219276,0.0003942,1.48e-05,1.414051,pptt1jmatch_run_27_410_349,410.424,349.3421,1.8698240000000004,1.3223172290108351,1.6161561729874039,1.7176047050417578,Included,Included
IM10,2.3656212,3.650598,0.0003942,1.48e-05,1.414051,pptt1jmatch_run_27_410_349,410.424,349.3421,1.8698240000000004,1.3223172290108351,1.9523751968099667,1.2651571484802846,Included,Included
IM11,2.1300511,1.9091001,0.0002644,1.21e-05,1.414051,pptt1jmatch_run_27_410_349,410.424,349.3421,1.8698240000000004,1.3223172290108351,1.0210052389957556,1.1391719755442222,Included,Included
IM12,1.3203766,1.0526953,0.0002644,1.21e-05,1.414051,pptt1jmatch_run_27_410_349,410.424,349.3421,1.8698240000000004,1.3223172290108351,0.5629916505510677,0.7061502045112266,Excluded,Excluded
EM0,18.6434373,20.8477718,0.0197041,0.0001035,1.414051,pptt1jmatch_run_27_410_349,410.424,349.3421,1.8698240000000004,1.3223172290108351,11.149590442736855,9.970690984819958,Included,Included
EM1,8.683675,8.4659851,0.0146971,8.96e-05,1.414051,pptt1jmatch_run_27_410_349,410.424,349.3421,1.8698240000000004,1.3223172290108351,4.527690894971932,4.644113563629516,Included,Included
EM2,4.7191718,4.6922662,0.0105911,7.63e-05,1.414051,pptt1jmatch_run_27_410_349,410.424,349.3421,1.8698240000000004,1.3223172290108351,2.5094694473918393,2.523858823076396,Included,Included
EM3,3.7558694,4.5325427,0.0061843,5.84e-05,1.414051,pptt1jmatch_run_27_410_349,410.424,349.3421,1.8698240000000004,1.3223172290108351,2.424047771341045,2.0086753619592,Included,Included
EM4,2.8516118,4.005144,0.0061555,5.83e-05,1.414051,pptt1jmatch_run_27_410_349,410.424,349.3421,1.8698240000000004,1.3223172290108351,2.1419898343373487,1.5250696322220698,Included,Included
EM5,1.768359,2.1609773,0.003465,4.38e-05,1.414051,pptt1jmatch_run_27_410_349,410.424,349.3421,1.8698240000000004,1.3223172290108351,1.1557116070817357,0.945735534467415,Included,Excluded
EM6,1.7709539,2.4648945,0.0016362,3.01e-05,1.414051,pptt1jmatch_run_27_410_349,410.424,349.3421,1.8698240000000004,1.3223172290108351,1.3182494716080229,0.9471233121406077,Included,Excluded
EM7,1.5835172,2.3101034,0.0009053,2.24e-05,1.414051,pptt1jmatch_run_27_410_349,410.424,349.3421,1.8698240000000004,1.3223172290108351,1.235465690888554,0.846880348096933,Included,Excluded
EM8,2.2050725,2.5192108,0.0003686,1.43e-05,1.414051,pptt1jmatch_run_27_410_349,410.424,349.3421,1.8698240000000004,1.3223172290108351,1.347298355353231,1.1792941474705638,Included,Included
EM9,-1.0,-1.0,0.0,0.0,1.414051,pptt1jmatch_run_27_410_349,410.424,349.3421,1.8698240000000004,1.3223172290108351,-0.5348096933187294,-0.5348096933187294,Excluded,Excluded
EM10,2.4258319,5.1347638,0.0001298,8.5e-06,1.414051,pptt1jmatch_run_27_410_349,410.424,349.3421,1.8698240000000004,1.3223172290108351,2.746121453142113,1.2973584144817905,Included,Included
EM11,-1.0,-1.0,0.0,0.0,1.414051,pptt1jmatch_run_27_410_349,410.424,349.3421,1.8698240000000004,1.3223172290108351,-0.5348096933187294,-0.5348096933187294,Excluded,Excluded
EM12,0.9651626,0.775377,0.0002644,1.21e-05,1.414051,pptt1jmatch_run_27_410_349,410.424,349.3421,1.8698240000000004,1.3223172290108351,0.4146791355763964,0.5161783141087074,Excluded,Excluded
IM0,9.655426,12.2532863,0.0584284,0.0001851,1.23699,pptt1jmatch_run_28_420_349,420.1413,349.3421,1.637174,1.3235143372218043,7.484412957938497,5.897617479876911,Included,Included
IM1,5.565037,7.002634,0.0406169,0.0001558,1.23699,pptt1jmatch_run_28_420_349,420.1413,349.3421,1.637174,1.3235143372218043,4.277269245663565,3.3991725986364316,Included,Included
IM2,4.3311855,5.9792879,0.0261015,0.0001258,1.23699,pptt1jmatch_run_28_420_349,420.1413,349.3421,1.637174,1.3235143372218043,3.652200621314534,2.645525460335921,Included,Included
IM3,3.5928992,5.2972312,0.0158474,9.86e-05,1.23699,pptt1jmatch_run_28_420_349,420.1413,349.3421,1.637174,1.3235143372218043,3.2355945061429026,2.194573820498005,Included,Included
IM4,3.3837502,5.3907998,0.0097153,7.74e-05,1.23699,pptt1jmatch_run_28_420_349,420.1413,349.3421,1.637174,1.3235143372218043,3.2927470140620367,2.0668238073656195,Included,Included
IM5,3.0159893,4.5782346,0.0047781,5.44e-05,1.23699,pptt1jmatch_run_28_420_349,420.1413,349.3421,1.637174,1.3235143372218043,2.7964251814407026,1.842192277668715,Included,Included
IM6,3.0573048,4.4859664,0.0023799,3.85e-05,1.23699,pptt1jmatch_run_28_420_349,420.1413,349.3421,1.637174,1.3235143372218043,2.740066969057657,1.8674281414192997,Included,Included
IM7,3.5908667,4.2231333,0.001004,2.5e-05,1.23699,pptt1jmatch_run_28_420_349,420.1413,349.3421,1.637174,1.3235143372218043,2.579526244614195,2.193332351967476,Included,Included
IM8,2.3008308,2.4509746,0.0008761,2.34e-05,1.23699,pptt1jmatch_run_28_420_349,420.1413,349.3421,1.637174,1.3235143372218043,1.4970764255967908,1.4053672975505356,Included,Included
IM9,4.9796686,4.6858909,0.000254,1.26e-05,1.23699,pptt1jmatch_run_28_420_349,420.1413,349.3421,1.637174,1.3235143372218043,2.8621825780277486,3.0416245310516787,Included,Included
IM10,3.6792845,5.6645127,0.000254,1.26e-05,1.23699,pptt1jmatch_run_28_420_349,420.1413,349.3421,1.637174,1.3235143372218043,3.459933214184932,2.2473387068204116,Included,Included
IM11,4.4468264,3.9763509,0.000127,8.9e-06,1.23699,pptt1jmatch_run_28_420_349,420.1413,349.3421,1.637174,1.3235143372218043,2.4287894261697294,2.7161599194709916,Included,Included
IM12,-1.0,-1.0,0.0,0.0,1.23699,pptt1jmatch_run_28_420_349,420.1413,349.3421,1.637174,1.3235143372218043,-0.6108086251064335,-0.6108086251064335,Excluded,Excluded
EM0,20.5898538,22.9412471,0.0178115,0.0001044,1.23699,pptt1jmatch_run_28_420_349,420.1413,349.3421,1.637174,1.3235143372218043,14.012711599377955,12.576460290720476,Included,Included
EM1,8.7931756,8.5859901,0.0145154,9.44e-05,1.23699,pptt1jmatch_run_28_420_349,420.1413,349.3421,1.637174,1.3235143372218043,5.2443968081584496,5.370947498555439,Included,Included
EM2,4.8812845,4.8467919,0.0102541,7.95e-05,1.23699,pptt1jmatch_run_28_420_349,420.1413,349.3421,1.637174,1.3235143372218043,2.960462296615999,2.9815306741983445,Included,Included
EM3,3.7963575,4.5795763,0.0061321,6.16e-05,1.23699,pptt1jmatch_run_28_420_349,420.1413,349.3421,1.637174,1.3235143372218043,2.797244703373008,2.3188479049874973,Included,Included
EM4,3.5516595,4.9999704,0.0049372,5.53e-05,1.23699,pptt1jmatch_run_28_420_349,420.1413,349.3421,1.637174,1.3235143372218043,3.0540250455968643,2.169384256041203,Included,Included
EM5,2.5552812,3.1330318,0.0023982,3.86e-05,1.23699,pptt1jmatch_run_28_420_349,420.1413,349.3421,1.637174,1.3235143372218043,1.9136828461727347,1.5607877965323176,Included,Included
EM6,2.1080448,2.9305195,0.0013759,2.93e-05,1.23699,pptt1jmatch_run_28_420_349,420.1413,349.3421,1.637174,1.3235143372218043,1.789986586642593,1.2876119459507667,Included,Included
EM7,11.2312506,16.4203222,0.0001279,8.9e-06,1.23699,pptt1jmatch_run_28_420_349,420.1413,349.3421,1.637174,1.3235143372218043,10.029674426786649,6.860144737211806,Included,Included
EM8,1.306247,1.495914,0.0006221,1.97e-05,1.23699,pptt1jmatch_run_28_420_349,420.1413,349.3421,1.637174,1.3235143372218043,0.9137171736174654,0.7978669341194035,Excluded,Excluded
EM9,-1.0,-1.0,0.0,0.0,1.23699,pptt1jmatch_run_28_420_349,420.1413,349.3421,1.637174,1.3235143372218043,-0.6108086251064335,-0.6108086251064335,Excluded,Excluded
EM10,2.4688034,5.2540314,0.000127,8.9e-06,1.23699,pptt1jmatch_run_28_420_349,420.1413,349.3421,1.637174,1.3235143372218043,3.2092076957000297,1.5079664104120885,Included,Included
EM11,1.7247727,1.9365687,0.000127,8.9e-06,1.23699,pptt1jmatch_run_28_420_349,420.1413,349.3421,1.637174,1.3235143372218043,1.1828728650711533,1.053506041508111,Included,Included
EM12,-1.0,-1.0,0.0,0.0,1.23699,pptt1jmatch_run_28_420_349,420.1413,349.3421,1.637174,1.3235143372218043,-0.6108086251064335,-0.6108086251064335,Excluded,Excluded
IM0,5.5532287,7.0617349,0.1015188,0.0001968,1.889343,pptt1jmatch_run_29_390_364,390.106,363.5965,2.4666080000000004,1.3055374275607978,2.8629335913935248,2.251362478350836,Included,Included
IM1,3.1164524,3.9203357,0.0727006,0.0001692,1.889343,pptt1jmatch_run_29_390_364,390.106,363.5965,2.4666080000000004,1.3055374275607978,1.5893630848517475,1.263456698429584,Included,Included
IM2,2.1926542,3.0044878,0.0518956,0.0001446,1.889343,pptt1jmatch_run_29_390_364,390.106,363.5965,2.4666080000000004,1.3055374275607978,1.218064564778838,0.8889350071028715,Included,Excluded
IM3,1.6134752,2.362469,0.0353771,0.0001204,1.889343,pptt1jmatch_run_29_390_364,390.106,363.5965,2.4666080000000004,1.3055374275607978,0.957780482346607,0.6541271251856801,Excluded,Excluded
IM4,1.2859126,2.051645,0.0255383,0.0001028,1.889343,pptt1jmatch_run_29_390_364,390.106,363.5965,2.4666080000000004,1.3055374275607978,0.8317677555574294,0.5213283180789164,Excluded,Excluded
IM5,1.1620843,1.7514453,0.0124779,7.23e-05,1.889343,pptt1jmatch_run_29_390_364,390.106,363.5965,2.4666080000000004,1.3055374275607978,0.710062279859629,0.471126461926662,Excluded,Excluded
IM6,0.9455613,1.389757,0.0076878,5.69e-05,1.889343,pptt1jmatch_run_29_390_364,390.106,363.5965,2.4666080000000004,1.3055374275607978,0.563428400459254,0.38334477955151364,Excluded,Excluded
IM7,0.7981904,0.9406583,0.0044979,4.36e-05,1.889343,pptt1jmatch_run_29_390_364,390.106,363.5965,2.4666080000000004,1.3055374275607978,0.38135702957259515,0.32359839909705956,Excluded,Excluded
IM8,0.7931534,0.8466965,0.0025257,3.27e-05,1.889343,pptt1jmatch_run_29_390_364,390.106,363.5965,2.4666080000000004,1.3055374275607978,0.34326350194274885,0.3215563235017481,Excluded,Excluded
IM9,1.3641503,1.2892425,0.0009256,1.98e-05,1.889343,pptt1jmatch_run_29_390_364,390.106,363.5965,2.4666080000000004,1.3055374275607978,0.5226783096462835,0.5530470589570778,Excluded,Excluded
IM10,1.4181933,2.1925528,0.0006565,1.67e-05,1.889343,pptt1jmatch_run_29_390_364,390.106,363.5965,2.4666080000000004,1.3055374275607978,0.8888938980170338,0.5749569043804285,Excluded,Excluded
IM11,2.1611871,1.925449,0.0002606,1.05e-05,1.889343,pptt1jmatch_run_29_390_364,390.106,363.5965,2.4666080000000004,1.3055374275607978,0.7806059981967137,0.8761777712550999,Excluded,Excluded
IM12,2.6898435,2.131194,0.0001294,7.4e-06,1.889343,pptt1jmatch_run_29_390_364,390.106,363.5965,2.4666080000000004,1.3055374275607978,0.8640181171876519,1.0905030308828965,Excluded,Included
EM0,12.780392,14.2434651,0.0288182,0.000109,1.889343,pptt1jmatch_run_29_390_364,390.106,363.5965,2.4666080000000004,1.3055374275607978,5.774515083061434,5.181363232422825,Included,Included
EM1,6.1356521,5.9520708,0.020805,9.3e-05,1.889343,pptt1jmatch_run_29_390_364,390.106,363.5965,2.4666080000000004,1.3055374275607978,2.413059067350791,2.4874856888488153,Included,Included
EM2,3.0246483,2.9982845,0.0165184,8.31e-05,1.889343,pptt1jmatch_run_29_390_364,390.106,363.5965,2.4666080000000004,1.3055374275607978,1.215549653613383,1.22623793484818,Included,Included
EM3,2.3417194,2.8525397,0.0098388,6.43e-05,1.889343,pptt1jmatch_run_29_390_364,390.106,363.5965,2.4666080000000004,1.3055374275607978,1.156462518568009,0.9493682822726593,Included,Excluded
EM4,1.3445129,1.8909561,0.0130605,7.4e-05,1.889343,pptt1jmatch_run_29_390_364,390.106,363.5965,2.4666080000000004,1.3055374275607978,0.7666220574975836,0.5450857614991923,Excluded,Excluded
EM5,1.2791071,1.5683236,0.00479,4.5e-05,1.889343,pptt1jmatch_run_29_390_364,390.106,363.5965,2.4666080000000004,1.3055374275607978,0.6358219871175314,0.5185692659717311,Excluded,Excluded
EM6,0.912451,1.268714,0.0031899,3.68e-05,1.889343,pptt1jmatch_run_29_390_364,390.106,363.5965,2.4666080000000004,1.3055374275607978,0.5143557468393841,0.3699213656973463,Excluded,Excluded
EM7,0.7287079,1.0585975,0.0019722,2.89e-05,1.889343,pptt1jmatch_run_29_390_364,390.106,363.5965,2.4666080000000004,1.3055374275607978,0.42917135596738515,0.2954291480446021,Excluded,Excluded
EM8,0.5054238,0.5813748,0.0016001,2.6e-05,1.889343,pptt1jmatch_run_29_390_364,390.106,363.5965,2.4666080000000004,1.3055374275607978,0.23569809227895144,0.20490641399038675,Excluded,Excluded
EM9,1.8182877,1.5504901,0.0002692,1.07e-05,1.889343,pptt1jmatch_run_29_390_364,390.106,363.5965,2.4666080000000004,1.3055374275607978,0.6285920178642086,0.7371611946446293,Excluded,Excluded
EM10,0.7894194,1.6831582,0.0003958,1.3e-05,1.889343,pptt1jmatch_run_29_390_364,390.106,363.5965,2.4666080000000004,1.3055374275607978,0.6823776619552032,0.32004250371360177,Excluded,Excluded
EM11,1.6682831,1.8832945,0.0001313,7.5e-06,1.889343,pptt1jmatch_run_29_390_364,390.106,363.5965,2.4666080000000004,1.3055374275607978,0.7635159295680545,0.6763470725790234,Excluded,Excluded
EM12,1.9664956,1.5774347,0.0001294,7.4e-06,1.889343,pptt1jmatch_run_29_390_364,390.106,363.5965,2.4666080000000004,1.3055374275607978,0.639515764158715,0.7972469074940159,Excluded,Excluded
IM0,5.5518162,7.0627043,0.1015182,0.0002025,1.763796,pptt1jmatch_run_30_395_365,395.4064,364.693,2.2969951999999996,1.3023020802859286,3.074757970761106,2.416990771247585,Included,Included
IM1,2.9644742,3.7478016,0.075957,0.0001776,1.763796,pptt1jmatch_run_30_395_365,395.4064,364.693,2.2969951999999996,1.3023020802859286,1.6316105492950097,1.2905878950030025,Included,Included
IM2,2.3609852,3.2516412,0.0478848,0.0001432,1.763796,pptt1jmatch_run_30_395_365,395.4064,364.693,2.2969951999999996,1.3023020802859286,1.4156064409712308,1.0278581339656263,Included,Included
IM3,1.7347235,2.5502736,0.0328822,0.0001196,1.763796,pptt1jmatch_run_30_395_365,395.4064,364.693,2.2969951999999996,1.3023020802859286,1.110265097637122,0.7552142468560668,Included,Excluded
IM4,1.4846242,2.3628118,0.0221621,9.87e-05,1.763796,pptt1jmatch_run_30_395_365,395.4064,364.693,2.2969951999999996,1.3023020802859286,1.02865334677234,0.6463331747493423,Included,Excluded
IM5,1.3126295,1.9888519,0.0110007,6.99e-05,1.763796,pptt1jmatch_run_30_395_365,395.4064,364.693,2.2969951999999996,1.3023020802859286,0.8658493931550229,0.571455047010982,Excluded,Excluded
IM6,1.6490413,2.4170984,0.0044091,4.44e-05,1.763796,pptt1jmatch_run_30_395_365,395.4064,364.693,2.2969951999999996,1.3023020802859286,1.052287092284738,0.7179123839701538,Included,Excluded
IM7,1.4271121,1.6787632,0.0025165,3.36e-05,1.763796,pptt1jmatch_run_30_395_365,395.4064,364.693,2.2969951999999996,1.3023020802859286,0.7308518537609483,0.6212952034031244,Excluded,Excluded
IM8,1.1191909,1.1967126,0.0017773,2.82e-05,1.763796,pptt1jmatch_run_30_395_365,395.4064,364.693,2.2969951999999996,1.3023020802859286,0.5209904661533469,0.4872412880967275,Excluded,Excluded
IM9,1.9724693,1.8577053,0.0006411,1.7e-05,1.763796,pptt1jmatch_run_30_395_365,395.4064,364.693,2.2969951999999996,1.3023020802859286,0.8087545415854592,0.858717205852237,Excluded,Excluded
IM10,6.9792856,10.7876844,0.0001336,7.8e-06,1.763796,pptt1jmatch_run_30_395_365,395.4064,364.693,2.2969951999999996,1.3023020802859286,4.6964331488372295,3.0384415256940898,Included,Included
IM11,4.2207833,3.7572217,0.0001336,7.8e-06,1.763796,pptt1jmatch_run_30_395_365,395.4064,364.693,2.2969951999999996,1.3023020802859286,1.6357116027060052,1.8375237788916585,Included,Included
IM12,2.6070484,2.0620602,0.0001336,7.8e-06,1.763796,pptt1jmatch_run_30_395_365,395.4064,364.693,2.2969951999999996,1.3023020802859286,0.8977207266258111,1.1349820844205512,Excluded,Included
EM0,14.3580843,16.0975091,0.0255613,0.0001058,1.763796,pptt1jmatch_run_30_395_365,395.4064,364.693,2.2969951999999996,1.3023020802859286,7.00807258979035,6.250811625553245,Included,Included
EM1,4.5408226,4.4385757,0.0280722,0.0001108,1.763796,pptt1jmatch_run_30_395_365,395.4064,364.693,2.2969951999999996,1.3023020802859286,1.9323399979242453,1.97685332559685,Included,Included
EM2,3.3469883,3.3061274,0.0150026,8.15e-05,1.763796,pptt1jmatch_run_30_395_365,395.4064,364.693,2.2969951999999996,1.3023020802859286,1.439327082616455,1.4571159312827475,Included,Included
EM3,2.1640735,2.6198773,0.0107201,6.91e-05,1.763796,pptt1jmatch_run_30_395_365,395.4064,364.693,2.2969951999999996,1.3023020802859286,1.1405671635709125,0.9421323562191164,Included,Excluded
EM4,1.5768545,2.2062117,0.0111614,7.04e-05,1.763796,pptt1jmatch_run_30_395_365,395.4064,364.693,2.2969951999999996,1.3023020802859286,0.9604772791863041,0.6864857619206172,Excluded,Excluded
EM5,0.9313595,1.138682,0.0065915,5.43e-05,1.763796,pptt1jmatch_run_30_395_365,395.4064,364.693,2.2969951999999996,1.3023020802859286,0.49572676512341,0.4054686313667526,Excluded,Excluded
EM6,1.5251914,2.1374922,0.0018927,2.91e-05,1.763796,pptt1jmatch_run_30_395_365,395.4064,364.693,2.2969951999999996,1.3023020802859286,0.9305601509310949,0.6639941607191866,Excluded,Excluded
EM7,1.946034,2.8311707,0.0007392,1.82e-05,1.763796,pptt1jmatch_run_30_395_365,395.4064,364.693,2.2969951999999996,1.3023020802859286,1.2325540340702499,0.8472085618637777,Included,Excluded
EM8,0.7150212,0.8170839,0.0011361,2.26e-05,1.763796,pptt1jmatch_run_30_395_365,395.4064,364.693,2.2969951999999996,1.3023020802859286,0.3557185927075512,0.3112854567567229,Excluded,Excluded
EM9,0.962925,0.8170386,0.0005075,1.51e-05,1.763796,pptt1jmatch_run_30_395_365,395.4064,364.693,2.2969951999999996,1.3023020802859286,0.35569887129063227,0.41921071493749756,Excluded,Excluded
EM10,-1.0,-1.0,0.0,0.0,1.763796,pptt1jmatch_run_30_395_365,395.4064,364.693,2.2969951999999996,1.3023020802859286,-0.43535136686397957,-0.43535136686397957,Excluded,Excluded
EM11,-1.0,-1.0,0.0,0.0,1.763796,pptt1jmatch_run_30_395_365,395.4064,364.693,2.2969951999999996,1.3023020802859286,-0.43535136686397957,-0.43535136686397957,Excluded,Excluded
EM12,1.9075607,1.5280942,0.0001336,7.8e-06,1.763796,pptt1jmatch_run_30_395_365,395.4064,364.693,2.2969951999999996,1.3023020802859286,0.6652578986669194,0.8304591581210098,Excluded,Excluded
IM0,5.9734515,7.5996063,0.0944039,0.0001983,1.706462,pptt1jmatch_run_31_397_365,397.1731,364.693,2.2404608000000006,1.31292744872139,3.3919836044442278,2.666170950190246,Included,Included
IM1,3.3263758,4.1800113,0.0681326,0.0001709,1.706462,pptt1jmatch_run_31_397_365,397.1731,364.693,2.2404608000000006,1.31292744872139,1.8656926735785777,1.4846837757661278,Included,Included
IM2,2.4674104,3.3869999,0.0457948,0.0001418,1.706462,pptt1jmatch_run_31_397_365,397.1731,364.693,2.2404608000000006,1.31292744872139,1.5117425397489657,1.1012959476907604,Included,Included
IM3,1.8028561,2.6627801,0.0314905,0.0001185,1.706462,pptt1jmatch_run_31_397_365,397.1731,364.693,2.2404608000000006,1.31292744872139,1.1884966253370732,0.8046809388497221,Included,Excluded
IM4,1.5168672,2.406219,0.0217383,9.89e-05,1.706462,pptt1jmatch_run_31_397_365,397.1731,364.693,2.2404608000000006,1.31292744872139,1.0739839768676156,0.6770335816632006,Included,Excluded
IM5,1.6321813,2.4718049,0.0088646,6.36e-05,1.706462,pptt1jmatch_run_31_397_365,397.1731,364.693,2.2404608000000006,1.31292744872139,1.103257374554377,0.7285025026994445,Included,Excluded
IM6,1.7271497,2.5319404,0.0042098,4.39e-05,1.706462,pptt1jmatch_run_31_397_365,397.1731,364.693,2.2404608000000006,1.31292744872139,1.1300980583994147,0.7708903900483327,Included,Excluded
IM7,2.1464192,2.5216829,0.0016773,2.78e-05,1.706462,pptt1jmatch_run_31_397_365,397.1731,364.693,2.2404608000000006,1.31292744872139,1.125519759149546,0.9580257775543314,Included,Excluded
IM8,2.5688262,2.7347006,0.0007846,1.9e-05,1.706462,pptt1jmatch_run_31_397_365,397.1731,364.693,2.2404608000000006,1.31292744872139,1.220597387823076,1.1465615466246941,Included,Included
IM9,3.1850985,3.0247579,0.0003968,1.35e-05,1.706462,pptt1jmatch_run_31_397_365,397.1731,364.693,2.2404608000000006,1.31292744872139,1.3500606214578712,1.4216265243292805,Included,Included
IM10,-1.0,-1.0,0.0,0.0,1.706462,pptt1jmatch_run_31_397_365,397.1731,364.693,2.2404608000000006,1.31292744872139,-0.44633675358212016,-0.44633675358212016,Excluded,Excluded
IM11,-1.0,-1.0,0.0,0.0,1.706462,pptt1jmatch_run_31_397_365,397.1731,364.693,2.2404608000000006,1.31292744872139,-0.44633675358212016,-0.44633675358212016,Excluded,Excluded
IM12,-1.0,-1.0,0.0,0.0,1.706462,pptt1jmatch_run_31_397_365,397.1731,364.693,2.2404608000000006,1.31292744872139,-0.44633675358212016,-0.44633675358212016,Excluded,Excluded
EM0,13.9552944,15.6517805,0.0262713,0.0001085,1.706462,pptt1jmatch_run_31_397_365,397.1731,364.693,2.2404608000000006,1.31292744872139,6.985964896149933,6.228760797778741,Included,Included
EM1,5.7035564,5.5830158,0.0223379,0.0001002,1.706462,pptt1jmatch_run_31_397_365,397.1731,364.693,2.2404608000000006,1.31292744872139,2.491905147369683,2.5457068474485243,Included,Included
EM2,3.4862845,3.4516141,0.0143043,8.05e-05,1.706462,pptt1jmatch_run_31_397_365,397.1731,364.693,2.2404608000000006,1.31292744872139,1.5405822320122713,1.5560569057936648,Included,Included
EM3,2.3862187,2.8707505,0.0097523,6.67e-05,1.706462,pptt1jmatch_run_31_397_365,397.1731,364.693,2.2404608000000006,1.31292744872139,1.2813214585142483,1.0650571078949471,Included,Included
EM4,1.3575993,1.9145689,0.0128736,7.65e-05,1.706462,pptt1jmatch_run_31_397_365,397.1731,364.693,2.2404608000000006,1.31292744872139,0.8545424673352907,0.6059464642273588,Excluded,Excluded
EM5,1.3176421,1.6075018,0.0046548,4.62e-05,1.706462,pptt1jmatch_run_31_397_365,397.1731,364.693,2.2404608000000006,1.31292744872139,0.7174871347894146,0.5881120972971273,Excluded,Excluded
EM6,1.1574681,1.5930833,0.0025325,3.41e-05,1.706462,pptt1jmatch_run_31_397_365,397.1731,364.693,2.2404608000000006,1.31292744872139,0.7110516283078907,0.5166205541288648,Excluded,Excluded
EM7,1.6106225,2.3498697,0.0008927,2.03e-05,1.706462,pptt1jmatch_run_31_397_365,397.1731,364.693,2.2404608000000006,1.31292744872139,1.0488332132389906,0.7188800178963183,Included,Excluded
EM8,2.0941608,2.4015548,0.0003879,1.34e-05,1.706462,pptt1jmatch_run_31_397_365,397.1731,364.693,2.2404608000000006,1.31292744872139,1.0719021729815579,0.9347009329509356,Included,Excluded
EM9,1.2316308,1.0519157,0.0003968,1.35e-05,1.706462,pptt1jmatch_run_31_397_365,397.1731,364.693,2.2404608000000006,1.31292744872139,0.46950863858006336,0.5497220928837495,Excluded,Excluded
EM10,-1.0,-1.0,0.0,0.0,1.706462,pptt1jmatch_run_31_397_365,397.1731,364.693,2.2404608000000006,1.31292744872139,-0.44633675358212016,-0.44633675358212016,Excluded,Excluded
EM11,-1.0,-1.0,0.0,0.0,1.706462,pptt1jmatch_run_31_397_365,397.1731,364.693,2.2404608000000006,1.31292744872139,-0.44633675358212016,-0.44633675358212016,Excluded,Excluded
EM12,-1.0,-1.0,0.0,0.0,1.706462,pptt1jmatch_run_31_397_365,397.1731,364.693,2.2404608000000006,1.31292744872139,-0.44633675358212016,-0.44633675358212016,Excluded,Excluded
IM0,5.7164205,7.2576208,0.0986585,0.0002071,1.645597,pptt1jmatch_run_32_400_365,399.8233,364.693,2.1556543999999995,1.3099528013237747,3.3667830984410125,2.6518260533785014,Included,Included
IM1,3.131426,3.9363247,0.0723316,0.0001799,1.645597,pptt1jmatch_run_32_400_365,399.8233,364.693,2.1556543999999995,1.3099528013237747,1.8260462808880686,1.4526567895113431,Included,Included
IM2,2.2407938,3.075068,0.0504869,0.0001521,1.645597,pptt1jmatch_run_32_400_365,399.8233,364.693,2.1556543999999995,1.3099528013237747,1.4265125244566108,1.0394958486852068,Included,Included
IM3,1.6785846,2.4844695,0.033817,0.0001255,1.645597,pptt1jmatch_run_32_400_365,399.8233,364.693,2.1556543999999995,1.3099528013237747,1.1525360929841075,0.7786891071221808,Included,Excluded
IM4,1.4152942,2.2379131,0.0233237,0.0001048,1.645597,pptt1jmatch_run_32_400_365,399.8233,364.693,2.1556543999999995,1.3099528013237747,1.0381595027477506,0.6565496769797609,Included,Excluded
IM5,1.2401155,1.8749817,0.0116416,7.45e-05,1.645597,pptt1jmatch_run_32_400_365,399.8233,364.693,2.1556543999999995,1.3099528013237747,0.8697969860103737,0.5752849343568246,Excluded,Excluded
IM6,1.364383,1.9986761,0.0053353,5.06e-05,1.645597,pptt1jmatch_run_32_400_365,399.8233,364.693,2.1556543999999995,1.3099528013237747,0.9271783547492587,0.6329321620385904,Excluded,Excluded
IM7,1.452766,1.7026839,0.0024851,3.46e-05,1.645597,pptt1jmatch_run_32_400_365,399.8233,364.693,2.1556543999999995,1.3099528013237747,0.7898686821041445,0.6739327046116484,Excluded,Excluded
IM8,1.5085405,1.6142935,0.0013258,2.53e-05,1.645597,pptt1jmatch_run_32_400_365,399.8233,364.693,2.1556543999999995,1.3099528013237747,0.7488647066988106,0.6998062862024638,Excluded,Excluded
IM9,1.8930757,1.7880845,0.000666,1.79e-05,1.645597,pptt1jmatch_run_32_400_365,399.8233,364.693,2.1556543999999995,1.3099528013237747,0.8294857004907653,0.8781907248211961,Excluded,Excluded
IM10,3.4969304,5.4183811,0.0002661,1.13e-05,1.645597,pptt1jmatch_run_32_400_365,399.8233,364.693,2.1556543999999995,1.3099528013237747,2.5135666923232227,1.6222129113089747,Included,Included
IM11,4.1951512,3.7444434,0.0001345,8.1e-06,1.645597,pptt1jmatch_run_32_400_365,399.8233,364.693,2.1556543999999995,1.3099528013237747,1.7370332647014295,1.9461149245444913,Included,Included
IM12,-1.0,-1.0,0.0,0.0,1.645597,pptt1jmatch_run_32_400_365,399.8233,364.693,2.1556543999999995,1.3099528013237747,-0.4638962534996334,-0.4638962534996334,Excluded,Excluded
EM0,13.8963522,15.5684357,0.0263269,0.0001112,1.645597,pptt1jmatch_run_32_400_365,399.8233,364.693,2.1556543999999995,1.3099528013237747,7.222138994079943,6.446465722891389,Included,Included
EM1,5.8400639,5.7160089,0.0218447,0.0001015,1.645597,pptt1jmatch_run_32_400_365,399.8233,364.693,2.1556543999999995,1.3099528013237747,2.651635113680561,2.7091837634084577,Included,Included
EM2,2.9988144,2.9756949,0.0166699,8.89e-05,1.645597,pptt1jmatch_run_32_400_365,399.8233,364.693,2.1556543999999995,1.3099528013237747,1.3804137156679663,1.3911387651007512,Included,Included
EM3,2.2112322,2.6681779,0.0104933,7.08e-05,1.645597,pptt1jmatch_run_32_400_365,399.8233,364.693,2.1556543999999995,1.3099528013237747,1.2377577314805195,1.025782333197752,Included,Included
EM4,1.4997315,2.113757,0.011682,7.46e-05,1.645597,pptt1jmatch_run_32_400_365,399.8233,364.693,2.1556543999999995,1.3099528013237747,0.9805639531086248,0.6957198241053855,Excluded,Excluded
EM5,0.976505,1.1883019,0.0063063,5.5e-05,1.645597,pptt1jmatch_run_32_400_365,399.8233,364.693,2.1556543999999995,1.3099528013237747,0.5512487994364961,0.4529970110236595,Excluded,Excluded
EM6,1.0169538,1.4155714,0.0028503,3.7e-05,1.645597,pptt1jmatch_run_32_400_365,399.8233,364.693,2.1556543999999995,1.3099528013237747,0.6566782690212309,0.47176105780221556,Excluded,Excluded
EM7,1.2418997,1.8055766,0.0011593,2.36e-05,1.645597,pptt1jmatch_run_32_400_365,399.8233,364.693,2.1556543999999995,1.3099528013237747,0.8376002201466063,0.5761126180523187,Excluded,Excluded
EM8,1.2294655,1.4126886,0.0006598,1.78e-05,1.645597,pptt1jmatch_run_32_400_365,399.8233,364.693,2.1556543999999995,1.3099528013237747,0.6553409489016423,0.5703444392570536,Excluded,Excluded
EM9,1.2206751,1.0456384,0.0004,1.39e-05,1.645597,pptt1jmatch_run_32_400_365,399.8233,364.693,2.1556543999999995,1.3099528013237747,0.48506773627535116,0.5662666056302904,Excluded,Excluded
EM10,2.3855304,5.0879576,0.0001316,8e-06,1.645597,pptt1jmatch_run_32_400_365,399.8233,364.693,2.1556543999999995,1.3099528013237747,2.3602844686049864,1.106638615169482,Included,Included
EM11,1.6398833,1.8387362,0.0001345,8.1e-06,1.645597,pptt1jmatch_run_32_400_365,399.8233,364.693,2.1556543999999995,1.3099528013237747,0.8529828343541527,0.7607357190466154,Excluded,Excluded
EM12,-1.0,-1.0,0.0,0.0,1.645597,pptt1jmatch_run_32_400_365,399.8233,364.693,2.1556543999999995,1.3099528013237747,-0.4638962534996334,-0.4638962534996334,Excluded,Excluded
IM0,6.6070871,8.4067546,0.0851754,0.0002025,1.51814,pptt1jmatch_run_33_406_365,406.0071,364.693,1.9838154000000003,1.306740748547565,4.237669795284378,3.3304949139925006,Included,Included
IM1,3.7684801,4.7141042,0.0599982,0.0001723,1.51814,pptt1jmatch_run_33_406_365,406.0071,364.693,1.9838154000000003,1.306740748547565,2.376281684273647,1.8996122824734596,Included,Included
IM2,2.7138244,3.7211996,0.041797,0.0001452,1.51814,pptt1jmatch_run_33_406_365,406.0071,364.693,1.9838154000000003,1.306740748547565,1.8757791677592577,1.3679823233552877,Included,Included
IM3,2.0154143,2.9617192,0.0283255,0.0001204,1.51814,pptt1jmatch_run_33_406_365,406.0071,364.693,1.9838154000000003,1.306740748547565,1.4929409258542903,1.0159283469621214,Included,Included
IM4,1.8407036,2.9353448,0.0177941,9.59e-05,1.51814,pptt1jmatch_run_33_406_365,406.0071,364.693,1.9838154000000003,1.306740748547565,1.4796461404624641,0.9278603241007201,Included,Excluded
IM5,1.5208296,2.2951057,0.0095314,7.05e-05,1.51814,pptt1jmatch_run_33_406_365,406.0071,364.693,1.9838154000000003,1.306740748547565,1.156914952873135,0.7666185069437406,Included,Excluded
IM6,1.464367,2.138472,0.0049796,5.11e-05,1.51814,pptt1jmatch_run_33_406_365,406.0071,364.693,1.9838154000000003,1.306740748547565,1.0779591689831622,0.7381568869764795,Included,Excluded
IM7,1.6331462,1.9213914,0.0021943,3.39e-05,1.51814,pptt1jmatch_run_33_406_365,406.0071,364.693,1.9838154000000003,1.306740748547565,0.968533362529598,0.8232349643016178,Excluded,Excluded
IM8,1.970425,2.1142785,0.0010161,2.31e-05,1.51814,pptt1jmatch_run_33_406_365,406.0071,364.693,1.9838154000000003,1.306740748547565,1.0657637298309104,0.9932501784188184,Included,Excluded
IM9,9.8398474,9.3316357,0.0001284,8.2e-06,1.51814,pptt1jmatch_run_33_406_365,406.0071,364.693,1.9838154000000003,1.306740748547565,4.703883083073151,4.960062009801919,Included,Included
IM10,7.2634383,11.2297783,0.0001284,8.2e-06,1.51814,pptt1jmatch_run_33_406_365,406.0071,364.693,1.9838154000000003,1.306740748547565,5.660697210032747,3.661347875412197,Included,Included
IM11,4.3902604,3.919615,0.0001284,8.2e-06,1.51814,pptt1jmatch_run_33_406_365,406.0071,364.693,1.9838154000000003,1.306740748547565,1.975796235879608,2.213038773668154,Included,Included
IM12,2.7160656,2.1455938,0.0001284,8.2e-06,1.51814,pptt1jmatch_run_33_406_365,406.0071,364.693,1.9838154000000003,1.306740748547565,1.081549119943317,1.369112065568197,Included,Included
EM0,14.5975967,16.3445618,0.0251772,0.0001137,1.51814,pptt1jmatch_run_33_406_365,406.0071,364.693,1.9838154000000003,1.306740748547565,8.238952979193526,7.358344279412286,Included,Included
EM1,7.0145942,6.8249346,0.0182012,9.7e-05,1.51814,pptt1jmatch_run_33_406_365,406.0071,364.693,1.9838154000000003,1.306740748547565,3.4403072987537033,3.535910750566811,Included,Included
EM2,3.7236564,3.6625309,0.0134716,8.36e-05,1.51814,pptt1jmatch_run_33_406_365,406.0071,364.693,1.9838154000000003,1.306740748547565,1.8462054987575955,1.8770175894390169,Included,Included
EM3,2.2028509,2.6576793,0.0105314,7.41e-05,1.51814,pptt1jmatch_run_33_406_365,406.0071,364.693,1.9838154000000003,1.306740748547565,1.339680748521258,1.110411230803027,Included,Included
EM4,2.1177038,2.9846613,0.0082627,6.57e-05,1.51814,pptt1jmatch_run_33_406_365,406.0071,364.693,1.9838154000000003,1.306740748547565,1.5045055603459874,1.067490352176921,Included,Included
EM5,1.3450008,1.6403702,0.0045518,4.88e-05,1.51814,pptt1jmatch_run_33_406_365,406.0071,364.693,1.9838154000000003,1.306740748547565,0.8268764321519027,0.677986873173784,Excluded,Excluded
EM6,1.0450928,1.4544446,0.0027853,3.82e-05,1.51814,pptt1jmatch_run_33_406_365,406.0071,364.693,1.9838154000000003,1.306740748547565,0.7331552119214316,0.5268095005210665,Excluded,Excluded
EM7,1.2123624,1.7789762,0.0011781,2.49e-05,1.51814,pptt1jmatch_run_33_406_365,406.0071,364.693,1.9838154000000003,1.306740748547565,0.8967448281730244,0.6111266199465937,Excluded,Excluded
EM8,0.913714,1.0500678,0.0008877,2.16e-05,1.51814,pptt1jmatch_run_33_406_365,406.0071,364.693,1.9838154000000003,1.306740748547565,0.5293172943409955,0.46058418540354096,Excluded,Excluded
EM9,-1.0,-1.0,0.0,0.0,1.51814,pptt1jmatch_run_33_406_365,406.0071,364.693,1.9838154000000003,1.306740748547565,-0.5040791597847258,-0.5040791597847258,Excluded,Excluded
EM10,-1.0,-1.0,0.0,0.0,1.51814,pptt1jmatch_run_33_406_365,406.0071,364.693,1.9838154000000003,1.306740748547565,-0.5040791597847258,-0.5040791597847258,Excluded,Excluded
EM11,-1.0,-1.0,0.0,0.0,1.51814,pptt1jmatch_run_33_406_365,406.0071,364.693,1.9838154000000003,1.306740748547565,-0.5040791597847258,-0.5040791597847258,Excluded,Excluded
EM12,1.9887388,1.6038069,0.0001284,8.2e-06,1.51814,pptt1jmatch_run_33_406_365,406.0071,364.693,1.9838154000000003,1.306740748547565,0.8084456346089457,1.0024817833352837,Excluded,Included
IM0,6.6517957,8.4154639,0.0850115,0.000206,1.423067,pptt1jmatch_run_34_410_365,410.424,364.693,1.8698240000000004,1.313939540443282,4.500671667493839,3.557444818335843,Included,Included
IM1,3.5759246,4.5193938,0.0630738,0.0001795,1.423067,pptt1jmatch_run_34_410_365,410.424,364.693,1.8698240000000004,1.313939540443282,2.4170156121645667,1.9124391386569002,Included,Included
IM2,2.7256966,3.7331012,0.0415517,0.0001474,1.423067,pptt1jmatch_run_34_410_365,410.424,364.693,1.8698240000000004,1.313939540443282,1.996498707899781,1.4577289627259036,Included,Included
IM3,1.9791192,2.9236842,0.0287391,0.0001234,1.423067,pptt1jmatch_run_34_410_365,410.424,364.693,1.8698240000000004,1.313939540443282,1.5636146503628148,1.058452132393209,Included,Included
IM4,1.6216451,2.5891753,0.0201784,0.0001038,1.423067,pptt1jmatch_run_34_410_365,410.424,364.693,1.8698240000000004,1.313939540443282,1.3847160481414291,0.8672715186028204,Included,Excluded
IM5,1.56692,2.38275,0.0091954,7.05e-05,1.423067,pptt1jmatch_run_34_410_365,410.424,364.693,1.8698240000000004,1.313939540443282,1.2743177967552026,0.8380040046549836,Included,Excluded
IM6,1.9071313,2.7861078,0.0038401,4.57e-05,1.423067,pptt1jmatch_run_34_410_365,410.424,364.693,1.8698240000000004,1.313939540443282,1.49003745807092,1.0199523056715498,Included,Included
IM7,2.2585712,2.6656632,0.0015863,2.94e-05,1.423067,pptt1jmatch_run_34_410_365,410.424,364.693,1.8698240000000004,1.313939540443282,1.425622518483023,1.2079057708105148,Included,Included
IM8,3.9902452,4.2655611,0.000502,1.65e-05,1.423067,pptt1jmatch_run_34_410_365,410.424,364.693,1.8698240000000004,1.313939540443282,2.2812634237233023,2.134021811678532,Included,Included
IM9,10.3120468,9.7680945,0.0001224,8.2e-06,1.423067,pptt1jmatch_run_34_410_365,410.424,364.693,1.8698240000000004,1.313939540443282,5.2240716238533675,5.514982586596385,Included,Included
IM10,7.6096704,11.7485422,0.0001224,8.2e-06,1.423067,pptt1jmatch_run_34_410_365,410.424,364.693,1.8698240000000004,1.313939540443282,6.28323425092415,4.069725492880613,Included,Included
IM11,4.6208382,4.1247863,0.0001224,8.2e-06,1.423067,pptt1jmatch_run_34_410_365,410.424,364.693,1.8698240000000004,1.313939540443282,2.205975696108297,2.4712690606174696,Included,Included
IM12,-1.0,-1.0,0.0,0.0,1.423067,pptt1jmatch_run_34_410_365,410.424,364.693,1.8698240000000004,1.313939540443282,-0.5348096933187294,-0.5348096933187294,Excluded,Excluded
EM0,16.7674641,18.7133551,0.0219377,0.0001082,1.423067,pptt1jmatch_run_34_410_365,410.424,364.693,1.8698240000000004,1.313939540443282,10.008083701995481,8.967402333053807,Included,Included
EM1,5.9300999,5.7789487,0.0215221,0.0001072,1.423067,pptt1jmatch_run_34_410_365,410.424,364.693,1.8698240000000004,1.313939540443282,3.09063778195167,3.171474908868428,Included,Included
EM2,3.8931081,3.8580193,0.0128126,8.31e-05,1.423067,pptt1jmatch_run_34_410_365,410.424,364.693,1.8698240000000004,1.313939540443282,2.0633061186507393,2.0820719490176613,Included,Included
EM3,2.7004228,3.2740226,0.0085607,6.8e-05,1.423067,pptt1jmatch_run_34_410_365,410.424,364.693,1.8698240000000004,1.313939540443282,1.7509790226245892,1.4442122894989047,Included,Included
EM4,1.5912631,2.2460853,0.0109831,7.7e-05,1.423067,pptt1jmatch_run_34_410_365,410.424,364.693,1.8698240000000004,1.313939540443282,1.2012281904607063,0.8510229305004107,Included,Excluded
EM5,1.1419375,1.4026244,0.0053553,5.39e-05,1.423067,pptt1jmatch_run_34_410_365,410.424,364.693,1.8698240000000004,1.313939540443282,0.7501371252053669,0.6107192441641566,Excluded,Excluded
EM6,1.2955964,1.7861936,0.0022538,3.5e-05,1.423067,pptt1jmatch_run_34_410_365,410.424,364.693,1.8698240000000004,1.313939540443282,0.9552736514238773,0.6928975133488499,Excluded,Excluded
EM7,1.3242724,1.9305059,0.0010843,2.43e-05,1.423067,pptt1jmatch_run_34_410_365,410.424,364.693,1.8698240000000004,1.313939540443282,1.0324532683289978,0.7082337161144577,Included,Excluded
EM8,2.1377928,2.4589983,0.0003796,1.44e-05,1.423067,pptt1jmatch_run_34_410_365,410.424,364.693,1.8698240000000004,1.313939540443282,1.3150961266942771,1.1433123117469879,Included,Included
EM9,-1.0,-1.0,0.0,0.0,1.423067,pptt1jmatch_run_34_410_365,410.424,364.693,1.8698240000000004,1.313939540443282,-0.5348096933187294,-0.5348096933187294,Excluded,Excluded
EM10,-1.0,-1.0,0.0,0.0,1.423067,pptt1jmatch_run_34_410_365,410.424,364.693,1.8698240000000004,1.313939540443282,-0.5348096933187294,-0.5348096933187294,Excluded,Excluded
EM11,1.7951657,2.0265947,0.0001224,8.2e-06,1.423067,pptt1jmatch_run_34_410_365,410.424,364.693,1.8698240000000004,1.313939540443282,1.0838424899883625,0.9600720174733023,Included,Excluded
EM12,-1.0,-1.0,0.0,0.0,1.423067,pptt1jmatch_run_34_410_365,410.424,364.693,1.8698240000000004,1.313939540443282,-0.5348096933187294,-0.5348096933187294,Excluded,Excluded
IM0,7.2305145,9.1879994,0.077992,0.0002062,1.327855,pptt1jmatch_run_35_416_365,415.7244,364.693,1.7426144,1.3123529301015546,5.272537286504692,4.149233760492281,Included,Included
IM1,3.9529266,4.9962271,0.0570148,0.0001783,1.327855,pptt1jmatch_run_35_416_365,415.7244,364.693,1.7426144,1.3123529301015546,2.8670870044457337,2.268388577530405,Included,Included
IM2,3.1124104,4.2852966,0.0363315,0.0001439,1.327855,pptt1jmatch_run_35_416_365,415.7244,364.693,1.7426144,1.3123529301015546,2.4591192406076754,1.7860580057183046,Included,Included
IM3,2.2420929,3.2970568,0.0254059,0.000121,1.327855,pptt1jmatch_run_35_416_365,415.7244,364.693,1.7426144,1.3123529301015546,1.8920174193441763,1.286625945475947,Included,Included
IM4,2.0012204,3.1683916,0.0164923,9.79e-05,1.327855,pptt1jmatch_run_35_416_365,415.7244,364.693,1.7426144,1.3123529301015546,1.8181828406789249,1.1484011609223475,Included,Included
IM5,1.7701766,2.6846202,0.0081543,6.92e-05,1.327855,pptt1jmatch_run_35_416_365,415.7244,364.693,1.7426144,1.3123529301015546,1.5405704210868452,1.0158165799616945,Included,Included
IM6,1.7811327,2.6003708,0.0040944,4.91e-05,1.327855,pptt1jmatch_run_35_416_365,415.7244,364.693,1.7426144,1.3123529301015546,1.4922238677701734,1.0221037425146953,Included,Included
IM7,2.0272038,2.3741888,0.0017759,3.24e-05,1.327855,pptt1jmatch_run_35_416_365,415.7244,364.693,1.7426144,1.3123529301015546,1.3624292327665835,1.1633117458457822,Included,Included
IM8,1.9882455,2.1202889,0.0010121,2.45e-05,1.327855,pptt1jmatch_run_35_416_365,415.7244,364.693,1.7426144,1.3123529301015546,1.216728669291382,1.1409555091476349,Included,Included
IM9,2.0089695,1.9040424,0.0006277,1.93e-05,1.327855,pptt1jmatch_run_35_416_365,415.7244,364.693,1.7426144,1.3123529301015546,1.0926355251052673,1.1528479851882323,Included,Included
IM10,7.0137943,10.8888327,0.0001327,8.9e-06,1.327855,pptt1jmatch_run_35_416_365,415.7244,364.693,1.7426144,1.3123529301015546,6.248561184849615,4.024868783363663,Included,Included
IM11,-1.0,-1.0,0.0,0.0,1.327855,pptt1jmatch_run_35_416_365,415.7244,364.693,1.7426144,1.3123529301015546,-0.573850416936759,-0.573850416936759,Excluded,Excluded
IM12,-1.0,-1.0,0.0,0.0,1.327855,pptt1jmatch_run_35_416_365,415.7244,364.693,1.7426144,1.3123529301015546,-0.573850416936759,-0.573850416936759,Excluded,Excluded
EM0,17.4908796,19.5722362,0.0209771,0.0001102,1.327855,pptt1jmatch_run_35_416_365,415.7244,364.693,1.7426144,1.3123529301015546,11.231535903754727,10.037148551050652,Included,Included
EM1,6.1729345,6.0136507,0.0206834,0.0001095,1.327855,pptt1jmatch_run_35_416_365,415.7244,364.693,1.7426144,1.3123529301015546,3.4509359615070325,3.542341036548304,Included,Included
EM2,4.569312,4.5447112,0.0109255,7.99e-05,1.327855,pptt1jmatch_run_35_416_365,415.7244,364.693,1.7426144,1.3123529301015546,2.607984416977158,2.622101596314136,Included,Included
EM3,2.5945616,3.139488,0.0089137,7.23e-05,1.327855,pptt1jmatch_run_35_416_365,415.7244,364.693,1.7426144,1.3123529301015546,1.8015964977679515,1.4888902559281045,Included,Included
EM4,2.108678,2.9661361,0.0083379,6.99e-05,1.327855,pptt1jmatch_run_35_416_365,415.7244,364.693,1.7426144,1.3123529301015546,1.7021184376761722,1.2100657494853708,Included,Included
EM5,1.5155867,1.8492622,0.00406,4.89e-05,1.327855,pptt1jmatch_run_35_416_365,415.7244,364.693,1.7426144,1.3123529301015546,1.0611998844953883,0.8697200596988066,Included,Excluded
EM6,1.258091,1.7420069,0.0023185,3.7e-05,1.327855,pptt1jmatch_run_35_416_365,415.7244,364.693,1.7426144,1.3123529301015546,0.999651385871711,0.721956044894384,Excluded,Excluded
EM7,1.8818155,2.7515149,0.0007638,2.12e-05,1.327855,pptt1jmatch_run_35_416_365,415.7244,364.693,1.7426144,1.3123529301015546,1.5789579725727048,1.0798806092730555,Included,Included
EM8,2.1054176,2.4265822,0.0003844,1.51e-05,1.327855,pptt1jmatch_run_35_416_365,415.7244,364.693,1.7426144,1.3123529301015546,1.3924952072013177,1.2081947675859903,Included,Included
EM9,0.9977906,0.8385466,0.0004949,1.71e-05,1.327855,pptt1jmatch_run_35_416_365,415.7244,364.693,1.7426144,1.3123529301015546,0.4812003160309017,0.5725825518255788,Excluded,Excluded
EM10,2.3681014,5.0397044,0.0001327,8.9e-06,1.327855,pptt1jmatch_run_35_416_365,415.7244,364.693,1.7426144,1.3123529301015546,2.8920364711780184,1.3589359757385227,Included,Included
EM11,-1.0,-1.0,0.0,0.0,1.327855,pptt1jmatch_run_35_416_365,415.7244,364.693,1.7426144,1.3123529301015546,-0.573850416936759,-0.573850416936759,Excluded,Excluded
EM12,-1.0,-1.0,0.0,0.0,1.327855,pptt1jmatch_run_35_416_365,415.7244,364.693,1.7426144,1.3123529301015546,-0.573850416936759,-0.573850416936759,Excluded,Excluded
IM0,8.0222654,10.1843211,0.070359,0.000216,1.094878,pptt1jmatch_run_37_430_365,429.8587,364.693,1.442826,1.3177961380172036,7.058592720120098,5.5601059309993035,Included,Included
IM1,4.5181332,5.6972602,0.0499671,0.000184,1.094878,pptt1jmatch_run_37_430_365,429.8587,364.693,1.442826,1.3177961380172036,3.948681407182848,3.131447035193433,Included,Included
IM2,3.1355716,4.3118286,0.0360779,0.0001575,1.094878,pptt1jmatch_run_37_430_365,429.8587,364.693,1.442826,1.3177961380172036,2.988460562812148,2.1732153426677923,Included,Included
IM3,2.2403028,3.2947416,0.0254533,0.000133,1.094878,pptt1jmatch_run_37_430_365,429.8587,364.693,1.442826,1.3177961380172036,2.283533565377946,1.5527186230356258,Included,Included
IM4,1.9431774,3.1078618,0.0168317,0.0001086,1.094878,pptt1jmatch_run_37_430_365,429.8587,364.693,1.442826,1.3177961380172036,2.154010116257955,1.3467856830969223,Included,Included
IM5,1.8574331,2.8194622,0.0077407,7.4e-05,1.094878,pptt1jmatch_run_37_430_365,429.8587,364.693,1.442826,1.3177961380172036,1.954124891012499,1.2873576578187529,Included,Included
IM6,2.4873065,3.6295613,0.0029338,4.57e-05,1.094878,pptt1jmatch_run_37_430_365,429.8587,364.693,1.442826,1.3177961380172036,2.515591831586068,1.7239130012905228,Included,Included
IM7,4.0346172,4.7539106,0.0008912,2.52e-05,1.094878,pptt1jmatch_run_37_430_365,429.8587,364.693,1.442826,1.3177961380172036,3.2948606415465207,2.796329702957945,Included,Included
IM8,3.1083398,3.3331742,0.0006419,2.14e-05,1.094878,pptt1jmatch_run_37_430_365,429.8587,364.693,1.442826,1.3177961380172036,2.3101705957613743,2.154341410537376,Included,Included
IM9,9.8719945,9.3366321,0.0001278,9.5e-06,1.094878,pptt1jmatch_run_37_430_365,429.8587,364.693,1.442826,1.3177961380172036,6.47107281127454,6.84212406762839,Included,Included
IM10,7.3154083,11.2711295,0.0001278,9.5e-06,1.094878,pptt1jmatch_run_37_430_365,429.8587,364.693,1.442826,1.3177961380172036,7.811842522937624,5.070194396275088,Included,Included
IM11,4.4121511,3.9266335,0.0001278,9.5e-06,1.094878,pptt1jmatch_run_37_430_365,429.8587,364.693,1.442826,1.3177961380172036,2.72148789944179,3.057992509145247,Included,Included
IM12,2.7212362,2.1672961,0.0001278,9.5e-06,1.094878,pptt1jmatch_run_37_430_365,429.8587,364.693,1.442826,1.3177961380172036,1.5021188279113353,1.8860459958442668,Included,Included
EM0,17.9876948,20.1293425,0.0203919,0.0001194,1.094878,pptt1jmatch_run_37_430_365,429.8587,364.693,1.442826,1.3177961380172036,13.951330583174965,12.466988257766356,Included,Included
EM1,9.1760931,8.9568054,0.0138892,9.88e-05,1.094878,pptt1jmatch_run_37_430_365,429.8587,364.693,1.442826,1.3177961380172036,6.2078209014808445,6.359805756203451,Included,Included
EM2,4.7011111,4.6442157,0.0106246,8.66e-05,1.094878,pptt1jmatch_run_37_430_365,429.8587,364.693,1.442826,1.3177961380172036,3.2188328322334088,3.2582661388136898,Included,Included
EM3,2.6870764,3.2563657,0.0086216,7.81e-05,1.094878,pptt1jmatch_run_37_430_365,429.8587,364.693,1.442826,1.3177961380172036,2.2569358328724323,1.8623703759150445,Included,Included
EM4,1.9226425,2.7087245,0.009091,8.02e-05,1.094878,pptt1jmatch_run_37_430_365,429.8587,364.693,1.442826,1.3177961380172036,1.8773743334262067,1.3325532669913074,Included,Included
EM5,1.2783237,1.5553698,0.0048069,5.84e-05,1.094878,pptt1jmatch_run_37_430_365,429.8587,364.693,1.442826,1.3177961380172036,1.078002337080147,0.8859860440552084,Included,Excluded
EM6,1.4307094,1.9753412,0.0020425,3.81e-05,1.094878,pptt1jmatch_run_37_430_365,429.8587,364.693,1.442826,1.3177961380172036,1.3690779068300682,0.9916021751756623,Included,Excluded
EM7,5.7541195,8.4306943,0.0002494,1.33e-05,1.094878,pptt1jmatch_run_37_430_365,429.8587,364.693,1.442826,1.3177961380172036,5.843181575602325,3.9880896934211054,Included,Included
EM8,1.573515,1.8100937,0.0005141,1.91e-05,1.094878,pptt1jmatch_run_37_430_365,429.8587,364.693,1.442826,1.3177961380172036,1.2545474644898276,1.0905784897139363,Included,Included
EM9,-1.0,-1.0,0.0,0.0,1.094878,pptt1jmatch_run_37_430_365,429.8587,364.693,1.442826,1.3177961380172036,-0.6930842665712983,-0.6930842665712983,Excluded,Excluded
EM10,-1.0,-1.0,0.0,0.0,1.094878,pptt1jmatch_run_37_430_365,429.8587,364.693,1.442826,1.3177961380172036,-0.6930842665712983,-0.6930842665712983,Excluded,Excluded
EM11,-1.0,-1.0,0.0,0.0,1.094878,pptt1jmatch_run_37_430_365,429.8587,364.693,1.442826,1.3177961380172036,-0.6930842665712983,-0.6930842665712983,Excluded,Excluded
EM12,1.9866468,1.6031985,0.0001278,9.5e-06,1.094878,pptt1jmatch_run_37_430_365,429.8587,364.693,1.442826,1.3177961380172036,1.1111516565407056,1.3769136403142166,Included,Included
IM0,7.3729152,9.3911512,0.0764129,0.0002109,1.255068,pptt1jmatch_run_39_420_365,420.0,365.0,1.64,1.3067021069774705,5.726311707317073,4.49568,Included,Included
IM1,3.9832319,5.0432301,0.0564739,0.0001832,1.255068,pptt1jmatch_run_39_420_365,420.0,365.0,1.64,1.3067021069774705,3.075140304878049,2.4287999390243904,Included,Included
IM2,3.1749075,4.3341201,0.0357667,0.0001474,1.255068,pptt1jmatch_run_39_420_365,420.0,365.0,1.64,1.3067021069774705,2.6427561585365855,1.9359192073170735,Included,Included
IM3,2.468413,3.6366978,0.0230219,0.000119,1.255068,pptt1jmatch_run_39_420_365,420.0,365.0,1.64,1.3067021069774705,2.2174986585365852,1.5051298780487805,Included,Included
IM4,2.0971252,3.3243683,0.0157253,9.88e-05,1.255068,pptt1jmatch_run_39_420_365,420.0,365.0,1.64,1.3067021069774705,2.027053841463415,1.2787348780487804,Included,Included
IM5,1.9903959,3.0172646,0.0072497,6.73e-05,1.255068,pptt1jmatch_run_39_420_365,420.0,365.0,1.64,1.3067021069774705,1.8397954878048781,1.213656036585366,Included,Included
IM6,2.9936682,4.3822213,0.0024263,3.91e-05,1.255068,pptt1jmatch_run_39_420_365,420.0,365.0,1.64,1.3067021069774705,2.672086158536586,1.8254074390243904,Included,Included
IM7,2.7577418,3.2644659,0.0013009,2.86e-05,1.255068,pptt1jmatch_run_39_420_365,420.0,365.0,1.64,1.3067021069774705,1.990527987804878,1.6815498780487805,Included,Included
IM8,2.5876877,2.7362087,0.0007794,2.22e-05,1.255068,pptt1jmatch_run_39_420_365,420.0,365.0,1.64,1.3067021069774705,1.6684199390243903,1.5778583536585367,Included,Included
IM9,4.7567157,4.5113362,0.0002655,1.29e-05,1.255068,pptt1jmatch_run_39_420_365,420.0,365.0,1.64,1.3067021069774705,2.750814756097561,2.9004364024390243,Included,Included
IM10,7.1001211,10.9066548,0.0001322,9.1e-06,1.255068,pptt1jmatch_run_39_420_365,420.0,365.0,1.64,1.3067021069774705,6.650399268292683,4.329342134146342,Included,Included
IM11,4.2685279,3.8109841,0.0001322,9.1e-06,1.255068,pptt1jmatch_run_39_420_365,420.0,365.0,1.64,1.3067021069774705,2.323770792682927,2.602760914634146,Included,Included
IM12,-1.0,-1.0,0.0,0.0,1.255068,pptt1jmatch_run_39_420_365,420.0,365.0,1.64,1.3067021069774705,-0.6097560975609756,-0.6097560975609756,Excluded,Excluded
EM0,18.3947648,20.5276721,0.019939,0.000111,1.255068,pptt1jmatch_run_39_420_365,420.0,365.0,1.64,1.3067021069774705,12.516873231707319,11.216320000000001,Included,Included
EM1,6.1573863,6.0134876,0.0207072,0.000113,1.255068,pptt1jmatch_run_39_420_365,420.0,365.0,1.64,1.3067021069774705,3.6667607317073174,3.7545038414634146,Included,Included
EM2,3.9173462,3.8978657,0.0127449,8.9e-05,1.255068,pptt1jmatch_run_39_420_365,420.0,365.0,1.64,1.3067021069774705,2.3767473780487807,2.388625731707317,Included,Included
EM3,3.1752175,3.8415888,0.0072966,6.76e-05,1.255068,pptt1jmatch_run_39_420_365,420.0,365.0,1.64,1.3067021069774705,2.342432195121951,1.9361082317073173,Included,Included
EM4,2.0644468,2.9138235,0.0084756,7.28e-05,1.255068,pptt1jmatch_run_39_420_365,420.0,365.0,1.64,1.3067021069774705,1.7767216463414635,1.258809024390244,Included,Included
EM5,1.2666714,1.5519517,0.0048233,5.5e-05,1.255068,pptt1jmatch_run_39_420_365,420.0,365.0,1.64,1.3067021069774705,0.9463120121951221,0.7723606097560975,Excluded,Excluded
EM6,2.5919894,3.5841054,0.0011254,2.66e-05,1.255068,pptt1jmatch_run_39_420_365,420.0,365.0,1.64,1.3067021069774705,2.1854301219512196,1.580481341463415,Included,Included
EM7,2.7596556,4.0256341,0.0005215,1.81e-05,1.255068,pptt1jmatch_run_39_420_365,420.0,365.0,1.64,1.3067021069774705,2.454654939024391,1.6827168292682928,Included,Included
EM8,1.5820084,1.8105468,0.0005139,1.8e-05,1.255068,pptt1jmatch_run_39_420_365,420.0,365.0,1.64,1.3067021069774705,1.1039919512195122,0.9646392682926831,Included,Excluded
EM9,3.6794116,3.111347,0.0001333,9.2e-06,1.255068,pptt1jmatch_run_39_420_365,420.0,365.0,1.64,1.3067021069774705,1.897162804878049,2.2435436585365855,Included,Included
EM10,-1.0,-1.0,0.0,0.0,1.255068,pptt1jmatch_run_39_420_365,420.0,365.0,1.64,1.3067021069774705,-0.6097560975609756,-0.6097560975609756,Excluded,Excluded
EM11,1.6595691,1.8670945,0.0001322,9.1e-06,1.255068,pptt1jmatch_run_39_420_365,420.0,365.0,1.64,1.3067021069774705,1.138472256097561,1.0119323780487806,Included,Included
EM12,-1.0,-1.0,0.0,0.0,1.255068,pptt1jmatch_run_39_420_365,420.0,365.0,1.64,1.3067021069774705,-0.6097560975609756,-0.6097560975609756,Excluded,Excluded
IM0,7.7689561,9.893361,0.0725527,0.0002192,1.099214,pptt1jmatch_run_40_430_364,430.0,364.0,1.44,1.3100269829168842,6.870389583333334,5.395108402777778,Included,Included
IM1,4.5277278,5.6806904,0.0501451,0.0001844,1.099214,pptt1jmatch_run_40_430_364,430.0,364.0,1.44,1.3100269829168842,3.944923888888889,3.1442554166666667,Included,Included
IM2,3.4596477,4.7478819,0.0327244,0.0001503,1.099214,pptt1jmatch_run_40_430_364,430.0,364.0,1.44,1.3100269829168842,3.297140208333334,2.402533125,Included,Included
IM3,2.5448835,3.7254077,0.022396,0.000125,1.099214,pptt1jmatch_run_40_430_364,430.0,364.0,1.44,1.3100269829168842,2.5870886805555555,1.7672802083333334,Included,Included
IM4,2.2891593,3.6546849,0.0142981,0.0001003,1.099214,pptt1jmatch_run_40_430_364,430.0,364.0,1.44,1.3100269829168842,2.537975625,1.5896939583333334,Included,Included
IM5,2.118408,3.2146756,0.0067839,6.94e-05,1.099214,pptt1jmatch_run_40_430_364,430.0,364.0,1.44,1.3100269829168842,2.2324136111111113,1.4711166666666669,Included,Included
IM6,2.2956554,3.3714526,0.0031675,4.75e-05,1.099214,pptt1jmatch_run_40_430_364,430.0,364.0,1.44,1.3100269829168842,2.3412865277777777,1.5942051388888887,Included,Included
IM7,1.8794871,2.2081179,0.0019101,3.69e-05,1.099214,pptt1jmatch_run_40_430_364,430.0,364.0,1.44,1.3100269829168842,1.5334152083333334,1.305199375,Included,Included
IM8,1.9456011,2.0851241,0.0010268,2.71e-05,1.099214,pptt1jmatch_run_40_430_364,430.0,364.0,1.44,1.3100269829168842,1.4480028472222222,1.351111875,Included,Included
IM9,1.9305549,1.8374073,0.0006522,2.16e-05,1.099214,pptt1jmatch_run_40_430_364,430.0,364.0,1.44,1.3100269829168842,1.2759772916666667,1.340663125,Included,Included
IM10,1.7896483,2.7445393,0.0005246,1.93e-05,1.099214,pptt1jmatch_run_40_430_364,430.0,364.0,1.44,1.3100269829168842,1.9059300694444445,1.2428113194444446,Included,Included
IM11,2.1644895,1.9257183,0.0002614,1.37e-05,1.099214,pptt1jmatch_run_40_430_364,430.0,364.0,1.44,1.3100269829168842,1.337304375,1.5031177083333336,Included,Included
IM12,1.3373869,1.0669131,0.0002614,1.37e-05,1.099214,pptt1jmatch_run_40_430_364,430.0,364.0,1.44,1.3100269829168842,0.7409118750000001,0.9287409027777779,Excluded,Excluded
EM0,16.4138638,18.3577706,0.0224076,0.0001251,1.099214,pptt1jmatch_run_40_430_364,430.0,364.0,1.44,1.3100269829168842,12.748451805555556,11.39851652777778,Included,Included
EM1,7.3439591,7.1481512,0.0174207,0.0001105,1.099214,pptt1jmatch_run_40_430_364,430.0,364.0,1.44,1.3100269829168842,4.963993888888889,5.099971597222223,Included,Included
EM2,4.8364659,4.7871915,0.0103284,8.54e-05,1.099214,pptt1jmatch_run_40_430_364,430.0,364.0,1.44,1.3100269829168842,3.3244385416666664,3.3586568750000003,Included,Included
EM3,2.8638343,3.4725409,0.0080979,7.57e-05,1.099214,pptt1jmatch_run_40_430_364,430.0,364.0,1.44,1.3100269829168842,2.411486736111111,1.9887738194444446,Included,Included
EM4,2.3271435,3.2903062,0.0075142,7.3e-05,1.099214,pptt1jmatch_run_40_430_364,430.0,364.0,1.44,1.3100269829168842,2.284934861111111,1.616071875,Included,Included
EM5,1.693919,2.0723792,0.0036164,5.07e-05,1.099214,pptt1jmatch_run_40_430_364,430.0,364.0,1.44,1.3100269829168842,1.4391522222222222,1.1763326388888888,Included,Included
EM6,2.3217615,3.2003872,0.0012574,2.99e-05,1.099214,pptt1jmatch_run_40_430_364,430.0,364.0,1.44,1.3100269829168842,2.222491111111111,1.612334375,Included,Included
EM7,1.6205333,2.3709956,0.0008833,2.51e-05,1.099214,pptt1jmatch_run_40_430_364,430.0,364.0,1.44,1.3100269829168842,1.6465247222222223,1.1253703472222223,Included,Included
EM8,2.1552734,2.4893456,0.0003747,1.64e-05,1.099214,pptt1jmatch_run_40_430_364,430.0,364.0,1.44,1.3100269829168842,1.7287122222222224,1.496717638888889,Included,Included
EM9,3.8386451,3.2673803,0.0001275,9.5e-06,1.099214,pptt1jmatch_run_40_430_364,430.0,364.0,1.44,1.3100269829168842,2.2690140972222226,2.6657257638888887,Included,Included
EM10,1.1964762,2.5334476,0.0002632,1.37e-05,1.099214,pptt1jmatch_run_40_430_364,430.0,364.0,1.44,1.3100269829168842,1.7593386111111113,0.83088625,Included,Excluded
EM11,-1.0,-1.0,0.0,0.0,1.099214,pptt1jmatch_run_40_430_364,430.0,364.0,1.44,1.3100269829168842,-0.6944444444444444,-0.6944444444444444,Excluded,Excluded
EM12,0.9757842,0.7798514,0.0002614,1.37e-05,1.099214,pptt1jmatch_run_40_430_364,430.0,364.0,1.44,1.3100269829168842,0.5415634722222222,0.6776279166666667,Excluded,Excluded
IM0,4.8065009,6.1365033,0.1171422,0.0002242,1.619726,pptt1jmatch_run_41_401_380,401.0,380.0,2.122,1.3100981277080197,2.891848868991518,2.265080537229029,Included,Included
IM1,2.5329788,3.1804247,0.0893588,0.0001989,1.619726,pptt1jmatch_run_41_401_380,401.0,380.0,2.122,1.3100981277080197,1.4987863807728559,1.1936752120640906,Included,Included
IM2,1.7761917,2.4250964,0.0640951,0.0001708,1.619726,pptt1jmatch_run_41_401_380,401.0,380.0,2.122,1.3100981277080197,1.1428352497643735,0.837036616399623,Included,Excluded
IM3,1.2451273,1.8291221,0.0457113,0.0001456,1.619726,pptt1jmatch_run_41_401_380,401.0,380.0,2.122,1.3100981277080197,0.8619802544769086,0.5867706409048068,Excluded,Excluded
IM4,1.0613483,1.6786177,0.0310758,0.000121,1.619726,pptt1jmatch_run_41_401_380,401.0,380.0,2.122,1.3100981277080197,0.7910545240339303,0.5001641376060321,Excluded,Excluded
IM5,0.8864099,1.3474544,0.0162625,8.82e-05,1.619726,pptt1jmatch_run_41_401_380,401.0,380.0,2.122,1.3100981277080197,0.6349926484448634,0.41772379830348727,Excluded,Excluded
IM6,0.828388,1.2119513,0.008796,6.51e-05,1.619726,pptt1jmatch_run_41_401_380,401.0,380.0,2.122,1.3100981277080197,0.5711363336475024,0.3903807728557964,Excluded,Excluded
IM7,1.0160679,1.1985065,0.0035223,4.13e-05,1.619726,pptt1jmatch_run_41_401_380,401.0,380.0,2.122,1.3100981277080197,0.564800424128181,0.47882558906691797,Excluded,Excluded
IM8,1.1173828,1.2051779,0.0017829,2.94e-05,1.619726,pptt1jmatch_run_41_401_380,401.0,380.0,2.122,1.3100981277080197,0.5679443449575873,0.5265705937794534,Excluded,Excluded
IM9,1.6574884,1.5705088,0.0007619,1.92e-05,1.619726,pptt1jmatch_run_41_401_380,401.0,380.0,2.122,1.3100981277080197,0.7401078228086712,0.7810972667295005,Excluded,Excluded
IM10,3.6553817,5.6640764,0.0002547,1.11e-05,1.619726,pptt1jmatch_run_41_401_380,401.0,380.0,2.122,1.3100981277080197,2.6692160226201698,1.722611545711593,Included,Included
IM11,2.2173024,1.965775,0.0002547,1.11e-05,1.619726,pptt1jmatch_run_41_401_380,401.0,380.0,2.122,1.3100981277080197,0.9263784165881245,1.0449115928369463,Excluded,Included
IM12,-1.0,-1.0,0.0,0.0,1.619726,pptt1jmatch_run_41_401_380,401.0,380.0,2.122,1.3100981277080197,-0.471253534401508,-0.471253534401508,Excluded,Excluded
EM0,13.2239872,14.7667349,0.0277834,0.0001146,1.619726,pptt1jmatch_run_41_401_380,401.0,380.0,2.122,1.3100981277080197,6.958876013195099,6.2318507068803015,Included,Included
EM1,5.0448077,4.9287471,0.0252637,0.0001094,1.619726,pptt1jmatch_run_41_401_380,401.0,380.0,2.122,1.3100981277080197,2.322689491046183,2.3773834590009426,Included,Included
EM2,2.7200691,2.6905941,0.0183839,9.37e-05,1.619726,pptt1jmatch_run_41_401_380,401.0,380.0,2.122,1.3100981277080197,1.2679519792648446,1.2818421771913289,Included,Included
EM3,1.5783503,1.9168285,0.0146354,8.37e-05,1.619726,pptt1jmatch_run_41_401_380,401.0,380.0,2.122,1.3100981277080197,0.9033122054665411,0.7438031573986805,Excluded,Excluded
EM4,1.174484,1.6660983,0.0148133,8.42e-05,1.619726,pptt1jmatch_run_41_401_380,401.0,380.0,2.122,1.3100981277080197,0.7851547125353441,0.5534797360980208,Excluded,Excluded
EM5,0.8232526,1.005,0.0074665,6e-05,1.619726,pptt1jmatch_run_41_401_380,401.0,380.0,2.122,1.3100981277080197,0.47360980207351555,0.38796069745523093,Excluded,Excluded
EM6,0.5503794,0.766911,0.0052737,5.05e-05,1.619726,pptt1jmatch_run_41_401_380,401.0,380.0,2.122,1.3100981277080197,0.3614095193213949,0.25936823751178134,Excluded,Excluded
EM7,0.8281445,1.2062316,0.0017393,2.91e-05,1.619726,pptt1jmatch_run_41_401_380,401.0,380.0,2.122,1.3100981277080197,0.5684409048067861,0.39026602262016963,Excluded,Excluded
EM8,0.797214,0.9129919,0.0010211,2.23e-05,1.619726,pptt1jmatch_run_41_401_380,401.0,380.0,2.122,1.3100981277080197,0.4302506597549482,0.37568991517436384,Excluded,Excluded
EM9,0.9699695,0.8219563,0.0005072,1.57e-05,1.619726,pptt1jmatch_run_41_401_380,401.0,380.0,2.122,1.3100981277080197,0.38734981149858627,0.45710155513666356,Excluded,Excluded
EM10,-1.0,-1.0,0.0,0.0,1.619726,pptt1jmatch_run_41_401_380,401.0,380.0,2.122,1.3100981277080197,-0.471253534401508,-0.471253534401508,Excluded,Excluded
EM11,0.858401,0.9668285,0.0002547,1.11e-05,1.619726,pptt1jmatch_run_41_401_380,401.0,380.0,2.122,1.3100981277080197,0.4556213477851084,0.4045245051837889,Excluded,Excluded
EM12,-1.0,-1.0,0.0,0.0,1.619726,pptt1jmatch_run_41_401_380,401.0,380.0,2.122,1.3100981277080197,-0.471253534401508,-0.471253534401508,Excluded,Excluded
IM0,5.2174781,6.5808486,0.1084843,0.0002241,1.541748,pptt1jmatch_run_42_405_379,405.0,379.0,2.01,1.303715004008437,3.274054029850747,2.595760248756219,Included,Included
IM1,2.8306153,3.5714969,0.0797142,0.0001951,1.541748,pptt1jmatch_run_42_405_379,405.0,379.0,2.01,1.303715004008437,1.7768641293532341,1.4082663184079602,Included,Included
IM2,2.0702881,2.8593001,0.054544,0.0001636,1.541748,pptt1jmatch_run_42_405_379,405.0,379.0,2.01,1.303715004008437,1.4225373631840799,1.0299940796019902,Included,Included
IM3,1.4291075,2.0968832,0.0398983,0.000141,1.541748,pptt1jmatch_run_42_405_379,405.0,379.0,2.01,1.303715004008437,1.0432254726368162,0.7109987562189055,Included,Excluded
IM4,1.2894017,2.056597,0.0254389,0.0001134,1.541748,pptt1jmatch_run_42_405_379,405.0,379.0,2.01,1.303715004008437,1.0231825870646767,0.6414933830845772,Included,Excluded
IM5,1.1585324,1.7534868,0.0124386,7.99e-05,1.541748,pptt1jmatch_run_42_405_379,405.0,379.0,2.01,1.303715004008437,0.8723814925373135,0.5763842786069652,Excluded,Excluded
IM6,1.0235707,1.4933444,0.0071093,6.05e-05,1.541748,pptt1jmatch_run_42_405_379,405.0,379.0,2.01,1.303715004008437,0.7429574129353235,0.5092391542288558,Excluded,Excluded
IM7,1.0662797,1.2504561,0.0033795,4.18e-05,1.541748,pptt1jmatch_run_42_405_379,405.0,379.0,2.01,1.303715004008437,0.6221174626865673,0.5304874129353234,Excluded,Excluded
IM8,1.2680548,1.3603757,0.0015708,2.85e-05,1.541748,pptt1jmatch_run_42_405_379,405.0,379.0,2.01,1.303715004008437,0.6768038308457712,0.6308730348258708,Excluded,Excluded
IM9,1.9662869,1.8573308,0.0006422,1.83e-05,1.541748,pptt1jmatch_run_42_405_379,405.0,379.0,2.01,1.303715004008437,0.9240451741293533,0.9782521890547266,Excluded,Excluded
IM10,6.9618875,10.8220624,0.0001335,8.3e-06,1.541748,pptt1jmatch_run_42_405_379,405.0,379.0,2.01,1.303715004008437,5.38411064676617,3.4636256218905475,Included,Included
IM11,4.22882,3.7777136,0.0001335,8.3e-06,1.541748,pptt1jmatch_run_42_405_379,405.0,379.0,2.01,1.303715004008437,1.8794595024875622,2.1038905472636817,Included,Included
IM12,-1.0,-1.0,0.0,0.0,1.541748,pptt1jmatch_run_42_405_379,405.0,379.0,2.01,1.303715004008437,-0.49751243781094534,-0.49751243781094534,Excluded,Excluded
EM0,12.8101477,14.3255804,0.0287701,0.0001204,1.541748,pptt1jmatch_run_42_405_379,405.0,379.0,2.01,1.303715004008437,7.127154427860697,6.373207810945274,Included,Included
EM1,5.0696914,4.9648724,0.0251702,0.0001129,1.541748,pptt1jmatch_run_42_405_379,405.0,379.0,2.01,1.303715004008437,2.4700857711442787,2.5222345273631843,Included,Included
EM2,3.4043794,3.3788241,0.0146457,8.66e-05,1.541748,pptt1jmatch_run_42_405_379,405.0,379.0,2.01,1.303715004008437,1.6810070149253733,1.6937210945273633,Included,Included
EM3,1.5952074,1.9388559,0.0144594,8.6e-05,1.541748,pptt1jmatch_run_42_405_379,405.0,379.0,2.01,1.303715004008437,0.9646049253731345,0.7936355223880598,Excluded,Excluded
EM4,1.3460846,1.8939763,0.0130003,8.16e-05,1.541748,pptt1jmatch_run_42_405_379,405.0,379.0,2.01,1.303715004008437,0.9422767661691543,0.6696938308457712,Excluded,Excluded
EM5,1.1573176,1.4046717,0.0053294,5.25e-05,1.541748,pptt1jmatch_run_42_405_379,405.0,379.0,2.01,1.303715004008437,0.6988416417910448,0.5757799004975125,Excluded,Excluded
EM6,0.7789822,1.0778317,0.0037297,4.39e-05,1.541748,pptt1jmatch_run_42_405_379,405.0,379.0,2.01,1.303715004008437,0.5362346766169155,0.38755333333333336,Excluded,Excluded
EM7,0.7954639,1.1600295,0.0018087,3.06e-05,1.541748,pptt1jmatch_run_42_405_379,405.0,379.0,2.01,1.303715004008437,0.577129104477612,0.395753184079602,Excluded,Excluded
EM8,0.8738848,1.0050457,0.0009287,2.19e-05,1.541748,pptt1jmatch_run_42_405_379,405.0,379.0,2.01,1.303715004008437,0.500022736318408,0.43476855721393043,Excluded,Excluded
EM9,0.961807,0.8174919,0.0005086,1.62e-05,1.541748,pptt1jmatch_run_42_405_379,405.0,379.0,2.01,1.303715004008437,0.40671238805970156,0.47851094527363186,Excluded,Excluded
EM10,-1.0,-1.0,0.0,0.0,1.541748,pptt1jmatch_run_42_405_379,405.0,379.0,2.01,1.303715004008437,-0.49751243781094534,-0.49751243781094534,Excluded,Excluded
EM11,1.6382634,1.8467133,0.0001335,8.3e-06,1.541748,pptt1jmatch_run_42_405_379,405.0,379.0,2.01,1.303715004008437,0.9187628358208956,0.8150564179104479,Excluded,Excluded
EM12,-1.0,-1.0,0.0,0.0,1.541748,pptt1jmatch_run_42_405_379,405.0,379.0,2.01,1.303715004008437,-0.49751243781094534,-0.49751243781094534,Excluded,Excluded
IM0,5.2848664,6.7103683,0.1069893,0.0002294,1.431258,pptt1jmatch_run_43_410_379,410.0,379.0,1.88,1.313529775903436,3.5693448404255324,2.811099148936171,Included,Included
IM1,2.7198653,3.4374265,0.0828902,0.0002047,1.431258,pptt1jmatch_run_43_410_379,410.0,379.0,1.88,1.313529775903436,1.82841835106383,1.446736861702128,Included,Included
IM2,1.945,2.6736414,0.0582047,0.0001738,1.431258,pptt1jmatch_run_43_410_379,410.0,379.0,1.88,1.313529775903436,1.422149680851064,1.0345744680851066,Included,Included
IM3,1.4082669,2.0837948,0.0403363,0.000146,1.431258,pptt1jmatch_run_43_410_379,410.0,379.0,1.88,1.313529775903436,1.1084014893617025,0.7490781382978725,Included,Excluded
IM4,1.1473592,1.8390816,0.0285127,0.0001235,1.431258,pptt1jmatch_run_43_410_379,410.0,379.0,1.88,1.313529775903436,0.9782348936170215,0.6102974468085107,Excluded,Excluded
IM5,0.9949328,1.4981403,0.0145978,8.9e-05,1.431258,pptt1jmatch_run_43_410_379,410.0,379.0,1.88,1.313529775903436,0.7968831382978725,0.5292195744680852,Excluded,Excluded
IM6,1.0824613,1.5917284,0.0067028,6.06e-05,1.431258,pptt1jmatch_run_43_410_379,410.0,379.0,1.88,1.313529775903436,0.8466640425531916,0.5757772872340426,Excluded,Excluded
IM7,0.9660991,1.1397002,0.003721,4.52e-05,1.431258,pptt1jmatch_run_43_410_379,410.0,379.0,1.88,1.313529775903436,0.606223510638298,0.5138825000000001,Excluded,Excluded
IM8,1.1208599,1.1970844,0.0017861,3.13e-05,1.431258,pptt1jmatch_run_43_410_379,410.0,379.0,1.88,1.313529775903436,0.6367470212765959,0.5962020744680852,Excluded,Excluded
IM9,1.0811224,1.0184893,0.0011714,2.54e-05,1.431258,pptt1jmatch_run_43_410_379,410.0,379.0,1.88,1.313529775903436,0.5417496276595746,0.5750651063829788,Excluded,Excluded
IM10,1.4379283,2.2190775,0.0006491,1.89e-05,1.431258,pptt1jmatch_run_43_410_379,410.0,379.0,1.88,1.313529775903436,1.1803603723404257,0.7648554787234044,Included,Excluded
IM11,0.8713609,0.777878,0.0006491,1.89e-05,1.431258,pptt1jmatch_run_43_410_379,410.0,379.0,1.88,1.313529775903436,0.41376489361702135,0.463489840425532,Excluded,Excluded
IM12,1.3202109,1.0421474,0.0002637,1.21e-05,1.431258,pptt1jmatch_run_43_410_379,410.0,379.0,1.88,1.313529775903436,0.5543337234042554,0.702239840425532,Excluded,Excluded
EM0,15.2199087,17.0648452,0.0240991,0.0001138,1.431258,pptt1jmatch_run_43_410_379,410.0,379.0,1.88,1.313529775903436,9.077045319148938,8.095696117021278,Included,Included
EM1,5.1665881,5.0263554,0.0246856,0.0001152,1.431258,pptt1jmatch_run_43_410_379,410.0,379.0,1.88,1.313529775903436,2.673593297872341,2.7481851595744686,Included,Included
EM2,2.7998663,2.7739638,0.0178684,9.83e-05,1.431258,pptt1jmatch_run_43_410_379,410.0,379.0,1.88,1.313529775903436,1.4755126595744685,1.4892905851063833,Included,Included
EM3,1.9614105,2.3715472,0.0118236,8.02e-05,1.431258,pptt1jmatch_run_43_410_379,410.0,379.0,1.88,1.313529775903436,1.261461276595745,1.0433034574468087,Included,Included
EM4,1.26277,1.7709213,0.0139149,8.7e-05,1.431258,pptt1jmatch_run_43_410_379,410.0,379.0,1.88,1.313529775903436,0.9419794148936171,0.671686170212766,Excluded,Excluded
EM5,0.7746072,0.9491945,0.007895,6.57e-05,1.431258,pptt1jmatch_run_43_410_379,410.0,379.0,1.88,1.313529775903436,0.5048906914893618,0.41202510638297885,Excluded,Excluded
EM6,0.9783027,1.3571748,0.0029818,4.05e-05,1.431258,pptt1jmatch_run_43_410_379,410.0,379.0,1.88,1.313529775903436,0.7219014893617022,0.5203737765957448,Excluded,Excluded
EM7,0.7437235,1.0813085,0.0019349,3.26e-05,1.431258,pptt1jmatch_run_43_410_379,410.0,379.0,1.88,1.313529775903436,0.575164095744681,0.3955976063829788,Excluded,Excluded
EM8,1.3177834,1.5153197,0.0006147,1.84e-05,1.431258,pptt1jmatch_run_43_410_379,410.0,379.0,1.88,1.313529775903436,0.8060211170212768,0.7009486170212766,Excluded,Excluded
EM9,0.9372189,0.7976266,0.0005224,1.7e-05,1.431258,pptt1jmatch_run_43_410_379,410.0,379.0,1.88,1.313529775903436,0.42426946808510646,0.4985206914893618,Excluded,Excluded
EM10,-1.0,-1.0,0.0,0.0,1.431258,pptt1jmatch_run_43_410_379,410.0,379.0,1.88,1.313529775903436,-0.5319148936170214,-0.5319148936170214,Excluded,Excluded
EM11,0.5712541,0.6391567,0.0003854,1.46e-05,1.431258,pptt1jmatch_run_43_410_379,410.0,379.0,1.88,1.313529775903436,0.33997696808510647,0.30385856382978726,Excluded,Excluded
EM12,0.9637407,0.774389,0.0002637,1.21e-05,1.431258,pptt1jmatch_run_43_410_379,410.0,379.0,1.88,1.313529775903436,0.41190904255319155,0.5126280319148937,Excluded,Excluded
IM0,5.8236275,7.4124967,0.0966506,0.0002291,1.315181,pptt1jmatch_run_44_416_379,416.0,379.0,1.736,1.3199704071150664,4.269871370967742,3.3546241359447,Included,Included
IM1,3.1328476,3.9661082,0.072009,0.0002004,1.315181,pptt1jmatch_run_44_416_379,416.0,379.0,1.736,1.3199704071150664,2.284624539170507,1.8046357142857141,Included,Included
IM2,2.2189244,3.0168851,0.0515448,0.0001714,1.315181,pptt1jmatch_run_44_416_379,416.0,379.0,1.736,1.3199704071150664,1.737837039170507,1.2781822580645161,Included,Included
IM3,1.6533736,2.4567443,0.0342131,0.0001409,1.315181,pptt1jmatch_run_44_416_379,416.0,379.0,1.736,1.3199704071150664,1.4151752880184332,0.9524041474654379,Included,Excluded
IM4,1.4023425,2.2311979,0.0233967,0.0001172,1.315181,pptt1jmatch_run_44_416_379,416.0,379.0,1.736,1.3199704071150664,1.285252246543779,0.8078009792626728,Included,Excluded
IM5,1.2162192,1.8511383,0.0117992,8.37e-05,1.315181,pptt1jmatch_run_44_416_379,416.0,379.0,1.736,1.3199704071150664,1.0663239055299538,0.7005870967741936,Included,Excluded
IM6,1.1388265,1.6761495,0.0063709,6.17e-05,1.315181,pptt1jmatch_run_44_416_379,416.0,379.0,1.736,1.3199704071150664,0.9655239055299539,0.6560060483870968,Excluded,Excluded
IM7,1.0354529,1.2249048,0.0034635,4.55e-05,1.315181,pptt1jmatch_run_44_416_379,416.0,379.0,1.736,1.3199704071150664,0.7055903225806451,0.5964590437788018,Excluded,Excluded
IM8,1.2083967,1.3043495,0.0016499,3.15e-05,1.315181,pptt1jmatch_run_44_416_379,416.0,379.0,1.736,1.3199704071150664,0.7513533986175116,0.6960810483870967,Excluded,Excluded
IM9,1.3949142,1.3190964,0.0009092,2.34e-05,1.315181,pptt1jmatch_run_44_416_379,416.0,379.0,1.736,1.3199704071150664,0.7598481566820277,0.803522004608295,Excluded,Excluded
IM10,1.4318013,2.2146358,0.0006513,1.98e-05,1.315181,pptt1jmatch_run_44_416_379,416.0,379.0,1.736,1.3199704071150664,1.2757118663594469,0.8247703341013826,Included,Excluded
IM11,1.4574889,1.3030238,0.0003889,1.53e-05,1.315181,pptt1jmatch_run_44_416_379,416.0,379.0,1.736,1.3199704071150664,0.7505897465437789,0.8395673387096774,Excluded,Excluded
IM12,2.6355329,2.080157,0.0001325,8.9e-06,1.315181,pptt1jmatch_run_44_416_379,416.0,379.0,1.736,1.3199704071150664,1.1982471198156681,1.5181641129032257,Included,Included
EM0,14.9302507,16.649618,0.0246417,0.0001202,1.315181,pptt1jmatch_run_44_416_379,416.0,379.0,1.736,1.3199704071150664,9.590793778801844,8.60037482718894,Included,Included
EM1,6.2238012,6.1010255,0.0204641,0.0001098,1.315181,pptt1jmatch_run_44_416_379,416.0,379.0,1.736,1.3199704071150664,3.5144156105990785,3.5851389400921656,Included,Included
EM2,2.8692427,2.8603426,0.0173317,0.0001012,1.315181,pptt1jmatch_run_44_416_379,416.0,379.0,1.736,1.3199704071150664,1.6476627880184331,1.652789573732719,Included,Included
EM3,2.1484044,2.5855912,0.0108165,8.02e-05,1.315181,pptt1jmatch_run_44_416_379,416.0,379.0,1.736,1.3199704071150664,1.4893958525345623,1.237560138248848,Included,Included
EM4,1.5088472,2.1250549,0.0115975,8.3e-05,1.315181,pptt1jmatch_run_44_416_379,416.0,379.0,1.736,1.3199704071150664,1.224109965437788,0.8691516129032257,Included,Excluded
EM5,1.1370126,1.3809163,0.0054283,5.7e-05,1.315181,pptt1jmatch_run_44_416_379,416.0,379.0,1.736,1.3199704071150664,0.795458698156682,0.6549611751152074,Excluded,Excluded
EM6,1.0,1.3869697,0.0029074,4.17e-05,1.315181,pptt1jmatch_run_44_416_379,416.0,379.0,1.736,1.3199704071150664,0.7989456797235024,0.5760368663594471,Excluded,Excluded
EM7,0.7927392,1.1543996,0.0018137,3.3e-05,1.315181,pptt1jmatch_run_44_416_379,416.0,379.0,1.736,1.3199704071150664,0.6649767281105992,0.45664700460829494,Excluded,Excluded
EM8,1.102803,1.2579219,0.0007406,2.11e-05,1.315181,pptt1jmatch_run_44_416_379,416.0,379.0,1.736,1.3199704071150664,0.7246093894009216,0.6352551843317972,Excluded,Excluded
EM9,1.898261,1.6129327,0.000258,1.24e-05,1.315181,pptt1jmatch_run_44_416_379,416.0,379.0,1.736,1.3199704071150664,0.9291086981566821,1.0934683179723503,Excluded,Included
EM10,1.1915213,2.5474122,0.0002624,1.26e-05,1.315181,pptt1jmatch_run_44_416_379,416.0,379.0,1.736,1.3199704071150664,1.467403341013825,0.6863601958525346,Included,Excluded
EM11,0.8625372,0.9634175,0.0002564,1.24e-05,1.315181,pptt1jmatch_run_44_416_379,416.0,379.0,1.736,1.3199704071150664,0.5549639976958526,0.49685322580645164,Excluded,Excluded
EM12,1.9087967,1.5414377,0.0001325,8.9e-06,1.315181,pptt1jmatch_run_44_416_379,416.0,379.0,1.736,1.3199704071150664,0.8879249423963134,1.0995372695852534,Excluded,Included
IM0,6.5974467,8.3696039,0.08562,0.0002213,1.247312,pptt1jmatch_run_45_420_379,420.0,379.0,1.64,1.3148274048513924,5.103417012195122,4.022833353658537,Included,Included
IM1,3.5421774,4.4657427,0.0638562,0.0001934,1.247312,pptt1jmatch_run_45_420_379,420.0,379.0,1.64,1.3148274048513924,2.723013841463415,2.159864268292683,Included,Included
IM2,2.5088936,3.4395323,0.0451232,0.0001642,1.247312,pptt1jmatch_run_45_420_379,420.0,379.0,1.64,1.3148274048513924,2.097275792682927,1.5298131707317073,Included,Included
IM3,1.920228,2.8397569,0.0295741,0.000134,1.247312,pptt1jmatch_run_45_420_379,420.0,379.0,1.64,1.3148274048513924,1.7315590853658536,1.1708707317073173,Included,Included
IM4,1.6537514,2.6215621,0.0199423,0.0001106,1.247312,pptt1jmatch_run_45_420_379,420.0,379.0,1.64,1.3148274048513924,1.598513475609756,1.008385,Included,Included
IM5,1.6549004,2.5181348,0.0086865,7.34e-05,1.247312,pptt1jmatch_run_45_420_379,420.0,379.0,1.64,1.3148274048513924,1.5354480487804878,1.0090856097560976,Included,Included
IM6,1.7350983,2.5487151,0.0041829,5.11e-05,1.247312,pptt1jmatch_run_45_420_379,420.0,379.0,1.64,1.3148274048513924,1.5540945731707316,1.057986768292683,Included,Included
IM7,1.4022617,1.6485115,0.0025609,4e-05,1.247312,pptt1jmatch_run_45_420_379,420.0,379.0,1.64,1.3148274048513924,1.0051899390243904,0.8550376219512196,Included,Excluded
IM8,2.5335182,2.7094452,0.0007901,2.22e-05,1.247312,pptt1jmatch_run_45_420_379,420.0,379.0,1.64,1.3148274048513924,1.6521007317073173,1.5448281707317075,Included,Included
IM9,4.7973646,4.5266557,0.0002634,1.28e-05,1.247312,pptt1jmatch_run_45_420_379,420.0,379.0,1.64,1.3148274048513924,2.7601559146341463,2.925222317073171,Included,Included
IM10,7.2811501,11.2865531,0.0001279,8.9e-06,1.247312,pptt1jmatch_run_45_420_379,420.0,379.0,1.64,1.3148274048513924,6.882044573170733,4.439725670731708,Included,Included
IM11,-1.0,-1.0,0.0,0.0,1.247312,pptt1jmatch_run_45_420_379,420.0,379.0,1.64,1.3148274048513924,-0.6097560975609756,-0.6097560975609756,Excluded,Excluded
IM12,-1.0,-1.0,0.0,0.0,1.247312,pptt1jmatch_run_45_420_379,420.0,379.0,1.64,1.3148274048513924,-0.6097560975609756,-0.6097560975609756,Excluded,Excluded
EM0,16.8653933,18.7988556,0.0217638,0.0001154,1.247312,pptt1jmatch_run_45_420_379,420.0,379.0,1.64,1.3148274048513924,11.462716829268293,10.283776402439026,Included,Included
EM1,6.8085773,6.6813814,0.0187331,0.0001073,1.247312,pptt1jmatch_run_45_420_379,420.0,379.0,1.64,1.3148274048513924,4.074013048780488,4.151571524390244,Included,Included
EM2,3.2302379,3.2050497,0.015549,9.79e-05,1.247312,pptt1jmatch_run_45_420_379,420.0,379.0,1.64,1.3148274048513924,1.9542985975609757,1.9696572560975611,Included,Included
EM3,2.4191773,2.9049563,0.0096318,7.73e-05,1.247312,pptt1jmatch_run_45_420_379,420.0,379.0,1.64,1.3148274048513924,1.7713148170731707,1.4751081097560976,Included,Included
EM4,1.5450062,2.1907367,0.0112558,8.35e-05,1.247312,pptt1jmatch_run_45_420_379,420.0,379.0,1.64,1.3148274048513924,1.3358150609756099,0.9420769512195123,Included,Excluded
EM5,1.3633177,1.6594673,0.0045036,5.3e-05,1.247312,pptt1jmatch_run_45_420_379,420.0,379.0,1.64,1.3148274048513924,1.0118703048780489,0.831291280487805,Included,Excluded
EM6,1.7974447,2.4937999,0.001622,3.18e-05,1.247312,pptt1jmatch_run_45_420_379,420.0,379.0,1.64,1.3148274048513924,1.5206096951219512,1.0960028658536587,Included,Included
EM7,0.8134503,1.1833475,0.0017707,3.33e-05,1.247312,pptt1jmatch_run_45_420_379,420.0,379.0,1.64,1.3148274048513924,0.7215533536585367,0.4960062804878049,Excluded,Excluded
EM8,1.5486621,1.7649081,0.0005268,1.82e-05,1.247312,pptt1jmatch_run_45_420_379,420.0,379.0,1.64,1.3148274048513924,1.0761634756097562,0.9443061585365854,Included,Excluded
EM9,3.6252738,3.0790138,0.0001355,9.2e-06,1.247312,pptt1jmatch_run_45_420_379,420.0,379.0,1.64,1.3148274048513924,1.8774474390243903,2.210532804878049,Included,Included
EM10,2.4420061,5.2179874,0.0001279,8.9e-06,1.247312,pptt1jmatch_run_45_420_379,420.0,379.0,1.64,1.3148274048513924,3.1816996341463417,1.4890281097560976,Included,Included
EM11,-1.0,-1.0,0.0,0.0,1.247312,pptt1jmatch_run_45_420_379,420.0,379.0,1.64,1.3148274048513924,-0.6097560975609756,-0.6097560975609756,Excluded,Excluded
EM12,-1.0,-1.0,0.0,0.0,1.247312,pptt1jmatch_run_45_420_379,420.0,379.0,1.64,1.3148274048513924,-0.6097560975609756,-0.6097560975609756,Excluded,Excluded
IM0,6.4891524,8.2847747,0.0867872,0.0002293,1.160134,pptt1jmatch_run_46_425_380,425.0,380.0,1.54,1.3274328655138115,5.379723831168831,4.213735324675325,Included,Included
IM1,3.5264646,4.4288064,0.0641114,0.0001995,1.160134,pptt1jmatch_run_46_425_380,425.0,380.0,1.54,1.3274328655138115,2.8758483116883116,2.289912077922078,Included,Included
IM2,2.5951924,3.5580737,0.0437712,0.0001667,1.160134,pptt1jmatch_run_46_425_380,425.0,380.0,1.54,1.3274328655138115,2.3104374675324677,1.6851898701298702,Included,Included
IM3,1.9259652,2.8452681,0.0295225,0.0001379,1.160134,pptt1jmatch_run_46_425_380,425.0,380.0,1.54,1.3274328655138115,1.8475766883116884,1.2506267532467532,Included,Included
IM4,1.5331545,2.4400515,0.0213998,0.0001179,1.160134,pptt1jmatch_run_46_425_380,425.0,380.0,1.54,1.3274328655138115,1.584449025974026,0.9955548701298701,Included,Excluded
IM5,1.3650107,2.0571429,0.0106147,8.35e-05,1.160134,pptt1jmatch_run_46_425_380,425.0,380.0,1.54,1.3274328655138115,1.3358070779220779,0.8863705844155844,Included,Excluded
IM6,1.8354763,2.6759535,0.0039846,5.13e-05,1.160134,pptt1jmatch_run_46_425_380,425.0,380.0,1.54,1.3274328655138115,1.7376321428571426,1.1918677272727274,Included,Included
IM7,2.0967218,2.4792115,0.0017099,3.37e-05,1.160134,pptt1jmatch_run_46_425_380,425.0,380.0,1.54,1.3274328655138115,1.6098775974025974,1.3615076623376623,Included,Included
IM8,1.6267801,1.7421566,0.0012253,2.85e-05,1.160134,pptt1jmatch_run_46_425_380,425.0,380.0,1.54,1.3274328655138115,1.1312705194805195,1.0563507142857143,Included,Included
IM9,2.0594004,1.9401762,0.0006133,2.02e-05,1.160134,pptt1jmatch_run_46_425_380,425.0,380.0,1.54,1.3274328655138115,1.2598546753246753,1.337272987012987,Included,Included
IM10,1.911894,2.9506886,0.0004902,1.8e-05,1.160134,pptt1jmatch_run_46_425_380,425.0,380.0,1.54,1.3274328655138115,1.9160315584415584,1.2414896103896103,Included,Included
IM11,2.3897844,2.1183958,0.0002371,1.25e-05,1.160134,pptt1jmatch_run_46_425_380,425.0,380.0,1.54,1.3274328655138115,1.3755816883116883,1.551808051948052,Included,Included
IM12,-1.0,-1.0,0.0,0.0,1.160134,pptt1jmatch_run_46_425_380,425.0,380.0,1.54,1.3274328655138115,-0.6493506493506493,-0.6493506493506493,Excluded,Excluded
EM0,16.1395781,18.117756,0.0226757,0.0001213,1.160134,pptt1jmatch_run_46_425_380,425.0,380.0,1.54,1.3274328655138115,11.764776623376623,10.48024551948052,Included,Included
EM1,6.2694964,6.0959585,0.0203402,0.000115,1.160134,pptt1jmatch_run_46_425_380,425.0,380.0,1.54,1.3274328655138115,3.9584146103896103,4.071101558441558,Included,Included
EM2,3.478053,3.4830514,0.0142487,9.65e-05,1.160134,pptt1jmatch_run_46_425_380,425.0,380.0,1.54,1.3274328655138115,2.261721688311688,2.258475974025974,Included,Included
EM3,2.8589924,3.4617447,0.0081227,7.31e-05,1.160134,pptt1jmatch_run_46_425_380,425.0,380.0,1.54,1.3274328655138115,2.247886168831169,1.8564885714285715,Included,Included
EM4,1.6110744,2.2772907,0.0107851,8.41e-05,1.160134,pptt1jmatch_run_46_425_380,425.0,380.0,1.54,1.3274328655138115,1.4787601948051947,1.0461522077922076,Included,Included
EM5,0.924393,1.1341611,0.0066301,6.61e-05,1.160134,pptt1jmatch_run_46_425_380,425.0,380.0,1.54,1.3274328655138115,0.7364682467532467,0.6002551948051948,Excluded,Excluded
EM6,1.2752354,1.7724117,0.0022747,3.88e-05,1.160134,pptt1jmatch_run_46_425_380,425.0,380.0,1.54,1.3274328655138115,1.1509166883116881,0.828074935064935,Included,Excluded
EM7,2.9677535,4.326568,0.0004846,1.79e-05,1.160134,pptt1jmatch_run_46_425_380,425.0,380.0,1.54,1.3274328655138115,2.80945974025974,1.9271126623376624,Included,Included
EM8,1.3304343,1.5219723,0.000612,2.01e-05,1.160134,pptt1jmatch_run_46_425_380,425.0,380.0,1.54,1.3274328655138115,0.9882937012987013,0.8639183766233767,Excluded,Excluded
EM9,3.971148,3.3840613,0.000123,9e-06,1.160134,pptt1jmatch_run_46_425_380,425.0,380.0,1.54,1.3274328655138115,2.1974424025974026,2.5786675324675326,Included,Included
EM10,1.2396878,2.6352376,0.0002531,1.3e-05,1.160134,pptt1jmatch_run_46_425_380,425.0,380.0,1.54,1.3274328655138115,1.7111932467532467,0.8049920779220779,Included,Excluded
EM11,0.9262287,1.041335,0.0002371,1.25e-05,1.160134,pptt1jmatch_run_46_425_380,425.0,380.0,1.54,1.3274328655138115,0.6761915584415583,0.6014472077922078,Excluded,Excluded
EM12,-1.0,-1.0,0.0,0.0,1.160134,pptt1jmatch_run_46_425_380,425.0,380.0,1.54,1.3274328655138115,-0.6493506493506493,-0.6493506493506493,Excluded,Excluded
IM0,7.3728384,9.4040208,0.0763842,0.0002391,0.9522838,pptt1jmatch_run_47_440_380,440.0,380.0,1.26,1.3231349729985955,7.463508571428571,5.851459047619048,Included,Included
IM1,3.9911037,5.0112548,0.056725,0.0002082,0.9522838,pptt1jmatch_run_47_440_380,440.0,380.0,1.26,1.3231349729985955,3.977186349206349,3.167542619047619,Included,Included
IM2,2.875565,3.9288627,0.0395403,0.0001754,0.9522838,pptt1jmatch_run_47_440_380,440.0,380.0,1.26,1.3231349729985955,3.1181449999999997,2.2821944444444444,Included,Included
IM3,2.0128032,2.9851275,0.0281132,0.0001488,0.9522838,pptt1jmatch_run_47_440_380,440.0,380.0,1.26,1.3231349729985955,2.3691488095238094,1.597462857142857,Included,Included
IM4,1.7771012,2.8229376,0.0185182,0.0001214,0.9522838,pptt1jmatch_run_47_440_380,440.0,380.0,1.26,1.3231349729985955,2.2404266666666666,1.4103977777777776,Included,Included
IM5,1.6497236,2.5158897,0.0086979,8.36e-05,0.9522838,pptt1jmatch_run_47_440_380,440.0,380.0,1.26,1.3231349729985955,1.996737857142857,1.3093044444444444,Included,Included
IM6,1.9034884,2.7898302,0.0038289,5.56e-05,0.9522838,pptt1jmatch_run_47_440_380,440.0,380.0,1.26,1.3231349729985955,2.2141509523809524,1.5107050793650794,Included,Included
IM7,1.4419608,1.7021155,0.0024822,4.48e-05,0.9522838,pptt1jmatch_run_47_440_380,440.0,380.0,1.26,1.3231349729985955,1.3508853174603173,1.1444133333333333,Included,Included
IM8,1.784693,1.9186993,0.0011152,3e-05,0.9522838,pptt1jmatch_run_47_440_380,440.0,380.0,1.26,1.3231349729985955,1.5227772222222222,1.416423015873016,Included,Included
IM9,1.689285,1.6149352,0.000743,2.45e-05,0.9522838,pptt1jmatch_run_47_440_380,440.0,380.0,1.26,1.3231349729985955,1.281694603174603,1.3407023809523808,Included,Included
IM10,2.4237026,3.7625835,0.0003823,1.76e-05,0.9522838,pptt1jmatch_run_47_440_380,440.0,380.0,1.26,1.3231349729985955,2.986177380952381,1.923573492063492,Included,Included
IM11,4.6735929,4.1555578,0.0001209,9.9e-06,0.9522838,pptt1jmatch_run_47_440_380,440.0,380.0,1.26,1.3231349729985955,3.2980617460317463,3.709200714285714,Included,Included
IM12,2.8727899,2.2798071,0.0001209,9.9e-06,0.9522838,pptt1jmatch_run_47_440_380,440.0,380.0,1.26,1.3231349729985955,1.8093707142857145,2.2799919841269842,Included,Included
EM0,18.5948729,20.8508255,0.0196592,0.000125,0.9522838,pptt1jmatch_run_47_440_380,440.0,380.0,1.26,1.3231349729985955,16.548274206349205,14.757835634920633,Included,Included
EM1,7.3911202,7.227514,0.0171847,0.000117,0.9522838,pptt1jmatch_run_47_440_380,440.0,380.0,1.26,1.3231349729985955,5.736122222222223,5.865968412698412,Included,Included
EM2,4.3613393,4.3352708,0.0114271,9.57e-05,0.9522838,pptt1jmatch_run_47_440_380,440.0,380.0,1.26,1.3231349729985955,3.440691111111111,3.4613803968253967,Included,Included
EM3,2.4105971,2.9322659,0.0095949,8.77e-05,0.9522838,pptt1jmatch_run_47_440_380,440.0,380.0,1.26,1.3231349729985955,2.327195158730159,1.9131723015873014,Included,Included
EM4,1.7903832,2.515115,0.0098203,8.88e-05,0.9522838,pptt1jmatch_run_47_440_380,440.0,380.0,1.26,1.3231349729985955,1.996123015873016,1.4209390476190475,Included,Included
EM5,1.2635625,1.5355812,0.004869,6.27e-05,0.9522838,pptt1jmatch_run_47_440_380,440.0,380.0,1.26,1.3231349729985955,1.218715238095238,1.0028273809523809,Included,Included
EM6,2.1611912,2.997105,0.0013467,3.3e-05,0.9522838,pptt1jmatch_run_47_440_380,440.0,380.0,1.26,1.3231349729985955,2.378654761904762,1.7152311111111112,Included,Included
EM7,1.0499913,1.5309897,0.0013669,3.33e-05,0.9522838,pptt1jmatch_run_47_440_380,440.0,380.0,1.26,1.3231349729985955,1.2150711904761904,0.8333264285714286,Included,Excluded
EM8,2.1714611,2.4981691,0.0003723,1.74e-05,0.9522838,pptt1jmatch_run_47_440_380,440.0,380.0,1.26,1.3231349729985955,1.982673888888889,1.7233818253968256,Included,Included
EM9,1.3519159,1.1491749,0.0003606,1.71e-05,0.9522838,pptt1jmatch_run_47_440_380,440.0,380.0,1.26,1.3231349729985955,0.9120435714285714,1.072949126984127,Excluded,Included
EM10,1.196964,2.5506079,0.0002614,1.46e-05,0.9522838,pptt1jmatch_run_47_440_380,440.0,380.0,1.26,1.3231349729985955,2.024291984126984,0.9499714285714285,Included,Excluded
EM11,-1.0,-1.0,0.0,0.0,0.9522838,pptt1jmatch_run_47_440_380,440.0,380.0,1.26,1.3231349729985955,-0.7936507936507936,-0.7936507936507936,Excluded,Excluded
EM12,2.1074484,1.6874631,0.0001209,9.9e-06,0.9522838,pptt1jmatch_run_47_440_380,440.0,380.0,1.26,1.3231349729985955,1.3392564285714286,1.6725780952380953,Included,Included
IM0,8.9194963,11.3509014,0.0633039,0.0002325,0.8372127,pptt1jmatch_run_48_450_379,450.0,379.0,1.11,1.3258279526815588,10.226037297297296,8.035582252252253,Included,Included
IM1,4.8723822,6.0802224,0.0467761,0.0002016,0.8372127,pptt1jmatch_run_48_450_379,450.0,379.0,1.11,1.3258279526815588,5.477677837837837,4.389533513513513,Included,Included
IM2,3.4531949,4.7083989,0.0328668,0.0001702,0.8372127,pptt1jmatch_run_48_450_379,450.0,379.0,1.11,1.3258279526815588,4.24180081081081,3.110986396396396,Included,Included
IM3,2.7482606,4.0474327,0.0207289,0.000136,0.8372127,pptt1jmatch_run_48_450_379,450.0,379.0,1.11,1.3258279526815588,3.646335765765765,2.47591045045045,Included,Included
IM4,2.7355113,4.3629422,0.0119752,0.0001038,0.8372127,pptt1jmatch_run_48_450_379,450.0,379.0,1.11,1.3258279526815588,3.930578558558558,2.4644245945945946,Included,Included
IM5,2.7177868,4.1296028,0.0052869,6.92e-05,0.8372127,pptt1jmatch_run_48_450_379,450.0,379.0,1.11,1.3258279526815588,3.7203628828828825,2.448456576576576,Included,Included
IM6,2.4480544,3.5819552,0.00297,5.2e-05,0.8372127,pptt1jmatch_run_48_450_379,450.0,379.0,1.11,1.3258279526815588,3.2269866666666664,2.2054544144144144,Included,Included
IM7,2.4127917,2.8547608,0.001486,3.68e-05,0.8372127,pptt1jmatch_run_48_450_379,450.0,379.0,1.11,1.3258279526815588,2.5718565765765766,2.173686216216216,Included,Included
IM8,1.4717801,1.5721789,0.0013615,3.52e-05,0.8372127,pptt1jmatch_run_48_450_379,450.0,379.0,1.11,1.3258279526815588,1.4163773873873873,1.3259280180180177,Included,Included
IM9,2.6048254,2.4543509,0.0004852,2.1e-05,0.8372127,pptt1jmatch_run_48_450_379,450.0,379.0,1.11,1.3258279526815588,2.2111269369369366,2.3466895495495494,Included,Included
IM10,-1.0,-1.0,0.0,0.0,0.8372127,pptt1jmatch_run_48_450_379,450.0,379.0,1.11,1.3258279526815588,-0.9009009009009008,-0.9009009009009008,Excluded,Excluded
IM11,-1.0,-1.0,0.0,0.0,0.8372127,pptt1jmatch_run_48_450_379,450.0,379.0,1.11,1.3258279526815588,-0.9009009009009008,-0.9009009009009008,Excluded,Excluded
IM12,-1.0,-1.0,0.0,0.0,0.8372127,pptt1jmatch_run_48_450_379,450.0,379.0,1.11,1.3258279526815588,-0.9009009009009008,-0.9009009009009008,Excluded,Excluded
EM0,22.1963292,24.8398131,0.0165278,0.0001217,0.8372127,pptt1jmatch_run_48_450_379,450.0,379.0,1.11,1.3258279526815588,22.37821,19.996692972972973,Included,Included
EM1,9.1649348,8.9443693,0.0139093,0.0001118,0.8372127,pptt1jmatch_run_48_450_379,450.0,379.0,1.11,1.3258279526815588,8.05799036036036,8.256698018018017,Included,Included
EM2,4.0999879,4.0866306,0.0121378,0.0001045,0.8372127,pptt1jmatch_run_48_450_379,450.0,379.0,1.11,1.3258279526815588,3.6816491891891894,3.6936827927927927,Included,Included
EM3,2.6539993,3.2029102,0.0087537,8.89e-05,0.8372127,pptt1jmatch_run_48_450_379,450.0,379.0,1.11,1.3258279526815588,2.885504684684684,2.39099036036036,Included,Included
EM4,2.6062088,3.6874212,0.0066883,7.78e-05,0.8372127,pptt1jmatch_run_48_450_379,450.0,379.0,1.11,1.3258279526815588,3.322001081081081,2.3479358558558556,Included,Included
EM5,2.6538975,3.232172,0.0023169,4.59e-05,0.8372127,pptt1jmatch_run_48_450_379,450.0,379.0,1.11,1.3258279526815588,2.911866666666666,2.390898648648648,Included,Included
EM6,1.9682804,2.7232775,0.001484,3.68e-05,0.8372127,pptt1jmatch_run_48_450_379,450.0,379.0,1.11,1.3258279526815588,2.453403153153153,1.7732255855855854,Included,Included
EM7,11.5268114,16.8348233,0.0001245,1.07e-05,0.8372127,pptt1jmatch_run_48_450_379,450.0,379.0,1.11,1.3258279526815588,15.166507477477476,10.384514774774773,Included,Included
EM8,0.925989,1.0670629,0.0008763,2.82e-05,0.8372127,pptt1jmatch_run_48_450_379,450.0,379.0,1.11,1.3258279526815588,0.9613179279279279,0.8342243243243243,Excluded,Excluded
EM9,1.005,0.8587982,0.0004852,2.1e-05,0.8372127,pptt1jmatch_run_48_450_379,450.0,379.0,1.11,1.3258279526815588,0.7736920720720719,0.9054054054054053,Excluded,Excluded
EM10,-1.0,-1.0,0.0,0.0,0.8372127,pptt1jmatch_run_48_450_379,450.0,379.0,1.11,1.3258279526815588,-0.9009009009009008,-0.9009009009009008,Excluded,Excluded
EM11,-1.0,-1.0,0.0,0.0,0.8372127,pptt1jmatch_run_48_450_379,450.0,379.0,1.11,1.3258279526815588,-0.9009009009009008,-0.9009009009009008,Excluded,Excluded
EM12,-1.0,-1.0,0.0,0.0,0.8372127,pptt1jmatch_run_48_450_379,450.0,379.0,1.11,1.3258279526815588,-0.9009009009009008,-0.9009009009009008,Excluded,Excluded
IM0,4.1608769,5.2660913,0.1355851,0.0002541,1.432251,pptt1jmatch_run_49_410_400,410.0,400.0,1.88,1.312619087017569,2.801112393617021,2.2132323936170213,Included,Included
IM1,2.1588314,2.7251446,0.1045272,0.0002271,1.432251,pptt1jmatch_run_49_410_400,410.0,400.0,1.88,1.312619087017569,1.449545,1.148314574468085,Included,Included
IM2,1.5029645,2.0627169,0.0751586,0.0001957,1.432251,pptt1jmatch_run_49_410_400,410.0,400.0,1.88,1.312619087017569,1.0971898404255318,0.7994492021276596,Included,Excluded
IM3,1.0506772,1.5426252,0.0543738,0.0001683,1.432251,pptt1jmatch_run_49_410_400,410.0,400.0,1.88,1.312619087017569,0.8205453191489361,0.5588708510638297,Excluded,Excluded
IM4,0.8747103,1.3892225,0.0376194,0.0001413,1.432251,pptt1jmatch_run_49_410_400,410.0,400.0,1.88,1.312619087017569,0.7389481382978723,0.46527143617021277,Excluded,Excluded
IM5,0.7518693,1.1431226,0.0191754,0.0001018,1.432251,pptt1jmatch_run_49_410_400,410.0,400.0,1.88,1.312619087017569,0.6080439361702128,0.3999304787234042,Excluded,Excluded
IM6,0.7539722,1.104432,0.0096551,7.26e-05,1.432251,pptt1jmatch_run_49_410_400,410.0,400.0,1.88,1.312619087017569,0.5874638297872341,0.40104904255319146,Excluded,Excluded
IM7,0.6684655,0.7877064,0.0053671,5.42e-05,1.432251,pptt1jmatch_run_49_410_400,410.0,400.0,1.88,1.312619087017569,0.4189927659574468,0.35556675531914894,Excluded,Excluded
IM8,0.6089227,0.6496264,0.0032837,4.25e-05,1.432251,pptt1jmatch_run_49_410_400,410.0,400.0,1.88,1.312619087017569,0.3455459574468085,0.32389505319148937,Excluded,Excluded
IM9,0.5220644,0.494119,0.0024156,3.64e-05,1.432251,pptt1jmatch_run_49_410_400,410.0,400.0,1.88,1.312619087017569,0.2628292553191489,0.277693829787234,Excluded,Excluded
IM10,0.7460414,1.1453085,0.0012539,2.63e-05,1.432251,pptt1jmatch_run_49_410_400,410.0,400.0,1.88,1.312619087017569,0.6092066489361702,0.3968305319148936,Excluded,Excluded
IM11,0.870405,0.7800573,0.0006489,1.89e-05,1.432251,pptt1jmatch_run_49_410_400,410.0,400.0,1.88,1.312619087017569,0.4149240957446808,0.4629813829787234,Excluded,Excluded
IM12,1.3605401,1.0755409,0.0002557,1.19e-05,1.432251,pptt1jmatch_run_49_410_400,410.0,400.0,1.88,1.312619087017569,0.5720962234042553,0.7236915425531913,Excluded,Excluded
EM0,11.8108629,13.210669,0.031058,0.0001288,1.432251,pptt1jmatch_run_49_410_400,410.0,400.0,1.88,1.312619087017569,7.02695159574468,6.282373882978723,Included,Included
EM1,4.3241027,4.2282151,0.0293686,0.0001253,1.432251,pptt1jmatch_run_49_410_400,410.0,400.0,1.88,1.312619087017569,2.249050585106383,2.3000546276595744,Included,Included
EM2,2.3968092,2.3896175,0.0207848,0.0001059,1.432251,pptt1jmatch_run_49_410_400,410.0,400.0,1.88,1.312619087017569,1.2710731382978722,1.2748985106382977,Included,Included
EM3,1.3830494,1.6737414,0.0167544,9.53e-05,1.432251,pptt1jmatch_run_49_410_400,410.0,400.0,1.88,1.312619087017569,0.8902879787234041,0.7356645744680851,Excluded,Excluded
EM4,0.9516921,1.3361995,0.018444,9.99e-05,1.432251,pptt1jmatch_run_49_410_400,410.0,400.0,1.88,1.312619087017569,0.710744414893617,0.5062192021276596,Excluded,Excluded
EM5,0.6433411,0.7861413,0.0095203,7.21e-05,1.432251,pptt1jmatch_run_49_410_400,410.0,400.0,1.88,1.312619087017569,0.4181602659574468,0.34220271276595743,Excluded,Excluded
EM6,0.6753308,0.9396471,0.004288,4.85e-05,1.432251,pptt1jmatch_run_49_410_400,410.0,400.0,1.88,1.312619087017569,0.4998122872340425,0.35921851063829785,Excluded,Excluded
EM7,0.6919837,1.0066029,0.0020834,3.38e-05,1.432251,pptt1jmatch_run_49_410_400,410.0,400.0,1.88,1.312619087017569,0.5354270744680851,0.36807643617021274,Excluded,Excluded
EM8,0.9338658,1.0691469,0.0008681,2.19e-05,1.432251,pptt1jmatch_run_49_410_400,410.0,400.0,1.88,1.312619087017569,0.568695159574468,0.4967371276595744,Excluded,Excluded
EM9,0.4218092,0.3601433,0.0011617,2.53e-05,1.432251,pptt1jmatch_run_49_410_400,410.0,400.0,1.88,1.312619087017569,0.19156558510638297,0.22436659574468085,Excluded,Excluded
EM10,0.519066,1.1012141,0.000605,1.83e-05,1.432251,pptt1jmatch_run_49_410_400,410.0,400.0,1.88,1.312619087017569,0.5857521808510637,0.27609893617021275,Excluded,Excluded
EM11,0.5601325,0.6277948,0.0003932,1.47e-05,1.432251,pptt1jmatch_run_49_410_400,410.0,400.0,1.88,1.312619087017569,0.33393340425531914,0.29794281914893617,Excluded,Excluded
EM12,-1.0,0.80018,0.0002557,1.19e-05,1.432251,pptt1jmatch_run_49_410_400,410.0,400.0,1.88,1.312619087017569,0.4256276595744681,-0.5319148936170213,Excluded,Excluded
IM0,4.7459904,6.0277316,0.1191481,0.0002581,1.212411,pptt1jmatch_run_50_421_399,421.0,399.0,1.6199999999999999,1.3361805526343788,3.7208219753086427,2.9296237037037045,Included,Included
IM1,2.5509012,3.1856524,0.0890392,0.0002269,1.212411,pptt1jmatch_run_50_421_399,421.0,399.0,1.6199999999999999,1.3361805526343788,1.9664520987654324,1.5746303703703708,Included,Included
IM2,1.7287898,2.3737396,0.0655487,0.0001972,1.212411,pptt1jmatch_run_50_421_399,421.0,399.0,1.6199999999999999,1.3361805526343788,1.4652713580246917,1.0671541975308643,Included,Included
IM3,1.1540821,1.7044227,0.0491908,0.0001723,1.212411,pptt1jmatch_run_50_421_399,421.0,399.0,1.6199999999999999,1.3361805526343788,1.0521127777777781,0.7123963580246916,Included,Excluded
IM4,0.8955763,1.4286164,0.0366867,0.0001498,1.212411,pptt1jmatch_run_50_421_399,421.0,399.0,1.6199999999999999,1.3361805526343788,0.8818619753086421,0.55282487654321,Excluded,Excluded
IM5,0.8001347,1.2192055,0.017966,0.0001058,1.212411,pptt1jmatch_run_50_421_399,421.0,399.0,1.6199999999999999,1.3361805526343788,0.7525959876543211,0.4939103086419754,Excluded,Excluded
IM6,0.757809,1.1140692,0.0095737,7.76e-05,1.212411,pptt1jmatch_run_50_421_399,421.0,399.0,1.6199999999999999,1.3361805526343788,0.6876970370370372,0.4677833333333334,Excluded,Excluded
IM7,0.6339082,0.7496052,0.0056616,5.98e-05,1.212411,pptt1jmatch_run_50_421_399,421.0,399.0,1.6199999999999999,1.3361805526343788,0.46271925925925933,0.39130135802469146,Excluded,Excluded
IM8,0.6282936,0.6735816,0.0031783,4.48e-05,1.212411,pptt1jmatch_run_50_421_399,421.0,399.0,1.6199999999999999,1.3361805526343788,0.4157911111111112,0.38783555555555566,Excluded,Excluded
IM9,0.8431255,0.7949261,0.0015009,3.08e-05,1.212411,pptt1jmatch_run_50_421_399,421.0,399.0,1.6199999999999999,1.3361805526343788,0.4906951234567902,0.5204478395061729,Excluded,Excluded
IM10,1.5118705,2.3395889,0.0006153,1.98e-05,1.212411,pptt1jmatch_run_50_421_399,421.0,399.0,1.6199999999999999,1.3361805526343788,1.444190679012346,0.9332533950617286,Included,Excluded
IM11,1.1545486,1.0245874,0.0004895,1.76e-05,1.212411,pptt1jmatch_run_50_421_399,421.0,399.0,1.6199999999999999,1.3361805526343788,0.6324613580246914,0.7126843209876544,Excluded,Excluded
IM12,1.451077,1.1470331,0.0002405,1.24e-05,1.212411,pptt1jmatch_run_50_421_399,421.0,399.0,1.6199999999999999,1.3361805526343788,0.7080451234567903,0.8957265432098767,Excluded,Excluded
EM0,12.1671549,13.646847,0.0301089,0.0001361,1.212411,pptt1jmatch_run_50_421_399,421.0,399.0,1.6199999999999999,1.3361805526343788,8.423979629629631,7.510589444444446,Included,Included
EM1,5.4208537,5.3118111,0.0234905,0.0001207,1.212411,pptt1jmatch_run_50_421_399,421.0,399.0,1.6199999999999999,1.3361805526343788,3.2788957407407415,3.3462059876543218,Included,Included
EM2,3.0647365,3.049223,0.0163579,0.0001011,1.212411,pptt1jmatch_run_50_421_399,421.0,399.0,1.6199999999999999,1.3361805526343788,1.8822364197530868,1.891812654320988,Included,Included
EM3,1.8508724,2.2409746,0.0125041,8.85e-05,1.212411,pptt1jmatch_run_50_421_399,421.0,399.0,1.6199999999999999,1.3361805526343788,1.383317654320988,1.1425138271604942,Included,Included
EM4,0.9359605,1.3129282,0.0187206,0.000108,1.212411,pptt1jmatch_run_50_421_399,421.0,399.0,1.6199999999999999,1.3361805526343788,0.8104495061728396,0.5777533950617285,Excluded,Excluded
EM5,0.7319869,0.8894213,0.0083923,7.27e-05,1.212411,pptt1jmatch_run_50_421_399,421.0,399.0,1.6199999999999999,1.3361805526343788,0.5490254938271606,0.45184376543209887,Excluded,Excluded
EM6,0.7430233,1.0256762,0.0039122,4.97e-05,1.212411,pptt1jmatch_run_50_421_399,421.0,399.0,1.6199999999999999,1.3361805526343788,0.6331334567901236,0.4586563580246915,Excluded,Excluded
EM7,0.5762254,0.8445508,0.0024833,3.97e-05,1.212411,pptt1jmatch_run_50_421_399,421.0,399.0,1.6199999999999999,1.3361805526343788,0.5213276543209878,0.3556946913580248,Excluded,Excluded
EM8,0.481906,0.5557748,0.0016774,3.26e-05,1.212411,pptt1jmatch_run_50_421_399,421.0,399.0,1.6199999999999999,1.3361805526343788,0.34307086419753097,0.2974728395061729,Excluded,Excluded
EM9,0.552323,0.4686278,0.0008856,2.37e-05,1.212411,pptt1jmatch_run_50_421_399,421.0,399.0,1.6199999999999999,1.3361805526343788,0.2892764197530865,0.3409401234567902,Excluded,Excluded
EM10,2.488244,5.3190365,0.0001258,8.9e-06,1.212411,pptt1jmatch_run_50_421_399,421.0,399.0,1.6199999999999999,1.3361805526343788,3.2833558641975316,1.5359530864197533,Included,Included
EM11,0.8851101,0.9914793,0.000249,1.26e-05,1.212411,pptt1jmatch_run_50_421_399,421.0,399.0,1.6199999999999999,1.3361805526343788,0.6120242592592594,0.5463642592592594,Excluded,Excluded
EM12,1.0509634,0.85624,0.0002405,1.24e-05,1.212411,pptt1jmatch_run_50_421_399,421.0,399.0,1.6199999999999999,1.3361805526343788,0.5285432098765434,0.6487428395061731,Excluded,Excluded
IM0,5.3039891,6.744458,0.106437,0.000261,1.089988,pptt1jmatch_run_51_430_399,430.0,399.0,1.44,1.3211154618215981,4.683651388888889,3.683325763888889,Included,Included
IM1,2.8611775,3.5912215,0.0791226,0.0002285,1.089988,pptt1jmatch_run_51_430_399,430.0,399.0,1.44,1.3211154618215981,2.4939038194444447,1.9869288194444445,Included,Included
IM2,2.0945891,2.862951,0.0542902,0.0001918,1.089988,pptt1jmatch_run_51_430_399,430.0,399.0,1.44,1.3211154618215981,1.9881604166666667,1.4545757638888888,Included,Included
IM3,1.5813249,2.3119521,0.0363022,0.0001583,1.089988,pptt1jmatch_run_51_430_399,430.0,399.0,1.44,1.3211154618215981,1.6055222916666667,1.0981422916666668,Included,Included
IM4,1.3051004,2.076244,0.0251842,0.0001326,1.089988,pptt1jmatch_run_51_430_399,430.0,399.0,1.44,1.3211154618215981,1.441836111111111,0.9063197222222222,Included,Excluded
IM5,1.0964652,1.6701546,0.0130987,9.62e-05,1.089988,pptt1jmatch_run_51_430_399,430.0,399.0,1.44,1.3211154618215981,1.1598295833333334,0.7614341666666666,Included,Excluded
IM6,1.0065216,1.4722065,0.007221,7.17e-05,1.089988,pptt1jmatch_run_51_430_399,430.0,399.0,1.44,1.3211154618215981,1.022365625,0.6989733333333333,Included,Excluded
IM7,0.9993946,1.1724784,0.003602,5.07e-05,1.089988,pptt1jmatch_run_51_430_399,430.0,399.0,1.44,1.3211154618215981,0.8142211111111111,0.6940240277777778,Excluded,Excluded
IM8,1.4387057,1.542283,0.0013874,3.15e-05,1.089988,pptt1jmatch_run_51_430_399,430.0,399.0,1.44,1.3211154618215981,1.071029861111111,0.9991011805555556,Included,Excluded
IM9,1.418799,1.3387363,0.0008878,2.52e-05,1.089988,pptt1jmatch_run_51_430_399,430.0,399.0,1.44,1.3211154618215981,0.9296779861111112,0.9852770833333333,Excluded,Excluded
IM10,1.8563812,2.8688768,0.0005031,1.9e-05,1.089988,pptt1jmatch_run_51_430_399,430.0,399.0,1.44,1.3211154618215981,1.9922755555555556,1.289153611111111,Included,Included
IM11,1.5078986,1.3450347,0.0003749,1.64e-05,1.089988,pptt1jmatch_run_51_430_399,430.0,399.0,1.44,1.3211154618215981,0.9340518750000001,1.0471518055555558,Excluded,Included
IM12,1.3990909,1.1152543,0.0002487,1.33e-05,1.089988,pptt1jmatch_run_51_430_399,430.0,399.0,1.44,1.3211154618215981,0.7744821527777778,0.9715909027777778,Excluded,Excluded
EM0,13.4760051,15.019025,0.0273145,0.000138,1.089988,pptt1jmatch_run_51_430_399,430.0,399.0,1.44,1.3211154618215981,10.429878472222223,9.358336875,Included,Included
EM1,5.1354721,5.0286632,0.0248324,0.0001317,1.089988,pptt1jmatch_run_51_430_399,430.0,399.0,1.44,1.3211154618215981,3.492127222222223,3.566300069444445,Included,Included
EM2,2.7662104,2.7669302,0.0179879,0.0001125,1.089988,pptt1jmatch_run_51_430_399,430.0,399.0,1.44,1.3211154618215981,1.9214793055555557,1.9209794444444444,Included,Included
EM3,2.0766225,2.5266977,0.0111181,8.87e-05,1.089988,pptt1jmatch_run_51_430_399,430.0,399.0,1.44,1.3211154618215981,1.7546511805555558,1.4420989583333335,Included,Included
EM4,1.4481043,2.0377911,0.0120854,9.25e-05,1.089988,pptt1jmatch_run_51_430_399,430.0,399.0,1.44,1.3211154618215981,1.4151327083333336,1.0056279861111113,Included,Included
EM5,1.0384533,1.2717506,0.0058777,6.47e-05,1.089988,pptt1jmatch_run_51_430_399,430.0,399.0,1.44,1.3211154618215981,0.883160138888889,0.721148125,Excluded,Excluded
EM6,0.8011315,1.1162847,0.003619,5.08e-05,1.089988,pptt1jmatch_run_51_430_399,430.0,399.0,1.44,1.3211154618215981,0.7751977083333333,0.5563413194444444,Excluded,Excluded
EM7,0.6476875,0.9455588,0.0022146,3.98e-05,1.089988,pptt1jmatch_run_51_430_399,430.0,399.0,1.44,1.3211154618215981,0.6566380555555557,0.4497829861111111,Excluded,Excluded
EM8,1.6228111,1.8601183,0.0004996,1.89e-05,1.089988,pptt1jmatch_run_51_430_399,430.0,399.0,1.44,1.3211154618215981,1.2917488194444444,1.126952152777778,Included,Included
EM9,1.2648399,1.080537,0.0003848,1.66e-05,1.089988,pptt1jmatch_run_51_430_399,430.0,399.0,1.44,1.3211154618215981,0.7503729166666667,0.8783610416666666,Excluded,Excluded
EM10,2.4460529,5.2158629,0.0001281,9.6e-06,1.089988,pptt1jmatch_run_51_430_399,430.0,399.0,1.44,1.3211154618215981,3.622127013888889,1.6986478472222224,Included,Included
EM11,1.7414343,1.9536821,0.0001262,9.5e-06,1.089988,pptt1jmatch_run_51_430_399,430.0,399.0,1.44,1.3211154618215981,1.3567236805555556,1.209329375,Included,Included
EM12,1.017242,0.8249344,0.0002487,1.33e-05,1.089988,pptt1jmatch_run_51_430_399,430.0,399.0,1.44,1.3211154618215981,0.5728711111111111,0.7064180555555556,Excluded,Excluded
IM0,5.9970347,7.5906298,0.0943241,0.0002606,0.9715887,pptt1jmatch_run_52_439_400,439.0,400.0,1.278,1.3153714117918416,5.939459937402191,4.692515414710486,Included,Included
IM1,3.2065542,4.0550122,0.0703219,0.000228,0.9715887,pptt1jmatch_run_52_439_400,439.0,400.0,1.278,1.3153714117918416,3.1729359937402193,2.5090408450704222,Included,Included
IM2,2.2318403,3.0622531,0.0509249,0.000196,0.9715887,pptt1jmatch_run_52_439_400,439.0,400.0,1.278,1.3153714117918416,2.3961291862284817,1.7463539123630674,Included,Included
IM3,1.6313143,2.4136326,0.0348175,0.0001634,0.9715887,pptt1jmatch_run_52_439_400,439.0,400.0,1.278,1.3153714117918416,1.8886014084507043,1.2764587636932707,Included,Included
IM4,1.3494033,2.1564567,0.0243349,0.0001374,0.9715887,pptt1jmatch_run_52_439_400,439.0,400.0,1.278,1.3153714117918416,1.687368309859155,1.0558711267605634,Included,Included
IM5,1.3640497,2.0665108,0.010536,9.1e-05,0.9715887,pptt1jmatch_run_52_439_400,439.0,400.0,1.278,1.3153714117918416,1.6169881064162754,1.0673315336463223,Included,Included
IM6,1.4017582,2.034381,0.0052452,6.44e-05,0.9715887,pptt1jmatch_run_52_439_400,439.0,400.0,1.278,1.3153714117918416,1.5918474178403756,1.0968374021909233,Included,Included
IM7,1.5193478,1.8055586,0.0023513,4.32e-05,0.9715887,pptt1jmatch_run_52_439_400,439.0,400.0,1.278,1.3153714117918416,1.4128001564945225,1.1888480438184663,Included,Included
IM8,1.7749158,1.8909544,0.001135,3e-05,0.9715887,pptt1jmatch_run_52_439_400,439.0,400.0,1.278,1.3153714117918416,1.4796200312989045,1.3888230046948358,Included,Included
IM9,2.4968423,2.3599003,0.0005077,2.01e-05,0.9715887,pptt1jmatch_run_52_439_400,439.0,400.0,1.278,1.3153714117918416,1.8465573552425665,1.9537107198748043,Included,Included
IM10,7.4339502,11.5113389,0.0001252,1e-05,0.9715887,pptt1jmatch_run_52_439_400,439.0,400.0,1.278,1.3153714117918416,9.007307433489828,5.816862441314554,Included,Included
IM11,4.5200677,4.029726,0.0001252,1e-05,0.9715887,pptt1jmatch_run_52_439_400,439.0,400.0,1.278,1.3153714117918416,3.153150234741784,3.536829186228482,Included,Included
IM12,-1.0,-1.0,0.0,0.0,0.9715887,pptt1jmatch_run_52_439_400,439.0,400.0,1.278,1.3153714117918416,-0.7824726134585289,-0.7824726134585289,Excluded,Excluded
EM0,15.3254111,17.1146292,0.0240023,0.0001365,0.9715887,pptt1jmatch_run_52_439_400,439.0,400.0,1.278,1.3153714117918416,13.391728638497652,11.991714475743349,Included,Included
EM1,6.5820337,6.4163153,0.0193969,0.000123,0.9715887,pptt1jmatch_run_52_439_400,439.0,400.0,1.278,1.3153714117918416,5.020591001564945,5.150261111111111,Included,Included
EM2,3.1120039,3.0690614,0.0161075,0.0001122,0.9715887,pptt1jmatch_run_52_439_400,439.0,400.0,1.278,1.3153714117918416,2.4014564945226917,2.4350578247261345,Included,Included
EM3,2.209999,2.6726167,0.0104825,9.08e-05,0.9715887,pptt1jmatch_run_52_439_400,439.0,400.0,1.278,1.3153714117918416,2.091249374021909,1.7292636932707353,Included,Included
EM4,1.2684097,1.7854784,0.0137989,0.000104,0.9715887,pptt1jmatch_run_52_439_400,439.0,400.0,1.278,1.3153714117918416,1.3970879499217526,0.9924958528951487,Included,Excluded
EM5,1.1588294,1.418787,0.0052908,6.47e-05,0.9715887,pptt1jmatch_run_52_439_400,439.0,400.0,1.278,1.3153714117918416,1.1101619718309859,0.9067522691705789,Included,Excluded
EM6,1.005,1.3916431,0.0028939,4.79e-05,0.9715887,pptt1jmatch_run_52_439_400,439.0,400.0,1.278,1.3153714117918416,1.088922613458529,0.7863849765258215,Included,Excluded
EM7,1.1864822,1.7248937,0.0012164,3.11e-05,0.9715887,pptt1jmatch_run_52_439_400,439.0,400.0,1.278,1.3153714117918416,1.3496820813771517,0.928389827856025,Included,Excluded
EM8,1.2923019,1.4793021,0.0006273,2.23e-05,0.9715887,pptt1jmatch_run_52_439_400,439.0,400.0,1.278,1.3153714117918416,1.1575133802816902,1.0111908450704226,Included,Included
EM9,1.275991,1.0754857,0.0003825,1.74e-05,0.9715887,pptt1jmatch_run_52_439_400,439.0,400.0,1.278,1.3153714117918416,0.8415381064162754,0.9984280125195619,Excluded,Excluded
EM10,-1.0,-1.0,0.0,0.0,0.9715887,pptt1jmatch_run_52_439_400,439.0,400.0,1.278,1.3153714117918416,-0.7824726134585289,-0.7824726134585289,Excluded,Excluded
EM11,1.7605923,1.9607409,0.0001252,1e-05,0.9715887,pptt1jmatch_run_52_439_400,439.0,400.0,1.278,1.3153714117918416,1.534226056338028,1.3776152582159624,Included,Included
EM12,-1.0,-1.0,0.0,0.0,0.9715887,pptt1jmatch_run_52_439_400,439.0,400.0,1.278,1.3153714117918416,-0.7824726134585289,-0.7824726134585289,Excluded,Excluded
IM0,6.435594,8.1863232,0.0875774,0.0002716,0.8318664,pptt1jmatch_run_53_450_400,450.0,400.0,1.11,1.3343488810222413,7.375065945945946,5.797832432432432,Included,Included
IM1,3.581976,4.5292461,0.0629314,0.0002333,0.8318664,pptt1jmatch_run_53_450_400,450.0,400.0,1.11,1.3343488810222413,4.080401891891891,3.2270054054054054,Included,Included
IM2,2.5996052,3.5837377,0.0435224,0.000196,0.8318664,pptt1jmatch_run_53_450_400,450.0,400.0,1.11,1.3343488810222413,3.228592522522522,2.3419866666666667,Included,Included
IM3,1.8977839,2.7967218,0.0300465,0.000164,0.8318664,pptt1jmatch_run_53_450_400,450.0,400.0,1.11,1.3343488810222413,2.519569189189189,1.7097152252252252,Included,Included
IM4,1.7695841,2.8214773,0.0185339,0.0001296,0.8318664,pptt1jmatch_run_53_450_400,450.0,400.0,1.11,1.3343488810222413,2.541871441441441,1.59421990990991,Included,Included
IM5,1.5456209,2.3443179,0.0093216,9.23e-05,0.8318664,pptt1jmatch_run_53_450_400,450.0,400.0,1.11,1.3343488810222413,2.111998108108108,1.3924512612612612,Included,Included
IM6,1.7287209,2.5352522,0.0042077,6.22e-05,0.8318664,pptt1jmatch_run_53_450_400,450.0,400.0,1.11,1.3343488810222413,2.284010990990991,1.5574062162162159,Included,Included
IM7,2.0584283,2.4231748,0.0017432,4.01e-05,0.8318664,pptt1jmatch_run_53_450_400,450.0,400.0,1.11,1.3343488810222413,2.1830403603603603,1.8544399099099098,Included,Included
IM8,2.6262451,2.8252106,0.0007607,2.65e-05,0.8318664,pptt1jmatch_run_53_450_400,450.0,400.0,1.11,1.3343488810222413,2.5452347747747748,2.3659865765765766,Included,Included
IM9,-1.0,-1.0,0.0,0.0,0.8318664,pptt1jmatch_run_53_450_400,450.0,400.0,1.11,1.3343488810222413,-0.9009009009009008,-0.9009009009009008,Excluded,Excluded
IM10,-1.0,-1.0,0.0,0.0,0.8318664,pptt1jmatch_run_53_450_400,450.0,400.0,1.11,1.3343488810222413,-0.9009009009009008,-0.9009009009009008,Excluded,Excluded
IM11,-1.0,-1.0,0.0,0.0,0.8318664,pptt1jmatch_run_53_450_400,450.0,400.0,1.11,1.3343488810222413,-0.9009009009009008,-0.9009009009009008,Excluded,Excluded
IM12,-1.0,-1.0,0.0,0.0,0.8318664,pptt1jmatch_run_53_450_400,450.0,400.0,1.11,1.3343488810222413,-0.9009009009009008,-0.9009009009009008,Excluded,Excluded
EM0,14.9380013,16.5738163,0.024646,0.0001489,0.8318664,pptt1jmatch_run_53_450_400,450.0,400.0,1.11,1.3343488810222413,14.931366036036035,13.457658828828828,Included,Included
EM1,6.544059,6.3926479,0.019409,0.0001325,0.8318664,pptt1jmatch_run_53_450_400,450.0,400.0,1.11,1.3343488810222413,5.759142252252252,5.895548648648648,Included,Included
EM2,3.7073766,3.6876689,0.0134758,0.0001108,0.8318664,pptt1jmatch_run_53_450_400,450.0,400.0,1.11,1.3343488810222413,3.3222242342342336,3.3399789189189186,Included,Included
EM3,2.0137605,2.4314868,0.0115126,0.0001025,0.8318664,pptt1jmatch_run_53_450_400,450.0,400.0,1.11,1.3343488810222413,2.1905286486486486,1.8141986486486485,Included,Included
EM4,1.9050549,2.6760673,0.0092123,9.18e-05,0.8318664,pptt1jmatch_run_53_450_400,450.0,400.0,1.11,1.3343488810222413,2.4108714414414414,1.7162656756756756,Included,Included
EM5,1.2012251,1.4713534,0.0051139,6.85e-05,0.8318664,pptt1jmatch_run_53_450_400,450.0,400.0,1.11,1.3343488810222413,1.3255436036036035,1.0821847747747748,Included,Included
EM6,1.1881889,1.6384875,0.0024645,4.76e-05,0.8318664,pptt1jmatch_run_53_450_400,450.0,400.0,1.11,1.3343488810222413,1.4761148648648648,1.0704404504504506,Included,Included
EM7,1.4619752,2.138203,0.0009826,3.01e-05,0.8318664,pptt1jmatch_run_53_450_400,450.0,400.0,1.11,1.3343488810222413,1.9263090090090087,1.3170947747747745,Included,Included
EM8,1.0686312,1.2204053,0.0007607,2.65e-05,0.8318664,pptt1jmatch_run_53_450_400,450.0,400.0,1.11,1.3343488810222413,1.099464234234234,0.9627308108108107,Included,Excluded
EM9,-1.0,-1.0,0.0,0.0,0.8318664,pptt1jmatch_run_53_450_400,450.0,400.0,1.11,1.3343488810222413,-0.9009009009009008,-0.9009009009009008,Excluded,Excluded
EM10,-1.0,-1.0,0.0,0.0,0.8318664,pptt1jmatch_run_53_450_400,450.0,400.0,1.11,1.3343488810222413,-0.9009009009009008,-0.9009009009009008,Excluded,Excluded
EM11,-1.0,-1.0,0.0,0.0,0.8318664,pptt1jmatch_run_53_450_400,450.0,400.0,1.11,1.3343488810222413,-0.9009009009009008,-0.9009009009009008,Excluded,Excluded
EM12,-1.0,-1.0,0.0,0.0,0.8318664,pptt1jmatch_run_53_450_400,450.0,400.0,1.11,1.3343488810222413,-0.9009009009009008,-0.9009009009009008,Excluded,Excluded
IM0,4.3133782,5.4773162,0.131222,0.0002871,1.082734,pptt1jmatch_run_54_431_420,431.0,420.0,1.422,1.3133419658013878,3.8518398030942333,3.0333180028129396,Included,Included
IM1,2.1939556,2.7606229,0.103081,0.0002586,1.082734,pptt1jmatch_run_54_431_420,431.0,420.0,1.422,1.3133419658013878,1.9413663150492266,1.5428661040787621,Included,Included
IM2,1.4735903,2.017727,0.0768713,0.0002265,1.082734,pptt1jmatch_run_54_431_420,431.0,420.0,1.422,1.3133419658013878,1.418936005625879,1.0362800984528833,Included,Included
IM3,1.0330564,1.5165787,0.0553142,0.0001944,1.082734,pptt1jmatch_run_54_431_420,431.0,420.0,1.422,1.3133419658013878,1.066511040787623,0.7264812939521801,Included,Excluded
IM4,0.8414506,1.3390072,0.0390209,0.0001647,1.082734,pptt1jmatch_run_54_431_420,431.0,420.0,1.422,1.3133419658013878,0.9416365682137834,0.59173741209564,Excluded,Excluded
IM5,0.6652056,1.0094512,0.0217153,0.000124,1.082734,pptt1jmatch_run_54_431_420,431.0,420.0,1.422,1.3133419658013878,0.70988129395218,0.4677957805907173,Excluded,Excluded
IM6,0.5669317,0.8301693,0.0128651,9.58e-05,1.082734,pptt1jmatch_run_54_431_420,431.0,420.0,1.422,1.3133419658013878,0.5838040084388186,0.3986861462728552,Excluded,Excluded
IM7,0.6063125,0.7082678,0.0059701,6.55e-05,1.082734,pptt1jmatch_run_54_431_420,431.0,420.0,1.422,1.3133419658013878,0.49807862165963435,0.4263800984528833,Excluded,Excluded
IM8,0.8481024,0.9044137,0.0023684,4.13e-05,1.082734,pptt1jmatch_run_54_431_420,431.0,420.0,1.422,1.3133419658013878,0.6360152601969058,0.5964151898734178,Excluded,Excluded
IM9,0.9054494,0.8524991,0.0013931,3.17e-05,1.082734,pptt1jmatch_run_54_431_420,431.0,420.0,1.422,1.3133419658013878,0.5995071026722926,0.6367436005625879,Excluded,Excluded
IM10,1.0674699,1.6580302,0.0008727,2.51e-05,1.082734,pptt1jmatch_run_54_431_420,431.0,420.0,1.422,1.3133419658013878,1.1659846694796063,0.7506820675105487,Included,Excluded
IM11,1.5187999,1.3656096,0.00037,1.64e-05,1.082734,pptt1jmatch_run_54_431_420,431.0,420.0,1.422,1.3133419658013878,0.9603443037974684,1.068073066104079,Excluded,Included
IM12,1.4431414,1.143215,0.000241,1.32e-05,1.082734,pptt1jmatch_run_54_431_420,431.0,420.0,1.422,1.3133419658013878,0.8039486638537272,1.0148673699015471,Excluded,Included
EM0,13.0265625,14.5327611,0.028141,0.0001406,1.082734,pptt1jmatch_run_54_431_420,431.0,420.0,1.422,1.3133419658013878,10.219944514767933,9.16073312236287,Included,Included
EM1,4.8566518,4.7432015,0.0262097,0.0001359,1.082734,pptt1jmatch_run_54_431_420,431.0,420.0,1.422,1.3133419658013878,3.3355847398030942,3.415366947960619,Included,Included
EM2,2.3210422,2.3053217,0.0215571,0.0001235,1.082734,pptt1jmatch_run_54_431_420,431.0,420.0,1.422,1.3133419658013878,1.6211826300984529,1.6322378340365682,Included,Included
EM3,1.4227122,1.7196012,0.0162933,0.0001077,1.082734,pptt1jmatch_run_54_431_420,431.0,420.0,1.422,1.3133419658013878,1.2092835443037975,1.0005008438818566,Included,Included
EM4,1.0,1.4219195,0.0173056,0.0001109,1.082734,pptt1jmatch_run_54_431_420,431.0,420.0,1.422,1.3133419658013878,0.9999433895921238,0.7032348804500703,Excluded,Excluded
EM5,0.6927227,0.84612,0.0088502,7.96e-05,1.082734,pptt1jmatch_run_54_431_420,431.0,420.0,1.422,1.3133419658013878,0.5950210970464135,0.48714676511954996,Excluded,Excluded
EM6,0.4215322,0.5861978,0.006895,7.04e-05,1.082734,pptt1jmatch_run_54_431_420,431.0,420.0,1.422,1.3133419658013878,0.4122347398030943,0.29643614627285514,Excluded,Excluded
EM7,0.3977922,0.5827,0.0036017,5.09e-05,1.082734,pptt1jmatch_run_54_431_420,431.0,420.0,1.422,1.3133419658013878,0.409774964838256,0.27974135021097046,Excluded,Excluded
EM8,0.8339064,0.9539448,0.0009753,2.65e-05,1.082734,pptt1jmatch_run_54_431_420,431.0,420.0,1.422,1.3133419658013878,0.6708472573839663,0.5864320675105485,Excluded,Excluded
EM9,0.9408795,0.8027839,0.0005204,1.94e-05,1.082734,pptt1jmatch_run_54_431_420,431.0,420.0,1.422,1.3133419658013878,0.5645456399437412,0.661659282700422,Excluded,Excluded
EM10,0.6244648,1.3276866,0.0005027,1.91e-05,1.082734,pptt1jmatch_run_54_431_420,431.0,420.0,1.422,1.3133419658013878,0.9336755274261604,0.43914542897327713,Excluded,Excluded
EM11,1.705088,1.9077606,0.000129,9.7e-06,1.082734,pptt1jmatch_run_54_431_420,431.0,420.0,1.422,1.3133419658013878,1.3416037974683546,1.1990773558368495,Included,Included
EM12,1.0530748,0.8513289,0.000241,1.32e-05,1.082734,pptt1jmatch_run_54_431_420,431.0,420.0,1.422,1.3133419658013878,0.59868417721519,0.7405589310829818,Excluded,Excluded
IM0,4.1290167,5.258112,0.1364126,0.0002986,1.025183,pptt1jmatch_run_55_435_421,435.0,421.0,1.35,1.3168380669597526,3.894897777777778,3.0585308888888894,Included,Included
IM1,2.073124,2.6172461,0.1086291,0.0002707,1.025183,pptt1jmatch_run_55_435_421,435.0,421.0,1.35,1.3168380669597526,1.938700814814815,1.5356474074074076,Included,Included
IM2,1.3979181,1.9283288,0.0807442,0.000237,1.025183,pptt1jmatch_run_55_435_421,435.0,421.0,1.35,1.3168380669597526,1.428391703703704,1.035494888888889,Included,Included
IM3,0.9871619,1.4600612,0.0574409,0.0002024,1.025183,pptt1jmatch_run_55_435_421,435.0,421.0,1.35,1.3168380669597526,1.081526814814815,0.7312310370370372,Included,Excluded
IM4,0.7825488,1.2408236,0.0420836,0.0001747,1.025183,pptt1jmatch_run_55_435_421,435.0,421.0,1.35,1.3168380669597526,0.9191285925925926,0.5796657777777778,Excluded,Excluded
IM5,0.611162,0.9327431,0.0234654,0.0001317,1.025183,pptt1jmatch_run_55_435_421,435.0,421.0,1.35,1.3168380669597526,0.6909208148148149,0.4527125925925926,Excluded,Excluded
IM6,0.5725159,0.8376694,0.012736,9.76e-05,1.025183,pptt1jmatch_run_55_435_421,435.0,421.0,1.35,1.3168380669597526,0.620495851851852,0.4240858518518519,Excluded,Excluded
IM7,0.4618337,0.5453605,0.0077686,7.64e-05,1.025183,pptt1jmatch_run_55_435_421,435.0,421.0,1.35,1.3168380669597526,0.4039707407407408,0.3420990370370371,Excluded,Excluded
IM8,0.4984016,0.5334229,0.0040325,5.51e-05,1.025183,pptt1jmatch_run_55_435_421,435.0,421.0,1.35,1.3168380669597526,0.39512807407407413,0.3691863703703704,Excluded,Excluded
IM9,0.627089,0.5931875,0.0020088,3.9e-05,1.025183,pptt1jmatch_run_55_435_421,435.0,421.0,1.35,1.3168380669597526,0.43939814814814815,0.4645103703703704,Excluded,Excluded
IM10,1.0494131,1.620563,0.0008901,2.59e-05,1.025183,pptt1jmatch_run_55_435_421,435.0,421.0,1.35,1.3168380669597526,1.200417037037037,0.7773430370370371,Included,Excluded
IM11,0.8859414,0.7974361,0.0006338,2.19e-05,1.025183,pptt1jmatch_run_55_435_421,435.0,421.0,1.35,1.3168380669597526,0.5906934074074075,0.656252888888889,Excluded,Excluded
IM12,0.9261415,0.7315427,0.0003785,1.69e-05,1.025183,pptt1jmatch_run_55_435_421,435.0,421.0,1.35,1.3168380669597526,0.5418834814814816,0.6860307407407408,Excluded,Excluded
EM0,13.1580941,14.8285192,0.0277835,0.000143,1.025183,pptt1jmatch_run_55_435_421,435.0,421.0,1.35,1.3168380669597526,10.984088296296298,9.746736370370371,Included,Included
EM1,4.5780275,4.4630201,0.0278849,0.0001432,1.025183,pptt1jmatch_run_55_435_421,435.0,421.0,1.35,1.3168380669597526,3.305940814814815,3.391131481481482,Included,Included
EM2,2.1428533,2.1246725,0.0233033,0.0001313,1.025183,pptt1jmatch_run_55_435_421,435.0,421.0,1.35,1.3168380669597526,1.5738314814814816,1.5872987407407408,Included,Included
EM3,1.508121,1.818837,0.0153573,0.000107,1.025183,pptt1jmatch_run_55_435_421,435.0,421.0,1.35,1.3168380669597526,1.3472866666666667,1.1171266666666668,Included,Included
EM4,0.9351733,1.3268586,0.0186182,0.0001176,1.025183,pptt1jmatch_run_55_435_421,435.0,421.0,1.35,1.3168380669597526,0.9828582222222223,0.692720962962963,Excluded,Excluded
EM5,0.5712991,0.6938811,0.0107294,8.96e-05,1.025183,pptt1jmatch_run_55_435_421,435.0,421.0,1.35,1.3168380669597526,0.513986,0.4231845185185185,Excluded,Excluded
EM6,0.5852003,0.8126416,0.0049673,6.12e-05,1.025183,pptt1jmatch_run_55_435_421,435.0,421.0,1.35,1.3168380669597526,0.6019567407407408,0.43348170370370376,Excluded,Excluded
EM7,0.3857881,0.5611554,0.0037362,5.31e-05,1.025183,pptt1jmatch_run_55_435_421,435.0,421.0,1.35,1.3168380669597526,0.4156706666666667,0.285768962962963,Excluded,Excluded
EM8,0.4010725,0.4600934,0.0020237,3.91e-05,1.025183,pptt1jmatch_run_55_435_421,435.0,421.0,1.35,1.3168380669597526,0.34080992592592596,0.29709074074074077,Excluded,Excluded
EM9,0.4374956,0.3730575,0.0011187,2.91e-05,1.025183,pptt1jmatch_run_55_435_421,435.0,421.0,1.35,1.3168380669597526,0.2763388888888889,0.3240708148148148,Excluded,Excluded
EM10,1.2184535,2.6067119,0.0002562,1.39e-05,1.025183,pptt1jmatch_run_55_435_421,435.0,421.0,1.35,1.3168380669597526,1.930897703703704,0.9025581481481483,Included,Excluded
EM11,0.8597159,0.9645681,0.0002553,1.39e-05,1.025183,pptt1jmatch_run_55_435_421,435.0,421.0,1.35,1.3168380669597526,0.714494888888889,0.6368265925925927,Excluded,Excluded
EM12,0.6714422,0.5391069,0.0003785,1.69e-05,1.025183,pptt1jmatch_run_55_435_421,435.0,421.0,1.35,1.3168380669597526,0.39933844444444455,0.49736459259259264,Excluded,Excluded
IM0,5.241453,6.6475503,0.1077866,0.0002972,0.8365986,pptt1jmatch_run_56_450_420,450.0,420.0,1.11,1.3268011684456562,5.988784054054054,4.722029729729729,Included,Included
IM1,2.8495738,3.5914857,0.0793104,0.000259,0.8365986,pptt1jmatch_run_56_450_420,450.0,420.0,1.11,1.3268011684456562,3.235572702702702,2.5671836036036035,Included,Included
IM2,2.0091893,2.7677311,0.0563374,0.000221,0.8365986,pptt1jmatch_run_56_450_420,450.0,420.0,1.11,1.3268011684456562,2.4934514414414415,1.8100804504504504,Included,Included
IM3,1.3815922,2.0327059,0.0412289,0.0001906,0.8365986,pptt1jmatch_run_56_450_420,450.0,420.0,1.11,1.3268011684456562,1.8312665765765763,1.2446776576576577,Included,Included
IM4,1.1052217,1.7603961,0.0297469,0.0001628,0.8365986,pptt1jmatch_run_56_450_420,450.0,420.0,1.11,1.3268011684456562,1.5859424324324323,0.9956952252252251,Included,Excluded
IM5,1.0904749,1.6608097,0.0132028,0.0001094,0.8365986,pptt1jmatch_run_56_450_420,450.0,420.0,1.11,1.3268011684456562,1.4962249549549547,0.9824098198198198,Included,Excluded
IM6,1.0,1.4603384,0.0072957,8.16e-05,0.8365986,pptt1jmatch_run_56_450_420,450.0,420.0,1.11,1.3268011684456562,1.31562018018018,0.9009009009009008,Included,Excluded
IM7,1.0338867,1.2183268,0.0034673,5.63e-05,0.8365986,pptt1jmatch_run_56_450_420,450.0,420.0,1.11,1.3268011684456562,1.0975917117117115,0.9314294594594594,Included,Excluded
IM8,1.3348711,1.4273131,0.0015001,3.71e-05,0.8365986,pptt1jmatch_run_56_450_420,450.0,420.0,1.11,1.3268011684456562,1.2858676576576575,1.2025865765765764,Included,Included
IM9,1.1183832,1.0539562,0.0011311,3.22e-05,0.8365986,pptt1jmatch_run_56_450_420,450.0,420.0,1.11,1.3268011684456562,0.94951009009009,1.0075524324324323,Excluded,Included
IM10,1.2410928,1.9128501,0.0007524,2.63e-05,0.8365986,pptt1jmatch_run_56_450_420,450.0,420.0,1.11,1.3268011684456562,1.7232883783783781,1.1181016216216215,Included,Included
IM11,2.2523898,2.0097873,0.0002506,1.52e-05,0.8365986,pptt1jmatch_run_56_450_420,450.0,420.0,1.11,1.3268011684456562,1.8106191891891892,2.0291799999999998,Included,Included
IM12,1.39377,1.1055833,0.0002506,1.52e-05,0.8365986,pptt1jmatch_run_56_450_420,450.0,420.0,1.11,1.3268011684456562,0.9960209909909908,1.2556486486486484,Excluded,Included
EM0,12.9445368,14.427981,0.0284762,0.0001594,0.8365986,pptt1jmatch_run_56_450_420,450.0,420.0,1.11,1.3268011684456562,12.99818108108108,11.661744864864863,Included,Included
EM1,5.5766419,5.403827,0.022973,0.0001436,0.8365986,pptt1jmatch_run_56_450_420,450.0,420.0,1.11,1.3268011684456562,4.868312612612612,5.024001711711712,Included,Included
EM2,3.306218,3.2781319,0.0151085,0.0001169,0.8365986,pptt1jmatch_run_56_450_420,450.0,420.0,1.11,1.3268011684456562,2.953271981981982,2.9785747747747746,Included,Included
EM3,2.0189163,2.4396093,0.011482,0.0001021,0.8365986,pptt1jmatch_run_56_450_420,450.0,420.0,1.11,1.3268011684456562,2.197846216216216,1.8188435135135133,Included,Included
EM4,1.054027,1.492253,0.0165441,0.0001223,0.8365986,pptt1jmatch_run_56_450_420,450.0,420.0,1.11,1.3268011684456562,1.344372072072072,0.9495738738738738,Included,Excluded
EM5,1.0368923,1.2688281,0.0059071,7.34e-05,0.8365986,pptt1jmatch_run_56_450_420,450.0,420.0,1.11,1.3268011684456562,1.1430883783783783,0.9341372072072072,Included,Excluded
EM6,0.7580196,1.0537606,0.0038284,5.92e-05,0.8365986,pptt1jmatch_run_56_450_420,450.0,420.0,1.11,1.3268011684456562,0.9493338738738737,0.6829005405405405,Excluded,Excluded
EM7,0.7323156,1.066765,0.0019672,4.25e-05,0.8365986,pptt1jmatch_run_56_450_420,450.0,420.0,1.11,1.3268011684456562,0.9610495495495495,0.6597437837837837,Excluded,Excluded
EM8,2.1990604,2.5178568,0.000369,1.84e-05,0.8365986,pptt1jmatch_run_56_450_420,450.0,420.0,1.11,1.3268011684456562,2.2683394594594595,1.9811354954954954,Included,Included
EM9,1.2901772,1.0955438,0.0003787,1.86e-05,0.8365986,pptt1jmatch_run_56_450_420,450.0,420.0,1.11,1.3268011684456562,0.9869763963963962,1.1623218018018018,Excluded,Included
EM10,0.622198,1.3266232,0.0005018,2.15e-05,0.8365986,pptt1jmatch_run_56_450_420,450.0,420.0,1.11,1.3268011684456562,1.195156036036036,0.5605387387387387,Included,Excluded
EM11,-1.0,-1.0,0.0,0.0,0.8365986,pptt1jmatch_run_56_450_420,450.0,420.0,1.11,1.3268011684456562,-0.9009009009009008,-0.9009009009009008,Excluded,Excluded
EM12,1.0143317,0.8193394,0.0002506,1.52e-05,0.8365986,pptt1jmatch_run_56_450_420,450.0,420.0,1.11,1.3268011684456562,0.7381436036036035,0.9138123423423423,Excluded,Excluded
IM0,5.8444201,7.4013251,0.0969719,0.0003013,0.7289657,pptt1jmatch_run_57_461_420,461.0,420.0,0.9714,1.3325729866302352,7.6192352275066915,6.016491764463661,Included,Included
IM1,3.1364903,3.9522172,0.0723782,0.0002638,0.7289657,pptt1jmatch_run_57_461_420,461.0,420.0,0.9714,1.3325729866302352,4.068578546427836,3.228834980440601,Included,Included
IM2,2.1992989,3.0239249,0.0513486,0.0002247,0.7289657,pptt1jmatch_run_57_461_420,461.0,420.0,0.9714,1.3325729866302352,3.1129554251595635,2.264050751492691,Included,Included
IM3,1.6368347,2.4178869,0.0347074,0.0001864,0.7289657,pptt1jmatch_run_57_461_420,461.0,420.0,0.9714,1.3325729866302352,2.4890744286596664,1.68502645666049,Included,Included
IM4,1.4405996,2.2972709,0.0227866,0.0001519,0.7289657,pptt1jmatch_run_57_461_420,461.0,420.0,0.9714,1.3325729866302352,2.3649072472719785,1.4830137945233683,Included,Included
IM5,1.2760719,1.9602345,0.0111728,0.000107,0.7289657,pptt1jmatch_run_57_461_420,461.0,420.0,0.9714,1.3325729866302352,2.01794780728845,1.313642063001853,Included,Included
IM6,1.2261251,1.7945246,0.0059464,7.83e-05,0.7289657,pptt1jmatch_run_57_461_420,461.0,420.0,0.9714,1.3325729866302352,1.8473590693843935,1.2622247271978586,Included,Included
IM7,1.058585,1.2430868,0.0033916,5.92e-05,0.7289657,pptt1jmatch_run_57_461_420,461.0,420.0,0.9714,1.3325729866302352,1.2796858142886554,1.0897519044677786,Included,Included
IM8,1.168593,1.2511347,0.0017099,4.21e-05,0.7289657,pptt1jmatch_run_57_461_420,461.0,420.0,0.9714,1.3325729866302352,1.2879706609017911,1.202998764669549,Included,Included
IM9,3.2844536,3.0925696,0.0003862,2e-05,0.7289657,pptt1jmatch_run_57_461_420,461.0,420.0,0.9714,1.3325729866302352,3.183621165328392,3.3811546221947704,Included,Included
IM10,7.4310578,11.49273,0.0001257,1.14e-05,0.7289657,pptt1jmatch_run_57_461_420,461.0,420.0,0.9714,1.3325729866302352,11.831099444101296,7.649843318921144,Included,Included
IM11,-1.0,-1.0,0.0,0.0,0.7289657,pptt1jmatch_run_57_461_420,461.0,420.0,0.9714,1.3325729866302352,-1.0294420424130122,-1.0294420424130122,Excluded,Excluded
IM12,-1.0,-1.0,0.0,0.0,0.7289657,pptt1jmatch_run_57_461_420,461.0,420.0,0.9714,1.3325729866302352,-1.0294420424130122,-1.0294420424130122,Excluded,Excluded
EM0,14.894509,16.6792486,0.0245938,0.0001577,0.7289657,pptt1jmatch_run_57_461_420,461.0,420.0,0.9714,1.3325729866302352,17.170319744698375,15.333033765698989,Included,Included
EM1,6.0862702,5.908112,0.0210296,0.0001461,0.7289657,pptt1jmatch_run_57_461_420,461.0,420.0,0.9714,1.3325729866302352,6.082058884084826,6.2654624253654525,Included,Included
EM2,3.0001253,2.9773244,0.0166412,0.0001302,0.7289657,pptt1jmatch_run_57_461_420,461.0,420.0,0.9714,1.3325729866302352,3.064982911262096,3.088455116326951,Included,Included
EM3,1.9402989,2.3469742,0.0119207,0.0001105,0.7289657,pptt1jmatch_run_57_461_420,461.0,420.0,0.9714,1.3325729866302352,2.416073913938645,1.9974252625077207,Included,Included
EM4,1.5075961,2.1285398,0.0116139,0.0001091,0.7289657,pptt1jmatch_run_57_461_420,461.0,420.0,0.9714,1.3325729866302352,2.1912083590693845,1.5519828083178917,Included,Included
EM5,1.1719197,1.429752,0.0052264,7.34e-05,0.7289657,pptt1jmatch_run_57_461_420,461.0,420.0,0.9714,1.3325729866302352,1.4718468190240888,1.2064234095120443,Included,Included
EM6,1.1421991,1.5753569,0.0025548,5.14e-05,0.7289657,pptt1jmatch_run_57_461_420,461.0,420.0,0.9714,1.3325729866302352,1.6217386246654313,1.1758277743463044,Included,Included
EM7,0.8540025,1.2398508,0.0016816,4.17e-05,0.7289657,pptt1jmatch_run_57_461_420,461.0,420.0,0.9714,1.3325729866302352,1.276354539839407,0.8791460778258183,Included,Excluded
EM8,0.6115627,0.7040897,0.0013238,3.7e-05,0.7289657,pptt1jmatch_run_57_461_420,461.0,420.0,0.9714,1.3325729866302352,0.724819538809965,0.6295683549516162,Excluded,Excluded
EM9,1.8742174,1.5995168,0.0002605,1.64e-05,0.7289657,pptt1jmatch_run_57_461_420,461.0,420.0,0.9714,1.3325729866302352,1.6466098414659254,1.9293981881820053,Included,Included
EM10,2.4854924,5.3165619,0.0001257,1.14e-05,0.7289657,pptt1jmatch_run_57_461_420,461.0,420.0,0.9714,1.3325729866302352,5.4730923409512044,2.5586703726580193,Included,Included
EM11,-1.0,-1.0,0.0,0.0,0.7289657,pptt1jmatch_run_57_461_420,461.0,420.0,0.9714,1.3325729866302352,-1.0294420424130122,-1.0294420424130122,Excluded,Excluded
EM12,-1.0,-1.0,0.0,0.0,0.7289657,pptt1jmatch_run_57_461_420,461.0,420.0,0.9714,1.3325729866302352,-1.0294420424130122,-1.0294420424130122,Excluded,Excluded
IM0,6.1594983,7.8396531,0.0914701,0.0003112,0.6533943,pptt1jmatch_run_58_470_421,470.0,421.0,0.87,1.3315084015884437,9.011095517241378,7.079883103448275,Included,Included
IM1,3.2732586,4.1120359,0.0690563,0.0002737,0.6533943,pptt1jmatch_run_58_470_421,470.0,421.0,0.87,1.3315084015884437,4.726478045977012,3.7623662068965515,Included,Included
IM2,2.3112695,3.1750327,0.0490625,0.0002331,0.6533943,pptt1jmatch_run_58_470_421,470.0,421.0,0.87,1.3315084015884437,3.649462873563218,2.6566316091954016,Included,Included
IM3,1.6966776,2.4832706,0.0337389,0.0001949,0.6533943,pptt1jmatch_run_58_470_421,470.0,421.0,0.87,1.3315084015884437,2.8543340229885055,1.9502041379310342,Included,Included
IM4,1.308028,2.0738654,0.0251725,0.0001691,0.6533943,pptt1jmatch_run_58_470_421,470.0,421.0,0.87,1.3315084015884437,2.383753333333333,1.5034804597701148,Included,Included
IM5,1.2053018,1.8385757,0.0118879,0.000117,0.6533943,pptt1jmatch_run_58_470_421,470.0,421.0,0.87,1.3315084015884437,2.11330540229885,1.3854043678160917,Included,Included
IM6,1.2090685,1.7832492,0.0059884,8.33e-05,0.6533943,pptt1jmatch_run_58_470_421,470.0,421.0,0.87,1.3315084015884437,2.049711724137931,1.389733908045977,Included,Included
IM7,1.0389536,1.2360778,0.003442,6.32e-05,0.6533943,pptt1jmatch_run_58_470_421,470.0,421.0,0.87,1.3315084015884437,1.4207790804597697,1.1941995402298848,Included,Included
IM8,1.1792206,1.2674635,0.0016973,4.44e-05,0.6533943,pptt1jmatch_run_58_470_421,470.0,421.0,0.87,1.3315084015884437,1.4568545977011493,1.3554259770114943,Included,Included
IM9,1.7236005,1.6215143,0.0007373,2.93e-05,0.6533943,pptt1jmatch_run_58_470_421,470.0,421.0,0.87,1.3315084015884437,1.8638095402298849,1.98115,Included,Included
IM10,2.5427601,3.9313047,0.0003663,2.07e-05,0.6533943,pptt1jmatch_run_58_470_421,470.0,421.0,0.87,1.3315084015884437,4.518741034482758,2.9227127586206896,Included,Included
IM11,4.4391512,3.9524809,0.0001273,1.22e-05,0.6533943,pptt1jmatch_run_58_470_421,470.0,421.0,0.87,1.3315084015884437,4.543081494252873,5.102472643678161,Included,Included
IM12,2.7267208,2.1801945,0.0001273,1.22e-05,0.6533943,pptt1jmatch_run_58_470_421,470.0,421.0,0.87,1.3315084015884437,2.505970689655172,3.134161839080459,Included,Included
EM0,16.3387229,18.3149453,0.0224139,0.0001598,0.6533943,pptt1jmatch_run_58_470_421,470.0,421.0,0.87,1.3315084015884437,21.051661264367816,18.780141264367813,Included,Included
EM1,6.3952449,6.237237,0.0199938,0.0001511,0.6533943,pptt1jmatch_run_58_470_421,470.0,421.0,0.87,1.3315084015884437,7.169237931034482,7.350856206896551,Included,Included
EM2,3.269383,3.2413985,0.0153236,0.0001326,0.6533943,pptt1jmatch_run_58_470_421,470.0,421.0,0.87,1.3315084015884437,3.72574540229885,3.757911494252873,Included,Included
EM3,2.6935598,3.2751817,0.0085664,9.95e-05,0.6533943,pptt1jmatch_run_58_470_421,470.0,421.0,0.87,1.3315084015884437,3.7645766666666662,3.0960457471264364,Included,Included
EM4,1.317657,1.8585117,0.0132846,0.0001236,0.6533943,pptt1jmatch_run_58_470_421,470.0,421.0,0.87,1.3315084015884437,2.136220344827586,1.514548275862069,Included,Included
EM5,1.0394207,1.2695787,0.0058995,8.27e-05,0.6533943,pptt1jmatch_run_58_470_421,470.0,421.0,0.87,1.3315084015884437,1.4592858620689655,1.1947364367816091,Included,Included
EM6,1.1410553,1.5872058,0.0025464,5.44e-05,0.6533943,pptt1jmatch_run_58_470_421,470.0,421.0,0.87,1.3315084015884437,1.8243744827586206,1.3115578160919539,Included,Included
EM7,0.8238909,1.2072462,0.0017447,4.5e-05,0.6533943,pptt1jmatch_run_58_470_421,470.0,421.0,0.87,1.3315084015884437,1.3876393103448272,0.9470010344827585,Included,Excluded
EM8,0.8464262,0.9664611,0.00096,3.34e-05,0.6533943,pptt1jmatch_run_58_470_421,470.0,421.0,0.87,1.3315084015884437,1.1108748275862068,0.9729036781609195,Included,Excluded
EM9,1.3196618,1.1302927,0.000371,2.08e-05,0.6533943,pptt1jmatch_run_58_470_421,470.0,421.0,0.87,1.3315084015884437,1.2991870114942528,1.5168526436781606,Included,Included
EM10,1.3062713,2.7916908,0.000239,1.67e-05,0.6533943,pptt1jmatch_run_58_470_421,470.0,421.0,0.87,1.3315084015884437,3.2088399999999995,1.5014612643678158,Included,Included
EM11,-1.0,-1.0,0.0,0.0,0.6533943,pptt1jmatch_run_58_470_421,470.0,421.0,0.87,1.3315084015884437,-1.1494252873563218,-1.1494252873563218,Excluded,Excluded
EM12,1.9902228,1.6107115,0.0001273,1.22e-05,0.6533943,pptt1jmatch_run_58_470_421,470.0,421.0,0.87,1.3315084015884437,1.851392528735632,2.287612413793103,Included,Included
IM0,4.0975341,5.1893641,0.13769,0.0003411,0.7748175,pptt1jmatch_run_59_456_449,456.0,449.0,1.0366,1.3378634323566516,5.006139398032028,3.9528594443372564,Included,Included
IM1,2.0863131,2.6166526,0.1087911,0.0003082,0.7748175,pptt1jmatch_run_59_456_449,456.0,449.0,1.0366,1.3378634323566516,2.524264518618561,2.012650106116149,Included,Included
IM2,1.3702417,1.8877453,0.0824625,0.0002723,0.7748175,pptt1jmatch_run_59_456_449,456.0,449.0,1.0366,1.3378634323566516,1.8210932857418485,1.3218615666602354,Included,Included
IM3,0.9287274,1.3771646,0.0609957,0.0002369,0.7748175,pptt1jmatch_run_59_456_449,456.0,449.0,1.0366,1.3378634323566516,1.3285400347289216,0.8959361373721783,Included,Excluded
IM4,0.7108219,1.1298234,0.0463091,0.000208,0.7748175,pptt1jmatch_run_59_456_449,456.0,449.0,1.0366,1.3378634323566516,1.0899318927262205,0.6857243874204129,Included,Excluded
IM5,0.5256399,0.7930311,0.0275011,0.0001619,0.7748175,pptt1jmatch_run_59_456_449,456.0,449.0,1.0366,1.3378634323566516,0.7650309666216477,0.5070807447424273,Excluded,Excluded
IM6,0.459691,0.6725131,0.0158522,0.0001236,0.7748175,pptt1jmatch_run_59_456_449,456.0,449.0,1.0366,1.3378634323566516,0.6487681844491607,0.4434603511479838,Excluded,Excluded
IM7,0.3768072,0.4427301,0.0095541,9.63e-05,0.7748175,pptt1jmatch_run_59_456_449,456.0,449.0,1.0366,1.3378634323566516,0.42709830214161687,0.3635029905460158,Excluded,Excluded
IM8,0.4374854,0.467816,0.0045827,6.69e-05,0.7748175,pptt1jmatch_run_59_456_449,456.0,449.0,1.0366,1.3378634323566516,0.45129847578622423,0.42203878062897937,Excluded,Excluded
IM9,0.4104987,0.3853335,0.0031003,5.5e-05,0.7748175,pptt1jmatch_run_59_456_449,456.0,449.0,1.0366,1.3378634323566516,0.3717282461894656,0.39600491993054215,Excluded,Excluded
IM10,0.5061059,0.7792999,0.0018504,4.25e-05,0.7748175,pptt1jmatch_run_59_456_449,456.0,449.0,1.0366,1.3378634323566516,0.7517845842176346,0.4882364460737025,Excluded,Excluded
IM11,0.5008063,0.4442601,0.0011316,3.33e-05,0.7748175,pptt1jmatch_run_59_456_449,456.0,449.0,1.0366,1.3378634323566516,0.42857428130426395,0.48312396295581717,Excluded,Excluded
IM12,0.4552889,0.362667,0.000762,2.73e-05,0.7748175,pptt1jmatch_run_59_456_449,456.0,449.0,1.0366,1.3378634323566516,0.34986204900636697,0.43921367933629174,Excluded,Excluded
EM0,12.6490849,14.1971062,0.0288989,0.0001658,0.7748175,pptt1jmatch_run_59_456_449,456.0,449.0,1.0366,1.3378634323566516,13.695838510515147,12.2024743391858,Included,Included
EM1,4.8515291,4.7369513,0.0263286,0.0001585,0.7748175,pptt1jmatch_run_59_456_449,456.0,449.0,1.0366,1.3378634323566516,4.5697002701138345,4.6802325873046495,Included,Included
EM2,2.3244956,2.3086915,0.0214668,0.0001435,0.7748175,pptt1jmatch_run_59_456_449,456.0,449.0,1.0366,1.3378634323566516,2.2271768280918387,2.242422921088173,Included,Included
EM3,1.5795843,1.9161893,0.0146866,0.0001191,0.7748175,pptt1jmatch_run_59_456_449,456.0,449.0,1.0366,1.3378634323566516,1.8485329924754006,1.5238127532317192,Included,Included
EM4,0.9291285,1.3037109,0.018808,0.0001345,0.7748175,pptt1jmatch_run_59_456_449,456.0,449.0,1.0366,1.3378634323566516,1.2576798186378546,0.8963230754389351,Included,Excluded
EM5,0.5268597,0.6449721,0.0116489,0.0001062,0.7748175,pptt1jmatch_run_59_456_449,456.0,449.0,1.0366,1.3378634323566516,0.6221995948292496,0.5082574763650396,Excluded,Excluded
EM6,0.4633297,0.6386668,0.0062981,7.83e-05,0.7748175,pptt1jmatch_run_59_456_449,456.0,449.0,1.0366,1.3378634323566516,0.616116920702296,0.4469705768859734,Excluded,Excluded
EM7,0.2884732,0.4222849,0.0049714,6.96e-05,0.7748175,pptt1jmatch_run_59_456_449,456.0,449.0,1.0366,1.3378634323566516,0.40737497588269345,0.27828786417132934,Excluded,Excluded
EM8,0.5460221,0.6276287,0.0014825,3.81e-05,0.7748175,pptt1jmatch_run_59_456_449,456.0,449.0,1.0366,1.3378634323566516,0.6054685510322207,0.526743295388771,Excluded,Excluded
EM9,0.3898562,0.3332633,0.0012499,3.5e-05,0.7748175,pptt1jmatch_run_59_456_449,456.0,449.0,1.0366,1.3378634323566516,0.3214965271078526,0.3760912598880957,Excluded,Excluded
EM10,0.4335302,0.9270551,0.0007188,2.65e-05,0.7748175,pptt1jmatch_run_59_456_449,456.0,449.0,1.0366,1.3378634323566516,0.8943228825004824,0.41822322978969706,Excluded,Excluded
EM11,0.5949349,0.6700757,0.0003696,1.9e-05,0.7748175,pptt1jmatch_run_59_456_449,456.0,449.0,1.0366,1.3378634323566516,0.646416843526915,0.5739290951186572,Excluded,Excluded
EM12,0.3335577,0.2660626,0.000762,2.73e-05,0.7748175,pptt1jmatch_run_59_456_449,456.0,449.0,1.0366,1.3378634323566516,0.25666853173837545,0.3217805325101293,Excluded,Excluded
IM0,4.1691629,5.3038164,0.1351293,0.0003518,0.726662,pptt1jmatch_run_60_461_449,461.0,449.0,0.9714,1.336797575764248,5.459971587399629,4.291911570928557,Included,Included
IM1,2.1292857,2.6898765,0.105858,0.0003166,0.726662,pptt1jmatch_run_60_461_449,461.0,449.0,0.9714,1.336797575764248,2.7690719579987646,2.1919762198888204,Included,Included
IM2,1.4062793,1.9367878,0.0802034,0.0002795,0.726662,pptt1jmatch_run_60_461_449,461.0,449.0,0.9714,1.336797575764248,1.9938107885526044,1.447683034795141,Included,Included
IM3,0.965025,1.4136522,0.0594035,0.0002432,0.726662,pptt1jmatch_run_60_461_449,461.0,449.0,0.9714,1.336797575764248,1.4552730080296479,0.9934373069796171,Included,Excluded
IM4,0.7669693,1.2185572,0.0427757,0.0002082,0.726662,pptt1jmatch_run_60_461_449,461.0,449.0,0.9714,1.336797575764248,1.2544340127650813,0.7895504426600781,Included,Excluded
IM5,0.5673785,0.863089,0.0253738,0.0001618,0.726662,pptt1jmatch_run_60_461_449,461.0,449.0,0.9714,1.336797575764248,0.8885001029442042,0.5840832818612312,Excluded,Excluded
IM6,0.5392303,0.7881639,0.0135189,0.0001188,0.726662,pptt1jmatch_run_60_461_449,461.0,449.0,0.9714,1.336797575764248,0.811369054972205,0.5551063413629813,Excluded,Excluded
IM7,0.5138297,0.604667,0.0069795,8.57e-05,0.726662,pptt1jmatch_run_60_461_449,461.0,449.0,0.9714,1.336797575764248,0.6224696314597488,0.5289578958204653,Excluded,Excluded
IM8,0.5533025,0.5914858,0.0036307,6.19e-05,0.726662,pptt1jmatch_run_60_461_449,461.0,449.0,0.9714,1.336797575764248,0.6089003500102943,0.5695928556722256,Excluded,Excluded
IM9,0.5520094,0.5230592,0.0022888,4.92e-05,0.726662,pptt1jmatch_run_60_461_449,461.0,449.0,0.9714,1.336797575764248,0.5384591311509161,0.5682616841671814,Excluded,Excluded
IM10,0.8161779,1.2624795,0.0011429,3.48e-05,0.726662,pptt1jmatch_run_60_461_449,461.0,449.0,0.9714,1.336797575764248,1.2996494749845582,0.8402078443483632,Included,Excluded
IM11,0.8776323,0.7886367,0.0006432,2.61e-05,0.726662,pptt1jmatch_run_60_461_449,461.0,449.0,0.9714,1.336797575764248,0.8118557751698579,0.9034715873996294,Excluded,Excluded
IM12,0.9048894,0.7149469,0.0003862,2.02e-05,0.726662,pptt1jmatch_run_60_461_449,461.0,449.0,0.9714,1.336797575764248,0.7359963969528516,0.931531192093885,Excluded,Excluded
EM0,12.5291262,14.021513,0.0292713,0.0001735,0.726662,pptt1jmatch_run_60_461_449,461.0,449.0,0.9714,1.336797575764248,14.434334980440601,12.89800926497838,Included,Included
EM1,4.9532279,4.8323834,0.0256547,0.0001627,0.726662,pptt1jmatch_run_60_461_449,461.0,449.0,0.9714,1.336797575764248,4.974658637018736,5.099061045913115,Included,Included
EM2,2.4024342,2.3848707,0.0207999,0.0001469,0.726662,pptt1jmatch_run_60_461_449,461.0,449.0,0.9714,1.336797575764248,2.4550861642989497,2.473166769610871,Included,Included
EM3,1.3916798,1.6867013,0.0166278,0.0001316,0.726662,pptt1jmatch_run_60_461_449,461.0,449.0,0.9714,1.336797575764248,1.7363612312126826,1.432653695696932,Included,Included
EM4,1.0150618,1.4198018,0.0174019,0.0001346,0.726662,pptt1jmatch_run_60_461_449,461.0,449.0,0.9714,1.336797575764248,1.4616036648136708,1.0449472925674284,Included,Included
EM5,0.5182552,0.6330039,0.0118549,0.0001114,0.726662,pptt1jmatch_run_60_461_449,461.0,449.0,0.9714,1.336797575764248,0.6516408276714021,0.5335136915791641,Excluded,Excluded
EM6,0.4449145,0.6188329,0.0065394,8.29e-05,0.726662,pptt1jmatch_run_60_461_449,461.0,449.0,0.9714,1.336797575764248,0.6370526044883673,0.45801369157916405,Excluded,Excluded
EM7,0.4292622,0.6248645,0.0033488,5.94e-05,0.726662,pptt1jmatch_run_60_461_449,461.0,449.0,0.9714,1.336797575764248,0.6432617871113856,0.44190055589870286,Excluded,Excluded
EM8,0.6091814,0.6918785,0.0013419,3.77e-05,0.726662,pptt1jmatch_run_60_461_449,461.0,449.0,0.9714,1.336797575764248,0.7122488161416511,0.6271169446160181,Excluded,Excluded
EM9,0.428667,0.3657472,0.0011459,3.48e-05,0.726662,pptt1jmatch_run_60_461_449,461.0,449.0,0.9714,1.336797575764248,0.37651554457484043,0.44128783199505867,Excluded,Excluded
EM10,0.6258104,1.3395595,0.0004997,2.3e-05,0.726662,pptt1jmatch_run_60_461_449,461.0,449.0,0.9714,1.336797575764248,1.3789988676137532,0.6442355363393041,Included,Excluded
EM11,0.8571073,0.9589844,0.000257,1.65e-05,0.726662,pptt1jmatch_run_60_461_449,461.0,449.0,0.9714,1.336797575764248,0.987218859378217,0.8823422894791023,Excluded,Excluded
EM12,0.660846,0.5271061,0.0003862,2.02e-05,0.726662,pptt1jmatch_run_60_461_449,461.0,449.0,0.9714,1.336797575764248,0.5426251801523574,0.6803026559604695,Excluded,Excluded
IM0,4.0259947,5.109359,0.1403744,0.0003724,0.6522374,pptt1jmatch_run_63_470_450,470.0,450.0,0.87,1.3338701521869185,5.87282643678161,4.627580114942528,Included,Included
IM1,2.0878174,2.625334,0.1083913,0.0003333,0.6522374,pptt1jmatch_run_63_470_450,470.0,450.0,0.87,1.3338701521869185,3.017625287356322,2.3997901149425287,Included,Included
IM2,1.4578559,1.9913181,0.0775878,0.0002868,0.6522374,pptt1jmatch_run_63_470_450,470.0,450.0,0.87,1.3338701521869185,2.288871379310345,1.6756964367816092,Included,Included
IM3,1.0429814,1.5354297,0.0546397,0.0002436,0.6522374,pptt1jmatch_run_63_470_450,470.0,450.0,0.87,1.3338701521869185,1.764861724137931,1.1988291954022987,Included,Included
IM4,0.8628482,1.3751954,0.0380887,0.0002052,0.6522374,pptt1jmatch_run_63_470_450,470.0,450.0,0.87,1.3338701521869185,1.580684367816092,0.991779540229885,Included,Excluded
IM5,0.6957099,1.0547096,0.0207075,0.0001527,0.6522374,pptt1jmatch_run_63_470_450,470.0,450.0,0.87,1.3338701521869185,1.2123098850574714,0.7996665517241379,Included,Excluded
IM6,0.6447593,0.9424808,0.011323,0.0001134,0.6522374,pptt1jmatch_run_63_470_450,470.0,450.0,0.87,1.3338701521869185,1.083311264367816,0.7411026436781609,Included,Excluded
IM7,0.5616859,0.6631494,0.0063993,8.55e-05,0.6522374,pptt1jmatch_run_63_470_450,470.0,450.0,0.87,1.3338701521869185,0.7622406896551724,0.6456159770114942,Excluded,Excluded
IM8,0.5140325,0.5489792,0.0039016,6.68e-05,0.6522374,pptt1jmatch_run_63_470_450,470.0,450.0,0.87,1.3338701521869185,0.6310105747126437,0.5908419540229886,Excluded,Excluded
IM9,0.6061111,0.5708003,0.0020925,4.9e-05,0.6522374,pptt1jmatch_run_63_470_450,470.0,450.0,0.87,1.3338701521869185,0.6560922988505747,0.6966794252873564,Excluded,Excluded
IM10,0.6314253,0.9749051,0.0014774,4.12e-05,0.6522374,pptt1jmatch_run_63_470_450,470.0,450.0,0.87,1.3338701521869185,1.1205805747126436,0.7257762068965516,Included,Excluded
IM11,0.9137059,0.8203522,0.0006166,2.66e-05,0.6522374,pptt1jmatch_run_63_470_450,470.0,450.0,0.87,1.3338701521869185,0.9429335632183908,1.0502366666666667,Excluded,Included
IM12,2.9335532,2.3262237,0.0001188,1.17e-05,0.6522374,pptt1jmatch_run_63_470_450,470.0,450.0,0.87,1.3338701521869185,2.673820344827586,3.3719002298850573,Included,Included
EM0,11.4398676,12.7973164,0.0319831,0.0001886,0.6522374,pptt1jmatch_run_63_470_450,470.0,450.0,0.87,1.3338701521869185,14.70955908045977,13.149273103448275,Included,Included
EM1,4.1772811,4.0478677,0.0308035,0.0001852,0.6522374,pptt1jmatch_run_63_470_450,470.0,450.0,0.87,1.3338701521869185,4.652721494252874,4.801472528735633,Included,Included
EM2,2.1903123,2.1719702,0.0229481,0.0001605,0.6522374,pptt1jmatch_run_63_470_450,470.0,450.0,0.87,1.3338701521869185,2.496517471264368,2.5176003448275863,Included,Included
EM3,1.395561,1.6921809,0.016551,0.0001368,0.6522374,pptt1jmatch_run_63_470_450,470.0,450.0,0.87,1.3338701521869185,1.9450355172413794,1.604093103448276,Included,Included
EM4,1.0117904,1.4230475,0.0173811,0.0001401,0.6522374,pptt1jmatch_run_63_470_450,470.0,450.0,0.87,1.3338701521869185,1.6356867816091953,1.162977471264368,Included,Included
EM5,0.6544354,0.7997006,0.0093846,0.0001034,0.6522374,pptt1jmatch_run_63_470_450,470.0,450.0,0.87,1.3338701521869185,0.919196091954023,0.7522245977011495,Excluded,Excluded
EM6,0.5929048,0.8186861,0.0049236,7.5e-05,0.6522374,pptt1jmatch_run_63_470_450,470.0,450.0,0.87,1.3338701521869185,0.9410185057471264,0.6814997701149426,Excluded,Excluded
EM7,0.5740018,0.8383294,0.0024978,5.35e-05,0.6522374,pptt1jmatch_run_63_470_450,470.0,450.0,0.87,1.3338701521869185,0.9635970114942529,0.659772183908046,Excluded,Excluded
EM8,0.4480695,0.5157683,0.0018091,4.56e-05,0.6522374,pptt1jmatch_run_63_470_450,470.0,450.0,0.87,1.3338701521869185,0.5928371264367815,0.5150224137931034,Excluded,Excluded
EM9,0.7953294,0.6790741,0.0006152,2.66e-05,0.6522374,pptt1jmatch_run_63_470_450,470.0,450.0,0.87,1.3338701521869185,0.7805449425287356,0.914171724137931,Excluded,Excluded
EM10,0.3640824,0.7750429,0.0008608,3.14e-05,0.6522374,pptt1jmatch_run_63_470_450,470.0,450.0,0.87,1.3338701521869185,0.890853908045977,0.4184855172413793,Excluded,Excluded
EM11,0.4424478,0.4956849,0.0004978,2.39e-05,0.6522374,pptt1jmatch_run_63_470_450,470.0,450.0,0.87,1.3338701521869185,0.5697527586206896,0.5085606896551724,Excluded,Excluded
EM12,2.1459693,1.7198905,0.0001188,1.17e-05,0.6522374,pptt1jmatch_run_63_470_450,470.0,450.0,0.87,1.3338701521869185,1.9768856321839081,2.466631379310345,Included,Included
IM0,4.5948034,5.8371692,0.1227368,0.0003782,0.5756331,pptt1jmatch_run_64_480_450,480.0,450.0,0.771,1.3393948332714016,7.570906874189364,5.959537483787289,Included,Included
IM1,2.4280713,3.0431866,0.0933322,0.0003353,0.5756331,pptt1jmatch_run_64_480_450,480.0,450.0,0.771,1.3393948332714016,3.9470643320363163,3.1492494163424123,Included,Included
IM2,1.6876847,2.3175942,0.0672364,0.0002886,0.5756331,pptt1jmatch_run_64_480_450,480.0,450.0,0.771,1.3393948332714016,3.005958754863813,2.18895551232166,Included,Included
IM3,1.1419881,1.687211,0.0498225,0.0002508,0.5756331,pptt1jmatch_run_64_480_450,480.0,450.0,0.771,1.3393948332714016,2.1883411154345005,1.4811778210116733,Included,Included
IM4,0.9187626,1.4633456,0.0357807,0.0002141,0.5756331,pptt1jmatch_run_64_480_450,480.0,450.0,0.771,1.3393948332714016,1.897983916990921,1.1916505836575875,Included,Included
IM5,0.8671536,1.3162073,0.0166205,0.0001474,0.5756331,pptt1jmatch_run_64_480_450,480.0,450.0,0.771,1.3393948332714016,1.7071430609597926,1.124712840466926,Included,Included
IM6,0.7894779,1.156449,0.009226,0.0001102,0.5756331,pptt1jmatch_run_64_480_450,480.0,450.0,0.771,1.3393948332714016,1.4999338521400778,1.023966147859922,Included,Included
IM7,0.6846395,0.8108424,0.0052258,8.31e-05,0.5756331,pptt1jmatch_run_64_480_450,480.0,450.0,0.771,1.3393948332714016,1.0516762645914397,0.8879889753566795,Included,Excluded
IM8,0.8126568,0.8695527,0.0024614,5.71e-05,0.5756331,pptt1jmatch_run_64_480_450,480.0,450.0,0.771,1.3393948332714016,1.1278245136186769,1.0540295719844357,Included,Included
IM9,0.6812973,0.6448023,0.0018548,4.96e-05,0.5756331,pptt1jmatch_run_64_480_450,480.0,450.0,0.771,1.3393948332714016,0.8363194552529183,0.8836540856031128,Excluded,Excluded
IM10,1.5022097,2.3168022,0.0006222,2.87e-05,0.5756331,pptt1jmatch_run_64_480_450,480.0,450.0,0.771,1.3393948332714016,3.0049315175097275,1.9483913099870298,Included,Included
IM11,1.4985783,1.3364114,0.0003759,2.23e-05,0.5756331,pptt1jmatch_run_64_480_450,480.0,450.0,0.771,1.3393948332714016,1.7333481193255513,1.9436813229571983,Included,Included
IM12,1.4006194,1.1173615,0.0002487,1.82e-05,0.5756331,pptt1jmatch_run_64_480_450,480.0,450.0,0.771,1.3393948332714016,1.4492367055771724,1.8166269779507134,Included,Included
EM0,12.5129026,13.9883614,0.0294046,0.0001947,0.5756331,pptt1jmatch_run_64_480_450,480.0,450.0,0.771,1.3393948332714016,18.143140596627756,16.229445654993516,Included,Included
EM1,4.8675714,4.7524605,0.0260958,0.0001837,0.5756331,pptt1jmatch_run_64_480_450,480.0,450.0,0.771,1.3393948332714016,6.16402140077821,6.313322178988327,Included,Included
EM2,2.870849,2.8362586,0.0174139,0.0001508,0.5756331,pptt1jmatch_run_64_480_450,480.0,450.0,0.771,1.3393948332714016,3.6786752269779504,3.7235395590142675,Included,Included
EM3,1.652892,1.993751,0.0140418,0.0001356,0.5756331,pptt1jmatch_run_64_480_450,480.0,450.0,0.771,1.3393948332714016,2.585928664072633,2.1438287937743192,Included,Included
EM4,0.9133738,1.2903797,0.0191602,0.000158,0.5756331,pptt1jmatch_run_64_480_450,480.0,450.0,0.771,1.3393948332714016,1.6736442282749675,1.1846612191958494,Included,Included
EM5,0.8301736,1.0079452,0.0073945,9.87e-05,0.5756331,pptt1jmatch_run_64_480_450,480.0,450.0,0.771,1.3393948332714016,1.3073219195849546,1.0767491569390402,Included,Included
EM6,0.7273645,1.012685,0.0040002,7.28e-05,0.5756331,pptt1jmatch_run_64_480_450,480.0,450.0,0.771,1.3393948332714016,1.3134695201037614,0.9434040207522697,Included,Excluded
EM7,0.521,0.7602844,0.0027644,6.05e-05,0.5756331,pptt1jmatch_run_64_480_450,480.0,450.0,0.771,1.3393948332714016,0.9861016861219195,0.6757457846952011,Excluded,Excluded
EM8,1.3356215,1.5336027,0.0006067,2.84e-05,0.5756331,pptt1jmatch_run_64_480_450,480.0,450.0,0.771,1.3393948332714016,1.9891085603112841,1.7323236057068743,Included,Included
EM9,0.3971936,0.3373628,0.0012326,4.04e-05,0.5756331,pptt1jmatch_run_64_480_450,480.0,450.0,0.771,1.3393948332714016,0.43756523994811936,0.5151667963683527,Excluded,Excluded
EM10,1.2683068,2.7167711,0.0002462,1.81e-05,0.5756331,pptt1jmatch_run_64_480_450,480.0,450.0,0.771,1.3393948332714016,3.523697924773022,1.6450153047989622,Included,Included
EM11,1.7284447,1.9369758,0.0001272,1.3e-05,0.5756331,pptt1jmatch_run_64_480_450,480.0,450.0,0.771,1.3393948332714016,2.5122902723735407,2.2418219195849547,Included,Included
EM12,1.028594,0.8226995,0.0002487,1.82e-05,0.5756331,pptt1jmatch_run_64_480_450,480.0,450.0,0.771,1.3393948332714016,1.067055123216602,1.3341037613488975,Included,Included
IM0,4.9598091,6.3122201,0.1135646,0.0003749,0.5422436,pptt1jmatch_run_65_485_450,485.0,450.0,0.727,1.3407258287603578,8.682558596973864,6.8222958734525445,Included,Included
IM1,2.6547778,3.3190683,0.0856268,0.0003307,0.5422436,pptt1jmatch_run_65_485_450,485.0,450.0,0.727,1.3407258287603578,4.565430949105914,3.6516888583218705,Included,Included
IM2,1.8356312,2.5204538,0.061813,0.0002846,0.5422436,pptt1jmatch_run_65_485_450,485.0,450.0,0.727,1.3407258287603578,3.466924071526822,2.5249397524071524,Included,Included
IM3,1.3044602,1.9260975,0.0435882,0.0002413,0.5422436,pptt1jmatch_run_65_485_450,485.0,450.0,0.727,1.3407258287603578,2.6493775790921594,1.7943056396148553,Included,Included
IM4,1.0355682,1.6388557,0.0318372,0.0002075,0.5422436,pptt1jmatch_run_65_485_450,485.0,450.0,0.727,1.3407258287603578,2.2542719394773036,1.4244404401650617,Included,Included
IM5,0.8951998,1.3590617,0.0161016,0.0001487,0.5422436,pptt1jmatch_run_65_485_450,485.0,450.0,0.727,1.3407258287603578,1.8694108665749654,1.2313614855570838,Included,Included
IM6,0.7609039,1.1063029,0.0096132,0.0001153,0.5422436,pptt1jmatch_run_65_485_450,485.0,450.0,0.727,1.3407258287603578,1.5217371389270975,1.0466353507565336,Included,Included
IM7,0.682739,0.8052073,0.005262,8.55e-05,0.5422436,pptt1jmatch_run_65_485_450,485.0,450.0,0.727,1.3407258287603578,1.1075753782668498,0.939118294360385,Included,Excluded
IM8,0.6591907,0.7005054,0.003059,6.53e-05,0.5422436,pptt1jmatch_run_65_485_450,485.0,450.0,0.727,1.3407258287603578,0.9635562585969737,0.9067272352132049,Excluded,Excluded
IM9,0.9293858,0.8747758,0.001362,4.36e-05,0.5422436,pptt1jmatch_run_65_485_450,485.0,450.0,0.727,1.3407258287603578,1.2032679504814303,1.2783848693259972,Included,Included
IM10,1.2703448,1.9478568,0.0007404,3.21e-05,0.5422436,pptt1jmatch_run_65_485_450,485.0,450.0,0.727,1.3407258287603578,2.6793078404401647,1.7473793672627231,Included,Included
IM11,2.2690473,2.0305915,0.0002478,1.86e-05,0.5422436,pptt1jmatch_run_65_485_450,485.0,450.0,0.727,1.3407258287603578,2.7931107290233834,3.1211104539202195,Included,Included
IM12,1.3991713,1.1137092,0.0002478,1.86e-05,0.5422436,pptt1jmatch_run_65_485_450,485.0,450.0,0.727,1.3407258287603578,1.5319246217331497,1.9245822558459418,Included,Included
EM0,13.0904882,14.6561871,0.0279378,0.0001947,0.5422436,pptt1jmatch_run_65_485_450,485.0,450.0,0.727,1.3407258287603578,20.159817193947728,18.00617359009628,Included,Included
EM1,5.3390095,5.2093994,0.0238138,0.0001802,0.5422436,pptt1jmatch_run_65_485_450,485.0,450.0,0.727,1.3407258287603578,7.16561127922971,7.343892022008252,Included,Included
EM2,2.763494,2.7061837,0.0182248,0.0001581,0.5422436,pptt1jmatch_run_65_485_450,485.0,450.0,0.727,1.3407258287603578,3.7223984869325992,3.8012297111416777,Included,Included
EM3,1.9742151,2.381493,0.011751,0.0001273,0.5422436,pptt1jmatch_run_65_485_450,485.0,450.0,0.727,1.3407258287603578,3.2757812929848686,2.7155640990371386,Included,Included
EM4,1.1103202,1.5622724,0.0157357,0.0001471,0.5422436,pptt1jmatch_run_65_485_450,485.0,450.0,0.727,1.3407258287603578,2.148930398899587,1.5272629986244841,Included,Included
EM5,0.9472293,1.1579952,0.0064884,9.49e-05,0.5422436,pptt1jmatch_run_65_485_450,485.0,450.0,0.727,1.3407258287603578,1.5928407152682253,1.302928885832187,Included,Included
EM6,0.6667622,0.9261381,0.0043512,7.78e-05,0.5422436,pptt1jmatch_run_65_485_450,485.0,450.0,0.727,1.3407258287603578,1.2739176066024758,0.9171419532324621,Included,Excluded
EM7,0.6520757,0.9498298,0.002203,5.54e-05,0.5422436,pptt1jmatch_run_65_485_450,485.0,450.0,0.727,1.3407258287603578,1.306505914718019,0.8969404401650618,Included,Excluded
EM8,0.4788541,0.5477523,0.001697,4.86e-05,0.5422436,pptt1jmatch_run_65_485_450,485.0,450.0,0.727,1.3407258287603578,0.753441953232462,0.6586713892709766,Excluded,Excluded
EM9,0.7851582,0.6724749,0.0006216,2.95e-05,0.5422436,pptt1jmatch_run_65_485_450,485.0,450.0,0.727,1.3407258287603578,0.924999862448418,1.0799975240715267,Excluded,Included
EM10,0.6373208,1.3560662,0.0004925,2.62e-05,0.5422436,pptt1jmatch_run_65_485_450,485.0,450.0,0.727,1.3407258287603578,1.8652905089408527,0.8766448418156808,Included,Excluded
EM11,-1.0,-1.0,0.0,0.0,0.5422436,pptt1jmatch_run_65_485_450,485.0,450.0,0.727,1.3407258287603578,-1.3755158184319118,-1.3755158184319118,Excluded,Excluded
EM12,1.0264614,0.8312457,0.0002478,1.86e-05,0.5422436,pptt1jmatch_run_65_485_450,485.0,450.0,0.727,1.3407258287603578,1.1433916093535075,1.411913892709766,Included,Included
IM0,5.1729323,6.5661952,0.109221,0.0003787,0.5016898,pptt1jmatch_run_66_490_450,490.0,450.0,0.685,1.3653855430188138,9.585686423357664,7.551725985401459,Included,Included
IM1,2.7239231,3.4340348,0.0828858,0.0003347,0.5016898,pptt1jmatch_run_66_490_450,490.0,450.0,0.685,1.3653855430188138,5.013189489051094,3.9765300729927002,Included,Included
IM2,1.910143,2.6209831,0.0594799,0.0002871,0.5016898,pptt1jmatch_run_66_490_450,490.0,450.0,0.685,1.3653855430188138,3.8262527007299267,2.788529927007299,Included,Included
IM3,1.4587986,2.1508836,0.0390841,0.0002353,0.5016898,pptt1jmatch_run_66_490_450,490.0,450.0,0.685,1.3653855430188138,3.13997605839416,2.1296329927007296,Included,Included
IM4,1.1370974,1.8025082,0.0289677,0.0002036,0.5016898,pptt1jmatch_run_66_490_450,490.0,450.0,0.685,1.3653855430188138,2.631398832116788,1.659996204379562,Included,Included
IM5,1.012125,1.5382759,0.0142668,0.000144,0.5016898,pptt1jmatch_run_66_490_450,490.0,450.0,0.685,1.3653855430188138,2.2456582481751823,1.4775547445255472,Included,Included
IM6,0.8969237,1.3150721,0.0081475,0.0001091,0.5016898,pptt1jmatch_run_66_490_450,490.0,450.0,0.685,1.3653855430188138,1.9198132846715328,1.3093776642335766,Included,Included
IM7,0.9177529,1.080165,0.0039166,7.58e-05,0.5016898,pptt1jmatch_run_66_490_450,490.0,450.0,0.685,1.3653855430188138,1.576883211678832,1.3397852554744525,Included,Included
IM8,1.015033,1.0858433,0.0019763,5.39e-05,0.5016898,pptt1jmatch_run_66_490_450,490.0,450.0,0.685,1.3653855430188138,1.585172700729927,1.4818,Included,Included
IM9,1.1287584,1.0698635,0.0011137,4.05e-05,0.5016898,pptt1jmatch_run_66_490_450,490.0,450.0,0.685,1.3653855430188138,1.5618445255474454,1.6478224817518246,Included,Included
IM10,1.493905,2.293289,0.0006261,3.04e-05,0.5016898,pptt1jmatch_run_66_490_450,490.0,450.0,0.685,1.3653855430188138,3.3478671532846715,2.180883211678832,Included,Included
IM11,1.1148882,1.004099,0.0005033,2.72e-05,0.5016898,pptt1jmatch_run_66_490_450,490.0,450.0,0.685,1.3653855430188138,1.4658379562043795,1.62757401459854,Included,Included
IM12,1.3856479,1.1064824,0.0002509,1.92e-05,0.5016898,pptt1jmatch_run_66_490_450,490.0,450.0,0.685,1.3653855430188138,1.6153027737226275,2.0228436496350364,Included,Included
EM0,13.9590134,15.5316396,0.0263353,0.0001944,0.5016898,pptt1jmatch_run_66_490_450,490.0,450.0,0.685,1.3653855430188138,22.673926423357663,20.378121751824814,Included,Included
EM1,5.4391196,5.3321099,0.0234059,0.0001836,0.5016898,pptt1jmatch_run_66_490_450,490.0,450.0,0.685,1.3653855430188138,7.784102043795619,7.940320583941605,Included,Included
EM2,2.4456453,2.4424701,0.0203958,0.0001716,0.5016898,pptt1jmatch_run_66_490_450,490.0,450.0,0.685,1.3653855430188138,3.5656497810218974,3.5702851094890504,Included,Included
EM3,2.3018906,2.7734825,0.0101164,0.0001215,0.5016898,pptt1jmatch_run_66_490_450,490.0,450.0,0.685,1.3653855430188138,4.048879562043796,3.360424233576642,Included,Included
EM4,1.1919621,1.6773924,0.0147009,0.0001461,0.5016898,pptt1jmatch_run_66_490_450,490.0,450.0,0.685,1.3653855430188138,2.44874802919708,1.7400906569343064,Included,Included
EM5,1.0052309,1.2242884,0.0061193,9.47e-05,0.5016898,pptt1jmatch_run_66_490_450,490.0,450.0,0.685,1.3653855430188138,1.7872823357664234,1.4674903649635034,Included,Included
EM6,0.6860779,0.9523497,0.0042309,7.88e-05,0.5016898,pptt1jmatch_run_66_490_450,490.0,450.0,0.685,1.3653855430188138,1.3902915328467151,1.0015735766423357,Included,Included
EM7,0.7390596,1.0812662,0.0019403,5.34e-05,0.5016898,pptt1jmatch_run_66_490_450,490.0,450.0,0.685,1.3653855430188138,1.5784908029197078,1.0789191240875913,Included,Included
EM8,0.9454275,1.0841312,0.0008626,3.56e-05,0.5016898,pptt1jmatch_run_66_490_450,490.0,450.0,0.685,1.3653855430188138,1.5826732846715328,1.380186131386861,Included,Included
EM9,-1.0,0.8510999,0.0004876,2.68e-05,0.5016898,pptt1jmatch_run_66_490_450,490.0,450.0,0.685,1.3653855430188138,1.242481605839416,-1.4598540145985401,Included,Excluded
EM10,2.5565037,5.4339861,0.0001228,1.35e-05,0.5016898,pptt1jmatch_run_66_490_450,490.0,450.0,0.685,1.3653855430188138,7.932826423357664,3.7321221897810215,Included,Included
EM11,0.8690406,0.9760409,0.0002525,1.93e-05,0.5016898,pptt1jmatch_run_66_490_450,490.0,450.0,0.685,1.3653855430188138,1.4248772262773721,1.2686724087591241,Included,Included
EM12,1.013097,0.8108342,0.0002509,1.92e-05,0.5016898,pptt1jmatch_run_66_490_450,490.0,450.0,0.685,1.3653855430188138,1.1836995620437956,1.478973722627737,Included,Included
IM0,3.8162137,4.847469,0.1479716,0.0004244,0.5236298,pptt1jmatch_run_67_487_480,487.0,480.0,0.7102,1.3563017230875707,6.825498451140524,5.373435229512813,Included,Included
IM1,1.9268871,2.4150156,0.1174426,0.0003848,0.5236298,pptt1jmatch_run_67_487_480,487.0,480.0,0.7102,1.3563017230875707,3.4004725429456486,2.7131612221909323,Included,Included
IM2,1.3194261,1.8250036,0.085288,0.0003338,0.5236298,pptt1jmatch_run_67_487_480,487.0,480.0,0.7102,1.3563017230875707,2.569703745423824,1.8578232892143058,Included,Included
IM3,0.9046543,1.3287008,0.0630802,0.0002905,0.5236298,pptt1jmatch_run_67_487_480,487.0,480.0,0.7102,1.3563017230875707,1.8708825682906223,1.2738021684032665,Included,Included
IM4,0.6966489,1.1034709,0.0473321,0.0002538,0.5236298,pptt1jmatch_run_67_487_480,487.0,480.0,0.7102,1.3563017230875707,1.5537466910729372,0.9809193185018305,Included,Excluded
IM5,0.555914,0.8454277,0.0258579,0.0001897,0.5236298,pptt1jmatch_run_67_487_480,487.0,480.0,0.7102,1.3563017230875707,1.1904079132638692,0.7827569698676429,Included,Excluded
IM6,0.5120039,0.7489417,0.0141876,0.0001413,0.5236298,pptt1jmatch_run_67_487_480,487.0,480.0,0.7102,1.3563017230875707,1.05455040833568,0.7209291748803153,Included,Excluded
IM7,0.46152,0.5464533,0.0077536,0.0001048,0.5236298,pptt1jmatch_run_67_487_480,487.0,480.0,0.7102,1.3563017230875707,0.769435792734441,0.6498451140523795,Excluded,Excluded
IM8,0.4272099,0.453589,0.00471,8.18e-05,0.5236298,pptt1jmatch_run_67_487_480,487.0,480.0,0.7102,1.3563017230875707,0.6386778372289496,0.6015346381301041,Excluded,Excluded
IM9,0.4300166,0.4095094,0.002934,6.46e-05,0.5236298,pptt1jmatch_run_67_487_480,487.0,480.0,0.7102,1.3563017230875707,0.5766113770768797,0.6054866234863419,Excluded,Excluded
IM10,0.5500772,0.8488642,0.0017035,4.93e-05,0.5236298,pptt1jmatch_run_67_487_480,487.0,480.0,0.7102,1.3563017230875707,1.1952466910729371,0.7745384398760913,Included,Excluded
IM11,0.7847769,0.6997521,0.0007195,3.2e-05,0.5236298,pptt1jmatch_run_67_487_480,487.0,480.0,0.7102,1.3563017230875707,0.9852887918896085,1.1050083075190087,Excluded,Included
IM12,0.9843499,0.7788027,0.0003538,2.25e-05,0.5236298,pptt1jmatch_run_67_487_480,487.0,480.0,0.7102,1.3563017230875707,1.0965963108983383,1.3860178822866798,Included,Included
EM0,12.0280231,13.4044876,0.030529,0.0002056,0.5236298,pptt1jmatch_run_67_487_480,487.0,480.0,0.7102,1.3563017230875707,18.874243311743168,16.936106871303856,Included,Included
EM1,3.9759725,3.8790529,0.0321546,0.0002108,0.5236298,pptt1jmatch_run_67_487_480,487.0,480.0,0.7102,1.3563017230875707,5.461916220782878,5.598384257955505,Included,Included
EM2,2.2526465,2.24155,0.0222078,0.0001761,0.5236298,pptt1jmatch_run_67_487_480,487.0,480.0,0.7102,1.3563017230875707,3.156223598986201,3.171848070965925,Included,Included
EM3,1.4708747,1.7782195,0.0157481,0.0001488,0.5236298,pptt1jmatch_run_67_487_480,487.0,480.0,0.7102,1.3563017230875707,2.5038292030413967,2.071071106730498,Included,Included
EM4,0.8129365,1.1469767,0.0214741,0.0001732,0.5236298,pptt1jmatch_run_67_487_480,487.0,480.0,0.7102,1.3563017230875707,1.6150052098000562,1.1446585468882005,Included,Included
EM5,0.5256052,0.6431199,0.0116703,0.0001284,0.5236298,pptt1jmatch_run_67_487_480,487.0,480.0,0.7102,1.3563017230875707,0.9055475922275414,0.7400805406927625,Excluded,Excluded
EM6,0.4523502,0.6277368,0.0064341,9.56e-05,0.5236298,pptt1jmatch_run_67_487_480,487.0,480.0,0.7102,1.3563017230875707,0.8838873556744579,0.6369335398479301,Excluded,Excluded
EM7,0.4736352,0.6876193,0.0030436,6.58e-05,0.5236298,pptt1jmatch_run_67_487_480,487.0,480.0,0.7102,1.3563017230875707,0.9682051534778935,0.6669039707124753,Excluded,Excluded
EM8,0.4570542,0.5227501,0.001776,5.03e-05,0.5236298,pptt1jmatch_run_67_487_480,487.0,480.0,0.7102,1.3563017230875707,0.7360604055195719,0.6435570261898057,Excluded,Excluded
EM9,0.3972178,0.3398271,0.0012305,4.19e-05,0.5236298,pptt1jmatch_run_67_487_480,487.0,480.0,0.7102,1.3563017230875707,0.47849493100535057,0.5593041396789636,Excluded,Excluded
EM10,0.3167292,0.6792908,0.000984,3.75e-05,0.5236298,pptt1jmatch_run_67_487_480,487.0,480.0,0.7102,1.3563017230875707,0.9564781751619261,0.4459718389186144,Excluded,Excluded
EM11,0.5960999,0.6741387,0.0003657,2.29e-05,0.5236298,pptt1jmatch_run_67_487_480,487.0,480.0,0.7102,1.3563017230875707,0.9492237397916079,0.8393408898901717,Excluded,Excluded
EM12,0.7194451,0.582351,0.0003538,2.25e-05,0.5236298,pptt1jmatch_run_67_487_480,487.0,480.0,0.7102,1.3563017230875707,0.8199816952970993,1.0130176006758658,Excluded,Included
IM0,3.9512508,5.0159274,0.1427311,0.0004246,0.5056492,pptt1jmatch_run_68_491_480,491.0,480.0,0.6772,1.33926840979873,7.406862669816893,5.83468812758417,Included,Included
IM1,2.0343534,2.5572728,0.1112292,0.0003817,0.5056492,pptt1jmatch_run_68_491_480,491.0,480.0,0.6772,1.33926840979873,3.776244536326048,3.004065859421146,Included,Included
IM2,1.3096183,1.7897611,0.0867812,0.0003417,0.5056492,pptt1jmatch_run_68_491_480,491.0,480.0,0.6772,1.33926840979873,2.6428840815121086,1.933872268163024,Included,Included
IM3,0.8814133,1.2947969,0.0645762,0.0002984,0.5056492,pptt1jmatch_run_68_491_480,491.0,480.0,0.6772,1.33926840979873,1.911985971647962,1.3015553750738333,Included,Included
IM4,0.6917196,1.0945352,0.0476363,0.0002586,0.5056492,pptt1jmatch_run_68_491_480,491.0,480.0,0.6772,1.33926840979873,1.6162658003544004,1.0214406379208505,Included,Included
IM5,0.5412405,0.8190026,0.0267118,0.0001957,0.5056492,pptt1jmatch_run_68_491_480,491.0,480.0,0.6772,1.33926840979873,1.2093954518606025,0.7992328706438275,Included,Excluded
IM6,0.4734053,0.6927396,0.0154046,0.0001495,0.5056492,pptt1jmatch_run_68_491_480,491.0,480.0,0.6772,1.33926840979873,1.02294683992912,0.6990627584170112,Included,Excluded
IM7,0.3609015,0.4258247,0.0099544,0.0001205,0.5056492,pptt1jmatch_run_68_491_480,491.0,480.0,0.6772,1.33926840979873,0.6288019787359717,0.5329319255759007,Excluded,Excluded
IM8,0.2909985,0.3125475,0.0068834,0.0001004,0.5056492,pptt1jmatch_run_68_491_480,491.0,480.0,0.6772,1.33926840979873,0.4615290903721204,0.42970835794447726,Excluded,Excluded
IM9,0.2812638,0.2656176,0.0044985,8.12e-05,0.5056492,pptt1jmatch_run_68_491_480,491.0,480.0,0.6772,1.33926840979873,0.39222917897223863,0.41533343177790905,Excluded,Excluded
IM10,0.3734762,0.5786379,0.0024984,6.06e-05,0.5056492,pptt1jmatch_run_68_491_480,491.0,480.0,0.6772,1.33926840979873,0.8544564382752511,0.5515005906674542,Excluded,Excluded
IM11,0.5248765,0.4676776,0.0010739,3.98e-05,0.5056492,pptt1jmatch_run_68_491_480,491.0,480.0,0.6772,1.33926840979873,0.6906048434731247,0.7750686650915534,Excluded,Excluded
IM12,0.4927064,0.3904552,0.0007072,3.23e-05,0.5056492,pptt1jmatch_run_68_491_480,491.0,480.0,0.6772,1.33926840979873,0.5765729474305965,0.7275640874187832,Excluded,Excluded
EM0,11.6847051,12.9458794,0.0315019,0.000212,0.5056492,pptt1jmatch_run_68_491_480,491.0,480.0,0.6772,1.33926840979873,19.11677406969876,17.254437536916715,Included,Included
EM1,5.2271115,5.0769848,0.024448,0.0001875,0.5056492,pptt1jmatch_run_68_491_480,491.0,480.0,0.6772,1.33926840979873,7.497024217365623,7.718711606615476,Included,Included
EM2,2.2478898,2.2354542,0.022205,0.0001789,0.5056492,pptt1jmatch_run_68_491_480,491.0,480.0,0.6772,1.33926840979873,3.301025103366804,3.3193883638511514,Included,Included
EM3,1.3692124,1.659499,0.0169398,0.0001567,0.5056492,pptt1jmatch_run_68_491_480,491.0,480.0,0.6772,1.33926840979873,2.4505301240401653,2.021873006497342,Included,Included
EM4,0.8361756,1.1791901,0.0209245,0.0001738,0.5056492,pptt1jmatch_run_68_491_480,491.0,480.0,0.6772,1.33926840979873,1.7412730360307147,1.2347542823390432,Included,Included
EM5,0.5408448,0.662231,0.0113072,0.0001284,0.5056492,pptt1jmatch_run_68_491_480,491.0,480.0,0.6772,1.33926840979873,0.9778957471943296,0.7986485528647371,Excluded,Excluded
EM6,0.5345955,0.741879,0.0054503,8.94e-05,0.5056492,pptt1jmatch_run_68_491_480,491.0,480.0,0.6772,1.33926840979873,1.0955094506792675,0.7894204075605434,Included,Excluded
EM7,0.4692039,0.6817537,0.003071,6.72e-05,0.5056492,pptt1jmatch_run_68_491_480,491.0,480.0,0.6772,1.33926840979873,1.0067243059657414,0.692858682811577,Included,Excluded
EM8,0.3402778,0.3904429,0.0023849,5.92e-05,0.5056492,pptt1jmatch_run_68_491_480,491.0,480.0,0.6772,1.33926840979873,0.5765547844063792,0.5024775546367395,Excluded,Excluded
EM9,0.2434999,0.2078033,0.0020001,5.42e-05,0.5056492,pptt1jmatch_run_68_491_480,491.0,480.0,0.6772,1.33926840979873,0.30685661547548726,0.35956866509155344,Excluded,Excluded
EM10,0.2205235,0.4690303,0.0014245,4.58e-05,0.5056492,pptt1jmatch_run_68_491_480,491.0,480.0,0.6772,1.33926840979873,0.6926023331364441,0.3256401358535145,Excluded,Excluded
EM11,0.5975822,0.6713811,0.0003667,2.32e-05,0.5056492,pptt1jmatch_run_68_491_480,491.0,480.0,0.6772,1.33926840979873,0.9914074128765504,0.8824308919078557,Excluded,Excluded
EM12,0.3590226,0.288615,0.0007072,3.23e-05,0.5056492,pptt1jmatch_run_68_491_480,491.0,480.0,0.6772,1.33926840979873,0.42618871825162435,0.5301574128765505,Excluded,Excluded
IM0,3.8886998,4.9416698,0.144831,0.0004529,0.4498675,pptt1jmatch_run_69_500_480,500.0,480.0,0.609,1.3537319321800307,8.114400328407225,6.385385550082102,Included,Included
IM1,1.9981283,2.5129217,0.1131593,0.0004076,0.4498675,pptt1jmatch_run_69_500_480,500.0,480.0,0.609,1.3537319321800307,4.126308210180624,3.2809988505747127,Included,Included
IM2,1.3378168,1.8480374,0.0842543,0.0003574,0.4498675,pptt1jmatch_run_69_500_480,500.0,480.0,0.609,1.3537319321800307,3.034544170771757,2.196743513957307,Included,Included
IM3,0.9163249,1.349443,0.0621547,0.0003107,0.4498675,pptt1jmatch_run_69_500_480,500.0,480.0,0.609,1.3537319321800307,2.2158341543513957,1.5046385878489328,Included,Included
IM4,0.7038947,1.1161996,0.046766,0.0002717,0.4498675,pptt1jmatch_run_69_500_480,500.0,480.0,0.609,1.3537319321800307,1.8328400656814452,1.1558205254515599,Included,Included
IM5,0.5680001,0.8623886,0.0254213,0.0002025,0.4498675,pptt1jmatch_run_69_500_480,500.0,480.0,0.609,1.3537319321800307,1.4160732348111658,0.932676683087028,Included,Excluded
IM6,0.505497,0.7424083,0.0143577,0.0001531,0.4498675,pptt1jmatch_run_69_500_480,500.0,480.0,0.609,1.3537319321800307,1.219061247947455,0.8300443349753694,Included,Excluded
IM7,0.4448468,0.52407,0.0080663,0.0001151,0.4498675,pptt1jmatch_run_69_500_480,500.0,480.0,0.609,1.3537319321800307,0.8605418719211824,0.7304545155993432,Excluded,Excluded
IM8,0.4268346,0.4551879,0.0047072,8.81e-05,0.4498675,pptt1jmatch_run_69_500_480,500.0,480.0,0.609,1.3537319321800307,0.7474349753694581,0.7008778325123153,Excluded,Excluded
IM9,0.4729245,0.4480847,0.0026626,6.63e-05,0.4498675,pptt1jmatch_run_69_500_480,500.0,480.0,0.609,1.3537319321800307,0.7357712643678161,0.7765591133004927,Excluded,Excluded
IM10,0.6398286,0.9897064,0.0014598,4.91e-05,0.4498675,pptt1jmatch_run_69_500_480,500.0,480.0,0.609,1.3537319321800307,1.6251336617405583,1.0506216748768473,Included,Included
IM11,0.7772796,0.6905707,0.0007266,3.47e-05,0.4498675,pptt1jmatch_run_69_500_480,500.0,480.0,0.609,1.3537319321800307,1.1339420361247947,1.2763211822660099,Included,Included
IM12,1.4323951,1.1395661,0.000244,2.01e-05,0.4498675,pptt1jmatch_run_69_500_480,500.0,480.0,0.609,1.3537319321800307,1.8712087027914612,2.352044499178982,Included,Included
EM0,11.5595871,12.9968079,0.0316716,0.0002254,0.4498675,pptt1jmatch_run_69_500_480,500.0,480.0,0.609,1.3537319321800307,21.341228078817736,18.98125960591133,Included,Included
EM1,4.4091291,4.3077275,0.0289051,0.0002156,0.4498675,pptt1jmatch_run_69_500_480,500.0,480.0,0.609,1.3537319321800307,7.073444170771758,7.239949261083745,Included,Included
EM2,2.2550658,2.2413712,0.0220996,0.0001892,0.4498675,pptt1jmatch_run_69_500_480,500.0,480.0,0.609,1.3537319321800307,3.6804124794745485,3.7028995073891626,Included,Included
EM3,1.5108435,1.8223972,0.0153887,0.0001584,0.4498675,pptt1jmatch_run_69_500_480,500.0,480.0,0.609,1.3537319321800307,2.9924420361247948,2.48085960591133,Included,Included
EM4,0.8192545,1.1563075,0.0213447,0.000186,0.4498675,pptt1jmatch_run_69_500_480,500.0,480.0,0.609,1.3537319321800307,1.8986986863711002,1.345245484400657,Included,Included
EM5,0.5562501,0.6765568,0.0110635,0.0001346,0.4498675,pptt1jmatch_run_69_500_480,500.0,480.0,0.609,1.3537319321800307,1.1109307060755336,0.9133827586206896,Included,Excluded
EM6,0.4647879,0.6437797,0.0062914,0.0001017,0.4498675,pptt1jmatch_run_69_500_480,500.0,480.0,0.609,1.3537319321800307,1.0571095238095238,0.7631985221674876,Included,Excluded
EM7,0.4283999,0.624825,0.0033592,7.45e-05,0.4498675,pptt1jmatch_run_69_500_480,500.0,480.0,0.609,1.3537319321800307,1.0259852216748768,0.7034481116584566,Included,Excluded
EM8,0.3947908,0.4545572,0.0020446,5.81e-05,0.4498675,pptt1jmatch_run_69_500_480,500.0,480.0,0.609,1.3537319321800307,0.7463993431855501,0.6482607553366174,Excluded,Excluded
EM9,0.4060247,0.3453973,0.0012027,4.46e-05,0.4498675,pptt1jmatch_run_69_500_480,500.0,480.0,0.609,1.3537319321800307,0.5671548440065682,0.6667072249589492,Excluded,Excluded
EM10,0.4261231,0.910219,0.0007332,3.48e-05,0.4498675,pptt1jmatch_run_69_500_480,500.0,480.0,0.609,1.3537319321800307,1.4946124794745486,0.6997095238095238,Included,Excluded
EM11,0.4556074,0.5123688,0.0004826,2.83e-05,0.4498675,pptt1jmatch_run_69_500_480,500.0,480.0,0.609,1.3537319321800307,0.841328078817734,0.7481238095238095,Excluded,Excluded
EM12,1.0386593,0.8477497,0.000244,2.01e-05,0.4498675,pptt1jmatch_run_69_500_480,500.0,480.0,0.609,1.3537319321800307,1.3920356321839082,1.7055160919540229,Included,Included
IM0,3.7763892,4.8117908,0.1490027,0.0004644,0.442297,pptt1jmatch_run_70_502_490,502.0,490.0,0.5953999999999999,1.3461542809469653,8.081610345985892,6.342608666442729,Included,Included
IM1,1.9587313,2.4442557,0.1159943,0.0004176,0.442297,pptt1jmatch_run_70_502_490,502.0,490.0,0.5953999999999999,1.3461542809469653,4.105232952636883,3.2897737655357746,Included,Included
IM2,1.3051111,1.7962025,0.0867563,0.0003671,0.442297,pptt1jmatch_run_70_502_490,502.0,490.0,0.5953999999999999,1.3461542809469653,3.016799630500504,2.191990426603964,Included,Included
IM3,0.8953233,1.3165654,0.0636839,0.0003184,0.442297,pptt1jmatch_run_70_502_490,502.0,490.0,0.5953999999999999,1.3461542809469653,2.2112284178703394,1.503734128317098,Included,Included
IM4,0.6735048,1.0739075,0.0486268,0.0002805,0.442297,pptt1jmatch_run_70_502_490,502.0,490.0,0.5953999999999999,1.3461542809469653,1.8036740006718175,1.1311803829358416,Included,Included
IM5,0.5392311,0.8161731,0.0267924,0.0002106,0.442297,pptt1jmatch_run_70_502_490,502.0,490.0,0.5953999999999999,1.3461542809469653,1.3707979509573398,0.9056619079610346,Included,Excluded
IM6,0.510655,0.7483144,0.0142196,0.0001544,0.442297,pptt1jmatch_run_70_502_490,502.0,490.0,0.5953999999999999,1.3461542809469653,1.2568263352368159,0.8576671145448439,Included,Excluded
IM7,0.4169724,0.4941174,0.0085711,0.0001202,0.442297,pptt1jmatch_run_70_502_490,502.0,490.0,0.5953999999999999,1.3461542809469653,0.829891501511589,0.7003231441048036,Excluded,Excluded
IM8,0.4574023,0.4899536,0.0043813,8.61e-05,0.442297,pptt1jmatch_run_70_502_490,502.0,490.0,0.5953999999999999,1.3461542809469653,0.8228982196842459,0.7682269062814915,Excluded,Excluded
IM9,0.5142836,0.4842074,0.0024591,6.46e-05,0.442297,pptt1jmatch_run_70_502_490,502.0,490.0,0.5953999999999999,1.3461542809469653,0.8132472287537791,0.8637615048706752,Excluded,Excluded
IM10,0.4728945,0.7327634,0.0019699,5.78e-05,0.442297,pptt1jmatch_run_70_502_490,502.0,490.0,0.5953999999999999,1.3461542809469653,1.230707759489419,0.7942467248908298,Included,Excluded
IM11,0.5668048,0.505021,0.0009965,4.11e-05,0.442297,pptt1jmatch_run_70_502_490,502.0,490.0,0.5953999999999999,1.3461542809469653,0.848204568357407,0.951973127309372,Excluded,Excluded
IM12,0.4633912,0.3667141,0.0007537,3.58e-05,0.442297,pptt1jmatch_run_70_502_490,502.0,490.0,0.5953999999999999,1.3461542809469653,0.6159121598925092,0.7782855223379241,Excluded,Excluded
EM0,11.0878163,12.409685,0.0330084,0.000233,0.442297,pptt1jmatch_run_70_502_490,502.0,490.0,0.5953999999999999,1.3461542809469653,20.842601612361438,18.622466073228086,Included,Included
EM1,4.3677419,4.275511,0.0292381,0.0002197,0.442297,pptt1jmatch_run_70_502_490,502.0,490.0,0.5953999999999999,1.3461542809469653,7.180905273765537,7.335811051394022,Included,Included
EM2,2.1653281,2.1499233,0.0230723,0.0001958,0.442297,pptt1jmatch_run_70_502_490,502.0,490.0,0.5953999999999999,1.3461542809469653,3.610888982196843,3.636762008733625,Included,Included
EM3,1.5424642,1.8624808,0.0150571,0.0001588,0.442297,pptt1jmatch_run_70_502_490,502.0,490.0,0.5953999999999999,1.3461542809469653,3.1281168962042325,2.590635203224723,Included,Included
EM4,0.8005296,1.1294294,0.0218344,0.0001906,0.442297,pptt1jmatch_run_70_502_490,502.0,490.0,0.5953999999999999,1.3461542809469653,1.896925428283507,1.344524017467249,Included,Included
EM5,0.4867067,0.5953747,0.0125728,0.0001453,0.442297,pptt1jmatch_run_70_502_490,502.0,490.0,0.5953999999999999,1.3461542809469653,0.9999575075579444,0.8174449109842123,Excluded,Excluded
EM6,0.5168064,0.7156987,0.0056485,9.77e-05,0.442297,pptt1jmatch_run_70_502_490,502.0,490.0,0.5953999999999999,1.3461542809469653,1.202046859254283,0.8679986563654687,Included,Excluded
EM7,0.343794,0.4993848,0.0041898,8.42e-05,0.442297,pptt1jmatch_run_70_502_490,502.0,490.0,0.5953999999999999,1.3461542809469653,0.8387383271750085,0.5774168626133692,Excluded,Excluded
EM8,0.421351,0.4853479,0.0019222,5.71e-05,0.442297,pptt1jmatch_run_70_502_490,502.0,490.0,0.5953999999999999,1.3461542809469653,0.8151627477326169,0.7076771918038294,Excluded,Excluded
EM9,-1.0,0.8490032,0.0004892,2.88e-05,0.442297,pptt1jmatch_run_70_502_490,502.0,490.0,0.5953999999999999,1.3461542809469653,1.4259375209942897,-1.6795431642593217,Included,Excluded
EM10,0.3206529,0.6855327,0.0009734,4.07e-05,0.442297,pptt1jmatch_run_70_502_490,502.0,490.0,0.5953999999999999,1.3461542809469653,1.1513817601612362,0.5385503862949279,Included,Excluded
EM11,0.9092063,1.0173663,0.0002429,2.03e-05,0.442297,pptt1jmatch_run_70_502_490,502.0,490.0,0.5953999999999999,1.3461542809469653,1.7087106147127982,1.5270512260665101,Included,Included
EM12,0.3380238,0.2716806,0.0007537,3.58e-05,0.442297,pptt1jmatch_run_70_502_490,502.0,490.0,0.5953999999999999,1.3461542809469653,0.4562992945918711,0.5677255626469601,Excluded,Excluded
IM0,3.9711326,5.0139986,0.1427345,0.000494,0.3747536,pptt1jmatch_run_71_516_501,516.0,501.0,0.5072,1.3534226222243093,9.885643927444795,7.829520110410095,Included,Included
IM1,2.0530269,2.5666008,0.1102405,0.0004423,0.3747536,pptt1jmatch_run_71_516_501,516.0,501.0,0.5072,1.3534226222243093,5.060332807570978,4.047765970031546,Included,Included
IM2,1.3218975,1.8194346,0.0854335,0.0003948,0.3747536,pptt1jmatch_run_71_516_501,516.0,501.0,0.5072,1.3534226222243093,3.58721332807571,2.606264787066246,Included,Included
IM3,0.9059639,1.3357923,0.0627694,0.0003426,0.3747536,pptt1jmatch_run_71_516_501,516.0,501.0,0.5072,1.3534226222243093,2.633659897476341,1.786206427444795,Included,Included
IM4,0.7007922,1.1147896,0.0468911,0.0002986,0.3747536,pptt1jmatch_run_71_516_501,516.0,501.0,0.5072,1.3534226222243093,2.1979290220820187,1.38168809148265,Included,Included
IM5,0.5090959,0.7730199,0.0283304,0.0002343,0.3747536,pptt1jmatch_run_71_516_501,516.0,501.0,0.5072,1.3534226222243093,1.5240928627760253,1.00373797318612,Included,Included
IM6,0.4687421,0.6829849,0.0155472,0.0001747,0.3747536,pptt1jmatch_run_71_516_501,516.0,501.0,0.5072,1.3534226222243093,1.3465790615141957,0.9241760646687698,Included,Excluded
IM7,0.4081813,0.4811488,0.008791,0.0001318,0.3747536,pptt1jmatch_run_71_516_501,516.0,501.0,0.5072,1.3534226222243093,0.9486372239747635,0.804773856466877,Excluded,Excluded
IM8,0.3882719,0.4142366,0.00516,0.0001012,0.3747536,pptt1jmatch_run_71_516_501,516.0,501.0,0.5072,1.3534226222243093,0.8167125394321767,0.765520307570978,Excluded,Excluded
IM9,0.4265617,0.4017735,0.0029698,7.69e-05,0.3747536,pptt1jmatch_run_71_516_501,516.0,501.0,0.5072,1.3534226222243093,0.7921401813880127,0.8410128154574132,Excluded,Excluded
IM10,0.4947607,0.7617878,0.0018899,6.13e-05,0.3747536,pptt1jmatch_run_71_516_501,516.0,501.0,0.5072,1.3534226222243093,1.5019475552050474,0.9754745662460568,Included,Excluded
IM11,0.4805749,0.4292768,0.0011759,4.84e-05,0.3747536,pptt1jmatch_run_71_516_501,516.0,501.0,0.5072,1.3534226222243093,0.8463659305993692,0.9475057176656152,Excluded,Excluded
IM12,0.3716079,0.2958765,0.0009358,4.32e-05,0.3747536,pptt1jmatch_run_71_516_501,516.0,501.0,0.5072,1.3534226222243093,0.5833527208201893,0.7326654179810725,Excluded,Excluded
EM0,11.3027273,12.612956,0.032494,0.0002504,0.3747536,pptt1jmatch_run_71_516_501,516.0,501.0,0.5072,1.3534226222243093,24.86781545741325,22.28455697949527,Included,Included
EM1,5.1287936,5.0216907,0.024807,0.0002197,0.3747536,pptt1jmatch_run_71_516_501,516.0,501.0,0.5072,1.3534226222243093,9.900809739747634,10.11197476340694,Included,Included
EM2,2.203056,2.1850321,0.0226641,0.0002102,0.3747536,pptt1jmatch_run_71_516_501,516.0,501.0,0.5072,1.3534226222243093,4.308028588328075,4.343564668769717,Included,Included
EM3,1.4621202,1.7632029,0.0158783,0.0001765,0.3747536,pptt1jmatch_run_71_516_501,516.0,501.0,0.5072,1.3534226222243093,3.4763464116719245,2.8827291009463725,Included,Included
EM4,0.9461327,1.3267313,0.0185607,0.0001906,0.3747536,pptt1jmatch_run_71_516_501,516.0,501.0,0.5072,1.3534226222243093,2.6157951498422713,1.865403588328076,Included,Included
EM5,0.4802053,0.58627,0.0127831,0.0001587,0.3747536,pptt1jmatch_run_71_516_501,516.0,501.0,0.5072,1.3534226222243093,1.1558951104100945,0.9467770110410095,Included,Excluded
EM6,0.4299397,0.5991196,0.0067563,0.0001157,0.3747536,pptt1jmatch_run_71_516_501,516.0,501.0,0.5072,1.3534226222243093,1.1812294952681388,0.8476729100946372,Included,Excluded
EM7,0.3961952,0.5768351,0.003631,8.49e-05,0.3747536,pptt1jmatch_run_71_516_501,516.0,501.0,0.5072,1.3534226222243093,1.1372931782334386,0.7811419558359622,Included,Excluded
EM8,0.370951,0.4258662,0.0021901,6.6e-05,0.3747536,pptt1jmatch_run_71_516_501,516.0,501.0,0.5072,1.3534226222243093,0.8396415615141956,0.7313702681388012,Excluded,Excluded
EM9,0.4543147,0.3842751,0.00108,4.64e-05,0.3747536,pptt1jmatch_run_71_516_501,516.0,501.0,0.5072,1.3534226222243093,0.7576401813880126,0.8957308753943218,Excluded,Excluded
EM10,0.437904,0.9358175,0.000714,3.77e-05,0.3747536,pptt1jmatch_run_71_516_501,516.0,501.0,0.5072,1.3534226222243093,1.845066048895899,0.8633753943217666,Included,Excluded
EM11,0.9124079,1.0236195,0.0002401,2.19e-05,0.3747536,pptt1jmatch_run_71_516_501,516.0,501.0,0.5072,1.3534226222243093,2.0181772476340694,1.7989114747634072,Included,Included
EM12,0.2717556,0.2192748,0.0009358,4.32e-05,0.3747536,pptt1jmatch_run_71_516_501,516.0,501.0,0.5072,1.3534226222243093,0.43232413249211354,0.5357957413249211,Excluded,Excluded
IM0,3.8929526,4.9128435,0.1454208,0.0005059,0.3578429,pptt1jmatch_run_72_520_501,520.0,501.0,0.484,1.3525488419638896,10.150503099173553,8.043290495867769,Included,Included
IM1,1.9725005,2.4806559,0.1149934,0.0004578,0.3578429,pptt1jmatch_run_72_520_501,520.0,501.0,0.484,1.3525488419638896,5.125322107438016,4.075414256198347,Included,Included
IM2,1.3214091,1.804817,0.0859536,0.0004022,0.3578429,pptt1jmatch_run_72_520_501,520.0,501.0,0.484,1.3525488419638896,3.728960743801653,2.730184090909091,Included,Included
IM3,0.8850714,1.3031274,0.0642337,0.0003518,0.3578429,pptt1jmatch_run_72_520_501,520.0,501.0,0.484,1.3525488419638896,2.6924119834710742,1.828659917355372,Included,Included
IM4,0.7024557,1.1275554,0.046498,0.0003021,0.3578429,pptt1jmatch_run_72_520_501,520.0,501.0,0.484,1.3525488419638896,2.329659917355372,1.4513547520661159,Included,Included
IM5,0.5648008,0.858005,0.0255192,0.0002263,0.3578429,pptt1jmatch_run_72_520_501,520.0,501.0,0.484,1.3525488419638896,1.7727376033057851,1.1669438016528926,Included,Included
IM6,0.4700866,0.6863572,0.0155249,0.0001774,0.3578429,pptt1jmatch_run_72_520_501,520.0,501.0,0.484,1.3525488419638896,1.4180933884297522,0.971253305785124,Included,Excluded
IM7,0.444194,0.5245873,0.0080629,0.0001283,0.3578429,pptt1jmatch_run_72_520_501,520.0,501.0,0.484,1.3525488419638896,1.0838580578512396,0.9177561983471074,Included,Excluded
IM8,0.4359602,0.4641649,0.0046027,9.71e-05,0.3578429,pptt1jmatch_run_72_520_501,520.0,501.0,0.484,1.3525488419638896,0.9590183884297521,0.9007442148760332,Excluded,Excluded
IM9,0.3565827,0.3358552,0.0035487,8.53e-05,0.3578429,pptt1jmatch_run_72_520_501,520.0,501.0,0.484,1.3525488419638896,0.6939157024793389,0.7367411157024794,Excluded,Excluded
IM10,0.4311551,0.6686823,0.0021544,6.65e-05,0.3578429,pptt1jmatch_run_72_520_501,520.0,501.0,0.484,1.3525488419638896,1.381575,0.8908163223140496,Included,Excluded
IM11,0.524253,0.4677033,0.0010802,4.71e-05,0.3578429,pptt1jmatch_run_72_520_501,520.0,501.0,0.484,1.3525488419638896,0.9663291322314049,1.0831673553719008,Excluded,Included
IM12,0.4186463,0.3318402,0.0008343,4.14e-05,0.3578429,pptt1jmatch_run_72_520_501,520.0,501.0,0.484,1.3525488419638896,0.6856202479338843,0.8649716942148761,Excluded,Excluded
EM0,12.077346,13.4770821,0.0304275,0.0002465,0.3578429,pptt1jmatch_run_72_520_501,520.0,501.0,0.484,1.3525488419638896,27.845210950413225,24.953194214876035,Included,Included
EM1,4.388131,4.2790617,0.0290398,0.000241,0.3578429,pptt1jmatch_run_72_520_501,520.0,501.0,0.484,1.3525488419638896,8.841036570247933,9.066386363636363,Included,Included
EM2,2.3046999,2.283199,0.0217199,0.0002092,0.3578429,pptt1jmatch_run_72_520_501,520.0,501.0,0.484,1.3525488419638896,4.7173533057851245,4.7617766528925625,Included,Included
EM3,1.3033278,1.581698,0.0177357,0.0001894,0.3578429,pptt1jmatch_run_72_520_501,520.0,501.0,0.484,1.3525488419638896,3.2679710743801653,2.6928260330578513,Included,Included
EM4,0.8330453,1.1770099,0.0209788,0.0002056,0.3578429,pptt1jmatch_run_72_520_501,520.0,501.0,0.484,1.3525488419638896,2.4318386363636364,1.7211679752066116,Included,Included
EM5,0.6137882,0.748686,0.0099943,0.0001427,0.3578429,pptt1jmatch_run_72_520_501,520.0,501.0,0.484,1.3525488419638896,1.5468719008264462,1.268157438016529,Included,Included
EM6,0.3908484,0.5403977,0.007462,0.0001235,0.3578429,pptt1jmatch_run_72_520_501,520.0,501.0,0.484,1.3525488419638896,1.116524173553719,0.8075380165289257,Included,Excluded
EM7,0.4156902,0.606215,0.0034602,8.43e-05,0.3578429,pptt1jmatch_run_72_520_501,520.0,501.0,0.484,1.3525488419638896,1.2525103305785124,0.8588640495867769,Included,Excluded
EM8,0.7684721,0.8838329,0.001054,4.66e-05,0.3578429,pptt1jmatch_run_72_520_501,520.0,501.0,0.484,1.3525488419638896,1.8261010330578513,1.5877522727272728,Included,Included
EM9,0.3499281,0.2976437,0.0013943,5.35e-05,0.3578429,pptt1jmatch_run_72_520_501,520.0,501.0,0.484,1.3525488419638896,0.6149663223140496,0.7229919421487604,Excluded,Excluded
EM10,0.2913498,0.6218554,0.0010741,4.7e-05,0.3578429,pptt1jmatch_run_72_520_501,520.0,501.0,0.484,1.3525488419638896,1.2848252066115702,0.6019623966942149,Included,Excluded
EM11,0.8970174,1.0,0.0002459,2.25e-05,0.3578429,pptt1jmatch_run_72_520_501,520.0,501.0,0.484,1.3525488419638896,2.066115702479339,1.8533417355371902,Included,Included
EM12,0.303904,0.2442057,0.0008343,4.14e-05,0.3578429,pptt1jmatch_run_72_520_501,520.0,501.0,0.484,1.3525488419638896,0.5045572314049587,0.627900826446281,Excluded,Excluded
IM0,3.8095579,4.8686164,0.1474815,0.0005437,0.3145506,pptt1jmatch_run_73_531_520,531.0,520.0,0.42819999999999997,1.361307210986086,11.36995889771135,8.896678888369921,Included,Included
IM1,1.9979872,2.5246967,0.1126095,0.0004848,0.3145506,pptt1jmatch_run_73_531_520,531.0,520.0,0.42819999999999997,1.361307210986086,5.896068893040635,4.666014012143859,Included,Included
IM2,1.3148447,1.8160216,0.0860328,0.00043,0.3145506,pptt1jmatch_run_73_531_520,531.0,520.0,0.42819999999999997,1.361307210986086,4.241059318075666,3.070632181223728,Included,Included
IM3,0.892317,1.3099667,0.0641272,0.0003757,0.3145506,pptt1jmatch_run_73_531_520,531.0,520.0,0.42819999999999997,1.361307210986086,3.059240308267165,2.0838790284913595,Included,Included
IM4,0.6689089,1.0614113,0.0491782,0.0003316,0.3145506,pptt1jmatch_run_73_531_520,531.0,520.0,0.42819999999999997,1.361307210986086,2.478774638019617,1.562141289117235,Included,Included
IM5,0.5001807,0.7596932,0.028796,0.0002564,0.3145506,pptt1jmatch_run_73_531_520,531.0,520.0,0.42819999999999997,1.361307210986086,1.774155067725362,1.168100653900047,Included,Included
IM6,0.4363671,0.638633,0.0166995,0.0001965,0.3145506,pptt1jmatch_run_73_531_520,531.0,520.0,0.42819999999999997,1.361307210986086,1.4914362447454461,1.0190730966837926,Included,Included
IM7,0.3780849,0.4465471,0.0094841,0.0001486,0.3145506,pptt1jmatch_run_73_531_520,531.0,520.0,0.42819999999999997,1.361307210986086,1.0428470340962168,0.8829633348902383,Included,Excluded
IM8,0.378671,0.4030545,0.0053189,0.0001115,0.3145506,pptt1jmatch_run_73_531_520,531.0,520.0,0.42819999999999997,1.361307210986086,0.9412762727697338,0.8843320878094348,Excluded,Excluded
IM9,0.350322,0.32949,0.003629,9.22e-05,0.3145506,pptt1jmatch_run_73_531_520,531.0,520.0,0.42819999999999997,1.361307210986086,0.7694768799626344,0.8181270434376461,Excluded,Excluded
IM10,0.3900519,0.5993826,0.0024024,7.51e-05,0.3145506,pptt1jmatch_run_73_531_520,531.0,520.0,0.42819999999999997,1.361307210986086,1.3997725361980384,0.9109105558150398,Included,Excluded
IM11,0.4714969,0.4210244,0.0012,5.31e-05,0.3145506,pptt1jmatch_run_73_531_520,531.0,520.0,0.42819999999999997,1.361307210986086,0.9832424100887437,1.101113731900981,Excluded,Included
IM12,0.3676499,0.2901894,0.0009509,4.73e-05,0.3145506,pptt1jmatch_run_73_531_520,531.0,520.0,0.42819999999999997,1.361307210986086,0.6776959364782812,0.8585938813638486,Excluded,Excluded
EM0,10.5246531,11.789934,0.034872,0.0002813,0.3145506,pptt1jmatch_run_73_531_520,531.0,520.0,0.42819999999999997,1.361307210986086,27.533708547407755,24.578825548808968,Included,Included
EM1,4.8182054,4.6955324,0.0265767,0.0002466,0.3145506,pptt1jmatch_run_73_531_520,531.0,520.0,0.42819999999999997,1.361307210986086,10.96574591312471,11.252231200373657,Included,Included
EM2,2.284373,2.2691072,0.0219057,0.0002245,0.3145506,pptt1jmatch_run_73_531_520,531.0,520.0,0.42819999999999997,1.361307210986086,5.299176085941149,5.334827183559085,Included,Included
EM3,1.5543552,1.8761215,0.014949,0.0001861,0.3145506,pptt1jmatch_run_73_531_520,531.0,520.0,0.42819999999999997,1.361307210986086,4.381414058851004,3.629974778141056,Included,Included
EM4,0.8601143,1.2106218,0.0203821,0.0002167,0.3145506,pptt1jmatch_run_73_531_520,531.0,520.0,0.42819999999999997,1.361307210986086,2.8272344698738907,2.0086742176553014,Included,Included
EM5,0.5063094,0.6202427,0.0120965,0.0001676,0.3145506,pptt1jmatch_run_73_531_520,531.0,520.0,0.42819999999999997,1.361307210986086,1.4484883232134518,1.1824133582438114,Included,Included
EM6,0.4033081,0.5599995,0.0072154,0.0001298,0.3145506,pptt1jmatch_run_73_531_520,531.0,520.0,0.42819999999999997,1.361307210986086,1.3077989257356375,0.9418685193834657,Included,Excluded
EM7,0.3452818,0.5028688,0.0041651,9.88e-05,0.3145506,pptt1jmatch_run_73_531_520,531.0,520.0,0.42819999999999997,1.361307210986086,1.1743783278841664,0.8063563755254555,Included,Excluded
EM8,0.4799327,0.5506783,0.0016899,6.3e-05,0.3145506,pptt1jmatch_run_73_531_520,531.0,520.0,0.42819999999999997,1.361307210986086,1.2860305931807567,1.1208143390938814,Included,Included
EM9,0.3967991,0.3390059,0.0012267,5.37e-05,0.3145506,pptt1jmatch_run_73_531_520,531.0,520.0,0.42819999999999997,1.361307210986086,0.7916999065857078,0.9266676786548342,Excluded,Excluded
EM10,0.2595519,0.5556032,0.0012023,5.31e-05,0.3145506,pptt1jmatch_run_73_531_520,531.0,520.0,0.42819999999999997,1.361307210986086,1.2975319943951424,0.6061464269033162,Included,Excluded
EM11,0.879206,0.9912509,0.0002491,2.42e-05,0.3145506,pptt1jmatch_run_73_531_520,531.0,520.0,0.42819999999999997,1.361307210986086,2.31492503503036,2.053260158804297,Included,Included
EM12,0.268319,0.2163155,0.0009509,4.73e-05,0.3145506,pptt1jmatch_run_73_531_520,531.0,520.0,0.42819999999999997,1.361307210986086,0.5051739841195703,0.6266207379729098,Excluded,Excluded
IM0,3.6519756,4.621741,0.1549847,0.000564,0.3018482,pptt1jmatch_run_74_535_520,535.0,520.0,0.409,1.354985717986723,11.300100244498779,8.929035696821517,Included,Included
IM1,1.86015,2.3447996,0.1214914,0.0005092,0.3018482,pptt1jmatch_run_74_535_520,535.0,520.0,0.409,1.354985717986723,5.7330063569682155,4.548044009779951,Included,Included
IM2,1.214955,1.6632075,0.0933391,0.0004534,0.3018482,pptt1jmatch_run_74_535_520,535.0,520.0,0.409,1.354985717986723,4.0665220048899755,2.970550122249389,Included,Included
IM3,0.8059387,1.1864775,0.0706068,0.0003993,0.3018482,pptt1jmatch_run_74_535_520,535.0,520.0,0.409,1.354985717986723,2.9009229828850858,1.9705102689486553,Included,Included
IM4,0.6253531,0.9943538,0.0525387,0.0003477,0.3018482,pptt1jmatch_run_74_535_520,535.0,520.0,0.409,1.354985717986723,2.431182885085575,1.528980684596577,Included,Included
IM5,0.4696027,0.7087817,0.0308261,0.0002694,0.3018482,pptt1jmatch_run_74_535_520,535.0,520.0,0.409,1.354985717986723,1.7329625916870415,1.148172860635697,Included,Included
IM6,0.4203282,0.6145616,0.0173387,0.0002034,0.3018482,pptt1jmatch_run_74_535_520,535.0,520.0,0.409,1.354985717986723,1.502595599022005,1.0276973105134475,Included,Included
IM7,0.3774493,0.446028,0.0094896,0.0001511,0.3018482,pptt1jmatch_run_74_535_520,535.0,520.0,0.409,1.354985717986723,1.0905330073349633,0.922858924205379,Included,Excluded
IM8,0.3984409,0.4240258,0.0050365,0.0001103,0.3018482,pptt1jmatch_run_74_535_520,535.0,520.0,0.409,1.354985717986723,1.0367378973105135,0.9741831295843522,Included,Excluded
IM9,0.3964678,0.3764947,0.0031762,8.77e-05,0.3018482,pptt1jmatch_run_74_535_520,535.0,520.0,0.409,1.354985717986723,0.9205249388753057,0.969358924205379,Excluded,Excluded
IM10,0.4129249,0.633686,0.0022663,7.41e-05,0.3018482,pptt1jmatch_run_74_535_520,535.0,520.0,0.409,1.354985717986723,1.549354523227384,1.0095963325183375,Included,Included
IM11,0.3945403,0.3515432,0.001429,5.89e-05,0.3018482,pptt1jmatch_run_74_535_520,535.0,520.0,0.409,1.354985717986723,0.8595188264058681,0.9646462102689487,Excluded,Excluded
IM12,0.4116139,0.3274424,0.0008474,4.54e-05,0.3018482,pptt1jmatch_run_74_535_520,535.0,520.0,0.409,1.354985717986723,0.8005926650366749,1.0063909535452322,Excluded,Included
EM0,10.9508978,12.2287489,0.0334933,0.0002804,0.3018482,pptt1jmatch_run_74_535_520,535.0,520.0,0.409,1.354985717986723,29.899141564792178,26.774811246943766,Included,Included
EM1,4.5212882,4.4333675,0.0281522,0.0002578,0.3018482,pptt1jmatch_run_74_535_520,535.0,520.0,0.409,1.354985717986723,10.839529339853302,11.054494376528117,Included,Included
EM2,2.2001533,2.1796593,0.0227324,0.0002323,0.3018482,pptt1jmatch_run_74_535_520,535.0,520.0,0.409,1.354985717986723,5.329240342298289,5.379347921760392,Included,Included
EM3,1.287518,1.554014,0.0180681,0.0002076,0.3018482,pptt1jmatch_run_74_535_520,535.0,520.0,0.409,1.354985717986723,3.799545232273839,3.147965770171149,Included,Included
EM4,0.8060406,1.1356403,0.0217125,0.0002272,0.3018482,pptt1jmatch_run_74_535_520,535.0,520.0,0.409,1.354985717986723,2.7766266503667483,1.970759413202934,Included,Included
EM5,0.4561326,0.5563915,0.0134875,0.0001798,0.3018482,pptt1jmatch_run_74_535_520,535.0,520.0,0.409,1.354985717986723,1.360370415647922,1.115238630806846,Included,Included
EM6,0.3710938,0.514497,0.007849,0.0001375,0.3018482,pptt1jmatch_run_74_535_520,535.0,520.0,0.409,1.354985717986723,1.2579388753056235,0.907319804400978,Included,Excluded
EM7,0.3230366,0.4705877,0.0044531,0.0001038,0.3018482,pptt1jmatch_run_74_535_520,535.0,520.0,0.409,1.354985717986723,1.150581173594132,0.7898205378973105,Included,Excluded
EM8,0.4351001,0.5008215,0.0018603,6.72e-05,0.3018482,pptt1jmatch_run_74_535_520,535.0,520.0,0.409,1.354985717986723,1.2245024449877753,1.063814425427873,Included,Included
EM9,0.5389989,0.4615149,0.0009099,4.7e-05,0.3018482,pptt1jmatch_run_74_535_520,535.0,520.0,0.409,1.354985717986723,1.1283982885085575,1.3178457212713937,Included,Included
EM10,0.3731912,0.7973899,0.0008373,4.51e-05,0.3018482,pptt1jmatch_run_74_535_520,535.0,520.0,0.409,1.354985717986723,1.9496085574572128,0.9124479217603912,Included,Excluded
EM11,0.3778079,0.4225382,0.0005816,3.76e-05,0.3018482,pptt1jmatch_run_74_535_520,535.0,520.0,0.409,1.354985717986723,1.0331007334963325,0.9237356968215159,Included,Excluded
EM12,0.2998702,0.2416442,0.0008474,4.54e-05,0.3018482,pptt1jmatch_run_74_535_520,535.0,520.0,0.409,1.354985717986723,0.5908171149144255,0.7331789731051345,Excluded,Excluded
IM0,3.5722663,4.5004274,0.1590736,0.0005863,0.2832909,pptt1jmatch_run_75_540_520,540.0,520.0,0.387,1.3660869445506367,11.629011369509044,9.230662273901808,Included,Included
IM1,1.8050016,2.2693625,0.1253805,0.0005309,0.2832909,pptt1jmatch_run_75_540_520,540.0,520.0,0.387,1.3660869445506367,5.863985788113696,4.6640868217054265,Included,Included
IM2,1.2109979,1.6620749,0.0937932,0.0004674,0.2832909,pptt1jmatch_run_75_540_520,540.0,520.0,0.387,1.3660869445506367,4.294767183462532,3.1291935400516793,Included,Included
IM3,0.8352538,1.2250537,0.0683922,0.0004046,0.2832909,pptt1jmatch_run_75_540_520,540.0,520.0,0.387,1.3660869445506367,3.165513436692506,2.1582785529715762,Included,Included
IM4,0.6426002,1.0197652,0.0511705,0.0003532,0.2832909,pptt1jmatch_run_75_540_520,540.0,520.0,0.387,1.3660869445506367,2.6350521963824285,1.6604656330749352,Included,Included
IM5,0.492002,0.7451738,0.0293381,0.0002705,0.2832909,pptt1jmatch_run_75_540_520,540.0,520.0,0.387,1.3660869445506367,1.9255136950904392,1.2713229974160207,Included,Included
IM6,0.4147003,0.6074332,0.0175788,0.0002107,0.2832909,pptt1jmatch_run_75_540_520,540.0,520.0,0.387,1.3660869445506367,1.5695948320413435,1.0715770025839793,Included,Included
IM7,0.3360562,0.3956593,0.0106935,0.0001649,0.2832909,pptt1jmatch_run_75_540_520,540.0,520.0,0.387,1.3660869445506367,1.0223754521963824,0.8683622739018089,Included,Excluded
IM8,0.3660991,0.392436,0.0054611,0.0001181,0.2832909,pptt1jmatch_run_75_540_520,540.0,520.0,0.387,1.3660869445506367,1.014046511627907,0.9459925064599484,Included,Excluded
IM9,0.4788668,0.4498747,0.0026408,8.23e-05,0.2832909,pptt1jmatch_run_75_540_520,540.0,520.0,0.387,1.3660869445506367,1.1624669250645996,1.2373819121447027,Included,Included
IM10,0.4846087,0.7462003,0.0019333,7.04e-05,0.2832909,pptt1jmatch_run_75_540_520,540.0,520.0,0.387,1.3660869445506367,1.9281661498708011,1.2522188630490956,Included,Included
IM11,0.5062376,0.4526322,0.0011171,5.35e-05,0.2832909,pptt1jmatch_run_75_540_520,540.0,520.0,0.387,1.3660869445506367,1.1695922480620153,1.3081074935400516,Included,Included
IM12,0.5683512,0.4544546,0.0006136,3.97e-05,0.2832909,pptt1jmatch_run_75_540_520,540.0,520.0,0.387,1.3660869445506367,1.174301291989664,1.4686077519379843,Included,Included
EM0,10.9236746,12.2126096,0.0336931,0.0002893,0.2832909,pptt1jmatch_run_75_540_520,540.0,520.0,0.387,1.3660869445506367,31.557130749354005,28.22654935400517,Included,Included
EM1,4.0342062,3.9424614,0.0315873,0.0002804,0.2832909,pptt1jmatch_run_75_540_520,540.0,520.0,0.387,1.3660869445506367,10.187238759689922,10.424305426356588,Included,Included
EM2,1.9705728,1.946191,0.0254011,0.0002522,0.2832909,pptt1jmatch_run_75_540_520,540.0,520.0,0.387,1.3660869445506367,5.028917312661498,5.091919379844962,Included,Included
EM3,1.343611,1.6259057,0.0172217,0.0002086,0.2832909,pptt1jmatch_run_75_540_520,540.0,520.0,0.387,1.3660869445506367,4.2013067183462525,3.4718630490956075,Included,Included
EM4,0.8004574,1.1275328,0.0218324,0.0002343,0.2832909,pptt1jmatch_run_75_540_520,540.0,520.0,0.387,1.3660869445506367,2.913521447028424,2.0683653746770023,Included,Included
EM5,0.5224717,0.6377716,0.0117593,0.0001728,0.2832909,pptt1jmatch_run_75_540_520,540.0,520.0,0.387,1.3660869445506367,1.6479886304909561,1.350056072351421,Included,Included
EM6,0.422093,0.5858164,0.0068853,0.0001326,0.2832909,pptt1jmatch_run_75_540_520,540.0,520.0,0.387,1.3660869445506367,1.5137374677002584,1.0906795865633074,Included,Included
EM7,0.2736355,0.4010192,0.0052324,0.0001157,0.2832909,pptt1jmatch_run_75_540_520,540.0,520.0,0.387,1.3660869445506367,1.036225322997416,0.7070684754521963,Included,Excluded
EM8,0.2872618,0.3310875,0.0028202,8.5e-05,0.2832909,pptt1jmatch_run_75_540_520,540.0,520.0,0.387,1.3660869445506367,0.8555232558139534,0.7422785529715762,Excluded,Excluded
EM9,0.6915503,0.5918828,0.0007075,4.26e-05,0.2832909,pptt1jmatch_run_75_540_520,540.0,520.0,0.387,1.3660869445506367,1.5294129198966409,1.7869516795865632,Included,Included
EM10,0.3834611,0.8186735,0.0008163,4.58e-05,0.2832909,pptt1jmatch_run_75_540_520,540.0,520.0,0.387,1.3660869445506367,2.115435400516796,0.9908555555555555,Included,Excluded
EM11,0.4381402,0.489003,0.0005034,3.6e-05,0.2832909,pptt1jmatch_run_75_540_520,540.0,520.0,0.387,1.3660869445506367,1.2635736434108527,1.1321452196382429,Included,Included
EM12,0.4149191,0.3323597,0.0006136,3.97e-05,0.2832909,pptt1jmatch_run_75_540_520,540.0,520.0,0.387,1.3660869445506367,0.8588105943152454,1.072142377260982,Excluded,Included
IM0,3.6217538,4.5918909,0.1559344,0.0006038,0.2658943,pptt1jmatch_run_76_546_540,546.0,540.0,0.363,1.3652041431501165,12.649837190082645,9.977283195592287,Included,Included
IM1,1.8278175,2.2935686,0.1237451,0.0005481,0.2658943,pptt1jmatch_run_76_546_540,546.0,540.0,0.363,1.3652041431501165,6.318370798898072,5.035309917355372,Included,Included
IM2,1.2087802,1.6570841,0.0936183,0.0004848,0.2658943,pptt1jmatch_run_76_546_540,546.0,540.0,0.363,1.3652041431501165,4.564969972451791,3.329973002754821,Included,Included
IM3,0.7710994,1.1323459,0.0738308,0.0004352,0.2658943,pptt1jmatch_run_76_546_540,546.0,540.0,0.363,1.3652041431501165,3.119410192837466,2.124240771349862,Included,Included
IM4,0.6040114,0.9632451,0.0542699,0.0003771,0.2658943,pptt1jmatch_run_76_546_540,546.0,540.0,0.363,1.3652041431501165,2.653567768595041,1.6639432506887053,Included,Included
IM5,0.4844058,0.7350799,0.0297412,0.0002827,0.2658943,pptt1jmatch_run_76_546_540,546.0,540.0,0.363,1.3652041431501165,2.02501349862259,1.3344512396694215,Included,Included
IM6,0.3959225,0.5788388,0.0184245,0.0002238,0.2658943,pptt1jmatch_run_76_546_540,546.0,540.0,0.363,1.3652041431501165,1.5945972451790633,1.0906955922865014,Included,Included
IM7,0.3413017,0.401744,0.0104963,0.0001696,0.2658943,pptt1jmatch_run_76_546_540,546.0,540.0,0.363,1.3652041431501165,1.106732782369146,0.9402250688705234,Included,Excluded
IM8,0.3276776,0.3519164,0.0060906,0.0001295,0.2658943,pptt1jmatch_run_76_546_540,546.0,540.0,0.363,1.3652041431501165,0.9694666666666667,0.9026931129476584,Excluded,Excluded
IM9,0.3112506,0.2964943,0.0040566,0.0001058,0.2658943,pptt1jmatch_run_76_546_540,546.0,540.0,0.363,1.3652041431501165,0.8167887052341598,0.8574396694214876,Excluded,Excluded
IM10,0.3405283,0.5266077,0.0027398,8.7e-05,0.2658943,pptt1jmatch_run_76_546_540,546.0,540.0,0.363,1.3652041431501165,1.450709917355372,0.9380944903581268,Included,Excluded
IM11,0.5918916,0.5266307,0.0009562,5.14e-05,0.2658943,pptt1jmatch_run_76_546_540,546.0,540.0,0.363,1.3652041431501165,1.4507732782369147,1.6305553719008263,Included,Included
IM12,0.5845005,0.4635696,0.0005961,4.06e-05,0.2658943,pptt1jmatch_run_76_546_540,546.0,540.0,0.363,1.3652041431501165,1.2770512396694216,1.610194214876033,Included,Included
EM0,11.4287123,12.7493598,0.0321893,0.0002938,0.2658943,pptt1jmatch_run_76_546_540,546.0,540.0,0.363,1.3652041431501165,35.12220330578513,31.484055922865018,Included,Included
EM1,4.2260881,4.1233089,0.0301268,0.0002845,0.2658943,pptt1jmatch_run_76_546_540,546.0,540.0,0.363,1.3652041431501165,11.358977685950412,11.642115977961433,Included,Included
EM2,2.5254967,2.5072446,0.0197875,0.0002318,0.2658943,pptt1jmatch_run_76_546_540,546.0,540.0,0.363,1.3652041431501165,6.907009917355372,6.957291184573004,Included,Included
EM3,1.19106,1.4338163,0.019561,0.0002305,0.2658943,pptt1jmatch_run_76_546_540,546.0,540.0,0.363,1.3652041431501165,3.9499071625344353,3.2811570247933886,Included,Included
EM4,0.7177033,1.0091567,0.0245287,0.0002575,0.2658943,pptt1jmatch_run_76_546_540,546.0,540.0,0.363,1.3652041431501165,2.7800460055096416,1.9771440771349864,Included,Included
EM5,0.54566,0.6610752,0.0113166,0.0001761,0.2658943,pptt1jmatch_run_76_546_540,546.0,540.0,0.363,1.3652041431501165,1.8211438016528925,1.5031955922865015,Included,Included
EM6,0.367052,0.5105696,0.0079282,0.0001476,0.2658943,pptt1jmatch_run_76_546_540,546.0,540.0,0.363,1.3652041431501165,1.40652782369146,1.0111625344352617,Included,Included
EM7,0.3246781,0.4755203,0.0044057,0.0001102,0.2658943,pptt1jmatch_run_76_546_540,546.0,540.0,0.363,1.3652041431501165,1.3099732782369147,0.8944300275482094,Included,Excluded
EM8,0.4001753,0.4575779,0.002034,7.5e-05,0.2658943,pptt1jmatch_run_76_546_540,546.0,540.0,0.363,1.3652041431501165,1.2605451790633608,1.1024112947658402,Included,Included
EM9,0.3722723,0.3159015,0.0013168,6.04e-05,0.2658943,pptt1jmatch_run_76_546_540,546.0,540.0,0.363,1.3652041431501165,0.8702520661157025,1.025543526170799,Excluded,Included
EM10,0.1752868,0.3741519,0.0017837,7.02e-05,0.2658943,pptt1jmatch_run_76_546_540,546.0,540.0,0.363,1.3652041431501165,1.0307214876033057,0.4828837465564738,Included,Excluded
EM11,0.6091517,0.6858348,0.00036,3.16e-05,0.2658943,pptt1jmatch_run_76_546_540,546.0,540.0,0.363,1.3652041431501165,1.8893520661157024,1.6781038567493112,Included,Included
EM12,0.4285022,0.3429058,0.0005961,4.06e-05,0.2658943,pptt1jmatch_run_76_546_540,546.0,540.0,0.363,1.3652041431501165,0.9446440771349862,1.180446831955923,Excluded,Included
IM0,3.5213732,4.4608369,0.1604712,0.000619,0.2556828,pptt1jmatch_run_77_550_540,550.0,540.0,0.347,1.3571503440982342,12.855437752161386,10.148049567723344,Included,Included
IM1,1.7964373,2.2631881,0.1257703,0.0005592,0.2556828,pptt1jmatch_run_77_550_540,550.0,540.0,0.347,1.3571503440982342,6.52215590778098,5.177052737752162,Included,Included
IM2,1.2000774,1.6546886,0.094343,0.000493,0.2556828,pptt1jmatch_run_77_550_540,550.0,540.0,0.347,1.3571503440982342,4.768555043227666,3.4584363112391934,Included,Included
IM3,0.8008716,1.1820051,0.0709543,0.000433,0.2556828,pptt1jmatch_run_77_550_540,550.0,540.0,0.347,1.3571503440982342,3.406354755043228,2.3079873198847265,Included,Included
IM4,0.6064807,0.9666191,0.0542423,0.000382,0.2556828,pptt1jmatch_run_77_550_540,550.0,540.0,0.347,1.3571503440982342,2.7856458213256485,1.7477829971181558,Included,Included
IM5,0.4533529,0.6888443,0.0317555,0.0002957,0.2556828,pptt1jmatch_run_77_550_540,550.0,540.0,0.347,1.3571503440982342,1.985142074927954,1.306492507204611,Included,Included
IM6,0.3913978,0.5721653,0.0186489,0.0002281,0.2556828,pptt1jmatch_run_77_550_540,550.0,540.0,0.347,1.3571503440982342,1.6488913544668589,1.1279475504322767,Included,Included
IM7,0.3139567,0.3687678,0.0114464,0.0001794,0.2556828,pptt1jmatch_run_77_550_540,550.0,540.0,0.347,1.3571503440982342,1.0627314121037463,0.9047743515850144,Included,Excluded
IM8,0.2894405,0.308079,0.0069486,0.0001401,0.2556828,pptt1jmatch_run_77_550_540,550.0,540.0,0.347,1.3571503440982342,0.8878357348703171,0.8341224783861672,Excluded,Excluded
IM9,0.2495751,0.235049,0.0050828,0.0001199,0.2556828,pptt1jmatch_run_77_550_540,550.0,540.0,0.347,1.3571503440982342,0.6773746397694526,0.7192365994236312,Excluded,Excluded
IM10,0.2616454,0.4061055,0.0035426,0.0001002,0.2556828,pptt1jmatch_run_77_550_540,550.0,540.0,0.347,1.3571503440982342,1.1703328530259367,0.754021325648415,Included,Excluded
IM11,0.2836036,0.2527704,0.0019978,7.53e-05,0.2556828,pptt1jmatch_run_77_550_540,550.0,540.0,0.347,1.3571503440982342,0.7284449567723343,0.8173014409221903,Excluded,Excluded
IM12,0.2119774,0.1682364,0.0016417,6.83e-05,0.2556828,pptt1jmatch_run_77_550_540,550.0,540.0,0.347,1.3571503440982342,0.48483112391930844,0.6108858789625361,Excluded,Excluded
EM0,10.5567559,11.8071187,0.0347009,0.0003087,0.2556828,pptt1jmatch_run_77_550_540,550.0,540.0,0.347,1.3571503440982342,34.02627867435159,30.422927665706055,Included,Included
EM1,4.0602716,3.9564013,0.0314274,0.0002942,0.2556828,pptt1jmatch_run_77_550_540,550.0,540.0,0.347,1.3571503440982342,11.401732853025937,11.701070893371758,Included,Included
EM2,2.128315,2.1292097,0.0233886,0.0002549,0.2556828,pptt1jmatch_run_77_550_540,550.0,540.0,0.347,1.3571503440982342,6.136051008645534,6.133472622478387,Included,Included
EM3,1.3940884,1.6808898,0.016712,0.0002162,0.2556828,pptt1jmatch_run_77_550_540,550.0,540.0,0.347,1.3571503440982342,4.8440628242074935,4.0175458213256485,Included,Included
EM4,0.7804497,1.0961132,0.0224868,0.00025,0.2556828,pptt1jmatch_run_77_550_540,550.0,540.0,0.347,1.3571503440982342,3.158827665706052,2.249134582132565,Included,Included
EM5,0.4682165,0.5673489,0.0131066,0.0001918,0.2556828,pptt1jmatch_run_77_550_540,550.0,540.0,0.347,1.3571503440982342,1.6350112391930838,1.3493270893371758,Included,Included
EM6,0.4035098,0.5598402,0.0072025,0.0001426,0.2556828,pptt1jmatch_run_77_550_540,550.0,540.0,0.347,1.3571503440982342,1.6133723342939483,1.1628524495677233,Included,Included
EM7,0.3205945,0.4668669,0.0044978,0.0001128,0.2556828,pptt1jmatch_run_77_550_540,550.0,540.0,0.347,1.3571503440982342,1.3454377521613834,0.9239034582132566,Included,Excluded
EM8,0.4354677,0.5008096,0.0018657,7.28e-05,0.2556828,pptt1jmatch_run_77_550_540,550.0,540.0,0.347,1.3571503440982342,1.4432553314121037,1.254950144092219,Included,Included
EM9,0.3171143,0.2713345,0.0015402,6.61e-05,0.2556828,pptt1jmatch_run_77_550_540,550.0,540.0,0.347,1.3571503440982342,0.7819438040345821,0.9138740634005765,Excluded,Excluded
EM10,0.2029806,0.4324431,0.0015448,6.62e-05,0.2556828,pptt1jmatch_run_77_550_540,550.0,540.0,0.347,1.3571503440982342,1.2462337175792508,0.5849585014409223,Included,Excluded
EM11,0.6187245,0.69133,0.0003561,3.18e-05,0.2556828,pptt1jmatch_run_77_550_540,550.0,540.0,0.347,1.3571503440982342,1.992305475504323,1.7830677233429397,Included,Included
EM12,0.1551392,0.1242387,0.0016417,6.83e-05,0.2556828,pptt1jmatch_run_77_550_540,550.0,540.0,0.347,1.3571503440982342,0.35803659942363114,0.44708703170028824,Excluded,Excluded
