filename,Total xsec (pb),Total MC Events,Coupling,Mode,$m_{med}$,$m_{DM}$,$g_{DM}$,$g_{q}$,analysis name,signal region,sig95(exp),sig95(obs),efficiency,stat
/home/yoxara/Insync/DMSimp_vector_axial_pp_xxj_NLO_eff/Events/run_01/events_PYTHIA8_0.hepmc.gz,8.191,20000,Axial,DM+QCDjets,20.0,100.0,1.0,0.25,atlas_exot_2018_06,IM0,19.3320731,24.5846025,0.0291899,0.0048105
/home/yoxara/Insync/DMSimp_vector_axial_pp_xxj_NLO_eff/Events/run_01/events_PYTHIA8_0.hepmc.gz,8.191,20000,Axial,DM+QCDjets,20.0,100.0,1.0,0.25,atlas_exot_2018_06,IM1,12.3475338,15.55215,0.0183667,0.0038371
/home/yoxara/Insync/DMSimp_vector_axial_pp_xxj_NLO_eff/Events/run_01/events_PYTHIA8_0.hepmc.gz,8.191,20000,Axial,DM+QCDjets,20.0,100.0,1.0,0.25,atlas_exot_2018_06,IM2,10.3164115,14.1910043,0.0109872,0.0029789
/home/yoxara/Insync/DMSimp_vector_axial_pp_xxj_NLO_eff/Events/run_01/events_PYTHIA8_0.hepmc.gz,8.191,20000,Axial,DM+QCDjets,20.0,100.0,1.0,0.25,atlas_exot_2018_06,IM3,7.0871931,10.4601096,0.0080354,0.0025513
/home/yoxara/Insync/DMSimp_vector_axial_pp_xxj_NLO_eff/Events/run_01/events_PYTHIA8_0.hepmc.gz,8.191,20000,Axial,DM+QCDjets,20.0,100.0,1.0,0.25,atlas_exot_2018_06,IM4,8.0198155,12.7486036,0.0040997,0.001826
/home/yoxara/Insync/DMSimp_vector_axial_pp_xxj_NLO_eff/Events/run_01/events_PYTHIA8_0.hepmc.gz,8.191,20000,Axial,DM+QCDjets,20.0,100.0,1.0,0.25,atlas_exot_2018_06,IM5,8.8167836,13.3126517,0.0016399,0.0011563
/home/yoxara/Insync/DMSimp_vector_axial_pp_xxj_NLO_eff/Events/run_01/events_PYTHIA8_0.hepmc.gz,8.191,20000,Axial,DM+QCDjets,20.0,100.0,1.0,0.25,atlas_exot_2018_06,IM6,3.6993691,5.4142246,0.0019679,0.0012664
/home/yoxara/Insync/DMSimp_vector_axial_pp_xxj_NLO_eff/Events/run_01/events_PYTHIA8_0.hepmc.gz,8.191,20000,Axial,DM+QCDjets,20.0,100.0,1.0,0.25,atlas_exot_2018_06,IM7,4.3791712,5.1700799,0.0008199,0.0008179
/home/yoxara/Insync/DMSimp_vector_axial_pp_xxj_NLO_eff/Events/run_01/events_PYTHIA8_0.hepmc.gz,8.191,20000,Axial,DM+QCDjets,20.0,100.0,1.0,0.25,atlas_exot_2018_06,IM8,3.0528361,3.2624419,0.000656,0.0007316
/home/yoxara/Insync/DMSimp_vector_axial_pp_xxj_NLO_eff/Events/run_01/events_PYTHIA8_0.hepmc.gz,8.191,20000,Axial,DM+QCDjets,20.0,100.0,1.0,0.25,atlas_exot_2018_06,IM9,1.2868968,1.2152047,0.0009839,0.0008959
/home/yoxara/Insync/DMSimp_vector_axial_pp_xxj_NLO_eff/Events/run_01/events_PYTHIA8_0.hepmc.gz,8.191,20000,Axial,DM+QCDjets,20.0,100.0,1.0,0.25,atlas_exot_2018_06,IM10,1.4231982,2.1991633,0.000656,0.0007316
/home/yoxara/Insync/DMSimp_vector_axial_pp_xxj_NLO_eff/Events/run_01/events_PYTHIA8_0.hepmc.gz,8.191,20000,Axial,DM+QCDjets,20.0,100.0,1.0,0.25,atlas_exot_2018_06,IM11,3.4471865,3.0658991,0.000164,0.0003659
/home/yoxara/Insync/DMSimp_vector_axial_pp_xxj_NLO_eff/Events/run_01/events_PYTHIA8_0.hepmc.gz,8.191,20000,Axial,DM+QCDjets,20.0,100.0,1.0,0.25,atlas_exot_2018_06,IM12,2.1263917,1.7096791,0.000164,0.0003659
/home/yoxara/Insync/DMSimp_vector_axial_pp_xxj_NLO_eff/Events/run_01/events_PYTHIA8_0.hepmc.gz,8.191,20000,Axial,DM+QCDjets,20.0,100.0,1.0,0.25,atlas_exot_2018_06,EM0,34.0119361,37.87813,0.0108232,0.0029568
/home/yoxara/Insync/DMSimp_vector_axial_pp_xxj_NLO_eff/Events/run_01/events_PYTHIA8_0.hepmc.gz,8.191,20000,Axial,DM+QCDjets,20.0,100.0,1.0,0.25,atlas_exot_2018_06,EM1,17.3708878,16.8641271,0.0073795,0.0024458
/home/yoxara/Insync/DMSimp_vector_axial_pp_xxj_NLO_eff/Events/run_01/events_PYTHIA8_0.hepmc.gz,8.191,20000,Axial,DM+QCDjets,20.0,100.0,1.0,0.25,atlas_exot_2018_06,EM2,16.925456,16.8090262,0.0029518,0.0015503
/home/yoxara/Insync/DMSimp_vector_axial_pp_xxj_NLO_eff/Events/run_01/events_PYTHIA8_0.hepmc.gz,8.191,20000,Axial,DM+QCDjets,20.0,100.0,1.0,0.25,atlas_exot_2018_06,EM3,5.8678383,7.1386666,0.0039357,0.0017892
/home/yoxara/Insync/DMSimp_vector_axial_pp_xxj_NLO_eff/Events/run_01/events_PYTHIA8_0.hepmc.gz,8.191,20000,Axial,DM+QCDjets,20.0,100.0,1.0,0.25,atlas_exot_2018_06,EM4,7.0985011,10.036237,0.0024598,0.0014155
/home/yoxara/Insync/DMSimp_vector_axial_pp_xxj_NLO_eff/Events/run_01/events_PYTHIA8_0.hepmc.gz,8.191,20000,Axial,DM+QCDjets,20.0,100.0,1.0,0.25,atlas_exot_2018_06,EM5,-1.0,-1.0,0.0,0.0
/home/yoxara/Insync/DMSimp_vector_axial_pp_xxj_NLO_eff/Events/run_01/events_PYTHIA8_0.hepmc.gz,8.191,20000,Axial,DM+QCDjets,20.0,100.0,1.0,0.25,atlas_exot_2018_06,EM6,2.5406472,3.5224253,0.0011479,0.0009676
/home/yoxara/Insync/DMSimp_vector_axial_pp_xxj_NLO_eff/Events/run_01/events_PYTHIA8_0.hepmc.gz,8.191,20000,Axial,DM+QCDjets,20.0,100.0,1.0,0.25,atlas_exot_2018_06,EM7,8.7381946,12.7774579,0.000164,0.0003659
/home/yoxara/Insync/DMSimp_vector_axial_pp_xxj_NLO_eff/Events/run_01/events_PYTHIA8_0.hepmc.gz,8.191,20000,Axial,DM+QCDjets,20.0,100.0,1.0,0.25,atlas_exot_2018_06,EM8,-1.0,-1.0,0.0,0.0
/home/yoxara/Insync/DMSimp_vector_axial_pp_xxj_NLO_eff/Events/run_01/events_PYTHIA8_0.hepmc.gz,8.191,20000,Axial,DM+QCDjets,20.0,100.0,1.0,0.25,atlas_exot_2018_06,EM9,1.4853016,1.2745211,0.000328,0.0005174
/home/yoxara/Insync/DMSimp_vector_axial_pp_xxj_NLO_eff/Events/run_01/events_PYTHIA8_0.hepmc.gz,8.191,20000,Axial,DM+QCDjets,20.0,100.0,1.0,0.25,atlas_exot_2018_06,EM10,0.634609,1.3582373,0.000492,0.0006337
/home/yoxara/Insync/DMSimp_vector_axial_pp_xxj_NLO_eff/Events/run_01/events_PYTHIA8_0.hepmc.gz,8.191,20000,Axial,DM+QCDjets,20.0,100.0,1.0,0.25,atlas_exot_2018_06,EM11,-1.0,-1.0,0.0,0.0
/home/yoxara/Insync/DMSimp_vector_axial_pp_xxj_NLO_eff/Events/run_01/events_PYTHIA8_0.hepmc.gz,8.191,20000,Axial,DM+QCDjets,20.0,100.0,1.0,0.25,atlas_exot_2018_06,EM12,1.5454932,1.2479189,0.000164,0.0003659
/home/yoxara/Insync/DMSimp_vector_axial_pp_xxj_NLO_eff/Events/run_02/events_PYTHIA8_0.hepmc.gz,0.7895,20000,Axial,DM+QCDjets,20.0,200.0,1.0,0.25,atlas_exot_2018_06,IM0,10.6499776,13.4613129,0.0531962,0.021175
/home/yoxara/Insync/DMSimp_vector_axial_pp_xxj_NLO_eff/Events/run_02/events_PYTHIA8_0.hepmc.gz,0.7895,20000,Axial,DM+QCDjets,20.0,200.0,1.0,0.25,atlas_exot_2018_06,IM1,8.3790003,10.6236738,0.0268216,0.0152437
/home/yoxara/Insync/DMSimp_vector_axial_pp_xxj_NLO_eff/Events/run_02/events_PYTHIA8_0.hepmc.gz,0.7895,20000,Axial,DM+QCDjets,20.0,200.0,1.0,0.25,atlas_exot_2018_06,IM2,5.8698179,8.0991656,0.0192222,0.012955
/home/yoxara/Insync/DMSimp_vector_axial_pp_xxj_NLO_eff/Events/run_02/events_PYTHIA8_0.hepmc.gz,0.7895,20000,Axial,DM+QCDjets,20.0,200.0,1.0,0.25,atlas_exot_2018_06,IM3,5.6632281,8.35705,0.0100581,0.0094149
/home/yoxara/Insync/DMSimp_vector_axial_pp_xxj_NLO_eff/Events/run_02/events_PYTHIA8_0.hepmc.gz,0.7895,20000,Axial,DM+QCDjets,20.0,200.0,1.0,0.25,atlas_exot_2018_06,IM4,3.8758807,6.1639576,0.0084935,0.0086585
/home/yoxara/Insync/DMSimp_vector_axial_pp_xxj_NLO_eff/Events/run_02/events_PYTHIA8_0.hepmc.gz,0.7895,20000,Axial,DM+QCDjets,20.0,200.0,1.0,0.25,atlas_exot_2018_06,IM5,4.3036507,6.5281013,0.0033527,0.0054541
/home/yoxara/Insync/DMSimp_vector_axial_pp_xxj_NLO_eff/Events/run_02/events_PYTHIA8_0.hepmc.gz,0.7895,20000,Axial,DM+QCDjets,20.0,200.0,1.0,0.25,atlas_exot_2018_06,IM6,8.1385883,11.910638,0.0008941,0.0028199
/home/yoxara/Insync/DMSimp_vector_axial_pp_xxj_NLO_eff/Events/run_02/events_PYTHIA8_0.hepmc.gz,0.7895,20000,Axial,DM+QCDjets,20.0,200.0,1.0,0.25,atlas_exot_2018_06,IM7,-1.0,-1.0,0.0,0.0
/home/yoxara/Insync/DMSimp_vector_axial_pp_xxj_NLO_eff/Events/run_02/events_PYTHIA8_0.hepmc.gz,0.7895,20000,Axial,DM+QCDjets,20.0,200.0,1.0,0.25,atlas_exot_2018_06,IM8,-1.0,-1.0,0.0,0.0
/home/yoxara/Insync/DMSimp_vector_axial_pp_xxj_NLO_eff/Events/run_02/events_PYTHIA8_0.hepmc.gz,0.7895,20000,Axial,DM+QCDjets,20.0,200.0,1.0,0.25,atlas_exot_2018_06,IM9,-1.0,-1.0,0.0,0.0
/home/yoxara/Insync/DMSimp_vector_axial_pp_xxj_NLO_eff/Events/run_02/events_PYTHIA8_0.hepmc.gz,0.7895,20000,Axial,DM+QCDjets,20.0,200.0,1.0,0.25,atlas_exot_2018_06,IM10,-1.0,-1.0,0.0,0.0
/home/yoxara/Insync/DMSimp_vector_axial_pp_xxj_NLO_eff/Events/run_02/events_PYTHIA8_0.hepmc.gz,0.7895,20000,Axial,DM+QCDjets,20.0,200.0,1.0,0.25,atlas_exot_2018_06,IM11,-1.0,-1.0,0.0,0.0
/home/yoxara/Insync/DMSimp_vector_axial_pp_xxj_NLO_eff/Events/run_02/events_PYTHIA8_0.hepmc.gz,0.7895,20000,Axial,DM+QCDjets,20.0,200.0,1.0,0.25,atlas_exot_2018_06,IM12,-1.0,-1.0,0.0,0.0
/home/yoxara/Insync/DMSimp_vector_axial_pp_xxj_NLO_eff/Events/run_02/events_PYTHIA8_0.hepmc.gz,0.7895,20000,Axial,DM+QCDjets,20.0,200.0,1.0,0.25,atlas_exot_2018_06,EM0,13.9428033,15.5367239,0.0263746,0.0151196
/home/yoxara/Insync/DMSimp_vector_axial_pp_xxj_NLO_eff/Events/run_02/events_PYTHIA8_0.hepmc.gz,0.7895,20000,Axial,DM+QCDjets,20.0,200.0,1.0,0.25,atlas_exot_2018_06,EM1,16.7766003,16.336243,0.0075995,0.0081938
/home/yoxara/Insync/DMSimp_vector_axial_pp_xxj_NLO_eff/Events/run_02/events_PYTHIA8_0.hepmc.gz,0.7895,20000,Axial,DM+QCDjets,20.0,200.0,1.0,0.25,atlas_exot_2018_06,EM2,5.4420434,5.3847688,0.0091641,0.0089908
/home/yoxara/Insync/DMSimp_vector_axial_pp_xxj_NLO_eff/Events/run_02/events_PYTHIA8_0.hepmc.gz,0.7895,20000,Axial,DM+QCDjets,20.0,200.0,1.0,0.25,atlas_exot_2018_06,EM3,14.8121548,17.9779685,0.0015646,0.0037292
/home/yoxara/Insync/DMSimp_vector_axial_pp_xxj_NLO_eff/Events/run_02/events_PYTHIA8_0.hepmc.gz,0.7895,20000,Axial,DM+QCDjets,20.0,200.0,1.0,0.25,atlas_exot_2018_06,EM4,3.4168748,4.7813268,0.0051408,0.0067476
/home/yoxara/Insync/DMSimp_vector_axial_pp_xxj_NLO_eff/Events/run_02/events_PYTHIA8_0.hepmc.gz,0.7895,20000,Axial,DM+QCDjets,20.0,200.0,1.0,0.25,atlas_exot_2018_06,EM5,2.4996532,3.0336284,0.0024586,0.0046727
/home/yoxara/Insync/DMSimp_vector_axial_pp_xxj_NLO_eff/Events/run_02/events_PYTHIA8_0.hepmc.gz,0.7895,20000,Axial,DM+QCDjets,20.0,200.0,1.0,0.25,atlas_exot_2018_06,EM6,1.4514159,2.0031612,0.0020116,0.0042275
/home/yoxara/Insync/DMSimp_vector_axial_pp_xxj_NLO_eff/Events/run_02/events_PYTHIA8_0.hepmc.gz,0.7895,20000,Axial,DM+QCDjets,20.0,200.0,1.0,0.25,atlas_exot_2018_06,EM7,-1.0,-1.0,0.0,0.0
/home/yoxara/Insync/DMSimp_vector_axial_pp_xxj_NLO_eff/Events/run_02/events_PYTHIA8_0.hepmc.gz,0.7895,20000,Axial,DM+QCDjets,20.0,200.0,1.0,0.25,atlas_exot_2018_06,EM8,0.3288913,0.3795682,0.0024586,0.0046727
/home/yoxara/Insync/DMSimp_vector_axial_pp_xxj_NLO_eff/Events/run_02/events_PYTHIA8_0.hepmc.gz,0.7895,20000,Axial,DM+QCDjets,20.0,200.0,1.0,0.25,atlas_exot_2018_06,EM9,-1.0,-1.0,0.0,0.0
/home/yoxara/Insync/DMSimp_vector_axial_pp_xxj_NLO_eff/Events/run_02/events_PYTHIA8_0.hepmc.gz,0.7895,20000,Axial,DM+QCDjets,20.0,200.0,1.0,0.25,atlas_exot_2018_06,EM10,-1.0,-1.0,0.0,0.0
/home/yoxara/Insync/DMSimp_vector_axial_pp_xxj_NLO_eff/Events/run_02/events_PYTHIA8_0.hepmc.gz,0.7895,20000,Axial,DM+QCDjets,20.0,200.0,1.0,0.25,atlas_exot_2018_06,EM11,-1.0,-1.0,0.0,0.0
/home/yoxara/Insync/DMSimp_vector_axial_pp_xxj_NLO_eff/Events/run_02/events_PYTHIA8_0.hepmc.gz,0.7895,20000,Axial,DM+QCDjets,20.0,200.0,1.0,0.25,atlas_exot_2018_06,EM12,-1.0,-1.0,0.0,0.0
/home/yoxara/Insync/DMSimp_vector_axial_pp_xxj_NLO_eff/Events/run_03/events_PYTHIA8_0.hepmc.gz,0.1747,20000,Axial,DM+QCDjets,20.0,300.0,1.0,0.25,atlas_exot_2018_06,IM0,7.6903605,9.7256593,0.0736148,0.0525019
/home/yoxara/Insync/DMSimp_vector_axial_pp_xxj_NLO_eff/Events/run_03/events_PYTHIA8_0.hepmc.gz,0.1747,20000,Axial,DM+QCDjets,20.0,300.0,1.0,0.25,atlas_exot_2018_06,IM1,4.2504408,5.3100318,0.053562,0.0452659
/home/yoxara/Insync/DMSimp_vector_axial_pp_xxj_NLO_eff/Events/run_03/events_PYTHIA8_0.hepmc.gz,0.1747,20000,Axial,DM+QCDjets,20.0,300.0,1.0,0.25,atlas_exot_2018_06,IM2,2.5693664,3.5319356,0.0440633,0.041262
/home/yoxara/Insync/DMSimp_vector_axial_pp_xxj_NLO_eff/Events/run_03/events_PYTHIA8_0.hepmc.gz,0.1747,20000,Axial,DM+QCDjets,20.0,300.0,1.0,0.25,atlas_exot_2018_06,IM3,1.3267376,1.9484456,0.0430079,0.0407873
/home/yoxara/Insync/DMSimp_vector_axial_pp_xxj_NLO_eff/Events/run_03/events_PYTHIA8_0.hepmc.gz,0.1747,20000,Axial,DM+QCDjets,20.0,300.0,1.0,0.25,atlas_exot_2018_06,IM4,0.9014707,1.4350113,0.0364116,0.0376584
/home/yoxara/Insync/DMSimp_vector_axial_pp_xxj_NLO_eff/Events/run_03/events_PYTHIA8_0.hepmc.gz,0.1747,20000,Axial,DM+QCDjets,20.0,300.0,1.0,0.25,atlas_exot_2018_06,IM5,0.806477,1.2198616,0.017942,0.026687
/home/yoxara/Insync/DMSimp_vector_axial_pp_xxj_NLO_eff/Events/run_03/events_PYTHIA8_0.hepmc.gz,0.1747,20000,Axial,DM+QCDjets,20.0,300.0,1.0,0.25,atlas_exot_2018_06,IM6,0.5531349,0.8085624,0.0131926,0.0229392
/home/yoxara/Insync/DMSimp_vector_axial_pp_xxj_NLO_eff/Events/run_03/events_PYTHIA8_0.hepmc.gz,0.1747,20000,Axial,DM+QCDjets,20.0,300.0,1.0,0.25,atlas_exot_2018_06,IM7,0.5470433,0.6455105,0.0065963,0.0162746
/home/yoxara/Insync/DMSimp_vector_axial_pp_xxj_NLO_eff/Events/run_03/events_PYTHIA8_0.hepmc.gz,0.1747,20000,Axial,DM+QCDjets,20.0,300.0,1.0,0.25,atlas_exot_2018_06,IM8,0.6898968,0.7353485,0.0029024,0.0108154
/home/yoxara/Insync/DMSimp_vector_axial_pp_xxj_NLO_eff/Events/run_03/events_PYTHIA8_0.hepmc.gz,0.1747,20000,Axial,DM+QCDjets,20.0,300.0,1.0,0.25,atlas_exot_2018_06,IM9,0.3979546,0.3763106,0.0031662,0.0112948
/home/yoxara/Insync/DMSimp_vector_axial_pp_xxj_NLO_eff/Events/run_03/events_PYTHIA8_0.hepmc.gz,0.1747,20000,Axial,DM+QCDjets,20.0,300.0,1.0,0.25,atlas_exot_2018_06,IM10,-1.0,-1.0,0.0,0.0
/home/yoxara/Insync/DMSimp_vector_axial_pp_xxj_NLO_eff/Events/run_03/events_PYTHIA8_0.hepmc.gz,0.1747,20000,Axial,DM+QCDjets,20.0,300.0,1.0,0.25,atlas_exot_2018_06,IM11,-1.0,-1.0,0.0,0.0
/home/yoxara/Insync/DMSimp_vector_axial_pp_xxj_NLO_eff/Events/run_03/events_PYTHIA8_0.hepmc.gz,0.1747,20000,Axial,DM+QCDjets,20.0,300.0,1.0,0.25,atlas_exot_2018_06,IM12,-1.0,-1.0,0.0,0.0
/home/yoxara/Insync/DMSimp_vector_axial_pp_xxj_NLO_eff/Events/run_03/events_PYTHIA8_0.hepmc.gz,0.1747,20000,Axial,DM+QCDjets,20.0,300.0,1.0,0.25,atlas_exot_2018_06,EM0,18.3443029,20.4420313,0.0200528,0.0281829
/home/yoxara/Insync/DMSimp_vector_axial_pp_xxj_NLO_eff/Events/run_03/events_PYTHIA8_0.hepmc.gz,0.1747,20000,Axial,DM+QCDjets,20.0,300.0,1.0,0.25,atlas_exot_2018_06,EM1,13.414558,13.0753836,0.0094987,0.019501
/home/yoxara/Insync/DMSimp_vector_axial_pp_xxj_NLO_eff/Events/run_03/events_PYTHIA8_0.hepmc.gz,0.1747,20000,Axial,DM+QCDjets,20.0,300.0,1.0,0.25,atlas_exot_2018_06,EM2,47.3295937,47.0716717,0.0010554,0.006528
/home/yoxara/Insync/DMSimp_vector_axial_pp_xxj_NLO_eff/Events/run_03/events_PYTHIA8_0.hepmc.gz,0.1747,20000,Axial,DM+QCDjets,20.0,300.0,1.0,0.25,atlas_exot_2018_06,EM3,3.5093958,4.262859,0.0065963,0.0162746
/home/yoxara/Insync/DMSimp_vector_axial_pp_xxj_NLO_eff/Events/run_03/events_PYTHIA8_0.hepmc.gz,0.1747,20000,Axial,DM+QCDjets,20.0,300.0,1.0,0.25,atlas_exot_2018_06,EM4,0.9434507,1.3364893,0.0184696,0.0270693
/home/yoxara/Insync/DMSimp_vector_axial_pp_xxj_NLO_eff/Events/run_03/events_PYTHIA8_0.hepmc.gz,0.1747,20000,Axial,DM+QCDjets,20.0,300.0,1.0,0.25,atlas_exot_2018_06,EM5,1.2868162,1.5753954,0.0047493,0.0138223
/home/yoxara/Insync/DMSimp_vector_axial_pp_xxj_NLO_eff/Events/run_03/events_PYTHIA8_0.hepmc.gz,0.1747,20000,Axial,DM+QCDjets,20.0,300.0,1.0,0.25,atlas_exot_2018_06,EM6,0.4412467,0.6101421,0.0065963,0.0162746
/home/yoxara/Insync/DMSimp_vector_axial_pp_xxj_NLO_eff/Events/run_03/events_PYTHIA8_0.hepmc.gz,0.1747,20000,Axial,DM+QCDjets,20.0,300.0,1.0,0.25,atlas_exot_2018_06,EM7,0.3904698,0.5682058,0.0036939,0.0121966
/home/yoxara/Insync/DMSimp_vector_axial_pp_xxj_NLO_eff/Events/run_03/events_PYTHIA8_0.hepmc.gz,0.1747,20000,Axial,DM+QCDjets,20.0,300.0,1.0,0.25,atlas_exot_2018_06,EM8,-1.0,-1.0,0.0,0.0
/home/yoxara/Insync/DMSimp_vector_axial_pp_xxj_NLO_eff/Events/run_03/events_PYTHIA8_0.hepmc.gz,0.1747,20000,Axial,DM+QCDjets,20.0,300.0,1.0,0.25,atlas_exot_2018_06,EM9,0.1225933,0.1054861,0.0039578,0.012623
/home/yoxara/Insync/DMSimp_vector_axial_pp_xxj_NLO_eff/Events/run_03/events_PYTHIA8_0.hepmc.gz,0.1747,20000,Axial,DM+QCDjets,20.0,300.0,1.0,0.25,atlas_exot_2018_06,EM10,0.594736,1.2652005,0.0005277,0.0046172
/home/yoxara/Insync/DMSimp_vector_axial_pp_xxj_NLO_eff/Events/run_03/events_PYTHIA8_0.hepmc.gz,0.1747,20000,Axial,DM+QCDjets,20.0,300.0,1.0,0.25,atlas_exot_2018_06,EM11,-1.0,-1.0,0.0,0.0
/home/yoxara/Insync/DMSimp_vector_axial_pp_xxj_NLO_eff/Events/run_03/events_PYTHIA8_0.hepmc.gz,0.1747,20000,Axial,DM+QCDjets,20.0,300.0,1.0,0.25,atlas_exot_2018_06,EM12,-1.0,-1.0,0.0,0.0
/home/yoxara/Insync/DMSimp_vector_axial_pp_xxj_NLO_eff/Events/run_04/events_PYTHIA8_0.hepmc.gz,0.01977,20000,Axial,DM+QCDjets,20.0,500.0,1.0,0.25,atlas_exot_2018_06,IM0,4.7687567,6.0584512,0.1185025,0.1896055
/home/yoxara/Insync/DMSimp_vector_axial_pp_xxj_NLO_eff/Events/run_04/events_PYTHIA8_0.hepmc.gz,0.01977,20000,Axial,DM+QCDjets,20.0,500.0,1.0,0.25,atlas_exot_2018_06,IM1,2.3624648,2.9737369,0.0959155,0.172753
/home/yoxara/Insync/DMSimp_vector_axial_pp_xxj_NLO_eff/Events/run_04/events_PYTHIA8_0.hepmc.gz,0.01977,20000,Axial,DM+QCDjets,20.0,500.0,1.0,0.25,atlas_exot_2018_06,IM2,1.8050426,2.4960036,0.0625001,0.1420047
/home/yoxara/Insync/DMSimp_vector_axial_pp_xxj_NLO_eff/Events/run_04/events_PYTHIA8_0.hepmc.gz,0.01977,20000,Axial,DM+QCDjets,20.0,500.0,1.0,0.25,atlas_exot_2018_06,IM3,0.8812385,1.3081615,0.0640472,0.1436328
/home/yoxara/Insync/DMSimp_vector_axial_pp_xxj_NLO_eff/Events/run_04/events_PYTHIA8_0.hepmc.gz,0.01977,20000,Axial,DM+QCDjets,20.0,500.0,1.0,0.25,atlas_exot_2018_06,IM4,0.7451243,1.1833975,0.0442452,0.1206377
/home/yoxara/Insync/DMSimp_vector_axial_pp_xxj_NLO_eff/Events/run_04/events_PYTHIA8_0.hepmc.gz,0.01977,20000,Axial,DM+QCDjets,20.0,500.0,1.0,0.25,atlas_exot_2018_06,IM5,0.8020849,1.2188886,0.0179456,0.0778794
/home/yoxara/Insync/DMSimp_vector_axial_pp_xxj_NLO_eff/Events/run_04/events_PYTHIA8_0.hepmc.gz,0.01977,20000,Axial,DM+QCDjets,20.0,500.0,1.0,0.25,atlas_exot_2018_06,IM6,0.3055405,0.4483986,0.0238243,0.0894644
/home/yoxara/Insync/DMSimp_vector_axial_pp_xxj_NLO_eff/Events/run_04/events_PYTHIA8_0.hepmc.gz,0.01977,20000,Axial,DM+QCDjets,20.0,500.0,1.0,0.25,atlas_exot_2018_06,IM7,0.2694737,0.3182463,0.0133045,0.0672151
/home/yoxara/Insync/DMSimp_vector_axial_pp_xxj_NLO_eff/Events/run_04/events_PYTHIA8_0.hepmc.gz,0.01977,20000,Axial,DM+QCDjets,20.0,500.0,1.0,0.25,atlas_exot_2018_06,IM8,0.1316907,0.1411154,0.0151609,0.0716839
/home/yoxara/Insync/DMSimp_vector_axial_pp_xxj_NLO_eff/Events/run_04/events_PYTHIA8_0.hepmc.gz,0.01977,20000,Axial,DM+QCDjets,20.0,500.0,1.0,0.25,atlas_exot_2018_06,IM9,0.0711018,0.0676151,0.0176361,0.0772173
/home/yoxara/Insync/DMSimp_vector_axial_pp_xxj_NLO_eff/Events/run_04/events_PYTHIA8_0.hepmc.gz,0.01977,20000,Axial,DM+QCDjets,20.0,500.0,1.0,0.25,atlas_exot_2018_06,IM10,0.0627177,0.0976167,0.0148515,0.0709598
/home/yoxara/Insync/DMSimp_vector_axial_pp_xxj_NLO_eff/Events/run_04/events_PYTHIA8_0.hepmc.gz,0.01977,20000,Axial,DM+QCDjets,20.0,500.0,1.0,0.25,atlas_exot_2018_06,IM11,0.0378421,0.0340748,0.0148515,0.0709598
/home/yoxara/Insync/DMSimp_vector_axial_pp_xxj_NLO_eff/Events/run_04/events_PYTHIA8_0.hepmc.gz,0.01977,20000,Axial,DM+QCDjets,20.0,500.0,1.0,0.25,atlas_exot_2018_06,IM12,0.0374188,0.0297662,0.0092822,0.056257
/home/yoxara/Insync/DMSimp_vector_axial_pp_xxj_NLO_eff/Events/run_04/events_PYTHIA8_0.hepmc.gz,0.01977,20000,Axial,DM+QCDjets,20.0,500.0,1.0,0.25,atlas_exot_2018_06,EM0,16.2428408,18.2260831,0.0225866,0.0871649
/home/yoxara/Insync/DMSimp_vector_axial_pp_xxj_NLO_eff/Events/run_04/events_PYTHIA8_0.hepmc.gz,0.01977,20000,Axial,DM+QCDjets,20.0,500.0,1.0,0.25,atlas_exot_2018_06,EM1,3.8122143,3.7198566,0.0334159,0.1054321
/home/yoxara/Insync/DMSimp_vector_axial_pp_xxj_NLO_eff/Events/run_04/events_PYTHIA8_0.hepmc.gz,0.01977,20000,Axial,DM+QCDjets,20.0,500.0,1.0,0.25,atlas_exot_2018_06,EM2,-1.0,-1.0,0.0,0.0
/home/yoxara/Insync/DMSimp_vector_axial_pp_xxj_NLO_eff/Events/run_04/events_PYTHIA8_0.hepmc.gz,0.01977,20000,Axial,DM+QCDjets,20.0,500.0,1.0,0.25,atlas_exot_2018_06,EM3,1.1770189,1.4194883,0.019802,0.0817312
/home/yoxara/Insync/DMSimp_vector_axial_pp_xxj_NLO_eff/Events/run_04/events_PYTHIA8_0.hepmc.gz,0.01977,20000,Axial,DM+QCDjets,20.0,500.0,1.0,0.25,atlas_exot_2018_06,EM4,0.6665775,0.9366506,0.0262995,0.0938778
/home/yoxara/Insync/DMSimp_vector_axial_pp_xxj_NLO_eff/Events/run_04/events_PYTHIA8_0.hepmc.gz,0.01977,20000,Axial,DM+QCDjets,20.0,500.0,1.0,0.25,atlas_exot_2018_06,EM5,-1.0,-1.0,0.0,0.0
/home/yoxara/Insync/DMSimp_vector_axial_pp_xxj_NLO_eff/Events/run_04/events_PYTHIA8_0.hepmc.gz,0.01977,20000,Axial,DM+QCDjets,20.0,500.0,1.0,0.25,atlas_exot_2018_06,EM6,0.2764827,0.3834004,0.0105198,0.0598527
/home/yoxara/Insync/DMSimp_vector_axial_pp_xxj_NLO_eff/Events/run_04/events_PYTHIA8_0.hepmc.gz,0.01977,20000,Axial,DM+QCDjets,20.0,500.0,1.0,0.25,atlas_exot_2018_06,EM7,-1.0,-1.0,0.0,0.0
/home/yoxara/Insync/DMSimp_vector_axial_pp_xxj_NLO_eff/Events/run_04/events_PYTHIA8_0.hepmc.gz,0.01977,20000,Axial,DM+QCDjets,20.0,500.0,1.0,0.25,atlas_exot_2018_06,EM8,-1.0,-1.0,0.0,0.0
/home/yoxara/Insync/DMSimp_vector_axial_pp_xxj_NLO_eff/Events/run_04/events_PYTHIA8_0.hepmc.gz,0.01977,20000,Axial,DM+QCDjets,20.0,500.0,1.0,0.25,atlas_exot_2018_06,EM9,0.1741508,0.149702,0.0027847,0.0309141
/home/yoxara/Insync/DMSimp_vector_axial_pp_xxj_NLO_eff/Events/run_04/events_PYTHIA8_0.hepmc.gz,0.01977,20000,Axial,DM+QCDjets,20.0,500.0,1.0,0.25,atlas_exot_2018_06,EM10,-1.0,-1.0,0.0,0.0
/home/yoxara/Insync/DMSimp_vector_axial_pp_xxj_NLO_eff/Events/run_04/events_PYTHIA8_0.hepmc.gz,0.01977,20000,Axial,DM+QCDjets,20.0,500.0,1.0,0.25,atlas_exot_2018_06,EM11,0.039523,0.0443907,0.0055693,0.0436581
/home/yoxara/Insync/DMSimp_vector_axial_pp_xxj_NLO_eff/Events/run_04/events_PYTHIA8_0.hepmc.gz,0.01977,20000,Axial,DM+QCDjets,20.0,500.0,1.0,0.25,atlas_exot_2018_06,EM12,0.027557,0.0219913,0.0092822,0.056257
/home/yoxara/Insync/DMSimp_vector_axial_pp_xxj_NLO_eff/Events/run_05/events_PYTHIA8_0.hepmc.gz,90070.0,20000,Axial,DM+QCDjets,55.0,0.0,1.0,0.25,atlas_exot_2018_06,IM0,732.9441812,925.5995112,0.0007718,7.8e-06
/home/yoxara/Insync/DMSimp_vector_axial_pp_xxj_NLO_eff/Events/run_05/events_PYTHIA8_0.hepmc.gz,90070.0,20000,Axial,DM+QCDjets,55.0,0.0,1.0,0.25,atlas_exot_2018_06,IM1,1758.2480862,2214.273387,0.0001286,3.2e-06
/home/yoxara/Insync/DMSimp_vector_axial_pp_xxj_NLO_eff/Events/run_05/events_PYTHIA8_0.hepmc.gz,90070.0,20000,Axial,DM+QCDjets,55.0,0.0,1.0,0.25,atlas_exot_2018_06,IM2,-1.0,-1.0,0.0,0.0
/home/yoxara/Insync/DMSimp_vector_axial_pp_xxj_NLO_eff/Events/run_05/events_PYTHIA8_0.hepmc.gz,90070.0,20000,Axial,DM+QCDjets,55.0,0.0,1.0,0.25,atlas_exot_2018_06,IM3,-1.0,-1.0,0.0,0.0
/home/yoxara/Insync/DMSimp_vector_axial_pp_xxj_NLO_eff/Events/run_05/events_PYTHIA8_0.hepmc.gz,90070.0,20000,Axial,DM+QCDjets,55.0,0.0,1.0,0.25,atlas_exot_2018_06,IM4,-1.0,-1.0,0.0,0.0
/home/yoxara/Insync/DMSimp_vector_axial_pp_xxj_NLO_eff/Events/run_05/events_PYTHIA8_0.hepmc.gz,90070.0,20000,Axial,DM+QCDjets,55.0,0.0,1.0,0.25,atlas_exot_2018_06,IM5,-1.0,-1.0,0.0,0.0
/home/yoxara/Insync/DMSimp_vector_axial_pp_xxj_NLO_eff/Events/run_05/events_PYTHIA8_0.hepmc.gz,90070.0,20000,Axial,DM+QCDjets,55.0,0.0,1.0,0.25,atlas_exot_2018_06,IM6,-1.0,-1.0,0.0,0.0
/home/yoxara/Insync/DMSimp_vector_axial_pp_xxj_NLO_eff/Events/run_05/events_PYTHIA8_0.hepmc.gz,90070.0,20000,Axial,DM+QCDjets,55.0,0.0,1.0,0.25,atlas_exot_2018_06,IM7,-1.0,-1.0,0.0,0.0
/home/yoxara/Insync/DMSimp_vector_axial_pp_xxj_NLO_eff/Events/run_05/events_PYTHIA8_0.hepmc.gz,90070.0,20000,Axial,DM+QCDjets,55.0,0.0,1.0,0.25,atlas_exot_2018_06,IM8,-1.0,-1.0,0.0,0.0
/home/yoxara/Insync/DMSimp_vector_axial_pp_xxj_NLO_eff/Events/run_05/events_PYTHIA8_0.hepmc.gz,90070.0,20000,Axial,DM+QCDjets,55.0,0.0,1.0,0.25,atlas_exot_2018_06,IM9,-1.0,-1.0,0.0,0.0
/home/yoxara/Insync/DMSimp_vector_axial_pp_xxj_NLO_eff/Events/run_05/events_PYTHIA8_0.hepmc.gz,90070.0,20000,Axial,DM+QCDjets,55.0,0.0,1.0,0.25,atlas_exot_2018_06,IM10,-1.0,-1.0,0.0,0.0
/home/yoxara/Insync/DMSimp_vector_axial_pp_xxj_NLO_eff/Events/run_05/events_PYTHIA8_0.hepmc.gz,90070.0,20000,Axial,DM+QCDjets,55.0,0.0,1.0,0.25,atlas_exot_2018_06,IM11,-1.0,-1.0,0.0,0.0
/home/yoxara/Insync/DMSimp_vector_axial_pp_xxj_NLO_eff/Events/run_05/events_PYTHIA8_0.hepmc.gz,90070.0,20000,Axial,DM+QCDjets,55.0,0.0,1.0,0.25,atlas_exot_2018_06,IM12,-1.0,-1.0,0.0,0.0
/home/yoxara/Insync/DMSimp_vector_axial_pp_xxj_NLO_eff/Events/run_05/events_PYTHIA8_0.hepmc.gz,90070.0,20000,Axial,DM+QCDjets,55.0,0.0,1.0,0.25,atlas_exot_2018_06,EM0,569.6434122,639.2703359,0.0006432,7.1e-06
/home/yoxara/Insync/DMSimp_vector_axial_pp_xxj_NLO_eff/Events/run_05/events_PYTHIA8_0.hepmc.gz,90070.0,20000,Axial,DM+QCDjets,55.0,0.0,1.0,0.25,atlas_exot_2018_06,EM1,997.4535379,965.5520772,0.0001286,3.2e-06
/home/yoxara/Insync/DMSimp_vector_axial_pp_xxj_NLO_eff/Events/run_05/events_PYTHIA8_0.hepmc.gz,90070.0,20000,Axial,DM+QCDjets,55.0,0.0,1.0,0.25,atlas_exot_2018_06,EM2,387.9359358,386.7703611,0.0001286,3.2e-06
/home/yoxara/Insync/DMSimp_vector_axial_pp_xxj_NLO_eff/Events/run_05/events_PYTHIA8_0.hepmc.gz,90070.0,20000,Axial,DM+QCDjets,55.0,0.0,1.0,0.25,atlas_exot_2018_06,EM3,-1.0,-1.0,0.0,0.0
/home/yoxara/Insync/DMSimp_vector_axial_pp_xxj_NLO_eff/Events/run_05/events_PYTHIA8_0.hepmc.gz,90070.0,20000,Axial,DM+QCDjets,55.0,0.0,1.0,0.25,atlas_exot_2018_06,EM4,-1.0,-1.0,0.0,0.0
/home/yoxara/Insync/DMSimp_vector_axial_pp_xxj_NLO_eff/Events/run_05/events_PYTHIA8_0.hepmc.gz,90070.0,20000,Axial,DM+QCDjets,55.0,0.0,1.0,0.25,atlas_exot_2018_06,EM5,-1.0,-1.0,0.0,0.0
/home/yoxara/Insync/DMSimp_vector_axial_pp_xxj_NLO_eff/Events/run_05/events_PYTHIA8_0.hepmc.gz,90070.0,20000,Axial,DM+QCDjets,55.0,0.0,1.0,0.25,atlas_exot_2018_06,EM6,-1.0,-1.0,0.0,0.0
/home/yoxara/Insync/DMSimp_vector_axial_pp_xxj_NLO_eff/Events/run_05/events_PYTHIA8_0.hepmc.gz,90070.0,20000,Axial,DM+QCDjets,55.0,0.0,1.0,0.25,atlas_exot_2018_06,EM7,-1.0,-1.0,0.0,0.0
/home/yoxara/Insync/DMSimp_vector_axial_pp_xxj_NLO_eff/Events/run_05/events_PYTHIA8_0.hepmc.gz,90070.0,20000,Axial,DM+QCDjets,55.0,0.0,1.0,0.25,atlas_exot_2018_06,EM8,-1.0,-1.0,0.0,0.0
/home/yoxara/Insync/DMSimp_vector_axial_pp_xxj_NLO_eff/Events/run_05/events_PYTHIA8_0.hepmc.gz,90070.0,20000,Axial,DM+QCDjets,55.0,0.0,1.0,0.25,atlas_exot_2018_06,EM9,-1.0,-1.0,0.0,0.0
/home/yoxara/Insync/DMSimp_vector_axial_pp_xxj_NLO_eff/Events/run_05/events_PYTHIA8_0.hepmc.gz,90070.0,20000,Axial,DM+QCDjets,55.0,0.0,1.0,0.25,atlas_exot_2018_06,EM10,-1.0,-1.0,0.0,0.0
/home/yoxara/Insync/DMSimp_vector_axial_pp_xxj_NLO_eff/Events/run_05/events_PYTHIA8_0.hepmc.gz,90070.0,20000,Axial,DM+QCDjets,55.0,0.0,1.0,0.25,atlas_exot_2018_06,EM11,-1.0,-1.0,0.0,0.0
/home/yoxara/Insync/DMSimp_vector_axial_pp_xxj_NLO_eff/Events/run_05/events_PYTHIA8_0.hepmc.gz,90070.0,20000,Axial,DM+QCDjets,55.0,0.0,1.0,0.25,atlas_exot_2018_06,EM12,-1.0,-1.0,0.0,0.0
/home/yoxara/Insync/DMSimp_vector_axial_pp_xxj_NLO_eff/Events/run_06/events_PYTHIA8_0.hepmc.gz,44920.0,20000,Axial,DM+QCDjets,55.0,20.0,1.0,0.25,atlas_exot_2018_06,IM0,880.5794116,1119.0013651,0.000642,1.02e-05
/home/yoxara/Insync/DMSimp_vector_axial_pp_xxj_NLO_eff/Events/run_06/events_PYTHIA8_0.hepmc.gz,44920.0,20000,Axial,DM+QCDjets,55.0,20.0,1.0,0.25,atlas_exot_2018_06,IM1,-1.0,-1.0,0.0,0.0
/home/yoxara/Insync/DMSimp_vector_axial_pp_xxj_NLO_eff/Events/run_06/events_PYTHIA8_0.hepmc.gz,44920.0,20000,Axial,DM+QCDjets,55.0,20.0,1.0,0.25,atlas_exot_2018_06,IM2,-1.0,-1.0,0.0,0.0
/home/yoxara/Insync/DMSimp_vector_axial_pp_xxj_NLO_eff/Events/run_06/events_PYTHIA8_0.hepmc.gz,44920.0,20000,Axial,DM+QCDjets,55.0,20.0,1.0,0.25,atlas_exot_2018_06,IM3,-1.0,-1.0,0.0,0.0
/home/yoxara/Insync/DMSimp_vector_axial_pp_xxj_NLO_eff/Events/run_06/events_PYTHIA8_0.hepmc.gz,44920.0,20000,Axial,DM+QCDjets,55.0,20.0,1.0,0.25,atlas_exot_2018_06,IM4,-1.0,-1.0,0.0,0.0
/home/yoxara/Insync/DMSimp_vector_axial_pp_xxj_NLO_eff/Events/run_06/events_PYTHIA8_0.hepmc.gz,44920.0,20000,Axial,DM+QCDjets,55.0,20.0,1.0,0.25,atlas_exot_2018_06,IM5,-1.0,-1.0,0.0,0.0
/home/yoxara/Insync/DMSimp_vector_axial_pp_xxj_NLO_eff/Events/run_06/events_PYTHIA8_0.hepmc.gz,44920.0,20000,Axial,DM+QCDjets,55.0,20.0,1.0,0.25,atlas_exot_2018_06,IM6,-1.0,-1.0,0.0,0.0
/home/yoxara/Insync/DMSimp_vector_axial_pp_xxj_NLO_eff/Events/run_06/events_PYTHIA8_0.hepmc.gz,44920.0,20000,Axial,DM+QCDjets,55.0,20.0,1.0,0.25,atlas_exot_2018_06,IM7,-1.0,-1.0,0.0,0.0
/home/yoxara/Insync/DMSimp_vector_axial_pp_xxj_NLO_eff/Events/run_06/events_PYTHIA8_0.hepmc.gz,44920.0,20000,Axial,DM+QCDjets,55.0,20.0,1.0,0.25,atlas_exot_2018_06,IM8,-1.0,-1.0,0.0,0.0
/home/yoxara/Insync/DMSimp_vector_axial_pp_xxj_NLO_eff/Events/run_06/events_PYTHIA8_0.hepmc.gz,44920.0,20000,Axial,DM+QCDjets,55.0,20.0,1.0,0.25,atlas_exot_2018_06,IM9,-1.0,-1.0,0.0,0.0
/home/yoxara/Insync/DMSimp_vector_axial_pp_xxj_NLO_eff/Events/run_06/events_PYTHIA8_0.hepmc.gz,44920.0,20000,Axial,DM+QCDjets,55.0,20.0,1.0,0.25,atlas_exot_2018_06,IM10,-1.0,-1.0,0.0,0.0
/home/yoxara/Insync/DMSimp_vector_axial_pp_xxj_NLO_eff/Events/run_06/events_PYTHIA8_0.hepmc.gz,44920.0,20000,Axial,DM+QCDjets,55.0,20.0,1.0,0.25,atlas_exot_2018_06,IM11,-1.0,-1.0,0.0,0.0
/home/yoxara/Insync/DMSimp_vector_axial_pp_xxj_NLO_eff/Events/run_06/events_PYTHIA8_0.hepmc.gz,44920.0,20000,Axial,DM+QCDjets,55.0,20.0,1.0,0.25,atlas_exot_2018_06,IM12,-1.0,-1.0,0.0,0.0
/home/yoxara/Insync/DMSimp_vector_axial_pp_xxj_NLO_eff/Events/run_06/events_PYTHIA8_0.hepmc.gz,44920.0,20000,Axial,DM+QCDjets,55.0,20.0,1.0,0.25,atlas_exot_2018_06,EM0,572.8540247,637.571923,0.000642,1.02e-05
/home/yoxara/Insync/DMSimp_vector_axial_pp_xxj_NLO_eff/Events/run_06/events_PYTHIA8_0.hepmc.gz,44920.0,20000,Axial,DM+QCDjets,55.0,20.0,1.0,0.25,atlas_exot_2018_06,EM1,994.9068611,967.7243817,0.0001284,4.6e-06
/home/yoxara/Insync/DMSimp_vector_axial_pp_xxj_NLO_eff/Events/run_06/events_PYTHIA8_0.hepmc.gz,44920.0,20000,Axial,DM+QCDjets,55.0,20.0,1.0,0.25,atlas_exot_2018_06,EM2,-1.0,-1.0,0.0,0.0
/home/yoxara/Insync/DMSimp_vector_axial_pp_xxj_NLO_eff/Events/run_06/events_PYTHIA8_0.hepmc.gz,44920.0,20000,Axial,DM+QCDjets,55.0,20.0,1.0,0.25,atlas_exot_2018_06,EM3,180.5954635,218.327654,0.0001284,4.6e-06
/home/yoxara/Insync/DMSimp_vector_axial_pp_xxj_NLO_eff/Events/run_06/events_PYTHIA8_0.hepmc.gz,44920.0,20000,Axial,DM+QCDjets,55.0,20.0,1.0,0.25,atlas_exot_2018_06,EM4,-1.0,-1.0,0.0,0.0
/home/yoxara/Insync/DMSimp_vector_axial_pp_xxj_NLO_eff/Events/run_06/events_PYTHIA8_0.hepmc.gz,44920.0,20000,Axial,DM+QCDjets,55.0,20.0,1.0,0.25,atlas_exot_2018_06,EM5,-1.0,-1.0,0.0,0.0
/home/yoxara/Insync/DMSimp_vector_axial_pp_xxj_NLO_eff/Events/run_06/events_PYTHIA8_0.hepmc.gz,44920.0,20000,Axial,DM+QCDjets,55.0,20.0,1.0,0.25,atlas_exot_2018_06,EM6,-1.0,-1.0,0.0,0.0
/home/yoxara/Insync/DMSimp_vector_axial_pp_xxj_NLO_eff/Events/run_06/events_PYTHIA8_0.hepmc.gz,44920.0,20000,Axial,DM+QCDjets,55.0,20.0,1.0,0.25,atlas_exot_2018_06,EM7,-1.0,-1.0,0.0,0.0
/home/yoxara/Insync/DMSimp_vector_axial_pp_xxj_NLO_eff/Events/run_06/events_PYTHIA8_0.hepmc.gz,44920.0,20000,Axial,DM+QCDjets,55.0,20.0,1.0,0.25,atlas_exot_2018_06,EM8,-1.0,-1.0,0.0,0.0
/home/yoxara/Insync/DMSimp_vector_axial_pp_xxj_NLO_eff/Events/run_06/events_PYTHIA8_0.hepmc.gz,44920.0,20000,Axial,DM+QCDjets,55.0,20.0,1.0,0.25,atlas_exot_2018_06,EM9,-1.0,-1.0,0.0,0.0
/home/yoxara/Insync/DMSimp_vector_axial_pp_xxj_NLO_eff/Events/run_06/events_PYTHIA8_0.hepmc.gz,44920.0,20000,Axial,DM+QCDjets,55.0,20.0,1.0,0.25,atlas_exot_2018_06,EM10,-1.0,-1.0,0.0,0.0
/home/yoxara/Insync/DMSimp_vector_axial_pp_xxj_NLO_eff/Events/run_06/events_PYTHIA8_0.hepmc.gz,44920.0,20000,Axial,DM+QCDjets,55.0,20.0,1.0,0.25,atlas_exot_2018_06,EM11,-1.0,-1.0,0.0,0.0
/home/yoxara/Insync/DMSimp_vector_axial_pp_xxj_NLO_eff/Events/run_06/events_PYTHIA8_0.hepmc.gz,44920.0,20000,Axial,DM+QCDjets,55.0,20.0,1.0,0.25,atlas_exot_2018_06,EM12,-1.0,-1.0,0.0,0.0
/home/yoxara/Insync/DMSimp_vector_axial_pp_xxj_NLO_eff/Events/run_07/events_PYTHIA8_0.hepmc.gz,8.615,20000,Axial,DM+QCDjets,55.0,100.0,1.0,0.25,atlas_exot_2018_06,IM0,19.2531886,24.4438637,0.0293057,0.0047663
/home/yoxara/Insync/DMSimp_vector_axial_pp_xxj_NLO_eff/Events/run_07/events_PYTHIA8_0.hepmc.gz,8.615,20000,Axial,DM+QCDjets,55.0,100.0,1.0,0.25,atlas_exot_2018_06,IM1,11.9703951,15.0119649,0.018936,0.0038517
/home/yoxara/Insync/DMSimp_vector_axial_pp_xxj_NLO_eff/Events/run_07/events_PYTHIA8_0.hepmc.gz,8.615,20000,Axial,DM+QCDjets,55.0,100.0,1.0,0.25,atlas_exot_2018_06,IM2,9.2958603,12.7818203,0.0121731,0.0030989
/home/yoxara/Insync/DMSimp_vector_axial_pp_xxj_NLO_eff/Events/run_07/events_PYTHIA8_0.hepmc.gz,8.615,20000,Axial,DM+QCDjets,55.0,100.0,1.0,0.25,atlas_exot_2018_06,IM3,9.4612405,13.9651407,0.0060114,0.0021844
/home/yoxara/Insync/DMSimp_vector_axial_pp_xxj_NLO_eff/Events/run_07/events_PYTHIA8_0.hepmc.gz,8.615,20000,Axial,DM+QCDjets,55.0,100.0,1.0,0.25,atlas_exot_2018_06,IM4,7.0945132,11.2031025,0.0046589,0.0019244
/home/yoxara/Insync/DMSimp_vector_axial_pp_xxj_NLO_eff/Events/run_07/events_PYTHIA8_0.hepmc.gz,8.615,20000,Axial,DM+QCDjets,55.0,100.0,1.0,0.25,atlas_exot_2018_06,IM5,4.7940638,7.2694524,0.0030057,0.001547
/home/yoxara/Insync/DMSimp_vector_axial_pp_xxj_NLO_eff/Events/run_07/events_PYTHIA8_0.hepmc.gz,8.615,20000,Axial,DM+QCDjets,55.0,100.0,1.0,0.25,atlas_exot_2018_06,IM6,4.4001913,6.4404857,0.0016531,0.001148
/home/yoxara/Insync/DMSimp_vector_axial_pp_xxj_NLO_eff/Events/run_07/events_PYTHIA8_0.hepmc.gz,8.615,20000,Axial,DM+QCDjets,55.0,100.0,1.0,0.25,atlas_exot_2018_06,IM7,-1.0,-1.0,0.0,0.0
/home/yoxara/Insync/DMSimp_vector_axial_pp_xxj_NLO_eff/Events/run_07/events_PYTHIA8_0.hepmc.gz,8.615,20000,Axial,DM+QCDjets,55.0,100.0,1.0,0.25,atlas_exot_2018_06,IM8,-1.0,-1.0,0.0,0.0
/home/yoxara/Insync/DMSimp_vector_axial_pp_xxj_NLO_eff/Events/run_07/events_PYTHIA8_0.hepmc.gz,8.615,20000,Axial,DM+QCDjets,55.0,100.0,1.0,0.25,atlas_exot_2018_06,IM9,-1.0,-1.0,0.0,0.0
/home/yoxara/Insync/DMSimp_vector_axial_pp_xxj_NLO_eff/Events/run_07/events_PYTHIA8_0.hepmc.gz,8.615,20000,Axial,DM+QCDjets,55.0,100.0,1.0,0.25,atlas_exot_2018_06,IM10,-1.0,-1.0,0.0,0.0
/home/yoxara/Insync/DMSimp_vector_axial_pp_xxj_NLO_eff/Events/run_07/events_PYTHIA8_0.hepmc.gz,8.615,20000,Axial,DM+QCDjets,55.0,100.0,1.0,0.25,atlas_exot_2018_06,IM11,-1.0,-1.0,0.0,0.0
/home/yoxara/Insync/DMSimp_vector_axial_pp_xxj_NLO_eff/Events/run_07/events_PYTHIA8_0.hepmc.gz,8.615,20000,Axial,DM+QCDjets,55.0,100.0,1.0,0.25,atlas_exot_2018_06,IM12,-1.0,-1.0,0.0,0.0
/home/yoxara/Insync/DMSimp_vector_axial_pp_xxj_NLO_eff/Events/run_07/events_PYTHIA8_0.hepmc.gz,8.615,20000,Axial,DM+QCDjets,55.0,100.0,1.0,0.25,atlas_exot_2018_06,EM0,35.3890277,39.5070469,0.0103697,0.0028627
/home/yoxara/Insync/DMSimp_vector_axial_pp_xxj_NLO_eff/Events/run_07/events_PYTHIA8_0.hepmc.gz,8.615,20000,Axial,DM+QCDjets,55.0,100.0,1.0,0.25,atlas_exot_2018_06,EM1,18.8612293,18.2973467,0.0067628,0.0023161
/home/yoxara/Insync/DMSimp_vector_axial_pp_xxj_NLO_eff/Events/run_07/events_PYTHIA8_0.hepmc.gz,8.615,20000,Axial,DM+QCDjets,55.0,100.0,1.0,0.25,atlas_exot_2018_06,EM2,8.1148765,8.0267978,0.0061617,0.0022114
/home/yoxara/Insync/DMSimp_vector_axial_pp_xxj_NLO_eff/Events/run_07/events_PYTHIA8_0.hepmc.gz,8.615,20000,Axial,DM+QCDjets,55.0,100.0,1.0,0.25,atlas_exot_2018_06,EM3,17.0281678,20.692387,0.0013526,0.0010386
/home/yoxara/Insync/DMSimp_vector_axial_pp_xxj_NLO_eff/Events/run_07/events_PYTHIA8_0.hepmc.gz,8.615,20000,Axial,DM+QCDjets,55.0,100.0,1.0,0.25,atlas_exot_2018_06,EM4,10.6362033,14.9264406,0.0016531,0.001148
/home/yoxara/Insync/DMSimp_vector_axial_pp_xxj_NLO_eff/Events/run_07/events_PYTHIA8_0.hepmc.gz,8.615,20000,Axial,DM+QCDjets,55.0,100.0,1.0,0.25,atlas_exot_2018_06,EM5,4.543883,5.5500589,0.0013526,0.0010386
/home/yoxara/Insync/DMSimp_vector_axial_pp_xxj_NLO_eff/Events/run_07/events_PYTHIA8_0.hepmc.gz,8.615,20000,Axial,DM+QCDjets,55.0,100.0,1.0,0.25,atlas_exot_2018_06,EM6,1.7528974,2.4522741,0.0016531,0.001148
/home/yoxara/Insync/DMSimp_vector_axial_pp_xxj_NLO_eff/Events/run_07/events_PYTHIA8_0.hepmc.gz,8.615,20000,Axial,DM+QCDjets,55.0,100.0,1.0,0.25,atlas_exot_2018_06,EM7,9.5744403,13.9530102,0.0001503,0.0003464
/home/yoxara/Insync/DMSimp_vector_axial_pp_xxj_NLO_eff/Events/run_07/events_PYTHIA8_0.hepmc.gz,8.615,20000,Axial,DM+QCDjets,55.0,100.0,1.0,0.25,atlas_exot_2018_06,EM8,-1.0,-1.0,0.0,0.0
/home/yoxara/Insync/DMSimp_vector_axial_pp_xxj_NLO_eff/Events/run_07/events_PYTHIA8_0.hepmc.gz,8.615,20000,Axial,DM+QCDjets,55.0,100.0,1.0,0.25,atlas_exot_2018_06,EM9,-1.0,-1.0,0.0,0.0
/home/yoxara/Insync/DMSimp_vector_axial_pp_xxj_NLO_eff/Events/run_07/events_PYTHIA8_0.hepmc.gz,8.615,20000,Axial,DM+QCDjets,55.0,100.0,1.0,0.25,atlas_exot_2018_06,EM10,-1.0,-1.0,0.0,0.0
/home/yoxara/Insync/DMSimp_vector_axial_pp_xxj_NLO_eff/Events/run_07/events_PYTHIA8_0.hepmc.gz,8.615,20000,Axial,DM+QCDjets,55.0,100.0,1.0,0.25,atlas_exot_2018_06,EM11,-1.0,-1.0,0.0,0.0
/home/yoxara/Insync/DMSimp_vector_axial_pp_xxj_NLO_eff/Events/run_07/events_PYTHIA8_0.hepmc.gz,8.615,20000,Axial,DM+QCDjets,55.0,100.0,1.0,0.25,atlas_exot_2018_06,EM12,-1.0,-1.0,0.0,0.0
/home/yoxara/Insync/DMSimp_vector_axial_pp_xxj_NLO_eff/Events/run_08/events_PYTHIA8_0.hepmc.gz,0.173,20000,Axial,DM+QCDjets,55.0,300.0,1.0,0.25,atlas_exot_2018_06,IM0,8.5173281,10.8257457,0.0663353,0.0498818
/home/yoxara/Insync/DMSimp_vector_axial_pp_xxj_NLO_eff/Events/run_08/events_PYTHIA8_0.hepmc.gz,0.173,20000,Axial,DM+QCDjets,55.0,300.0,1.0,0.25,atlas_exot_2018_06,IM1,4.2599564,5.3576357,0.0533082,0.0450273
/home/yoxara/Insync/DMSimp_vector_axial_pp_xxj_NLO_eff/Events/run_08/events_PYTHIA8_0.hepmc.gz,0.173,20000,Axial,DM+QCDjets,55.0,300.0,1.0,0.25,atlas_exot_2018_06,IM2,2.9867474,4.0855779,0.0380528,0.0383481
/home/yoxara/Insync/DMSimp_vector_axial_pp_xxj_NLO_eff/Events/run_08/events_PYTHIA8_0.hepmc.gz,0.173,20000,Axial,DM+QCDjets,55.0,300.0,1.0,0.25,atlas_exot_2018_06,IM3,1.981717,2.9304585,0.0286253,0.0334228
/home/yoxara/Insync/DMSimp_vector_axial_pp_xxj_NLO_eff/Events/run_08/events_PYTHIA8_0.hepmc.gz,0.173,20000,Axial,DM+QCDjets,55.0,300.0,1.0,0.25,atlas_exot_2018_06,IM4,1.7599442,2.8090204,0.0186836,0.02714
/home/yoxara/Insync/DMSimp_vector_axial_pp_xxj_NLO_eff/Events/run_08/events_PYTHIA8_0.hepmc.gz,0.173,20000,Axial,DM+QCDjets,55.0,300.0,1.0,0.25,atlas_exot_2018_06,IM5,1.5990738,2.4033787,0.0090847,0.0190172
/home/yoxara/Insync/DMSimp_vector_axial_pp_xxj_NLO_eff/Events/run_08/events_PYTHIA8_0.hepmc.gz,0.173,20000,Axial,DM+QCDjets,55.0,300.0,1.0,0.25,atlas_exot_2018_06,IM6,1.2886995,1.8803302,0.0056565,0.015032
/home/yoxara/Insync/DMSimp_vector_axial_pp_xxj_NLO_eff/Events/run_08/events_PYTHIA8_0.hepmc.gz,0.173,20000,Axial,DM+QCDjets,55.0,300.0,1.0,0.25,atlas_exot_2018_06,IM7,1.7465678,2.0638033,0.0020569,0.009081
/home/yoxara/Insync/DMSimp_vector_axial_pp_xxj_NLO_eff/Events/run_08/events_PYTHIA8_0.hepmc.gz,0.173,20000,Axial,DM+QCDjets,55.0,300.0,1.0,0.25,atlas_exot_2018_06,IM8,1.29973,1.3818044,0.0015427,0.0078664
/home/yoxara/Insync/DMSimp_vector_axial_pp_xxj_NLO_eff/Events/run_08/events_PYTHIA8_0.hepmc.gz,0.173,20000,Axial,DM+QCDjets,55.0,300.0,1.0,0.25,atlas_exot_2018_06,IM9,3.6988714,3.4807827,0.0003428,0.0037105
/home/yoxara/Insync/DMSimp_vector_axial_pp_xxj_NLO_eff/Events/run_08/events_PYTHIA8_0.hepmc.gz,0.173,20000,Axial,DM+QCDjets,55.0,300.0,1.0,0.25,atlas_exot_2018_06,IM10,1.0930668,1.6852655,0.000857,0.0058653
/home/yoxara/Insync/DMSimp_vector_axial_pp_xxj_NLO_eff/Events/run_08/events_PYTHIA8_0.hepmc.gz,0.173,20000,Axial,DM+QCDjets,55.0,300.0,1.0,0.25,atlas_exot_2018_06,IM11,1.651114,1.4716945,0.0003428,0.0037105
/home/yoxara/Insync/DMSimp_vector_axial_pp_xxj_NLO_eff/Events/run_08/events_PYTHIA8_0.hepmc.gz,0.173,20000,Axial,DM+QCDjets,55.0,300.0,1.0,0.25,atlas_exot_2018_06,IM12,0.5077692,0.4014254,0.0006856,0.0052465
/home/yoxara/Insync/DMSimp_vector_axial_pp_xxj_NLO_eff/Events/run_08/events_PYTHIA8_0.hepmc.gz,0.173,20000,Axial,DM+QCDjets,55.0,300.0,1.0,0.25,atlas_exot_2018_06,EM0,28.0078419,31.5200073,0.0130271,0.0227275
/home/yoxara/Insync/DMSimp_vector_axial_pp_xxj_NLO_eff/Events/run_08/events_PYTHIA8_0.hepmc.gz,0.173,20000,Axial,DM+QCDjets,55.0,300.0,1.0,0.25,atlas_exot_2018_06,EM1,8.3493218,8.140759,0.0152554,0.0245668
/home/yoxara/Insync/DMSimp_vector_axial_pp_xxj_NLO_eff/Events/run_08/events_PYTHIA8_0.hepmc.gz,0.173,20000,Axial,DM+QCDjets,55.0,300.0,1.0,0.25,atlas_exot_2018_06,EM2,5.3179516,5.2656814,0.0094275,0.0193694
/home/yoxara/Insync/DMSimp_vector_axial_pp_xxj_NLO_eff/Events/run_08/events_PYTHIA8_0.hepmc.gz,0.173,20000,Axial,DM+QCDjets,55.0,300.0,1.0,0.25,atlas_exot_2018_06,EM3,2.3367605,2.8233685,0.0099417,0.0198855
/home/yoxara/Insync/DMSimp_vector_axial_pp_xxj_NLO_eff/Events/run_08/events_PYTHIA8_0.hepmc.gz,0.173,20000,Axial,DM+QCDjets,55.0,300.0,1.0,0.25,atlas_exot_2018_06,EM4,1.8167482,2.5711466,0.0095989,0.019543
/home/yoxara/Insync/DMSimp_vector_axial_pp_xxj_NLO_eff/Events/run_08/events_PYTHIA8_0.hepmc.gz,0.173,20000,Axial,DM+QCDjets,55.0,300.0,1.0,0.25,atlas_exot_2018_06,EM5,1.7887287,2.1852209,0.0034282,0.0117155
/home/yoxara/Insync/DMSimp_vector_axial_pp_xxj_NLO_eff/Events/run_08/events_PYTHIA8_0.hepmc.gz,0.173,20000,Axial,DM+QCDjets,55.0,300.0,1.0,0.25,atlas_exot_2018_06,EM6,0.8060674,1.119634,0.0035996,0.0120038
/home/yoxara/Insync/DMSimp_vector_axial_pp_xxj_NLO_eff/Events/run_08/events_PYTHIA8_0.hepmc.gz,0.173,20000,Axial,DM+QCDjets,55.0,300.0,1.0,0.25,atlas_exot_2018_06,EM7,2.7873252,4.0827953,0.0005142,0.004544
/home/yoxara/Insync/DMSimp_vector_axial_pp_xxj_NLO_eff/Events/run_08/events_PYTHIA8_0.hepmc.gz,0.173,20000,Axial,DM+QCDjets,55.0,300.0,1.0,0.25,atlas_exot_2018_06,EM8,0.6754103,0.7760233,0.0011999,0.0069387
/home/yoxara/Insync/DMSimp_vector_axial_pp_xxj_NLO_eff/Events/run_08/events_PYTHIA8_0.hepmc.gz,0.173,20000,Axial,DM+QCDjets,55.0,300.0,1.0,0.25,atlas_exot_2018_06,EM9,-1.0,-1.0,0.0,0.0
/home/yoxara/Insync/DMSimp_vector_axial_pp_xxj_NLO_eff/Events/run_08/events_PYTHIA8_0.hepmc.gz,0.173,20000,Axial,DM+QCDjets,55.0,300.0,1.0,0.25,atlas_exot_2018_06,EM10,0.605162,1.2977555,0.0005142,0.004544
/home/yoxara/Insync/DMSimp_vector_axial_pp_xxj_NLO_eff/Events/run_08/events_PYTHIA8_0.hepmc.gz,0.173,20000,Axial,DM+QCDjets,55.0,300.0,1.0,0.25,atlas_exot_2018_06,EM11,-1.0,-1.0,0.0,0.0
/home/yoxara/Insync/DMSimp_vector_axial_pp_xxj_NLO_eff/Events/run_08/events_PYTHIA8_0.hepmc.gz,0.173,20000,Axial,DM+QCDjets,55.0,300.0,1.0,0.25,atlas_exot_2018_06,EM12,0.3708224,0.2981482,0.0006856,0.0052465
/home/yoxara/Insync/DMSimp_vector_axial_pp_xxj_NLO_eff/Events/run_09/events_PYTHIA8_0.hepmc.gz,0.01971,20000,Axial,DM+QCDjets,55.0,500.0,1.0,0.25,atlas_exot_2018_06,IM0,8.5301767,10.8013351,0.0664133,0.1467913
/home/yoxara/Insync/DMSimp_vector_axial_pp_xxj_NLO_eff/Events/run_09/events_PYTHIA8_0.hepmc.gz,0.01971,20000,Axial,DM+QCDjets,55.0,500.0,1.0,0.25,atlas_exot_2018_06,IM1,4.875523,6.1334948,0.0463264,0.123911
/home/yoxara/Insync/DMSimp_vector_axial_pp_xxj_NLO_eff/Events/run_09/events_PYTHIA8_0.hepmc.gz,0.01971,20000,Axial,DM+QCDjets,55.0,500.0,1.0,0.25,atlas_exot_2018_06,IM2,3.209411,4.4123727,0.0352877,0.1087693
/home/yoxara/Insync/DMSimp_vector_axial_pp_xxj_NLO_eff/Events/run_09/events_PYTHIA8_0.hepmc.gz,0.01971,20000,Axial,DM+QCDjets,55.0,500.0,1.0,0.25,atlas_exot_2018_06,IM3,2.1872067,3.2156133,0.0260586,0.0939156
/home/yoxara/Insync/DMSimp_vector_axial_pp_xxj_NLO_eff/Events/run_09/events_PYTHIA8_0.hepmc.gz,0.01971,20000,Axial,DM+QCDjets,55.0,500.0,1.0,0.25,atlas_exot_2018_06,IM4,1.7262372,2.754523,0.0190011,0.0804858
/home/yoxara/Insync/DMSimp_vector_axial_pp_xxj_NLO_eff/Events/run_09/events_PYTHIA8_0.hepmc.gz,0.01971,20000,Axial,DM+QCDjets,55.0,500.0,1.0,0.25,atlas_exot_2018_06,IM5,1.5119424,2.2789515,0.009591,0.0574559
/home/yoxara/Insync/DMSimp_vector_axial_pp_xxj_NLO_eff/Events/run_09/events_PYTHIA8_0.hepmc.gz,0.01971,20000,Axial,DM+QCDjets,55.0,500.0,1.0,0.25,atlas_exot_2018_06,IM6,1.1155727,1.6296629,0.0065147,0.0474266
/home/yoxara/Insync/DMSimp_vector_axial_pp_xxj_NLO_eff/Events/run_09/events_PYTHIA8_0.hepmc.gz,0.01971,20000,Axial,DM+QCDjets,55.0,500.0,1.0,0.25,atlas_exot_2018_06,IM7,-1.0,-1.0,0.0,0.0
/home/yoxara/Insync/DMSimp_vector_axial_pp_xxj_NLO_eff/Events/run_09/events_PYTHIA8_0.hepmc.gz,0.01971,20000,Axial,DM+QCDjets,55.0,500.0,1.0,0.25,atlas_exot_2018_06,IM8,3.6836201,3.962161,0.0005429,0.013732
/home/yoxara/Insync/DMSimp_vector_axial_pp_xxj_NLO_eff/Events/run_09/events_PYTHIA8_0.hepmc.gz,0.01971,20000,Axial,DM+QCDjets,55.0,500.0,1.0,0.25,atlas_exot_2018_06,IM9,0.4968334,0.4721361,0.0025335,0.0296349
/home/yoxara/Insync/DMSimp_vector_axial_pp_xxj_NLO_eff/Events/run_09/events_PYTHIA8_0.hepmc.gz,0.01971,20000,Axial,DM+QCDjets,55.0,500.0,1.0,0.25,atlas_exot_2018_06,IM10,-1.0,-1.0,0.0,0.0
/home/yoxara/Insync/DMSimp_vector_axial_pp_xxj_NLO_eff/Events/run_09/events_PYTHIA8_0.hepmc.gz,0.01971,20000,Axial,DM+QCDjets,55.0,500.0,1.0,0.25,atlas_exot_2018_06,IM11,0.6220573,0.5560653,0.0009048,0.0177247
/home/yoxara/Insync/DMSimp_vector_axial_pp_xxj_NLO_eff/Events/run_09/events_PYTHIA8_0.hepmc.gz,0.01971,20000,Axial,DM+QCDjets,55.0,500.0,1.0,0.25,atlas_exot_2018_06,IM12,0.6442325,0.5079146,0.0005429,0.013732
/home/yoxara/Insync/DMSimp_vector_axial_pp_xxj_NLO_eff/Events/run_09/events_PYTHIA8_0.hepmc.gz,0.01971,20000,Axial,DM+QCDjets,55.0,500.0,1.0,0.25,atlas_exot_2018_06,EM0,18.2290244,20.4579291,0.0200869,0.0827076
/home/yoxara/Insync/DMSimp_vector_axial_pp_xxj_NLO_eff/Events/run_09/events_PYTHIA8_0.hepmc.gz,0.01971,20000,Axial,DM+QCDjets,55.0,500.0,1.0,0.25,atlas_exot_2018_06,EM1,11.5050404,11.3102445,0.0110387,0.0615949
/home/yoxara/Insync/DMSimp_vector_axial_pp_xxj_NLO_eff/Events/run_09/events_PYTHIA8_0.hepmc.gz,0.01971,20000,Axial,DM+QCDjets,55.0,500.0,1.0,0.25,atlas_exot_2018_06,EM2,5.4294156,5.3605169,0.0092291,0.0563718
/home/yoxara/Insync/DMSimp_vector_axial_pp_xxj_NLO_eff/Events/run_09/events_PYTHIA8_0.hepmc.gz,0.01971,20000,Axial,DM+QCDjets,55.0,500.0,1.0,0.25,atlas_exot_2018_06,EM3,3.2922168,3.9699676,0.0070575,0.0493497
/home/yoxara/Insync/DMSimp_vector_axial_pp_xxj_NLO_eff/Events/run_09/events_PYTHIA8_0.hepmc.gz,0.01971,20000,Axial,DM+QCDjets,55.0,500.0,1.0,0.25,atlas_exot_2018_06,EM4,1.8524547,2.6168739,0.0094101,0.0569166
/home/yoxara/Insync/DMSimp_vector_axial_pp_xxj_NLO_eff/Events/run_09/events_PYTHIA8_0.hepmc.gz,0.01971,20000,Axial,DM+QCDjets,55.0,500.0,1.0,0.25,atlas_exot_2018_06,EM5,1.997965,2.4299885,0.0030764,0.0326472
/home/yoxara/Insync/DMSimp_vector_axial_pp_xxj_NLO_eff/Events/run_09/events_PYTHIA8_0.hepmc.gz,0.01971,20000,Axial,DM+QCDjets,55.0,500.0,1.0,0.25,atlas_exot_2018_06,EM6,0.43376,0.6044583,0.0066956,0.0480764
/home/yoxara/Insync/DMSimp_vector_axial_pp_xxj_NLO_eff/Events/run_09/events_PYTHIA8_0.hepmc.gz,0.01971,20000,Axial,DM+QCDjets,55.0,500.0,1.0,0.25,atlas_exot_2018_06,EM7,-1.0,-1.0,0.0,0.0
/home/yoxara/Insync/DMSimp_vector_axial_pp_xxj_NLO_eff/Events/run_09/events_PYTHIA8_0.hepmc.gz,0.01971,20000,Axial,DM+QCDjets,55.0,500.0,1.0,0.25,atlas_exot_2018_06,EM8,-1.0,-1.0,0.0,0.0
/home/yoxara/Insync/DMSimp_vector_axial_pp_xxj_NLO_eff/Events/run_09/events_PYTHIA8_0.hepmc.gz,0.01971,20000,Axial,DM+QCDjets,55.0,500.0,1.0,0.25,atlas_exot_2018_06,EM9,0.1589873,0.1355716,0.0030764,0.0326472
/home/yoxara/Insync/DMSimp_vector_axial_pp_xxj_NLO_eff/Events/run_09/events_PYTHIA8_0.hepmc.gz,0.01971,20000,Axial,DM+QCDjets,55.0,500.0,1.0,0.25,atlas_exot_2018_06,EM10,-1.0,-1.0,0.0,0.0
/home/yoxara/Insync/DMSimp_vector_axial_pp_xxj_NLO_eff/Events/run_09/events_PYTHIA8_0.hepmc.gz,0.01971,20000,Axial,DM+QCDjets,55.0,500.0,1.0,0.25,atlas_exot_2018_06,EM11,0.6071468,0.6818644,0.0003619,0.0112131
/home/yoxara/Insync/DMSimp_vector_axial_pp_xxj_NLO_eff/Events/run_09/events_PYTHIA8_0.hepmc.gz,0.01971,20000,Axial,DM+QCDjets,55.0,500.0,1.0,0.25,atlas_exot_2018_06,EM12,0.4691295,0.3762896,0.0005429,0.013732
/home/yoxara/Insync/DMSimp_vector_axial_pp_xxj_NLO_eff/Events/run_10/events_PYTHIA8_0.hepmc.gz,2703.0,20000,Axial,DM+QCDjets,200.0,0.0,1.0,0.25,atlas_exot_2018_06,IM0,63.7511286,80.7814929,0.0088469,0.0001504
/home/yoxara/Insync/DMSimp_vector_axial_pp_xxj_NLO_eff/Events/run_10/events_PYTHIA8_0.hepmc.gz,2703.0,20000,Axial,DM+QCDjets,200.0,0.0,1.0,0.25,atlas_exot_2018_06,IM1,47.9504351,60.3975127,0.0047184,0.00011
/home/yoxara/Insync/DMSimp_vector_axial_pp_xxj_NLO_eff/Events/run_10/events_PYTHIA8_0.hepmc.gz,2703.0,20000,Axial,DM+QCDjets,200.0,0.0,1.0,0.25,atlas_exot_2018_06,IM2,64.0136583,87.9082974,0.0017694,6.75e-05
/home/yoxara/Insync/DMSimp_vector_axial_pp_xxj_NLO_eff/Events/run_10/events_PYTHIA8_0.hepmc.gz,2703.0,20000,Axial,DM+QCDjets,200.0,0.0,1.0,0.25,atlas_exot_2018_06,IM3,42.812042,63.1600757,0.001327,5.85e-05
/home/yoxara/Insync/DMSimp_vector_axial_pp_xxj_NLO_eff/Events/run_10/events_PYTHIA8_0.hepmc.gz,2703.0,20000,Axial,DM+QCDjets,200.0,0.0,1.0,0.25,atlas_exot_2018_06,IM4,222.6571882,354.4383295,0.0001474,1.95e-05
/home/yoxara/Insync/DMSimp_vector_axial_pp_xxj_NLO_eff/Events/run_10/events_PYTHIA8_0.hepmc.gz,2703.0,20000,Axial,DM+QCDjets,200.0,0.0,1.0,0.25,atlas_exot_2018_06,IM5,-1.0,-1.0,0.0,0.0
/home/yoxara/Insync/DMSimp_vector_axial_pp_xxj_NLO_eff/Events/run_10/events_PYTHIA8_0.hepmc.gz,2703.0,20000,Axial,DM+QCDjets,200.0,0.0,1.0,0.25,atlas_exot_2018_06,IM6,49.3838954,72.3120629,0.0001474,1.95e-05
/home/yoxara/Insync/DMSimp_vector_axial_pp_xxj_NLO_eff/Events/run_10/events_PYTHIA8_0.hepmc.gz,2703.0,20000,Axial,DM+QCDjets,200.0,0.0,1.0,0.25,atlas_exot_2018_06,IM7,24.4373345,28.6557092,0.0001474,1.95e-05
/home/yoxara/Insync/DMSimp_vector_axial_pp_xxj_NLO_eff/Events/run_10/events_PYTHIA8_0.hepmc.gz,2703.0,20000,Axial,DM+QCDjets,200.0,0.0,1.0,0.25,atlas_exot_2018_06,IM8,-1.0,-1.0,0.0,0.0
/home/yoxara/Insync/DMSimp_vector_axial_pp_xxj_NLO_eff/Events/run_10/events_PYTHIA8_0.hepmc.gz,2703.0,20000,Axial,DM+QCDjets,200.0,0.0,1.0,0.25,atlas_exot_2018_06,IM9,-1.0,-1.0,0.0,0.0
/home/yoxara/Insync/DMSimp_vector_axial_pp_xxj_NLO_eff/Events/run_10/events_PYTHIA8_0.hepmc.gz,2703.0,20000,Axial,DM+QCDjets,200.0,0.0,1.0,0.25,atlas_exot_2018_06,IM10,-1.0,-1.0,0.0,0.0
/home/yoxara/Insync/DMSimp_vector_axial_pp_xxj_NLO_eff/Events/run_10/events_PYTHIA8_0.hepmc.gz,2703.0,20000,Axial,DM+QCDjets,200.0,0.0,1.0,0.25,atlas_exot_2018_06,IM11,-1.0,-1.0,0.0,0.0
/home/yoxara/Insync/DMSimp_vector_axial_pp_xxj_NLO_eff/Events/run_10/events_PYTHIA8_0.hepmc.gz,2703.0,20000,Axial,DM+QCDjets,200.0,0.0,1.0,0.25,atlas_exot_2018_06,IM12,-1.0,-1.0,0.0,0.0
/home/yoxara/Insync/DMSimp_vector_axial_pp_xxj_NLO_eff/Events/run_10/events_PYTHIA8_0.hepmc.gz,2703.0,20000,Axial,DM+QCDjets,200.0,0.0,1.0,0.25,atlas_exot_2018_06,EM0,88.723419,99.454408,0.0041286,0.000103
/home/yoxara/Insync/DMSimp_vector_axial_pp_xxj_NLO_eff/Events/run_10/events_PYTHIA8_0.hepmc.gz,2703.0,20000,Axial,DM+QCDjets,200.0,0.0,1.0,0.25,atlas_exot_2018_06,EM1,43.1800775,42.0730107,0.002949,8.71e-05
/home/yoxara/Insync/DMSimp_vector_axial_pp_xxj_NLO_eff/Events/run_10/events_PYTHIA8_0.hepmc.gz,2703.0,20000,Axial,DM+QCDjets,200.0,0.0,1.0,0.25,atlas_exot_2018_06,EM2,113.2507884,112.0753851,0.0004423,3.38e-05
/home/yoxara/Insync/DMSimp_vector_axial_pp_xxj_NLO_eff/Events/run_10/events_PYTHIA8_0.hepmc.gz,2703.0,20000,Axial,DM+QCDjets,200.0,0.0,1.0,0.25,atlas_exot_2018_06,EM3,19.6869382,23.837022,0.0011796,5.51e-05
/home/yoxara/Insync/DMSimp_vector_axial_pp_xxj_NLO_eff/Events/run_10/events_PYTHIA8_0.hepmc.gz,2703.0,20000,Axial,DM+QCDjets,200.0,0.0,1.0,0.25,atlas_exot_2018_06,EM4,119.5682851,166.9154848,0.0001474,1.95e-05
/home/yoxara/Insync/DMSimp_vector_axial_pp_xxj_NLO_eff/Events/run_10/events_PYTHIA8_0.hepmc.gz,2703.0,20000,Axial,DM+QCDjets,200.0,0.0,1.0,0.25,atlas_exot_2018_06,EM5,-1.0,-1.0,0.0,0.0
/home/yoxara/Insync/DMSimp_vector_axial_pp_xxj_NLO_eff/Events/run_10/events_PYTHIA8_0.hepmc.gz,2703.0,20000,Axial,DM+QCDjets,200.0,0.0,1.0,0.25,atlas_exot_2018_06,EM6,-1.0,-1.0,0.0,0.0
/home/yoxara/Insync/DMSimp_vector_axial_pp_xxj_NLO_eff/Events/run_10/events_PYTHIA8_0.hepmc.gz,2703.0,20000,Axial,DM+QCDjets,200.0,0.0,1.0,0.25,atlas_exot_2018_06,EM7,9.7292613,14.2258822,0.0001474,1.95e-05
/home/yoxara/Insync/DMSimp_vector_axial_pp_xxj_NLO_eff/Events/run_10/events_PYTHIA8_0.hepmc.gz,2703.0,20000,Axial,DM+QCDjets,200.0,0.0,1.0,0.25,atlas_exot_2018_06,EM8,-1.0,-1.0,0.0,0.0
/home/yoxara/Insync/DMSimp_vector_axial_pp_xxj_NLO_eff/Events/run_10/events_PYTHIA8_0.hepmc.gz,2703.0,20000,Axial,DM+QCDjets,200.0,0.0,1.0,0.25,atlas_exot_2018_06,EM9,-1.0,-1.0,0.0,0.0
/home/yoxara/Insync/DMSimp_vector_axial_pp_xxj_NLO_eff/Events/run_10/events_PYTHIA8_0.hepmc.gz,2703.0,20000,Axial,DM+QCDjets,200.0,0.0,1.0,0.25,atlas_exot_2018_06,EM10,-1.0,-1.0,0.0,0.0
/home/yoxara/Insync/DMSimp_vector_axial_pp_xxj_NLO_eff/Events/run_10/events_PYTHIA8_0.hepmc.gz,2703.0,20000,Axial,DM+QCDjets,200.0,0.0,1.0,0.25,atlas_exot_2018_06,EM11,-1.0,-1.0,0.0,0.0
/home/yoxara/Insync/DMSimp_vector_axial_pp_xxj_NLO_eff/Events/run_10/events_PYTHIA8_0.hepmc.gz,2703.0,20000,Axial,DM+QCDjets,200.0,0.0,1.0,0.25,atlas_exot_2018_06,EM12,-1.0,-1.0,0.0,0.0
/home/yoxara/Insync/DMSimp_vector_axial_pp_xxj_NLO_eff/Events/run_11/events_PYTHIA8_0.hepmc.gz,2126.0,20000,Axial,DM+QCDjets,200.0,50.0,1.0,0.25,atlas_exot_2018_06,IM0,51.125352,64.2659884,0.011108,0.0001889
/home/yoxara/Insync/DMSimp_vector_axial_pp_xxj_NLO_eff/Events/run_11/events_PYTHIA8_0.hepmc.gz,2126.0,20000,Axial,DM+QCDjets,200.0,50.0,1.0,0.25,atlas_exot_2018_06,IM1,35.2727487,44.4492,0.0064084,0.0001438
/home/yoxara/Insync/DMSimp_vector_axial_pp_xxj_NLO_eff/Events/run_11/events_PYTHIA8_0.hepmc.gz,2126.0,20000,Axial,DM+QCDjets,200.0,50.0,1.0,0.25,atlas_exot_2018_06,IM2,36.0226619,49.6619387,0.003133,0.0001007
/home/yoxara/Insync/DMSimp_vector_axial_pp_xxj_NLO_eff/Events/run_11/events_PYTHIA8_0.hepmc.gz,2126.0,20000,Axial,DM+QCDjets,200.0,50.0,1.0,0.25,atlas_exot_2018_06,IM3,49.7959124,73.6443397,0.0011393,6.08e-05
/home/yoxara/Insync/DMSimp_vector_axial_pp_xxj_NLO_eff/Events/run_11/events_PYTHIA8_0.hepmc.gz,2126.0,20000,Axial,DM+QCDjets,200.0,50.0,1.0,0.25,atlas_exot_2018_06,IM4,25.5471317,40.7774368,0.0012817,6.45e-05
/home/yoxara/Insync/DMSimp_vector_axial_pp_xxj_NLO_eff/Events/run_11/events_PYTHIA8_0.hepmc.gz,2126.0,20000,Axial,DM+QCDjets,200.0,50.0,1.0,0.25,atlas_exot_2018_06,IM5,20.2515881,30.6963214,0.000712,4.81e-05
/home/yoxara/Insync/DMSimp_vector_axial_pp_xxj_NLO_eff/Events/run_11/events_PYTHIA8_0.hepmc.gz,2126.0,20000,Axial,DM+QCDjets,200.0,50.0,1.0,0.25,atlas_exot_2018_06,IM6,-1.0,-1.0,0.0,0.0
/home/yoxara/Insync/DMSimp_vector_axial_pp_xxj_NLO_eff/Events/run_11/events_PYTHIA8_0.hepmc.gz,2126.0,20000,Axial,DM+QCDjets,200.0,50.0,1.0,0.25,atlas_exot_2018_06,IM7,-1.0,-1.0,0.0,0.0
/home/yoxara/Insync/DMSimp_vector_axial_pp_xxj_NLO_eff/Events/run_11/events_PYTHIA8_0.hepmc.gz,2126.0,20000,Axial,DM+QCDjets,200.0,50.0,1.0,0.25,atlas_exot_2018_06,IM8,-1.0,-1.0,0.0,0.0
/home/yoxara/Insync/DMSimp_vector_axial_pp_xxj_NLO_eff/Events/run_11/events_PYTHIA8_0.hepmc.gz,2126.0,20000,Axial,DM+QCDjets,200.0,50.0,1.0,0.25,atlas_exot_2018_06,IM9,-1.0,-1.0,0.0,0.0
/home/yoxara/Insync/DMSimp_vector_axial_pp_xxj_NLO_eff/Events/run_11/events_PYTHIA8_0.hepmc.gz,2126.0,20000,Axial,DM+QCDjets,200.0,50.0,1.0,0.25,atlas_exot_2018_06,IM10,-1.0,-1.0,0.0,0.0
/home/yoxara/Insync/DMSimp_vector_axial_pp_xxj_NLO_eff/Events/run_11/events_PYTHIA8_0.hepmc.gz,2126.0,20000,Axial,DM+QCDjets,200.0,50.0,1.0,0.25,atlas_exot_2018_06,IM11,-1.0,-1.0,0.0,0.0
/home/yoxara/Insync/DMSimp_vector_axial_pp_xxj_NLO_eff/Events/run_11/events_PYTHIA8_0.hepmc.gz,2126.0,20000,Axial,DM+QCDjets,200.0,50.0,1.0,0.25,atlas_exot_2018_06,IM12,-1.0,-1.0,0.0,0.0
/home/yoxara/Insync/DMSimp_vector_axial_pp_xxj_NLO_eff/Events/run_11/events_PYTHIA8_0.hepmc.gz,2126.0,20000,Axial,DM+QCDjets,200.0,50.0,1.0,0.25,atlas_exot_2018_06,EM0,78.0110436,87.3044522,0.0046995,0.0001233
/home/yoxara/Insync/DMSimp_vector_axial_pp_xxj_NLO_eff/Events/run_11/events_PYTHIA8_0.hepmc.gz,2126.0,20000,Axial,DM+QCDjets,200.0,50.0,1.0,0.25,atlas_exot_2018_06,EM1,39.1120485,37.9768964,0.0032754,0.000103
/home/yoxara/Insync/DMSimp_vector_axial_pp_xxj_NLO_eff/Events/run_11/events_PYTHIA8_0.hepmc.gz,2126.0,20000,Axial,DM+QCDjets,200.0,50.0,1.0,0.25,atlas_exot_2018_06,EM2,25.0123635,24.9475661,0.0019937,8.04e-05
/home/yoxara/Insync/DMSimp_vector_axial_pp_xxj_NLO_eff/Events/run_11/events_PYTHIA8_0.hepmc.gz,2126.0,20000,Axial,DM+QCDjets,200.0,50.0,1.0,0.25,atlas_exot_2018_06,EM3,-1.0,-1.0,0.0,0.0
/home/yoxara/Insync/DMSimp_vector_axial_pp_xxj_NLO_eff/Events/run_11/events_PYTHIA8_0.hepmc.gz,2126.0,20000,Axial,DM+QCDjets,200.0,50.0,1.0,0.25,atlas_exot_2018_06,EM4,30.8265027,43.2451312,0.0005696,4.3e-05
/home/yoxara/Insync/DMSimp_vector_axial_pp_xxj_NLO_eff/Events/run_11/events_PYTHIA8_0.hepmc.gz,2126.0,20000,Axial,DM+QCDjets,200.0,50.0,1.0,0.25,atlas_exot_2018_06,EM5,8.6295572,10.5240577,0.000712,4.81e-05
/home/yoxara/Insync/DMSimp_vector_axial_pp_xxj_NLO_eff/Events/run_11/events_PYTHIA8_0.hepmc.gz,2126.0,20000,Axial,DM+QCDjets,200.0,50.0,1.0,0.25,atlas_exot_2018_06,EM6,20.4729474,28.35459,0.0001424,2.15e-05
/home/yoxara/Insync/DMSimp_vector_axial_pp_xxj_NLO_eff/Events/run_11/events_PYTHIA8_0.hepmc.gz,2126.0,20000,Axial,DM+QCDjets,200.0,50.0,1.0,0.25,atlas_exot_2018_06,EM7,-1.0,-1.0,0.0,0.0
/home/yoxara/Insync/DMSimp_vector_axial_pp_xxj_NLO_eff/Events/run_11/events_PYTHIA8_0.hepmc.gz,2126.0,20000,Axial,DM+QCDjets,200.0,50.0,1.0,0.25,atlas_exot_2018_06,EM8,-1.0,-1.0,0.0,0.0
/home/yoxara/Insync/DMSimp_vector_axial_pp_xxj_NLO_eff/Events/run_11/events_PYTHIA8_0.hepmc.gz,2126.0,20000,Axial,DM+QCDjets,200.0,50.0,1.0,0.25,atlas_exot_2018_06,EM9,-1.0,-1.0,0.0,0.0
/home/yoxara/Insync/DMSimp_vector_axial_pp_xxj_NLO_eff/Events/run_11/events_PYTHIA8_0.hepmc.gz,2126.0,20000,Axial,DM+QCDjets,200.0,50.0,1.0,0.25,atlas_exot_2018_06,EM10,-1.0,-1.0,0.0,0.0
/home/yoxara/Insync/DMSimp_vector_axial_pp_xxj_NLO_eff/Events/run_11/events_PYTHIA8_0.hepmc.gz,2126.0,20000,Axial,DM+QCDjets,200.0,50.0,1.0,0.25,atlas_exot_2018_06,EM11,-1.0,-1.0,0.0,0.0
/home/yoxara/Insync/DMSimp_vector_axial_pp_xxj_NLO_eff/Events/run_11/events_PYTHIA8_0.hepmc.gz,2126.0,20000,Axial,DM+QCDjets,200.0,50.0,1.0,0.25,atlas_exot_2018_06,EM12,-1.0,-1.0,0.0,0.0
/home/yoxara/Insync/DMSimp_vector_axial_pp_xxj_NLO_eff/Events/run_12/events_PYTHIA8_0.hepmc.gz,54.74,20000,Axial,DM+QCDjets,200.0,100.0,1.0,0.25,atlas_exot_2018_06,IM0,38.1719118,48.6833567,0.0147527,0.0013691
/home/yoxara/Insync/DMSimp_vector_axial_pp_xxj_NLO_eff/Events/run_12/events_PYTHIA8_0.hepmc.gz,54.74,20000,Axial,DM+QCDjets,200.0,100.0,1.0,0.25,atlas_exot_2018_06,IM1,25.2499151,31.7344315,0.0089673,0.0010705
/home/yoxara/Insync/DMSimp_vector_axial_pp_xxj_NLO_eff/Events/run_12/events_PYTHIA8_0.hepmc.gz,54.74,20000,Axial,DM+QCDjets,200.0,100.0,1.0,0.25,atlas_exot_2018_06,IM2,19.564032,26.8340871,0.0057854,0.0008612
/home/yoxara/Insync/DMSimp_vector_axial_pp_xxj_NLO_eff/Events/run_12/events_PYTHIA8_0.hepmc.gz,54.74,20000,Axial,DM+QCDjets,200.0,100.0,1.0,0.25,atlas_exot_2018_06,IM3,23.2138958,34.1290108,0.0024588,0.0005624
/home/yoxara/Insync/DMSimp_vector_axial_pp_xxj_NLO_eff/Events/run_12/events_PYTHIA8_0.hepmc.gz,54.74,20000,Axial,DM+QCDjets,200.0,100.0,1.0,0.25,atlas_exot_2018_06,IM4,22.9217554,36.1368845,0.0014463,0.0004316
/home/yoxara/Insync/DMSimp_vector_axial_pp_xxj_NLO_eff/Events/run_12/events_PYTHIA8_0.hepmc.gz,54.74,20000,Axial,DM+QCDjets,200.0,100.0,1.0,0.25,atlas_exot_2018_06,IM5,14.3295085,21.6527346,0.0010124,0.0003611
/home/yoxara/Insync/DMSimp_vector_axial_pp_xxj_NLO_eff/Events/run_12/events_PYTHIA8_0.hepmc.gz,54.74,20000,Axial,DM+QCDjets,200.0,100.0,1.0,0.25,atlas_exot_2018_06,IM6,16.8391018,24.569404,0.0004339,0.0002365
/home/yoxara/Insync/DMSimp_vector_axial_pp_xxj_NLO_eff/Events/run_12/events_PYTHIA8_0.hepmc.gz,54.74,20000,Axial,DM+QCDjets,200.0,100.0,1.0,0.25,atlas_exot_2018_06,IM7,-1.0,-1.0,0.0,0.0
/home/yoxara/Insync/DMSimp_vector_axial_pp_xxj_NLO_eff/Events/run_12/events_PYTHIA8_0.hepmc.gz,54.74,20000,Axial,DM+QCDjets,200.0,100.0,1.0,0.25,atlas_exot_2018_06,IM8,-1.0,-1.0,0.0,0.0
/home/yoxara/Insync/DMSimp_vector_axial_pp_xxj_NLO_eff/Events/run_12/events_PYTHIA8_0.hepmc.gz,54.74,20000,Axial,DM+QCDjets,200.0,100.0,1.0,0.25,atlas_exot_2018_06,IM9,-1.0,-1.0,0.0,0.0
/home/yoxara/Insync/DMSimp_vector_axial_pp_xxj_NLO_eff/Events/run_12/events_PYTHIA8_0.hepmc.gz,54.74,20000,Axial,DM+QCDjets,200.0,100.0,1.0,0.25,atlas_exot_2018_06,IM10,-1.0,-1.0,0.0,0.0
/home/yoxara/Insync/DMSimp_vector_axial_pp_xxj_NLO_eff/Events/run_12/events_PYTHIA8_0.hepmc.gz,54.74,20000,Axial,DM+QCDjets,200.0,100.0,1.0,0.25,atlas_exot_2018_06,IM11,-1.0,-1.0,0.0,0.0
/home/yoxara/Insync/DMSimp_vector_axial_pp_xxj_NLO_eff/Events/run_12/events_PYTHIA8_0.hepmc.gz,54.74,20000,Axial,DM+QCDjets,200.0,100.0,1.0,0.25,atlas_exot_2018_06,IM12,-1.0,-1.0,0.0,0.0
/home/yoxara/Insync/DMSimp_vector_axial_pp_xxj_NLO_eff/Events/run_12/events_PYTHIA8_0.hepmc.gz,54.74,20000,Axial,DM+QCDjets,200.0,100.0,1.0,0.25,atlas_exot_2018_06,EM0,63.4311261,71.1241945,0.0057854,0.0008612
/home/yoxara/Insync/DMSimp_vector_axial_pp_xxj_NLO_eff/Events/run_12/events_PYTHIA8_0.hepmc.gz,54.74,20000,Axial,DM+QCDjets,200.0,100.0,1.0,0.25,atlas_exot_2018_06,EM1,40.1822893,39.1094321,0.003182,0.0006395
/home/yoxara/Insync/DMSimp_vector_axial_pp_xxj_NLO_eff/Events/run_12/events_PYTHIA8_0.hepmc.gz,54.74,20000,Axial,DM+QCDjets,200.0,100.0,1.0,0.25,atlas_exot_2018_06,EM2,15.0421685,14.9073992,0.0033266,0.0006539
/home/yoxara/Insync/DMSimp_vector_axial_pp_xxj_NLO_eff/Events/run_12/events_PYTHIA8_0.hepmc.gz,54.74,20000,Axial,DM+QCDjets,200.0,100.0,1.0,0.25,atlas_exot_2018_06,EM3,22.8850966,27.6721489,0.0010124,0.0003611
/home/yoxara/Insync/DMSimp_vector_axial_pp_xxj_NLO_eff/Events/run_12/events_PYTHIA8_0.hepmc.gz,54.74,20000,Axial,DM+QCDjets,200.0,100.0,1.0,0.25,atlas_exot_2018_06,EM4,40.3648972,56.767857,0.0004339,0.0002365
/home/yoxara/Insync/DMSimp_vector_axial_pp_xxj_NLO_eff/Events/run_12/events_PYTHIA8_0.hepmc.gz,54.74,20000,Axial,DM+QCDjets,200.0,100.0,1.0,0.25,atlas_exot_2018_06,EM5,10.6060762,12.9394993,0.0005785,0.0002731
/home/yoxara/Insync/DMSimp_vector_axial_pp_xxj_NLO_eff/Events/run_12/events_PYTHIA8_0.hepmc.gz,54.74,20000,Axial,DM+QCDjets,200.0,100.0,1.0,0.25,atlas_exot_2018_06,EM6,6.6986533,9.3168228,0.0004339,0.0002365
/home/yoxara/Insync/DMSimp_vector_axial_pp_xxj_NLO_eff/Events/run_12/events_PYTHIA8_0.hepmc.gz,54.74,20000,Axial,DM+QCDjets,200.0,100.0,1.0,0.25,atlas_exot_2018_06,EM7,-1.0,-1.0,0.0,0.0
/home/yoxara/Insync/DMSimp_vector_axial_pp_xxj_NLO_eff/Events/run_12/events_PYTHIA8_0.hepmc.gz,54.74,20000,Axial,DM+QCDjets,200.0,100.0,1.0,0.25,atlas_exot_2018_06,EM8,-1.0,-1.0,0.0,0.0
/home/yoxara/Insync/DMSimp_vector_axial_pp_xxj_NLO_eff/Events/run_12/events_PYTHIA8_0.hepmc.gz,54.74,20000,Axial,DM+QCDjets,200.0,100.0,1.0,0.25,atlas_exot_2018_06,EM9,-1.0,-1.0,0.0,0.0
/home/yoxara/Insync/DMSimp_vector_axial_pp_xxj_NLO_eff/Events/run_12/events_PYTHIA8_0.hepmc.gz,54.74,20000,Axial,DM+QCDjets,200.0,100.0,1.0,0.25,atlas_exot_2018_06,EM10,-1.0,-1.0,0.0,0.0
/home/yoxara/Insync/DMSimp_vector_axial_pp_xxj_NLO_eff/Events/run_12/events_PYTHIA8_0.hepmc.gz,54.74,20000,Axial,DM+QCDjets,200.0,100.0,1.0,0.25,atlas_exot_2018_06,EM11,-1.0,-1.0,0.0,0.0
/home/yoxara/Insync/DMSimp_vector_axial_pp_xxj_NLO_eff/Events/run_12/events_PYTHIA8_0.hepmc.gz,54.74,20000,Axial,DM+QCDjets,200.0,100.0,1.0,0.25,atlas_exot_2018_06,EM12,-1.0,-1.0,0.0,0.0
/home/yoxara/Insync/DMSimp_vector_axial_pp_xxj_NLO_eff/Events/run_13/events_PYTHIA8_0.hepmc.gz,17.87,20000,Axial,DM+QCDjets,200.0,110.0,1.0,0.25,atlas_exot_2018_06,IM0,25.5905686,32.6077697,0.0220107,0.0029326
/home/yoxara/Insync/DMSimp_vector_axial_pp_xxj_NLO_eff/Events/run_13/events_PYTHIA8_0.hepmc.gz,17.87,20000,Axial,DM+QCDjets,200.0,110.0,1.0,0.25,atlas_exot_2018_06,IM1,18.3309295,23.0662592,0.0123438,0.0022069
/home/yoxara/Insync/DMSimp_vector_axial_pp_xxj_NLO_eff/Events/run_13/events_PYTHIA8_0.hepmc.gz,17.87,20000,Axial,DM+QCDjets,200.0,110.0,1.0,0.25,atlas_exot_2018_06,IM2,14.1602914,19.3567996,0.0080309,0.001784
/home/yoxara/Insync/DMSimp_vector_axial_pp_xxj_NLO_eff/Events/run_13/events_PYTHIA8_0.hepmc.gz,17.87,20000,Axial,DM+QCDjets,200.0,110.0,1.0,0.25,atlas_exot_2018_06,IM3,11.5827957,17.1263077,0.0049078,0.0013968
/home/yoxara/Insync/DMSimp_vector_axial_pp_xxj_NLO_eff/Events/run_13/events_PYTHIA8_0.hepmc.gz,17.87,20000,Axial,DM+QCDjets,200.0,110.0,1.0,0.25,atlas_exot_2018_06,IM4,10.5427317,16.7434392,0.0031231,0.0011153
/home/yoxara/Insync/DMSimp_vector_axial_pp_xxj_NLO_eff/Events/run_13/events_PYTHIA8_0.hepmc.gz,17.87,20000,Axial,DM+QCDjets,200.0,110.0,1.0,0.25,atlas_exot_2018_06,IM5,8.1015962,12.2373324,0.0017847,0.0008436
/home/yoxara/Insync/DMSimp_vector_axial_pp_xxj_NLO_eff/Events/run_13/events_PYTHIA8_0.hepmc.gz,17.87,20000,Axial,DM+QCDjets,200.0,110.0,1.0,0.25,atlas_exot_2018_06,IM6,7.0009969,10.2290311,0.001041,0.0006446
/home/yoxara/Insync/DMSimp_vector_axial_pp_xxj_NLO_eff/Events/run_13/events_PYTHIA8_0.hepmc.gz,17.87,20000,Axial,DM+QCDjets,200.0,110.0,1.0,0.25,atlas_exot_2018_06,IM7,12.0458918,14.2611779,0.0002974,0.0003447
/home/yoxara/Insync/DMSimp_vector_axial_pp_xxj_NLO_eff/Events/run_13/events_PYTHIA8_0.hepmc.gz,17.87,20000,Axial,DM+QCDjets,200.0,110.0,1.0,0.25,atlas_exot_2018_06,IM8,6.7191331,7.2504193,0.0002974,0.0003447
/home/yoxara/Insync/DMSimp_vector_axial_pp_xxj_NLO_eff/Events/run_13/events_PYTHIA8_0.hepmc.gz,17.87,20000,Axial,DM+QCDjets,200.0,110.0,1.0,0.25,atlas_exot_2018_06,IM9,8.4977336,8.0200232,0.0001487,0.0002437
/home/yoxara/Insync/DMSimp_vector_axial_pp_xxj_NLO_eff/Events/run_13/events_PYTHIA8_0.hepmc.gz,17.87,20000,Axial,DM+QCDjets,200.0,110.0,1.0,0.25,atlas_exot_2018_06,IM10,3.1388794,4.8440346,0.0002974,0.0003447
/home/yoxara/Insync/DMSimp_vector_axial_pp_xxj_NLO_eff/Events/run_13/events_PYTHIA8_0.hepmc.gz,17.87,20000,Axial,DM+QCDjets,200.0,110.0,1.0,0.25,atlas_exot_2018_06,IM11,3.7908487,3.3900981,0.0001487,0.0002437
/home/yoxara/Insync/DMSimp_vector_axial_pp_xxj_NLO_eff/Events/run_13/events_PYTHIA8_0.hepmc.gz,17.87,20000,Axial,DM+QCDjets,200.0,110.0,1.0,0.25,atlas_exot_2018_06,IM12,-1.0,-1.0,0.0,0.0
/home/yoxara/Insync/DMSimp_vector_axial_pp_xxj_NLO_eff/Events/run_13/events_PYTHIA8_0.hepmc.gz,17.87,20000,Axial,DM+QCDjets,200.0,110.0,1.0,0.25,atlas_exot_2018_06,EM0,37.9606959,42.3382096,0.0096669,0.0019557
/home/yoxara/Insync/DMSimp_vector_axial_pp_xxj_NLO_eff/Events/run_13/events_PYTHIA8_0.hepmc.gz,17.87,20000,Axial,DM+QCDjets,200.0,110.0,1.0,0.25,atlas_exot_2018_06,EM1,29.5943553,28.9404329,0.0043129,0.0013098
/home/yoxara/Insync/DMSimp_vector_axial_pp_xxj_NLO_eff/Events/run_13/events_PYTHIA8_0.hepmc.gz,17.87,20000,Axial,DM+QCDjets,200.0,110.0,1.0,0.25,atlas_exot_2018_06,EM2,16.0046363,15.8295467,0.0031231,0.0011153
/home/yoxara/Insync/DMSimp_vector_axial_pp_xxj_NLO_eff/Events/run_13/events_PYTHIA8_0.hepmc.gz,17.87,20000,Axial,DM+QCDjets,200.0,110.0,1.0,0.25,atlas_exot_2018_06,EM3,12.9961554,15.6988053,0.0017847,0.0008436
/home/yoxara/Insync/DMSimp_vector_axial_pp_xxj_NLO_eff/Events/run_13/events_PYTHIA8_0.hepmc.gz,17.87,20000,Axial,DM+QCDjets,200.0,110.0,1.0,0.25,atlas_exot_2018_06,EM4,13.0784006,18.4595001,0.0013385,0.0007308
/home/yoxara/Insync/DMSimp_vector_axial_pp_xxj_NLO_eff/Events/run_13/events_PYTHIA8_0.hepmc.gz,17.87,20000,Axial,DM+QCDjets,200.0,110.0,1.0,0.25,atlas_exot_2018_06,EM5,8.2603918,10.0817032,0.0007436,0.0005448
/home/yoxara/Insync/DMSimp_vector_axial_pp_xxj_NLO_eff/Events/run_13/events_PYTHIA8_0.hepmc.gz,17.87,20000,Axial,DM+QCDjets,200.0,110.0,1.0,0.25,atlas_exot_2018_06,EM6,3.9084291,5.4243781,0.0007436,0.0005448
/home/yoxara/Insync/DMSimp_vector_axial_pp_xxj_NLO_eff/Events/run_13/events_PYTHIA8_0.hepmc.gz,17.87,20000,Axial,DM+QCDjets,200.0,110.0,1.0,0.25,atlas_exot_2018_06,EM7,-1.0,-1.0,0.0,0.0
/home/yoxara/Insync/DMSimp_vector_axial_pp_xxj_NLO_eff/Events/run_13/events_PYTHIA8_0.hepmc.gz,17.87,20000,Axial,DM+QCDjets,200.0,110.0,1.0,0.25,atlas_exot_2018_06,EM8,5.4596833,6.2484323,0.0001487,0.0002437
/home/yoxara/Insync/DMSimp_vector_axial_pp_xxj_NLO_eff/Events/run_13/events_PYTHIA8_0.hepmc.gz,17.87,20000,Axial,DM+QCDjets,200.0,110.0,1.0,0.25,atlas_exot_2018_06,EM9,-1.0,-1.0,0.0,0.0
/home/yoxara/Insync/DMSimp_vector_axial_pp_xxj_NLO_eff/Events/run_13/events_PYTHIA8_0.hepmc.gz,17.87,20000,Axial,DM+QCDjets,200.0,110.0,1.0,0.25,atlas_exot_2018_06,EM10,2.1157231,4.4895114,0.0001487,0.0002437
/home/yoxara/Insync/DMSimp_vector_axial_pp_xxj_NLO_eff/Events/run_13/events_PYTHIA8_0.hepmc.gz,17.87,20000,Axial,DM+QCDjets,200.0,110.0,1.0,0.25,atlas_exot_2018_06,EM11,1.478504,1.6606093,0.0001487,0.0002437
/home/yoxara/Insync/DMSimp_vector_axial_pp_xxj_NLO_eff/Events/run_13/events_PYTHIA8_0.hepmc.gz,17.87,20000,Axial,DM+QCDjets,200.0,110.0,1.0,0.25,atlas_exot_2018_06,EM12,-1.0,-1.0,0.0,0.0
/home/yoxara/Insync/DMSimp_vector_axial_pp_xxj_NLO_eff/Events/run_14/events_PYTHIA8_0.hepmc.gz,3.322,20000,Axial,DM+QCDjets,200.0,150.0,1.0,0.25,atlas_exot_2018_06,IM0,17.5797251,22.3174768,0.0322034,0.0081514
/home/yoxara/Insync/DMSimp_vector_axial_pp_xxj_NLO_eff/Events/run_14/events_PYTHIA8_0.hepmc.gz,3.322,20000,Axial,DM+QCDjets,200.0,150.0,1.0,0.25,atlas_exot_2018_06,IM1,10.0149759,12.62428,0.0224961,0.006847
/home/yoxara/Insync/DMSimp_vector_axial_pp_xxj_NLO_eff/Events/run_14/events_PYTHIA8_0.hepmc.gz,3.322,20000,Axial,DM+QCDjets,200.0,150.0,1.0,0.25,atlas_exot_2018_06,IM2,7.155287,9.8961865,0.0157165,0.0057428
/home/yoxara/Insync/DMSimp_vector_axial_pp_xxj_NLO_eff/Events/run_14/events_PYTHIA8_0.hepmc.gz,3.322,20000,Axial,DM+QCDjets,200.0,150.0,1.0,0.25,atlas_exot_2018_06,IM3,6.857485,10.078624,0.0083205,0.0041942
/home/yoxara/Insync/DMSimp_vector_axial_pp_xxj_NLO_eff/Events/run_14/events_PYTHIA8_0.hepmc.gz,3.322,20000,Axial,DM+QCDjets,200.0,150.0,1.0,0.25,atlas_exot_2018_06,IM4,6.1016222,9.687814,0.0053929,0.0033816
/home/yoxara/Insync/DMSimp_vector_axial_pp_xxj_NLO_eff/Events/run_14/events_PYTHIA8_0.hepmc.gz,3.322,20000,Axial,DM+QCDjets,200.0,150.0,1.0,0.25,atlas_exot_2018_06,IM5,7.1958864,10.9210575,0.0020031,0.0020644
/home/yoxara/Insync/DMSimp_vector_axial_pp_xxj_NLO_eff/Events/run_14/events_PYTHIA8_0.hepmc.gz,3.322,20000,Axial,DM+QCDjets,200.0,150.0,1.0,0.25,atlas_exot_2018_06,IM6,47.1878388,69.2286192,0.0001541,0.0005731
/home/yoxara/Insync/DMSimp_vector_axial_pp_xxj_NLO_eff/Events/run_14/events_PYTHIA8_0.hepmc.gz,3.322,20000,Axial,DM+QCDjets,200.0,150.0,1.0,0.25,atlas_exot_2018_06,IM7,23.1880159,27.4007702,0.0001541,0.0005731
/home/yoxara/Insync/DMSimp_vector_axial_pp_xxj_NLO_eff/Events/run_14/events_PYTHIA8_0.hepmc.gz,3.322,20000,Axial,DM+QCDjets,200.0,150.0,1.0,0.25,atlas_exot_2018_06,IM8,-1.0,-1.0,0.0,0.0
/home/yoxara/Insync/DMSimp_vector_axial_pp_xxj_NLO_eff/Events/run_14/events_PYTHIA8_0.hepmc.gz,3.322,20000,Axial,DM+QCDjets,200.0,150.0,1.0,0.25,atlas_exot_2018_06,IM9,-1.0,-1.0,0.0,0.0
/home/yoxara/Insync/DMSimp_vector_axial_pp_xxj_NLO_eff/Events/run_14/events_PYTHIA8_0.hepmc.gz,3.322,20000,Axial,DM+QCDjets,200.0,150.0,1.0,0.25,atlas_exot_2018_06,IM10,-1.0,-1.0,0.0,0.0
/home/yoxara/Insync/DMSimp_vector_axial_pp_xxj_NLO_eff/Events/run_14/events_PYTHIA8_0.hepmc.gz,3.322,20000,Axial,DM+QCDjets,200.0,150.0,1.0,0.25,atlas_exot_2018_06,IM11,-1.0,-1.0,0.0,0.0
/home/yoxara/Insync/DMSimp_vector_axial_pp_xxj_NLO_eff/Events/run_14/events_PYTHIA8_0.hepmc.gz,3.322,20000,Axial,DM+QCDjets,200.0,150.0,1.0,0.25,atlas_exot_2018_06,IM12,-1.0,-1.0,0.0,0.0
/home/yoxara/Insync/DMSimp_vector_axial_pp_xxj_NLO_eff/Events/run_14/events_PYTHIA8_0.hepmc.gz,3.322,20000,Axial,DM+QCDjets,200.0,150.0,1.0,0.25,atlas_exot_2018_06,EM0,37.919871,42.3040273,0.0097072,0.0045271
/home/yoxara/Insync/DMSimp_vector_axial_pp_xxj_NLO_eff/Events/run_14/events_PYTHIA8_0.hepmc.gz,3.322,20000,Axial,DM+QCDjets,200.0,150.0,1.0,0.25,atlas_exot_2018_06,EM1,18.8074865,18.3699018,0.0067797,0.0037889
/home/yoxara/Insync/DMSimp_vector_axial_pp_xxj_NLO_eff/Events/run_14/events_PYTHIA8_0.hepmc.gz,3.322,20000,Axial,DM+QCDjets,200.0,150.0,1.0,0.25,atlas_exot_2018_06,EM2,6.7633542,6.7043972,0.007396,0.0039562
/home/yoxara/Insync/DMSimp_vector_axial_pp_xxj_NLO_eff/Events/run_14/events_PYTHIA8_0.hepmc.gz,3.322,20000,Axial,DM+QCDjets,200.0,150.0,1.0,0.25,atlas_exot_2018_06,EM3,7.8877134,9.6156193,0.0029276,0.0024946
/home/yoxara/Insync/DMSimp_vector_axial_pp_xxj_NLO_eff/Events/run_14/events_PYTHIA8_0.hepmc.gz,3.322,20000,Axial,DM+QCDjets,200.0,150.0,1.0,0.25,atlas_exot_2018_06,EM4,5.1670719,7.2918772,0.0033898,0.0026837
/home/yoxara/Insync/DMSimp_vector_axial_pp_xxj_NLO_eff/Events/run_14/events_PYTHIA8_0.hepmc.gz,3.322,20000,Axial,DM+QCDjets,200.0,150.0,1.0,0.25,atlas_exot_2018_06,EM5,3.321724,4.0580918,0.001849,0.0019836
/home/yoxara/Insync/DMSimp_vector_axial_pp_xxj_NLO_eff/Events/run_14/events_PYTHIA8_0.hepmc.gz,3.322,20000,Axial,DM+QCDjets,200.0,150.0,1.0,0.25,atlas_exot_2018_06,EM6,-1.0,-1.0,0.0,0.0
/home/yoxara/Insync/DMSimp_vector_axial_pp_xxj_NLO_eff/Events/run_14/events_PYTHIA8_0.hepmc.gz,3.322,20000,Axial,DM+QCDjets,200.0,150.0,1.0,0.25,atlas_exot_2018_06,EM7,9.3182339,13.593756,0.0001541,0.0005731
/home/yoxara/Insync/DMSimp_vector_axial_pp_xxj_NLO_eff/Events/run_14/events_PYTHIA8_0.hepmc.gz,3.322,20000,Axial,DM+QCDjets,200.0,150.0,1.0,0.25,atlas_exot_2018_06,EM8,5.278817,6.0545497,0.0001541,0.0005731
/home/yoxara/Insync/DMSimp_vector_axial_pp_xxj_NLO_eff/Events/run_14/events_PYTHIA8_0.hepmc.gz,3.322,20000,Axial,DM+QCDjets,200.0,150.0,1.0,0.25,atlas_exot_2018_06,EM9,-1.0,-1.0,0.0,0.0
/home/yoxara/Insync/DMSimp_vector_axial_pp_xxj_NLO_eff/Events/run_14/events_PYTHIA8_0.hepmc.gz,3.322,20000,Axial,DM+QCDjets,200.0,150.0,1.0,0.25,atlas_exot_2018_06,EM10,-1.0,-1.0,0.0,0.0
/home/yoxara/Insync/DMSimp_vector_axial_pp_xxj_NLO_eff/Events/run_14/events_PYTHIA8_0.hepmc.gz,3.322,20000,Axial,DM+QCDjets,200.0,150.0,1.0,0.25,atlas_exot_2018_06,EM11,-1.0,-1.0,0.0,0.0
/home/yoxara/Insync/DMSimp_vector_axial_pp_xxj_NLO_eff/Events/run_14/events_PYTHIA8_0.hepmc.gz,3.322,20000,Axial,DM+QCDjets,200.0,150.0,1.0,0.25,atlas_exot_2018_06,EM12,-1.0,-1.0,0.0,0.0
/home/yoxara/Insync/DMSimp_vector_axial_pp_xxj_NLO_eff/Events/run_15/events_PYTHIA8_0.hepmc.gz,0.184,20000,Axial,DM+QCDjets,200.0,300.0,1.0,0.25,atlas_exot_2018_06,IM0,9.1604481,11.6058098,0.0617324,0.0462017
/home/yoxara/Insync/DMSimp_vector_axial_pp_xxj_NLO_eff/Events/run_15/events_PYTHIA8_0.hepmc.gz,0.184,20000,Axial,DM+QCDjets,200.0,300.0,1.0,0.25,atlas_exot_2018_06,IM1,4.7102972,5.9308478,0.0479961,0.0410356
/home/yoxara/Insync/DMSimp_vector_axial_pp_xxj_NLO_eff/Events/run_15/events_PYTHIA8_0.hepmc.gz,0.184,20000,Axial,DM+QCDjets,200.0,300.0,1.0,0.25,atlas_exot_2018_06,IM2,3.4397111,4.7307537,0.032967,0.0342767
/home/yoxara/Insync/DMSimp_vector_axial_pp_xxj_NLO_eff/Events/run_15/events_PYTHIA8_0.hepmc.gz,0.184,20000,Axial,DM+QCDjets,200.0,300.0,1.0,0.25,atlas_exot_2018_06,IM3,2.476104,3.6559422,0.0229476,0.0287453
/home/yoxara/Insync/DMSimp_vector_axial_pp_xxj_NLO_eff/Events/run_15/events_PYTHIA8_0.hepmc.gz,0.184,20000,Axial,DM+QCDjets,200.0,300.0,1.0,0.25,atlas_exot_2018_06,IM4,1.9796218,3.1444994,0.0166451,0.0245605
/home/yoxara/Insync/DMSimp_vector_axial_pp_xxj_NLO_eff/Events/run_15/events_PYTHIA8_0.hepmc.gz,0.184,20000,Axial,DM+QCDjets,200.0,300.0,1.0,0.25,atlas_exot_2018_06,IM5,1.9836166,3.0033288,0.0072721,0.0163111
/home/yoxara/Insync/DMSimp_vector_axial_pp_xxj_NLO_eff/Events/run_15/events_PYTHIA8_0.hepmc.gz,0.184,20000,Axial,DM+QCDjets,200.0,300.0,1.0,0.25,atlas_exot_2018_06,IM6,1.8820809,2.7495405,0.0038785,0.0119323
/home/yoxara/Insync/DMSimp_vector_axial_pp_xxj_NLO_eff/Events/run_15/events_PYTHIA8_0.hepmc.gz,0.184,20000,Axial,DM+QCDjets,200.0,300.0,1.0,0.25,atlas_exot_2018_06,IM7,1.5945556,1.8633136,0.0022624,0.0091209
/home/yoxara/Insync/DMSimp_vector_axial_pp_xxj_NLO_eff/Events/run_15/events_PYTHIA8_0.hepmc.gz,0.184,20000,Axial,DM+QCDjets,200.0,300.0,1.0,0.25,atlas_exot_2018_06,IM8,1.7679919,1.8992444,0.0011312,0.0064531
/home/yoxara/Insync/DMSimp_vector_axial_pp_xxj_NLO_eff/Events/run_15/events_PYTHIA8_0.hepmc.gz,0.184,20000,Axial,DM+QCDjets,200.0,300.0,1.0,0.25,atlas_exot_2018_06,IM9,1.5638284,1.4783001,0.000808,0.0054547
/home/yoxara/Insync/DMSimp_vector_axial_pp_xxj_NLO_eff/Events/run_15/events_PYTHIA8_0.hepmc.gz,0.184,20000,Axial,DM+QCDjets,200.0,300.0,1.0,0.25,atlas_exot_2018_06,IM10,2.8847089,4.4678937,0.0003232,0.0034507
/home/yoxara/Insync/DMSimp_vector_axial_pp_xxj_NLO_eff/Events/run_15/events_PYTHIA8_0.hepmc.gz,0.184,20000,Axial,DM+QCDjets,200.0,300.0,1.0,0.25,atlas_exot_2018_06,IM11,3.4824178,3.12222,0.0001616,0.0024402
/home/yoxara/Insync/DMSimp_vector_axial_pp_xxj_NLO_eff/Events/run_15/events_PYTHIA8_0.hepmc.gz,0.184,20000,Axial,DM+QCDjets,200.0,300.0,1.0,0.25,atlas_exot_2018_06,IM12,2.1498069,1.7247353,0.0001616,0.0024402
/home/yoxara/Insync/DMSimp_vector_axial_pp_xxj_NLO_eff/Events/run_15/events_PYTHIA8_0.hepmc.gz,0.184,20000,Axial,DM+QCDjets,200.0,300.0,1.0,0.25,atlas_exot_2018_06,EM0,26.7827432,29.8092284,0.0137363,0.0223444
/home/yoxara/Insync/DMSimp_vector_axial_pp_xxj_NLO_eff/Events/run_15/events_PYTHIA8_0.hepmc.gz,0.184,20000,Axial,DM+QCDjets,200.0,300.0,1.0,0.25,atlas_exot_2018_06,EM1,8.4829354,8.2647766,0.0150291,0.023357
/home/yoxara/Insync/DMSimp_vector_axial_pp_xxj_NLO_eff/Events/run_15/events_PYTHIA8_0.hepmc.gz,0.184,20000,Axial,DM+QCDjets,200.0,300.0,1.0,0.25,atlas_exot_2018_06,EM2,4.9908232,4.9607679,0.0100194,0.0191193
/home/yoxara/Insync/DMSimp_vector_axial_pp_xxj_NLO_eff/Events/run_15/events_PYTHIA8_0.hepmc.gz,0.184,20000,Axial,DM+QCDjets,200.0,300.0,1.0,0.25,atlas_exot_2018_06,EM3,3.6482465,4.452176,0.0063025,0.0151923
/home/yoxara/Insync/DMSimp_vector_axial_pp_xxj_NLO_eff/Events/run_15/events_PYTHIA8_0.hepmc.gz,0.184,20000,Axial,DM+QCDjets,200.0,300.0,1.0,0.25,atlas_exot_2018_06,EM4,1.8548101,2.6260705,0.009373,0.0184983
/home/yoxara/Insync/DMSimp_vector_axial_pp_xxj_NLO_eff/Events/run_15/events_PYTHIA8_0.hepmc.gz,0.184,20000,Axial,DM+QCDjets,200.0,300.0,1.0,0.25,atlas_exot_2018_06,EM5,1.8099674,2.2093496,0.0033937,0.0111644
/home/yoxara/Insync/DMSimp_vector_axial_pp_xxj_NLO_eff/Events/run_15/events_PYTHIA8_0.hepmc.gz,0.184,20000,Axial,DM+QCDjets,200.0,300.0,1.0,0.25,atlas_exot_2018_06,EM6,1.8008741,2.4918838,0.001616,0.007711
/home/yoxara/Insync/DMSimp_vector_axial_pp_xxj_NLO_eff/Events/run_15/events_PYTHIA8_0.hepmc.gz,0.184,20000,Axial,DM+QCDjets,200.0,300.0,1.0,0.25,atlas_exot_2018_06,EM7,1.2745699,1.8495192,0.0011312,0.0064531
/home/yoxara/Insync/DMSimp_vector_axial_pp_xxj_NLO_eff/Events/run_15/events_PYTHIA8_0.hepmc.gz,0.184,20000,Axial,DM+QCDjets,200.0,300.0,1.0,0.25,atlas_exot_2018_06,EM8,2.5209793,2.8839012,0.0003232,0.0034507
/home/yoxara/Insync/DMSimp_vector_axial_pp_xxj_NLO_eff/Events/run_15/events_PYTHIA8_0.hepmc.gz,0.184,20000,Axial,DM+QCDjets,200.0,300.0,1.0,0.25,atlas_exot_2018_06,EM9,1.0067213,0.8616822,0.0004848,0.0042259
/home/yoxara/Insync/DMSimp_vector_axial_pp_xxj_NLO_eff/Events/run_15/events_PYTHIA8_0.hepmc.gz,0.184,20000,Axial,DM+QCDjets,200.0,300.0,1.0,0.25,atlas_exot_2018_06,EM10,1.9311894,4.1442157,0.0001616,0.0024402
/home/yoxara/Insync/DMSimp_vector_axial_pp_xxj_NLO_eff/Events/run_15/events_PYTHIA8_0.hepmc.gz,0.184,20000,Axial,DM+QCDjets,200.0,300.0,1.0,0.25,atlas_exot_2018_06,EM11,-1.0,-1.0,0.0,0.0
/home/yoxara/Insync/DMSimp_vector_axial_pp_xxj_NLO_eff/Events/run_15/events_PYTHIA8_0.hepmc.gz,0.184,20000,Axial,DM+QCDjets,200.0,300.0,1.0,0.25,atlas_exot_2018_06,EM12,1.5735337,1.2571408,0.0001616,0.0024402
/home/yoxara/Insync/DMSimp_vector_axial_pp_xxj_NLO_eff/Events/run_16/events_PYTHIA8_0.hepmc.gz,0.021,20000,Axial,DM+QCDjets,200.0,500.0,1.0,0.25,atlas_exot_2018_06,IM0,6.3324742,8.0599081,0.0889098,0.1610754
/home/yoxara/Insync/DMSimp_vector_axial_pp_xxj_NLO_eff/Events/run_16/events_PYTHIA8_0.hepmc.gz,0.021,20000,Axial,DM+QCDjets,200.0,500.0,1.0,0.25,atlas_exot_2018_06,IM1,3.5813431,4.4962862,0.063305,0.1378136
/home/yoxara/Insync/DMSimp_vector_axial_pp_xxj_NLO_eff/Events/run_16/events_PYTHIA8_0.hepmc.gz,0.021,20000,Axial,DM+QCDjets,200.0,500.0,1.0,0.25,atlas_exot_2018_06,IM2,2.3567284,3.2351486,0.0480679,0.121061
/home/yoxara/Insync/DMSimp_vector_axial_pp_xxj_NLO_eff/Events/run_16/events_PYTHIA8_0.hepmc.gz,0.021,20000,Axial,DM+QCDjets,200.0,500.0,1.0,0.25,atlas_exot_2018_06,IM3,1.7074374,2.531409,0.0331448,0.1013123
/home/yoxara/Insync/DMSimp_vector_axial_pp_xxj_NLO_eff/Events/run_16/events_PYTHIA8_0.hepmc.gz,0.021,20000,Axial,DM+QCDjets,200.0,500.0,1.0,0.25,atlas_exot_2018_06,IM4,1.4144714,2.2481555,0.0232485,0.0852832
/home/yoxara/Insync/DMSimp_vector_axial_pp_xxj_NLO_eff/Events/run_16/events_PYTHIA8_0.hepmc.gz,0.021,20000,Axial,DM+QCDjets,200.0,500.0,1.0,0.25,atlas_exot_2018_06,IM5,1.0303385,1.5626748,0.0139805,0.0664474
/home/yoxara/Insync/DMSimp_vector_axial_pp_xxj_NLO_eff/Events/run_16/events_PYTHIA8_0.hepmc.gz,0.021,20000,Axial,DM+QCDjets,200.0,500.0,1.0,0.25,atlas_exot_2018_06,IM6,1.1257081,1.659672,0.0064405,0.045272
/home/yoxara/Insync/DMSimp_vector_axial_pp_xxj_NLO_eff/Events/run_16/events_PYTHIA8_0.hepmc.gz,0.021,20000,Axial,DM+QCDjets,200.0,500.0,1.0,0.25,atlas_exot_2018_06,IM7,0.791688,0.9243491,0.0045555,0.0381108
/home/yoxara/Insync/DMSimp_vector_axial_pp_xxj_NLO_eff/Events/run_16/events_PYTHIA8_0.hepmc.gz,0.021,20000,Axial,DM+QCDjets,200.0,500.0,1.0,0.25,atlas_exot_2018_06,IM8,0.6080191,0.6494691,0.0032988,0.0324513
/home/yoxara/Insync/DMSimp_vector_axial_pp_xxj_NLO_eff/Events/run_16/events_PYTHIA8_0.hepmc.gz,0.021,20000,Axial,DM+QCDjets,200.0,500.0,1.0,0.25,atlas_exot_2018_06,IM9,0.6180997,0.5849056,0.0020421,0.0255487
/home/yoxara/Insync/DMSimp_vector_axial_pp_xxj_NLO_eff/Events/run_16/events_PYTHIA8_0.hepmc.gz,0.021,20000,Axial,DM+QCDjets,200.0,500.0,1.0,0.25,atlas_exot_2018_06,IM10,0.7428241,1.146476,0.0012567,0.0200499
/home/yoxara/Insync/DMSimp_vector_axial_pp_xxj_NLO_eff/Events/run_16/events_PYTHIA8_0.hepmc.gz,0.021,20000,Axial,DM+QCDjets,200.0,500.0,1.0,0.25,atlas_exot_2018_06,IM11,1.1990249,1.065705,0.0004713,0.0122828
/home/yoxara/Insync/DMSimp_vector_axial_pp_xxj_NLO_eff/Events/run_16/events_PYTHIA8_0.hepmc.gz,0.021,20000,Axial,DM+QCDjets,200.0,500.0,1.0,0.25,atlas_exot_2018_06,IM12,0.5525191,0.4421653,0.0006283,0.0141819
/home/yoxara/Insync/DMSimp_vector_axial_pp_xxj_NLO_eff/Events/run_16/events_PYTHIA8_0.hepmc.gz,0.021,20000,Axial,DM+QCDjets,200.0,500.0,1.0,0.25,atlas_exot_2018_06,EM0,14.3979891,16.0320825,0.0256048,0.0893926
/home/yoxara/Insync/DMSimp_vector_axial_pp_xxj_NLO_eff/Events/run_16/events_PYTHIA8_0.hepmc.gz,0.021,20000,Axial,DM+QCDjets,200.0,500.0,1.0,0.25,atlas_exot_2018_06,EM1,8.3518132,8.1964616,0.0152372,0.0693253
/home/yoxara/Insync/DMSimp_vector_axial_pp_xxj_NLO_eff/Events/run_16/events_PYTHIA8_0.hepmc.gz,0.021,20000,Axial,DM+QCDjets,200.0,500.0,1.0,0.25,atlas_exot_2018_06,EM2,3.3531291,3.3152487,0.014923,0.0686179
/home/yoxara/Insync/DMSimp_vector_axial_pp_xxj_NLO_eff/Events/run_16/events_PYTHIA8_0.hepmc.gz,0.021,20000,Axial,DM+QCDjets,200.0,500.0,1.0,0.25,atlas_exot_2018_06,EM3,2.3433241,2.8415172,0.0098963,0.056021
/home/yoxara/Insync/DMSimp_vector_axial_pp_xxj_NLO_eff/Events/run_16/events_PYTHIA8_0.hepmc.gz,0.021,20000,Axial,DM+QCDjets,200.0,500.0,1.0,0.25,atlas_exot_2018_06,EM4,1.8896352,2.6737547,0.009268,0.0542306
/home/yoxara/Insync/DMSimp_vector_axial_pp_xxj_NLO_eff/Events/run_16/events_PYTHIA8_0.hepmc.gz,0.021,20000,Axial,DM+QCDjets,200.0,500.0,1.0,0.25,atlas_exot_2018_06,EM5,0.8132995,0.9945472,0.0075401,0.0489573
/home/yoxara/Insync/DMSimp_vector_axial_pp_xxj_NLO_eff/Events/run_16/events_PYTHIA8_0.hepmc.gz,0.021,20000,Axial,DM+QCDjets,200.0,500.0,1.0,0.25,atlas_exot_2018_06,EM6,1.5410636,2.1349521,0.001885,0.0245483
/home/yoxara/Insync/DMSimp_vector_axial_pp_xxj_NLO_eff/Events/run_16/events_PYTHIA8_0.hepmc.gz,0.021,20000,Axial,DM+QCDjets,200.0,500.0,1.0,0.25,atlas_exot_2018_06,EM7,1.1455345,1.6680247,0.0012567,0.0200499
/home/yoxara/Insync/DMSimp_vector_axial_pp_xxj_NLO_eff/Events/run_16/events_PYTHIA8_0.hepmc.gz,0.021,20000,Axial,DM+QCDjets,200.0,500.0,1.0,0.25,atlas_exot_2018_06,EM8,0.6436635,0.7433543,0.0012567,0.0200499
/home/yoxara/Insync/DMSimp_vector_axial_pp_xxj_NLO_eff/Events/run_16/events_PYTHIA8_0.hepmc.gz,0.021,20000,Axial,DM+QCDjets,200.0,500.0,1.0,0.25,atlas_exot_2018_06,EM9,0.6236441,0.5293233,0.0007854,0.0158546
/home/yoxara/Insync/DMSimp_vector_axial_pp_xxj_NLO_eff/Events/run_16/events_PYTHIA8_0.hepmc.gz,0.021,20000,Axial,DM+QCDjets,200.0,500.0,1.0,0.25,atlas_exot_2018_06,EM10,0.3989592,0.8482897,0.0007854,0.0158546
/home/yoxara/Insync/DMSimp_vector_axial_pp_xxj_NLO_eff/Events/run_16/events_PYTHIA8_0.hepmc.gz,0.021,20000,Axial,DM+QCDjets,200.0,500.0,1.0,0.25,atlas_exot_2018_06,EM11,-1.0,-1.0,0.0,0.0
/home/yoxara/Insync/DMSimp_vector_axial_pp_xxj_NLO_eff/Events/run_16/events_PYTHIA8_0.hepmc.gz,0.021,20000,Axial,DM+QCDjets,200.0,500.0,1.0,0.25,atlas_exot_2018_06,EM12,0.4043031,0.3274248,0.0006283,0.0141819
/home/yoxara/Insync/DMSimp_vector_axial_pp_xxj_NLO_eff/Events/run_17/events_PYTHIA8_0.hepmc.gz,794.9,20000,Axial,DM+QCDjets,300.0,0.0,1.0,0.25,atlas_exot_2018_06,IM0,30.8034817,39.1514558,0.0183278,0.0003968
/home/yoxara/Insync/DMSimp_vector_axial_pp_xxj_NLO_eff/Events/run_17/events_PYTHIA8_0.hepmc.gz,794.9,20000,Axial,DM+QCDjets,300.0,0.0,1.0,0.25,atlas_exot_2018_06,IM1,18.9664778,23.8002345,0.0119661,0.0003217
/home/yoxara/Insync/DMSimp_vector_axial_pp_xxj_NLO_eff/Events/run_17/events_PYTHIA8_0.hepmc.gz,794.9,20000,Axial,DM+QCDjets,300.0,0.0,1.0,0.25,atlas_exot_2018_06,IM2,14.9022385,20.4629195,0.0075735,0.0002565
/home/yoxara/Insync/DMSimp_vector_axial_pp_xxj_NLO_eff/Events/run_17/events_PYTHIA8_0.hepmc.gz,794.9,20000,Axial,DM+QCDjets,300.0,0.0,1.0,0.25,atlas_exot_2018_06,IM3,11.050256,16.3070864,0.00515,0.0002117
/home/yoxara/Insync/DMSimp_vector_axial_pp_xxj_NLO_eff/Events/run_17/events_PYTHIA8_0.hepmc.gz,794.9,20000,Axial,DM+QCDjets,300.0,0.0,1.0,0.25,atlas_exot_2018_06,IM4,14.4613545,23.0217117,0.002272,0.0001408
/home/yoxara/Insync/DMSimp_vector_axial_pp_xxj_NLO_eff/Events/run_17/events_PYTHIA8_0.hepmc.gz,794.9,20000,Axial,DM+QCDjets,300.0,0.0,1.0,0.25,atlas_exot_2018_06,IM5,31.8727955,48.0890821,0.0004544,6.3e-05
/home/yoxara/Insync/DMSimp_vector_axial_pp_xxj_NLO_eff/Events/run_17/events_PYTHIA8_0.hepmc.gz,794.9,20000,Axial,DM+QCDjets,300.0,0.0,1.0,0.25,atlas_exot_2018_06,IM6,47.9867759,70.3881949,0.0001515,3.64e-05
/home/yoxara/Insync/DMSimp_vector_axial_pp_xxj_NLO_eff/Events/run_17/events_PYTHIA8_0.hepmc.gz,794.9,20000,Axial,DM+QCDjets,300.0,0.0,1.0,0.25,atlas_exot_2018_06,IM7,-1.0,-1.0,0.0,0.0
/home/yoxara/Insync/DMSimp_vector_axial_pp_xxj_NLO_eff/Events/run_17/events_PYTHIA8_0.hepmc.gz,794.9,20000,Axial,DM+QCDjets,300.0,0.0,1.0,0.25,atlas_exot_2018_06,IM8,-1.0,-1.0,0.0,0.0
/home/yoxara/Insync/DMSimp_vector_axial_pp_xxj_NLO_eff/Events/run_17/events_PYTHIA8_0.hepmc.gz,794.9,20000,Axial,DM+QCDjets,300.0,0.0,1.0,0.25,atlas_exot_2018_06,IM9,-1.0,-1.0,0.0,0.0
/home/yoxara/Insync/DMSimp_vector_axial_pp_xxj_NLO_eff/Events/run_17/events_PYTHIA8_0.hepmc.gz,794.9,20000,Axial,DM+QCDjets,300.0,0.0,1.0,0.25,atlas_exot_2018_06,IM10,-1.0,-1.0,0.0,0.0
/home/yoxara/Insync/DMSimp_vector_axial_pp_xxj_NLO_eff/Events/run_17/events_PYTHIA8_0.hepmc.gz,794.9,20000,Axial,DM+QCDjets,300.0,0.0,1.0,0.25,atlas_exot_2018_06,IM11,-1.0,-1.0,0.0,0.0
/home/yoxara/Insync/DMSimp_vector_axial_pp_xxj_NLO_eff/Events/run_17/events_PYTHIA8_0.hepmc.gz,794.9,20000,Axial,DM+QCDjets,300.0,0.0,1.0,0.25,atlas_exot_2018_06,IM12,-1.0,-1.0,0.0,0.0
/home/yoxara/Insync/DMSimp_vector_axial_pp_xxj_NLO_eff/Events/run_17/events_PYTHIA8_0.hepmc.gz,794.9,20000,Axial,DM+QCDjets,300.0,0.0,1.0,0.25,atlas_exot_2018_06,EM0,57.7436223,64.5889212,0.0063617,0.0002352
/home/yoxara/Insync/DMSimp_vector_axial_pp_xxj_NLO_eff/Events/run_17/events_PYTHIA8_0.hepmc.gz,794.9,20000,Axial,DM+QCDjets,300.0,0.0,1.0,0.25,atlas_exot_2018_06,EM1,28.9987828,28.2087492,0.0043926,0.0001956
/home/yoxara/Insync/DMSimp_vector_axial_pp_xxj_NLO_eff/Events/run_17/events_PYTHIA8_0.hepmc.gz,794.9,20000,Axial,DM+QCDjets,300.0,0.0,1.0,0.25,atlas_exot_2018_06,EM2,20.6296093,20.5104812,0.0024235,0.0001455
/home/yoxara/Insync/DMSimp_vector_axial_pp_xxj_NLO_eff/Events/run_17/events_PYTHIA8_0.hepmc.gz,794.9,20000,Axial,DM+QCDjets,300.0,0.0,1.0,0.25,atlas_exot_2018_06,EM3,8.0750213,9.7498851,0.0028779,0.0001585
/home/yoxara/Insync/DMSimp_vector_axial_pp_xxj_NLO_eff/Events/run_17/events_PYTHIA8_0.hepmc.gz,794.9,20000,Axial,DM+QCDjets,300.0,0.0,1.0,0.25,atlas_exot_2018_06,EM4,9.6695478,13.5698039,0.0018176,0.000126
/home/yoxara/Insync/DMSimp_vector_axial_pp_xxj_NLO_eff/Events/run_17/events_PYTHIA8_0.hepmc.gz,794.9,20000,Axial,DM+QCDjets,300.0,0.0,1.0,0.25,atlas_exot_2018_06,EM5,20.3297449,24.6380254,0.0003029,5.15e-05
/home/yoxara/Insync/DMSimp_vector_axial_pp_xxj_NLO_eff/Events/run_17/events_PYTHIA8_0.hepmc.gz,794.9,20000,Axial,DM+QCDjets,300.0,0.0,1.0,0.25,atlas_exot_2018_06,EM6,19.2519411,26.6545671,0.0001515,3.64e-05
/home/yoxara/Insync/DMSimp_vector_axial_pp_xxj_NLO_eff/Events/run_17/events_PYTHIA8_0.hepmc.gz,794.9,20000,Axial,DM+QCDjets,300.0,0.0,1.0,0.25,atlas_exot_2018_06,EM7,-1.0,-1.0,0.0,0.0
/home/yoxara/Insync/DMSimp_vector_axial_pp_xxj_NLO_eff/Events/run_17/events_PYTHIA8_0.hepmc.gz,794.9,20000,Axial,DM+QCDjets,300.0,0.0,1.0,0.25,atlas_exot_2018_06,EM8,-1.0,-1.0,0.0,0.0
/home/yoxara/Insync/DMSimp_vector_axial_pp_xxj_NLO_eff/Events/run_17/events_PYTHIA8_0.hepmc.gz,794.9,20000,Axial,DM+QCDjets,300.0,0.0,1.0,0.25,atlas_exot_2018_06,EM9,-1.0,-1.0,0.0,0.0
/home/yoxara/Insync/DMSimp_vector_axial_pp_xxj_NLO_eff/Events/run_17/events_PYTHIA8_0.hepmc.gz,794.9,20000,Axial,DM+QCDjets,300.0,0.0,1.0,0.25,atlas_exot_2018_06,EM10,-1.0,-1.0,0.0,0.0
/home/yoxara/Insync/DMSimp_vector_axial_pp_xxj_NLO_eff/Events/run_17/events_PYTHIA8_0.hepmc.gz,794.9,20000,Axial,DM+QCDjets,300.0,0.0,1.0,0.25,atlas_exot_2018_06,EM11,-1.0,-1.0,0.0,0.0
/home/yoxara/Insync/DMSimp_vector_axial_pp_xxj_NLO_eff/Events/run_17/events_PYTHIA8_0.hepmc.gz,794.9,20000,Axial,DM+QCDjets,300.0,0.0,1.0,0.25,atlas_exot_2018_06,EM12,-1.0,-1.0,0.0,0.0
/home/yoxara/Insync/DMSimp_vector_axial_pp_xxj_NLO_eff/Events/run_18/events_PYTHIA8_0.hepmc.gz,715.2,20000,Axial,DM+QCDjets,300.0,50.0,1.0,0.25,atlas_exot_2018_06,IM0,36.0814907,46.0061113,0.0156016,0.0003892
/home/yoxara/Insync/DMSimp_vector_axial_pp_xxj_NLO_eff/Events/run_18/events_PYTHIA8_0.hepmc.gz,715.2,20000,Axial,DM+QCDjets,300.0,50.0,1.0,0.25,atlas_exot_2018_06,IM1,26.9294959,33.7881209,0.0084008,0.0002866
/home/yoxara/Insync/DMSimp_vector_axial_pp_xxj_NLO_eff/Events/run_18/events_PYTHIA8_0.hepmc.gz,715.2,20000,Axial,DM+QCDjets,300.0,50.0,1.0,0.25,atlas_exot_2018_06,IM2,19.3474109,26.6096031,0.0058506,0.0002395
/home/yoxara/Insync/DMSimp_vector_axial_pp_xxj_NLO_eff/Events/run_18/events_PYTHIA8_0.hepmc.gz,715.2,20000,Axial,DM+QCDjets,300.0,50.0,1.0,0.25,atlas_exot_2018_06,IM3,16.5458472,24.3273694,0.0034503,0.0001842
/home/yoxara/Insync/DMSimp_vector_axial_pp_xxj_NLO_eff/Events/run_18/events_PYTHIA8_0.hepmc.gz,715.2,20000,Axial,DM+QCDjets,300.0,50.0,1.0,0.25,atlas_exot_2018_06,IM4,16.885316,26.8544837,0.0019502,0.0001386
/home/yoxara/Insync/DMSimp_vector_axial_pp_xxj_NLO_eff/Events/run_18/events_PYTHIA8_0.hepmc.gz,715.2,20000,Axial,DM+QCDjets,300.0,50.0,1.0,0.25,atlas_exot_2018_06,IM5,13.7779136,20.8278681,0.0010501,0.0001017
/home/yoxara/Insync/DMSimp_vector_axial_pp_xxj_NLO_eff/Events/run_18/events_PYTHIA8_0.hepmc.gz,715.2,20000,Axial,DM+QCDjets,300.0,50.0,1.0,0.25,atlas_exot_2018_06,IM6,12.1732426,17.7775258,0.0006001,7.69e-05
/home/yoxara/Insync/DMSimp_vector_axial_pp_xxj_NLO_eff/Events/run_18/events_PYTHIA8_0.hepmc.gz,715.2,20000,Axial,DM+QCDjets,300.0,50.0,1.0,0.25,atlas_exot_2018_06,IM7,11.9423411,14.1540169,0.0003,5.44e-05
/home/yoxara/Insync/DMSimp_vector_axial_pp_xxj_NLO_eff/Events/run_18/events_PYTHIA8_0.hepmc.gz,715.2,20000,Axial,DM+QCDjets,300.0,50.0,1.0,0.25,atlas_exot_2018_06,IM8,-1.0,-1.0,0.0,0.0
/home/yoxara/Insync/DMSimp_vector_axial_pp_xxj_NLO_eff/Events/run_18/events_PYTHIA8_0.hepmc.gz,715.2,20000,Axial,DM+QCDjets,300.0,50.0,1.0,0.25,atlas_exot_2018_06,IM9,-1.0,-1.0,0.0,0.0
/home/yoxara/Insync/DMSimp_vector_axial_pp_xxj_NLO_eff/Events/run_18/events_PYTHIA8_0.hepmc.gz,715.2,20000,Axial,DM+QCDjets,300.0,50.0,1.0,0.25,atlas_exot_2018_06,IM10,-1.0,-1.0,0.0,0.0
/home/yoxara/Insync/DMSimp_vector_axial_pp_xxj_NLO_eff/Events/run_18/events_PYTHIA8_0.hepmc.gz,715.2,20000,Axial,DM+QCDjets,300.0,50.0,1.0,0.25,atlas_exot_2018_06,IM11,-1.0,-1.0,0.0,0.0
/home/yoxara/Insync/DMSimp_vector_axial_pp_xxj_NLO_eff/Events/run_18/events_PYTHIA8_0.hepmc.gz,715.2,20000,Axial,DM+QCDjets,300.0,50.0,1.0,0.25,atlas_exot_2018_06,IM12,-1.0,-1.0,0.0,0.0
/home/yoxara/Insync/DMSimp_vector_axial_pp_xxj_NLO_eff/Events/run_18/events_PYTHIA8_0.hepmc.gz,715.2,20000,Axial,DM+QCDjets,300.0,50.0,1.0,0.25,atlas_exot_2018_06,EM0,51.0024618,57.0290636,0.0072007,0.0002655
/home/yoxara/Insync/DMSimp_vector_axial_pp_xxj_NLO_eff/Events/run_18/events_PYTHIA8_0.hepmc.gz,715.2,20000,Axial,DM+QCDjets,300.0,50.0,1.0,0.25,atlas_exot_2018_06,EM1,49.9397928,48.8408305,0.0025503,0.0001584
/home/yoxara/Insync/DMSimp_vector_axial_pp_xxj_NLO_eff/Events/run_18/events_PYTHIA8_0.hepmc.gz,715.2,20000,Axial,DM+QCDjets,300.0,50.0,1.0,0.25,atlas_exot_2018_06,EM2,20.8789148,20.6469527,0.0024002,0.0001537
/home/yoxara/Insync/DMSimp_vector_axial_pp_xxj_NLO_eff/Events/run_18/events_PYTHIA8_0.hepmc.gz,715.2,20000,Axial,DM+QCDjets,300.0,50.0,1.0,0.25,atlas_exot_2018_06,EM3,15.4988335,18.6854564,0.0015002,0.0001215
/home/yoxara/Insync/DMSimp_vector_axial_pp_xxj_NLO_eff/Events/run_18/events_PYTHIA8_0.hepmc.gz,715.2,20000,Axial,DM+QCDjets,300.0,50.0,1.0,0.25,atlas_exot_2018_06,EM4,19.4566286,27.3710918,0.0009001,9.42e-05
/home/yoxara/Insync/DMSimp_vector_axial_pp_xxj_NLO_eff/Events/run_18/events_PYTHIA8_0.hepmc.gz,715.2,20000,Axial,DM+QCDjets,300.0,50.0,1.0,0.25,atlas_exot_2018_06,EM5,13.6550996,16.633558,0.00045,6.66e-05
/home/yoxara/Insync/DMSimp_vector_axial_pp_xxj_NLO_eff/Events/run_18/events_PYTHIA8_0.hepmc.gz,715.2,20000,Axial,DM+QCDjets,300.0,50.0,1.0,0.25,atlas_exot_2018_06,EM6,9.7148201,13.465427,0.0003,5.44e-05
/home/yoxara/Insync/DMSimp_vector_axial_pp_xxj_NLO_eff/Events/run_18/events_PYTHIA8_0.hepmc.gz,715.2,20000,Axial,DM+QCDjets,300.0,50.0,1.0,0.25,atlas_exot_2018_06,EM7,4.7923435,6.9875019,0.0003,5.44e-05
/home/yoxara/Insync/DMSimp_vector_axial_pp_xxj_NLO_eff/Events/run_18/events_PYTHIA8_0.hepmc.gz,715.2,20000,Axial,DM+QCDjets,300.0,50.0,1.0,0.25,atlas_exot_2018_06,EM8,-1.0,-1.0,0.0,0.0
/home/yoxara/Insync/DMSimp_vector_axial_pp_xxj_NLO_eff/Events/run_18/events_PYTHIA8_0.hepmc.gz,715.2,20000,Axial,DM+QCDjets,300.0,50.0,1.0,0.25,atlas_exot_2018_06,EM9,-1.0,-1.0,0.0,0.0
/home/yoxara/Insync/DMSimp_vector_axial_pp_xxj_NLO_eff/Events/run_18/events_PYTHIA8_0.hepmc.gz,715.2,20000,Axial,DM+QCDjets,300.0,50.0,1.0,0.25,atlas_exot_2018_06,EM10,-1.0,-1.0,0.0,0.0
/home/yoxara/Insync/DMSimp_vector_axial_pp_xxj_NLO_eff/Events/run_18/events_PYTHIA8_0.hepmc.gz,715.2,20000,Axial,DM+QCDjets,300.0,50.0,1.0,0.25,atlas_exot_2018_06,EM11,-1.0,-1.0,0.0,0.0
/home/yoxara/Insync/DMSimp_vector_axial_pp_xxj_NLO_eff/Events/run_18/events_PYTHIA8_0.hepmc.gz,715.2,20000,Axial,DM+QCDjets,300.0,50.0,1.0,0.25,atlas_exot_2018_06,EM12,-1.0,-1.0,0.0,0.0
/home/yoxara/Insync/DMSimp_vector_axial_pp_xxj_NLO_eff/Events/run_19/events_PYTHIA8_0.hepmc.gz,466.6,20000,Axial,DM+QCDjets,300.0,100.0,1.0,0.25,atlas_exot_2018_06,IM0,26.3238994,33.2607061,0.021529,0.0005668
/home/yoxara/Insync/DMSimp_vector_axial_pp_xxj_NLO_eff/Events/run_19/events_PYTHIA8_0.hepmc.gz,466.6,20000,Axial,DM+QCDjets,300.0,100.0,1.0,0.25,atlas_exot_2018_06,IM1,16.3939213,20.6845801,0.0137668,0.0004551
/home/yoxara/Insync/DMSimp_vector_axial_pp_xxj_NLO_eff/Events/run_19/events_PYTHIA8_0.hepmc.gz,466.6,20000,Axial,DM+QCDjets,300.0,100.0,1.0,0.25,atlas_exot_2018_06,IM2,13.3505224,18.3013585,0.0084944,0.0003584
/home/yoxara/Insync/DMSimp_vector_axial_pp_xxj_NLO_eff/Events/run_19/events_PYTHIA8_0.hepmc.gz,466.6,20000,Axial,DM+QCDjets,300.0,100.0,1.0,0.25,atlas_exot_2018_06,IM3,11.3760554,16.8737589,0.0049795,0.0002749
/home/yoxara/Insync/DMSimp_vector_axial_pp_xxj_NLO_eff/Events/run_19/events_PYTHIA8_0.hepmc.gz,466.6,20000,Axial,DM+QCDjets,300.0,100.0,1.0,0.25,atlas_exot_2018_06,IM4,9.7609281,15.533339,0.0033685,0.0002263
/home/yoxara/Insync/DMSimp_vector_axial_pp_xxj_NLO_eff/Events/run_19/events_PYTHIA8_0.hepmc.gz,466.6,20000,Axial,DM+QCDjets,300.0,100.0,1.0,0.25,atlas_exot_2018_06,IM5,19.7194645,29.8615207,0.0007323,0.0001056
/home/yoxara/Insync/DMSimp_vector_axial_pp_xxj_NLO_eff/Events/run_19/events_PYTHIA8_0.hepmc.gz,466.6,20000,Axial,DM+QCDjets,300.0,100.0,1.0,0.25,atlas_exot_2018_06,IM6,49.9607167,72.7581349,0.0001465,4.73e-05
/home/yoxara/Insync/DMSimp_vector_axial_pp_xxj_NLO_eff/Events/run_19/events_PYTHIA8_0.hepmc.gz,466.6,20000,Axial,DM+QCDjets,300.0,100.0,1.0,0.25,atlas_exot_2018_06,IM7,24.5848071,28.8884681,0.0001465,4.73e-05
/home/yoxara/Insync/DMSimp_vector_axial_pp_xxj_NLO_eff/Events/run_19/events_PYTHIA8_0.hepmc.gz,466.6,20000,Axial,DM+QCDjets,300.0,100.0,1.0,0.25,atlas_exot_2018_06,IM8,13.695689,14.6175366,0.0001465,4.73e-05
/home/yoxara/Insync/DMSimp_vector_axial_pp_xxj_NLO_eff/Events/run_19/events_PYTHIA8_0.hepmc.gz,466.6,20000,Axial,DM+QCDjets,300.0,100.0,1.0,0.25,atlas_exot_2018_06,IM9,8.6390087,8.1595231,0.0001465,4.73e-05
/home/yoxara/Insync/DMSimp_vector_axial_pp_xxj_NLO_eff/Events/run_19/events_PYTHIA8_0.hepmc.gz,466.6,20000,Axial,DM+QCDjets,300.0,100.0,1.0,0.25,atlas_exot_2018_06,IM10,-1.0,-1.0,0.0,0.0
/home/yoxara/Insync/DMSimp_vector_axial_pp_xxj_NLO_eff/Events/run_19/events_PYTHIA8_0.hepmc.gz,466.6,20000,Axial,DM+QCDjets,300.0,100.0,1.0,0.25,atlas_exot_2018_06,IM11,-1.0,-1.0,0.0,0.0
/home/yoxara/Insync/DMSimp_vector_axial_pp_xxj_NLO_eff/Events/run_19/events_PYTHIA8_0.hepmc.gz,466.6,20000,Axial,DM+QCDjets,300.0,100.0,1.0,0.25,atlas_exot_2018_06,IM12,-1.0,-1.0,0.0,0.0
/home/yoxara/Insync/DMSimp_vector_axial_pp_xxj_NLO_eff/Events/run_19/events_PYTHIA8_0.hepmc.gz,466.6,20000,Axial,DM+QCDjets,300.0,100.0,1.0,0.25,atlas_exot_2018_06,EM0,47.3920523,52.8711771,0.0077622,0.0003427
/home/yoxara/Insync/DMSimp_vector_axial_pp_xxj_NLO_eff/Events/run_19/events_PYTHIA8_0.hepmc.gz,466.6,20000,Axial,DM+QCDjets,300.0,100.0,1.0,0.25,atlas_exot_2018_06,EM1,24.2362505,23.5373484,0.0052724,0.0002828
/home/yoxara/Insync/DMSimp_vector_axial_pp_xxj_NLO_eff/Events/run_19/events_PYTHIA8_0.hepmc.gz,466.6,20000,Axial,DM+QCDjets,300.0,100.0,1.0,0.25,atlas_exot_2018_06,EM2,14.2500163,14.1296426,0.0035149,0.0002311
/home/yoxara/Insync/DMSimp_vector_axial_pp_xxj_NLO_eff/Events/run_19/events_PYTHIA8_0.hepmc.gz,466.6,20000,Axial,DM+QCDjets,300.0,100.0,1.0,0.25,atlas_exot_2018_06,EM3,14.3280201,17.3732144,0.001611,0.0001566
/home/yoxara/Insync/DMSimp_vector_axial_pp_xxj_NLO_eff/Events/run_19/events_PYTHIA8_0.hepmc.gz,466.6,20000,Axial,DM+QCDjets,300.0,100.0,1.0,0.25,atlas_exot_2018_06,EM4,6.6414855,9.3592173,0.0026362,0.0002003
/home/yoxara/Insync/DMSimp_vector_axial_pp_xxj_NLO_eff/Events/run_19/events_PYTHIA8_0.hepmc.gz,466.6,20000,Axial,DM+QCDjets,300.0,100.0,1.0,0.25,atlas_exot_2018_06,EM5,10.4907162,12.7937809,0.0005858,9.45e-05
/home/yoxara/Insync/DMSimp_vector_axial_pp_xxj_NLO_eff/Events/run_19/events_PYTHIA8_0.hepmc.gz,466.6,20000,Axial,DM+QCDjets,300.0,100.0,1.0,0.25,atlas_exot_2018_06,EM6,-1.0,-1.0,0.0,0.0
/home/yoxara/Insync/DMSimp_vector_axial_pp_xxj_NLO_eff/Events/run_19/events_PYTHIA8_0.hepmc.gz,466.6,20000,Axial,DM+QCDjets,300.0,100.0,1.0,0.25,atlas_exot_2018_06,EM7,-1.0,-1.0,0.0,0.0
/home/yoxara/Insync/DMSimp_vector_axial_pp_xxj_NLO_eff/Events/run_19/events_PYTHIA8_0.hepmc.gz,466.6,20000,Axial,DM+QCDjets,300.0,100.0,1.0,0.25,atlas_exot_2018_06,EM8,-1.0,-1.0,0.0,0.0
/home/yoxara/Insync/DMSimp_vector_axial_pp_xxj_NLO_eff/Events/run_19/events_PYTHIA8_0.hepmc.gz,466.6,20000,Axial,DM+QCDjets,300.0,100.0,1.0,0.25,atlas_exot_2018_06,EM9,3.3429971,2.8683231,0.0001465,4.73e-05
/home/yoxara/Insync/DMSimp_vector_axial_pp_xxj_NLO_eff/Events/run_19/events_PYTHIA8_0.hepmc.gz,466.6,20000,Axial,DM+QCDjets,300.0,100.0,1.0,0.25,atlas_exot_2018_06,EM10,-1.0,-1.0,0.0,0.0
/home/yoxara/Insync/DMSimp_vector_axial_pp_xxj_NLO_eff/Events/run_19/events_PYTHIA8_0.hepmc.gz,466.6,20000,Axial,DM+QCDjets,300.0,100.0,1.0,0.25,atlas_exot_2018_06,EM11,-1.0,-1.0,0.0,0.0
/home/yoxara/Insync/DMSimp_vector_axial_pp_xxj_NLO_eff/Events/run_19/events_PYTHIA8_0.hepmc.gz,466.6,20000,Axial,DM+QCDjets,300.0,100.0,1.0,0.25,atlas_exot_2018_06,EM12,-1.0,-1.0,0.0,0.0
/home/yoxara/Insync/DMSimp_vector_axial_pp_xxj_NLO_eff/Events/run_20/events_PYTHIA8_0.hepmc.gz,15.55,20000,Axial,DM+QCDjets,300.0,150.0,1.0,0.25,atlas_exot_2018_06,IM0,22.5962235,28.5911249,0.0250513,0.0033199
/home/yoxara/Insync/DMSimp_vector_axial_pp_xxj_NLO_eff/Events/run_20/events_PYTHIA8_0.hepmc.gz,15.55,20000,Axial,DM+QCDjets,300.0,150.0,1.0,0.25,atlas_exot_2018_06,IM1,13.1232127,16.4261354,0.0172869,0.0027688
/home/yoxara/Insync/DMSimp_vector_axial_pp_xxj_NLO_eff/Events/run_20/events_PYTHIA8_0.hepmc.gz,15.55,20000,Axial,DM+QCDjets,300.0,150.0,1.0,0.25,atlas_exot_2018_06,IM2,11.2300272,15.3803096,0.0101084,0.0021249
/home/yoxara/Insync/DMSimp_vector_axial_pp_xxj_NLO_eff/Events/run_20/events_PYTHIA8_0.hepmc.gz,15.55,20000,Axial,DM+QCDjets,300.0,150.0,1.0,0.25,atlas_exot_2018_06,IM3,10.263692,15.0726366,0.0055669,0.0015806
/home/yoxara/Insync/DMSimp_vector_axial_pp_xxj_NLO_eff/Events/run_20/events_PYTHIA8_0.hepmc.gz,15.55,20000,Axial,DM+QCDjets,300.0,150.0,1.0,0.25,atlas_exot_2018_06,IM4,11.1967411,17.8817521,0.00293,0.0011482
/home/yoxara/Insync/DMSimp_vector_axial_pp_xxj_NLO_eff/Events/run_20/events_PYTHIA8_0.hepmc.gz,15.55,20000,Axial,DM+QCDjets,300.0,150.0,1.0,0.25,atlas_exot_2018_06,IM5,7.5812234,11.4700096,0.0019045,0.0009262
/home/yoxara/Insync/DMSimp_vector_axial_pp_xxj_NLO_eff/Events/run_20/events_PYTHIA8_0.hepmc.gz,15.55,20000,Axial,DM+QCDjets,300.0,150.0,1.0,0.25,atlas_exot_2018_06,IM6,5.5153021,8.0692198,0.0013185,0.0007708
/home/yoxara/Insync/DMSimp_vector_axial_pp_xxj_NLO_eff/Events/run_20/events_PYTHIA8_0.hepmc.gz,15.55,20000,Axial,DM+QCDjets,300.0,150.0,1.0,0.25,atlas_exot_2018_06,IM7,4.9064443,5.7561615,0.0007325,0.0005747
/home/yoxara/Insync/DMSimp_vector_axial_pp_xxj_NLO_eff/Events/run_20/events_PYTHIA8_0.hepmc.gz,15.55,20000,Axial,DM+QCDjets,300.0,150.0,1.0,0.25,atlas_exot_2018_06,IM8,13.6899173,14.6427889,0.0001465,0.0002571
/home/yoxara/Insync/DMSimp_vector_axial_pp_xxj_NLO_eff/Events/run_20/events_PYTHIA8_0.hepmc.gz,15.55,20000,Axial,DM+QCDjets,300.0,150.0,1.0,0.25,atlas_exot_2018_06,IM9,-1.0,-1.0,0.0,0.0
/home/yoxara/Insync/DMSimp_vector_axial_pp_xxj_NLO_eff/Events/run_20/events_PYTHIA8_0.hepmc.gz,15.55,20000,Axial,DM+QCDjets,300.0,150.0,1.0,0.25,atlas_exot_2018_06,IM10,-1.0,-1.0,0.0,0.0
/home/yoxara/Insync/DMSimp_vector_axial_pp_xxj_NLO_eff/Events/run_20/events_PYTHIA8_0.hepmc.gz,15.55,20000,Axial,DM+QCDjets,300.0,150.0,1.0,0.25,atlas_exot_2018_06,IM11,-1.0,-1.0,0.0,0.0
/home/yoxara/Insync/DMSimp_vector_axial_pp_xxj_NLO_eff/Events/run_20/events_PYTHIA8_0.hepmc.gz,15.55,20000,Axial,DM+QCDjets,300.0,150.0,1.0,0.25,atlas_exot_2018_06,IM12,-1.0,-1.0,0.0,0.0
/home/yoxara/Insync/DMSimp_vector_axial_pp_xxj_NLO_eff/Events/run_20/events_PYTHIA8_0.hepmc.gz,15.55,20000,Axial,DM+QCDjets,300.0,150.0,1.0,0.25,atlas_exot_2018_06,EM0,47.2955122,53.2343156,0.0077644,0.0018646
/home/yoxara/Insync/DMSimp_vector_axial_pp_xxj_NLO_eff/Events/run_20/events_PYTHIA8_0.hepmc.gz,15.55,20000,Axial,DM+QCDjets,300.0,150.0,1.0,0.25,atlas_exot_2018_06,EM1,17.840978,17.3647045,0.0071784,0.0017933
/home/yoxara/Insync/DMSimp_vector_axial_pp_xxj_NLO_eff/Events/run_20/events_PYTHIA8_0.hepmc.gz,15.55,20000,Axial,DM+QCDjets,300.0,150.0,1.0,0.25,atlas_exot_2018_06,EM2,11.0227785,10.939782,0.0045415,0.0014283
/home/yoxara/Insync/DMSimp_vector_axial_pp_xxj_NLO_eff/Events/run_20/events_PYTHIA8_0.hepmc.gz,15.55,20000,Axial,DM+QCDjets,300.0,150.0,1.0,0.25,atlas_exot_2018_06,EM3,8.8113171,10.6652237,0.002637,0.0010894
/home/yoxara/Insync/DMSimp_vector_axial_pp_xxj_NLO_eff/Events/run_20/events_PYTHIA8_0.hepmc.gz,15.55,20000,Axial,DM+QCDjets,300.0,150.0,1.0,0.25,atlas_exot_2018_06,EM4,17.0574143,24.115674,0.0010255,0.0006799
/home/yoxara/Insync/DMSimp_vector_axial_pp_xxj_NLO_eff/Events/run_20/events_PYTHIA8_0.hepmc.gz,15.55,20000,Axial,DM+QCDjets,300.0,150.0,1.0,0.25,atlas_exot_2018_06,EM5,10.4844167,12.7844405,0.000586,0.0005141
/home/yoxara/Insync/DMSimp_vector_axial_pp_xxj_NLO_eff/Events/run_20/events_PYTHIA8_0.hepmc.gz,15.55,20000,Axial,DM+QCDjets,300.0,150.0,1.0,0.25,atlas_exot_2018_06,EM6,4.961668,6.8742378,0.000586,0.0005141
/home/yoxara/Insync/DMSimp_vector_axial_pp_xxj_NLO_eff/Events/run_20/events_PYTHIA8_0.hepmc.gz,15.55,20000,Axial,DM+QCDjets,300.0,150.0,1.0,0.25,atlas_exot_2018_06,EM7,2.4528765,3.5719384,0.000586,0.0005141
/home/yoxara/Insync/DMSimp_vector_axial_pp_xxj_NLO_eff/Events/run_20/events_PYTHIA8_0.hepmc.gz,15.55,20000,Axial,DM+QCDjets,300.0,150.0,1.0,0.25,atlas_exot_2018_06,EM8,5.5532702,6.3606766,0.0001465,0.0002571
/home/yoxara/Insync/DMSimp_vector_axial_pp_xxj_NLO_eff/Events/run_20/events_PYTHIA8_0.hepmc.gz,15.55,20000,Axial,DM+QCDjets,300.0,150.0,1.0,0.25,atlas_exot_2018_06,EM9,-1.0,-1.0,0.0,0.0
/home/yoxara/Insync/DMSimp_vector_axial_pp_xxj_NLO_eff/Events/run_20/events_PYTHIA8_0.hepmc.gz,15.55,20000,Axial,DM+QCDjets,300.0,150.0,1.0,0.25,atlas_exot_2018_06,EM10,-1.0,-1.0,0.0,0.0
/home/yoxara/Insync/DMSimp_vector_axial_pp_xxj_NLO_eff/Events/run_20/events_PYTHIA8_0.hepmc.gz,15.55,20000,Axial,DM+QCDjets,300.0,150.0,1.0,0.25,atlas_exot_2018_06,EM11,-1.0,-1.0,0.0,0.0
/home/yoxara/Insync/DMSimp_vector_axial_pp_xxj_NLO_eff/Events/run_20/events_PYTHIA8_0.hepmc.gz,15.55,20000,Axial,DM+QCDjets,300.0,150.0,1.0,0.25,atlas_exot_2018_06,EM12,-1.0,-1.0,0.0,0.0
/home/yoxara/Insync/DMSimp_vector_axial_pp_xxj_NLO_eff/Events/run_21/events_PYTHIA8_0.hepmc.gz,6.168,20000,Axial,DM+QCDjets,300.0,160.0,1.0,0.25,atlas_exot_2018_06,IM0,19.2214357,24.5082871,0.0292765,0.0057367
/home/yoxara/Insync/DMSimp_vector_axial_pp_xxj_NLO_eff/Events/run_21/events_PYTHIA8_0.hepmc.gz,6.168,20000,Axial,DM+QCDjets,300.0,160.0,1.0,0.25,atlas_exot_2018_06,IM1,13.4094885,16.8855564,0.0168608,0.0043812
/home/yoxara/Insync/DMSimp_vector_axial_pp_xxj_NLO_eff/Events/run_21/events_PYTHIA8_0.hepmc.gz,6.168,20000,Axial,DM+QCDjets,300.0,160.0,1.0,0.25,atlas_exot_2018_06,IM2,11.3553348,15.5675003,0.0099632,0.0033797
/home/yoxara/Insync/DMSimp_vector_axial_pp_xxj_NLO_eff/Events/run_21/events_PYTHIA8_0.hepmc.gz,6.168,20000,Axial,DM+QCDjets,300.0,160.0,1.0,0.25,atlas_exot_2018_06,IM3,8.7944574,13.0438347,0.0064378,0.0027216
/home/yoxara/Insync/DMSimp_vector_axial_pp_xxj_NLO_eff/Events/run_21/events_PYTHIA8_0.hepmc.gz,6.168,20000,Axial,DM+QCDjets,300.0,160.0,1.0,0.25,atlas_exot_2018_06,IM4,7.4087111,11.7731156,0.0044451,0.0022637
/home/yoxara/Insync/DMSimp_vector_axial_pp_xxj_NLO_eff/Events/run_21/events_PYTHIA8_0.hepmc.gz,6.168,20000,Axial,DM+QCDjets,300.0,160.0,1.0,0.25,atlas_exot_2018_06,IM5,7.2197076,10.9539856,0.0019926,0.0015175
/home/yoxara/Insync/DMSimp_vector_axial_pp_xxj_NLO_eff/Events/run_21/events_PYTHIA8_0.hepmc.gz,6.168,20000,Axial,DM+QCDjets,300.0,160.0,1.0,0.25,atlas_exot_2018_06,IM6,7.8959161,11.601315,0.0009197,0.0010315
/home/yoxara/Insync/DMSimp_vector_axial_pp_xxj_NLO_eff/Events/run_21/events_PYTHIA8_0.hepmc.gz,6.168,20000,Axial,DM+QCDjets,300.0,160.0,1.0,0.25,atlas_exot_2018_06,IM7,11.6767555,13.7716166,0.0003066,0.0005957
/home/yoxara/Insync/DMSimp_vector_axial_pp_xxj_NLO_eff/Events/run_21/events_PYTHIA8_0.hepmc.gz,6.168,20000,Axial,DM+QCDjets,300.0,160.0,1.0,0.25,atlas_exot_2018_06,IM8,13.0694901,13.9779021,0.0001533,0.0004213
/home/yoxara/Insync/DMSimp_vector_axial_pp_xxj_NLO_eff/Events/run_21/events_PYTHIA8_0.hepmc.gz,6.168,20000,Axial,DM+QCDjets,300.0,160.0,1.0,0.25,atlas_exot_2018_06,IM9,-1.0,-1.0,0.0,0.0
/home/yoxara/Insync/DMSimp_vector_axial_pp_xxj_NLO_eff/Events/run_21/events_PYTHIA8_0.hepmc.gz,6.168,20000,Axial,DM+QCDjets,300.0,160.0,1.0,0.25,atlas_exot_2018_06,IM10,-1.0,-1.0,0.0,0.0
/home/yoxara/Insync/DMSimp_vector_axial_pp_xxj_NLO_eff/Events/run_21/events_PYTHIA8_0.hepmc.gz,6.168,20000,Axial,DM+QCDjets,300.0,160.0,1.0,0.25,atlas_exot_2018_06,IM11,-1.0,-1.0,0.0,0.0
/home/yoxara/Insync/DMSimp_vector_axial_pp_xxj_NLO_eff/Events/run_21/events_PYTHIA8_0.hepmc.gz,6.168,20000,Axial,DM+QCDjets,300.0,160.0,1.0,0.25,atlas_exot_2018_06,IM12,-1.0,-1.0,0.0,0.0
/home/yoxara/Insync/DMSimp_vector_axial_pp_xxj_NLO_eff/Events/run_21/events_PYTHIA8_0.hepmc.gz,6.168,20000,Axial,DM+QCDjets,300.0,160.0,1.0,0.25,atlas_exot_2018_06,EM0,29.5748123,33.0951345,0.0124157,0.0037681
/home/yoxara/Insync/DMSimp_vector_axial_pp_xxj_NLO_eff/Events/run_21/events_PYTHIA8_0.hepmc.gz,6.168,20000,Axial,DM+QCDjets,300.0,160.0,1.0,0.25,atlas_exot_2018_06,EM1,18.4903676,18.0173756,0.0068976,0.0028164
/home/yoxara/Insync/DMSimp_vector_axial_pp_xxj_NLO_eff/Events/run_21/events_PYTHIA8_0.hepmc.gz,6.168,20000,Axial,DM+QCDjets,300.0,160.0,1.0,0.25,atlas_exot_2018_06,EM2,14.2014095,14.0196946,0.0035254,0.0020169
/home/yoxara/Insync/DMSimp_vector_axial_pp_xxj_NLO_eff/Events/run_21/events_PYTHIA8_0.hepmc.gz,6.168,20000,Axial,DM+QCDjets,300.0,160.0,1.0,0.25,atlas_exot_2018_06,EM3,11.6159746,14.078162,0.0019926,0.0015175
/home/yoxara/Insync/DMSimp_vector_axial_pp_xxj_NLO_eff/Events/run_21/events_PYTHIA8_0.hepmc.gz,6.168,20000,Axial,DM+QCDjets,300.0,160.0,1.0,0.25,atlas_exot_2018_06,EM4,7.1264998,10.0325054,0.0024525,0.0016831
/home/yoxara/Insync/DMSimp_vector_axial_pp_xxj_NLO_eff/Events/run_21/events_PYTHIA8_0.hepmc.gz,6.168,20000,Axial,DM+QCDjets,300.0,160.0,1.0,0.25,atlas_exot_2018_06,EM5,5.7064715,6.9542489,0.001073,0.0011141
/home/yoxara/Insync/DMSimp_vector_axial_pp_xxj_NLO_eff/Events/run_21/events_PYTHIA8_0.hepmc.gz,6.168,20000,Axial,DM+QCDjets,300.0,160.0,1.0,0.25,atlas_exot_2018_06,EM6,4.7529649,6.5745079,0.0006131,0.0008423
/home/yoxara/Insync/DMSimp_vector_axial_pp_xxj_NLO_eff/Events/run_21/events_PYTHIA8_0.hepmc.gz,6.168,20000,Axial,DM+QCDjets,300.0,160.0,1.0,0.25,atlas_exot_2018_06,EM7,9.4149669,13.6756503,0.0001533,0.0004213
/home/yoxara/Insync/DMSimp_vector_axial_pp_xxj_NLO_eff/Events/run_21/events_PYTHIA8_0.hepmc.gz,6.168,20000,Axial,DM+QCDjets,300.0,160.0,1.0,0.25,atlas_exot_2018_06,EM8,5.2869473,6.0705078,0.0001533,0.0004213
/home/yoxara/Insync/DMSimp_vector_axial_pp_xxj_NLO_eff/Events/run_21/events_PYTHIA8_0.hepmc.gz,6.168,20000,Axial,DM+QCDjets,300.0,160.0,1.0,0.25,atlas_exot_2018_06,EM9,-1.0,-1.0,0.0,0.0
/home/yoxara/Insync/DMSimp_vector_axial_pp_xxj_NLO_eff/Events/run_21/events_PYTHIA8_0.hepmc.gz,6.168,20000,Axial,DM+QCDjets,300.0,160.0,1.0,0.25,atlas_exot_2018_06,EM10,-1.0,-1.0,0.0,0.0
/home/yoxara/Insync/DMSimp_vector_axial_pp_xxj_NLO_eff/Events/run_21/events_PYTHIA8_0.hepmc.gz,6.168,20000,Axial,DM+QCDjets,300.0,160.0,1.0,0.25,atlas_exot_2018_06,EM11,-1.0,-1.0,0.0,0.0
/home/yoxara/Insync/DMSimp_vector_axial_pp_xxj_NLO_eff/Events/run_21/events_PYTHIA8_0.hepmc.gz,6.168,20000,Axial,DM+QCDjets,300.0,160.0,1.0,0.25,atlas_exot_2018_06,EM12,-1.0,-1.0,0.0,0.0
/home/yoxara/Insync/DMSimp_vector_axial_pp_xxj_NLO_eff/Events/run_22/events_PYTHIA8_0.hepmc.gz,1.476,20000,Axial,DM+QCDjets,300.0,200.0,1.0,0.25,atlas_exot_2018_06,IM0,12.707378,16.1181161,0.0444205,0.0142594
/home/yoxara/Insync/DMSimp_vector_axial_pp_xxj_NLO_eff/Events/run_22/events_PYTHIA8_0.hepmc.gz,1.476,20000,Axial,DM+QCDjets,300.0,200.0,1.0,0.25,atlas_exot_2018_06,IM1,7.4094643,9.3050421,0.0305871,0.0119179
/home/yoxara/Insync/DMSimp_vector_axial_pp_xxj_NLO_eff/Events/run_22/events_PYTHIA8_0.hepmc.gz,1.476,20000,Axial,DM+QCDjets,300.0,200.0,1.0,0.25,atlas_exot_2018_06,IM2,5.2666865,7.2311471,0.0215186,0.0100429
/home/yoxara/Insync/DMSimp_vector_axial_pp_xxj_NLO_eff/Events/run_22/events_PYTHIA8_0.hepmc.gz,1.476,20000,Axial,DM+QCDjets,300.0,200.0,1.0,0.25,atlas_exot_2018_06,IM3,4.5691944,6.7216354,0.01245,0.0076744
/home/yoxara/Insync/DMSimp_vector_axial_pp_xxj_NLO_eff/Events/run_22/events_PYTHIA8_0.hepmc.gz,1.476,20000,Axial,DM+QCDjets,300.0,200.0,1.0,0.25,atlas_exot_2018_06,IM4,4.1125853,6.5415906,0.0079926,0.0061628
/home/yoxara/Insync/DMSimp_vector_axial_pp_xxj_NLO_eff/Events/run_22/events_PYTHIA8_0.hepmc.gz,1.476,20000,Axial,DM+QCDjets,300.0,200.0,1.0,0.25,atlas_exot_2018_06,IM5,3.0397823,4.5901926,0.0047648,0.0047661
/home/yoxara/Insync/DMSimp_vector_axial_pp_xxj_NLO_eff/Events/run_22/events_PYTHIA8_0.hepmc.gz,1.476,20000,Axial,DM+QCDjets,300.0,200.0,1.0,0.25,atlas_exot_2018_06,IM6,2.7839376,4.0722435,0.002613,0.0035333
/home/yoxara/Insync/DMSimp_vector_axial_pp_xxj_NLO_eff/Events/run_22/events_PYTHIA8_0.hepmc.gz,1.476,20000,Axial,DM+QCDjets,300.0,200.0,1.0,0.25,atlas_exot_2018_06,IM7,4.6659755,5.5031921,0.0007685,0.001918
/home/yoxara/Insync/DMSimp_vector_axial_pp_xxj_NLO_eff/Events/run_22/events_PYTHIA8_0.hepmc.gz,1.476,20000,Axial,DM+QCDjets,300.0,200.0,1.0,0.25,atlas_exot_2018_06,IM8,6.5063031,6.9703145,0.0003074,0.0012133
/home/yoxara/Insync/DMSimp_vector_axial_pp_xxj_NLO_eff/Events/run_22/events_PYTHIA8_0.hepmc.gz,1.476,20000,Axial,DM+QCDjets,300.0,200.0,1.0,0.25,atlas_exot_2018_06,IM9,-1.0,-1.0,0.0,0.0
/home/yoxara/Insync/DMSimp_vector_axial_pp_xxj_NLO_eff/Events/run_22/events_PYTHIA8_0.hepmc.gz,1.476,20000,Axial,DM+QCDjets,300.0,200.0,1.0,0.25,atlas_exot_2018_06,IM10,-1.0,-1.0,0.0,0.0
/home/yoxara/Insync/DMSimp_vector_axial_pp_xxj_NLO_eff/Events/run_22/events_PYTHIA8_0.hepmc.gz,1.476,20000,Axial,DM+QCDjets,300.0,200.0,1.0,0.25,atlas_exot_2018_06,IM11,-1.0,-1.0,0.0,0.0
/home/yoxara/Insync/DMSimp_vector_axial_pp_xxj_NLO_eff/Events/run_22/events_PYTHIA8_0.hepmc.gz,1.476,20000,Axial,DM+QCDjets,300.0,200.0,1.0,0.25,atlas_exot_2018_06,IM12,-1.0,-1.0,0.0,0.0
/home/yoxara/Insync/DMSimp_vector_axial_pp_xxj_NLO_eff/Events/run_22/events_PYTHIA8_0.hepmc.gz,1.476,20000,Axial,DM+QCDjets,300.0,200.0,1.0,0.25,atlas_exot_2018_06,EM0,26.4936473,29.5991922,0.0138334,0.0080838
/home/yoxara/Insync/DMSimp_vector_axial_pp_xxj_NLO_eff/Events/run_22/events_PYTHIA8_0.hepmc.gz,1.476,20000,Axial,DM+QCDjets,300.0,200.0,1.0,0.25,atlas_exot_2018_06,EM1,14.0348946,13.7259026,0.0090686,0.006561
/home/yoxara/Insync/DMSimp_vector_axial_pp_xxj_NLO_eff/Events/run_22/events_PYTHIA8_0.hepmc.gz,1.476,20000,Axial,DM+QCDjets,300.0,200.0,1.0,0.25,atlas_exot_2018_06,EM2,5.5158803,5.4731,0.0090686,0.006561
/home/yoxara/Insync/DMSimp_vector_axial_pp_xxj_NLO_eff/Events/run_22/events_PYTHIA8_0.hepmc.gz,1.476,20000,Axial,DM+QCDjets,300.0,200.0,1.0,0.25,atlas_exot_2018_06,EM3,5.2085622,6.2864324,0.0044574,0.0046105
/home/yoxara/Insync/DMSimp_vector_axial_pp_xxj_NLO_eff/Events/run_22/events_PYTHIA8_0.hepmc.gz,1.476,20000,Axial,DM+QCDjets,300.0,200.0,1.0,0.25,atlas_exot_2018_06,EM4,5.4074311,7.6362236,0.0032278,0.0039258
/home/yoxara/Insync/DMSimp_vector_axial_pp_xxj_NLO_eff/Events/run_22/events_PYTHIA8_0.hepmc.gz,1.476,20000,Axial,DM+QCDjets,300.0,200.0,1.0,0.25,atlas_exot_2018_06,EM5,2.845416,3.4938477,0.0021519,0.0032071
/home/yoxara/Insync/DMSimp_vector_axial_pp_xxj_NLO_eff/Events/run_22/events_PYTHIA8_0.hepmc.gz,1.476,20000,Axial,DM+QCDjets,300.0,200.0,1.0,0.25,atlas_exot_2018_06,EM6,1.5719265,2.18477,0.0018445,0.0029697
/home/yoxara/Insync/DMSimp_vector_axial_pp_xxj_NLO_eff/Events/run_22/events_PYTHIA8_0.hepmc.gz,1.476,20000,Axial,DM+QCDjets,300.0,200.0,1.0,0.25,atlas_exot_2018_06,EM7,3.1216173,4.5493685,0.0004611,0.0014859
/home/yoxara/Insync/DMSimp_vector_axial_pp_xxj_NLO_eff/Events/run_22/events_PYTHIA8_0.hepmc.gz,1.476,20000,Axial,DM+QCDjets,300.0,200.0,1.0,0.25,atlas_exot_2018_06,EM8,2.6394434,3.0254787,0.0003074,0.0012133
/home/yoxara/Insync/DMSimp_vector_axial_pp_xxj_NLO_eff/Events/run_22/events_PYTHIA8_0.hepmc.gz,1.476,20000,Axial,DM+QCDjets,300.0,200.0,1.0,0.25,atlas_exot_2018_06,EM9,-1.0,-1.0,0.0,0.0
/home/yoxara/Insync/DMSimp_vector_axial_pp_xxj_NLO_eff/Events/run_22/events_PYTHIA8_0.hepmc.gz,1.476,20000,Axial,DM+QCDjets,300.0,200.0,1.0,0.25,atlas_exot_2018_06,EM10,-1.0,-1.0,0.0,0.0
/home/yoxara/Insync/DMSimp_vector_axial_pp_xxj_NLO_eff/Events/run_22/events_PYTHIA8_0.hepmc.gz,1.476,20000,Axial,DM+QCDjets,300.0,200.0,1.0,0.25,atlas_exot_2018_06,EM11,-1.0,-1.0,0.0,0.0
/home/yoxara/Insync/DMSimp_vector_axial_pp_xxj_NLO_eff/Events/run_22/events_PYTHIA8_0.hepmc.gz,1.476,20000,Axial,DM+QCDjets,300.0,200.0,1.0,0.25,atlas_exot_2018_06,EM12,-1.0,-1.0,0.0,0.0
/home/yoxara/Insync/DMSimp_vector_axial_pp_xxj_NLO_eff/Events/run_23/events_PYTHIA8_0.hepmc.gz,307.8,20000,Axial,DM+QCDjets,400.0,0.0,1.0,0.25,atlas_exot_2018_06,IM0,19.2239997,24.35754,0.0293842,0.0007966
/home/yoxara/Insync/DMSimp_vector_axial_pp_xxj_NLO_eff/Events/run_23/events_PYTHIA8_0.hepmc.gz,307.8,20000,Axial,DM+QCDjets,400.0,0.0,1.0,0.25,atlas_exot_2018_06,IM1,11.9790179,15.0216302,0.0189122,0.0006425
/home/yoxara/Insync/DMSimp_vector_axial_pp_xxj_NLO_eff/Events/run_23/events_PYTHIA8_0.hepmc.gz,307.8,20000,Axial,DM+QCDjets,400.0,0.0,1.0,0.25,atlas_exot_2018_06,IM2,9.7912959,13.4330987,0.0115661,0.0005043
/home/yoxara/Insync/DMSimp_vector_axial_pp_xxj_NLO_eff/Events/run_23/events_PYTHIA8_0.hepmc.gz,307.8,20000,Axial,DM+QCDjets,400.0,0.0,1.0,0.25,atlas_exot_2018_06,IM3,6.9867668,10.3018779,0.0081275,0.0004235
/home/yoxara/Insync/DMSimp_vector_axial_pp_xxj_NLO_eff/Events/run_23/events_PYTHIA8_0.hepmc.gz,307.8,20000,Axial,DM+QCDjets,400.0,0.0,1.0,0.25,atlas_exot_2018_06,IM4,6.590869,10.4450867,0.0050016,0.0003327
/home/yoxara/Insync/DMSimp_vector_axial_pp_xxj_NLO_eff/Events/run_23/events_PYTHIA8_0.hepmc.gz,307.8,20000,Axial,DM+QCDjets,400.0,0.0,1.0,0.25,atlas_exot_2018_06,IM5,8.3406077,12.7106119,0.0017193,0.0001954
/home/yoxara/Insync/DMSimp_vector_axial_pp_xxj_NLO_eff/Events/run_23/events_PYTHIA8_0.hepmc.gz,307.8,20000,Axial,DM+QCDjets,400.0,0.0,1.0,0.25,atlas_exot_2018_06,IM6,6.6765498,9.7434409,0.0010941,0.0001559
/home/yoxara/Insync/DMSimp_vector_axial_pp_xxj_NLO_eff/Events/run_23/events_PYTHIA8_0.hepmc.gz,307.8,20000,Axial,DM+QCDjets,400.0,0.0,1.0,0.25,atlas_exot_2018_06,IM7,5.771919,6.7806566,0.0006252,0.0001179
/home/yoxara/Insync/DMSimp_vector_axial_pp_xxj_NLO_eff/Events/run_23/events_PYTHIA8_0.hepmc.gz,307.8,20000,Axial,DM+QCDjets,400.0,0.0,1.0,0.25,atlas_exot_2018_06,IM8,12.8048303,13.7058554,0.0001563,5.9e-05
/home/yoxara/Insync/DMSimp_vector_axial_pp_xxj_NLO_eff/Events/run_23/events_PYTHIA8_0.hepmc.gz,307.8,20000,Axial,DM+QCDjets,400.0,0.0,1.0,0.25,atlas_exot_2018_06,IM9,-1.0,-1.0,0.0,0.0
/home/yoxara/Insync/DMSimp_vector_axial_pp_xxj_NLO_eff/Events/run_23/events_PYTHIA8_0.hepmc.gz,307.8,20000,Axial,DM+QCDjets,400.0,0.0,1.0,0.25,atlas_exot_2018_06,IM10,-1.0,-1.0,0.0,0.0
/home/yoxara/Insync/DMSimp_vector_axial_pp_xxj_NLO_eff/Events/run_23/events_PYTHIA8_0.hepmc.gz,307.8,20000,Axial,DM+QCDjets,400.0,0.0,1.0,0.25,atlas_exot_2018_06,IM11,-1.0,-1.0,0.0,0.0
/home/yoxara/Insync/DMSimp_vector_axial_pp_xxj_NLO_eff/Events/run_23/events_PYTHIA8_0.hepmc.gz,307.8,20000,Axial,DM+QCDjets,400.0,0.0,1.0,0.25,atlas_exot_2018_06,IM12,-1.0,-1.0,0.0,0.0
/home/yoxara/Insync/DMSimp_vector_axial_pp_xxj_NLO_eff/Events/run_23/events_PYTHIA8_0.hepmc.gz,307.8,20000,Axial,DM+QCDjets,400.0,0.0,1.0,0.25,atlas_exot_2018_06,EM0,34.8173728,39.1793742,0.010472,0.0004801
/home/yoxara/Insync/DMSimp_vector_axial_pp_xxj_NLO_eff/Events/run_23/events_PYTHIA8_0.hepmc.gz,307.8,20000,Axial,DM+QCDjets,400.0,0.0,1.0,0.25,atlas_exot_2018_06,EM1,17.4266257,16.9015191,0.007346,0.0004028
/home/yoxara/Insync/DMSimp_vector_axial_pp_xxj_NLO_eff/Events/run_23/events_PYTHIA8_0.hepmc.gz,307.8,20000,Axial,DM+QCDjets,400.0,0.0,1.0,0.25,atlas_exot_2018_06,EM2,14.5222044,14.4078039,0.0034386,0.0002761
/home/yoxara/Insync/DMSimp_vector_axial_pp_xxj_NLO_eff/Events/run_23/events_PYTHIA8_0.hepmc.gz,307.8,20000,Axial,DM+QCDjets,400.0,0.0,1.0,0.25,atlas_exot_2018_06,EM3,7.3833718,8.9828709,0.003126,0.0002633
/home/yoxara/Insync/DMSimp_vector_axial_pp_xxj_NLO_eff/Events/run_23/events_PYTHIA8_0.hepmc.gz,307.8,20000,Axial,DM+QCDjets,400.0,0.0,1.0,0.25,atlas_exot_2018_06,EM4,5.3440602,7.5255018,0.0032823,0.0002698
/home/yoxara/Insync/DMSimp_vector_axial_pp_xxj_NLO_eff/Events/run_23/events_PYTHIA8_0.hepmc.gz,307.8,20000,Axial,DM+QCDjets,400.0,0.0,1.0,0.25,atlas_exot_2018_06,EM5,9.8327977,12.0043103,0.0006252,0.0001179
/home/yoxara/Insync/DMSimp_vector_axial_pp_xxj_NLO_eff/Events/run_23/events_PYTHIA8_0.hepmc.gz,307.8,20000,Axial,DM+QCDjets,400.0,0.0,1.0,0.25,atlas_exot_2018_06,EM6,6.2217528,8.5978465,0.0004689,0.0001021
/home/yoxara/Insync/DMSimp_vector_axial_pp_xxj_NLO_eff/Events/run_23/events_PYTHIA8_0.hepmc.gz,307.8,20000,Axial,DM+QCDjets,400.0,0.0,1.0,0.25,atlas_exot_2018_06,EM7,3.0736069,4.4723325,0.0004689,0.0001021
/home/yoxara/Insync/DMSimp_vector_axial_pp_xxj_NLO_eff/Events/run_23/events_PYTHIA8_0.hepmc.gz,307.8,20000,Axial,DM+QCDjets,400.0,0.0,1.0,0.25,atlas_exot_2018_06,EM8,5.1809932,5.9580543,0.0001563,5.9e-05
/home/yoxara/Insync/DMSimp_vector_axial_pp_xxj_NLO_eff/Events/run_23/events_PYTHIA8_0.hepmc.gz,307.8,20000,Axial,DM+QCDjets,400.0,0.0,1.0,0.25,atlas_exot_2018_06,EM9,-1.0,-1.0,0.0,0.0
/home/yoxara/Insync/DMSimp_vector_axial_pp_xxj_NLO_eff/Events/run_23/events_PYTHIA8_0.hepmc.gz,307.8,20000,Axial,DM+QCDjets,400.0,0.0,1.0,0.25,atlas_exot_2018_06,EM10,-1.0,-1.0,0.0,0.0
/home/yoxara/Insync/DMSimp_vector_axial_pp_xxj_NLO_eff/Events/run_23/events_PYTHIA8_0.hepmc.gz,307.8,20000,Axial,DM+QCDjets,400.0,0.0,1.0,0.25,atlas_exot_2018_06,EM11,-1.0,-1.0,0.0,0.0
/home/yoxara/Insync/DMSimp_vector_axial_pp_xxj_NLO_eff/Events/run_23/events_PYTHIA8_0.hepmc.gz,307.8,20000,Axial,DM+QCDjets,400.0,0.0,1.0,0.25,atlas_exot_2018_06,EM12,-1.0,-1.0,0.0,0.0
/home/yoxara/Insync/DMSimp_vector_axial_pp_xxj_NLO_eff/Events/run_24/events_PYTHIA8_0.hepmc.gz,297.5,20000,Axial,DM+QCDjets,400.0,50.0,1.0,0.25,atlas_exot_2018_06,IM0,19.2851962,24.5267397,0.0292049,0.0008145
/home/yoxara/Insync/DMSimp_vector_axial_pp_xxj_NLO_eff/Events/run_24/events_PYTHIA8_0.hepmc.gz,297.5,20000,Axial,DM+QCDjets,400.0,50.0,1.0,0.25,atlas_exot_2018_06,IM1,11.8181509,14.8397499,0.0191131,0.0006623
/home/yoxara/Insync/DMSimp_vector_axial_pp_xxj_NLO_eff/Events/run_24/events_PYTHIA8_0.hepmc.gz,297.5,20000,Axial,DM+QCDjets,400.0,50.0,1.0,0.25,atlas_exot_2018_06,IM2,9.5089873,13.0531972,0.0119266,0.0005251
/home/yoxara/Insync/DMSimp_vector_axial_pp_xxj_NLO_eff/Events/run_24/events_PYTHIA8_0.hepmc.gz,297.5,20000,Axial,DM+QCDjets,400.0,50.0,1.0,0.25,atlas_exot_2018_06,IM3,7.0064382,10.3451258,0.008104,0.0004337
/home/yoxara/Insync/DMSimp_vector_axial_pp_xxj_NLO_eff/Events/run_24/events_PYTHIA8_0.hepmc.gz,297.5,20000,Axial,DM+QCDjets,400.0,50.0,1.0,0.25,atlas_exot_2018_06,IM4,8.3568496,13.1633716,0.0039755,0.0003044
/home/yoxara/Insync/DMSimp_vector_axial_pp_xxj_NLO_eff/Events/run_24/events_PYTHIA8_0.hepmc.gz,297.5,20000,Axial,DM+QCDjets,400.0,50.0,1.0,0.25,atlas_exot_2018_06,IM5,7.8285573,11.9354295,0.0018349,0.000207
/home/yoxara/Insync/DMSimp_vector_axial_pp_xxj_NLO_eff/Events/run_24/events_PYTHIA8_0.hepmc.gz,297.5,20000,Axial,DM+QCDjets,400.0,50.0,1.0,0.25,atlas_exot_2018_06,IM6,6.8399802,9.9475465,0.0010703,0.0001582
/home/yoxara/Insync/DMSimp_vector_axial_pp_xxj_NLO_eff/Events/run_24/events_PYTHIA8_0.hepmc.gz,297.5,20000,Axial,DM+QCDjets,400.0,50.0,1.0,0.25,atlas_exot_2018_06,IM7,-1.0,-1.0,0.0,0.0
/home/yoxara/Insync/DMSimp_vector_axial_pp_xxj_NLO_eff/Events/run_24/events_PYTHIA8_0.hepmc.gz,297.5,20000,Axial,DM+QCDjets,400.0,50.0,1.0,0.25,atlas_exot_2018_06,IM8,-1.0,-1.0,0.0,0.0
/home/yoxara/Insync/DMSimp_vector_axial_pp_xxj_NLO_eff/Events/run_24/events_PYTHIA8_0.hepmc.gz,297.5,20000,Axial,DM+QCDjets,400.0,50.0,1.0,0.25,atlas_exot_2018_06,IM9,-1.0,-1.0,0.0,0.0
/home/yoxara/Insync/DMSimp_vector_axial_pp_xxj_NLO_eff/Events/run_24/events_PYTHIA8_0.hepmc.gz,297.5,20000,Axial,DM+QCDjets,400.0,50.0,1.0,0.25,atlas_exot_2018_06,IM10,-1.0,-1.0,0.0,0.0
/home/yoxara/Insync/DMSimp_vector_axial_pp_xxj_NLO_eff/Events/run_24/events_PYTHIA8_0.hepmc.gz,297.5,20000,Axial,DM+QCDjets,400.0,50.0,1.0,0.25,atlas_exot_2018_06,IM11,-1.0,-1.0,0.0,0.0
/home/yoxara/Insync/DMSimp_vector_axial_pp_xxj_NLO_eff/Events/run_24/events_PYTHIA8_0.hepmc.gz,297.5,20000,Axial,DM+QCDjets,400.0,50.0,1.0,0.25,atlas_exot_2018_06,IM12,-1.0,-1.0,0.0,0.0
/home/yoxara/Insync/DMSimp_vector_axial_pp_xxj_NLO_eff/Events/run_24/events_PYTHIA8_0.hepmc.gz,297.5,20000,Axial,DM+QCDjets,400.0,50.0,1.0,0.25,atlas_exot_2018_06,EM0,36.2535113,40.6322121,0.0100917,0.0004835
/home/yoxara/Insync/DMSimp_vector_axial_pp_xxj_NLO_eff/Events/run_24/events_PYTHIA8_0.hepmc.gz,297.5,20000,Axial,DM+QCDjets,400.0,50.0,1.0,0.25,atlas_exot_2018_06,EM1,17.8623959,17.3745744,0.0071865,0.0004086
/home/yoxara/Insync/DMSimp_vector_axial_pp_xxj_NLO_eff/Events/run_24/events_PYTHIA8_0.hepmc.gz,297.5,20000,Axial,DM+QCDjets,400.0,50.0,1.0,0.25,atlas_exot_2018_06,EM2,13.0427456,12.9872016,0.0038226,0.0002985
/home/yoxara/Insync/DMSimp_vector_axial_pp_xxj_NLO_eff/Events/run_24/events_PYTHIA8_0.hepmc.gz,297.5,20000,Axial,DM+QCDjets,400.0,50.0,1.0,0.25,atlas_exot_2018_06,EM3,5.5982604,6.8019372,0.0041284,0.0003102
/home/yoxara/Insync/DMSimp_vector_axial_pp_xxj_NLO_eff/Events/run_24/events_PYTHIA8_0.hepmc.gz,297.5,20000,Axial,DM+QCDjets,400.0,50.0,1.0,0.25,atlas_exot_2018_06,EM4,8.1926403,11.5175544,0.0021407,0.0002236
/home/yoxara/Insync/DMSimp_vector_axial_pp_xxj_NLO_eff/Events/run_24/events_PYTHIA8_0.hepmc.gz,297.5,20000,Axial,DM+QCDjets,400.0,50.0,1.0,0.25,atlas_exot_2018_06,EM5,8.0466585,9.8006301,0.0007645,0.0001337
/home/yoxara/Insync/DMSimp_vector_axial_pp_xxj_NLO_eff/Events/run_24/events_PYTHIA8_0.hepmc.gz,297.5,20000,Axial,DM+QCDjets,400.0,50.0,1.0,0.25,atlas_exot_2018_06,EM6,2.7284847,3.7714326,0.0010703,0.0001582
/home/yoxara/Insync/DMSimp_vector_axial_pp_xxj_NLO_eff/Events/run_24/events_PYTHIA8_0.hepmc.gz,297.5,20000,Axial,DM+QCDjets,400.0,50.0,1.0,0.25,atlas_exot_2018_06,EM7,-1.0,-1.0,0.0,0.0
/home/yoxara/Insync/DMSimp_vector_axial_pp_xxj_NLO_eff/Events/run_24/events_PYTHIA8_0.hepmc.gz,297.5,20000,Axial,DM+QCDjets,400.0,50.0,1.0,0.25,atlas_exot_2018_06,EM8,5.3170127,6.0871847,0.0001529,5.98e-05
/home/yoxara/Insync/DMSimp_vector_axial_pp_xxj_NLO_eff/Events/run_24/events_PYTHIA8_0.hepmc.gz,297.5,20000,Axial,DM+QCDjets,400.0,50.0,1.0,0.25,atlas_exot_2018_06,EM9,-1.0,-1.0,0.0,0.0
/home/yoxara/Insync/DMSimp_vector_axial_pp_xxj_NLO_eff/Events/run_24/events_PYTHIA8_0.hepmc.gz,297.5,20000,Axial,DM+QCDjets,400.0,50.0,1.0,0.25,atlas_exot_2018_06,EM10,-1.0,-1.0,0.0,0.0
/home/yoxara/Insync/DMSimp_vector_axial_pp_xxj_NLO_eff/Events/run_24/events_PYTHIA8_0.hepmc.gz,297.5,20000,Axial,DM+QCDjets,400.0,50.0,1.0,0.25,atlas_exot_2018_06,EM11,-1.0,-1.0,0.0,0.0
/home/yoxara/Insync/DMSimp_vector_axial_pp_xxj_NLO_eff/Events/run_24/events_PYTHIA8_0.hepmc.gz,297.5,20000,Axial,DM+QCDjets,400.0,50.0,1.0,0.25,atlas_exot_2018_06,EM12,-1.0,-1.0,0.0,0.0
/home/yoxara/Insync/DMSimp_vector_axial_pp_xxj_NLO_eff/Events/run_25/events_PYTHIA8_0.hepmc.gz,236.9,20000,Axial,DM+QCDjets,400.0,100.0,1.0,0.25,atlas_exot_2018_06,IM0,20.6232995,26.1782577,0.027378,0.0008915
/home/yoxara/Insync/DMSimp_vector_axial_pp_xxj_NLO_eff/Events/run_25/events_PYTHIA8_0.hepmc.gz,236.9,20000,Axial,DM+QCDjets,400.0,100.0,1.0,0.25,atlas_exot_2018_06,IM1,13.5522872,16.9763058,0.0167397,0.0007009
/home/yoxara/Insync/DMSimp_vector_axial_pp_xxj_NLO_eff/Events/run_25/events_PYTHIA8_0.hepmc.gz,236.9,20000,Axial,DM+QCDjets,400.0,100.0,1.0,0.25,atlas_exot_2018_06,IM2,10.3789838,14.1581596,0.0109512,0.0005686
/home/yoxara/Insync/DMSimp_vector_axial_pp_xxj_NLO_eff/Events/run_25/events_PYTHIA8_0.hepmc.gz,236.9,20000,Axial,DM+QCDjets,400.0,100.0,1.0,0.25,atlas_exot_2018_06,IM3,9.3548599,13.7576089,0.0061014,0.0004255
/home/yoxara/Insync/DMSimp_vector_axial_pp_xxj_NLO_eff/Events/run_25/events_PYTHIA8_0.hepmc.gz,236.9,20000,Axial,DM+QCDjets,400.0,100.0,1.0,0.25,atlas_exot_2018_06,IM4,11.0842454,17.5986631,0.0029725,0.0002974
/home/yoxara/Insync/DMSimp_vector_axial_pp_xxj_NLO_eff/Events/run_25/events_PYTHIA8_0.hepmc.gz,236.9,20000,Axial,DM+QCDjets,400.0,100.0,1.0,0.25,atlas_exot_2018_06,IM5,18.4311305,27.954337,0.0007822,0.0001527
/home/yoxara/Insync/DMSimp_vector_axial_pp_xxj_NLO_eff/Events/run_25/events_PYTHIA8_0.hepmc.gz,236.9,20000,Axial,DM+QCDjets,400.0,100.0,1.0,0.25,atlas_exot_2018_06,IM6,23.3505039,34.0557579,0.0003129,9.66e-05
/home/yoxara/Insync/DMSimp_vector_axial_pp_xxj_NLO_eff/Events/run_25/events_PYTHIA8_0.hepmc.gz,236.9,20000,Axial,DM+QCDjets,400.0,100.0,1.0,0.25,atlas_exot_2018_06,IM7,23.0112104,26.9445077,0.0001564,6.83e-05
/home/yoxara/Insync/DMSimp_vector_axial_pp_xxj_NLO_eff/Events/run_25/events_PYTHIA8_0.hepmc.gz,236.9,20000,Axial,DM+QCDjets,400.0,100.0,1.0,0.25,atlas_exot_2018_06,IM8,12.805714,13.7149291,0.0001564,6.83e-05
/home/yoxara/Insync/DMSimp_vector_axial_pp_xxj_NLO_eff/Events/run_25/events_PYTHIA8_0.hepmc.gz,236.9,20000,Axial,DM+QCDjets,400.0,100.0,1.0,0.25,atlas_exot_2018_06,IM9,-1.0,-1.0,0.0,0.0
/home/yoxara/Insync/DMSimp_vector_axial_pp_xxj_NLO_eff/Events/run_25/events_PYTHIA8_0.hepmc.gz,236.9,20000,Axial,DM+QCDjets,400.0,100.0,1.0,0.25,atlas_exot_2018_06,IM10,-1.0,-1.0,0.0,0.0
/home/yoxara/Insync/DMSimp_vector_axial_pp_xxj_NLO_eff/Events/run_25/events_PYTHIA8_0.hepmc.gz,236.9,20000,Axial,DM+QCDjets,400.0,100.0,1.0,0.25,atlas_exot_2018_06,IM11,-1.0,-1.0,0.0,0.0
/home/yoxara/Insync/DMSimp_vector_axial_pp_xxj_NLO_eff/Events/run_25/events_PYTHIA8_0.hepmc.gz,236.9,20000,Axial,DM+QCDjets,400.0,100.0,1.0,0.25,atlas_exot_2018_06,IM12,-1.0,-1.0,0.0,0.0
/home/yoxara/Insync/DMSimp_vector_axial_pp_xxj_NLO_eff/Events/run_25/events_PYTHIA8_0.hepmc.gz,236.9,20000,Axial,DM+QCDjets,400.0,100.0,1.0,0.25,atlas_exot_2018_06,EM0,34.3563284,38.6492748,0.0106383,0.0005605
/home/yoxara/Insync/DMSimp_vector_axial_pp_xxj_NLO_eff/Events/run_25/events_PYTHIA8_0.hepmc.gz,236.9,20000,Axial,DM+QCDjets,400.0,100.0,1.0,0.25,atlas_exot_2018_06,EM1,22.1142103,21.5700543,0.0057885,0.0004145
/home/yoxara/Insync/DMSimp_vector_axial_pp_xxj_NLO_eff/Events/run_25/events_PYTHIA8_0.hepmc.gz,236.9,20000,Axial,DM+QCDjets,400.0,100.0,1.0,0.25,atlas_exot_2018_06,EM2,10.2750997,10.2515346,0.0048498,0.0003796
/home/yoxara/Insync/DMSimp_vector_axial_pp_xxj_NLO_eff/Events/run_25/events_PYTHIA8_0.hepmc.gz,236.9,20000,Axial,DM+QCDjets,400.0,100.0,1.0,0.25,atlas_exot_2018_06,EM3,7.4296291,8.9324558,0.0031289,0.0003051
/home/yoxara/Insync/DMSimp_vector_axial_pp_xxj_NLO_eff/Events/run_25/events_PYTHIA8_0.hepmc.gz,236.9,20000,Axial,DM+QCDjets,400.0,100.0,1.0,0.25,atlas_exot_2018_06,EM4,7.999995,11.2436105,0.0021902,0.0002554
/home/yoxara/Insync/DMSimp_vector_axial_pp_xxj_NLO_eff/Events/run_25/events_PYTHIA8_0.hepmc.gz,236.9,20000,Axial,DM+QCDjets,400.0,100.0,1.0,0.25,atlas_exot_2018_06,EM5,13.0550681,15.9386481,0.0004693,0.0001183
/home/yoxara/Insync/DMSimp_vector_axial_pp_xxj_NLO_eff/Events/run_25/events_PYTHIA8_0.hepmc.gz,236.9,20000,Axial,DM+QCDjets,400.0,100.0,1.0,0.25,atlas_exot_2018_06,EM6,18.5416782,25.7735881,0.0001564,6.83e-05
/home/yoxara/Insync/DMSimp_vector_axial_pp_xxj_NLO_eff/Events/run_25/events_PYTHIA8_0.hepmc.gz,236.9,20000,Axial,DM+QCDjets,400.0,100.0,1.0,0.25,atlas_exot_2018_06,EM7,-1.0,-1.0,0.0,0.0
/home/yoxara/Insync/DMSimp_vector_axial_pp_xxj_NLO_eff/Events/run_25/events_PYTHIA8_0.hepmc.gz,236.9,20000,Axial,DM+QCDjets,400.0,100.0,1.0,0.25,atlas_exot_2018_06,EM8,5.2021204,5.9410259,0.0001564,6.83e-05
/home/yoxara/Insync/DMSimp_vector_axial_pp_xxj_NLO_eff/Events/run_25/events_PYTHIA8_0.hepmc.gz,236.9,20000,Axial,DM+QCDjets,400.0,100.0,1.0,0.25,atlas_exot_2018_06,EM9,-1.0,-1.0,0.0,0.0
/home/yoxara/Insync/DMSimp_vector_axial_pp_xxj_NLO_eff/Events/run_25/events_PYTHIA8_0.hepmc.gz,236.9,20000,Axial,DM+QCDjets,400.0,100.0,1.0,0.25,atlas_exot_2018_06,EM10,-1.0,-1.0,0.0,0.0
/home/yoxara/Insync/DMSimp_vector_axial_pp_xxj_NLO_eff/Events/run_25/events_PYTHIA8_0.hepmc.gz,236.9,20000,Axial,DM+QCDjets,400.0,100.0,1.0,0.25,atlas_exot_2018_06,EM11,-1.0,-1.0,0.0,0.0
/home/yoxara/Insync/DMSimp_vector_axial_pp_xxj_NLO_eff/Events/run_25/events_PYTHIA8_0.hepmc.gz,236.9,20000,Axial,DM+QCDjets,400.0,100.0,1.0,0.25,atlas_exot_2018_06,EM12,-1.0,-1.0,0.0,0.0
/home/yoxara/Insync/DMSimp_vector_axial_pp_xxj_NLO_eff/Events/run_26/events_PYTHIA8_0.hepmc.gz,137.7,20000,Axial,DM+QCDjets,400.0,150.0,1.0,0.25,atlas_exot_2018_06,IM0,20.6234338,26.1798194,0.0273827,0.0011678
/home/yoxara/Insync/DMSimp_vector_axial_pp_xxj_NLO_eff/Events/run_26/events_PYTHIA8_0.hepmc.gz,137.7,20000,Axial,DM+QCDjets,400.0,150.0,1.0,0.25,atlas_exot_2018_06,IM1,12.1167265,15.2677752,0.0186082,0.000967
/home/yoxara/Insync/DMSimp_vector_axial_pp_xxj_NLO_eff/Events/run_26/events_PYTHIA8_0.hepmc.gz,137.7,20000,Axial,DM+QCDjets,400.0,150.0,1.0,0.25,atlas_exot_2018_06,IM2,8.9228407,12.2616717,0.012708,0.0008015
/home/yoxara/Insync/DMSimp_vector_axial_pp_xxj_NLO_eff/Events/run_26/events_PYTHIA8_0.hepmc.gz,137.7,20000,Axial,DM+QCDjets,400.0,150.0,1.0,0.25,atlas_exot_2018_06,IM3,7.6845813,11.3185375,0.007413,0.0006138
/home/yoxara/Insync/DMSimp_vector_axial_pp_xxj_NLO_eff/Events/run_26/events_PYTHIA8_0.hepmc.gz,137.7,20000,Axial,DM+QCDjets,400.0,150.0,1.0,0.25,atlas_exot_2018_06,IM4,6.2115137,9.8849284,0.005295,0.0005193
/home/yoxara/Insync/DMSimp_vector_axial_pp_xxj_NLO_eff/Events/run_26/events_PYTHIA8_0.hepmc.gz,137.7,20000,Axial,DM+QCDjets,400.0,150.0,1.0,0.25,atlas_exot_2018_06,IM5,7.3275191,11.1151472,0.0019667,0.000317
/home/yoxara/Insync/DMSimp_vector_axial_pp_xxj_NLO_eff/Events/run_26/events_PYTHIA8_0.hepmc.gz,137.7,20000,Axial,DM+QCDjets,400.0,150.0,1.0,0.25,atlas_exot_2018_06,IM6,6.8596332,10.0652811,0.001059,0.0002327
/home/yoxara/Insync/DMSimp_vector_axial_pp_xxj_NLO_eff/Events/run_26/events_PYTHIA8_0.hepmc.gz,137.7,20000,Axial,DM+QCDjets,400.0,150.0,1.0,0.25,atlas_exot_2018_06,IM7,4.749687,5.5945858,0.0007564,0.0001967
/home/yoxara/Insync/DMSimp_vector_axial_pp_xxj_NLO_eff/Events/run_26/events_PYTHIA8_0.hepmc.gz,137.7,20000,Axial,DM+QCDjets,400.0,150.0,1.0,0.25,atlas_exot_2018_06,IM8,4.4118742,4.7227979,0.0004539,0.0001524
/home/yoxara/Insync/DMSimp_vector_axial_pp_xxj_NLO_eff/Events/run_26/events_PYTHIA8_0.hepmc.gz,137.7,20000,Axial,DM+QCDjets,400.0,150.0,1.0,0.25,atlas_exot_2018_06,IM9,8.3622072,7.8858083,0.0001513,8.8e-05
/home/yoxara/Insync/DMSimp_vector_axial_pp_xxj_NLO_eff/Events/run_26/events_PYTHIA8_0.hepmc.gz,137.7,20000,Axial,DM+QCDjets,400.0,150.0,1.0,0.25,atlas_exot_2018_06,IM10,-1.0,-1.0,0.0,0.0
/home/yoxara/Insync/DMSimp_vector_axial_pp_xxj_NLO_eff/Events/run_26/events_PYTHIA8_0.hepmc.gz,137.7,20000,Axial,DM+QCDjets,400.0,150.0,1.0,0.25,atlas_exot_2018_06,IM11,-1.0,-1.0,0.0,0.0
/home/yoxara/Insync/DMSimp_vector_axial_pp_xxj_NLO_eff/Events/run_26/events_PYTHIA8_0.hepmc.gz,137.7,20000,Axial,DM+QCDjets,400.0,150.0,1.0,0.25,atlas_exot_2018_06,IM12,-1.0,-1.0,0.0,0.0
/home/yoxara/Insync/DMSimp_vector_axial_pp_xxj_NLO_eff/Events/run_26/events_PYTHIA8_0.hepmc.gz,137.7,20000,Axial,DM+QCDjets,400.0,150.0,1.0,0.25,atlas_exot_2018_06,EM0,41.8686932,46.8631394,0.0087746,0.0006673
/home/yoxara/Insync/DMSimp_vector_axial_pp_xxj_NLO_eff/Events/run_26/events_PYTHIA8_0.hepmc.gz,137.7,20000,Axial,DM+QCDjets,400.0,150.0,1.0,0.25,atlas_exot_2018_06,EM1,21.6167334,21.0357685,0.0059001,0.000548
/home/yoxara/Insync/DMSimp_vector_axial_pp_xxj_NLO_eff/Events/run_26/events_PYTHIA8_0.hepmc.gz,137.7,20000,Axial,DM+QCDjets,400.0,150.0,1.0,0.25,atlas_exot_2018_06,EM2,9.4429262,9.3925745,0.005295,0.0005193
/home/yoxara/Insync/DMSimp_vector_axial_pp_xxj_NLO_eff/Events/run_26/events_PYTHIA8_0.hepmc.gz,137.7,20000,Axial,DM+QCDjets,400.0,150.0,1.0,0.25,atlas_exot_2018_06,EM3,10.8995717,13.2217619,0.002118,0.000329
/home/yoxara/Insync/DMSimp_vector_axial_pp_xxj_NLO_eff/Events/run_26/events_PYTHIA8_0.hepmc.gz,137.7,20000,Axial,DM+QCDjets,400.0,150.0,1.0,0.25,atlas_exot_2018_06,EM4,5.2728803,7.4145948,0.0033283,0.0004121
/home/yoxara/Insync/DMSimp_vector_axial_pp_xxj_NLO_eff/Events/run_26/events_PYTHIA8_0.hepmc.gz,137.7,20000,Axial,DM+QCDjets,400.0,150.0,1.0,0.25,atlas_exot_2018_06,EM5,6.7839825,8.2623457,0.0009077,0.0002155
/home/yoxara/Insync/DMSimp_vector_axial_pp_xxj_NLO_eff/Events/run_26/events_PYTHIA8_0.hepmc.gz,137.7,20000,Axial,DM+QCDjets,400.0,150.0,1.0,0.25,atlas_exot_2018_06,EM6,9.5951536,13.3360988,0.0003026,0.0001245
/home/yoxara/Insync/DMSimp_vector_axial_pp_xxj_NLO_eff/Events/run_26/events_PYTHIA8_0.hepmc.gz,137.7,20000,Axial,DM+QCDjets,400.0,150.0,1.0,0.25,atlas_exot_2018_06,EM7,4.7552294,6.9071265,0.0003026,0.0001245
/home/yoxara/Insync/DMSimp_vector_axial_pp_xxj_NLO_eff/Events/run_26/events_PYTHIA8_0.hepmc.gz,137.7,20000,Axial,DM+QCDjets,400.0,150.0,1.0,0.25,atlas_exot_2018_06,EM8,2.6843368,3.0755073,0.0003026,0.0001245
/home/yoxara/Insync/DMSimp_vector_axial_pp_xxj_NLO_eff/Events/run_26/events_PYTHIA8_0.hepmc.gz,137.7,20000,Axial,DM+QCDjets,400.0,150.0,1.0,0.25,atlas_exot_2018_06,EM9,3.2269525,2.7555117,0.0001513,8.8e-05
/home/yoxara/Insync/DMSimp_vector_axial_pp_xxj_NLO_eff/Events/run_26/events_PYTHIA8_0.hepmc.gz,137.7,20000,Axial,DM+QCDjets,400.0,150.0,1.0,0.25,atlas_exot_2018_06,EM10,-1.0,-1.0,0.0,0.0
/home/yoxara/Insync/DMSimp_vector_axial_pp_xxj_NLO_eff/Events/run_26/events_PYTHIA8_0.hepmc.gz,137.7,20000,Axial,DM+QCDjets,400.0,150.0,1.0,0.25,atlas_exot_2018_06,EM11,-1.0,-1.0,0.0,0.0
/home/yoxara/Insync/DMSimp_vector_axial_pp_xxj_NLO_eff/Events/run_26/events_PYTHIA8_0.hepmc.gz,137.7,20000,Axial,DM+QCDjets,400.0,150.0,1.0,0.25,atlas_exot_2018_06,EM12,-1.0,-1.0,0.0,0.0
/home/yoxara/Insync/DMSimp_vector_axial_pp_xxj_NLO_eff/Events/run_27/events_PYTHIA8_0.hepmc.gz,5.947,20000,Axial,DM+QCDjets,400.0,200.0,1.0,0.25,atlas_exot_2018_06,IM0,17.266942,21.9651583,0.0326777,0.0061571
/home/yoxara/Insync/DMSimp_vector_axial_pp_xxj_NLO_eff/Events/run_27/events_PYTHIA8_0.hepmc.gz,5.947,20000,Axial,DM+QCDjets,400.0,200.0,1.0,0.25,atlas_exot_2018_06,IM1,9.0185234,11.3895799,0.0249622,0.0054027
/home/yoxara/Insync/DMSimp_vector_axial_pp_xxj_NLO_eff/Events/run_27/events_PYTHIA8_0.hepmc.gz,5.947,20000,Axial,DM+QCDjets,400.0,200.0,1.0,0.25,atlas_exot_2018_06,IM2,7.1987095,9.887378,0.0157337,0.0043096
/home/yoxara/Insync/DMSimp_vector_axial_pp_xxj_NLO_eff/Events/run_27/events_PYTHIA8_0.hepmc.gz,5.947,20000,Axial,DM+QCDjets,400.0,200.0,1.0,0.25,atlas_exot_2018_06,IM3,5.382921,7.9289553,0.01059,0.0035449
/home/yoxara/Insync/DMSimp_vector_axial_pp_xxj_NLO_eff/Events/run_27/events_PYTHIA8_0.hepmc.gz,5.947,20000,Axial,DM+QCDjets,400.0,200.0,1.0,0.25,atlas_exot_2018_06,IM4,4.436184,7.0478252,0.007413,0.0029706
/home/yoxara/Insync/DMSimp_vector_axial_pp_xxj_NLO_eff/Events/run_27/events_PYTHIA8_0.hepmc.gz,5.947,20000,Axial,DM+QCDjets,400.0,200.0,1.0,0.25,atlas_exot_2018_06,IM5,3.2963013,4.9904871,0.0043873,0.0022888
/home/yoxara/Insync/DMSimp_vector_axial_pp_xxj_NLO_eff/Events/run_27/events_PYTHIA8_0.hepmc.gz,5.947,20000,Axial,DM+QCDjets,400.0,200.0,1.0,0.25,atlas_exot_2018_06,IM6,6.0431534,8.810091,0.0012103,0.001204
/home/yoxara/Insync/DMSimp_vector_axial_pp_xxj_NLO_eff/Events/run_27/events_PYTHIA8_0.hepmc.gz,5.947,20000,Axial,DM+QCDjets,400.0,200.0,1.0,0.25,atlas_exot_2018_06,IM7,3.9706048,4.6579666,0.0009077,0.0010429
/home/yoxara/Insync/DMSimp_vector_axial_pp_xxj_NLO_eff/Events/run_27/events_PYTHIA8_0.hepmc.gz,5.947,20000,Axial,DM+QCDjets,400.0,200.0,1.0,0.25,atlas_exot_2018_06,IM8,1.8929996,2.0237617,0.001059,0.0011264
/home/yoxara/Insync/DMSimp_vector_axial_pp_xxj_NLO_eff/Events/run_27/events_PYTHIA8_0.hepmc.gz,5.947,20000,Axial,DM+QCDjets,400.0,200.0,1.0,0.25,atlas_exot_2018_06,IM9,2.0874629,1.9846829,0.0006051,0.0008516
/home/yoxara/Insync/DMSimp_vector_axial_pp_xxj_NLO_eff/Events/run_27/events_PYTHIA8_0.hepmc.gz,5.947,20000,Axial,DM+QCDjets,400.0,200.0,1.0,0.25,atlas_exot_2018_06,IM10,2.0586495,3.1789072,0.0004539,0.0007376
/home/yoxara/Insync/DMSimp_vector_axial_pp_xxj_NLO_eff/Events/run_27/events_PYTHIA8_0.hepmc.gz,5.947,20000,Axial,DM+QCDjets,400.0,200.0,1.0,0.25,atlas_exot_2018_06,IM11,3.7375142,3.3222808,0.0001513,0.0004259
/home/yoxara/Insync/DMSimp_vector_axial_pp_xxj_NLO_eff/Events/run_27/events_PYTHIA8_0.hepmc.gz,5.947,20000,Axial,DM+QCDjets,400.0,200.0,1.0,0.25,atlas_exot_2018_06,IM12,2.2948229,1.8246189,0.0001513,0.0004259
/home/yoxara/Insync/DMSimp_vector_axial_pp_xxj_NLO_eff/Events/run_27/events_PYTHIA8_0.hepmc.gz,5.947,20000,Axial,DM+QCDjets,400.0,200.0,1.0,0.25,atlas_exot_2018_06,EM0,47.4572795,53.2905514,0.0077156,0.0030302
/home/yoxara/Insync/DMSimp_vector_axial_pp_xxj_NLO_eff/Events/run_27/events_PYTHIA8_0.hepmc.gz,5.947,20000,Axial,DM+QCDjets,400.0,200.0,1.0,0.25,atlas_exot_2018_06,EM1,13.8534065,13.5088722,0.0092284,0.0033114
/home/yoxara/Insync/DMSimp_vector_axial_pp_xxj_NLO_eff/Events/run_27/events_PYTHIA8_0.hepmc.gz,5.947,20000,Axial,DM+QCDjets,400.0,200.0,1.0,0.25,atlas_exot_2018_06,EM2,9.7077081,9.6508392,0.0051437,0.0024773
/home/yoxara/Insync/DMSimp_vector_axial_pp_xxj_NLO_eff/Events/run_27/events_PYTHIA8_0.hepmc.gz,5.947,20000,Axial,DM+QCDjets,400.0,200.0,1.0,0.25,atlas_exot_2018_06,EM3,7.2782362,8.8462746,0.003177,0.0019489
/home/yoxara/Insync/DMSimp_vector_axial_pp_xxj_NLO_eff/Events/run_27/events_PYTHIA8_0.hepmc.gz,5.947,20000,Axial,DM+QCDjets,400.0,200.0,1.0,0.25,atlas_exot_2018_06,EM4,5.7881001,8.1539225,0.0030257,0.001902
/home/yoxara/Insync/DMSimp_vector_axial_pp_xxj_NLO_eff/Events/run_27/events_PYTHIA8_0.hepmc.gz,5.947,20000,Axial,DM+QCDjets,400.0,200.0,1.0,0.25,atlas_exot_2018_06,EM5,1.9440379,2.3553603,0.003177,0.0019489
/home/yoxara/Insync/DMSimp_vector_axial_pp_xxj_NLO_eff/Events/run_27/events_PYTHIA8_0.hepmc.gz,5.947,20000,Axial,DM+QCDjets,400.0,200.0,1.0,0.25,atlas_exot_2018_06,EM6,9.6327259,13.3208746,0.0003026,0.0006023
/home/yoxara/Insync/DMSimp_vector_axial_pp_xxj_NLO_eff/Events/run_27/events_PYTHIA8_0.hepmc.gz,5.947,20000,Axial,DM+QCDjets,400.0,200.0,1.0,0.25,atlas_exot_2018_06,EM7,-1.0,-1.0,0.0,0.0
/home/yoxara/Insync/DMSimp_vector_axial_pp_xxj_NLO_eff/Events/run_27/events_PYTHIA8_0.hepmc.gz,5.947,20000,Axial,DM+QCDjets,400.0,200.0,1.0,0.25,atlas_exot_2018_06,EM8,1.7871474,2.0526678,0.0004539,0.0007376
/home/yoxara/Insync/DMSimp_vector_axial_pp_xxj_NLO_eff/Events/run_27/events_PYTHIA8_0.hepmc.gz,5.947,20000,Axial,DM+QCDjets,400.0,200.0,1.0,0.25,atlas_exot_2018_06,EM9,3.2371068,2.7555685,0.0001513,0.0004259
/home/yoxara/Insync/DMSimp_vector_axial_pp_xxj_NLO_eff/Events/run_27/events_PYTHIA8_0.hepmc.gz,5.947,20000,Axial,DM+QCDjets,400.0,200.0,1.0,0.25,atlas_exot_2018_06,EM10,1.0368438,2.2048229,0.0003026,0.0006023
/home/yoxara/Insync/DMSimp_vector_axial_pp_xxj_NLO_eff/Events/run_27/events_PYTHIA8_0.hepmc.gz,5.947,20000,Axial,DM+QCDjets,400.0,200.0,1.0,0.25,atlas_exot_2018_06,EM11,-1.0,-1.0,0.0,0.0
/home/yoxara/Insync/DMSimp_vector_axial_pp_xxj_NLO_eff/Events/run_27/events_PYTHIA8_0.hepmc.gz,5.947,20000,Axial,DM+QCDjets,400.0,200.0,1.0,0.25,atlas_exot_2018_06,EM12,1.6788006,1.3477767,0.0001513,0.0004259
/home/yoxara/Insync/DMSimp_vector_axial_pp_xxj_NLO_eff/Events/run_28/events_PYTHIA8_0.hepmc.gz,2.753,20000,Axial,DM+QCDjets,400.0,210.0,1.0,0.25,atlas_exot_2018_06,IM0,15.5234807,19.6610807,0.0363865,0.0096265
/home/yoxara/Insync/DMSimp_vector_axial_pp_xxj_NLO_eff/Events/run_28/events_PYTHIA8_0.hepmc.gz,2.753,20000,Axial,DM+QCDjets,400.0,210.0,1.0,0.25,atlas_exot_2018_06,IM1,9.4970662,11.9519553,0.0238394,0.0078425
/home/yoxara/Insync/DMSimp_vector_axial_pp_xxj_NLO_eff/Events/run_28/events_PYTHIA8_0.hepmc.gz,2.753,20000,Axial,DM+QCDjets,400.0,210.0,1.0,0.25,atlas_exot_2018_06,IM2,6.8064649,9.3580242,0.0166248,0.0065734
/home/yoxara/Insync/DMSimp_vector_axial_pp_xxj_NLO_eff/Events/run_28/events_PYTHIA8_0.hepmc.gz,2.753,20000,Axial,DM+QCDjets,400.0,210.0,1.0,0.25,atlas_exot_2018_06,IM3,5.1039116,7.5468474,0.0111355,0.0053948
/home/yoxara/Insync/DMSimp_vector_axial_pp_xxj_NLO_eff/Events/run_28/events_PYTHIA8_0.hepmc.gz,2.753,20000,Axial,DM+QCDjets,400.0,210.0,1.0,0.25,atlas_exot_2018_06,IM4,3.9501026,6.297991,0.0083124,0.0046677
/home/yoxara/Insync/DMSimp_vector_axial_pp_xxj_NLO_eff/Events/run_28/events_PYTHIA8_0.hepmc.gz,2.753,20000,Axial,DM+QCDjets,400.0,210.0,1.0,0.25,atlas_exot_2018_06,IM5,4.1744258,6.3399311,0.0034504,0.0030146
/home/yoxara/Insync/DMSimp_vector_axial_pp_xxj_NLO_eff/Events/run_28/events_PYTHIA8_0.hepmc.gz,2.753,20000,Axial,DM+QCDjets,400.0,210.0,1.0,0.25,atlas_exot_2018_06,IM6,3.5740069,5.229076,0.0020389,0.002319
/home/yoxara/Insync/DMSimp_vector_axial_pp_xxj_NLO_eff/Events/run_28/events_PYTHIA8_0.hepmc.gz,2.753,20000,Axial,DM+QCDjets,400.0,210.0,1.0,0.25,atlas_exot_2018_06,IM7,4.5747961,5.406238,0.0007842,0.0014391
/home/yoxara/Insync/DMSimp_vector_axial_pp_xxj_NLO_eff/Events/run_28/events_PYTHIA8_0.hepmc.gz,2.753,20000,Axial,DM+QCDjets,400.0,210.0,1.0,0.25,atlas_exot_2018_06,IM8,12.7626807,13.6833245,0.0001568,0.0006438
/home/yoxara/Insync/DMSimp_vector_axial_pp_xxj_NLO_eff/Events/run_28/events_PYTHIA8_0.hepmc.gz,2.753,20000,Axial,DM+QCDjets,400.0,210.0,1.0,0.25,atlas_exot_2018_06,IM9,-1.0,-1.0,0.0,0.0
/home/yoxara/Insync/DMSimp_vector_axial_pp_xxj_NLO_eff/Events/run_28/events_PYTHIA8_0.hepmc.gz,2.753,20000,Axial,DM+QCDjets,400.0,210.0,1.0,0.25,atlas_exot_2018_06,IM10,-1.0,-1.0,0.0,0.0
/home/yoxara/Insync/DMSimp_vector_axial_pp_xxj_NLO_eff/Events/run_28/events_PYTHIA8_0.hepmc.gz,2.753,20000,Axial,DM+QCDjets,400.0,210.0,1.0,0.25,atlas_exot_2018_06,IM11,-1.0,-1.0,0.0,0.0
/home/yoxara/Insync/DMSimp_vector_axial_pp_xxj_NLO_eff/Events/run_28/events_PYTHIA8_0.hepmc.gz,2.753,20000,Axial,DM+QCDjets,400.0,210.0,1.0,0.25,atlas_exot_2018_06,IM12,-1.0,-1.0,0.0,0.0
/home/yoxara/Insync/DMSimp_vector_axial_pp_xxj_NLO_eff/Events/run_28/events_PYTHIA8_0.hepmc.gz,2.753,20000,Axial,DM+QCDjets,400.0,210.0,1.0,0.25,atlas_exot_2018_06,EM0,29.163193,32.5671187,0.012547,0.0057224
/home/yoxara/Insync/DMSimp_vector_axial_pp_xxj_NLO_eff/Events/run_28/events_PYTHIA8_0.hepmc.gz,2.753,20000,Axial,DM+QCDjets,400.0,210.0,1.0,0.25,atlas_exot_2018_06,EM1,17.7005539,17.2076188,0.0072146,0.0043509
/home/yoxara/Insync/DMSimp_vector_axial_pp_xxj_NLO_eff/Events/run_28/events_PYTHIA8_0.hepmc.gz,2.753,20000,Axial,DM+QCDjets,400.0,210.0,1.0,0.25,atlas_exot_2018_06,EM2,9.110521,9.0177931,0.0054893,0.0037985
/home/yoxara/Insync/DMSimp_vector_axial_pp_xxj_NLO_eff/Events/run_28/events_PYTHIA8_0.hepmc.gz,2.753,20000,Axial,DM+QCDjets,400.0,210.0,1.0,0.25,atlas_exot_2018_06,EM3,8.1837596,9.9561554,0.0028231,0.0027277
/home/yoxara/Insync/DMSimp_vector_axial_pp_xxj_NLO_eff/Events/run_28/events_PYTHIA8_0.hepmc.gz,2.753,20000,Axial,DM+QCDjets,400.0,210.0,1.0,0.25,atlas_exot_2018_06,EM4,3.5837242,5.0679857,0.004862,0.003576
/home/yoxara/Insync/DMSimp_vector_axial_pp_xxj_NLO_eff/Events/run_28/events_PYTHIA8_0.hepmc.gz,2.753,20000,Axial,DM+QCDjets,400.0,210.0,1.0,0.25,atlas_exot_2018_06,EM5,4.361799,5.3097313,0.0014115,0.0019301
/home/yoxara/Insync/DMSimp_vector_axial_pp_xxj_NLO_eff/Events/run_28/events_PYTHIA8_0.hepmc.gz,2.753,20000,Axial,DM+QCDjets,400.0,210.0,1.0,0.25,atlas_exot_2018_06,EM6,2.3338691,3.2163803,0.0012547,0.0018199
/home/yoxara/Insync/DMSimp_vector_axial_pp_xxj_NLO_eff/Events/run_28/events_PYTHIA8_0.hepmc.gz,2.753,20000,Axial,DM+QCDjets,400.0,210.0,1.0,0.25,atlas_exot_2018_06,EM7,2.2927725,3.3448408,0.0006274,0.0012873
/home/yoxara/Insync/DMSimp_vector_axial_pp_xxj_NLO_eff/Events/run_28/events_PYTHIA8_0.hepmc.gz,2.753,20000,Axial,DM+QCDjets,400.0,210.0,1.0,0.25,atlas_exot_2018_06,EM8,2.5934082,2.9656858,0.0003137,0.0009104
/home/yoxara/Insync/DMSimp_vector_axial_pp_xxj_NLO_eff/Events/run_28/events_PYTHIA8_0.hepmc.gz,2.753,20000,Axial,DM+QCDjets,400.0,210.0,1.0,0.25,atlas_exot_2018_06,EM9,-1.0,-1.0,0.0,0.0
/home/yoxara/Insync/DMSimp_vector_axial_pp_xxj_NLO_eff/Events/run_28/events_PYTHIA8_0.hepmc.gz,2.753,20000,Axial,DM+QCDjets,400.0,210.0,1.0,0.25,atlas_exot_2018_06,EM10,-1.0,-1.0,0.0,0.0
/home/yoxara/Insync/DMSimp_vector_axial_pp_xxj_NLO_eff/Events/run_28/events_PYTHIA8_0.hepmc.gz,2.753,20000,Axial,DM+QCDjets,400.0,210.0,1.0,0.25,atlas_exot_2018_06,EM11,-1.0,-1.0,0.0,0.0
/home/yoxara/Insync/DMSimp_vector_axial_pp_xxj_NLO_eff/Events/run_28/events_PYTHIA8_0.hepmc.gz,2.753,20000,Axial,DM+QCDjets,400.0,210.0,1.0,0.25,atlas_exot_2018_06,EM12,-1.0,-1.0,0.0,0.0
/home/yoxara/Insync/DMSimp_vector_axial_pp_xxj_NLO_eff/Events/run_29/events_PYTHIA8_0.hepmc.gz,0.7374,20000,Axial,DM+QCDjets,400.0,250.0,1.0,0.25,atlas_exot_2018_06,IM0,9.8048609,12.4435154,0.05759,0.0226664
/home/yoxara/Insync/DMSimp_vector_axial_pp_xxj_NLO_eff/Events/run_29/events_PYTHIA8_0.hepmc.gz,0.7374,20000,Axial,DM+QCDjets,400.0,250.0,1.0,0.25,atlas_exot_2018_06,IM1,5.7900561,7.3249811,0.0389671,0.0188281
/home/yoxara/Insync/DMSimp_vector_axial_pp_xxj_NLO_eff/Events/run_29/events_PYTHIA8_0.hepmc.gz,0.7374,20000,Axial,DM+QCDjets,400.0,250.0,1.0,0.25,atlas_exot_2018_06,IM2,4.2087314,5.7835024,0.026917,0.0157463
/home/yoxara/Insync/DMSimp_vector_axial_pp_xxj_NLO_eff/Events/run_29/events_PYTHIA8_0.hepmc.gz,0.7374,20000,Axial,DM+QCDjets,400.0,250.0,1.0,0.25,atlas_exot_2018_06,IM3,3.1234252,4.6228346,0.0181534,0.0129894
/home/yoxara/Insync/DMSimp_vector_axial_pp_xxj_NLO_eff/Events/run_29/events_PYTHIA8_0.hepmc.gz,0.7374,20000,Axial,DM+QCDjets,400.0,250.0,1.0,0.25,atlas_exot_2018_06,IM4,2.8829125,4.5781902,0.0114241,0.0103396
/home/yoxara/Insync/DMSimp_vector_axial_pp_xxj_NLO_eff/Events/run_29/events_PYTHIA8_0.hepmc.gz,0.7374,20000,Axial,DM+QCDjets,400.0,250.0,1.0,0.25,atlas_exot_2018_06,IM5,2.4918069,3.7643795,0.0057903,0.0073821
/home/yoxara/Insync/DMSimp_vector_axial_pp_xxj_NLO_eff/Events/run_29/events_PYTHIA8_0.hepmc.gz,0.7374,20000,Axial,DM+QCDjets,400.0,250.0,1.0,0.25,atlas_exot_2018_06,IM6,2.323472,3.4007523,0.0031299,0.0054347
/home/yoxara/Insync/DMSimp_vector_axial_pp_xxj_NLO_eff/Events/run_29/events_PYTHIA8_0.hepmc.gz,0.7374,20000,Axial,DM+QCDjets,400.0,250.0,1.0,0.25,atlas_exot_2018_06,IM7,3.8140161,4.5064193,0.000939,0.00298
/home/yoxara/Insync/DMSimp_vector_axial_pp_xxj_NLO_eff/Events/run_29/events_PYTHIA8_0.hepmc.gz,0.7374,20000,Axial,DM+QCDjets,400.0,250.0,1.0,0.25,atlas_exot_2018_06,IM8,2.1371067,2.2891602,0.000939,0.00298
/home/yoxara/Insync/DMSimp_vector_axial_pp_xxj_NLO_eff/Events/run_29/events_PYTHIA8_0.hepmc.gz,0.7374,20000,Axial,DM+QCDjets,400.0,250.0,1.0,0.25,atlas_exot_2018_06,IM9,2.7004753,2.5498778,0.0004695,0.0021076
/home/yoxara/Insync/DMSimp_vector_axial_pp_xxj_NLO_eff/Events/run_29/events_PYTHIA8_0.hepmc.gz,0.7374,20000,Axial,DM+QCDjets,400.0,250.0,1.0,0.25,atlas_exot_2018_06,IM10,5.951881,9.2186834,0.0001565,0.001217
/home/yoxara/Insync/DMSimp_vector_axial_pp_xxj_NLO_eff/Events/run_29/events_PYTHIA8_0.hepmc.gz,0.7374,20000,Axial,DM+QCDjets,400.0,250.0,1.0,0.25,atlas_exot_2018_06,IM11,-1.0,-1.0,0.0,0.0
/home/yoxara/Insync/DMSimp_vector_axial_pp_xxj_NLO_eff/Events/run_29/events_PYTHIA8_0.hepmc.gz,0.7374,20000,Axial,DM+QCDjets,400.0,250.0,1.0,0.25,atlas_exot_2018_06,IM12,-1.0,-1.0,0.0,0.0
/home/yoxara/Insync/DMSimp_vector_axial_pp_xxj_NLO_eff/Events/run_29/events_PYTHIA8_0.hepmc.gz,0.7374,20000,Axial,DM+QCDjets,400.0,250.0,1.0,0.25,atlas_exot_2018_06,EM0,19.6821533,22.0867356,0.0186228,0.0131531
/home/yoxara/Insync/DMSimp_vector_axial_pp_xxj_NLO_eff/Events/run_29/events_PYTHIA8_0.hepmc.gz,0.7374,20000,Axial,DM+QCDjets,400.0,250.0,1.0,0.25,atlas_exot_2018_06,EM1,10.5993693,10.3769644,0.0120501,0.0106158
/home/yoxara/Insync/DMSimp_vector_axial_pp_xxj_NLO_eff/Events/run_29/events_PYTHIA8_0.hepmc.gz,0.7374,20000,Axial,DM+QCDjets,400.0,250.0,1.0,0.25,atlas_exot_2018_06,EM2,5.7242055,5.6851914,0.0087637,0.0090682
/home/yoxara/Insync/DMSimp_vector_axial_pp_xxj_NLO_eff/Events/run_29/events_PYTHIA8_0.hepmc.gz,0.7374,20000,Axial,DM+QCDjets,400.0,250.0,1.0,0.25,atlas_exot_2018_06,EM3,3.4350851,4.1894265,0.0067293,0.0079544
/home/yoxara/Insync/DMSimp_vector_axial_pp_xxj_NLO_eff/Events/run_29/events_PYTHIA8_0.hepmc.gz,0.7374,20000,Axial,DM+QCDjets,400.0,250.0,1.0,0.25,atlas_exot_2018_06,EM4,3.1064043,4.370979,0.0056338,0.0072822
/home/yoxara/Insync/DMSimp_vector_axial_pp_xxj_NLO_eff/Events/run_29/events_PYTHIA8_0.hepmc.gz,0.7374,20000,Axial,DM+QCDjets,400.0,250.0,1.0,0.25,atlas_exot_2018_06,EM5,2.2967536,2.8187224,0.0026604,0.0050117
/home/yoxara/Insync/DMSimp_vector_axial_pp_xxj_NLO_eff/Events/run_29/events_PYTHIA8_0.hepmc.gz,0.7374,20000,Axial,DM+QCDjets,400.0,250.0,1.0,0.25,atlas_exot_2018_06,EM6,1.3293858,1.8406192,0.0021909,0.0045491
/home/yoxara/Insync/DMSimp_vector_axial_pp_xxj_NLO_eff/Events/run_29/events_PYTHIA8_0.hepmc.gz,0.7374,20000,Axial,DM+QCDjets,400.0,250.0,1.0,0.25,atlas_exot_2018_06,EM7,-1.0,-1.0,0.0,0.0
/home/yoxara/Insync/DMSimp_vector_axial_pp_xxj_NLO_eff/Events/run_29/events_PYTHIA8_0.hepmc.gz,0.7374,20000,Axial,DM+QCDjets,400.0,250.0,1.0,0.25,atlas_exot_2018_06,EM8,1.7288476,1.985146,0.0004695,0.0021076
/home/yoxara/Insync/DMSimp_vector_axial_pp_xxj_NLO_eff/Events/run_29/events_PYTHIA8_0.hepmc.gz,0.7374,20000,Axial,DM+QCDjets,400.0,250.0,1.0,0.25,atlas_exot_2018_06,EM9,1.5603191,1.3287715,0.000313,0.001721
/home/yoxara/Insync/DMSimp_vector_axial_pp_xxj_NLO_eff/Events/run_29/events_PYTHIA8_0.hepmc.gz,0.7374,20000,Axial,DM+QCDjets,400.0,250.0,1.0,0.25,atlas_exot_2018_06,EM10,1.9962442,4.2644601,0.0001565,0.001217
/home/yoxara/Insync/DMSimp_vector_axial_pp_xxj_NLO_eff/Events/run_29/events_PYTHIA8_0.hepmc.gz,0.7374,20000,Axial,DM+QCDjets,400.0,250.0,1.0,0.25,atlas_exot_2018_06,EM11,-1.0,-1.0,0.0,0.0
/home/yoxara/Insync/DMSimp_vector_axial_pp_xxj_NLO_eff/Events/run_29/events_PYTHIA8_0.hepmc.gz,0.7374,20000,Axial,DM+QCDjets,400.0,250.0,1.0,0.25,atlas_exot_2018_06,EM12,-1.0,-1.0,0.0,0.0
/home/yoxara/Insync/DMSimp_vector_axial_pp_xxj_NLO_eff/Events/run_30/events_PYTHIA8_0.hepmc.gz,143.4,20000,Axial,DM+QCDjets,500.0,0.0,1.0,0.25,atlas_exot_2018_06,IM0,12.9136153,16.4218069,0.043599,0.0014251
/home/yoxara/Insync/DMSimp_vector_axial_pp_xxj_NLO_eff/Events/run_30/events_PYTHIA8_0.hepmc.gz,143.4,20000,Axial,DM+QCDjets,500.0,0.0,1.0,0.25,atlas_exot_2018_06,IM1,7.289854,9.2144391,0.0308622,0.001207
/home/yoxara/Insync/DMSimp_vector_axial_pp_xxj_NLO_eff/Events/run_30/events_PYTHIA8_0.hepmc.gz,143.4,20000,Axial,DM+QCDjets,500.0,0.0,1.0,0.25,atlas_exot_2018_06,IM2,6.1704917,8.5132594,0.0182887,0.0009351
/home/yoxara/Insync/DMSimp_vector_axial_pp_xxj_NLO_eff/Events/run_30/events_PYTHIA8_0.hepmc.gz,143.4,20000,Axial,DM+QCDjets,500.0,0.0,1.0,0.25,atlas_exot_2018_06,IM3,5.19051,7.6728166,0.0109406,0.000726
/home/yoxara/Insync/DMSimp_vector_axial_pp_xxj_NLO_eff/Events/run_30/events_PYTHIA8_0.hepmc.gz,143.4,20000,Axial,DM+QCDjets,500.0,0.0,1.0,0.25,atlas_exot_2018_06,IM4,4.5876242,7.2831065,0.0071848,0.0005894
/home/yoxara/Insync/DMSimp_vector_axial_pp_xxj_NLO_eff/Events/run_30/events_PYTHIA8_0.hepmc.gz,143.4,20000,Axial,DM+QCDjets,500.0,0.0,1.0,0.25,atlas_exot_2018_06,IM5,4.2106668,6.3788241,0.0034291,0.000408
/home/yoxara/Insync/DMSimp_vector_axial_pp_xxj_NLO_eff/Events/run_30/events_PYTHIA8_0.hepmc.gz,143.4,20000,Axial,DM+QCDjets,500.0,0.0,1.0,0.25,atlas_exot_2018_06,IM6,6.3698443,9.3258045,0.001143,0.0002358
/home/yoxara/Insync/DMSimp_vector_axial_pp_xxj_NLO_eff/Events/run_30/events_PYTHIA8_0.hepmc.gz,143.4,20000,Axial,DM+QCDjets,500.0,0.0,1.0,0.25,atlas_exot_2018_06,IM7,3.6678924,4.3194786,0.0009798,0.0002183
/home/yoxara/Insync/DMSimp_vector_axial_pp_xxj_NLO_eff/Events/run_30/events_PYTHIA8_0.hepmc.gz,143.4,20000,Axial,DM+QCDjets,500.0,0.0,1.0,0.25,atlas_exot_2018_06,IM8,6.1512399,6.5591869,0.0003266,0.0001261
/home/yoxara/Insync/DMSimp_vector_axial_pp_xxj_NLO_eff/Events/run_30/events_PYTHIA8_0.hepmc.gz,143.4,20000,Axial,DM+QCDjets,500.0,0.0,1.0,0.25,atlas_exot_2018_06,IM9,7.7767229,7.3090855,0.0001633,8.92e-05
/home/yoxara/Insync/DMSimp_vector_axial_pp_xxj_NLO_eff/Events/run_30/events_PYTHIA8_0.hepmc.gz,143.4,20000,Axial,DM+QCDjets,500.0,0.0,1.0,0.25,atlas_exot_2018_06,IM10,5.7044928,8.8301518,0.0001633,8.92e-05
/home/yoxara/Insync/DMSimp_vector_axial_pp_xxj_NLO_eff/Events/run_30/events_PYTHIA8_0.hepmc.gz,143.4,20000,Axial,DM+QCDjets,500.0,0.0,1.0,0.25,atlas_exot_2018_06,IM11,3.4538275,3.0836832,0.0001633,8.92e-05
/home/yoxara/Insync/DMSimp_vector_axial_pp_xxj_NLO_eff/Events/run_30/events_PYTHIA8_0.hepmc.gz,143.4,20000,Axial,DM+QCDjets,500.0,0.0,1.0,0.25,atlas_exot_2018_06,IM12,-1.0,-1.0,0.0,0.0
/home/yoxara/Insync/DMSimp_vector_axial_pp_xxj_NLO_eff/Events/run_30/events_PYTHIA8_0.hepmc.gz,143.4,20000,Axial,DM+QCDjets,500.0,0.0,1.0,0.25,atlas_exot_2018_06,EM0,28.9441631,32.2613244,0.0127368,0.0007826
/home/yoxara/Insync/DMSimp_vector_axial_pp_xxj_NLO_eff/Events/run_30/events_PYTHIA8_0.hepmc.gz,143.4,20000,Axial,DM+QCDjets,500.0,0.0,1.0,0.25,atlas_exot_2018_06,EM1,10.1388753,9.8876649,0.0125735,0.0007776
/home/yoxara/Insync/DMSimp_vector_axial_pp_xxj_NLO_eff/Events/run_30/events_PYTHIA8_0.hepmc.gz,143.4,20000,Axial,DM+QCDjets,500.0,0.0,1.0,0.25,atlas_exot_2018_06,EM2,6.8341423,6.7705004,0.0073481,0.000596
/home/yoxara/Insync/DMSimp_vector_axial_pp_xxj_NLO_eff/Events/run_30/events_PYTHIA8_0.hepmc.gz,143.4,20000,Axial,DM+QCDjets,500.0,0.0,1.0,0.25,atlas_exot_2018_06,EM3,6.1580902,7.452079,0.0037557,0.0004269
/home/yoxara/Insync/DMSimp_vector_axial_pp_xxj_NLO_eff/Events/run_30/events_PYTHIA8_0.hepmc.gz,143.4,20000,Axial,DM+QCDjets,500.0,0.0,1.0,0.25,atlas_exot_2018_06,EM4,4.6618259,6.5658283,0.0037557,0.0004269
/home/yoxara/Insync/DMSimp_vector_axial_pp_xxj_NLO_eff/Events/run_30/events_PYTHIA8_0.hepmc.gz,143.4,20000,Axial,DM+QCDjets,500.0,0.0,1.0,0.25,atlas_exot_2018_06,EM5,2.6949494,3.2730158,0.0022861,0.0003333
/home/yoxara/Insync/DMSimp_vector_axial_pp_xxj_NLO_eff/Events/run_30/events_PYTHIA8_0.hepmc.gz,143.4,20000,Axial,DM+QCDjets,500.0,0.0,1.0,0.25,atlas_exot_2018_06,EM6,17.772491,24.7541982,0.0001633,8.92e-05
/home/yoxara/Insync/DMSimp_vector_axial_pp_xxj_NLO_eff/Events/run_30/events_PYTHIA8_0.hepmc.gz,143.4,20000,Axial,DM+QCDjets,500.0,0.0,1.0,0.25,atlas_exot_2018_06,EM7,2.208735,3.2131782,0.0006532,0.0001783
/home/yoxara/Insync/DMSimp_vector_axial_pp_xxj_NLO_eff/Events/run_30/events_PYTHIA8_0.hepmc.gz,143.4,20000,Axial,DM+QCDjets,500.0,0.0,1.0,0.25,atlas_exot_2018_06,EM8,4.9821771,5.7005183,0.0001633,8.92e-05
/home/yoxara/Insync/DMSimp_vector_axial_pp_xxj_NLO_eff/Events/run_30/events_PYTHIA8_0.hepmc.gz,143.4,20000,Axial,DM+QCDjets,500.0,0.0,1.0,0.25,atlas_exot_2018_06,EM9,-1.0,-1.0,0.0,0.0
/home/yoxara/Insync/DMSimp_vector_axial_pp_xxj_NLO_eff/Events/run_30/events_PYTHIA8_0.hepmc.gz,143.4,20000,Axial,DM+QCDjets,500.0,0.0,1.0,0.25,atlas_exot_2018_06,EM10,-1.0,-1.0,0.0,0.0
/home/yoxara/Insync/DMSimp_vector_axial_pp_xxj_NLO_eff/Events/run_30/events_PYTHIA8_0.hepmc.gz,143.4,20000,Axial,DM+QCDjets,500.0,0.0,1.0,0.25,atlas_exot_2018_06,EM11,1.3422925,1.5069787,0.0001633,8.92e-05
/home/yoxara/Insync/DMSimp_vector_axial_pp_xxj_NLO_eff/Events/run_30/events_PYTHIA8_0.hepmc.gz,143.4,20000,Axial,DM+QCDjets,500.0,0.0,1.0,0.25,atlas_exot_2018_06,EM12,-1.0,-1.0,0.0,0.0
/home/yoxara/Insync/DMSimp_vector_axial_pp_xxj_NLO_eff/Events/run_31/events_PYTHIA8_0.hepmc.gz,139.8,20000,Axial,DM+QCDjets,500.0,50.0,1.0,0.25,atlas_exot_2018_06,IM0,14.6875837,18.6150113,0.038512,0.0013835
/home/yoxara/Insync/DMSimp_vector_axial_pp_xxj_NLO_eff/Events/run_31/events_PYTHIA8_0.hepmc.gz,139.8,20000,Axial,DM+QCDjets,500.0,50.0,1.0,0.25,atlas_exot_2018_06,IM1,9.1198544,11.4721959,0.024746,0.0011169
/home/yoxara/Insync/DMSimp_vector_axial_pp_xxj_NLO_eff/Events/run_31/events_PYTHIA8_0.hepmc.gz,139.8,20000,Axial,DM+QCDjets,500.0,50.0,1.0,0.25,atlas_exot_2018_06,IM2,7.5915652,10.4111092,0.0149131,0.0008714
/home/yoxara/Insync/DMSimp_vector_axial_pp_xxj_NLO_eff/Events/run_31/events_PYTHIA8_0.hepmc.gz,139.8,20000,Axial,DM+QCDjets,500.0,50.0,1.0,0.25,atlas_exot_2018_06,IM3,6.9331711,10.2471438,0.008194,0.0006481
/home/yoxara/Insync/DMSimp_vector_axial_pp_xxj_NLO_eff/Events/run_31/events_PYTHIA8_0.hepmc.gz,139.8,20000,Axial,DM+QCDjets,500.0,50.0,1.0,0.25,atlas_exot_2018_06,IM4,6.8870636,11.019062,0.0047525,0.0004945
/home/yoxara/Insync/DMSimp_vector_axial_pp_xxj_NLO_eff/Events/run_31/events_PYTHIA8_0.hepmc.gz,139.8,20000,Axial,DM+QCDjets,500.0,50.0,1.0,0.25,atlas_exot_2018_06,IM5,8.8027842,13.3585551,0.0016388,0.0002908
/home/yoxara/Insync/DMSimp_vector_axial_pp_xxj_NLO_eff/Events/run_31/events_PYTHIA8_0.hepmc.gz,139.8,20000,Axial,DM+QCDjets,500.0,50.0,1.0,0.25,atlas_exot_2018_06,IM6,11.1123492,16.2496034,0.0006555,0.000184
/home/yoxara/Insync/DMSimp_vector_axial_pp_xxj_NLO_eff/Events/run_31/events_PYTHIA8_0.hepmc.gz,139.8,20000,Axial,DM+QCDjets,500.0,50.0,1.0,0.25,atlas_exot_2018_06,IM7,-1.0,-1.0,0.0,0.0
/home/yoxara/Insync/DMSimp_vector_axial_pp_xxj_NLO_eff/Events/run_31/events_PYTHIA8_0.hepmc.gz,139.8,20000,Axial,DM+QCDjets,500.0,50.0,1.0,0.25,atlas_exot_2018_06,IM8,-1.0,-1.0,0.0,0.0
/home/yoxara/Insync/DMSimp_vector_axial_pp_xxj_NLO_eff/Events/run_31/events_PYTHIA8_0.hepmc.gz,139.8,20000,Axial,DM+QCDjets,500.0,50.0,1.0,0.25,atlas_exot_2018_06,IM9,-1.0,-1.0,0.0,0.0
/home/yoxara/Insync/DMSimp_vector_axial_pp_xxj_NLO_eff/Events/run_31/events_PYTHIA8_0.hepmc.gz,139.8,20000,Axial,DM+QCDjets,500.0,50.0,1.0,0.25,atlas_exot_2018_06,IM10,-1.0,-1.0,0.0,0.0
/home/yoxara/Insync/DMSimp_vector_axial_pp_xxj_NLO_eff/Events/run_31/events_PYTHIA8_0.hepmc.gz,139.8,20000,Axial,DM+QCDjets,500.0,50.0,1.0,0.25,atlas_exot_2018_06,IM11,-1.0,-1.0,0.0,0.0
/home/yoxara/Insync/DMSimp_vector_axial_pp_xxj_NLO_eff/Events/run_31/events_PYTHIA8_0.hepmc.gz,139.8,20000,Axial,DM+QCDjets,500.0,50.0,1.0,0.25,atlas_exot_2018_06,IM12,-1.0,-1.0,0.0,0.0
/home/yoxara/Insync/DMSimp_vector_axial_pp_xxj_NLO_eff/Events/run_31/events_PYTHIA8_0.hepmc.gz,139.8,20000,Axial,DM+QCDjets,500.0,50.0,1.0,0.25,atlas_exot_2018_06,EM0,26.6894339,29.8982358,0.013766,0.0008377
/home/yoxara/Insync/DMSimp_vector_axial_pp_xxj_NLO_eff/Events/run_31/events_PYTHIA8_0.hepmc.gz,139.8,20000,Axial,DM+QCDjets,500.0,50.0,1.0,0.25,atlas_exot_2018_06,EM1,12.9555212,12.6558647,0.0098328,0.0007094
/home/yoxara/Insync/DMSimp_vector_axial_pp_xxj_NLO_eff/Events/run_31/events_PYTHIA8_0.hepmc.gz,139.8,20000,Axial,DM+QCDjets,500.0,50.0,1.0,0.25,atlas_exot_2018_06,EM2,7.4553322,7.3760909,0.0067191,0.0005874
/home/yoxara/Insync/DMSimp_vector_axial_pp_xxj_NLO_eff/Events/run_31/events_PYTHIA8_0.hepmc.gz,139.8,20000,Axial,DM+QCDjets,500.0,50.0,1.0,0.25,atlas_exot_2018_06,EM3,6.7570011,8.1156383,0.0034415,0.0004211
/home/yoxara/Insync/DMSimp_vector_axial_pp_xxj_NLO_eff/Events/run_31/events_PYTHIA8_0.hepmc.gz,139.8,20000,Axial,DM+QCDjets,500.0,50.0,1.0,0.25,atlas_exot_2018_06,EM4,5.6151216,7.9271057,0.0031137,0.0004006
/home/yoxara/Insync/DMSimp_vector_axial_pp_xxj_NLO_eff/Events/run_31/events_PYTHIA8_0.hepmc.gz,139.8,20000,Axial,DM+QCDjets,500.0,50.0,1.0,0.25,atlas_exot_2018_06,EM5,6.2449662,7.6235918,0.0009833,0.0002253
/home/yoxara/Insync/DMSimp_vector_axial_pp_xxj_NLO_eff/Events/run_31/events_PYTHIA8_0.hepmc.gz,139.8,20000,Axial,DM+QCDjets,500.0,50.0,1.0,0.25,atlas_exot_2018_06,EM6,4.4332334,6.1613255,0.0006555,0.000184
/home/yoxara/Insync/DMSimp_vector_axial_pp_xxj_NLO_eff/Events/run_31/events_PYTHIA8_0.hepmc.gz,139.8,20000,Axial,DM+QCDjets,500.0,50.0,1.0,0.25,atlas_exot_2018_06,EM7,-1.0,-1.0,0.0,0.0
/home/yoxara/Insync/DMSimp_vector_axial_pp_xxj_NLO_eff/Events/run_31/events_PYTHIA8_0.hepmc.gz,139.8,20000,Axial,DM+QCDjets,500.0,50.0,1.0,0.25,atlas_exot_2018_06,EM8,-1.0,-1.0,0.0,0.0
/home/yoxara/Insync/DMSimp_vector_axial_pp_xxj_NLO_eff/Events/run_31/events_PYTHIA8_0.hepmc.gz,139.8,20000,Axial,DM+QCDjets,500.0,50.0,1.0,0.25,atlas_exot_2018_06,EM9,-1.0,-1.0,0.0,0.0
/home/yoxara/Insync/DMSimp_vector_axial_pp_xxj_NLO_eff/Events/run_31/events_PYTHIA8_0.hepmc.gz,139.8,20000,Axial,DM+QCDjets,500.0,50.0,1.0,0.25,atlas_exot_2018_06,EM10,-1.0,-1.0,0.0,0.0
/home/yoxara/Insync/DMSimp_vector_axial_pp_xxj_NLO_eff/Events/run_31/events_PYTHIA8_0.hepmc.gz,139.8,20000,Axial,DM+QCDjets,500.0,50.0,1.0,0.25,atlas_exot_2018_06,EM11,-1.0,-1.0,0.0,0.0
/home/yoxara/Insync/DMSimp_vector_axial_pp_xxj_NLO_eff/Events/run_31/events_PYTHIA8_0.hepmc.gz,139.8,20000,Axial,DM+QCDjets,500.0,50.0,1.0,0.25,atlas_exot_2018_06,EM12,-1.0,-1.0,0.0,0.0
/home/yoxara/Insync/DMSimp_vector_axial_pp_xxj_NLO_eff/Events/run_32/events_PYTHIA8_0.hepmc.gz,122.4,20000,Axial,DM+QCDjets,500.0,100.0,1.0,0.25,atlas_exot_2018_06,IM0,16.0007228,20.3167924,0.0352813,0.0013835
/home/yoxara/Insync/DMSimp_vector_axial_pp_xxj_NLO_eff/Events/run_32/events_PYTHIA8_0.hepmc.gz,122.4,20000,Axial,DM+QCDjets,500.0,100.0,1.0,0.25,atlas_exot_2018_06,IM1,8.988551,11.2950077,0.0251787,0.0011749
/home/yoxara/Insync/DMSimp_vector_axial_pp_xxj_NLO_eff/Events/run_32/events_PYTHIA8_0.hepmc.gz,122.4,20000,Axial,DM+QCDjets,500.0,100.0,1.0,0.25,atlas_exot_2018_06,IM2,7.4153251,10.2099442,0.0152316,0.0009184
/home/yoxara/Insync/DMSimp_vector_axial_pp_xxj_NLO_eff/Events/run_32/events_PYTHIA8_0.hepmc.gz,122.4,20000,Axial,DM+QCDjets,500.0,100.0,1.0,0.25,atlas_exot_2018_06,IM3,5.1587679,7.6052485,0.0110351,0.0007834
/home/yoxara/Insync/DMSimp_vector_axial_pp_xxj_NLO_eff/Events/run_32/events_PYTHIA8_0.hepmc.gz,122.4,20000,Axial,DM+QCDjets,500.0,100.0,1.0,0.25,atlas_exot_2018_06,IM4,5.1725616,8.2021786,0.0063724,0.0005967
/home/yoxara/Insync/DMSimp_vector_axial_pp_xxj_NLO_eff/Events/run_32/events_PYTHIA8_0.hepmc.gz,122.4,20000,Axial,DM+QCDjets,500.0,100.0,1.0,0.25,atlas_exot_2018_06,IM5,7.1775703,10.8320277,0.0020205,0.0003367
/home/yoxara/Insync/DMSimp_vector_axial_pp_xxj_NLO_eff/Events/run_32/events_PYTHIA8_0.hepmc.gz,122.4,20000,Axial,DM+QCDjets,500.0,100.0,1.0,0.25,atlas_exot_2018_06,IM6,9.3791582,13.7085598,0.0007771,0.000209
/home/yoxara/Insync/DMSimp_vector_axial_pp_xxj_NLO_eff/Events/run_32/events_PYTHIA8_0.hepmc.gz,122.4,20000,Axial,DM+QCDjets,500.0,100.0,1.0,0.25,atlas_exot_2018_06,IM7,23.0197076,27.1904581,0.0001554,9.35e-05
/home/yoxara/Insync/DMSimp_vector_axial_pp_xxj_NLO_eff/Events/run_32/events_PYTHIA8_0.hepmc.gz,122.4,20000,Axial,DM+QCDjets,500.0,100.0,1.0,0.25,atlas_exot_2018_06,IM8,-1.0,-1.0,0.0,0.0
/home/yoxara/Insync/DMSimp_vector_axial_pp_xxj_NLO_eff/Events/run_32/events_PYTHIA8_0.hepmc.gz,122.4,20000,Axial,DM+QCDjets,500.0,100.0,1.0,0.25,atlas_exot_2018_06,IM9,-1.0,-1.0,0.0,0.0
/home/yoxara/Insync/DMSimp_vector_axial_pp_xxj_NLO_eff/Events/run_32/events_PYTHIA8_0.hepmc.gz,122.4,20000,Axial,DM+QCDjets,500.0,100.0,1.0,0.25,atlas_exot_2018_06,IM10,-1.0,-1.0,0.0,0.0
/home/yoxara/Insync/DMSimp_vector_axial_pp_xxj_NLO_eff/Events/run_32/events_PYTHIA8_0.hepmc.gz,122.4,20000,Axial,DM+QCDjets,500.0,100.0,1.0,0.25,atlas_exot_2018_06,IM11,-1.0,-1.0,0.0,0.0
/home/yoxara/Insync/DMSimp_vector_axial_pp_xxj_NLO_eff/Events/run_32/events_PYTHIA8_0.hepmc.gz,122.4,20000,Axial,DM+QCDjets,500.0,100.0,1.0,0.25,atlas_exot_2018_06,IM12,-1.0,-1.0,0.0,0.0
/home/yoxara/Insync/DMSimp_vector_axial_pp_xxj_NLO_eff/Events/run_32/events_PYTHIA8_0.hepmc.gz,122.4,20000,Axial,DM+QCDjets,500.0,100.0,1.0,0.25,atlas_exot_2018_06,EM0,36.32296,40.6008707,0.0101026,0.0007499
/home/yoxara/Insync/DMSimp_vector_axial_pp_xxj_NLO_eff/Events/run_32/events_PYTHIA8_0.hepmc.gz,122.4,20000,Axial,DM+QCDjets,500.0,100.0,1.0,0.25,atlas_exot_2018_06,EM1,12.8460008,12.4978734,0.0099472,0.0007442
/home/yoxara/Insync/DMSimp_vector_axial_pp_xxj_NLO_eff/Events/run_32/events_PYTHIA8_0.hepmc.gz,122.4,20000,Axial,DM+QCDjets,500.0,100.0,1.0,0.25,atlas_exot_2018_06,EM2,11.9544134,11.8121135,0.0041965,0.0004848
/home/yoxara/Insync/DMSimp_vector_axial_pp_xxj_NLO_eff/Events/run_32/events_PYTHIA8_0.hepmc.gz,122.4,20000,Axial,DM+QCDjets,500.0,100.0,1.0,0.25,atlas_exot_2018_06,EM3,4.9900675,6.0230262,0.0046627,0.0005109
/home/yoxara/Insync/DMSimp_vector_axial_pp_xxj_NLO_eff/Events/run_32/events_PYTHIA8_0.hepmc.gz,122.4,20000,Axial,DM+QCDjets,500.0,100.0,1.0,0.25,atlas_exot_2018_06,EM4,4.0221182,5.671825,0.0043519,0.0004936
/home/yoxara/Insync/DMSimp_vector_axial_pp_xxj_NLO_eff/Events/run_32/events_PYTHIA8_0.hepmc.gz,122.4,20000,Axial,DM+QCDjets,500.0,100.0,1.0,0.25,atlas_exot_2018_06,EM5,4.9413484,6.0376386,0.0012434,0.0002643
/home/yoxara/Insync/DMSimp_vector_axial_pp_xxj_NLO_eff/Events/run_32/events_PYTHIA8_0.hepmc.gz,122.4,20000,Axial,DM+QCDjets,500.0,100.0,1.0,0.25,atlas_exot_2018_06,EM6,4.6900133,6.4785339,0.0006217,0.0001869
/home/yoxara/Insync/DMSimp_vector_axial_pp_xxj_NLO_eff/Events/run_32/events_PYTHIA8_0.hepmc.gz,122.4,20000,Axial,DM+QCDjets,500.0,100.0,1.0,0.25,atlas_exot_2018_06,EM7,9.2509834,13.4930307,0.0001554,9.35e-05
/home/yoxara/Insync/DMSimp_vector_axial_pp_xxj_NLO_eff/Events/run_32/events_PYTHIA8_0.hepmc.gz,122.4,20000,Axial,DM+QCDjets,500.0,100.0,1.0,0.25,atlas_exot_2018_06,EM8,-1.0,-1.0,0.0,0.0
/home/yoxara/Insync/DMSimp_vector_axial_pp_xxj_NLO_eff/Events/run_32/events_PYTHIA8_0.hepmc.gz,122.4,20000,Axial,DM+QCDjets,500.0,100.0,1.0,0.25,atlas_exot_2018_06,EM9,-1.0,-1.0,0.0,0.0
/home/yoxara/Insync/DMSimp_vector_axial_pp_xxj_NLO_eff/Events/run_32/events_PYTHIA8_0.hepmc.gz,122.4,20000,Axial,DM+QCDjets,500.0,100.0,1.0,0.25,atlas_exot_2018_06,EM10,-1.0,-1.0,0.0,0.0
/home/yoxara/Insync/DMSimp_vector_axial_pp_xxj_NLO_eff/Events/run_32/events_PYTHIA8_0.hepmc.gz,122.4,20000,Axial,DM+QCDjets,500.0,100.0,1.0,0.25,atlas_exot_2018_06,EM11,-1.0,-1.0,0.0,0.0
/home/yoxara/Insync/DMSimp_vector_axial_pp_xxj_NLO_eff/Events/run_32/events_PYTHIA8_0.hepmc.gz,122.4,20000,Axial,DM+QCDjets,500.0,100.0,1.0,0.25,atlas_exot_2018_06,EM12,-1.0,-1.0,0.0,0.0
/home/yoxara/Insync/DMSimp_vector_axial_pp_xxj_NLO_eff/Events/run_33/events_PYTHIA8_0.hepmc.gz,95.24,20000,Axial,DM+QCDjets,500.0,150.0,1.0,0.25,atlas_exot_2018_06,IM0,15.9157416,20.163365,0.0354489,0.0015953
/home/yoxara/Insync/DMSimp_vector_axial_pp_xxj_NLO_eff/Events/run_33/events_PYTHIA8_0.hepmc.gz,95.24,20000,Axial,DM+QCDjets,500.0,150.0,1.0,0.25,atlas_exot_2018_06,IM1,11.2208679,14.1368354,0.0201238,0.0012115
/home/yoxara/Insync/DMSimp_vector_axial_pp_xxj_NLO_eff/Events/run_33/events_PYTHIA8_0.hepmc.gz,95.24,20000,Axial,DM+QCDjets,500.0,150.0,1.0,0.25,atlas_exot_2018_06,IM2,10.4776753,14.3329097,0.0108359,0.0008932
/home/yoxara/Insync/DMSimp_vector_axial_pp_xxj_NLO_eff/Events/run_33/events_PYTHIA8_0.hepmc.gz,95.24,20000,Axial,DM+QCDjets,500.0,150.0,1.0,0.25,atlas_exot_2018_06,IM3,7.8650223,11.5331791,0.0072755,0.0007332
/home/yoxara/Insync/DMSimp_vector_axial_pp_xxj_NLO_eff/Events/run_33/events_PYTHIA8_0.hepmc.gz,95.24,20000,Axial,DM+QCDjets,500.0,150.0,1.0,0.25,atlas_exot_2018_06,IM4,5.8856205,9.3851529,0.0055728,0.0006422
/home/yoxara/Insync/DMSimp_vector_axial_pp_xxj_NLO_eff/Events/run_33/events_PYTHIA8_0.hepmc.gz,95.24,20000,Axial,DM+QCDjets,500.0,150.0,1.0,0.25,atlas_exot_2018_06,IM5,10.3562585,15.7071099,0.0013932,0.0003218
/home/yoxara/Insync/DMSimp_vector_axial_pp_xxj_NLO_eff/Events/run_33/events_PYTHIA8_0.hepmc.gz,95.24,20000,Axial,DM+QCDjets,500.0,150.0,1.0,0.25,atlas_exot_2018_06,IM6,-1.0,-1.0,0.0,0.0
/home/yoxara/Insync/DMSimp_vector_axial_pp_xxj_NLO_eff/Events/run_33/events_PYTHIA8_0.hepmc.gz,95.24,20000,Axial,DM+QCDjets,500.0,150.0,1.0,0.25,atlas_exot_2018_06,IM7,23.2125499,27.3043284,0.0001548,0.0001073
/home/yoxara/Insync/DMSimp_vector_axial_pp_xxj_NLO_eff/Events/run_33/events_PYTHIA8_0.hepmc.gz,95.24,20000,Axial,DM+QCDjets,500.0,150.0,1.0,0.25,atlas_exot_2018_06,IM8,-1.0,-1.0,0.0,0.0
/home/yoxara/Insync/DMSimp_vector_axial_pp_xxj_NLO_eff/Events/run_33/events_PYTHIA8_0.hepmc.gz,95.24,20000,Axial,DM+QCDjets,500.0,150.0,1.0,0.25,atlas_exot_2018_06,IM9,-1.0,-1.0,0.0,0.0
/home/yoxara/Insync/DMSimp_vector_axial_pp_xxj_NLO_eff/Events/run_33/events_PYTHIA8_0.hepmc.gz,95.24,20000,Axial,DM+QCDjets,500.0,150.0,1.0,0.25,atlas_exot_2018_06,IM10,-1.0,-1.0,0.0,0.0
/home/yoxara/Insync/DMSimp_vector_axial_pp_xxj_NLO_eff/Events/run_33/events_PYTHIA8_0.hepmc.gz,95.24,20000,Axial,DM+QCDjets,500.0,150.0,1.0,0.25,atlas_exot_2018_06,IM11,-1.0,-1.0,0.0,0.0
/home/yoxara/Insync/DMSimp_vector_axial_pp_xxj_NLO_eff/Events/run_33/events_PYTHIA8_0.hepmc.gz,95.24,20000,Axial,DM+QCDjets,500.0,150.0,1.0,0.25,atlas_exot_2018_06,IM12,-1.0,-1.0,0.0,0.0
/home/yoxara/Insync/DMSimp_vector_axial_pp_xxj_NLO_eff/Events/run_33/events_PYTHIA8_0.hepmc.gz,95.24,20000,Axial,DM+QCDjets,500.0,150.0,1.0,0.25,atlas_exot_2018_06,EM0,23.9669751,26.7132078,0.0153251,0.0010598
/home/yoxara/Insync/DMSimp_vector_axial_pp_xxj_NLO_eff/Events/run_33/events_PYTHIA8_0.hepmc.gz,95.24,20000,Axial,DM+QCDjets,500.0,150.0,1.0,0.25,atlas_exot_2018_06,EM1,13.7247697,13.3142335,0.0092879,0.0008276
/home/yoxara/Insync/DMSimp_vector_axial_pp_xxj_NLO_eff/Events/run_33/events_PYTHIA8_0.hepmc.gz,95.24,20000,Axial,DM+QCDjets,500.0,150.0,1.0,0.25,atlas_exot_2018_06,EM2,14.013724,13.9431336,0.0035604,0.0005139
/home/yoxara/Insync/DMSimp_vector_axial_pp_xxj_NLO_eff/Events/run_33/events_PYTHIA8_0.hepmc.gz,95.24,20000,Axial,DM+QCDjets,500.0,150.0,1.0,0.25,atlas_exot_2018_06,EM3,13.6028944,16.4858452,0.0017028,0.0003557
/home/yoxara/Insync/DMSimp_vector_axial_pp_xxj_NLO_eff/Events/run_33/events_PYTHIA8_0.hepmc.gz,95.24,20000,Axial,DM+QCDjets,500.0,150.0,1.0,0.25,atlas_exot_2018_06,EM4,4.2089082,5.9035997,0.0041796,0.0005566
/home/yoxara/Insync/DMSimp_vector_axial_pp_xxj_NLO_eff/Events/run_33/events_PYTHIA8_0.hepmc.gz,95.24,20000,Axial,DM+QCDjets,500.0,150.0,1.0,0.25,atlas_exot_2018_06,EM5,4.4104332,5.366936,0.0013932,0.0003218
/home/yoxara/Insync/DMSimp_vector_axial_pp_xxj_NLO_eff/Events/run_33/events_PYTHIA8_0.hepmc.gz,95.24,20000,Axial,DM+QCDjets,500.0,150.0,1.0,0.25,atlas_exot_2018_06,EM6,-1.0,-1.0,0.0,0.0
/home/yoxara/Insync/DMSimp_vector_axial_pp_xxj_NLO_eff/Events/run_33/events_PYTHIA8_0.hepmc.gz,95.24,20000,Axial,DM+QCDjets,500.0,150.0,1.0,0.25,atlas_exot_2018_06,EM7,9.2495446,13.5268191,0.0001548,0.0001073
/home/yoxara/Insync/DMSimp_vector_axial_pp_xxj_NLO_eff/Events/run_33/events_PYTHIA8_0.hepmc.gz,95.24,20000,Axial,DM+QCDjets,500.0,150.0,1.0,0.25,atlas_exot_2018_06,EM8,-1.0,-1.0,0.0,0.0
/home/yoxara/Insync/DMSimp_vector_axial_pp_xxj_NLO_eff/Events/run_33/events_PYTHIA8_0.hepmc.gz,95.24,20000,Axial,DM+QCDjets,500.0,150.0,1.0,0.25,atlas_exot_2018_06,EM9,-1.0,-1.0,0.0,0.0
/home/yoxara/Insync/DMSimp_vector_axial_pp_xxj_NLO_eff/Events/run_33/events_PYTHIA8_0.hepmc.gz,95.24,20000,Axial,DM+QCDjets,500.0,150.0,1.0,0.25,atlas_exot_2018_06,EM10,-1.0,-1.0,0.0,0.0
/home/yoxara/Insync/DMSimp_vector_axial_pp_xxj_NLO_eff/Events/run_33/events_PYTHIA8_0.hepmc.gz,95.24,20000,Axial,DM+QCDjets,500.0,150.0,1.0,0.25,atlas_exot_2018_06,EM11,-1.0,-1.0,0.0,0.0
/home/yoxara/Insync/DMSimp_vector_axial_pp_xxj_NLO_eff/Events/run_33/events_PYTHIA8_0.hepmc.gz,95.24,20000,Axial,DM+QCDjets,500.0,150.0,1.0,0.25,atlas_exot_2018_06,EM12,-1.0,-1.0,0.0,0.0
/home/yoxara/Insync/DMSimp_vector_axial_pp_xxj_NLO_eff/Events/run_34/events_PYTHIA8_0.hepmc.gz,50.99,20000,Axial,DM+QCDjets,500.0,200.0,1.0,0.25,atlas_exot_2018_06,IM0,13.0506862,16.5848804,0.04324,0.0024033
/home/yoxara/Insync/DMSimp_vector_axial_pp_xxj_NLO_eff/Events/run_34/events_PYTHIA8_0.hepmc.gz,50.99,20000,Axial,DM+QCDjets,500.0,200.0,1.0,0.25,atlas_exot_2018_06,IM1,7.7721011,9.7737815,0.0290804,0.0019854
/home/yoxara/Insync/DMSimp_vector_axial_pp_xxj_NLO_eff/Events/run_34/events_PYTHIA8_0.hepmc.gz,50.99,20000,Axial,DM+QCDjets,500.0,200.0,1.0,0.25,atlas_exot_2018_06,IM2,5.95696,8.1829993,0.0190317,0.0016145
/home/yoxara/Insync/DMSimp_vector_axial_pp_xxj_NLO_eff/Events/run_34/events_PYTHIA8_0.hepmc.gz,50.99,20000,Axial,DM+QCDjets,500.0,200.0,1.0,0.25,atlas_exot_2018_06,IM3,4.8044177,7.0543441,0.0118758,0.00128
/home/yoxara/Insync/DMSimp_vector_axial_pp_xxj_NLO_eff/Events/run_34/events_PYTHIA8_0.hepmc.gz,50.99,20000,Axial,DM+QCDjets,500.0,200.0,1.0,0.25,atlas_exot_2018_06,IM4,3.6640319,5.8045582,0.0089829,0.0011148
/home/yoxara/Insync/DMSimp_vector_axial_pp_xxj_NLO_eff/Events/run_34/events_PYTHIA8_0.hepmc.gz,50.99,20000,Axial,DM+QCDjets,500.0,200.0,1.0,0.25,atlas_exot_2018_06,IM5,3.3703998,5.1238763,0.0042631,0.0007698
/home/yoxara/Insync/DMSimp_vector_axial_pp_xxj_NLO_eff/Events/run_34/events_PYTHIA8_0.hepmc.gz,50.99,20000,Axial,DM+QCDjets,500.0,200.0,1.0,0.25,atlas_exot_2018_06,IM6,3.4070611,4.9979937,0.0021315,0.0005449
/home/yoxara/Insync/DMSimp_vector_axial_pp_xxj_NLO_eff/Events/run_34/events_PYTHIA8_0.hepmc.gz,50.99,20000,Axial,DM+QCDjets,500.0,200.0,1.0,0.25,atlas_exot_2018_06,IM7,4.6961894,5.5531258,0.0007613,0.0003259
/home/yoxara/Insync/DMSimp_vector_axial_pp_xxj_NLO_eff/Events/run_34/events_PYTHIA8_0.hepmc.gz,50.99,20000,Axial,DM+QCDjets,500.0,200.0,1.0,0.25,atlas_exot_2018_06,IM8,3.2836327,3.5096095,0.000609,0.0002915
/home/yoxara/Insync/DMSimp_vector_axial_pp_xxj_NLO_eff/Events/run_34/events_PYTHIA8_0.hepmc.gz,50.99,20000,Axial,DM+QCDjets,500.0,200.0,1.0,0.25,atlas_exot_2018_06,IM9,8.33534,7.8096981,0.0001523,0.0001458
/home/yoxara/Insync/DMSimp_vector_axial_pp_xxj_NLO_eff/Events/run_34/events_PYTHIA8_0.hepmc.gz,50.99,20000,Axial,DM+QCDjets,500.0,200.0,1.0,0.25,atlas_exot_2018_06,IM10,-1.0,-1.0,0.0,0.0
/home/yoxara/Insync/DMSimp_vector_axial_pp_xxj_NLO_eff/Events/run_34/events_PYTHIA8_0.hepmc.gz,50.99,20000,Axial,DM+QCDjets,500.0,200.0,1.0,0.25,atlas_exot_2018_06,IM11,-1.0,-1.0,0.0,0.0
/home/yoxara/Insync/DMSimp_vector_axial_pp_xxj_NLO_eff/Events/run_34/events_PYTHIA8_0.hepmc.gz,50.99,20000,Axial,DM+QCDjets,500.0,200.0,1.0,0.25,atlas_exot_2018_06,IM12,-1.0,-1.0,0.0,0.0
/home/yoxara/Insync/DMSimp_vector_axial_pp_xxj_NLO_eff/Events/run_34/events_PYTHIA8_0.hepmc.gz,50.99,20000,Axial,DM+QCDjets,500.0,200.0,1.0,0.25,atlas_exot_2018_06,EM0,25.9853272,28.9854525,0.0141596,0.001396
/home/yoxara/Insync/DMSimp_vector_axial_pp_xxj_NLO_eff/Events/run_34/events_PYTHIA8_0.hepmc.gz,50.99,20000,Axial,DM+QCDjets,500.0,200.0,1.0,0.25,atlas_exot_2018_06,EM1,12.6542027,12.3696594,0.0100487,0.0011785
/home/yoxara/Insync/DMSimp_vector_axial_pp_xxj_NLO_eff/Events/run_34/events_PYTHIA8_0.hepmc.gz,50.99,20000,Axial,DM+QCDjets,500.0,200.0,1.0,0.25,atlas_exot_2018_06,EM2,6.9939429,6.9450025,0.0071559,0.0009959
/home/yoxara/Insync/DMSimp_vector_axial_pp_xxj_NLO_eff/Events/run_34/events_PYTHIA8_0.hepmc.gz,50.99,20000,Axial,DM+QCDjets,500.0,200.0,1.0,0.25,atlas_exot_2018_06,EM3,8.0427689,9.6973394,0.0028928,0.0006346
/home/yoxara/Insync/DMSimp_vector_axial_pp_xxj_NLO_eff/Events/run_34/events_PYTHIA8_0.hepmc.gz,50.99,20000,Axial,DM+QCDjets,500.0,200.0,1.0,0.25,atlas_exot_2018_06,EM4,3.7487388,5.2252279,0.0047199,0.0008098
/home/yoxara/Insync/DMSimp_vector_axial_pp_xxj_NLO_eff/Events/run_34/events_PYTHIA8_0.hepmc.gz,50.99,20000,Axial,DM+QCDjets,500.0,200.0,1.0,0.25,atlas_exot_2018_06,EM5,2.8790702,3.4959403,0.0021315,0.0005449
/home/yoxara/Insync/DMSimp_vector_axial_pp_xxj_NLO_eff/Events/run_34/events_PYTHIA8_0.hepmc.gz,50.99,20000,Axial,DM+QCDjets,500.0,200.0,1.0,0.25,atlas_exot_2018_06,EM6,2.1267764,2.9517943,0.0013703,0.0004371
/home/yoxara/Insync/DMSimp_vector_axial_pp_xxj_NLO_eff/Events/run_34/events_PYTHIA8_0.hepmc.gz,50.99,20000,Axial,DM+QCDjets,500.0,200.0,1.0,0.25,atlas_exot_2018_06,EM7,9.3986392,13.7527175,0.0001523,0.0001458
/home/yoxara/Insync/DMSimp_vector_axial_pp_xxj_NLO_eff/Events/run_34/events_PYTHIA8_0.hepmc.gz,50.99,20000,Axial,DM+QCDjets,500.0,200.0,1.0,0.25,atlas_exot_2018_06,EM8,1.7668999,2.0474858,0.0004568,0.0002525
/home/yoxara/Insync/DMSimp_vector_axial_pp_xxj_NLO_eff/Events/run_34/events_PYTHIA8_0.hepmc.gz,50.99,20000,Axial,DM+QCDjets,500.0,200.0,1.0,0.25,atlas_exot_2018_06,EM9,3.2158165,2.7327272,0.0001523,0.0001458
/home/yoxara/Insync/DMSimp_vector_axial_pp_xxj_NLO_eff/Events/run_34/events_PYTHIA8_0.hepmc.gz,50.99,20000,Axial,DM+QCDjets,500.0,200.0,1.0,0.25,atlas_exot_2018_06,EM10,-1.0,-1.0,0.0,0.0
/home/yoxara/Insync/DMSimp_vector_axial_pp_xxj_NLO_eff/Events/run_34/events_PYTHIA8_0.hepmc.gz,50.99,20000,Axial,DM+QCDjets,500.0,200.0,1.0,0.25,atlas_exot_2018_06,EM11,-1.0,-1.0,0.0,0.0
/home/yoxara/Insync/DMSimp_vector_axial_pp_xxj_NLO_eff/Events/run_34/events_PYTHIA8_0.hepmc.gz,50.99,20000,Axial,DM+QCDjets,500.0,200.0,1.0,0.25,atlas_exot_2018_06,EM12,-1.0,-1.0,0.0,0.0
/home/yoxara/Insync/DMSimp_vector_axial_pp_xxj_NLO_eff/Events/run_35/events_PYTHIA8_0.hepmc.gz,2.747,20000,Axial,DM+QCDjets,500.0,250.0,1.0,0.25,atlas_exot_2018_06,IM0,12.4132929,15.808469,0.0453846,0.0105694
/home/yoxara/Insync/DMSimp_vector_axial_pp_xxj_NLO_eff/Events/run_35/events_PYTHIA8_0.hepmc.gz,2.747,20000,Axial,DM+QCDjets,500.0,250.0,1.0,0.25,atlas_exot_2018_06,IM1,7.8116685,9.8565388,0.0289231,0.00851
/home/yoxara/Insync/DMSimp_vector_axial_pp_xxj_NLO_eff/Events/run_35/events_PYTHIA8_0.hepmc.gz,2.747,20000,Axial,DM+QCDjets,500.0,250.0,1.0,0.25,atlas_exot_2018_06,IM2,6.5963218,9.0723175,0.0172308,0.0066079
/home/yoxara/Insync/DMSimp_vector_axial_pp_xxj_NLO_eff/Events/run_35/events_PYTHIA8_0.hepmc.gz,2.747,20000,Axial,DM+QCDjets,500.0,250.0,1.0,0.25,atlas_exot_2018_06,IM3,6.198094,9.1297212,0.0092308,0.0048561
/home/yoxara/Insync/DMSimp_vector_axial_pp_xxj_NLO_eff/Events/run_35/events_PYTHIA8_0.hepmc.gz,2.747,20000,Axial,DM+QCDjets,500.0,250.0,1.0,0.25,atlas_exot_2018_06,IM4,6.1080563,9.7478537,0.0053846,0.0037161
/home/yoxara/Insync/DMSimp_vector_axial_pp_xxj_NLO_eff/Events/run_35/events_PYTHIA8_0.hepmc.gz,2.747,20000,Axial,DM+QCDjets,500.0,250.0,1.0,0.25,atlas_exot_2018_06,IM5,9.3875095,14.2172423,0.0015385,0.0019902
/home/yoxara/Insync/DMSimp_vector_axial_pp_xxj_NLO_eff/Events/run_35/events_PYTHIA8_0.hepmc.gz,2.747,20000,Axial,DM+QCDjets,500.0,250.0,1.0,0.25,atlas_exot_2018_06,IM6,11.792605,17.3123956,0.0006154,0.0012593
/home/yoxara/Insync/DMSimp_vector_axial_pp_xxj_NLO_eff/Events/run_35/events_PYTHIA8_0.hepmc.gz,2.747,20000,Axial,DM+QCDjets,500.0,250.0,1.0,0.25,atlas_exot_2018_06,IM7,-1.0,-1.0,0.0,0.0
/home/yoxara/Insync/DMSimp_vector_axial_pp_xxj_NLO_eff/Events/run_35/events_PYTHIA8_0.hepmc.gz,2.747,20000,Axial,DM+QCDjets,500.0,250.0,1.0,0.25,atlas_exot_2018_06,IM8,-1.0,-1.0,0.0,0.0
/home/yoxara/Insync/DMSimp_vector_axial_pp_xxj_NLO_eff/Events/run_35/events_PYTHIA8_0.hepmc.gz,2.747,20000,Axial,DM+QCDjets,500.0,250.0,1.0,0.25,atlas_exot_2018_06,IM9,-1.0,-1.0,0.0,0.0
/home/yoxara/Insync/DMSimp_vector_axial_pp_xxj_NLO_eff/Events/run_35/events_PYTHIA8_0.hepmc.gz,2.747,20000,Axial,DM+QCDjets,500.0,250.0,1.0,0.25,atlas_exot_2018_06,IM10,-1.0,-1.0,0.0,0.0
/home/yoxara/Insync/DMSimp_vector_axial_pp_xxj_NLO_eff/Events/run_35/events_PYTHIA8_0.hepmc.gz,2.747,20000,Axial,DM+QCDjets,500.0,250.0,1.0,0.25,atlas_exot_2018_06,IM11,-1.0,-1.0,0.0,0.0
/home/yoxara/Insync/DMSimp_vector_axial_pp_xxj_NLO_eff/Events/run_35/events_PYTHIA8_0.hepmc.gz,2.747,20000,Axial,DM+QCDjets,500.0,250.0,1.0,0.25,atlas_exot_2018_06,IM12,-1.0,-1.0,0.0,0.0
/home/yoxara/Insync/DMSimp_vector_axial_pp_xxj_NLO_eff/Events/run_35/events_PYTHIA8_0.hepmc.gz,2.747,20000,Axial,DM+QCDjets,500.0,250.0,1.0,0.25,atlas_exot_2018_06,EM0,22.4125962,24.9578212,0.0164615,0.0064612
/home/yoxara/Insync/DMSimp_vector_axial_pp_xxj_NLO_eff/Events/run_35/events_PYTHIA8_0.hepmc.gz,2.747,20000,Axial,DM+QCDjets,500.0,250.0,1.0,0.25,atlas_exot_2018_06,EM1,10.9132,10.68323,0.0116923,0.0054586
/home/yoxara/Insync/DMSimp_vector_axial_pp_xxj_NLO_eff/Events/run_35/events_PYTHIA8_0.hepmc.gz,2.747,20000,Axial,DM+QCDjets,500.0,250.0,1.0,0.25,atlas_exot_2018_06,EM2,6.2366706,6.1976044,0.008,0.0045236
/home/yoxara/Insync/DMSimp_vector_axial_pp_xxj_NLO_eff/Events/run_35/events_PYTHIA8_0.hepmc.gz,2.747,20000,Axial,DM+QCDjets,500.0,250.0,1.0,0.25,atlas_exot_2018_06,EM3,6.0203636,7.2861915,0.0038462,0.0031431
/home/yoxara/Insync/DMSimp_vector_axial_pp_xxj_NLO_eff/Events/run_35/events_PYTHIA8_0.hepmc.gz,2.747,20000,Axial,DM+QCDjets,500.0,250.0,1.0,0.25,atlas_exot_2018_06,EM4,4.5593521,6.4302969,0.0038462,0.0031431
/home/yoxara/Insync/DMSimp_vector_axial_pp_xxj_NLO_eff/Events/run_35/events_PYTHIA8_0.hepmc.gz,2.747,20000,Axial,DM+QCDjets,500.0,250.0,1.0,0.25,atlas_exot_2018_06,EM5,6.6414388,8.0954367,0.0009231,0.0015421
/home/yoxara/Insync/DMSimp_vector_axial_pp_xxj_NLO_eff/Events/run_35/events_PYTHIA8_0.hepmc.gz,2.747,20000,Axial,DM+QCDjets,500.0,250.0,1.0,0.25,atlas_exot_2018_06,EM6,2.694978,3.7569604,0.0010769,0.0016655
/home/yoxara/Insync/DMSimp_vector_axial_pp_xxj_NLO_eff/Events/run_35/events_PYTHIA8_0.hepmc.gz,2.747,20000,Axial,DM+QCDjets,500.0,250.0,1.0,0.25,atlas_exot_2018_06,EM7,-1.0,-1.0,0.0,0.0
/home/yoxara/Insync/DMSimp_vector_axial_pp_xxj_NLO_eff/Events/run_35/events_PYTHIA8_0.hepmc.gz,2.747,20000,Axial,DM+QCDjets,500.0,250.0,1.0,0.25,atlas_exot_2018_06,EM8,-1.0,-1.0,0.0,0.0
/home/yoxara/Insync/DMSimp_vector_axial_pp_xxj_NLO_eff/Events/run_35/events_PYTHIA8_0.hepmc.gz,2.747,20000,Axial,DM+QCDjets,500.0,250.0,1.0,0.25,atlas_exot_2018_06,EM9,-1.0,-1.0,0.0,0.0
/home/yoxara/Insync/DMSimp_vector_axial_pp_xxj_NLO_eff/Events/run_35/events_PYTHIA8_0.hepmc.gz,2.747,20000,Axial,DM+QCDjets,500.0,250.0,1.0,0.25,atlas_exot_2018_06,EM10,-1.0,-1.0,0.0,0.0
/home/yoxara/Insync/DMSimp_vector_axial_pp_xxj_NLO_eff/Events/run_35/events_PYTHIA8_0.hepmc.gz,2.747,20000,Axial,DM+QCDjets,500.0,250.0,1.0,0.25,atlas_exot_2018_06,EM11,-1.0,-1.0,0.0,0.0
/home/yoxara/Insync/DMSimp_vector_axial_pp_xxj_NLO_eff/Events/run_35/events_PYTHIA8_0.hepmc.gz,2.747,20000,Axial,DM+QCDjets,500.0,250.0,1.0,0.25,atlas_exot_2018_06,EM12,-1.0,-1.0,0.0,0.0
/home/yoxara/Insync/DMSimp_vector_axial_pp_xxj_NLO_eff/Events/run_36/events_PYTHIA8_0.hepmc.gz,1.378,20000,Axial,DM+QCDjets,500.0,260.0,1.0,0.25,atlas_exot_2018_06,IM0,11.5944327,14.6554357,0.0489324,0.015053
/home/yoxara/Insync/DMSimp_vector_axial_pp_xxj_NLO_eff/Events/run_36/events_PYTHIA8_0.hepmc.gz,1.378,20000,Axial,DM+QCDjets,500.0,260.0,1.0,0.25,atlas_exot_2018_06,IM1,6.7785337,8.5210691,0.033363,0.0125309
/home/yoxara/Insync/DMSimp_vector_axial_pp_xxj_NLO_eff/Events/run_36/events_PYTHIA8_0.hepmc.gz,1.378,20000,Axial,DM+QCDjets,500.0,260.0,1.0,0.25,atlas_exot_2018_06,IM2,4.9905241,6.8618562,0.0226868,0.0103902
/home/yoxara/Insync/DMSimp_vector_axial_pp_xxj_NLO_eff/Events/run_36/events_PYTHIA8_0.hepmc.gz,1.378,20000,Axial,DM+QCDjets,500.0,260.0,1.0,0.25,atlas_exot_2018_06,IM3,3.6534306,5.4015608,0.0155694,0.0086387
/home/yoxara/Insync/DMSimp_vector_axial_pp_xxj_NLO_eff/Events/run_36/events_PYTHIA8_0.hepmc.gz,1.378,20000,Axial,DM+QCDjets,500.0,260.0,1.0,0.25,atlas_exot_2018_06,IM4,3.0896077,4.8921316,0.0106762,0.0071713
/home/yoxara/Insync/DMSimp_vector_axial_pp_xxj_NLO_eff/Events/run_36/events_PYTHIA8_0.hepmc.gz,1.378,20000,Axial,DM+QCDjets,500.0,260.0,1.0,0.25,atlas_exot_2018_06,IM5,2.2537974,3.424773,0.006376,0.005554
/home/yoxara/Insync/DMSimp_vector_axial_pp_xxj_NLO_eff/Events/run_36/events_PYTHIA8_0.hepmc.gz,1.378,20000,Axial,DM+QCDjets,500.0,260.0,1.0,0.25,atlas_exot_2018_06,IM6,2.351872,3.4239902,0.0031139,0.0038877
/home/yoxara/Insync/DMSimp_vector_axial_pp_xxj_NLO_eff/Events/run_36/events_PYTHIA8_0.hepmc.gz,1.378,20000,Axial,DM+QCDjets,500.0,260.0,1.0,0.25,atlas_exot_2018_06,IM7,4.0340327,4.7498432,0.0008897,0.0020804
/home/yoxara/Insync/DMSimp_vector_axial_pp_xxj_NLO_eff/Events/run_36/events_PYTHIA8_0.hepmc.gz,1.378,20000,Axial,DM+QCDjets,500.0,260.0,1.0,0.25,atlas_exot_2018_06,IM8,6.7649133,7.2182092,0.0002966,0.0012015
/home/yoxara/Insync/DMSimp_vector_axial_pp_xxj_NLO_eff/Events/run_36/events_PYTHIA8_0.hepmc.gz,1.378,20000,Axial,DM+QCDjets,500.0,260.0,1.0,0.25,atlas_exot_2018_06,IM9,8.5356102,8.0360484,0.0001483,0.0008496
/home/yoxara/Insync/DMSimp_vector_axial_pp_xxj_NLO_eff/Events/run_36/events_PYTHIA8_0.hepmc.gz,1.378,20000,Axial,DM+QCDjets,500.0,260.0,1.0,0.25,atlas_exot_2018_06,IM10,-1.0,-1.0,0.0,0.0
/home/yoxara/Insync/DMSimp_vector_axial_pp_xxj_NLO_eff/Events/run_36/events_PYTHIA8_0.hepmc.gz,1.378,20000,Axial,DM+QCDjets,500.0,260.0,1.0,0.25,atlas_exot_2018_06,IM11,-1.0,-1.0,0.0,0.0
/home/yoxara/Insync/DMSimp_vector_axial_pp_xxj_NLO_eff/Events/run_36/events_PYTHIA8_0.hepmc.gz,1.378,20000,Axial,DM+QCDjets,500.0,260.0,1.0,0.25,atlas_exot_2018_06,IM12,-1.0,-1.0,0.0,0.0
/home/yoxara/Insync/DMSimp_vector_axial_pp_xxj_NLO_eff/Events/run_36/events_PYTHIA8_0.hepmc.gz,1.378,20000,Axial,DM+QCDjets,500.0,260.0,1.0,0.25,atlas_exot_2018_06,EM0,23.5364821,26.2974525,0.0155694,0.0086387
/home/yoxara/Insync/DMSimp_vector_axial_pp_xxj_NLO_eff/Events/run_36/events_PYTHIA8_0.hepmc.gz,1.378,20000,Axial,DM+QCDjets,500.0,260.0,1.0,0.25,atlas_exot_2018_06,EM1,11.9156463,11.6929585,0.0106762,0.0071713
/home/yoxara/Insync/DMSimp_vector_axial_pp_xxj_NLO_eff/Events/run_36/events_PYTHIA8_0.hepmc.gz,1.378,20000,Axial,DM+QCDjets,500.0,260.0,1.0,0.25,atlas_exot_2018_06,EM2,7.0237475,6.9566938,0.0071174,0.0058658
/home/yoxara/Insync/DMSimp_vector_axial_pp_xxj_NLO_eff/Events/run_36/events_PYTHIA8_0.hepmc.gz,1.378,20000,Axial,DM+QCDjets,500.0,260.0,1.0,0.25,atlas_exot_2018_06,EM3,4.7555416,5.7333379,0.0048932,0.0048691
/home/yoxara/Insync/DMSimp_vector_axial_pp_xxj_NLO_eff/Events/run_36/events_PYTHIA8_0.hepmc.gz,1.378,20000,Axial,DM+QCDjets,500.0,260.0,1.0,0.25,atlas_exot_2018_06,EM4,4.0804875,5.714676,0.0043001,0.0045659
/home/yoxara/Insync/DMSimp_vector_axial_pp_xxj_NLO_eff/Events/run_36/events_PYTHIA8_0.hepmc.gz,1.378,20000,Axial,DM+QCDjets,500.0,260.0,1.0,0.25,atlas_exot_2018_06,EM5,1.8786686,2.2941823,0.0032622,0.0039789
/home/yoxara/Insync/DMSimp_vector_axial_pp_xxj_NLO_eff/Events/run_36/events_PYTHIA8_0.hepmc.gz,1.378,20000,Axial,DM+QCDjets,500.0,260.0,1.0,0.25,atlas_exot_2018_06,EM6,1.3036651,1.8127659,0.0022242,0.0032872
/home/yoxara/Insync/DMSimp_vector_axial_pp_xxj_NLO_eff/Events/run_36/events_PYTHIA8_0.hepmc.gz,1.378,20000,Axial,DM+QCDjets,500.0,260.0,1.0,0.25,atlas_exot_2018_06,EM7,2.418902,3.5347995,0.0005931,0.0016989
/home/yoxara/Insync/DMSimp_vector_axial_pp_xxj_NLO_eff/Events/run_36/events_PYTHIA8_0.hepmc.gz,1.378,20000,Axial,DM+QCDjets,500.0,260.0,1.0,0.25,atlas_exot_2018_06,EM8,5.4536176,6.2615343,0.0001483,0.0008496
/home/yoxara/Insync/DMSimp_vector_axial_pp_xxj_NLO_eff/Events/run_36/events_PYTHIA8_0.hepmc.gz,1.378,20000,Axial,DM+QCDjets,500.0,260.0,1.0,0.25,atlas_exot_2018_06,EM9,1.6575248,1.4033525,0.0002966,0.0012015
/home/yoxara/Insync/DMSimp_vector_axial_pp_xxj_NLO_eff/Events/run_36/events_PYTHIA8_0.hepmc.gz,1.378,20000,Axial,DM+QCDjets,500.0,260.0,1.0,0.25,atlas_exot_2018_06,EM10,-1.0,-1.0,0.0,0.0
/home/yoxara/Insync/DMSimp_vector_axial_pp_xxj_NLO_eff/Events/run_36/events_PYTHIA8_0.hepmc.gz,1.378,20000,Axial,DM+QCDjets,500.0,260.0,1.0,0.25,atlas_exot_2018_06,EM11,-1.0,-1.0,0.0,0.0
/home/yoxara/Insync/DMSimp_vector_axial_pp_xxj_NLO_eff/Events/run_36/events_PYTHIA8_0.hepmc.gz,1.378,20000,Axial,DM+QCDjets,500.0,260.0,1.0,0.25,atlas_exot_2018_06,EM12,-1.0,-1.0,0.0,0.0
/home/yoxara/Insync/DMSimp_vector_axial_pp_xxj_NLO_eff/Events/run_37/events_PYTHIA8_0.hepmc.gz,0.4141,20000,Axial,DM+QCDjets,500.0,300.0,1.0,0.25,atlas_exot_2018_06,IM0,9.6775887,12.2936773,0.0582094,0.0301808
/home/yoxara/Insync/DMSimp_vector_axial_pp_xxj_NLO_eff/Events/run_37/events_PYTHIA8_0.hepmc.gz,0.4141,20000,Axial,DM+QCDjets,500.0,300.0,1.0,0.25,atlas_exot_2018_06,IM1,5.1915135,6.4828814,0.0438152,0.026384
/home/yoxara/Insync/DMSimp_vector_axial_pp_xxj_NLO_eff/Events/run_37/events_PYTHIA8_0.hepmc.gz,0.4141,20000,Axial,DM+QCDjets,500.0,300.0,1.0,0.25,atlas_exot_2018_06,IM2,3.8919134,5.3380408,0.0291047,0.0216683
/home/yoxara/Insync/DMSimp_vector_axial_pp_xxj_NLO_eff/Events/run_37/events_PYTHIA8_0.hepmc.gz,0.4141,20000,Axial,DM+QCDjets,500.0,300.0,1.0,0.25,atlas_exot_2018_06,IM3,2.8401619,4.1702643,0.0200886,0.0180853
/home/yoxara/Insync/DMSimp_vector_axial_pp_xxj_NLO_eff/Events/run_37/events_PYTHIA8_0.hepmc.gz,0.4141,20000,Axial,DM+QCDjets,500.0,300.0,1.0,0.25,atlas_exot_2018_06,IM4,2.2294242,3.5558374,0.0147105,0.0155186
/home/yoxara/Insync/DMSimp_vector_axial_pp_xxj_NLO_eff/Events/run_37/events_PYTHIA8_0.hepmc.gz,0.4141,20000,Axial,DM+QCDjets,500.0,300.0,1.0,0.25,atlas_exot_2018_06,IM5,1.6191206,2.4613698,0.008858,0.0120779
/home/yoxara/Insync/DMSimp_vector_axial_pp_xxj_NLO_eff/Events/run_37/events_PYTHIA8_0.hepmc.gz,0.4141,20000,Axial,DM+QCDjets,500.0,300.0,1.0,0.25,atlas_exot_2018_06,IM6,1.4857687,2.1667055,0.0049035,0.0090042
/home/yoxara/Insync/DMSimp_vector_axial_pp_xxj_NLO_eff/Events/run_37/events_PYTHIA8_0.hepmc.gz,0.4141,20000,Axial,DM+QCDjets,500.0,300.0,1.0,0.25,atlas_exot_2018_06,IM7,1.3364486,1.5731184,0.002689,0.0066753
/home/yoxara/Insync/DMSimp_vector_axial_pp_xxj_NLO_eff/Events/run_37/events_PYTHIA8_0.hepmc.gz,0.4141,20000,Axial,DM+QCDjets,500.0,300.0,1.0,0.25,atlas_exot_2018_06,IM8,1.4062906,1.5106274,0.0014236,0.0048601
/home/yoxara/Insync/DMSimp_vector_axial_pp_xxj_NLO_eff/Events/run_37/events_PYTHIA8_0.hepmc.gz,0.4141,20000,Axial,DM+QCDjets,500.0,300.0,1.0,0.25,atlas_exot_2018_06,IM9,1.5932456,1.5080904,0.0007909,0.0036236
/home/yoxara/Insync/DMSimp_vector_axial_pp_xxj_NLO_eff/Events/run_37/events_PYTHIA8_0.hepmc.gz,0.4141,20000,Axial,DM+QCDjets,500.0,300.0,1.0,0.25,atlas_exot_2018_06,IM10,1.4751294,2.2822728,0.0006327,0.0032413
/home/yoxara/Insync/DMSimp_vector_axial_pp_xxj_NLO_eff/Events/run_37/events_PYTHIA8_0.hepmc.gz,0.4141,20000,Axial,DM+QCDjets,500.0,300.0,1.0,0.25,atlas_exot_2018_06,IM11,1.1971256,1.0706619,0.0004745,0.0028073
/home/yoxara/Insync/DMSimp_vector_axial_pp_xxj_NLO_eff/Events/run_37/events_PYTHIA8_0.hepmc.gz,0.4141,20000,Axial,DM+QCDjets,500.0,300.0,1.0,0.25,atlas_exot_2018_06,IM12,1.1002253,0.8770453,0.0003164,0.0022923
/home/yoxara/Insync/DMSimp_vector_axial_pp_xxj_NLO_eff/Events/run_37/events_PYTHIA8_0.hepmc.gz,0.4141,20000,Axial,DM+QCDjets,500.0,300.0,1.0,0.25,atlas_exot_2018_06,EM0,25.3633723,28.4434111,0.0143942,0.0153533
/home/yoxara/Insync/DMSimp_vector_axial_pp_xxj_NLO_eff/Events/run_37/events_PYTHIA8_0.hepmc.gz,0.4141,20000,Axial,DM+QCDjets,500.0,300.0,1.0,0.25,atlas_exot_2018_06,EM1,8.6744561,8.4691568,0.0147105,0.0155186
/home/yoxara/Insync/DMSimp_vector_axial_pp_xxj_NLO_eff/Events/run_37/events_PYTHIA8_0.hepmc.gz,0.4141,20000,Axial,DM+QCDjets,500.0,300.0,1.0,0.25,atlas_exot_2018_06,EM2,5.5376057,5.5118953,0.0090161,0.0121843
/home/yoxara/Insync/DMSimp_vector_axial_pp_xxj_NLO_eff/Events/run_37/events_PYTHIA8_0.hepmc.gz,0.4141,20000,Axial,DM+QCDjets,500.0,300.0,1.0,0.25,atlas_exot_2018_06,EM3,4.3184822,5.221574,0.005378,0.0094275
/home/yoxara/Insync/DMSimp_vector_axial_pp_xxj_NLO_eff/Events/run_37/events_PYTHIA8_0.hepmc.gz,0.4141,20000,Axial,DM+QCDjets,500.0,300.0,1.0,0.25,atlas_exot_2018_06,EM4,2.9981549,4.229971,0.0058526,0.0098323
/home/yoxara/Insync/DMSimp_vector_axial_pp_xxj_NLO_eff/Events/run_37/events_PYTHIA8_0.hepmc.gz,0.4141,20000,Axial,DM+QCDjets,500.0,300.0,1.0,0.25,atlas_exot_2018_06,EM5,1.558491,1.8905893,0.0039544,0.0080898
/home/yoxara/Insync/DMSimp_vector_axial_pp_xxj_NLO_eff/Events/run_37/events_PYTHIA8_0.hepmc.gz,0.4141,20000,Axial,DM+QCDjets,500.0,300.0,1.0,0.25,atlas_exot_2018_06,EM6,1.3167746,1.8269945,0.0022145,0.0060592
/home/yoxara/Insync/DMSimp_vector_axial_pp_xxj_NLO_eff/Events/run_37/events_PYTHIA8_0.hepmc.gz,0.4141,20000,Axial,DM+QCDjets,500.0,300.0,1.0,0.25,atlas_exot_2018_06,EM7,1.1368164,1.6535917,0.0012654,0.0045825
/home/yoxara/Insync/DMSimp_vector_axial_pp_xxj_NLO_eff/Events/run_37/events_PYTHIA8_0.hepmc.gz,0.4141,20000,Axial,DM+QCDjets,500.0,300.0,1.0,0.25,atlas_exot_2018_06,EM8,1.2844666,1.4644549,0.0006327,0.0032413
/home/yoxara/Insync/DMSimp_vector_axial_pp_xxj_NLO_eff/Events/run_37/events_PYTHIA8_0.hepmc.gz,0.4141,20000,Axial,DM+QCDjets,500.0,300.0,1.0,0.25,atlas_exot_2018_06,EM9,3.074588,2.6245876,0.0001582,0.001621
/home/yoxara/Insync/DMSimp_vector_axial_pp_xxj_NLO_eff/Events/run_37/events_PYTHIA8_0.hepmc.gz,0.4141,20000,Axial,DM+QCDjets,500.0,300.0,1.0,0.25,atlas_exot_2018_06,EM10,1.9784844,4.2188507,0.0001582,0.001621
/home/yoxara/Insync/DMSimp_vector_axial_pp_xxj_NLO_eff/Events/run_37/events_PYTHIA8_0.hepmc.gz,0.4141,20000,Axial,DM+QCDjets,500.0,300.0,1.0,0.25,atlas_exot_2018_06,EM11,1.3877637,1.5587372,0.0001582,0.001621
/home/yoxara/Insync/DMSimp_vector_axial_pp_xxj_NLO_eff/Events/run_37/events_PYTHIA8_0.hepmc.gz,0.4141,20000,Axial,DM+QCDjets,500.0,300.0,1.0,0.25,atlas_exot_2018_06,EM12,0.8022985,0.6457862,0.0003164,0.0022923
/home/yoxara/Insync/DMSimp_vector_axial_pp_xxj_NLO_eff/Events/run_38/events_PYTHIA8_0.hepmc.gz,0.1649,20000,Axial,DM+QCDjets,500.0,350.0,1.0,0.25,atlas_exot_2018_06,IM0,8.6659973,10.9694358,0.0653721,0.0509481
/home/yoxara/Insync/DMSimp_vector_axial_pp_xxj_NLO_eff/Events/run_38/events_PYTHIA8_0.hepmc.gz,0.1649,20000,Axial,DM+QCDjets,500.0,350.0,1.0,0.25,atlas_exot_2018_06,IM1,5.1214422,6.4647411,0.0440129,0.0422794
/home/yoxara/Insync/DMSimp_vector_axial_pp_xxj_NLO_eff/Events/run_38/events_PYTHIA8_0.hepmc.gz,0.1649,20000,Axial,DM+QCDjets,500.0,350.0,1.0,0.25,atlas_exot_2018_06,IM2,3.5343889,4.8436828,0.0320388,0.0362978
/home/yoxara/Insync/DMSimp_vector_axial_pp_xxj_NLO_eff/Events/run_38/events_PYTHIA8_0.hepmc.gz,0.1649,20000,Axial,DM+QCDjets,500.0,350.0,1.0,0.25,atlas_exot_2018_06,IM3,2.8712767,4.2221629,0.0199029,0.0287876
/home/yoxara/Insync/DMSimp_vector_axial_pp_xxj_NLO_eff/Events/run_38/events_PYTHIA8_0.hepmc.gz,0.1649,20000,Axial,DM+QCDjets,500.0,350.0,1.0,0.25,atlas_exot_2018_06,IM4,2.5351502,4.0395659,0.012945,0.0232988
/home/yoxara/Insync/DMSimp_vector_axial_pp_xxj_NLO_eff/Events/run_38/events_PYTHIA8_0.hepmc.gz,0.1649,20000,Axial,DM+QCDjets,500.0,350.0,1.0,0.25,atlas_exot_2018_06,IM5,1.7893773,2.6969426,0.0080906,0.0184646
/home/yoxara/Insync/DMSimp_vector_axial_pp_xxj_NLO_eff/Events/run_38/events_PYTHIA8_0.hepmc.gz,0.1649,20000,Axial,DM+QCDjets,500.0,350.0,1.0,0.25,atlas_exot_2018_06,IM6,2.0421017,2.9909698,0.0035599,0.0122759
/home/yoxara/Insync/DMSimp_vector_axial_pp_xxj_NLO_eff/Events/run_38/events_PYTHIA8_0.hepmc.gz,0.1649,20000,Axial,DM+QCDjets,500.0,350.0,1.0,0.25,atlas_exot_2018_06,IM7,1.3014,1.5321321,0.0027508,0.0107955
/home/yoxara/Insync/DMSimp_vector_axial_pp_xxj_NLO_eff/Events/run_38/events_PYTHIA8_0.hepmc.gz,0.1649,20000,Axial,DM+QCDjets,500.0,350.0,1.0,0.25,atlas_exot_2018_06,IM8,1.5489836,1.6575313,0.0012945,0.0074111
/home/yoxara/Insync/DMSimp_vector_axial_pp_xxj_NLO_eff/Events/run_38/events_PYTHIA8_0.hepmc.gz,0.1649,20000,Axial,DM+QCDjets,500.0,350.0,1.0,0.25,atlas_exot_2018_06,IM9,1.3049339,1.231189,0.0009709,0.0064192
/home/yoxara/Insync/DMSimp_vector_axial_pp_xxj_NLO_eff/Events/run_38/events_PYTHIA8_0.hepmc.gz,0.1649,20000,Axial,DM+QCDjets,500.0,350.0,1.0,0.25,atlas_exot_2018_06,IM10,1.9205947,2.9691902,0.0004854,0.0045402
/home/yoxara/Insync/DMSimp_vector_axial_pp_xxj_NLO_eff/Events/run_38/events_PYTHIA8_0.hepmc.gz,0.1649,20000,Axial,DM+QCDjets,500.0,350.0,1.0,0.25,atlas_exot_2018_06,IM11,3.5052092,3.1154666,0.0001618,0.0026217
/home/yoxara/Insync/DMSimp_vector_axial_pp_xxj_NLO_eff/Events/run_38/events_PYTHIA8_0.hepmc.gz,0.1649,20000,Axial,DM+QCDjets,500.0,350.0,1.0,0.25,atlas_exot_2018_06,IM12,2.1411309,1.7050944,0.0001618,0.0026217
/home/yoxara/Insync/DMSimp_vector_axial_pp_xxj_NLO_eff/Events/run_38/events_PYTHIA8_0.hepmc.gz,0.1649,20000,Axial,DM+QCDjets,500.0,350.0,1.0,0.25,atlas_exot_2018_06,EM0,17.2701635,19.2217627,0.0213592,0.0298
/home/yoxara/Insync/DMSimp_vector_axial_pp_xxj_NLO_eff/Events/run_38/events_PYTHIA8_0.hepmc.gz,0.1649,20000,Axial,DM+QCDjets,500.0,350.0,1.0,0.25,atlas_exot_2018_06,EM1,10.6464108,10.4215437,0.0119741,0.0224191
/home/yoxara/Insync/DMSimp_vector_axial_pp_xxj_NLO_eff/Events/run_38/events_PYTHIA8_0.hepmc.gz,0.1649,20000,Axial,DM+QCDjets,500.0,350.0,1.0,0.25,atlas_exot_2018_06,EM2,4.1012483,4.0856775,0.0121359,0.0225682
/home/yoxara/Insync/DMSimp_vector_axial_pp_xxj_NLO_eff/Events/run_38/events_PYTHIA8_0.hepmc.gz,0.1649,20000,Axial,DM+QCDjets,500.0,350.0,1.0,0.25,atlas_exot_2018_06,EM3,3.3323439,4.0496025,0.0069579,0.0171331
/home/yoxara/Insync/DMSimp_vector_axial_pp_xxj_NLO_eff/Events/run_38/events_PYTHIA8_0.hepmc.gz,0.1649,20000,Axial,DM+QCDjets,500.0,350.0,1.0,0.25,atlas_exot_2018_06,EM4,3.6328515,5.0863127,0.0048544,0.0143259
/home/yoxara/Insync/DMSimp_vector_axial_pp_xxj_NLO_eff/Events/run_38/events_PYTHIA8_0.hepmc.gz,0.1649,20000,Axial,DM+QCDjets,500.0,350.0,1.0,0.25,atlas_exot_2018_06,EM5,1.3513747,1.6538033,0.0045307,0.0138424
/home/yoxara/Insync/DMSimp_vector_axial_pp_xxj_NLO_eff/Events/run_38/events_PYTHIA8_0.hepmc.gz,0.1649,20000,Axial,DM+QCDjets,500.0,350.0,1.0,0.25,atlas_exot_2018_06,EM6,3.5912151,4.9809621,0.0008091,0.0058604
/home/yoxara/Insync/DMSimp_vector_axial_pp_xxj_NLO_eff/Events/run_38/events_PYTHIA8_0.hepmc.gz,0.1649,20000,Axial,DM+QCDjets,500.0,350.0,1.0,0.25,atlas_exot_2018_06,EM7,0.9934587,1.4407831,0.0014563,0.00786
/home/yoxara/Insync/DMSimp_vector_axial_pp_xxj_NLO_eff/Events/run_38/events_PYTHIA8_0.hepmc.gz,0.1649,20000,Axial,DM+QCDjets,500.0,350.0,1.0,0.25,atlas_exot_2018_06,EM8,2.5019529,2.8844531,0.0003236,0.0037073
/home/yoxara/Insync/DMSimp_vector_axial_pp_xxj_NLO_eff/Events/run_38/events_PYTHIA8_0.hepmc.gz,0.1649,20000,Axial,DM+QCDjets,500.0,350.0,1.0,0.25,atlas_exot_2018_06,EM9,1.005,0.8584571,0.0004854,0.0045402
/home/yoxara/Insync/DMSimp_vector_axial_pp_xxj_NLO_eff/Events/run_38/events_PYTHIA8_0.hepmc.gz,0.1649,20000,Axial,DM+QCDjets,500.0,350.0,1.0,0.25,atlas_exot_2018_06,EM10,0.9638791,2.0603302,0.0003236,0.0037073
/home/yoxara/Insync/DMSimp_vector_axial_pp_xxj_NLO_eff/Events/run_38/events_PYTHIA8_0.hepmc.gz,0.1649,20000,Axial,DM+QCDjets,500.0,350.0,1.0,0.25,atlas_exot_2018_06,EM11,-1.0,-1.0,0.0,0.0
/home/yoxara/Insync/DMSimp_vector_axial_pp_xxj_NLO_eff/Events/run_38/events_PYTHIA8_0.hepmc.gz,0.1649,20000,Axial,DM+QCDjets,500.0,350.0,1.0,0.25,atlas_exot_2018_06,EM12,1.5703609,1.2652873,0.0001618,0.0026217
/home/yoxara/Insync/DMSimp_vector_axial_pp_xxj_NLO_eff/Events/run_39/events_PYTHIA8_0.hepmc.gz,44.73,20000,Axial,DM+QCDjets,700.0,0.0,1.0,0.25,atlas_exot_2018_06,IM0,11.1761236,14.1596436,0.050558,0.0027901
/home/yoxara/Insync/DMSimp_vector_axial_pp_xxj_NLO_eff/Events/run_39/events_PYTHIA8_0.hepmc.gz,44.73,20000,Axial,DM+QCDjets,700.0,0.0,1.0,0.25,atlas_exot_2018_06,IM1,6.7586155,8.5089286,0.0334799,0.0022908
/home/yoxara/Insync/DMSimp_vector_axial_pp_xxj_NLO_eff/Events/run_39/events_PYTHIA8_0.hepmc.gz,44.73,20000,Axial,DM+QCDjets,700.0,0.0,1.0,0.25,atlas_exot_2018_06,IM2,5.1824492,7.1336615,0.0218127,0.0018602
/home/yoxara/Insync/DMSimp_vector_axial_pp_xxj_NLO_eff/Events/run_39/events_PYTHIA8_0.hepmc.gz,44.73,20000,Axial,DM+QCDjets,700.0,0.0,1.0,0.25,atlas_exot_2018_06,IM3,3.9412425,5.831991,0.0143727,0.0015157
/home/yoxara/Insync/DMSimp_vector_axial_pp_xxj_NLO_eff/Events/run_39/events_PYTHIA8_0.hepmc.gz,44.73,20000,Axial,DM+QCDjets,700.0,0.0,1.0,0.25,atlas_exot_2018_06,IM4,2.7692574,4.430778,0.0118363,0.0013773
/home/yoxara/Insync/DMSimp_vector_axial_pp_xxj_NLO_eff/Events/run_39/events_PYTHIA8_0.hepmc.gz,44.73,20000,Axial,DM+QCDjets,700.0,0.0,1.0,0.25,atlas_exot_2018_06,IM5,2.1980468,3.3182244,0.0065945,0.0010307
/home/yoxara/Insync/DMSimp_vector_axial_pp_xxj_NLO_eff/Events/run_39/events_PYTHIA8_0.hepmc.gz,44.73,20000,Axial,DM+QCDjets,700.0,0.0,1.0,0.25,atlas_exot_2018_06,IM6,2.1468848,3.1502093,0.0033818,0.0007393
/home/yoxara/Insync/DMSimp_vector_axial_pp_xxj_NLO_eff/Events/run_39/events_PYTHIA8_0.hepmc.gz,44.73,20000,Axial,DM+QCDjets,700.0,0.0,1.0,0.25,atlas_exot_2018_06,IM7,1.3365624,1.5679142,0.0027054,0.0006615
/home/yoxara/Insync/DMSimp_vector_axial_pp_xxj_NLO_eff/Events/run_39/events_PYTHIA8_0.hepmc.gz,44.73,20000,Axial,DM+QCDjets,700.0,0.0,1.0,0.25,atlas_exot_2018_06,IM8,1.4779914,1.5896928,0.0013527,0.0004681
/home/yoxara/Insync/DMSimp_vector_axial_pp_xxj_NLO_eff/Events/run_39/events_PYTHIA8_0.hepmc.gz,44.73,20000,Axial,DM+QCDjets,700.0,0.0,1.0,0.25,atlas_exot_2018_06,IM9,1.8656078,1.7741925,0.0006764,0.0003311
/home/yoxara/Insync/DMSimp_vector_axial_pp_xxj_NLO_eff/Events/run_39/events_PYTHIA8_0.hepmc.gz,44.73,20000,Axial,DM+QCDjets,700.0,0.0,1.0,0.25,atlas_exot_2018_06,IM10,2.7644305,4.2625807,0.0003382,0.0002342
/home/yoxara/Insync/DMSimp_vector_axial_pp_xxj_NLO_eff/Events/run_39/events_PYTHIA8_0.hepmc.gz,44.73,20000,Axial,DM+QCDjets,700.0,0.0,1.0,0.25,atlas_exot_2018_06,IM11,3.3470707,2.9836913,0.0001691,0.0001656
/home/yoxara/Insync/DMSimp_vector_axial_pp_xxj_NLO_eff/Events/run_39/events_PYTHIA8_0.hepmc.gz,44.73,20000,Axial,DM+QCDjets,700.0,0.0,1.0,0.25,atlas_exot_2018_06,IM12,2.0654642,1.6437054,0.0001691,0.0001656
/home/yoxara/Insync/DMSimp_vector_axial_pp_xxj_NLO_eff/Events/run_39/events_PYTHIA8_0.hepmc.gz,44.73,20000,Axial,DM+QCDjets,700.0,0.0,1.0,0.25,atlas_exot_2018_06,EM0,21.5220403,23.9293452,0.0170781,0.00165
/home/yoxara/Insync/DMSimp_vector_axial_pp_xxj_NLO_eff/Events/run_39/events_PYTHIA8_0.hepmc.gz,44.73,20000,Axial,DM+QCDjets,700.0,0.0,1.0,0.25,atlas_exot_2018_06,EM1,10.9508589,10.6704597,0.0116672,0.0013675
/home/yoxara/Insync/DMSimp_vector_axial_pp_xxj_NLO_eff/Events/run_39/events_PYTHIA8_0.hepmc.gz,44.73,20000,Axial,DM+QCDjets,700.0,0.0,1.0,0.25,atlas_exot_2018_06,EM2,6.6825696,6.6547216,0.00744,0.0010944
/home/yoxara/Insync/DMSimp_vector_axial_pp_xxj_NLO_eff/Events/run_39/events_PYTHIA8_0.hepmc.gz,44.73,20000,Axial,DM+QCDjets,700.0,0.0,1.0,0.25,atlas_exot_2018_06,EM3,9.149717,11.060884,0.0025364,0.0006405
/home/yoxara/Insync/DMSimp_vector_axial_pp_xxj_NLO_eff/Events/run_39/events_PYTHIA8_0.hepmc.gz,44.73,20000,Axial,DM+QCDjets,700.0,0.0,1.0,0.25,atlas_exot_2018_06,EM4,3.3365607,4.6958621,0.0052418,0.0009196
/home/yoxara/Insync/DMSimp_vector_axial_pp_xxj_NLO_eff/Events/run_39/events_PYTHIA8_0.hepmc.gz,44.73,20000,Axial,DM+QCDjets,700.0,0.0,1.0,0.25,atlas_exot_2018_06,EM5,1.9033311,2.3345466,0.0032127,0.0007207
/home/yoxara/Insync/DMSimp_vector_axial_pp_xxj_NLO_eff/Events/run_39/events_PYTHIA8_0.hepmc.gz,44.73,20000,Axial,DM+QCDjets,700.0,0.0,1.0,0.25,atlas_exot_2018_06,EM6,4.2973522,5.9722273,0.0006764,0.0003311
/home/yoxara/Insync/DMSimp_vector_axial_pp_xxj_NLO_eff/Events/run_39/events_PYTHIA8_0.hepmc.gz,44.73,20000,Axial,DM+QCDjets,700.0,0.0,1.0,0.25,atlas_exot_2018_06,EM7,1.0632835,1.5489996,0.0013527,0.0004681
/home/yoxara/Insync/DMSimp_vector_axial_pp_xxj_NLO_eff/Events/run_39/events_PYTHIA8_0.hepmc.gz,44.73,20000,Axial,DM+QCDjets,700.0,0.0,1.0,0.25,atlas_exot_2018_06,EM8,1.2057027,1.3779589,0.0006764,0.0003311
/home/yoxara/Insync/DMSimp_vector_axial_pp_xxj_NLO_eff/Events/run_39/events_PYTHIA8_0.hepmc.gz,44.73,20000,Axial,DM+QCDjets,700.0,0.0,1.0,0.25,atlas_exot_2018_06,EM9,1.4440124,1.2310689,0.0003382,0.0002342
/home/yoxara/Insync/DMSimp_vector_axial_pp_xxj_NLO_eff/Events/run_39/events_PYTHIA8_0.hepmc.gz,44.73,20000,Axial,DM+QCDjets,700.0,0.0,1.0,0.25,atlas_exot_2018_06,EM10,1.8531429,3.9561599,0.0001691,0.0001656
/home/yoxara/Insync/DMSimp_vector_axial_pp_xxj_NLO_eff/Events/run_39/events_PYTHIA8_0.hepmc.gz,44.73,20000,Axial,DM+QCDjets,700.0,0.0,1.0,0.25,atlas_exot_2018_06,EM11,-1.0,-1.0,0.0,0.0
/home/yoxara/Insync/DMSimp_vector_axial_pp_xxj_NLO_eff/Events/run_39/events_PYTHIA8_0.hepmc.gz,44.73,20000,Axial,DM+QCDjets,700.0,0.0,1.0,0.25,atlas_exot_2018_06,EM12,1.5085029,1.2073459,0.0001691,0.0001656
/home/yoxara/Insync/DMSimp_vector_axial_pp_xxj_NLO_eff/Events/run_40/events_PYTHIA8_0.hepmc.gz,41.66,20000,Axial,DM+QCDjets,700.0,50.0,1.0,0.25,atlas_exot_2018_06,IM0,11.6702314,14.832278,0.0483818,0.0027218
/home/yoxara/Insync/DMSimp_vector_axial_pp_xxj_NLO_eff/Events/run_40/events_PYTHIA8_0.hepmc.gz,41.66,20000,Axial,DM+QCDjets,700.0,50.0,1.0,0.25,atlas_exot_2018_06,IM1,6.6844154,8.3981307,0.0338346,0.0022935
/home/yoxara/Insync/DMSimp_vector_axial_pp_xxj_NLO_eff/Events/run_40/events_PYTHIA8_0.hepmc.gz,41.66,20000,Axial,DM+QCDjets,700.0,50.0,1.0,0.25,atlas_exot_2018_06,IM2,4.693315,6.4458419,0.0241909,0.0019489
/home/yoxara/Insync/DMSimp_vector_axial_pp_xxj_NLO_eff/Events/run_40/events_PYTHIA8_0.hepmc.gz,41.66,20000,Axial,DM+QCDjets,700.0,50.0,1.0,0.25,atlas_exot_2018_06,IM3,3.4744302,5.120328,0.0163452,0.0016084
/home/yoxara/Insync/DMSimp_vector_axial_pp_xxj_NLO_eff/Events/run_40/events_PYTHIA8_0.hepmc.gz,41.66,20000,Axial,DM+QCDjets,700.0,50.0,1.0,0.25,atlas_exot_2018_06,IM4,3.3590244,5.3250626,0.0098071,0.00125
/home/yoxara/Insync/DMSimp_vector_axial_pp_xxj_NLO_eff/Events/run_40/events_PYTHIA8_0.hepmc.gz,41.66,20000,Axial,DM+QCDjets,700.0,50.0,1.0,0.25,atlas_exot_2018_06,IM5,2.6811146,4.0569809,0.0053939,0.0009291
/home/yoxara/Insync/DMSimp_vector_axial_pp_xxj_NLO_eff/Events/run_40/events_PYTHIA8_0.hepmc.gz,41.66,20000,Axial,DM+QCDjets,700.0,50.0,1.0,0.25,atlas_exot_2018_06,IM6,2.7945286,4.0670404,0.0026152,0.0006478
/home/yoxara/Insync/DMSimp_vector_axial_pp_xxj_NLO_eff/Events/run_40/events_PYTHIA8_0.hepmc.gz,41.66,20000,Axial,DM+QCDjets,700.0,50.0,1.0,0.25,atlas_exot_2018_06,IM7,4.4102926,5.2010613,0.0008173,0.0003625
/home/yoxara/Insync/DMSimp_vector_axial_pp_xxj_NLO_eff/Events/run_40/events_PYTHIA8_0.hepmc.gz,41.66,20000,Axial,DM+QCDjets,700.0,50.0,1.0,0.25,atlas_exot_2018_06,IM8,2.4420256,2.6256887,0.0008173,0.0003625
/home/yoxara/Insync/DMSimp_vector_axial_pp_xxj_NLO_eff/Events/run_40/events_PYTHIA8_0.hepmc.gz,41.66,20000,Axial,DM+QCDjets,700.0,50.0,1.0,0.25,atlas_exot_2018_06,IM9,2.5787692,2.4500527,0.0004904,0.0002808
/home/yoxara/Insync/DMSimp_vector_axial_pp_xxj_NLO_eff/Events/run_40/events_PYTHIA8_0.hepmc.gz,41.66,20000,Axial,DM+QCDjets,700.0,50.0,1.0,0.25,atlas_exot_2018_06,IM10,5.6987049,8.818837,0.0001635,0.0001622
/home/yoxara/Insync/DMSimp_vector_axial_pp_xxj_NLO_eff/Events/run_40/events_PYTHIA8_0.hepmc.gz,41.66,20000,Axial,DM+QCDjets,700.0,50.0,1.0,0.25,atlas_exot_2018_06,IM11,-1.0,-1.0,0.0,0.0
/home/yoxara/Insync/DMSimp_vector_axial_pp_xxj_NLO_eff/Events/run_40/events_PYTHIA8_0.hepmc.gz,41.66,20000,Axial,DM+QCDjets,700.0,50.0,1.0,0.25,atlas_exot_2018_06,IM12,-1.0,-1.0,0.0,0.0
/home/yoxara/Insync/DMSimp_vector_axial_pp_xxj_NLO_eff/Events/run_40/events_PYTHIA8_0.hepmc.gz,41.66,20000,Axial,DM+QCDjets,700.0,50.0,1.0,0.25,atlas_exot_2018_06,EM0,25.2182002,28.2103084,0.0145472,0.0015188
/home/yoxara/Insync/DMSimp_vector_axial_pp_xxj_NLO_eff/Events/run_40/events_PYTHIA8_0.hepmc.gz,41.66,20000,Axial,DM+QCDjets,700.0,50.0,1.0,0.25,atlas_exot_2018_06,EM1,13.1739446,12.8498297,0.0096437,0.0012397
/home/yoxara/Insync/DMSimp_vector_axial_pp_xxj_NLO_eff/Events/run_40/events_PYTHIA8_0.hepmc.gz,41.66,20000,Axial,DM+QCDjets,700.0,50.0,1.0,0.25,atlas_exot_2018_06,EM2,6.3762861,6.3274188,0.0078457,0.0011192
/home/yoxara/Insync/DMSimp_vector_axial_pp_xxj_NLO_eff/Events/run_40/events_PYTHIA8_0.hepmc.gz,41.66,20000,Axial,DM+QCDjets,700.0,50.0,1.0,0.25,atlas_exot_2018_06,EM3,3.5549488,4.2879482,0.0065381,0.0010223
/home/yoxara/Insync/DMSimp_vector_axial_pp_xxj_NLO_eff/Events/run_40/events_PYTHIA8_0.hepmc.gz,41.66,20000,Axial,DM+QCDjets,700.0,50.0,1.0,0.25,atlas_exot_2018_06,EM4,3.9615005,5.5886381,0.0044132,0.0008408
/home/yoxara/Insync/DMSimp_vector_axial_pp_xxj_NLO_eff/Events/run_40/events_PYTHIA8_0.hepmc.gz,41.66,20000,Axial,DM+QCDjets,700.0,50.0,1.0,0.25,atlas_exot_2018_06,EM5,2.2083771,2.6976786,0.0027787,0.0006677
/home/yoxara/Insync/DMSimp_vector_axial_pp_xxj_NLO_eff/Events/run_40/events_PYTHIA8_0.hepmc.gz,41.66,20000,Axial,DM+QCDjets,700.0,50.0,1.0,0.25,atlas_exot_2018_06,EM6,1.626149,2.2509951,0.001798,0.0005374
/home/yoxara/Insync/DMSimp_vector_axial_pp_xxj_NLO_eff/Events/run_40/events_PYTHIA8_0.hepmc.gz,41.66,20000,Axial,DM+QCDjets,700.0,50.0,1.0,0.25,atlas_exot_2018_06,EM7,-1.0,-1.0,0.0,0.0
/home/yoxara/Insync/DMSimp_vector_axial_pp_xxj_NLO_eff/Events/run_40/events_PYTHIA8_0.hepmc.gz,41.66,20000,Axial,DM+QCDjets,700.0,50.0,1.0,0.25,atlas_exot_2018_06,EM8,2.4836885,2.848993,0.0003269,0.0002293
/home/yoxara/Insync/DMSimp_vector_axial_pp_xxj_NLO_eff/Events/run_40/events_PYTHIA8_0.hepmc.gz,41.66,20000,Axial,DM+QCDjets,700.0,50.0,1.0,0.25,atlas_exot_2018_06,EM9,1.4967438,1.2747385,0.0003269,0.0002293
/home/yoxara/Insync/DMSimp_vector_axial_pp_xxj_NLO_eff/Events/run_40/events_PYTHIA8_0.hepmc.gz,41.66,20000,Axial,DM+QCDjets,700.0,50.0,1.0,0.25,atlas_exot_2018_06,EM10,1.905384,4.0877221,0.0001635,0.0001622
/home/yoxara/Insync/DMSimp_vector_axial_pp_xxj_NLO_eff/Events/run_40/events_PYTHIA8_0.hepmc.gz,41.66,20000,Axial,DM+QCDjets,700.0,50.0,1.0,0.25,atlas_exot_2018_06,EM11,-1.0,-1.0,0.0,0.0
/home/yoxara/Insync/DMSimp_vector_axial_pp_xxj_NLO_eff/Events/run_40/events_PYTHIA8_0.hepmc.gz,41.66,20000,Axial,DM+QCDjets,700.0,50.0,1.0,0.25,atlas_exot_2018_06,EM12,-1.0,-1.0,0.0,0.0
/home/yoxara/Insync/DMSimp_vector_axial_pp_xxj_NLO_eff/Events/run_41/events_PYTHIA8_0.hepmc.gz,40.96,20000,Axial,DM+QCDjets,700.0,100.0,1.0,0.25,atlas_exot_2018_06,IM0,12.8763087,16.3422852,0.0438457,0.0026896
/home/yoxara/Insync/DMSimp_vector_axial_pp_xxj_NLO_eff/Events/run_41/events_PYTHIA8_0.hepmc.gz,40.96,20000,Axial,DM+QCDjets,700.0,100.0,1.0,0.25,atlas_exot_2018_06,IM1,7.5196381,9.4395102,0.0301339,0.0022456
/home/yoxara/Insync/DMSimp_vector_axial_pp_xxj_NLO_eff/Events/run_41/events_PYTHIA8_0.hepmc.gz,40.96,20000,Axial,DM+QCDjets,700.0,100.0,1.0,0.25,atlas_exot_2018_06,IM2,6.4916446,8.8449586,0.0175383,0.0017243
/home/yoxara/Insync/DMSimp_vector_axial_pp_xxj_NLO_eff/Events/run_41/events_PYTHIA8_0.hepmc.gz,40.96,20000,Axial,DM+QCDjets,700.0,100.0,1.0,0.25,atlas_exot_2018_06,IM3,4.8259864,7.1008375,0.0117985,0.0014184
/home/yoxara/Insync/DMSimp_vector_axial_pp_xxj_NLO_eff/Events/run_41/events_PYTHIA8_0.hepmc.gz,40.96,20000,Axial,DM+QCDjets,700.0,100.0,1.0,0.25,atlas_exot_2018_06,IM4,4.6949347,7.4373697,0.0070153,0.0010964
/home/yoxara/Insync/DMSimp_vector_axial_pp_xxj_NLO_eff/Events/run_41/events_PYTHIA8_0.hepmc.gz,40.96,20000,Axial,DM+QCDjets,700.0,100.0,1.0,0.25,atlas_exot_2018_06,IM5,3.6196014,5.485169,0.003986,0.0008277
/home/yoxara/Insync/DMSimp_vector_axial_pp_xxj_NLO_eff/Events/run_41/events_PYTHIA8_0.hepmc.gz,40.96,20000,Axial,DM+QCDjets,700.0,100.0,1.0,0.25,atlas_exot_2018_06,IM6,4.171633,6.0912358,0.0017538,0.0005496
/home/yoxara/Insync/DMSimp_vector_axial_pp_xxj_NLO_eff/Events/run_41/events_PYTHIA8_0.hepmc.gz,40.96,20000,Axial,DM+QCDjets,700.0,100.0,1.0,0.25,atlas_exot_2018_06,IM7,4.5023742,5.311969,0.0007972,0.0003707
/home/yoxara/Insync/DMSimp_vector_axial_pp_xxj_NLO_eff/Events/run_41/events_PYTHIA8_0.hepmc.gz,40.96,20000,Axial,DM+QCDjets,700.0,100.0,1.0,0.25,atlas_exot_2018_06,IM8,2.5245484,2.6818398,0.0007972,0.0003707
/home/yoxara/Insync/DMSimp_vector_axial_pp_xxj_NLO_eff/Events/run_41/events_PYTHIA8_0.hepmc.gz,40.96,20000,Axial,DM+QCDjets,700.0,100.0,1.0,0.25,atlas_exot_2018_06,IM9,2.6294585,2.4987913,0.0004783,0.0002872
/home/yoxara/Insync/DMSimp_vector_axial_pp_xxj_NLO_eff/Events/run_41/events_PYTHIA8_0.hepmc.gz,40.96,20000,Axial,DM+QCDjets,700.0,100.0,1.0,0.25,atlas_exot_2018_06,IM10,2.9203099,4.5089762,0.0003189,0.0002345
/home/yoxara/Insync/DMSimp_vector_axial_pp_xxj_NLO_eff/Events/run_41/events_PYTHIA8_0.hepmc.gz,40.96,20000,Axial,DM+QCDjets,700.0,100.0,1.0,0.25,atlas_exot_2018_06,IM11,-1.0,-1.0,0.0,0.0
/home/yoxara/Insync/DMSimp_vector_axial_pp_xxj_NLO_eff/Events/run_41/events_PYTHIA8_0.hepmc.gz,40.96,20000,Axial,DM+QCDjets,700.0,100.0,1.0,0.25,atlas_exot_2018_06,IM12,-1.0,-1.0,0.0,0.0
/home/yoxara/Insync/DMSimp_vector_axial_pp_xxj_NLO_eff/Events/run_41/events_PYTHIA8_0.hepmc.gz,40.96,20000,Axial,DM+QCDjets,700.0,100.0,1.0,0.25,atlas_exot_2018_06,EM0,26.8840653,29.9618488,0.0137117,0.0015276
/home/yoxara/Insync/DMSimp_vector_axial_pp_xxj_NLO_eff/Events/run_41/events_PYTHIA8_0.hepmc.gz,40.96,20000,Axial,DM+QCDjets,700.0,100.0,1.0,0.25,atlas_exot_2018_06,EM1,10.1097529,9.8483544,0.0125957,0.0014649
/home/yoxara/Insync/DMSimp_vector_axial_pp_xxj_NLO_eff/Events/run_41/events_PYTHIA8_0.hepmc.gz,40.96,20000,Axial,DM+QCDjets,700.0,100.0,1.0,0.25,atlas_exot_2018_06,EM2,8.7382043,8.6686197,0.0057398,0.0009923
/home/yoxara/Insync/DMSimp_vector_axial_pp_xxj_NLO_eff/Events/run_41/events_PYTHIA8_0.hepmc.gz,40.96,20000,Axial,DM+QCDjets,700.0,100.0,1.0,0.25,atlas_exot_2018_06,EM3,4.8247283,5.8736897,0.0047832,0.0009063
/home/yoxara/Insync/DMSimp_vector_axial_pp_xxj_NLO_eff/Events/run_41/events_PYTHIA8_0.hepmc.gz,40.96,20000,Axial,DM+QCDjets,700.0,100.0,1.0,0.25,atlas_exot_2018_06,EM4,5.7807486,8.1552005,0.0030293,0.0007219
/home/yoxara/Insync/DMSimp_vector_axial_pp_xxj_NLO_eff/Events/run_41/events_PYTHIA8_0.hepmc.gz,40.96,20000,Axial,DM+QCDjets,700.0,100.0,1.0,0.25,atlas_exot_2018_06,EM5,2.7518613,3.3497693,0.0022321,0.0006199
/home/yoxara/Insync/DMSimp_vector_axial_pp_xxj_NLO_eff/Events/run_41/events_PYTHIA8_0.hepmc.gz,40.96,20000,Axial,DM+QCDjets,700.0,100.0,1.0,0.25,atlas_exot_2018_06,EM6,3.0386507,4.2193198,0.0009566,0.0004061
/home/yoxara/Insync/DMSimp_vector_axial_pp_xxj_NLO_eff/Events/run_41/events_PYTHIA8_0.hepmc.gz,40.96,20000,Axial,DM+QCDjets,700.0,100.0,1.0,0.25,atlas_exot_2018_06,EM7,-1.0,-1.0,0.0,0.0
/home/yoxara/Insync/DMSimp_vector_axial_pp_xxj_NLO_eff/Events/run_41/events_PYTHIA8_0.hepmc.gz,40.96,20000,Axial,DM+QCDjets,700.0,100.0,1.0,0.25,atlas_exot_2018_06,EM8,2.5418507,2.9124468,0.0003189,0.0002345
/home/yoxara/Insync/DMSimp_vector_axial_pp_xxj_NLO_eff/Events/run_41/events_PYTHIA8_0.hepmc.gz,40.96,20000,Axial,DM+QCDjets,700.0,100.0,1.0,0.25,atlas_exot_2018_06,EM9,3.0671281,2.6127979,0.0001594,0.0001659
/home/yoxara/Insync/DMSimp_vector_axial_pp_xxj_NLO_eff/Events/run_41/events_PYTHIA8_0.hepmc.gz,40.96,20000,Axial,DM+QCDjets,700.0,100.0,1.0,0.25,atlas_exot_2018_06,EM10,0.9815211,2.0950766,0.0003189,0.0002345
/home/yoxara/Insync/DMSimp_vector_axial_pp_xxj_NLO_eff/Events/run_41/events_PYTHIA8_0.hepmc.gz,40.96,20000,Axial,DM+QCDjets,700.0,100.0,1.0,0.25,atlas_exot_2018_06,EM11,-1.0,-1.0,0.0,0.0
/home/yoxara/Insync/DMSimp_vector_axial_pp_xxj_NLO_eff/Events/run_41/events_PYTHIA8_0.hepmc.gz,40.96,20000,Axial,DM+QCDjets,700.0,100.0,1.0,0.25,atlas_exot_2018_06,EM12,-1.0,-1.0,0.0,0.0
/home/yoxara/Insync/DMSimp_vector_axial_pp_xxj_NLO_eff/Events/run_42/events_PYTHIA8_0.hepmc.gz,36.97,20000,Axial,DM+QCDjets,700.0,150.0,1.0,0.25,atlas_exot_2018_06,IM0,12.5413408,15.9440598,0.0449811,0.0028713
/home/yoxara/Insync/DMSimp_vector_axial_pp_xxj_NLO_eff/Events/run_42/events_PYTHIA8_0.hepmc.gz,36.97,20000,Axial,DM+QCDjets,700.0,150.0,1.0,0.25,atlas_exot_2018_06,IM1,6.8223878,8.5612019,0.0331439,0.00248
/home/yoxara/Insync/DMSimp_vector_axial_pp_xxj_NLO_eff/Events/run_42/events_PYTHIA8_0.hepmc.gz,36.97,20000,Axial,DM+QCDjets,700.0,150.0,1.0,0.25,atlas_exot_2018_06,IM2,4.6637252,6.4202112,0.0243056,0.0021334
/home/yoxara/Insync/DMSimp_vector_axial_pp_xxj_NLO_eff/Events/run_42/events_PYTHIA8_0.hepmc.gz,36.97,20000,Axial,DM+QCDjets,700.0,150.0,1.0,0.25,atlas_exot_2018_06,IM3,3.7521443,5.5407311,0.0151515,0.0016923
/home/yoxara/Insync/DMSimp_vector_axial_pp_xxj_NLO_eff/Events/run_42/events_PYTHIA8_0.hepmc.gz,36.97,20000,Axial,DM+QCDjets,700.0,150.0,1.0,0.25,atlas_exot_2018_06,IM4,3.0159487,4.808573,0.0108902,0.0014378
/home/yoxara/Insync/DMSimp_vector_axial_pp_xxj_NLO_eff/Events/run_42/events_PYTHIA8_0.hepmc.gz,36.97,20000,Axial,DM+QCDjets,700.0,150.0,1.0,0.25,atlas_exot_2018_06,IM5,2.8499526,4.3251658,0.0050505,0.000982
/home/yoxara/Insync/DMSimp_vector_axial_pp_xxj_NLO_eff/Events/run_42/events_PYTHIA8_0.hepmc.gz,36.97,20000,Axial,DM+QCDjets,700.0,150.0,1.0,0.25,atlas_exot_2018_06,IM6,5.1475702,7.5203203,0.0014205,0.0005218
/home/yoxara/Insync/DMSimp_vector_axial_pp_xxj_NLO_eff/Events/run_42/events_PYTHIA8_0.hepmc.gz,36.97,20000,Axial,DM+QCDjets,700.0,150.0,1.0,0.25,atlas_exot_2018_06,IM7,3.2466457,3.8202466,0.0011048,0.0004602
/home/yoxara/Insync/DMSimp_vector_axial_pp_xxj_NLO_eff/Events/run_42/events_PYTHIA8_0.hepmc.gz,36.97,20000,Axial,DM+QCDjets,700.0,150.0,1.0,0.25,atlas_exot_2018_06,IM8,-1.0,-1.0,0.0,0.0
/home/yoxara/Insync/DMSimp_vector_axial_pp_xxj_NLO_eff/Events/run_42/events_PYTHIA8_0.hepmc.gz,36.97,20000,Axial,DM+QCDjets,700.0,150.0,1.0,0.25,atlas_exot_2018_06,IM9,-1.0,-1.0,0.0,0.0
/home/yoxara/Insync/DMSimp_vector_axial_pp_xxj_NLO_eff/Events/run_42/events_PYTHIA8_0.hepmc.gz,36.97,20000,Axial,DM+QCDjets,700.0,150.0,1.0,0.25,atlas_exot_2018_06,IM10,-1.0,-1.0,0.0,0.0
/home/yoxara/Insync/DMSimp_vector_axial_pp_xxj_NLO_eff/Events/run_42/events_PYTHIA8_0.hepmc.gz,36.97,20000,Axial,DM+QCDjets,700.0,150.0,1.0,0.25,atlas_exot_2018_06,IM11,-1.0,-1.0,0.0,0.0
/home/yoxara/Insync/DMSimp_vector_axial_pp_xxj_NLO_eff/Events/run_42/events_PYTHIA8_0.hepmc.gz,36.97,20000,Axial,DM+QCDjets,700.0,150.0,1.0,0.25,atlas_exot_2018_06,IM12,-1.0,-1.0,0.0,0.0
/home/yoxara/Insync/DMSimp_vector_axial_pp_xxj_NLO_eff/Events/run_42/events_PYTHIA8_0.hepmc.gz,36.97,20000,Axial,DM+QCDjets,700.0,150.0,1.0,0.25,atlas_exot_2018_06,EM0,30.972842,34.6815979,0.0118371,0.0014983
/home/yoxara/Insync/DMSimp_vector_axial_pp_xxj_NLO_eff/Events/run_42/events_PYTHIA8_0.hepmc.gz,36.97,20000,Axial,DM+QCDjets,700.0,150.0,1.0,0.25,atlas_exot_2018_06,EM1,14.3869591,14.0443168,0.0088384,0.0012967
/home/yoxara/Insync/DMSimp_vector_axial_pp_xxj_NLO_eff/Events/run_42/events_PYTHIA8_0.hepmc.gz,36.97,20000,Axial,DM+QCDjets,700.0,150.0,1.0,0.25,atlas_exot_2018_06,EM2,5.4737323,5.4152064,0.009154,0.0013194
/home/yoxara/Insync/DMSimp_vector_axial_pp_xxj_NLO_eff/Events/run_42/events_PYTHIA8_0.hepmc.gz,36.97,20000,Axial,DM+QCDjets,700.0,150.0,1.0,0.25,atlas_exot_2018_06,EM3,5.4628189,6.5554541,0.0042614,0.0009024
/home/yoxara/Insync/DMSimp_vector_axial_pp_xxj_NLO_eff/Events/run_42/events_PYTHIA8_0.hepmc.gz,36.97,20000,Axial,DM+QCDjets,700.0,150.0,1.0,0.25,atlas_exot_2018_06,EM4,2.9911393,4.2191957,0.0058396,0.0010556
/home/yoxara/Insync/DMSimp_vector_axial_pp_xxj_NLO_eff/Events/run_42/events_PYTHIA8_0.hepmc.gz,36.97,20000,Axial,DM+QCDjets,700.0,150.0,1.0,0.25,atlas_exot_2018_06,EM5,1.6911925,2.0657311,0.0036301,0.0008332
/home/yoxara/Insync/DMSimp_vector_axial_pp_xxj_NLO_eff/Events/run_42/events_PYTHIA8_0.hepmc.gz,36.97,20000,Axial,DM+QCDjets,700.0,150.0,1.0,0.25,atlas_exot_2018_06,EM6,9.2241705,12.7589749,0.0003157,0.0002461
/home/yoxara/Insync/DMSimp_vector_axial_pp_xxj_NLO_eff/Events/run_42/events_PYTHIA8_0.hepmc.gz,36.97,20000,Axial,DM+QCDjets,700.0,150.0,1.0,0.25,atlas_exot_2018_06,EM7,1.2957664,1.899267,0.0011048,0.0004602
/home/yoxara/Insync/DMSimp_vector_axial_pp_xxj_NLO_eff/Events/run_42/events_PYTHIA8_0.hepmc.gz,36.97,20000,Axial,DM+QCDjets,700.0,150.0,1.0,0.25,atlas_exot_2018_06,EM8,2.5704335,2.941568,0.0003157,0.0002461
/home/yoxara/Insync/DMSimp_vector_axial_pp_xxj_NLO_eff/Events/run_42/events_PYTHIA8_0.hepmc.gz,36.97,20000,Axial,DM+QCDjets,700.0,150.0,1.0,0.25,atlas_exot_2018_06,EM9,-1.0,-1.0,0.0,0.0
/home/yoxara/Insync/DMSimp_vector_axial_pp_xxj_NLO_eff/Events/run_42/events_PYTHIA8_0.hepmc.gz,36.97,20000,Axial,DM+QCDjets,700.0,150.0,1.0,0.25,atlas_exot_2018_06,EM10,-1.0,-1.0,0.0,0.0
/home/yoxara/Insync/DMSimp_vector_axial_pp_xxj_NLO_eff/Events/run_42/events_PYTHIA8_0.hepmc.gz,36.97,20000,Axial,DM+QCDjets,700.0,150.0,1.0,0.25,atlas_exot_2018_06,EM11,-1.0,-1.0,0.0,0.0
/home/yoxara/Insync/DMSimp_vector_axial_pp_xxj_NLO_eff/Events/run_42/events_PYTHIA8_0.hepmc.gz,36.97,20000,Axial,DM+QCDjets,700.0,150.0,1.0,0.25,atlas_exot_2018_06,EM12,-1.0,-1.0,0.0,0.0
/home/yoxara/Insync/DMSimp_vector_axial_pp_xxj_NLO_eff/Events/run_43/events_PYTHIA8_0.hepmc.gz,29.36,20000,Axial,DM+QCDjets,700.0,200.0,1.0,0.25,atlas_exot_2018_06,IM0,11.3300813,14.3521031,0.0500161,0.003346
/home/yoxara/Insync/DMSimp_vector_axial_pp_xxj_NLO_eff/Events/run_43/events_PYTHIA8_0.hepmc.gz,29.36,20000,Axial,DM+QCDjets,700.0,200.0,1.0,0.25,atlas_exot_2018_06,IM1,6.7770928,8.5303877,0.0332904,0.0027537
/home/yoxara/Insync/DMSimp_vector_axial_pp_xxj_NLO_eff/Events/run_43/events_PYTHIA8_0.hepmc.gz,29.36,20000,Axial,DM+QCDjets,700.0,200.0,1.0,0.25,atlas_exot_2018_06,IM2,5.1672188,7.0549947,0.0220328,0.0022533
/home/yoxara/Insync/DMSimp_vector_axial_pp_xxj_NLO_eff/Events/run_43/events_PYTHIA8_0.hepmc.gz,29.36,20000,Axial,DM+QCDjets,700.0,200.0,1.0,0.25,atlas_exot_2018_06,IM3,3.9617446,5.7902012,0.0144741,0.0018333
/home/yoxara/Insync/DMSimp_vector_axial_pp_xxj_NLO_eff/Events/run_43/events_PYTHIA8_0.hepmc.gz,29.36,20000,Axial,DM+QCDjets,700.0,200.0,1.0,0.25,atlas_exot_2018_06,IM4,3.1935432,5.0713302,0.0102927,0.0015493
/home/yoxara/Insync/DMSimp_vector_axial_pp_xxj_NLO_eff/Events/run_43/events_PYTHIA8_0.hepmc.gz,29.36,20000,Axial,DM+QCDjets,700.0,200.0,1.0,0.25,atlas_exot_2018_06,IM5,2.5664779,3.89093,0.0056288,0.0011484
/home/yoxara/Insync/DMSimp_vector_axial_pp_xxj_NLO_eff/Events/run_43/events_PYTHIA8_0.hepmc.gz,29.36,20000,Axial,DM+QCDjets,700.0,200.0,1.0,0.25,atlas_exot_2018_06,IM6,2.5124796,3.6809587,0.0028948,0.0008247
/home/yoxara/Insync/DMSimp_vector_axial_pp_xxj_NLO_eff/Events/run_43/events_PYTHIA8_0.hepmc.gz,29.36,20000,Axial,DM+QCDjets,700.0,200.0,1.0,0.25,atlas_exot_2018_06,IM7,3.7250757,4.3803052,0.0009649,0.0004766
/home/yoxara/Insync/DMSimp_vector_axial_pp_xxj_NLO_eff/Events/run_43/events_PYTHIA8_0.hepmc.gz,29.36,20000,Axial,DM+QCDjets,700.0,200.0,1.0,0.25,atlas_exot_2018_06,IM8,1.780469,1.8956653,0.0011258,0.0005147
/home/yoxara/Insync/DMSimp_vector_axial_pp_xxj_NLO_eff/Events/run_43/events_PYTHIA8_0.hepmc.gz,29.36,20000,Axial,DM+QCDjets,700.0,200.0,1.0,0.25,atlas_exot_2018_06,IM9,2.6286661,2.4842516,0.0004825,0.0003371
/home/yoxara/Insync/DMSimp_vector_axial_pp_xxj_NLO_eff/Events/run_43/events_PYTHIA8_0.hepmc.gz,29.36,20000,Axial,DM+QCDjets,700.0,200.0,1.0,0.25,atlas_exot_2018_06,IM10,5.7795286,8.9524107,0.0001608,0.0001946
/home/yoxara/Insync/DMSimp_vector_axial_pp_xxj_NLO_eff/Events/run_43/events_PYTHIA8_0.hepmc.gz,29.36,20000,Axial,DM+QCDjets,700.0,200.0,1.0,0.25,atlas_exot_2018_06,IM11,3.4939926,3.1223939,0.0001608,0.0001946
/home/yoxara/Insync/DMSimp_vector_axial_pp_xxj_NLO_eff/Events/run_43/events_PYTHIA8_0.hepmc.gz,29.36,20000,Axial,DM+QCDjets,700.0,200.0,1.0,0.25,atlas_exot_2018_06,IM12,2.1652585,1.7193801,0.0001608,0.0001946
/home/yoxara/Insync/DMSimp_vector_axial_pp_xxj_NLO_eff/Events/run_43/events_PYTHIA8_0.hepmc.gz,29.36,20000,Axial,DM+QCDjets,700.0,200.0,1.0,0.25,atlas_exot_2018_06,EM0,21.9258333,24.6016208,0.0167256,0.0019685
/home/yoxara/Insync/DMSimp_vector_axial_pp_xxj_NLO_eff/Events/run_43/events_PYTHIA8_0.hepmc.gz,29.36,20000,Axial,DM+QCDjets,700.0,200.0,1.0,0.25,atlas_exot_2018_06,EM1,11.3578162,10.9994453,0.0112576,0.0016195
/home/yoxara/Insync/DMSimp_vector_axial_pp_xxj_NLO_eff/Events/run_43/events_PYTHIA8_0.hepmc.gz,29.36,20000,Axial,DM+QCDjets,700.0,200.0,1.0,0.25,atlas_exot_2018_06,EM2,6.6275716,6.5838017,0.0075587,0.0013295
/home/yoxara/Insync/DMSimp_vector_axial_pp_xxj_NLO_eff/Events/run_43/events_PYTHIA8_0.hepmc.gz,29.36,20000,Axial,DM+QCDjets,700.0,200.0,1.0,0.25,atlas_exot_2018_06,EM3,5.5356552,6.7027056,0.0041814,0.0009905
/home/yoxara/Insync/DMSimp_vector_axial_pp_xxj_NLO_eff/Events/run_43/events_PYTHIA8_0.hepmc.gz,29.36,20000,Axial,DM+QCDjets,700.0,200.0,1.0,0.25,atlas_exot_2018_06,EM4,3.7473166,5.2885368,0.0046639,0.0010459
/home/yoxara/Insync/DMSimp_vector_axial_pp_xxj_NLO_eff/Events/run_43/events_PYTHIA8_0.hepmc.gz,29.36,20000,Axial,DM+QCDjets,700.0,200.0,1.0,0.25,atlas_exot_2018_06,EM5,2.2490717,2.7416668,0.002734,0.0008015
/home/yoxara/Insync/DMSimp_vector_axial_pp_xxj_NLO_eff/Events/run_43/events_PYTHIA8_0.hepmc.gz,29.36,20000,Axial,DM+QCDjets,700.0,200.0,1.0,0.25,atlas_exot_2018_06,EM6,1.5058109,2.0920896,0.0019299,0.0006737
/home/yoxara/Insync/DMSimp_vector_axial_pp_xxj_NLO_eff/Events/run_43/events_PYTHIA8_0.hepmc.gz,29.36,20000,Axial,DM+QCDjets,700.0,200.0,1.0,0.25,atlas_exot_2018_06,EM7,-1.0,-1.0,0.0,0.0
/home/yoxara/Insync/DMSimp_vector_axial_pp_xxj_NLO_eff/Events/run_43/events_PYTHIA8_0.hepmc.gz,29.36,20000,Axial,DM+QCDjets,700.0,200.0,1.0,0.25,atlas_exot_2018_06,EM8,1.2670208,1.4454888,0.0006433,0.0003892
/home/yoxara/Insync/DMSimp_vector_axial_pp_xxj_NLO_eff/Events/run_43/events_PYTHIA8_0.hepmc.gz,29.36,20000,Axial,DM+QCDjets,700.0,200.0,1.0,0.25,atlas_exot_2018_06,EM9,1.5171549,1.2927701,0.0003216,0.0002753
/home/yoxara/Insync/DMSimp_vector_axial_pp_xxj_NLO_eff/Events/run_43/events_PYTHIA8_0.hepmc.gz,29.36,20000,Axial,DM+QCDjets,700.0,200.0,1.0,0.25,atlas_exot_2018_06,EM10,-1.0,-1.0,0.0,0.0
/home/yoxara/Insync/DMSimp_vector_axial_pp_xxj_NLO_eff/Events/run_43/events_PYTHIA8_0.hepmc.gz,29.36,20000,Axial,DM+QCDjets,700.0,200.0,1.0,0.25,atlas_exot_2018_06,EM11,-1.0,-1.0,0.0,0.0
/home/yoxara/Insync/DMSimp_vector_axial_pp_xxj_NLO_eff/Events/run_43/events_PYTHIA8_0.hepmc.gz,29.36,20000,Axial,DM+QCDjets,700.0,200.0,1.0,0.25,atlas_exot_2018_06,EM12,1.5807982,1.2696349,0.0001608,0.0001946
/home/yoxara/Insync/DMSimp_vector_axial_pp_xxj_NLO_eff/Events/run_44/events_PYTHIA8_0.hepmc.gz,21.17,20000,Axial,DM+QCDjets,700.0,250.0,1.0,0.25,atlas_exot_2018_06,IM0,12.1709729,15.4277235,0.0464208,0.0037925
/home/yoxara/Insync/DMSimp_vector_axial_pp_xxj_NLO_eff/Events/run_44/events_PYTHIA8_0.hepmc.gz,21.17,20000,Axial,DM+QCDjets,700.0,250.0,1.0,0.25,atlas_exot_2018_06,IM1,7.3625674,9.2799277,0.0306346,0.0031063
/home/yoxara/Insync/DMSimp_vector_axial_pp_xxj_NLO_eff/Events/run_44/events_PYTHIA8_0.hepmc.gz,21.17,20000,Axial,DM+QCDjets,700.0,250.0,1.0,0.25,atlas_exot_2018_06,IM2,5.7838221,7.9759231,0.0195374,0.0024948
/home/yoxara/Insync/DMSimp_vector_axial_pp_xxj_NLO_eff/Events/run_44/events_PYTHIA8_0.hepmc.gz,21.17,20000,Axial,DM+QCDjets,700.0,250.0,1.0,0.25,atlas_exot_2018_06,IM3,4.5916731,6.8153886,0.0123476,0.0019906
/home/yoxara/Insync/DMSimp_vector_axial_pp_xxj_NLO_eff/Events/run_44/events_PYTHIA8_0.hepmc.gz,21.17,20000,Axial,DM+QCDjets,700.0,250.0,1.0,0.25,atlas_exot_2018_06,IM4,3.9648932,6.3183407,0.0082838,0.0016338
/home/yoxara/Insync/DMSimp_vector_axial_pp_xxj_NLO_eff/Events/run_44/events_PYTHIA8_0.hepmc.gz,21.17,20000,Axial,DM+QCDjets,700.0,250.0,1.0,0.25,atlas_exot_2018_06,IM5,3.7074019,5.5965918,0.0039075,0.0011246
/home/yoxara/Insync/DMSimp_vector_axial_pp_xxj_NLO_eff/Events/run_44/events_PYTHIA8_0.hepmc.gz,21.17,20000,Axial,DM+QCDjets,700.0,250.0,1.0,0.25,atlas_exot_2018_06,IM6,4.6576596,6.8391509,0.001563,0.0007121
/home/yoxara/Insync/DMSimp_vector_axial_pp_xxj_NLO_eff/Events/run_44/events_PYTHIA8_0.hepmc.gz,21.17,20000,Axial,DM+QCDjets,700.0,250.0,1.0,0.25,atlas_exot_2018_06,IM7,3.8312289,4.5211064,0.0009378,0.0005518
/home/yoxara/Insync/DMSimp_vector_axial_pp_xxj_NLO_eff/Events/run_44/events_PYTHIA8_0.hepmc.gz,21.17,20000,Axial,DM+QCDjets,700.0,250.0,1.0,0.25,atlas_exot_2018_06,IM8,12.8768239,13.7454884,0.0001563,0.0002253
/home/yoxara/Insync/DMSimp_vector_axial_pp_xxj_NLO_eff/Events/run_44/events_PYTHIA8_0.hepmc.gz,21.17,20000,Axial,DM+QCDjets,700.0,250.0,1.0,0.25,atlas_exot_2018_06,IM9,8.0971575,7.653857,0.0001563,0.0002253
/home/yoxara/Insync/DMSimp_vector_axial_pp_xxj_NLO_eff/Events/run_44/events_PYTHIA8_0.hepmc.gz,21.17,20000,Axial,DM+QCDjets,700.0,250.0,1.0,0.25,atlas_exot_2018_06,IM10,5.9712613,9.2530021,0.0001563,0.0002253
/home/yoxara/Insync/DMSimp_vector_axial_pp_xxj_NLO_eff/Events/run_44/events_PYTHIA8_0.hepmc.gz,21.17,20000,Axial,DM+QCDjets,700.0,250.0,1.0,0.25,atlas_exot_2018_06,IM11,-1.0,-1.0,0.0,0.0
/home/yoxara/Insync/DMSimp_vector_axial_pp_xxj_NLO_eff/Events/run_44/events_PYTHIA8_0.hepmc.gz,21.17,20000,Axial,DM+QCDjets,700.0,250.0,1.0,0.25,atlas_exot_2018_06,IM12,-1.0,-1.0,0.0,0.0
/home/yoxara/Insync/DMSimp_vector_axial_pp_xxj_NLO_eff/Events/run_44/events_PYTHIA8_0.hepmc.gz,21.17,20000,Axial,DM+QCDjets,700.0,250.0,1.0,0.25,atlas_exot_2018_06,EM0,23.272504,25.940145,0.0157862,0.0022469
/home/yoxara/Insync/DMSimp_vector_axial_pp_xxj_NLO_eff/Events/run_44/events_PYTHIA8_0.hepmc.gz,21.17,20000,Axial,DM+QCDjets,700.0,250.0,1.0,0.25,atlas_exot_2018_06,EM1,11.4807398,11.1829262,0.0110972,0.0018883
/home/yoxara/Insync/DMSimp_vector_axial_pp_xxj_NLO_eff/Events/run_44/events_PYTHIA8_0.hepmc.gz,21.17,20000,Axial,DM+QCDjets,700.0,250.0,1.0,0.25,atlas_exot_2018_06,EM2,6.9727073,6.8770102,0.0071897,0.0015229
/home/yoxara/Insync/DMSimp_vector_axial_pp_xxj_NLO_eff/Events/run_44/events_PYTHIA8_0.hepmc.gz,21.17,20000,Axial,DM+QCDjets,700.0,250.0,1.0,0.25,atlas_exot_2018_06,EM3,5.7147534,6.9018293,0.0040638,0.0011468
/home/yoxara/Insync/DMSimp_vector_axial_pp_xxj_NLO_eff/Events/run_44/events_PYTHIA8_0.hepmc.gz,21.17,20000,Axial,DM+QCDjets,700.0,250.0,1.0,0.25,atlas_exot_2018_06,EM4,4.0095511,5.6336066,0.0043764,0.0011899
/home/yoxara/Insync/DMSimp_vector_axial_pp_xxj_NLO_eff/Events/run_44/events_PYTHIA8_0.hepmc.gz,21.17,20000,Axial,DM+QCDjets,700.0,250.0,1.0,0.25,atlas_exot_2018_06,EM5,2.6159251,3.197994,0.0023445,0.0008718
/home/yoxara/Insync/DMSimp_vector_axial_pp_xxj_NLO_eff/Events/run_44/events_PYTHIA8_0.hepmc.gz,21.17,20000,Axial,DM+QCDjets,700.0,250.0,1.0,0.25,atlas_exot_2018_06,EM6,4.6388525,6.4398651,0.0006252,0.0004506
/home/yoxara/Insync/DMSimp_vector_axial_pp_xxj_NLO_eff/Events/run_44/events_PYTHIA8_0.hepmc.gz,21.17,20000,Axial,DM+QCDjets,700.0,250.0,1.0,0.25,atlas_exot_2018_06,EM7,1.8344958,2.683469,0.0007815,0.0005037
/home/yoxara/Insync/DMSimp_vector_axial_pp_xxj_NLO_eff/Events/run_44/events_PYTHIA8_0.hepmc.gz,21.17,20000,Axial,DM+QCDjets,700.0,250.0,1.0,0.25,atlas_exot_2018_06,EM8,-1.0,-1.0,0.0,0.0
/home/yoxara/Insync/DMSimp_vector_axial_pp_xxj_NLO_eff/Events/run_44/events_PYTHIA8_0.hepmc.gz,21.17,20000,Axial,DM+QCDjets,700.0,250.0,1.0,0.25,atlas_exot_2018_06,EM9,-1.0,-1.0,0.0,0.0
/home/yoxara/Insync/DMSimp_vector_axial_pp_xxj_NLO_eff/Events/run_44/events_PYTHIA8_0.hepmc.gz,21.17,20000,Axial,DM+QCDjets,700.0,250.0,1.0,0.25,atlas_exot_2018_06,EM10,2.0120908,4.2690255,0.0001563,0.0002253
/home/yoxara/Insync/DMSimp_vector_axial_pp_xxj_NLO_eff/Events/run_44/events_PYTHIA8_0.hepmc.gz,21.17,20000,Axial,DM+QCDjets,700.0,250.0,1.0,0.25,atlas_exot_2018_06,EM11,-1.0,-1.0,0.0,0.0
/home/yoxara/Insync/DMSimp_vector_axial_pp_xxj_NLO_eff/Events/run_44/events_PYTHIA8_0.hepmc.gz,21.17,20000,Axial,DM+QCDjets,700.0,250.0,1.0,0.25,atlas_exot_2018_06,EM12,-1.0,-1.0,0.0,0.0
/home/yoxara/Insync/DMSimp_vector_axial_pp_xxj_NLO_eff/Events/run_45/events_PYTHIA8_0.hepmc.gz,10.03,20000,Axial,DM+QCDjets,700.0,300.0,1.0,0.25,atlas_exot_2018_06,IM0,10.8424723,13.7582456,0.0521895,0.0057432
/home/yoxara/Insync/DMSimp_vector_axial_pp_xxj_NLO_eff/Events/run_45/events_PYTHIA8_0.hepmc.gz,10.03,20000,Axial,DM+QCDjets,700.0,300.0,1.0,0.25,atlas_exot_2018_06,IM1,7.103261,8.9681911,0.0317936,0.0045306
/home/yoxara/Insync/DMSimp_vector_axial_pp_xxj_NLO_eff/Events/run_45/events_PYTHIA8_0.hepmc.gz,10.03,20000,Axial,DM+QCDjets,700.0,300.0,1.0,0.25,atlas_exot_2018_06,IM2,4.9732704,6.8320509,0.0227954,0.003854
/home/yoxara/Insync/DMSimp_vector_axial_pp_xxj_NLO_eff/Events/run_45/events_PYTHIA8_0.hepmc.gz,10.03,20000,Axial,DM+QCDjets,700.0,300.0,1.0,0.25,atlas_exot_2018_06,IM3,3.364278,4.9467509,0.0169466,0.0033329
/home/yoxara/Insync/DMSimp_vector_axial_pp_xxj_NLO_eff/Events/run_45/events_PYTHIA8_0.hepmc.gz,10.03,20000,Axial,DM+QCDjets,700.0,300.0,1.0,0.25,atlas_exot_2018_06,IM4,2.8880037,4.5861585,0.0113977,0.0027411
/home/yoxara/Insync/DMSimp_vector_axial_pp_xxj_NLO_eff/Events/run_45/events_PYTHIA8_0.hepmc.gz,10.03,20000,Axial,DM+QCDjets,700.0,300.0,1.0,0.25,atlas_exot_2018_06,IM5,2.0916127,3.1779646,0.0068986,0.0021374
/home/yoxara/Insync/DMSimp_vector_axial_pp_xxj_NLO_eff/Events/run_45/events_PYTHIA8_0.hepmc.gz,10.03,20000,Axial,DM+QCDjets,700.0,300.0,1.0,0.25,atlas_exot_2018_06,IM6,2.8571156,4.1773858,0.0025495,0.0013022
/home/yoxara/Insync/DMSimp_vector_axial_pp_xxj_NLO_eff/Events/run_45/events_PYTHIA8_0.hepmc.gz,10.03,20000,Axial,DM+QCDjets,700.0,300.0,1.0,0.25,atlas_exot_2018_06,IM7,3.4224792,4.0265639,0.0010498,0.0008362
/home/yoxara/Insync/DMSimp_vector_axial_pp_xxj_NLO_eff/Events/run_45/events_PYTHIA8_0.hepmc.gz,10.03,20000,Axial,DM+QCDjets,700.0,300.0,1.0,0.25,atlas_exot_2018_06,IM8,2.2202772,2.3763384,0.0008998,0.0007742
/home/yoxara/Insync/DMSimp_vector_axial_pp_xxj_NLO_eff/Events/run_45/events_PYTHIA8_0.hepmc.gz,10.03,20000,Axial,DM+QCDjets,700.0,300.0,1.0,0.25,atlas_exot_2018_06,IM9,2.0999123,1.9844466,0.0005999,0.0006323
/home/yoxara/Insync/DMSimp_vector_axial_pp_xxj_NLO_eff/Events/run_45/events_PYTHIA8_0.hepmc.gz,10.03,20000,Axial,DM+QCDjets,700.0,300.0,1.0,0.25,atlas_exot_2018_06,IM10,2.0694691,3.2049905,0.0004499,0.0005476
/home/yoxara/Insync/DMSimp_vector_axial_pp_xxj_NLO_eff/Events/run_45/events_PYTHIA8_0.hepmc.gz,10.03,20000,Axial,DM+QCDjets,700.0,300.0,1.0,0.25,atlas_exot_2018_06,IM11,3.7829108,3.3473627,0.00015,0.0003162
/home/yoxara/Insync/DMSimp_vector_axial_pp_xxj_NLO_eff/Events/run_45/events_PYTHIA8_0.hepmc.gz,10.03,20000,Axial,DM+QCDjets,700.0,300.0,1.0,0.25,atlas_exot_2018_06,IM12,-1.0,-1.0,0.0,0.0
/home/yoxara/Insync/DMSimp_vector_axial_pp_xxj_NLO_eff/Events/run_45/events_PYTHIA8_0.hepmc.gz,10.03,20000,Axial,DM+QCDjets,700.0,300.0,1.0,0.25,atlas_exot_2018_06,EM0,18.0066038,20.1358167,0.0203959,0.00365
/home/yoxara/Insync/DMSimp_vector_axial_pp_xxj_NLO_eff/Events/run_45/events_PYTHIA8_0.hepmc.gz,10.03,20000,Axial,DM+QCDjets,700.0,300.0,1.0,0.25,atlas_exot_2018_06,EM1,14.2324074,13.8667014,0.0089982,0.0024384
/home/yoxara/Insync/DMSimp_vector_axial_pp_xxj_NLO_eff/Events/run_45/events_PYTHIA8_0.hepmc.gz,10.03,20000,Axial,DM+QCDjets,700.0,300.0,1.0,0.25,atlas_exot_2018_06,EM2,8.5293741,8.4522978,0.0058488,0.0019691
/home/yoxara/Insync/DMSimp_vector_axial_pp_xxj_NLO_eff/Events/run_45/events_PYTHIA8_0.hepmc.gz,10.03,20000,Axial,DM+QCDjets,700.0,300.0,1.0,0.25,atlas_exot_2018_06,EM3,4.1617207,5.0696295,0.0055489,0.0019182
/home/yoxara/Insync/DMSimp_vector_axial_pp_xxj_NLO_eff/Events/run_45/events_PYTHIA8_0.hepmc.gz,10.03,20000,Axial,DM+QCDjets,700.0,300.0,1.0,0.25,atlas_exot_2018_06,EM4,3.8925201,5.4826488,0.0044991,0.0017282
/home/yoxara/Insync/DMSimp_vector_axial_pp_xxj_NLO_eff/Events/run_45/events_PYTHIA8_0.hepmc.gz,10.03,20000,Axial,DM+QCDjets,700.0,300.0,1.0,0.25,atlas_exot_2018_06,EM5,1.4124343,1.7213058,0.0043491,0.0016992
/home/yoxara/Insync/DMSimp_vector_axial_pp_xxj_NLO_eff/Events/run_45/events_PYTHIA8_0.hepmc.gz,10.03,20000,Axial,DM+QCDjets,700.0,300.0,1.0,0.25,atlas_exot_2018_06,EM6,1.9303608,2.6796227,0.0014997,0.0009993
/home/yoxara/Insync/DMSimp_vector_axial_pp_xxj_NLO_eff/Events/run_45/events_PYTHIA8_0.hepmc.gz,10.03,20000,Axial,DM+QCDjets,700.0,300.0,1.0,0.25,atlas_exot_2018_06,EM7,9.5711366,13.970665,0.00015,0.0003162
/home/yoxara/Insync/DMSimp_vector_axial_pp_xxj_NLO_eff/Events/run_45/events_PYTHIA8_0.hepmc.gz,10.03,20000,Axial,DM+QCDjets,700.0,300.0,1.0,0.25,atlas_exot_2018_06,EM8,2.7088168,3.1020055,0.0002999,0.0004471
/home/yoxara/Insync/DMSimp_vector_axial_pp_xxj_NLO_eff/Events/run_45/events_PYTHIA8_0.hepmc.gz,10.03,20000,Axial,DM+QCDjets,700.0,300.0,1.0,0.25,atlas_exot_2018_06,EM9,3.2636555,2.7729795,0.00015,0.0003162
/home/yoxara/Insync/DMSimp_vector_axial_pp_xxj_NLO_eff/Events/run_45/events_PYTHIA8_0.hepmc.gz,10.03,20000,Axial,DM+QCDjets,700.0,300.0,1.0,0.25,atlas_exot_2018_06,EM10,1.0444346,2.2234499,0.0002999,0.0004471
/home/yoxara/Insync/DMSimp_vector_axial_pp_xxj_NLO_eff/Events/run_45/events_PYTHIA8_0.hepmc.gz,10.03,20000,Axial,DM+QCDjets,700.0,300.0,1.0,0.25,atlas_exot_2018_06,EM11,1.4629542,1.6419772,0.00015,0.0003162
/home/yoxara/Insync/DMSimp_vector_axial_pp_xxj_NLO_eff/Events/run_45/events_PYTHIA8_0.hepmc.gz,10.03,20000,Axial,DM+QCDjets,700.0,300.0,1.0,0.25,atlas_exot_2018_06,EM12,-1.0,-1.0,0.0,0.0
/home/yoxara/Insync/DMSimp_vector_axial_pp_xxj_NLO_eff/Events/run_46/events_PYTHIA8_0.hepmc.gz,0.8069,20000,Axial,DM+QCDjets,700.0,350.0,1.0,0.25,atlas_exot_2018_06,IM0,11.4830844,14.655225,0.0491031,0.0199729
/home/yoxara/Insync/DMSimp_vector_axial_pp_xxj_NLO_eff/Events/run_46/events_PYTHIA8_0.hepmc.gz,0.8069,20000,Axial,DM+QCDjets,700.0,350.0,1.0,0.25,atlas_exot_2018_06,IM1,6.4670079,8.1312985,0.034965,0.0169789
/home/yoxara/Insync/DMSimp_vector_axial_pp_xxj_NLO_eff/Events/run_46/events_PYTHIA8_0.hepmc.gz,0.8069,20000,Axial,DM+QCDjets,700.0,350.0,1.0,0.25,atlas_exot_2018_06,IM2,4.9681323,6.8329605,0.0228033,0.0137978
/home/yoxara/Insync/DMSimp_vector_axial_pp_xxj_NLO_eff/Events/run_46/events_PYTHIA8_0.hepmc.gz,0.8069,20000,Axial,DM+QCDjets,700.0,350.0,1.0,0.25,atlas_exot_2018_06,IM3,3.6221596,5.3602265,0.0156582,0.0114753
/home/yoxara/Insync/DMSimp_vector_axial_pp_xxj_NLO_eff/Events/run_46/events_PYTHIA8_0.hepmc.gz,0.8069,20000,Axial,DM+QCDjets,700.0,350.0,1.0,0.25,atlas_exot_2018_06,IM4,3.4888127,5.5405098,0.0094254,0.0089313
/home/yoxara/Insync/DMSimp_vector_axial_pp_xxj_NLO_eff/Events/run_46/events_PYTHIA8_0.hepmc.gz,0.8069,20000,Axial,DM+QCDjets,700.0,350.0,1.0,0.25,atlas_exot_2018_06,IM5,2.972626,4.4938266,0.0048647,0.0064312
/home/yoxara/Insync/DMSimp_vector_axial_pp_xxj_NLO_eff/Events/run_46/events_PYTHIA8_0.hepmc.gz,0.8069,20000,Axial,DM+QCDjets,700.0,350.0,1.0,0.25,atlas_exot_2018_06,IM6,4.8014454,7.0338057,0.0015202,0.0036012
/home/yoxara/Insync/DMSimp_vector_axial_pp_xxj_NLO_eff/Events/run_46/events_PYTHIA8_0.hepmc.gz,0.8069,20000,Axial,DM+QCDjets,700.0,350.0,1.0,0.25,atlas_exot_2018_06,IM7,3.3794032,3.9786796,0.0010642,0.0030136
/home/yoxara/Insync/DMSimp_vector_axial_pp_xxj_NLO_eff/Events/run_46/events_PYTHIA8_0.hepmc.gz,0.8069,20000,Axial,DM+QCDjets,700.0,350.0,1.0,0.25,atlas_exot_2018_06,IM8,2.2045044,2.3473549,0.0009121,0.0027903
/home/yoxara/Insync/DMSimp_vector_axial_pp_xxj_NLO_eff/Events/run_46/events_PYTHIA8_0.hepmc.gz,0.8069,20000,Axial,DM+QCDjets,700.0,350.0,1.0,0.25,atlas_exot_2018_06,IM9,2.0814282,1.9626128,0.0006081,0.0022786
/home/yoxara/Insync/DMSimp_vector_axial_pp_xxj_NLO_eff/Events/run_46/events_PYTHIA8_0.hepmc.gz,0.8069,20000,Axial,DM+QCDjets,700.0,350.0,1.0,0.25,atlas_exot_2018_06,IM10,2.0425118,3.1551693,0.0004561,0.0019735
/home/yoxara/Insync/DMSimp_vector_axial_pp_xxj_NLO_eff/Events/run_46/events_PYTHIA8_0.hepmc.gz,0.8069,20000,Axial,DM+QCDjets,700.0,350.0,1.0,0.25,atlas_exot_2018_06,IM11,3.7046581,3.3296282,0.000152,0.0011396
/home/yoxara/Insync/DMSimp_vector_axial_pp_xxj_NLO_eff/Events/run_46/events_PYTHIA8_0.hepmc.gz,0.8069,20000,Axial,DM+QCDjets,700.0,350.0,1.0,0.25,atlas_exot_2018_06,IM12,2.2954541,1.8189433,0.000152,0.0011396
/home/yoxara/Insync/DMSimp_vector_axial_pp_xxj_NLO_eff/Events/run_46/events_PYTHIA8_0.hepmc.gz,0.8069,20000,Axial,DM+QCDjets,700.0,350.0,1.0,0.25,atlas_exot_2018_06,EM0,25.9903733,29.0555127,0.014138,0.0109125
/home/yoxara/Insync/DMSimp_vector_axial_pp_xxj_NLO_eff/Events/run_46/events_PYTHIA8_0.hepmc.gz,0.8069,20000,Axial,DM+QCDjets,700.0,350.0,1.0,0.25,atlas_exot_2018_06,EM1,10.5157619,10.1931884,0.0121617,0.0101312
/home/yoxara/Insync/DMSimp_vector_axial_pp_xxj_NLO_eff/Events/run_46/events_PYTHIA8_0.hepmc.gz,0.8069,20000,Axial,DM+QCDjets,700.0,350.0,1.0,0.25,atlas_exot_2018_06,EM2,6.9777758,6.9458878,0.007145,0.0077851
/home/yoxara/Insync/DMSimp_vector_axial_pp_xxj_NLO_eff/Events/run_46/events_PYTHIA8_0.hepmc.gz,0.8069,20000,Axial,DM+QCDjets,700.0,350.0,1.0,0.25,atlas_exot_2018_06,EM3,3.7235477,4.5006342,0.0062329,0.0072746
/home/yoxara/Insync/DMSimp_vector_axial_pp_xxj_NLO_eff/Events/run_46/events_PYTHIA8_0.hepmc.gz,0.8069,20000,Axial,DM+QCDjets,700.0,350.0,1.0,0.25,atlas_exot_2018_06,EM4,3.8145031,5.4200174,0.0045607,0.0062279
/home/yoxara/Insync/DMSimp_vector_axial_pp_xxj_NLO_eff/Events/run_46/events_PYTHIA8_0.hepmc.gz,0.8069,20000,Axial,DM+QCDjets,700.0,350.0,1.0,0.25,atlas_exot_2018_06,EM5,1.8415017,2.2375736,0.0033445,0.0053365
/home/yoxara/Insync/DMSimp_vector_axial_pp_xxj_NLO_eff/Events/run_46/events_PYTHIA8_0.hepmc.gz,0.8069,20000,Axial,DM+QCDjets,700.0,350.0,1.0,0.25,atlas_exot_2018_06,EM6,6.357401,8.8294895,0.0004561,0.0019735
/home/yoxara/Insync/DMSimp_vector_axial_pp_xxj_NLO_eff/Events/run_46/events_PYTHIA8_0.hepmc.gz,0.8069,20000,Axial,DM+QCDjets,700.0,350.0,1.0,0.25,atlas_exot_2018_06,EM7,9.4342829,13.792109,0.000152,0.0011396
/home/yoxara/Insync/DMSimp_vector_axial_pp_xxj_NLO_eff/Events/run_46/events_PYTHIA8_0.hepmc.gz,0.8069,20000,Axial,DM+QCDjets,700.0,350.0,1.0,0.25,atlas_exot_2018_06,EM8,2.6762439,3.0453779,0.000304,0.0016115
/home/yoxara/Insync/DMSimp_vector_axial_pp_xxj_NLO_eff/Events/run_46/events_PYTHIA8_0.hepmc.gz,0.8069,20000,Axial,DM+QCDjets,700.0,350.0,1.0,0.25,atlas_exot_2018_06,EM9,3.2376659,2.7395346,0.000152,0.0011396
/home/yoxara/Insync/DMSimp_vector_axial_pp_xxj_NLO_eff/Events/run_46/events_PYTHIA8_0.hepmc.gz,0.8069,20000,Axial,DM+QCDjets,700.0,350.0,1.0,0.25,atlas_exot_2018_06,EM10,1.0233151,2.1968518,0.000304,0.0016115
/home/yoxara/Insync/DMSimp_vector_axial_pp_xxj_NLO_eff/Events/run_46/events_PYTHIA8_0.hepmc.gz,0.8069,20000,Axial,DM+QCDjets,700.0,350.0,1.0,0.25,atlas_exot_2018_06,EM11,-1.0,-1.0,0.0,0.0
/home/yoxara/Insync/DMSimp_vector_axial_pp_xxj_NLO_eff/Events/run_46/events_PYTHIA8_0.hepmc.gz,0.8069,20000,Axial,DM+QCDjets,700.0,350.0,1.0,0.25,atlas_exot_2018_06,EM12,1.6743998,1.3497009,0.000152,0.0011396
/home/yoxara/Insync/DMSimp_vector_axial_pp_xxj_NLO_eff/Events/run_47/events_PYTHIA8_0.hepmc.gz,0.4508,20000,Axial,DM+QCDjets,700.0,360.0,1.0,0.25,atlas_exot_2018_06,IM0,9.0684351,11.519264,0.0621504,0.029597
/home/yoxara/Insync/DMSimp_vector_axial_pp_xxj_NLO_eff/Events/run_47/events_PYTHIA8_0.hepmc.gz,0.4508,20000,Axial,DM+QCDjets,700.0,360.0,1.0,0.25,atlas_exot_2018_06,IM1,5.2409108,6.5807932,0.0431945,0.0249222
/home/yoxara/Insync/DMSimp_vector_axial_pp_xxj_NLO_eff/Events/run_47/events_PYTHIA8_0.hepmc.gz,0.4508,20000,Axial,DM+QCDjets,700.0,360.0,1.0,0.25,atlas_exot_2018_06,IM2,3.8948792,5.355452,0.0290553,0.0205906
/home/yoxara/Insync/DMSimp_vector_axial_pp_xxj_NLO_eff/Events/run_47/events_PYTHIA8_0.hepmc.gz,0.4508,20000,Axial,DM+QCDjets,700.0,360.0,1.0,0.25,atlas_exot_2018_06,IM3,2.5017248,3.6706726,0.0228403,0.0183144
/home/yoxara/Insync/DMSimp_vector_axial_pp_xxj_NLO_eff/Events/run_47/events_PYTHIA8_0.hepmc.gz,0.4508,20000,Axial,DM+QCDjets,700.0,360.0,1.0,0.25,atlas_exot_2018_06,IM4,1.975452,3.1503148,0.0166252,0.0156748
/home/yoxara/Insync/DMSimp_vector_axial_pp_xxj_NLO_eff/Events/run_47/events_PYTHIA8_0.hepmc.gz,0.4508,20000,Axial,DM+QCDjets,700.0,360.0,1.0,0.25,atlas_exot_2018_06,IM5,1.7517536,2.6537482,0.0082349,0.0110788
/home/yoxara/Insync/DMSimp_vector_axial_pp_xxj_NLO_eff/Events/run_47/events_PYTHIA8_0.hepmc.gz,0.4508,20000,Axial,DM+QCDjets,700.0,360.0,1.0,0.25,atlas_exot_2018_06,IM6,1.6734611,2.4607486,0.0043505,0.0080683
/home/yoxara/Insync/DMSimp_vector_axial_pp_xxj_NLO_eff/Events/run_47/events_PYTHIA8_0.hepmc.gz,0.4508,20000,Axial,DM+QCDjets,700.0,360.0,1.0,0.25,atlas_exot_2018_06,IM7,1.1074284,1.2917534,0.0032629,0.0069912
/home/yoxara/Insync/DMSimp_vector_axial_pp_xxj_NLO_eff/Events/run_47/events_PYTHIA8_0.hepmc.gz,0.4508,20000,Axial,DM+QCDjets,700.0,360.0,1.0,0.25,atlas_exot_2018_06,IM8,1.072272,1.1459103,0.0018645,0.0052886
/home/yoxara/Insync/DMSimp_vector_axial_pp_xxj_NLO_eff/Events/run_47/events_PYTHIA8_0.hepmc.gz,0.4508,20000,Axial,DM+QCDjets,700.0,360.0,1.0,0.25,atlas_exot_2018_06,IM9,1.1661305,1.1056845,0.0010876,0.0040408
/home/yoxara/Insync/DMSimp_vector_axial_pp_xxj_NLO_eff/Events/run_47/events_PYTHIA8_0.hepmc.gz,0.4508,20000,Axial,DM+QCDjets,700.0,360.0,1.0,0.25,atlas_exot_2018_06,IM10,0.9988001,1.548314,0.0009323,0.0037413
/home/yoxara/Insync/DMSimp_vector_axial_pp_xxj_NLO_eff/Events/run_47/events_PYTHIA8_0.hepmc.gz,0.4508,20000,Axial,DM+QCDjets,700.0,360.0,1.0,0.25,atlas_exot_2018_06,IM11,0.9047663,0.8140403,0.0006215,0.0030553
/home/yoxara/Insync/DMSimp_vector_axial_pp_xxj_NLO_eff/Events/run_47/events_PYTHIA8_0.hepmc.gz,0.4508,20000,Axial,DM+QCDjets,700.0,360.0,1.0,0.25,atlas_exot_2018_06,IM12,1.1224867,0.8871614,0.0003108,0.0021607
/home/yoxara/Insync/DMSimp_vector_axial_pp_xxj_NLO_eff/Events/run_47/events_PYTHIA8_0.hepmc.gz,0.4508,20000,Axial,DM+QCDjets,700.0,360.0,1.0,0.25,atlas_exot_2018_06,EM0,19.3786164,21.6198269,0.0189559,0.0167177
/home/yoxara/Insync/DMSimp_vector_axial_pp_xxj_NLO_eff/Events/run_47/events_PYTHIA8_0.hepmc.gz,0.4508,20000,Axial,DM+QCDjets,700.0,360.0,1.0,0.25,atlas_exot_2018_06,EM1,8.9995266,8.8095403,0.0141392,0.0144737
/home/yoxara/Insync/DMSimp_vector_axial_pp_xxj_NLO_eff/Events/run_47/events_PYTHIA8_0.hepmc.gz,0.4508,20000,Axial,DM+QCDjets,700.0,360.0,1.0,0.25,atlas_exot_2018_06,EM2,8.0313402,8.0018078,0.006215,0.0096345
/home/yoxara/Insync/DMSimp_vector_axial_pp_xxj_NLO_eff/Events/run_47/events_PYTHIA8_0.hepmc.gz,0.4508,20000,Axial,DM+QCDjets,700.0,360.0,1.0,0.25,atlas_exot_2018_06,EM3,3.741952,4.5187932,0.006215,0.0096345
/home/yoxara/Insync/DMSimp_vector_axial_pp_xxj_NLO_eff/Events/run_47/events_PYTHIA8_0.hepmc.gz,0.4508,20000,Axial,DM+QCDjets,700.0,360.0,1.0,0.25,atlas_exot_2018_06,EM4,2.0897643,2.9404083,0.0083903,0.011182
/home/yoxara/Insync/DMSimp_vector_axial_pp_xxj_NLO_eff/Events/run_47/events_PYTHIA8_0.hepmc.gz,0.4508,20000,Axial,DM+QCDjets,700.0,360.0,1.0,0.25,atlas_exot_2018_06,EM5,1.5871397,1.9243051,0.0038844,0.0076256
/home/yoxara/Insync/DMSimp_vector_axial_pp_xxj_NLO_eff/Events/run_47/events_PYTHIA8_0.hepmc.gz,0.4508,20000,Axial,DM+QCDjets,700.0,360.0,1.0,0.25,atlas_exot_2018_06,EM6,2.6555516,3.7094947,0.0010876,0.0040408
/home/yoxara/Insync/DMSimp_vector_axial_pp_xxj_NLO_eff/Events/run_47/events_PYTHIA8_0.hepmc.gz,0.4508,20000,Axial,DM+QCDjets,700.0,360.0,1.0,0.25,atlas_exot_2018_06,EM7,1.0245399,1.4983309,0.0013984,0.0045811
/home/yoxara/Insync/DMSimp_vector_axial_pp_xxj_NLO_eff/Events/run_47/events_PYTHIA8_0.hepmc.gz,0.4508,20000,Axial,DM+QCDjets,700.0,360.0,1.0,0.25,atlas_exot_2018_06,EM8,1.0469814,1.2025861,0.0007769,0.0034156
/home/yoxara/Insync/DMSimp_vector_axial_pp_xxj_NLO_eff/Events/run_47/events_PYTHIA8_0.hepmc.gz,0.4508,20000,Axial,DM+QCDjets,700.0,360.0,1.0,0.25,atlas_exot_2018_06,EM9,3.1414417,2.6921957,0.0001554,0.001528
/home/yoxara/Insync/DMSimp_vector_axial_pp_xxj_NLO_eff/Events/run_47/events_PYTHIA8_0.hepmc.gz,0.4508,20000,Axial,DM+QCDjets,700.0,360.0,1.0,0.25,atlas_exot_2018_06,EM10,1.005,2.1463126,0.0003108,0.0021607
/home/yoxara/Insync/DMSimp_vector_axial_pp_xxj_NLO_eff/Events/run_47/events_PYTHIA8_0.hepmc.gz,0.4508,20000,Axial,DM+QCDjets,700.0,360.0,1.0,0.25,atlas_exot_2018_06,EM11,0.7055194,0.7942671,0.0003108,0.0021607
/home/yoxara/Insync/DMSimp_vector_axial_pp_xxj_NLO_eff/Events/run_47/events_PYTHIA8_0.hepmc.gz,0.4508,20000,Axial,DM+QCDjets,700.0,360.0,1.0,0.25,atlas_exot_2018_06,EM12,0.8221082,0.658979,0.0003108,0.0021607
/home/yoxara/Insync/DMSimp_vector_axial_pp_xxj_NLO_eff/Events/run_48/events_PYTHIA8_0.hepmc.gz,0.03606,20000,Axial,DM+QCDjets,700.0,500.0,1.0,0.25,atlas_exot_2018_06,IM0,6.5793318,8.3291392,0.0858257,0.123011
/home/yoxara/Insync/DMSimp_vector_axial_pp_xxj_NLO_eff/Events/run_48/events_PYTHIA8_0.hepmc.gz,0.03606,20000,Axial,DM+QCDjets,700.0,500.0,1.0,0.25,atlas_exot_2018_06,IM1,3.532053,4.4732715,0.0640442,0.1075198
/home/yoxara/Insync/DMSimp_vector_axial_pp_xxj_NLO_eff/Events/run_48/events_PYTHIA8_0.hepmc.gz,0.03606,20000,Axial,DM+QCDjets,700.0,500.0,1.0,0.25,atlas_exot_2018_06,IM2,2.5170909,3.4701454,0.0448635,0.0909076
/home/yoxara/Insync/DMSimp_vector_axial_pp_xxj_NLO_eff/Events/run_48/events_PYTHIA8_0.hepmc.gz,0.03606,20000,Axial,DM+QCDjets,700.0,500.0,1.0,0.25,atlas_exot_2018_06,IM3,1.6755076,2.4797375,0.0338101,0.0793735
/home/yoxara/Insync/DMSimp_vector_axial_pp_xxj_NLO_eff/Events/run_48/events_PYTHIA8_0.hepmc.gz,0.03606,20000,Axial,DM+QCDjets,700.0,500.0,1.0,0.25,atlas_exot_2018_06,IM4,1.3602458,2.1552463,0.0242198,0.0675121
/home/yoxara/Insync/DMSimp_vector_axial_pp_xxj_NLO_eff/Events/run_48/events_PYTHIA8_0.hepmc.gz,0.03606,20000,Axial,DM+QCDjets,700.0,500.0,1.0,0.25,atlas_exot_2018_06,IM5,0.9690835,1.4581323,0.0149545,0.0533009
/home/yoxara/Insync/DMSimp_vector_axial_pp_xxj_NLO_eff/Events/run_48/events_PYTHIA8_0.hepmc.gz,0.03606,20000,Axial,DM+QCDjets,700.0,500.0,1.0,0.25,atlas_exot_2018_06,IM6,0.8790805,1.2821897,0.00829,0.039819
/home/yoxara/Insync/DMSimp_vector_axial_pp_xxj_NLO_eff/Events/run_48/events_PYTHIA8_0.hepmc.gz,0.03606,20000,Axial,DM+QCDjets,700.0,500.0,1.0,0.25,atlas_exot_2018_06,IM7,0.6906533,0.8107069,0.0052016,0.0315904
/home/yoxara/Insync/DMSimp_vector_axial_pp_xxj_NLO_eff/Events/run_48/events_PYTHIA8_0.hepmc.gz,0.03606,20000,Axial,DM+QCDjets,700.0,500.0,1.0,0.25,atlas_exot_2018_06,IM8,0.7224788,0.7772992,0.0027633,0.0230535
/home/yoxara/Insync/DMSimp_vector_axial_pp_xxj_NLO_eff/Events/run_48/events_PYTHIA8_0.hepmc.gz,0.03606,20000,Axial,DM+QCDjets,700.0,500.0,1.0,0.25,atlas_exot_2018_06,IM9,1.2952989,1.2272825,0.0009753,0.0137081
/home/yoxara/Insync/DMSimp_vector_axial_pp_xxj_NLO_eff/Events/run_48/events_PYTHIA8_0.hepmc.gz,0.03606,20000,Axial,DM+QCDjets,700.0,500.0,1.0,0.25,atlas_exot_2018_06,IM10,1.1518772,1.7723578,0.0008127,0.0125147
/home/yoxara/Insync/DMSimp_vector_axial_pp_xxj_NLO_eff/Events/run_48/events_PYTHIA8_0.hepmc.gz,0.03606,20000,Axial,DM+QCDjets,700.0,500.0,1.0,0.25,atlas_exot_2018_06,IM11,0.6983557,0.6169548,0.0008127,0.0125147
/home/yoxara/Insync/DMSimp_vector_axial_pp_xxj_NLO_eff/Events/run_48/events_PYTHIA8_0.hepmc.gz,0.03606,20000,Axial,DM+QCDjets,700.0,500.0,1.0,0.25,atlas_exot_2018_06,IM12,0.7139166,0.5675195,0.0004876,0.0096954
/home/yoxara/Insync/DMSimp_vector_axial_pp_xxj_NLO_eff/Events/run_48/events_PYTHIA8_0.hepmc.gz,0.03606,20000,Axial,DM+QCDjets,700.0,500.0,1.0,0.25,atlas_exot_2018_06,EM0,16.8761164,18.8143331,0.0217815,0.0641037
/home/yoxara/Insync/DMSimp_vector_axial_pp_xxj_NLO_eff/Events/run_48/events_PYTHIA8_0.hepmc.gz,0.03606,20000,Axial,DM+QCDjets,700.0,500.0,1.0,0.25,atlas_exot_2018_06,EM1,6.665075,6.4923671,0.0191807,0.0602349
/home/yoxara/Insync/DMSimp_vector_axial_pp_xxj_NLO_eff/Events/run_48/events_PYTHIA8_0.hepmc.gz,0.03606,20000,Axial,DM+QCDjets,700.0,500.0,1.0,0.25,atlas_exot_2018_06,EM2,4.527764,4.4802752,0.0110533,0.0459149
/home/yoxara/Insync/DMSimp_vector_axial_pp_xxj_NLO_eff/Events/run_48/events_PYTHIA8_0.hepmc.gz,0.03606,20000,Axial,DM+QCDjets,700.0,500.0,1.0,0.25,atlas_exot_2018_06,EM3,2.4196882,2.9189024,0.0095904,0.0428002
/home/yoxara/Insync/DMSimp_vector_axial_pp_xxj_NLO_eff/Events/run_48/events_PYTHIA8_0.hepmc.gz,0.03606,20000,Axial,DM+QCDjets,700.0,500.0,1.0,0.25,atlas_exot_2018_06,EM4,1.8863977,2.6661793,0.0092653,0.0420754
/home/yoxara/Insync/DMSimp_vector_axial_pp_xxj_NLO_eff/Events/run_48/events_PYTHIA8_0.hepmc.gz,0.03606,20000,Axial,DM+QCDjets,700.0,500.0,1.0,0.25,atlas_exot_2018_06,EM5,0.9168568,1.1258626,0.0066645,0.0357316
/home/yoxara/Insync/DMSimp_vector_axial_pp_xxj_NLO_eff/Events/run_48/events_PYTHIA8_0.hepmc.gz,0.03606,20000,Axial,DM+QCDjets,700.0,500.0,1.0,0.25,atlas_exot_2018_06,EM6,0.9402755,1.3079197,0.0030884,0.0243679
/home/yoxara/Insync/DMSimp_vector_axial_pp_xxj_NLO_eff/Events/run_48/events_PYTHIA8_0.hepmc.gz,0.03606,20000,Axial,DM+QCDjets,700.0,500.0,1.0,0.25,atlas_exot_2018_06,EM7,0.5901597,0.8634658,0.0024382,0.0216585
/home/yoxara/Insync/DMSimp_vector_axial_pp_xxj_NLO_eff/Events/run_48/events_PYTHIA8_0.hepmc.gz,0.03606,20000,Axial,DM+QCDjets,700.0,500.0,1.0,0.25,atlas_exot_2018_06,EM8,0.4531318,0.5214922,0.001788,0.0185533
/home/yoxara/Insync/DMSimp_vector_axial_pp_xxj_NLO_eff/Events/run_48/events_PYTHIA8_0.hepmc.gz,0.03606,20000,Axial,DM+QCDjets,700.0,500.0,1.0,0.25,atlas_exot_2018_06,EM9,2.9968804,2.5510871,0.0001625,0.0055986
/home/yoxara/Insync/DMSimp_vector_axial_pp_xxj_NLO_eff/Events/run_48/events_PYTHIA8_0.hepmc.gz,0.03606,20000,Axial,DM+QCDjets,700.0,500.0,1.0,0.25,atlas_exot_2018_06,EM10,-1.0,-1.0,0.0,0.0
/home/yoxara/Insync/DMSimp_vector_axial_pp_xxj_NLO_eff/Events/run_48/events_PYTHIA8_0.hepmc.gz,0.03606,20000,Axial,DM+QCDjets,700.0,500.0,1.0,0.25,atlas_exot_2018_06,EM11,0.6704758,0.7574813,0.0003251,0.0079169
/home/yoxara/Insync/DMSimp_vector_axial_pp_xxj_NLO_eff/Events/run_48/events_PYTHIA8_0.hepmc.gz,0.03606,20000,Axial,DM+QCDjets,700.0,500.0,1.0,0.25,atlas_exot_2018_06,EM12,0.5183636,0.4195423,0.0004876,0.0096954
/home/yoxara/Insync/DMSimp_vector_axial_pp_xxj_NLO_eff/Events/run_49/events_PYTHIA8_0.hepmc.gz,11.57,20000,Axial,DM+QCDjets,1000.0,0.0,1.0,0.25,atlas_exot_2018_06,IM0,9.5569822,12.106383,0.0591256,0.005699
/home/yoxara/Insync/DMSimp_vector_axial_pp_xxj_NLO_eff/Events/run_49/events_PYTHIA8_0.hepmc.gz,11.57,20000,Axial,DM+QCDjets,1000.0,0.0,1.0,0.25,atlas_exot_2018_06,IM1,5.4593781,6.8543357,0.0415701,0.004823
/home/yoxara/Insync/DMSimp_vector_axial_pp_xxj_NLO_eff/Events/run_49/events_PYTHIA8_0.hepmc.gz,11.57,20000,Axial,DM+QCDjets,1000.0,0.0,1.0,0.25,atlas_exot_2018_06,IM2,3.9726143,5.4690378,0.0284863,0.0040197
/home/yoxara/Insync/DMSimp_vector_axial_pp_xxj_NLO_eff/Events/run_49/events_PYTHIA8_0.hepmc.gz,11.57,20000,Axial,DM+QCDjets,1000.0,0.0,1.0,0.25,atlas_exot_2018_06,IM3,3.3955823,4.9706059,0.016893,0.0031139
/home/yoxara/Insync/DMSimp_vector_axial_pp_xxj_NLO_eff/Events/run_49/events_PYTHIA8_0.hepmc.gz,11.57,20000,Axial,DM+QCDjets,1000.0,0.0,1.0,0.25,atlas_exot_2018_06,IM4,2.5783989,4.1025179,0.0127526,0.0027112
/home/yoxara/Insync/DMSimp_vector_axial_pp_xxj_NLO_eff/Events/run_49/events_PYTHIA8_0.hepmc.gz,11.57,20000,Axial,DM+QCDjets,1000.0,0.0,1.0,0.25,atlas_exot_2018_06,IM5,2.0239488,3.0763277,0.0071216,0.0020318
/home/yoxara/Insync/DMSimp_vector_axial_pp_xxj_NLO_eff/Events/run_49/events_PYTHIA8_0.hepmc.gz,11.57,20000,Axial,DM+QCDjets,1000.0,0.0,1.0,0.25,atlas_exot_2018_06,IM6,2.322624,3.3948821,0.0031467,0.0013533
/home/yoxara/Insync/DMSimp_vector_axial_pp_xxj_NLO_eff/Events/run_49/events_PYTHIA8_0.hepmc.gz,11.57,20000,Axial,DM+QCDjets,1000.0,0.0,1.0,0.25,atlas_exot_2018_06,IM7,1.9734027,2.3235397,0.0018218,0.0010304
/home/yoxara/Insync/DMSimp_vector_axial_pp_xxj_NLO_eff/Events/run_49/events_PYTHIA8_0.hepmc.gz,11.57,20000,Axial,DM+QCDjets,1000.0,0.0,1.0,0.25,atlas_exot_2018_06,IM8,1.5087066,1.6211902,0.0013249,0.0008789
/home/yoxara/Insync/DMSimp_vector_axial_pp_xxj_NLO_eff/Events/run_49/events_PYTHIA8_0.hepmc.gz,11.57,20000,Axial,DM+QCDjets,1000.0,0.0,1.0,0.25,atlas_exot_2018_06,IM9,1.9068913,1.807911,0.0006625,0.0006217
/home/yoxara/Insync/DMSimp_vector_axial_pp_xxj_NLO_eff/Events/run_49/events_PYTHIA8_0.hepmc.gz,11.57,20000,Axial,DM+QCDjets,1000.0,0.0,1.0,0.25,atlas_exot_2018_06,IM10,2.812551,4.3512314,0.0003312,0.0004397
/home/yoxara/Insync/DMSimp_vector_axial_pp_xxj_NLO_eff/Events/run_49/events_PYTHIA8_0.hepmc.gz,11.57,20000,Axial,DM+QCDjets,1000.0,0.0,1.0,0.25,atlas_exot_2018_06,IM11,3.4049167,3.0490259,0.0001656,0.0003109
/home/yoxara/Insync/DMSimp_vector_axial_pp_xxj_NLO_eff/Events/run_49/events_PYTHIA8_0.hepmc.gz,11.57,20000,Axial,DM+QCDjets,1000.0,0.0,1.0,0.25,atlas_exot_2018_06,IM12,2.1030101,1.6583142,0.0001656,0.0003109
/home/yoxara/Insync/DMSimp_vector_axial_pp_xxj_NLO_eff/Events/run_49/events_PYTHIA8_0.hepmc.gz,11.57,20000,Axial,DM+QCDjets,1000.0,0.0,1.0,0.25,atlas_exot_2018_06,EM0,20.9034396,23.3639152,0.0175555,0.0031733
/home/yoxara/Insync/DMSimp_vector_axial_pp_xxj_NLO_eff/Events/run_49/events_PYTHIA8_0.hepmc.gz,11.57,20000,Axial,DM+QCDjets,1000.0,0.0,1.0,0.25,atlas_exot_2018_06,EM1,9.7758954,9.5270597,0.0130838,0.0027457
/home/yoxara/Insync/DMSimp_vector_axial_pp_xxj_NLO_eff/Events/run_49/events_PYTHIA8_0.hepmc.gz,11.57,20000,Axial,DM+QCDjets,1000.0,0.0,1.0,0.25,atlas_exot_2018_06,EM2,4.3102327,4.2849933,0.0115932,0.0025865
/home/yoxara/Insync/DMSimp_vector_axial_pp_xxj_NLO_eff/Events/run_49/events_PYTHIA8_0.hepmc.gz,11.57,20000,Axial,DM+QCDjets,1000.0,0.0,1.0,0.25,atlas_exot_2018_06,EM3,5.6017411,6.7658904,0.0041404,0.0015516
/home/yoxara/Insync/DMSimp_vector_axial_pp_xxj_NLO_eff/Events/run_49/events_PYTHIA8_0.hepmc.gz,11.57,20000,Axial,DM+QCDjets,1000.0,0.0,1.0,0.25,atlas_exot_2018_06,EM4,3.1145124,4.3852938,0.005631,0.0018081
/home/yoxara/Insync/DMSimp_vector_axial_pp_xxj_NLO_eff/Events/run_49/events_PYTHIA8_0.hepmc.gz,11.57,20000,Axial,DM+QCDjets,1000.0,0.0,1.0,0.25,atlas_exot_2018_06,EM5,1.5462619,1.8829635,0.0039748,0.0015203
/home/yoxara/Insync/DMSimp_vector_axial_pp_xxj_NLO_eff/Events/run_49/events_PYTHIA8_0.hepmc.gz,11.57,20000,Axial,DM+QCDjets,1000.0,0.0,1.0,0.25,atlas_exot_2018_06,EM6,2.1865493,3.0461764,0.0013249,0.0008789
/home/yoxara/Insync/DMSimp_vector_axial_pp_xxj_NLO_eff/Events/run_49/events_PYTHIA8_0.hepmc.gz,11.57,20000,Axial,DM+QCDjets,1000.0,0.0,1.0,0.25,atlas_exot_2018_06,EM7,2.9099918,4.2156074,0.0004969,0.0005385
/home/yoxara/Insync/DMSimp_vector_axial_pp_xxj_NLO_eff/Events/run_49/events_PYTHIA8_0.hepmc.gz,11.57,20000,Axial,DM+QCDjets,1000.0,0.0,1.0,0.25,atlas_exot_2018_06,EM8,1.220421,1.4042885,0.0006625,0.0006217
/home/yoxara/Insync/DMSimp_vector_axial_pp_xxj_NLO_eff/Events/run_49/events_PYTHIA8_0.hepmc.gz,11.57,20000,Axial,DM+QCDjets,1000.0,0.0,1.0,0.25,atlas_exot_2018_06,EM9,1.4760267,1.2570606,0.0003312,0.0004397
/home/yoxara/Insync/DMSimp_vector_axial_pp_xxj_NLO_eff/Events/run_49/events_PYTHIA8_0.hepmc.gz,11.57,20000,Axial,DM+QCDjets,1000.0,0.0,1.0,0.25,atlas_exot_2018_06,EM10,1.8814704,4.0332357,0.0001656,0.0003109
/home/yoxara/Insync/DMSimp_vector_axial_pp_xxj_NLO_eff/Events/run_49/events_PYTHIA8_0.hepmc.gz,11.57,20000,Axial,DM+QCDjets,1000.0,0.0,1.0,0.25,atlas_exot_2018_06,EM11,-1.0,-1.0,0.0,0.0
/home/yoxara/Insync/DMSimp_vector_axial_pp_xxj_NLO_eff/Events/run_49/events_PYTHIA8_0.hepmc.gz,11.57,20000,Axial,DM+QCDjets,1000.0,0.0,1.0,0.25,atlas_exot_2018_06,EM12,1.5271667,1.2438946,0.0001656,0.0003109
/home/yoxara/Insync/DMSimp_vector_axial_pp_xxj_NLO_eff/Events/run_50/events_PYTHIA8_0.hepmc.gz,11.62,20000,Axial,DM+QCDjets,1000.0,50.0,1.0,0.25,atlas_exot_2018_06,IM0,7.839772,-1.0,0.0716881,0.006283
/home/yoxara/Insync/DMSimp_vector_axial_pp_xxj_NLO_eff/Events/run_50/events_PYTHIA8_0.hepmc.gz,11.62,20000,Axial,DM+QCDjets,1000.0,50.0,1.0,0.25,atlas_exot_2018_06,IM1,4.403041,5.5491505,0.051371,0.0053766
/home/yoxara/Insync/DMSimp_vector_axial_pp_xxj_NLO_eff/Events/run_50/events_PYTHIA8_0.hepmc.gz,11.62,20000,Axial,DM+QCDjets,1000.0,50.0,1.0,0.25,atlas_exot_2018_06,IM2,3.1382746,4.3131419,0.0360092,0.0045378
/home/yoxara/Insync/DMSimp_vector_axial_pp_xxj_NLO_eff/Events/run_50/events_PYTHIA8_0.hepmc.gz,11.62,20000,Axial,DM+QCDjets,1000.0,50.0,1.0,0.25,atlas_exot_2018_06,IM3,2.2409918,3.3184179,0.0252725,0.0038227
/home/yoxara/Insync/DMSimp_vector_axial_pp_xxj_NLO_eff/Events/run_50/events_PYTHIA8_0.hepmc.gz,11.62,20000,Axial,DM+QCDjets,1000.0,50.0,1.0,0.25,atlas_exot_2018_06,IM4,1.7193136,2.7515243,0.0189957,0.0033248
/home/yoxara/Insync/DMSimp_vector_axial_pp_xxj_NLO_eff/Events/run_50/events_PYTHIA8_0.hepmc.gz,11.62,20000,Axial,DM+QCDjets,1000.0,50.0,1.0,0.25,atlas_exot_2018_06,IM5,1.6848301,2.5496731,0.0085894,0.0022475
/home/yoxara/Insync/DMSimp_vector_axial_pp_xxj_NLO_eff/Events/run_50/events_PYTHIA8_0.hepmc.gz,11.62,20000,Axial,DM+QCDjets,1000.0,50.0,1.0,0.25,atlas_exot_2018_06,IM6,1.2302997,1.7920813,0.0059465,0.0018726
/home/yoxara/Insync/DMSimp_vector_axial_pp_xxj_NLO_eff/Events/run_50/events_PYTHIA8_0.hepmc.gz,11.62,20000,Axial,DM+QCDjets,1000.0,50.0,1.0,0.25,atlas_exot_2018_06,IM7,1.0836352,1.2827665,0.0033036,0.0013976
/home/yoxara/Insync/DMSimp_vector_axial_pp_xxj_NLO_eff/Events/run_50/events_PYTHIA8_0.hepmc.gz,11.62,20000,Axial,DM+QCDjets,1000.0,50.0,1.0,0.25,atlas_exot_2018_06,IM8,0.9336016,0.9991831,0.0021473,0.0011274
/home/yoxara/Insync/DMSimp_vector_axial_pp_xxj_NLO_eff/Events/run_50/events_PYTHIA8_0.hepmc.gz,11.62,20000,Axial,DM+QCDjets,1000.0,50.0,1.0,0.25,atlas_exot_2018_06,IM9,1.0968985,1.0351392,0.0011563,0.0008277
/home/yoxara/Insync/DMSimp_vector_axial_pp_xxj_NLO_eff/Events/run_50/events_PYTHIA8_0.hepmc.gz,11.62,20000,Axial,DM+QCDjets,1000.0,50.0,1.0,0.25,atlas_exot_2018_06,IM10,1.1298087,1.7434226,0.0008259,0.0006997
/home/yoxara/Insync/DMSimp_vector_axial_pp_xxj_NLO_eff/Events/run_50/events_PYTHIA8_0.hepmc.gz,11.62,20000,Axial,DM+QCDjets,1000.0,50.0,1.0,0.25,atlas_exot_2018_06,IM11,3.4203023,3.03626,0.0001652,0.000313
/home/yoxara/Insync/DMSimp_vector_axial_pp_xxj_NLO_eff/Events/run_50/events_PYTHIA8_0.hepmc.gz,11.62,20000,Axial,DM+QCDjets,1000.0,50.0,1.0,0.25,atlas_exot_2018_06,IM12,2.1121099,1.6769084,0.0001652,0.000313
/home/yoxara/Insync/DMSimp_vector_axial_pp_xxj_NLO_eff/Events/run_50/events_PYTHIA8_0.hepmc.gz,11.62,20000,Axial,DM+QCDjets,1000.0,50.0,1.0,0.25,atlas_exot_2018_06,EM0,18.0108353,20.1492328,0.0203171,0.0034362
/home/yoxara/Insync/DMSimp_vector_axial_pp_xxj_NLO_eff/Events/run_50/events_PYTHIA8_0.hepmc.gz,11.62,20000,Axial,DM+QCDjets,1000.0,50.0,1.0,0.25,atlas_exot_2018_06,EM1,8.2809785,8.1384149,0.0153617,0.0029954
/home/yoxara/Insync/DMSimp_vector_axial_pp_xxj_NLO_eff/Events/run_50/events_PYTHIA8_0.hepmc.gz,11.62,20000,Axial,DM+QCDjets,1000.0,50.0,1.0,0.25,atlas_exot_2018_06,EM2,4.6581016,4.6221704,0.0107367,0.0025101
/home/yoxara/Insync/DMSimp_vector_axial_pp_xxj_NLO_eff/Events/run_50/events_PYTHIA8_0.hepmc.gz,11.62,20000,Axial,DM+QCDjets,1000.0,50.0,1.0,0.25,atlas_exot_2018_06,EM3,3.6880025,4.4685436,0.0062768,0.0019235
/home/yoxara/Insync/DMSimp_vector_axial_pp_xxj_NLO_eff/Events/run_50/events_PYTHIA8_0.hepmc.gz,11.62,20000,Axial,DM+QCDjets,1000.0,50.0,1.0,0.25,atlas_exot_2018_06,EM4,1.6776486,2.3760747,0.0104063,0.0024716
/home/yoxara/Insync/DMSimp_vector_axial_pp_xxj_NLO_eff/Events/run_50/events_PYTHIA8_0.hepmc.gz,11.62,20000,Axial,DM+QCDjets,1000.0,50.0,1.0,0.25,atlas_exot_2018_06,EM5,2.3195641,2.8302242,0.0026429,0.0012504
/home/yoxara/Insync/DMSimp_vector_axial_pp_xxj_NLO_eff/Events/run_50/events_PYTHIA8_0.hepmc.gz,11.62,20000,Axial,DM+QCDjets,1000.0,50.0,1.0,0.25,atlas_exot_2018_06,EM6,1.1055984,1.5308579,0.0026429,0.0012504
/home/yoxara/Insync/DMSimp_vector_axial_pp_xxj_NLO_eff/Events/run_50/events_PYTHIA8_0.hepmc.gz,11.62,20000,Axial,DM+QCDjets,1000.0,50.0,1.0,0.25,atlas_exot_2018_06,EM7,1.2371588,1.8104944,0.0011563,0.0008277
/home/yoxara/Insync/DMSimp_vector_axial_pp_xxj_NLO_eff/Events/run_50/events_PYTHIA8_0.hepmc.gz,11.62,20000,Axial,DM+QCDjets,1000.0,50.0,1.0,0.25,atlas_exot_2018_06,EM8,0.8196788,0.938065,0.0009911,0.0007664
/home/yoxara/Insync/DMSimp_vector_axial_pp_xxj_NLO_eff/Events/run_50/events_PYTHIA8_0.hepmc.gz,11.62,20000,Axial,DM+QCDjets,1000.0,50.0,1.0,0.25,atlas_exot_2018_06,EM9,1.4825138,1.2599382,0.0003304,0.0004426
/home/yoxara/Insync/DMSimp_vector_axial_pp_xxj_NLO_eff/Events/run_50/events_PYTHIA8_0.hepmc.gz,11.62,20000,Axial,DM+QCDjets,1000.0,50.0,1.0,0.25,atlas_exot_2018_06,EM10,0.4737404,1.0092142,0.0006607,0.0006258
/home/yoxara/Insync/DMSimp_vector_axial_pp_xxj_NLO_eff/Events/run_50/events_PYTHIA8_0.hepmc.gz,11.62,20000,Axial,DM+QCDjets,1000.0,50.0,1.0,0.25,atlas_exot_2018_06,EM11,-1.0,-1.0,0.0,0.0
/home/yoxara/Insync/DMSimp_vector_axial_pp_xxj_NLO_eff/Events/run_50/events_PYTHIA8_0.hepmc.gz,11.62,20000,Axial,DM+QCDjets,1000.0,50.0,1.0,0.25,atlas_exot_2018_06,EM12,1.5422487,1.232997,0.0001652,0.000313
/home/yoxara/Insync/DMSimp_vector_axial_pp_xxj_NLO_eff/Events/run_51/events_PYTHIA8_0.hepmc.gz,10.93,20000,Axial,DM+QCDjets,1000.0,100.0,1.0,0.25,atlas_exot_2018_06,IM0,9.2829912,11.830188,0.0606574,0.0060363
/home/yoxara/Insync/DMSimp_vector_axial_pp_xxj_NLO_eff/Events/run_51/events_PYTHIA8_0.hepmc.gz,10.93,20000,Axial,DM+QCDjets,1000.0,100.0,1.0,0.25,atlas_exot_2018_06,IM1,5.2635278,6.6071694,0.0430363,0.0051319
/home/yoxara/Insync/DMSimp_vector_axial_pp_xxj_NLO_eff/Events/run_51/events_PYTHIA8_0.hepmc.gz,10.93,20000,Axial,DM+QCDjets,1000.0,100.0,1.0,0.25,atlas_exot_2018_06,IM2,3.6186891,4.9551938,0.0313453,0.0044064
/home/yoxara/Insync/DMSimp_vector_axial_pp_xxj_NLO_eff/Events/run_51/events_PYTHIA8_0.hepmc.gz,10.93,20000,Axial,DM+QCDjets,1000.0,100.0,1.0,0.25,atlas_exot_2018_06,IM3,2.7060972,3.9862961,0.0210098,0.0036267
/home/yoxara/Insync/DMSimp_vector_axial_pp_xxj_NLO_eff/Events/run_51/events_PYTHIA8_0.hepmc.gz,10.93,20000,Axial,DM+QCDjets,1000.0,100.0,1.0,0.25,atlas_exot_2018_06,IM4,2.1138842,3.345263,0.0155879,0.0031325
/home/yoxara/Insync/DMSimp_vector_axial_pp_xxj_NLO_eff/Events/run_51/events_PYTHIA8_0.hepmc.gz,10.93,20000,Axial,DM+QCDjets,1000.0,100.0,1.0,0.25,atlas_exot_2018_06,IM5,1.93307,2.9400825,0.0074551,0.0021753
/home/yoxara/Insync/DMSimp_vector_axial_pp_xxj_NLO_eff/Events/run_51/events_PYTHIA8_0.hepmc.gz,10.93,20000,Axial,DM+QCDjets,1000.0,100.0,1.0,0.25,atlas_exot_2018_06,IM6,1.8677919,2.7391956,0.003897,0.0015755
/home/yoxara/Insync/DMSimp_vector_axial_pp_xxj_NLO_eff/Events/run_51/events_PYTHIA8_0.hepmc.gz,10.93,20000,Axial,DM+QCDjets,1000.0,100.0,1.0,0.25,atlas_exot_2018_06,IM7,1.93666,2.2635292,0.0018638,0.0010907
/home/yoxara/Insync/DMSimp_vector_axial_pp_xxj_NLO_eff/Events/run_51/events_PYTHIA8_0.hepmc.gz,10.93,20000,Axial,DM+QCDjets,1000.0,100.0,1.0,0.25,atlas_exot_2018_06,IM8,1.6941453,1.8038445,0.001186,0.0008704
/home/yoxara/Insync/DMSimp_vector_axial_pp_xxj_NLO_eff/Events/run_51/events_PYTHIA8_0.hepmc.gz,10.93,20000,Axial,DM+QCDjets,1000.0,100.0,1.0,0.25,atlas_exot_2018_06,IM9,7.4970805,7.0620212,0.0001694,0.0003291
/home/yoxara/Insync/DMSimp_vector_axial_pp_xxj_NLO_eff/Events/run_51/events_PYTHIA8_0.hepmc.gz,10.93,20000,Axial,DM+QCDjets,1000.0,100.0,1.0,0.25,atlas_exot_2018_06,IM10,1.8322793,2.8385461,0.0005083,0.00057
/home/yoxara/Insync/DMSimp_vector_axial_pp_xxj_NLO_eff/Events/run_51/events_PYTHIA8_0.hepmc.gz,10.93,20000,Axial,DM+QCDjets,1000.0,100.0,1.0,0.25,atlas_exot_2018_06,IM11,0.8310578,0.7443856,0.0006777,0.0006581
/home/yoxara/Insync/DMSimp_vector_axial_pp_xxj_NLO_eff/Events/run_51/events_PYTHIA8_0.hepmc.gz,10.93,20000,Axial,DM+QCDjets,1000.0,100.0,1.0,0.25,atlas_exot_2018_06,IM12,0.6828728,0.5416423,0.0005083,0.00057
/home/yoxara/Insync/DMSimp_vector_axial_pp_xxj_NLO_eff/Events/run_51/events_PYTHIA8_0.hepmc.gz,10.93,20000,Axial,DM+QCDjets,1000.0,100.0,1.0,0.25,atlas_exot_2018_06,EM0,20.8068563,23.3340593,0.0176211,0.0033271
/home/yoxara/Insync/DMSimp_vector_axial_pp_xxj_NLO_eff/Events/run_51/events_PYTHIA8_0.hepmc.gz,10.93,20000,Axial,DM+QCDjets,1000.0,100.0,1.0,0.25,atlas_exot_2018_06,EM1,10.9723711,10.6430627,0.011691,0.0027182
/home/yoxara/Insync/DMSimp_vector_axial_pp_xxj_NLO_eff/Events/run_51/events_PYTHIA8_0.hepmc.gz,10.93,20000,Axial,DM+QCDjets,1000.0,100.0,1.0,0.25,atlas_exot_2018_06,EM2,4.8475457,4.7952979,0.0103355,0.0025575
/home/yoxara/Insync/DMSimp_vector_axial_pp_xxj_NLO_eff/Events/run_51/events_PYTHIA8_0.hepmc.gz,10.93,20000,Axial,DM+QCDjets,1000.0,100.0,1.0,0.25,atlas_exot_2018_06,EM3,4.2852763,5.1547865,0.0054219,0.001857
/home/yoxara/Insync/DMSimp_vector_axial_pp_xxj_NLO_eff/Events/run_51/events_PYTHIA8_0.hepmc.gz,10.93,20000,Axial,DM+QCDjets,1000.0,100.0,1.0,0.25,atlas_exot_2018_06,EM4,2.1495609,3.0302735,0.0081328,0.0022712
/home/yoxara/Insync/DMSimp_vector_axial_pp_xxj_NLO_eff/Events/run_51/events_PYTHIA8_0.hepmc.gz,10.93,20000,Axial,DM+QCDjets,1000.0,100.0,1.0,0.25,atlas_exot_2018_06,EM5,1.7185342,2.1082552,0.0035581,0.0015057
/home/yoxara/Insync/DMSimp_vector_axial_pp_xxj_NLO_eff/Events/run_51/events_PYTHIA8_0.hepmc.gz,10.93,20000,Axial,DM+QCDjets,1000.0,100.0,1.0,0.25,atlas_exot_2018_06,EM6,1.4340213,1.9800635,0.0020332,0.0011391
/home/yoxara/Insync/DMSimp_vector_axial_pp_xxj_NLO_eff/Events/run_51/events_PYTHIA8_0.hepmc.gz,10.93,20000,Axial,DM+QCDjets,1000.0,100.0,1.0,0.25,atlas_exot_2018_06,EM7,2.1174306,3.1047409,0.0006777,0.0006581
/home/yoxara/Insync/DMSimp_vector_axial_pp_xxj_NLO_eff/Events/run_51/events_PYTHIA8_0.hepmc.gz,10.93,20000,Axial,DM+QCDjets,1000.0,100.0,1.0,0.25,atlas_exot_2018_06,EM8,0.7986014,0.9168751,0.0010166,0.0008059
/home/yoxara/Insync/DMSimp_vector_axial_pp_xxj_NLO_eff/Events/run_51/events_PYTHIA8_0.hepmc.gz,10.93,20000,Axial,DM+QCDjets,1000.0,100.0,1.0,0.25,atlas_exot_2018_06,EM9,-1.0,-1.0,0.0,0.0
/home/yoxara/Insync/DMSimp_vector_axial_pp_xxj_NLO_eff/Events/run_51/events_PYTHIA8_0.hepmc.gz,10.93,20000,Axial,DM+QCDjets,1000.0,100.0,1.0,0.25,atlas_exot_2018_06,EM10,-1.0,-1.0,0.0,0.0
/home/yoxara/Insync/DMSimp_vector_axial_pp_xxj_NLO_eff/Events/run_51/events_PYTHIA8_0.hepmc.gz,10.93,20000,Axial,DM+QCDjets,1000.0,100.0,1.0,0.25,atlas_exot_2018_06,EM11,1.2968047,1.4519263,0.0001694,0.0003291
/home/yoxara/Insync/DMSimp_vector_axial_pp_xxj_NLO_eff/Events/run_51/events_PYTHIA8_0.hepmc.gz,10.93,20000,Axial,DM+QCDjets,1000.0,100.0,1.0,0.25,atlas_exot_2018_06,EM12,0.4999543,0.4024273,0.0005083,0.00057
/home/yoxara/Insync/DMSimp_vector_axial_pp_xxj_NLO_eff/Events/run_52/events_PYTHIA8_0.hepmc.gz,10.37,20000,Axial,DM+QCDjets,1000.0,150.0,1.0,0.25,atlas_exot_2018_06,IM0,8.6901851,11.0486076,0.0649801,0.006363
/home/yoxara/Insync/DMSimp_vector_axial_pp_xxj_NLO_eff/Events/run_52/events_PYTHIA8_0.hepmc.gz,10.37,20000,Axial,DM+QCDjets,1000.0,150.0,1.0,0.25,atlas_exot_2018_06,IM1,4.8802863,6.1334492,0.0464616,0.0054334
/home/yoxara/Insync/DMSimp_vector_axial_pp_xxj_NLO_eff/Events/run_52/events_PYTHIA8_0.hepmc.gz,10.37,20000,Axial,DM+QCDjets,1000.0,150.0,1.0,0.25,atlas_exot_2018_06,IM2,3.576371,4.9150575,0.031746,0.0045258
/home/yoxara/Insync/DMSimp_vector_axial_pp_xxj_NLO_eff/Events/run_52/events_PYTHIA8_0.hepmc.gz,10.37,20000,Axial,DM+QCDjets,1000.0,150.0,1.0,0.25,atlas_exot_2018_06,IM3,2.6037751,3.8578352,0.0218254,0.0037718
/home/yoxara/Insync/DMSimp_vector_axial_pp_xxj_NLO_eff/Events/run_52/events_PYTHIA8_0.hepmc.gz,10.37,20000,Axial,DM+QCDjets,1000.0,150.0,1.0,0.25,atlas_exot_2018_06,IM4,2.1632735,3.4282246,0.0152116,0.0031595
/home/yoxara/Insync/DMSimp_vector_axial_pp_xxj_NLO_eff/Events/run_52/events_PYTHIA8_0.hepmc.gz,10.37,20000,Axial,DM+QCDjets,1000.0,150.0,1.0,0.25,atlas_exot_2018_06,IM5,1.8491296,2.8167189,0.0077712,0.0022668
/home/yoxara/Insync/DMSimp_vector_axial_pp_xxj_NLO_eff/Events/run_52/events_PYTHIA8_0.hepmc.gz,10.37,20000,Axial,DM+QCDjets,1000.0,150.0,1.0,0.25,atlas_exot_2018_06,IM6,1.9189213,2.8028043,0.0038029,0.0015889
/home/yoxara/Insync/DMSimp_vector_axial_pp_xxj_NLO_eff/Events/run_52/events_PYTHIA8_0.hepmc.gz,10.37,20000,Axial,DM+QCDjets,1000.0,150.0,1.0,0.25,atlas_exot_2018_06,IM7,1.4524223,1.6921581,0.0024802,0.001284
/home/yoxara/Insync/DMSimp_vector_axial_pp_xxj_NLO_eff/Events/run_52/events_PYTHIA8_0.hepmc.gz,10.37,20000,Axial,DM+QCDjets,1000.0,150.0,1.0,0.25,atlas_exot_2018_06,IM8,1.1016951,1.1757311,0.0018188,0.0010999
/home/yoxara/Insync/DMSimp_vector_axial_pp_xxj_NLO_eff/Events/run_52/events_PYTHIA8_0.hepmc.gz,10.37,20000,Axial,DM+QCDjets,1000.0,150.0,1.0,0.25,atlas_exot_2018_06,IM9,1.2712936,1.2022669,0.0009921,0.0008127
/home/yoxara/Insync/DMSimp_vector_axial_pp_xxj_NLO_eff/Events/run_52/events_PYTHIA8_0.hepmc.gz,10.37,20000,Axial,DM+QCDjets,1000.0,150.0,1.0,0.25,atlas_exot_2018_06,IM10,1.4157046,2.1837083,0.0006614,0.0006636
/home/yoxara/Insync/DMSimp_vector_axial_pp_xxj_NLO_eff/Events/run_52/events_PYTHIA8_0.hepmc.gz,10.37,20000,Axial,DM+QCDjets,1000.0,150.0,1.0,0.25,atlas_exot_2018_06,IM11,1.1394166,1.0102394,0.000496,0.0005748
/home/yoxara/Insync/DMSimp_vector_axial_pp_xxj_NLO_eff/Events/run_52/events_PYTHIA8_0.hepmc.gz,10.37,20000,Axial,DM+QCDjets,1000.0,150.0,1.0,0.25,atlas_exot_2018_06,IM12,1.0616394,0.8410762,0.0003307,0.0004693
/home/yoxara/Insync/DMSimp_vector_axial_pp_xxj_NLO_eff/Events/run_52/events_PYTHIA8_0.hepmc.gz,10.37,20000,Axial,DM+QCDjets,1000.0,150.0,1.0,0.25,atlas_exot_2018_06,EM0,19.8611993,22.1507577,0.0185185,0.0034802
/home/yoxara/Insync/DMSimp_vector_axial_pp_xxj_NLO_eff/Events/run_52/events_PYTHIA8_0.hepmc.gz,10.37,20000,Axial,DM+QCDjets,1000.0,150.0,1.0,0.25,atlas_exot_2018_06,EM1,8.6967489,8.4889601,0.0147156,0.0031083
/home/yoxara/Insync/DMSimp_vector_axial_pp_xxj_NLO_eff/Events/run_52/events_PYTHIA8_0.hepmc.gz,10.37,20000,Axial,DM+QCDjets,1000.0,150.0,1.0,0.25,atlas_exot_2018_06,EM2,5.0498468,4.9952888,0.0099206,0.0025584
/home/yoxara/Insync/DMSimp_vector_axial_pp_xxj_NLO_eff/Events/run_52/events_PYTHIA8_0.hepmc.gz,10.37,20000,Axial,DM+QCDjets,1000.0,150.0,1.0,0.25,atlas_exot_2018_06,EM3,3.5129813,4.2332365,0.0066138,0.0020924
/home/yoxara/Insync/DMSimp_vector_axial_pp_xxj_NLO_eff/Events/run_52/events_PYTHIA8_0.hepmc.gz,10.37,20000,Axial,DM+QCDjets,1000.0,150.0,1.0,0.25,atlas_exot_2018_06,EM4,2.3566113,3.3137049,0.0074405,0.0022184
/home/yoxara/Insync/DMSimp_vector_axial_pp_xxj_NLO_eff/Events/run_52/events_PYTHIA8_0.hepmc.gz,10.37,20000,Axial,DM+QCDjets,1000.0,150.0,1.0,0.25,atlas_exot_2018_06,EM5,1.5452962,1.8904176,0.0039683,0.0016229
/home/yoxara/Insync/DMSimp_vector_axial_pp_xxj_NLO_eff/Events/run_52/events_PYTHIA8_0.hepmc.gz,10.37,20000,Axial,DM+QCDjets,1000.0,150.0,1.0,0.25,atlas_exot_2018_06,EM6,2.1919763,3.061015,0.0013228,0.0009382
/home/yoxara/Insync/DMSimp_vector_axial_pp_xxj_NLO_eff/Events/run_52/events_PYTHIA8_0.hepmc.gz,10.37,20000,Axial,DM+QCDjets,1000.0,150.0,1.0,0.25,atlas_exot_2018_06,EM7,2.1746295,3.1635199,0.0006614,0.0006636
/home/yoxara/Insync/DMSimp_vector_axial_pp_xxj_NLO_eff/Events/run_52/events_PYTHIA8_0.hepmc.gz,10.37,20000,Axial,DM+QCDjets,1000.0,150.0,1.0,0.25,atlas_exot_2018_06,EM8,0.9815649,1.1207534,0.0008267,0.0007419
/home/yoxara/Insync/DMSimp_vector_axial_pp_xxj_NLO_eff/Events/run_52/events_PYTHIA8_0.hepmc.gz,10.37,20000,Axial,DM+QCDjets,1000.0,150.0,1.0,0.25,atlas_exot_2018_06,EM9,1.4754437,1.2609174,0.0003307,0.0004693
/home/yoxara/Insync/DMSimp_vector_axial_pp_xxj_NLO_eff/Events/run_52/events_PYTHIA8_0.hepmc.gz,10.37,20000,Axial,DM+QCDjets,1000.0,150.0,1.0,0.25,atlas_exot_2018_06,EM10,1.8960238,4.0492365,0.0001653,0.0003319
/home/yoxara/Insync/DMSimp_vector_axial_pp_xxj_NLO_eff/Events/run_52/events_PYTHIA8_0.hepmc.gz,10.37,20000,Axial,DM+QCDjets,1000.0,150.0,1.0,0.25,atlas_exot_2018_06,EM11,1.3283538,1.488624,0.0001653,0.0003319
/home/yoxara/Insync/DMSimp_vector_axial_pp_xxj_NLO_eff/Events/run_52/events_PYTHIA8_0.hepmc.gz,10.37,20000,Axial,DM+QCDjets,1000.0,150.0,1.0,0.25,atlas_exot_2018_06,EM12,0.7688066,0.6157303,0.0003307,0.0004693
/home/yoxara/Insync/DMSimp_vector_axial_pp_xxj_NLO_eff/Events/run_53/events_PYTHIA8_0.hepmc.gz,9.672,20000,Axial,DM+QCDjets,1000.0,200.0,1.0,0.25,atlas_exot_2018_06,IM0,8.75366,11.1038264,0.0645861,0.0066258
/home/yoxara/Insync/DMSimp_vector_axial_pp_xxj_NLO_eff/Events/run_53/events_PYTHIA8_0.hepmc.gz,9.672,20000,Axial,DM+QCDjets,1000.0,200.0,1.0,0.25,atlas_exot_2018_06,IM1,5.1350625,6.431583,0.0442256,0.0055422
/home/yoxara/Insync/DMSimp_vector_axial_pp_xxj_NLO_eff/Events/run_53/events_PYTHIA8_0.hepmc.gz,9.672,20000,Axial,DM+QCDjets,1000.0,200.0,1.0,0.25,atlas_exot_2018_06,IM2,3.4877166,4.796752,0.0325434,0.0047832
/home/yoxara/Insync/DMSimp_vector_axial_pp_xxj_NLO_eff/Events/run_53/events_PYTHIA8_0.hepmc.gz,9.672,20000,Axial,DM+QCDjets,1000.0,200.0,1.0,0.25,atlas_exot_2018_06,IM3,2.3893112,3.5116099,0.0238652,0.0041144
/home/yoxara/Insync/DMSimp_vector_axial_pp_xxj_NLO_eff/Events/run_53/events_PYTHIA8_0.hepmc.gz,9.672,20000,Axial,DM+QCDjets,1000.0,200.0,1.0,0.25,atlas_exot_2018_06,IM4,1.8774037,2.9871867,0.0175234,0.003537
/home/yoxara/Insync/DMSimp_vector_axial_pp_xxj_NLO_eff/Events/run_53/events_PYTHIA8_0.hepmc.gz,9.672,20000,Axial,DM+QCDjets,1000.0,200.0,1.0,0.25,atlas_exot_2018_06,IM5,1.3519115,2.0464124,0.0106809,0.002771
/home/yoxara/Insync/DMSimp_vector_axial_pp_xxj_NLO_eff/Events/run_53/events_PYTHIA8_0.hepmc.gz,9.672,20000,Axial,DM+QCDjets,1000.0,200.0,1.0,0.25,atlas_exot_2018_06,IM6,1.9860354,2.9064343,0.0036716,0.0016304
/home/yoxara/Insync/DMSimp_vector_axial_pp_xxj_NLO_eff/Events/run_53/events_PYTHIA8_0.hepmc.gz,9.672,20000,Axial,DM+QCDjets,1000.0,200.0,1.0,0.25,atlas_exot_2018_06,IM7,1.8159238,2.1123292,0.0020027,0.0012051
/home/yoxara/Insync/DMSimp_vector_axial_pp_xxj_NLO_eff/Events/run_53/events_PYTHIA8_0.hepmc.gz,9.672,20000,Axial,DM+QCDjets,1000.0,200.0,1.0,0.25,atlas_exot_2018_06,IM8,5.9908041,6.4228913,0.0003338,0.0004924
/home/yoxara/Insync/DMSimp_vector_axial_pp_xxj_NLO_eff/Events/run_53/events_PYTHIA8_0.hepmc.gz,9.672,20000,Axial,DM+QCDjets,1000.0,200.0,1.0,0.25,atlas_exot_2018_06,IM9,3.7897331,3.5676257,0.0003338,0.0004924
/home/yoxara/Insync/DMSimp_vector_axial_pp_xxj_NLO_eff/Events/run_53/events_PYTHIA8_0.hepmc.gz,9.672,20000,Axial,DM+QCDjets,1000.0,200.0,1.0,0.25,atlas_exot_2018_06,IM10,5.5884113,8.6433149,0.0001669,0.0003482
/home/yoxara/Insync/DMSimp_vector_axial_pp_xxj_NLO_eff/Events/run_53/events_PYTHIA8_0.hepmc.gz,9.672,20000,Axial,DM+QCDjets,1000.0,200.0,1.0,0.25,atlas_exot_2018_06,IM11,-1.0,-1.0,0.0,0.0
/home/yoxara/Insync/DMSimp_vector_axial_pp_xxj_NLO_eff/Events/run_53/events_PYTHIA8_0.hepmc.gz,9.672,20000,Axial,DM+QCDjets,1000.0,200.0,1.0,0.25,atlas_exot_2018_06,IM12,-1.0,-1.0,0.0,0.0
/home/yoxara/Insync/DMSimp_vector_axial_pp_xxj_NLO_eff/Events/run_53/events_PYTHIA8_0.hepmc.gz,9.672,20000,Axial,DM+QCDjets,1000.0,200.0,1.0,0.25,atlas_exot_2018_06,EM0,17.9914689,20.1717447,0.0203605,0.0038071
/home/yoxara/Insync/DMSimp_vector_axial_pp_xxj_NLO_eff/Events/run_53/events_PYTHIA8_0.hepmc.gz,9.672,20000,Axial,DM+QCDjets,1000.0,200.0,1.0,0.25,atlas_exot_2018_06,EM1,10.9814547,10.6162362,0.0116822,0.0028965
/home/yoxara/Insync/DMSimp_vector_axial_pp_xxj_NLO_eff/Events/run_53/events_PYTHIA8_0.hepmc.gz,9.672,20000,Axial,DM+QCDjets,1000.0,200.0,1.0,0.25,atlas_exot_2018_06,EM2,5.7603549,5.7075854,0.0086782,0.0025003
/home/yoxara/Insync/DMSimp_vector_axial_pp_xxj_NLO_eff/Events/run_53/events_PYTHIA8_0.hepmc.gz,9.672,20000,Axial,DM+QCDjets,1000.0,200.0,1.0,0.25,atlas_exot_2018_06,EM3,3.6732881,4.4161,0.0063418,0.0021399
/home/yoxara/Insync/DMSimp_vector_axial_pp_xxj_NLO_eff/Events/run_53/events_PYTHIA8_0.hepmc.gz,9.672,20000,Axial,DM+QCDjets,1000.0,200.0,1.0,0.25,atlas_exot_2018_06,EM4,2.5700985,3.6065651,0.0068425,0.0022222
/home/yoxara/Insync/DMSimp_vector_axial_pp_xxj_NLO_eff/Events/run_53/events_PYTHIA8_0.hepmc.gz,9.672,20000,Axial,DM+QCDjets,1000.0,200.0,1.0,0.25,atlas_exot_2018_06,EM5,0.8752149,1.0696577,0.0070093,0.002249
/home/yoxara/Insync/DMSimp_vector_axial_pp_xxj_NLO_eff/Events/run_53/events_PYTHIA8_0.hepmc.gz,9.672,20000,Axial,DM+QCDjets,1000.0,200.0,1.0,0.25,atlas_exot_2018_06,EM6,1.7548837,2.4120804,0.0016689,0.0011003
/home/yoxara/Insync/DMSimp_vector_axial_pp_xxj_NLO_eff/Events/run_53/events_PYTHIA8_0.hepmc.gz,9.672,20000,Axial,DM+QCDjets,1000.0,200.0,1.0,0.25,atlas_exot_2018_06,EM7,0.8613854,1.2560158,0.0016689,0.0011003
/home/yoxara/Insync/DMSimp_vector_axial_pp_xxj_NLO_eff/Events/run_53/events_PYTHIA8_0.hepmc.gz,9.672,20000,Axial,DM+QCDjets,1000.0,200.0,1.0,0.25,atlas_exot_2018_06,EM8,-1.0,-1.0,0.0,0.0
/home/yoxara/Insync/DMSimp_vector_axial_pp_xxj_NLO_eff/Events/run_53/events_PYTHIA8_0.hepmc.gz,9.672,20000,Axial,DM+QCDjets,1000.0,200.0,1.0,0.25,atlas_exot_2018_06,EM9,2.9282848,2.4994585,0.0001669,0.0003482
/home/yoxara/Insync/DMSimp_vector_axial_pp_xxj_NLO_eff/Events/run_53/events_PYTHIA8_0.hepmc.gz,9.672,20000,Axial,DM+QCDjets,1000.0,200.0,1.0,0.25,atlas_exot_2018_06,EM10,1.8665714,4.0046875,0.0001669,0.0003482
/home/yoxara/Insync/DMSimp_vector_axial_pp_xxj_NLO_eff/Events/run_53/events_PYTHIA8_0.hepmc.gz,9.672,20000,Axial,DM+QCDjets,1000.0,200.0,1.0,0.25,atlas_exot_2018_06,EM11,-1.0,-1.0,0.0,0.0
/home/yoxara/Insync/DMSimp_vector_axial_pp_xxj_NLO_eff/Events/run_53/events_PYTHIA8_0.hepmc.gz,9.672,20000,Axial,DM+QCDjets,1000.0,200.0,1.0,0.25,atlas_exot_2018_06,EM12,-1.0,-1.0,0.0,0.0
/home/yoxara/Insync/DMSimp_vector_axial_pp_xxj_NLO_eff/Events/run_54/events_PYTHIA8_0.hepmc.gz,8.706,20000,Axial,DM+QCDjets,1000.0,250.0,1.0,0.25,atlas_exot_2018_06,IM0,9.2920298,11.7652789,0.0609284,0.0067619
/home/yoxara/Insync/DMSimp_vector_axial_pp_xxj_NLO_eff/Events/run_54/events_PYTHIA8_0.hepmc.gz,8.706,20000,Axial,DM+QCDjets,1000.0,250.0,1.0,0.25,atlas_exot_2018_06,IM1,5.4722627,6.9058026,0.0412637,0.0056226
/home/yoxara/Insync/DMSimp_vector_axial_pp_xxj_NLO_eff/Events/run_54/events_PYTHIA8_0.hepmc.gz,8.706,20000,Axial,DM+QCDjets,1000.0,250.0,1.0,0.25,atlas_exot_2018_06,IM2,3.7150984,5.0977532,0.0304642,0.0048583
/home/yoxara/Insync/DMSimp_vector_axial_pp_xxj_NLO_eff/Events/run_54/events_PYTHIA8_0.hepmc.gz,8.706,20000,Axial,DM+QCDjets,1000.0,250.0,1.0,0.25,atlas_exot_2018_06,IM3,2.8184662,4.1775453,0.0201483,0.003972
/home/yoxara/Insync/DMSimp_vector_axial_pp_xxj_NLO_eff/Events/run_54/events_PYTHIA8_0.hepmc.gz,8.706,20000,Axial,DM+QCDjets,1000.0,250.0,1.0,0.25,atlas_exot_2018_06,IM4,2.5015691,3.9542025,0.0132173,0.0032284
/home/yoxara/Insync/DMSimp_vector_axial_pp_xxj_NLO_eff/Events/run_54/events_PYTHIA8_0.hepmc.gz,8.706,20000,Axial,DM+QCDjets,1000.0,250.0,1.0,0.25,atlas_exot_2018_06,IM5,2.1375999,3.2247454,0.0067698,0.002318
/home/yoxara/Insync/DMSimp_vector_axial_pp_xxj_NLO_eff/Events/run_54/events_PYTHIA8_0.hepmc.gz,8.706,20000,Axial,DM+QCDjets,1000.0,250.0,1.0,0.25,atlas_exot_2018_06,IM6,1.8003453,2.6464467,0.0040297,0.0017909
/home/yoxara/Insync/DMSimp_vector_axial_pp_xxj_NLO_eff/Events/run_54/events_PYTHIA8_0.hepmc.gz,8.706,20000,Axial,DM+QCDjets,1000.0,250.0,1.0,0.25,atlas_exot_2018_06,IM7,2.4732276,2.9151841,0.0014507,0.0010759
/home/yoxara/Insync/DMSimp_vector_axial_pp_xxj_NLO_eff/Events/run_54/events_PYTHIA8_0.hepmc.gz,8.706,20000,Axial,DM+QCDjets,1000.0,250.0,1.0,0.25,atlas_exot_2018_06,IM8,1.5585174,1.6626881,0.0012895,0.0010145
/home/yoxara/Insync/DMSimp_vector_axial_pp_xxj_NLO_eff/Events/run_54/events_PYTHIA8_0.hepmc.gz,8.706,20000,Axial,DM+QCDjets,1000.0,250.0,1.0,0.25,atlas_exot_2018_06,IM9,1.5683027,1.4895283,0.0008059,0.0008022
/home/yoxara/Insync/DMSimp_vector_axial_pp_xxj_NLO_eff/Events/run_54/events_PYTHIA8_0.hepmc.gz,8.706,20000,Axial,DM+QCDjets,1000.0,250.0,1.0,0.25,atlas_exot_2018_06,IM10,2.888571,4.4778912,0.0003224,0.0005075
/home/yoxara/Insync/DMSimp_vector_axial_pp_xxj_NLO_eff/Events/run_54/events_PYTHIA8_0.hepmc.gz,8.706,20000,Axial,DM+QCDjets,1000.0,250.0,1.0,0.25,atlas_exot_2018_06,IM11,3.5042806,3.1280432,0.0001612,0.0003589
/home/yoxara/Insync/DMSimp_vector_axial_pp_xxj_NLO_eff/Events/run_54/events_PYTHIA8_0.hepmc.gz,8.706,20000,Axial,DM+QCDjets,1000.0,250.0,1.0,0.25,atlas_exot_2018_06,IM12,-1.0,-1.0,0.0,0.0
/home/yoxara/Insync/DMSimp_vector_axial_pp_xxj_NLO_eff/Events/run_54/events_PYTHIA8_0.hepmc.gz,8.706,20000,Axial,DM+QCDjets,1000.0,250.0,1.0,0.25,atlas_exot_2018_06,EM0,18.6811331,20.8626872,0.0196647,0.003925
/home/yoxara/Insync/DMSimp_vector_axial_pp_xxj_NLO_eff/Events/run_54/events_PYTHIA8_0.hepmc.gz,8.706,20000,Axial,DM+QCDjets,1000.0,250.0,1.0,0.25,atlas_exot_2018_06,EM1,11.8166178,11.4899303,0.0107995,0.0029218
/home/yoxara/Insync/DMSimp_vector_axial_pp_xxj_NLO_eff/Events/run_54/events_PYTHIA8_0.hepmc.gz,8.706,20000,Axial,DM+QCDjets,1000.0,250.0,1.0,0.25,atlas_exot_2018_06,EM2,4.8428206,4.8004892,0.0103159,0.0028563
/home/yoxara/Insync/DMSimp_vector_axial_pp_xxj_NLO_eff/Events/run_54/events_PYTHIA8_0.hepmc.gz,8.706,20000,Axial,DM+QCDjets,1000.0,250.0,1.0,0.25,atlas_exot_2018_06,EM3,3.3302049,4.0459469,0.006931,0.0023453
/home/yoxara/Insync/DMSimp_vector_axial_pp_xxj_NLO_eff/Events/run_54/events_PYTHIA8_0.hepmc.gz,8.706,20000,Axial,DM+QCDjets,1000.0,250.0,1.0,0.25,atlas_exot_2018_06,EM4,2.7145883,3.8234426,0.0064474,0.0022625
/home/yoxara/Insync/DMSimp_vector_axial_pp_xxj_NLO_eff/Events/run_54/events_PYTHIA8_0.hepmc.gz,8.706,20000,Axial,DM+QCDjets,1000.0,250.0,1.0,0.25,atlas_exot_2018_06,EM5,2.2395648,2.7382955,0.0027402,0.0014777
/home/yoxara/Insync/DMSimp_vector_axial_pp_xxj_NLO_eff/Events/run_54/events_PYTHIA8_0.hepmc.gz,8.706,20000,Axial,DM+QCDjets,1000.0,250.0,1.0,0.25,atlas_exot_2018_06,EM6,1.1231652,1.5650671,0.002579,0.0014337
/home/yoxara/Insync/DMSimp_vector_axial_pp_xxj_NLO_eff/Events/run_54/events_PYTHIA8_0.hepmc.gz,8.706,20000,Axial,DM+QCDjets,1000.0,250.0,1.0,0.25,atlas_exot_2018_06,EM7,8.9138946,13.0115806,0.0001612,0.0003589
/home/yoxara/Insync/DMSimp_vector_axial_pp_xxj_NLO_eff/Events/run_54/events_PYTHIA8_0.hepmc.gz,8.706,20000,Axial,DM+QCDjets,1000.0,250.0,1.0,0.25,atlas_exot_2018_06,EM8,1.6779038,1.9263752,0.0004836,0.0006215
/home/yoxara/Insync/DMSimp_vector_axial_pp_xxj_NLO_eff/Events/run_54/events_PYTHIA8_0.hepmc.gz,8.706,20000,Axial,DM+QCDjets,1000.0,250.0,1.0,0.25,atlas_exot_2018_06,EM9,1.009876,0.8632681,0.0004836,0.0006215
/home/yoxara/Insync/DMSimp_vector_axial_pp_xxj_NLO_eff/Events/run_54/events_PYTHIA8_0.hepmc.gz,8.706,20000,Axial,DM+QCDjets,1000.0,250.0,1.0,0.25,atlas_exot_2018_06,EM10,1.9447267,4.1379273,0.0001612,0.0003589
/home/yoxara/Insync/DMSimp_vector_axial_pp_xxj_NLO_eff/Events/run_54/events_PYTHIA8_0.hepmc.gz,8.706,20000,Axial,DM+QCDjets,1000.0,250.0,1.0,0.25,atlas_exot_2018_06,EM11,1.3591946,1.5336318,0.0001612,0.0003589
/home/yoxara/Insync/DMSimp_vector_axial_pp_xxj_NLO_eff/Events/run_54/events_PYTHIA8_0.hepmc.gz,8.706,20000,Axial,DM+QCDjets,1000.0,250.0,1.0,0.25,atlas_exot_2018_06,EM12,-1.0,-1.0,0.0,0.0
/home/yoxara/Insync/DMSimp_vector_axial_pp_xxj_NLO_eff/Events/run_55/events_PYTHIA8_0.hepmc.gz,7.395,20000,Axial,DM+QCDjets,1000.0,300.0,1.0,0.25,atlas_exot_2018_06,IM0,8.3693013,10.6215595,0.0675586,0.0078121
/home/yoxara/Insync/DMSimp_vector_axial_pp_xxj_NLO_eff/Events/run_55/events_PYTHIA8_0.hepmc.gz,7.395,20000,Axial,DM+QCDjets,1000.0,300.0,1.0,0.25,atlas_exot_2018_06,IM1,4.5428492,5.7197036,0.0497192,0.0067655
/home/yoxara/Insync/DMSimp_vector_axial_pp_xxj_NLO_eff/Events/run_55/events_PYTHIA8_0.hepmc.gz,7.395,20000,Axial,DM+QCDjets,1000.0,300.0,1.0,0.25,atlas_exot_2018_06,IM2,3.0870593,4.2449418,0.03667,0.00585
/home/yoxara/Insync/DMSimp_vector_axial_pp_xxj_NLO_eff/Events/run_55/events_PYTHIA8_0.hepmc.gz,7.395,20000,Axial,DM+QCDjets,1000.0,300.0,1.0,0.25,atlas_exot_2018_06,IM3,2.1421708,3.1562278,0.026594,0.0050079
/home/yoxara/Insync/DMSimp_vector_axial_pp_xxj_NLO_eff/Events/run_55/events_PYTHIA8_0.hepmc.gz,7.395,20000,Axial,DM+QCDjets,1000.0,300.0,1.0,0.25,atlas_exot_2018_06,IM4,1.8145298,2.8792024,0.0181698,0.0041573
/home/yoxara/Insync/DMSimp_vector_axial_pp_xxj_NLO_eff/Events/run_55/events_PYTHIA8_0.hepmc.gz,7.395,20000,Axial,DM+QCDjets,1000.0,300.0,1.0,0.25,atlas_exot_2018_06,IM5,1.4625005,2.196735,0.0099108,0.0030832
/home/yoxara/Insync/DMSimp_vector_axial_pp_xxj_NLO_eff/Events/run_55/events_PYTHIA8_0.hepmc.gz,7.395,20000,Axial,DM+QCDjets,1000.0,300.0,1.0,0.25,atlas_exot_2018_06,IM6,1.4754775,2.1560765,0.0049554,0.0021856
/home/yoxara/Insync/DMSimp_vector_axial_pp_xxj_NLO_eff/Events/run_55/events_PYTHIA8_0.hepmc.gz,7.395,20000,Axial,DM+QCDjets,1000.0,300.0,1.0,0.25,atlas_exot_2018_06,IM7,0.9919937,1.1576775,0.003634,0.0018729
/home/yoxara/Insync/DMSimp_vector_axial_pp_xxj_NLO_eff/Events/run_55/events_PYTHIA8_0.hepmc.gz,7.395,20000,Axial,DM+QCDjets,1000.0,300.0,1.0,0.25,atlas_exot_2018_06,IM8,0.932224,-1.0,0.0021473,0.0014408
/home/yoxara/Insync/DMSimp_vector_axial_pp_xxj_NLO_eff/Events/run_55/events_PYTHIA8_0.hepmc.gz,7.395,20000,Axial,DM+QCDjets,1000.0,300.0,1.0,0.25,atlas_exot_2018_06,IM9,0.9551837,0.9011235,0.0013214,0.0011307
/home/yoxara/Insync/DMSimp_vector_axial_pp_xxj_NLO_eff/Events/run_55/events_PYTHIA8_0.hepmc.gz,7.395,20000,Axial,DM+QCDjets,1000.0,300.0,1.0,0.25,atlas_exot_2018_06,IM10,1.8893552,2.9178923,0.0004955,0.0006927
/home/yoxara/Insync/DMSimp_vector_axial_pp_xxj_NLO_eff/Events/run_55/events_PYTHIA8_0.hepmc.gz,7.395,20000,Axial,DM+QCDjets,1000.0,300.0,1.0,0.25,atlas_exot_2018_06,IM11,0.8551269,0.7588534,0.0006607,0.0007998
/home/yoxara/Insync/DMSimp_vector_axial_pp_xxj_NLO_eff/Events/run_55/events_PYTHIA8_0.hepmc.gz,7.395,20000,Axial,DM+QCDjets,1000.0,300.0,1.0,0.25,atlas_exot_2018_06,IM12,0.703373,0.5584411,0.0004955,0.0006927
/home/yoxara/Insync/DMSimp_vector_axial_pp_xxj_NLO_eff/Events/run_55/events_PYTHIA8_0.hepmc.gz,7.395,20000,Axial,DM+QCDjets,1000.0,300.0,1.0,0.25,atlas_exot_2018_06,EM0,20.4994109,22.9848833,0.0178394,0.00412
/home/yoxara/Insync/DMSimp_vector_axial_pp_xxj_NLO_eff/Events/run_55/events_PYTHIA8_0.hepmc.gz,7.395,20000,Axial,DM+QCDjets,1000.0,300.0,1.0,0.25,atlas_exot_2018_06,EM1,9.7902583,9.5689113,0.0130492,0.0035323
/home/yoxara/Insync/DMSimp_vector_axial_pp_xxj_NLO_eff/Events/run_55/events_PYTHIA8_0.hepmc.gz,7.395,20000,Axial,DM+QCDjets,1000.0,300.0,1.0,0.25,atlas_exot_2018_06,EM2,4.9792371,4.922417,0.010076,0.0031086
/home/yoxara/Insync/DMSimp_vector_axial_pp_xxj_NLO_eff/Events/run_55/events_PYTHIA8_0.hepmc.gz,7.395,20000,Axial,DM+QCDjets,1000.0,300.0,1.0,0.25,atlas_exot_2018_06,EM3,2.7496393,3.3274003,0.0084242,0.0028447
/home/yoxara/Insync/DMSimp_vector_axial_pp_xxj_NLO_eff/Events/run_55/events_PYTHIA8_0.hepmc.gz,7.395,20000,Axial,DM+QCDjets,1000.0,300.0,1.0,0.25,atlas_exot_2018_06,EM4,2.1154702,2.9791031,0.008259,0.0028169
/home/yoxara/Insync/DMSimp_vector_axial_pp_xxj_NLO_eff/Events/run_55/events_PYTHIA8_0.hepmc.gz,7.395,20000,Axial,DM+QCDjets,1000.0,300.0,1.0,0.25,atlas_exot_2018_06,EM5,1.2377187,1.5094637,0.0049554,0.0021856
/home/yoxara/Insync/DMSimp_vector_axial_pp_xxj_NLO_eff/Events/run_55/events_PYTHIA8_0.hepmc.gz,7.395,20000,Axial,DM+QCDjets,1000.0,300.0,1.0,0.25,atlas_exot_2018_06,EM6,2.1988709,3.0503482,0.0013214,0.0011307
/home/yoxara/Insync/DMSimp_vector_axial_pp_xxj_NLO_eff/Events/run_55/events_PYTHIA8_0.hepmc.gz,7.395,20000,Axial,DM+QCDjets,1000.0,300.0,1.0,0.25,atlas_exot_2018_06,EM7,0.9617928,1.4083129,0.0014866,0.0011992
/home/yoxara/Insync/DMSimp_vector_axial_pp_xxj_NLO_eff/Events/run_55/events_PYTHIA8_0.hepmc.gz,7.395,20000,Axial,DM+QCDjets,1000.0,300.0,1.0,0.25,atlas_exot_2018_06,EM8,0.9807436,1.1234597,0.0008259,0.0008941
/home/yoxara/Insync/DMSimp_vector_axial_pp_xxj_NLO_eff/Events/run_55/events_PYTHIA8_0.hepmc.gz,7.395,20000,Axial,DM+QCDjets,1000.0,300.0,1.0,0.25,atlas_exot_2018_06,EM9,0.5905349,0.5035139,0.0008259,0.0008941
/home/yoxara/Insync/DMSimp_vector_axial_pp_xxj_NLO_eff/Events/run_55/events_PYTHIA8_0.hepmc.gz,7.395,20000,Axial,DM+QCDjets,1000.0,300.0,1.0,0.25,atlas_exot_2018_06,EM10,-1.0,-1.0,0.0,0.0
/home/yoxara/Insync/DMSimp_vector_axial_pp_xxj_NLO_eff/Events/run_55/events_PYTHIA8_0.hepmc.gz,7.395,20000,Axial,DM+QCDjets,1000.0,300.0,1.0,0.25,atlas_exot_2018_06,EM11,1.3363348,1.4920221,0.0001652,0.0004
/home/yoxara/Insync/DMSimp_vector_axial_pp_xxj_NLO_eff/Events/run_55/events_PYTHIA8_0.hepmc.gz,7.395,20000,Axial,DM+QCDjets,1000.0,300.0,1.0,0.25,atlas_exot_2018_06,EM12,0.5101074,0.4131567,0.0004955,0.0006927
/home/yoxara/Insync/DMSimp_vector_axial_pp_xxj_NLO_eff/Events/run_56/events_PYTHIA8_0.hepmc.gz,5.731,20000,Axial,DM+QCDjets,1000.0,350.0,1.0,0.25,atlas_exot_2018_06,IM0,8.2232463,10.4677203,0.0685447,0.0085057
/home/yoxara/Insync/DMSimp_vector_axial_pp_xxj_NLO_eff/Events/run_56/events_PYTHIA8_0.hepmc.gz,5.731,20000,Axial,DM+QCDjets,1000.0,350.0,1.0,0.25,atlas_exot_2018_06,IM1,4.7564659,6.022689,0.047454,0.0071568
/home/yoxara/Insync/DMSimp_vector_axial_pp_xxj_NLO_eff/Events/run_56/events_PYTHIA8_0.hepmc.gz,5.731,20000,Axial,DM+QCDjets,1000.0,350.0,1.0,0.25,atlas_exot_2018_06,IM2,3.3201546,4.5415479,0.034197,0.0061176
/home/yoxara/Insync/DMSimp_vector_axial_pp_xxj_NLO_eff/Events/run_56/events_PYTHIA8_0.hepmc.gz,5.731,20000,Axial,DM+QCDjets,1000.0,350.0,1.0,0.25,atlas_exot_2018_06,IM3,2.679569,3.9564979,0.0212413,0.0048537
/home/yoxara/Insync/DMSimp_vector_axial_pp_xxj_NLO_eff/Events/run_56/events_PYTHIA8_0.hepmc.gz,5.731,20000,Axial,DM+QCDjets,1000.0,350.0,1.0,0.25,atlas_exot_2018_06,IM4,2.0277484,3.2171788,0.0162699,0.0042587
/home/yoxara/Insync/DMSimp_vector_axial_pp_xxj_NLO_eff/Events/run_56/events_PYTHIA8_0.hepmc.gz,5.731,20000,Axial,DM+QCDjets,1000.0,350.0,1.0,0.25,atlas_exot_2018_06,IM5,1.3432054,2.0458402,0.010696,0.0034627
/home/yoxara/Insync/DMSimp_vector_axial_pp_xxj_NLO_eff/Events/run_56/events_PYTHIA8_0.hepmc.gz,5.731,20000,Axial,DM+QCDjets,1000.0,350.0,1.0,0.25,atlas_exot_2018_06,IM6,1.2358597,1.8149103,0.0058753,0.0025726
/home/yoxara/Insync/DMSimp_vector_axial_pp_xxj_NLO_eff/Events/run_56/events_PYTHIA8_0.hepmc.gz,5.731,20000,Axial,DM+QCDjets,1000.0,350.0,1.0,0.25,atlas_exot_2018_06,IM7,1.0370314,1.2262168,0.0034649,0.001978
/home/yoxara/Insync/DMSimp_vector_axial_pp_xxj_NLO_eff/Events/run_56/events_PYTHIA8_0.hepmc.gz,5.731,20000,Axial,DM+QCDjets,1000.0,350.0,1.0,0.25,atlas_exot_2018_06,IM8,0.9500226,1.0134637,0.0021091,0.0015443
/home/yoxara/Insync/DMSimp_vector_axial_pp_xxj_NLO_eff/Events/run_56/events_PYTHIA8_0.hepmc.gz,5.731,20000,Axial,DM+QCDjets,1000.0,350.0,1.0,0.25,atlas_exot_2018_06,IM9,0.7596739,0.7218391,0.0016571,0.0013692
/home/yoxara/Insync/DMSimp_vector_axial_pp_xxj_NLO_eff/Events/run_56/events_PYTHIA8_0.hepmc.gz,5.731,20000,Axial,DM+QCDjets,1000.0,350.0,1.0,0.25,atlas_exot_2018_06,IM10,0.5639494,0.8683086,0.0016571,0.0013692
/home/yoxara/Insync/DMSimp_vector_axial_pp_xxj_NLO_eff/Events/run_56/events_PYTHIA8_0.hepmc.gz,5.731,20000,Axial,DM+QCDjets,1000.0,350.0,1.0,0.25,atlas_exot_2018_06,IM11,0.4153367,0.3724822,0.0013558,0.0012387
/home/yoxara/Insync/DMSimp_vector_axial_pp_xxj_NLO_eff/Events/run_56/events_PYTHIA8_0.hepmc.gz,5.731,20000,Axial,DM+QCDjets,1000.0,350.0,1.0,0.25,atlas_exot_2018_06,IM12,0.462313,0.3680517,0.0007532,0.0009235
/home/yoxara/Insync/DMSimp_vector_axial_pp_xxj_NLO_eff/Events/run_56/events_PYTHIA8_0.hepmc.gz,5.731,20000,Axial,DM+QCDjets,1000.0,350.0,1.0,0.25,atlas_exot_2018_06,EM0,17.3963901,19.4254891,0.0210907,0.0048368
/home/yoxara/Insync/DMSimp_vector_axial_pp_xxj_NLO_eff/Events/run_56/events_PYTHIA8_0.hepmc.gz,5.731,20000,Axial,DM+QCDjets,1000.0,350.0,1.0,0.25,atlas_exot_2018_06,EM1,9.6245205,9.4116085,0.013257,0.00385
/home/yoxara/Insync/DMSimp_vector_axial_pp_xxj_NLO_eff/Events/run_56/events_PYTHIA8_0.hepmc.gz,5.731,20000,Axial,DM+QCDjets,1000.0,350.0,1.0,0.25,atlas_exot_2018_06,EM2,3.86331,3.8344409,0.0129557,0.0038066
/home/yoxara/Insync/DMSimp_vector_axial_pp_xxj_NLO_eff/Events/run_56/events_PYTHIA8_0.hepmc.gz,5.731,20000,Axial,DM+QCDjets,1000.0,350.0,1.0,0.25,atlas_exot_2018_06,EM3,4.6590033,5.6395903,0.0049714,0.0023675
/home/yoxara/Insync/DMSimp_vector_axial_pp_xxj_NLO_eff/Events/run_56/events_PYTHIA8_0.hepmc.gz,5.731,20000,Axial,DM+QCDjets,1000.0,350.0,1.0,0.25,atlas_exot_2018_06,EM4,3.1428927,4.4219153,0.005574,0.0025062
/home/yoxara/Insync/DMSimp_vector_axial_pp_xxj_NLO_eff/Events/run_56/events_PYTHIA8_0.hepmc.gz,5.731,20000,Axial,DM+QCDjets,1000.0,350.0,1.0,0.25,atlas_exot_2018_06,EM5,1.2790058,1.5483061,0.0048207,0.0023316
/home/yoxara/Insync/DMSimp_vector_axial_pp_xxj_NLO_eff/Events/run_56/events_PYTHIA8_0.hepmc.gz,5.731,20000,Axial,DM+QCDjets,1000.0,350.0,1.0,0.25,atlas_exot_2018_06,EM6,1.2095585,1.6764481,0.0024104,0.0016507
/home/yoxara/Insync/DMSimp_vector_axial_pp_xxj_NLO_eff/Events/run_56/events_PYTHIA8_0.hepmc.gz,5.731,20000,Axial,DM+QCDjets,1000.0,350.0,1.0,0.25,atlas_exot_2018_06,EM7,1.0572921,1.546284,0.0013558,0.0012387
/home/yoxara/Insync/DMSimp_vector_axial_pp_xxj_NLO_eff/Events/run_56/events_PYTHIA8_0.hepmc.gz,5.731,20000,Axial,DM+QCDjets,1000.0,350.0,1.0,0.25,atlas_exot_2018_06,EM8,1.8001568,2.0612985,0.0004519,0.0007155
/home/yoxara/Insync/DMSimp_vector_axial_pp_xxj_NLO_eff/Events/run_56/events_PYTHIA8_0.hepmc.gz,5.731,20000,Axial,DM+QCDjets,1000.0,350.0,1.0,0.25,atlas_exot_2018_06,EM9,-1.0,-1.0,0.0,0.0
/home/yoxara/Insync/DMSimp_vector_axial_pp_xxj_NLO_eff/Events/run_56/events_PYTHIA8_0.hepmc.gz,5.731,20000,Axial,DM+QCDjets,1000.0,350.0,1.0,0.25,atlas_exot_2018_06,EM10,1.0323955,2.2207666,0.0003013,0.0005842
/home/yoxara/Insync/DMSimp_vector_axial_pp_xxj_NLO_eff/Events/run_56/events_PYTHIA8_0.hepmc.gz,5.731,20000,Axial,DM+QCDjets,1000.0,350.0,1.0,0.25,atlas_exot_2018_06,EM11,0.3636094,0.4097862,0.0006026,0.0008261
/home/yoxara/Insync/DMSimp_vector_axial_pp_xxj_NLO_eff/Events/run_56/events_PYTHIA8_0.hepmc.gz,5.731,20000,Axial,DM+QCDjets,1000.0,350.0,1.0,0.25,atlas_exot_2018_06,EM12,0.3373848,0.2706592,0.0007532,0.0009235
/home/yoxara/Insync/DMSimp_vector_axial_pp_xxj_NLO_eff/Events/run_57/events_PYTHIA8_0.hepmc.gz,3.835,20000,Axial,DM+QCDjets,1000.0,400.0,1.0,0.25,atlas_exot_2018_06,IM0,9.3970251,11.8500766,0.0606294,0.0100788
/home/yoxara/Insync/DMSimp_vector_axial_pp_xxj_NLO_eff/Events/run_57/events_PYTHIA8_0.hepmc.gz,3.835,20000,Axial,DM+QCDjets,1000.0,400.0,1.0,0.25,atlas_exot_2018_06,IM1,5.1347714,6.4640808,0.0439679,0.0086587
/home/yoxara/Insync/DMSimp_vector_axial_pp_xxj_NLO_eff/Events/run_57/events_PYTHIA8_0.hepmc.gz,3.835,20000,Axial,DM+QCDjets,1000.0,400.0,1.0,0.25,atlas_exot_2018_06,IM2,3.8252238,5.2550582,0.0296205,0.00716
/home/yoxara/Insync/DMSimp_vector_axial_pp_xxj_NLO_eff/Events/run_57/events_PYTHIA8_0.hepmc.gz,3.835,20000,Axial,DM+QCDjets,1000.0,400.0,1.0,0.25,atlas_exot_2018_06,IM3,2.9143705,4.2832785,0.0195927,0.0058533
/home/yoxara/Insync/DMSimp_vector_axial_pp_xxj_NLO_eff/Events/run_57/events_PYTHIA8_0.hepmc.gz,3.835,20000,Axial,DM+QCDjets,1000.0,400.0,1.0,0.25,atlas_exot_2018_06,IM4,2.0440808,3.266091,0.0160444,0.0053064
/home/yoxara/Insync/DMSimp_vector_axial_pp_xxj_NLO_eff/Events/run_57/events_PYTHIA8_0.hepmc.gz,3.835,20000,Axial,DM+QCDjets,1000.0,400.0,1.0,0.25,atlas_exot_2018_06,IM5,1.7596897,2.68206,0.0081765,0.0038032
/home/yoxara/Insync/DMSimp_vector_axial_pp_xxj_NLO_eff/Events/run_57/events_PYTHIA8_0.hepmc.gz,3.835,20000,Axial,DM+QCDjets,1000.0,400.0,1.0,0.25,atlas_exot_2018_06,IM6,2.0591199,3.0072396,0.0035483,0.0025112
/home/yoxara/Insync/DMSimp_vector_axial_pp_xxj_NLO_eff/Events/run_57/events_PYTHIA8_0.hepmc.gz,3.835,20000,Axial,DM+QCDjets,1000.0,400.0,1.0,0.25,atlas_exot_2018_06,IM7,2.1078045,2.4859982,0.001697,0.0017383
/home/yoxara/Insync/DMSimp_vector_axial_pp_xxj_NLO_eff/Events/run_57/events_PYTHIA8_0.hepmc.gz,3.835,20000,Axial,DM+QCDjets,1000.0,400.0,1.0,0.25,atlas_exot_2018_06,IM8,2.58529,2.7742958,0.0007714,0.0011725
/home/yoxara/Insync/DMSimp_vector_axial_pp_xxj_NLO_eff/Events/run_57/events_PYTHIA8_0.hepmc.gz,3.835,20000,Axial,DM+QCDjets,1000.0,400.0,1.0,0.25,atlas_exot_2018_06,IM9,4.0853692,3.8994547,0.0003085,0.0007417
/home/yoxara/Insync/DMSimp_vector_axial_pp_xxj_NLO_eff/Events/run_57/events_PYTHIA8_0.hepmc.gz,3.835,20000,Axial,DM+QCDjets,1000.0,400.0,1.0,0.25,atlas_exot_2018_06,IM10,-1.0,-1.0,0.0,0.0
/home/yoxara/Insync/DMSimp_vector_axial_pp_xxj_NLO_eff/Events/run_57/events_PYTHIA8_0.hepmc.gz,3.835,20000,Axial,DM+QCDjets,1000.0,400.0,1.0,0.25,atlas_exot_2018_06,IM11,-1.0,-1.0,0.0,0.0
/home/yoxara/Insync/DMSimp_vector_axial_pp_xxj_NLO_eff/Events/run_57/events_PYTHIA8_0.hepmc.gz,3.835,20000,Axial,DM+QCDjets,1000.0,400.0,1.0,0.25,atlas_exot_2018_06,IM12,-1.0,-1.0,0.0,0.0
/home/yoxara/Insync/DMSimp_vector_axial_pp_xxj_NLO_eff/Events/run_57/events_PYTHIA8_0.hepmc.gz,3.835,20000,Axial,DM+QCDjets,1000.0,400.0,1.0,0.25,atlas_exot_2018_06,EM0,21.9892156,24.6853424,0.0166615,0.0054058
/home/yoxara/Insync/DMSimp_vector_axial_pp_xxj_NLO_eff/Events/run_57/events_PYTHIA8_0.hepmc.gz,3.835,20000,Axial,DM+QCDjets,1000.0,400.0,1.0,0.25,atlas_exot_2018_06,EM1,8.8915099,8.7174442,0.0143474,0.0050222
/home/yoxara/Insync/DMSimp_vector_axial_pp_xxj_NLO_eff/Events/run_57/events_PYTHIA8_0.hepmc.gz,3.835,20000,Axial,DM+QCDjets,1000.0,400.0,1.0,0.25,atlas_exot_2018_06,EM2,4.9799965,4.946417,0.0100278,0.0042079
/home/yoxara/Insync/DMSimp_vector_axial_pp_xxj_NLO_eff/Events/run_57/events_PYTHIA8_0.hepmc.gz,3.835,20000,Axial,DM+QCDjets,1000.0,400.0,1.0,0.25,atlas_exot_2018_06,EM3,6.5536212,7.9158032,0.0035483,0.0025112
/home/yoxara/Insync/DMSimp_vector_axial_pp_xxj_NLO_eff/Events/run_57/events_PYTHIA8_0.hepmc.gz,3.835,20000,Axial,DM+QCDjets,1000.0,400.0,1.0,0.25,atlas_exot_2018_06,EM4,2.2256093,3.1346655,0.0078679,0.0037313
/home/yoxara/Insync/DMSimp_vector_axial_pp_xxj_NLO_eff/Events/run_57/events_PYTHIA8_0.hepmc.gz,3.835,20000,Axial,DM+QCDjets,1000.0,400.0,1.0,0.25,atlas_exot_2018_06,EM5,1.3309549,1.6215672,0.0046282,0.0028665
/home/yoxara/Insync/DMSimp_vector_axial_pp_xxj_NLO_eff/Events/run_57/events_PYTHIA8_0.hepmc.gz,3.835,20000,Axial,DM+QCDjets,1000.0,400.0,1.0,0.25,atlas_exot_2018_06,EM6,1.5808456,2.1845925,0.0018513,0.0018154
/home/yoxara/Insync/DMSimp_vector_axial_pp_xxj_NLO_eff/Events/run_57/events_PYTHIA8_0.hepmc.gz,3.835,20000,Axial,DM+QCDjets,1000.0,400.0,1.0,0.25,atlas_exot_2018_06,EM7,1.5510036,2.2677831,0.0009256,0.0012843
/home/yoxara/Insync/DMSimp_vector_axial_pp_xxj_NLO_eff/Events/run_57/events_PYTHIA8_0.hepmc.gz,3.835,20000,Axial,DM+QCDjets,1000.0,400.0,1.0,0.25,atlas_exot_2018_06,EM8,1.7551064,2.0100928,0.0004628,0.0009084
/home/yoxara/Insync/DMSimp_vector_axial_pp_xxj_NLO_eff/Events/run_57/events_PYTHIA8_0.hepmc.gz,3.835,20000,Axial,DM+QCDjets,1000.0,400.0,1.0,0.25,atlas_exot_2018_06,EM9,1.5954573,1.3469814,0.0003085,0.0007417
/home/yoxara/Insync/DMSimp_vector_axial_pp_xxj_NLO_eff/Events/run_57/events_PYTHIA8_0.hepmc.gz,3.835,20000,Axial,DM+QCDjets,1000.0,400.0,1.0,0.25,atlas_exot_2018_06,EM10,-1.0,-1.0,0.0,0.0
/home/yoxara/Insync/DMSimp_vector_axial_pp_xxj_NLO_eff/Events/run_57/events_PYTHIA8_0.hepmc.gz,3.835,20000,Axial,DM+QCDjets,1000.0,400.0,1.0,0.25,atlas_exot_2018_06,EM11,-1.0,-1.0,0.0,0.0
/home/yoxara/Insync/DMSimp_vector_axial_pp_xxj_NLO_eff/Events/run_57/events_PYTHIA8_0.hepmc.gz,3.835,20000,Axial,DM+QCDjets,1000.0,400.0,1.0,0.25,atlas_exot_2018_06,EM12,-1.0,-1.0,0.0,0.0
/home/yoxara/Insync/DMSimp_vector_axial_pp_xxj_NLO_eff/Events/run_58/events_PYTHIA8_0.hepmc.gz,1.709,20000,Axial,DM+QCDjets,1000.0,450.0,1.0,0.25,atlas_exot_2018_06,IM0,8.3944839,10.6715841,0.0671503,0.0159043
/home/yoxara/Insync/DMSimp_vector_axial_pp_xxj_NLO_eff/Events/run_58/events_PYTHIA8_0.hepmc.gz,1.709,20000,Axial,DM+QCDjets,1000.0,450.0,1.0,0.25,atlas_exot_2018_06,IM1,4.7215478,5.9552753,0.0478542,0.0135643
/home/yoxara/Insync/DMSimp_vector_axial_pp_xxj_NLO_eff/Events/run_58/events_PYTHIA8_0.hepmc.gz,1.709,20000,Axial,DM+QCDjets,1000.0,450.0,1.0,0.25,atlas_exot_2018_06,IM2,3.5976463,4.9133271,0.0316456,0.011124
/home/yoxara/Insync/DMSimp_vector_axial_pp_xxj_NLO_eff/Events/run_58/events_PYTHIA8_0.hepmc.gz,1.709,20000,Axial,DM+QCDjets,1000.0,450.0,1.0,0.25,atlas_exot_2018_06,IM3,2.4762136,3.6545729,0.0230009,0.0095259
/home/yoxara/Insync/DMSimp_vector_axial_pp_xxj_NLO_eff/Events/run_58/events_PYTHIA8_0.hepmc.gz,1.709,20000,Axial,DM+QCDjets,1000.0,450.0,1.0,0.25,atlas_exot_2018_06,IM4,2.3206097,3.7182973,0.0140475,0.0074785
/home/yoxara/Insync/DMSimp_vector_axial_pp_xxj_NLO_eff/Events/run_58/events_PYTHIA8_0.hepmc.gz,1.709,20000,Axial,DM+QCDjets,1000.0,450.0,1.0,0.25,atlas_exot_2018_06,IM5,1.9070525,2.8929849,0.0075641,0.0055057
/home/yoxara/Insync/DMSimp_vector_axial_pp_xxj_NLO_eff/Events/run_58/events_PYTHIA8_0.hepmc.gz,1.709,20000,Axial,DM+QCDjets,1000.0,450.0,1.0,0.25,atlas_exot_2018_06,IM6,1.6326115,2.3796093,0.0044767,0.0042422
/home/yoxara/Insync/DMSimp_vector_axial_pp_xxj_NLO_eff/Events/run_58/events_PYTHIA8_0.hepmc.gz,1.709,20000,Axial,DM+QCDjets,1000.0,450.0,1.0,0.25,atlas_exot_2018_06,IM7,1.449755,1.7081199,0.0024699,0.0031542
/home/yoxara/Insync/DMSimp_vector_axial_pp_xxj_NLO_eff/Events/run_58/events_PYTHIA8_0.hepmc.gz,1.709,20000,Axial,DM+QCDjets,1000.0,450.0,1.0,0.25,atlas_exot_2018_06,IM8,1.2973463,1.3833768,0.0015437,0.0024948
/home/yoxara/Insync/DMSimp_vector_axial_pp_xxj_NLO_eff/Events/run_58/events_PYTHIA8_0.hepmc.gz,1.709,20000,Axial,DM+QCDjets,1000.0,450.0,1.0,0.25,atlas_exot_2018_06,IM9,2.0372694,1.9375726,0.0006175,0.0015786
/home/yoxara/Insync/DMSimp_vector_axial_pp_xxj_NLO_eff/Events/run_58/events_PYTHIA8_0.hepmc.gz,1.709,20000,Axial,DM+QCDjets,1000.0,450.0,1.0,0.25,atlas_exot_2018_06,IM10,1.5135284,2.3337457,0.0006175,0.0015786
/home/yoxara/Insync/DMSimp_vector_axial_pp_xxj_NLO_eff/Events/run_58/events_PYTHIA8_0.hepmc.gz,1.709,20000,Axial,DM+QCDjets,1000.0,450.0,1.0,0.25,atlas_exot_2018_06,IM11,1.8389233,1.6350358,0.0003087,0.0011164
/home/yoxara/Insync/DMSimp_vector_axial_pp_xxj_NLO_eff/Events/run_58/events_PYTHIA8_0.hepmc.gz,1.709,20000,Axial,DM+QCDjets,1000.0,450.0,1.0,0.25,atlas_exot_2018_06,IM12,1.1291594,0.8920275,0.0003087,0.0011164
/home/yoxara/Insync/DMSimp_vector_axial_pp_xxj_NLO_eff/Events/run_58/events_PYTHIA8_0.hepmc.gz,1.709,20000,Axial,DM+QCDjets,1000.0,450.0,1.0,0.25,atlas_exot_2018_06,EM0,18.9926737,21.3172784,0.0192961,0.0087416
/home/yoxara/Insync/DMSimp_vector_axial_pp_xxj_NLO_eff/Events/run_58/events_PYTHIA8_0.hepmc.gz,1.709,20000,Axial,DM+QCDjets,1000.0,450.0,1.0,0.25,atlas_exot_2018_06,EM1,7.8535616,7.6620115,0.0162087,0.0080244
/home/yoxara/Insync/DMSimp_vector_axial_pp_xxj_NLO_eff/Events/run_58/events_PYTHIA8_0.hepmc.gz,1.709,20000,Axial,DM+QCDjets,1000.0,450.0,1.0,0.25,atlas_exot_2018_06,EM2,5.7830362,5.7362464,0.0086446,0.0058827
/home/yoxara/Insync/DMSimp_vector_axial_pp_xxj_NLO_eff/Events/run_58/events_PYTHIA8_0.hepmc.gz,1.709,20000,Axial,DM+QCDjets,1000.0,450.0,1.0,0.25,atlas_exot_2018_06,EM3,2.5804716,3.1468361,0.0089534,0.0059859
/home/yoxara/Insync/DMSimp_vector_axial_pp_xxj_NLO_eff/Events/run_58/events_PYTHIA8_0.hepmc.gz,1.709,20000,Axial,DM+QCDjets,1000.0,450.0,1.0,0.25,atlas_exot_2018_06,EM4,2.7025754,3.7965219,0.0064835,0.0051001
/home/yoxara/Insync/DMSimp_vector_axial_pp_xxj_NLO_eff/Events/run_58/events_PYTHIA8_0.hepmc.gz,1.709,20000,Axial,DM+QCDjets,1000.0,450.0,1.0,0.25,atlas_exot_2018_06,EM5,1.9972034,2.4289054,0.0030874,0.0035254
/home/yoxara/Insync/DMSimp_vector_axial_pp_xxj_NLO_eff/Events/run_58/events_PYTHIA8_0.hepmc.gz,1.709,20000,Axial,DM+QCDjets,1000.0,450.0,1.0,0.25,atlas_exot_2018_06,EM6,1.4447338,2.0120728,0.0020068,0.0028438
/home/yoxara/Insync/DMSimp_vector_axial_pp_xxj_NLO_eff/Events/run_58/events_PYTHIA8_0.hepmc.gz,1.709,20000,Axial,DM+QCDjets,1000.0,450.0,1.0,0.25,atlas_exot_2018_06,EM7,1.5564203,2.263548,0.0009262,0.001933
/home/yoxara/Insync/DMSimp_vector_axial_pp_xxj_NLO_eff/Events/run_58/events_PYTHIA8_0.hepmc.gz,1.709,20000,Axial,DM+QCDjets,1000.0,450.0,1.0,0.25,atlas_exot_2018_06,EM8,0.8724003,1.005,0.0009262,0.001933
/home/yoxara/Insync/DMSimp_vector_axial_pp_xxj_NLO_eff/Events/run_58/events_PYTHIA8_0.hepmc.gz,1.709,20000,Axial,DM+QCDjets,1000.0,450.0,1.0,0.25,atlas_exot_2018_06,EM9,-1.0,-1.0,0.0,0.0
/home/yoxara/Insync/DMSimp_vector_axial_pp_xxj_NLO_eff/Events/run_58/events_PYTHIA8_0.hepmc.gz,1.709,20000,Axial,DM+QCDjets,1000.0,450.0,1.0,0.25,atlas_exot_2018_06,EM10,1.0121598,2.1630203,0.0003087,0.0011164
/home/yoxara/Insync/DMSimp_vector_axial_pp_xxj_NLO_eff/Events/run_58/events_PYTHIA8_0.hepmc.gz,1.709,20000,Axial,DM+QCDjets,1000.0,450.0,1.0,0.25,atlas_exot_2018_06,EM11,-1.0,-1.0,0.0,0.0
/home/yoxara/Insync/DMSimp_vector_axial_pp_xxj_NLO_eff/Events/run_58/events_PYTHIA8_0.hepmc.gz,1.709,20000,Axial,DM+QCDjets,1000.0,450.0,1.0,0.25,atlas_exot_2018_06,EM12,0.8281253,0.662705,0.0003087,0.0011164
/home/yoxara/Insync/DMSimp_vector_axial_pp_xxj_NLO_eff/Events/run_59/events_PYTHIA8_0.hepmc.gz,0.195,20000,Axial,DM+QCDjets,1000.0,500.0,1.0,0.25,atlas_exot_2018_06,IM0,8.2201677,10.4628364,0.0686058,0.0475049
/home/yoxara/Insync/DMSimp_vector_axial_pp_xxj_NLO_eff/Events/run_59/events_PYTHIA8_0.hepmc.gz,0.195,20000,Axial,DM+QCDjets,1000.0,500.0,1.0,0.25,atlas_exot_2018_06,IM1,4.4722121,5.6047659,0.050743,0.0412449
/home/yoxara/Insync/DMSimp_vector_axial_pp_xxj_NLO_eff/Events/run_59/events_PYTHIA8_0.hepmc.gz,0.195,20000,Axial,DM+QCDjets,1000.0,500.0,1.0,0.25,atlas_exot_2018_06,IM2,3.4158279,4.6897375,0.0331963,0.0336671
/home/yoxara/Insync/DMSimp_vector_axial_pp_xxj_NLO_eff/Events/run_59/events_PYTHIA8_0.hepmc.gz,0.195,20000,Axial,DM+QCDjets,1000.0,500.0,1.0,0.25,atlas_exot_2018_06,IM3,2.5957683,3.8143988,0.0219728,0.0275492
/home/yoxara/Insync/DMSimp_vector_axial_pp_xxj_NLO_eff/Events/run_59/events_PYTHIA8_0.hepmc.gz,0.195,20000,Axial,DM+QCDjets,1000.0,500.0,1.0,0.25,atlas_exot_2018_06,IM4,1.8640579,2.9825981,0.0175466,0.0246742
/home/yoxara/Insync/DMSimp_vector_axial_pp_xxj_NLO_eff/Events/run_59/events_PYTHIA8_0.hepmc.gz,0.195,20000,Axial,DM+QCDjets,1000.0,500.0,1.0,0.25,atlas_exot_2018_06,IM5,2.137849,3.2183822,0.0067973,0.0154411
/home/yoxara/Insync/DMSimp_vector_axial_pp_xxj_NLO_eff/Events/run_59/events_PYTHIA8_0.hepmc.gz,0.195,20000,Axial,DM+QCDjets,1000.0,500.0,1.0,0.25,atlas_exot_2018_06,IM6,2.8884573,4.2099763,0.0025292,0.0094392
/home/yoxara/Insync/DMSimp_vector_axial_pp_xxj_NLO_eff/Events/run_59/events_PYTHIA8_0.hepmc.gz,0.195,20000,Axial,DM+QCDjets,1000.0,500.0,1.0,0.25,atlas_exot_2018_06,IM7,2.8315126,3.3512896,0.0012646,0.0066788
/home/yoxara/Insync/DMSimp_vector_axial_pp_xxj_NLO_eff/Events/run_59/events_PYTHIA8_0.hepmc.gz,0.195,20000,Axial,DM+QCDjets,1000.0,500.0,1.0,0.25,atlas_exot_2018_06,IM8,4.2361228,4.5314462,0.0004742,0.0040915
/home/yoxara/Insync/DMSimp_vector_axial_pp_xxj_NLO_eff/Events/run_59/events_PYTHIA8_0.hepmc.gz,0.195,20000,Axial,DM+QCDjets,1000.0,500.0,1.0,0.25,atlas_exot_2018_06,IM9,4.0018535,3.785202,0.0003162,0.003341
/home/yoxara/Insync/DMSimp_vector_axial_pp_xxj_NLO_eff/Events/run_59/events_PYTHIA8_0.hepmc.gz,0.195,20000,Axial,DM+QCDjets,1000.0,500.0,1.0,0.25,atlas_exot_2018_06,IM10,5.9146776,9.1171196,0.0001581,0.0023626
/home/yoxara/Insync/DMSimp_vector_axial_pp_xxj_NLO_eff/Events/run_59/events_PYTHIA8_0.hepmc.gz,0.195,20000,Axial,DM+QCDjets,1000.0,500.0,1.0,0.25,atlas_exot_2018_06,IM11,-1.0,-1.0,0.0,0.0
/home/yoxara/Insync/DMSimp_vector_axial_pp_xxj_NLO_eff/Events/run_59/events_PYTHIA8_0.hepmc.gz,0.195,20000,Axial,DM+QCDjets,1000.0,500.0,1.0,0.25,atlas_exot_2018_06,IM12,-1.0,-1.0,0.0,0.0
/home/yoxara/Insync/DMSimp_vector_axial_pp_xxj_NLO_eff/Events/run_59/events_PYTHIA8_0.hepmc.gz,0.195,20000,Axial,DM+QCDjets,1000.0,500.0,1.0,0.25,atlas_exot_2018_06,EM0,20.5493126,22.9621034,0.0178628,0.0248915
/home/yoxara/Insync/DMSimp_vector_axial_pp_xxj_NLO_eff/Events/run_59/events_PYTHIA8_0.hepmc.gz,0.195,20000,Axial,DM+QCDjets,1000.0,500.0,1.0,0.25,atlas_exot_2018_06,EM1,7.2754247,7.0909332,0.0175466,0.0246742
/home/yoxara/Insync/DMSimp_vector_axial_pp_xxj_NLO_eff/Events/run_59/events_PYTHIA8_0.hepmc.gz,0.195,20000,Axial,DM+QCDjets,1000.0,500.0,1.0,0.25,atlas_exot_2018_06,EM2,4.4574495,4.4095807,0.0112235,0.0197972
/home/yoxara/Insync/DMSimp_vector_axial_pp_xxj_NLO_eff/Events/run_59/events_PYTHIA8_0.hepmc.gz,0.195,20000,Axial,DM+QCDjets,1000.0,500.0,1.0,0.25,atlas_exot_2018_06,EM3,5.2025389,6.3354151,0.0044262,0.012475
/home/yoxara/Insync/DMSimp_vector_axial_pp_xxj_NLO_eff/Events/run_59/events_PYTHIA8_0.hepmc.gz,0.195,20000,Axial,DM+QCDjets,1000.0,500.0,1.0,0.25,atlas_exot_2018_06,EM4,1.613864,2.2987302,0.0107493,0.0193791
/home/yoxara/Insync/DMSimp_vector_axial_pp_xxj_NLO_eff/Events/run_59/events_PYTHIA8_0.hepmc.gz,0.195,20000,Axial,DM+QCDjets,1000.0,500.0,1.0,0.25,atlas_exot_2018_06,EM5,1.4395471,1.7541501,0.0042681,0.0122512
/home/yoxara/Insync/DMSimp_vector_axial_pp_xxj_NLO_eff/Events/run_59/events_PYTHIA8_0.hepmc.gz,0.195,20000,Axial,DM+QCDjets,1000.0,500.0,1.0,0.25,atlas_exot_2018_06,EM6,2.3107896,3.1911068,0.0012646,0.0066788
/home/yoxara/Insync/DMSimp_vector_axial_pp_xxj_NLO_eff/Events/run_59/events_PYTHIA8_0.hepmc.gz,0.195,20000,Axial,DM+QCDjets,1000.0,500.0,1.0,0.25,atlas_exot_2018_06,EM7,1.8212385,2.6538064,0.0007904,0.0052813
/home/yoxara/Insync/DMSimp_vector_axial_pp_xxj_NLO_eff/Events/run_59/events_PYTHIA8_0.hepmc.gz,0.195,20000,Axial,DM+QCDjets,1000.0,500.0,1.0,0.25,atlas_exot_2018_06,EM8,5.1271995,5.8941175,0.0001581,0.0023626
/home/yoxara/Insync/DMSimp_vector_axial_pp_xxj_NLO_eff/Events/run_59/events_PYTHIA8_0.hepmc.gz,0.195,20000,Axial,DM+QCDjets,1000.0,500.0,1.0,0.25,atlas_exot_2018_06,EM9,3.1071261,2.6327669,0.0001581,0.0023626
/home/yoxara/Insync/DMSimp_vector_axial_pp_xxj_NLO_eff/Events/run_59/events_PYTHIA8_0.hepmc.gz,0.195,20000,Axial,DM+QCDjets,1000.0,500.0,1.0,0.25,atlas_exot_2018_06,EM10,0.9929499,2.1108368,0.0003162,0.003341
/home/yoxara/Insync/DMSimp_vector_axial_pp_xxj_NLO_eff/Events/run_59/events_PYTHIA8_0.hepmc.gz,0.195,20000,Axial,DM+QCDjets,1000.0,500.0,1.0,0.25,atlas_exot_2018_06,EM11,1.3870188,1.567668,0.0001581,0.0023626
/home/yoxara/Insync/DMSimp_vector_axial_pp_xxj_NLO_eff/Events/run_59/events_PYTHIA8_0.hepmc.gz,0.195,20000,Axial,DM+QCDjets,1000.0,500.0,1.0,0.25,atlas_exot_2018_06,EM12,-1.0,-1.0,0.0,0.0
/home/yoxara/Insync/DMSimp_vector_axial_pp_xxj_NLO_eff/Events/run_60/events_PYTHIA8_0.hepmc.gz,0.1271,20000,Axial,DM+QCDjets,1000.0,510.0,1.0,0.25,atlas_exot_2018_06,IM0,7.3198609,9.2829585,0.0768473,0.0640304
/home/yoxara/Insync/DMSimp_vector_axial_pp_xxj_NLO_eff/Events/run_60/events_PYTHIA8_0.hepmc.gz,0.1271,20000,Axial,DM+QCDjets,1000.0,510.0,1.0,0.25,atlas_exot_2018_06,IM1,4.1212729,5.210314,0.0546798,0.054656
/home/yoxara/Insync/DMSimp_vector_axial_pp_xxj_NLO_eff/Events/run_60/events_PYTHIA8_0.hepmc.gz,0.1271,20000,Axial,DM+QCDjets,1000.0,510.0,1.0,0.25,atlas_exot_2018_06,IM2,2.8904748,3.9850155,0.0390805,0.0465863
/home/yoxara/Insync/DMSimp_vector_axial_pp_xxj_NLO_eff/Events/run_60/events_PYTHIA8_0.hepmc.gz,0.1271,20000,Axial,DM+QCDjets,1000.0,510.0,1.0,0.25,atlas_exot_2018_06,IM3,1.9243041,2.8351438,0.0295567,0.0407144
/home/yoxara/Insync/DMSimp_vector_axial_pp_xxj_NLO_eff/Events/run_60/events_PYTHIA8_0.hepmc.gz,0.1271,20000,Axial,DM+QCDjets,1000.0,510.0,1.0,0.25,atlas_exot_2018_06,IM4,1.454701,2.3044815,0.0226601,0.0357758
/home/yoxara/Insync/DMSimp_vector_axial_pp_xxj_NLO_eff/Events/run_60/events_PYTHIA8_0.hepmc.gz,0.1271,20000,Axial,DM+QCDjets,1000.0,510.0,1.0,0.25,atlas_exot_2018_06,IM5,1.1931016,1.8302899,0.0119869,0.0261619
/home/yoxara/Insync/DMSimp_vector_axial_pp_xxj_NLO_eff/Events/run_60/events_PYTHIA8_0.hepmc.gz,0.1271,20000,Axial,DM+QCDjets,1000.0,510.0,1.0,0.25,atlas_exot_2018_06,IM6,1.2972454,1.9106831,0.0055829,0.0179123
/home/yoxara/Insync/DMSimp_vector_axial_pp_xxj_NLO_eff/Events/run_60/events_PYTHIA8_0.hepmc.gz,0.1271,20000,Axial,DM+QCDjets,1000.0,510.0,1.0,0.25,atlas_exot_2018_06,IM7,0.9123555,1.0732144,0.0039409,0.0150617
/home/yoxara/Insync/DMSimp_vector_axial_pp_xxj_NLO_eff/Events/run_60/events_PYTHIA8_0.hepmc.gz,0.1271,20000,Axial,DM+QCDjets,1000.0,510.0,1.0,0.25,atlas_exot_2018_06,IM8,1.0233193,1.0818886,0.0019704,0.0106608
/home/yoxara/Insync/DMSimp_vector_axial_pp_xxj_NLO_eff/Events/run_60/events_PYTHIA8_0.hepmc.gz,0.1271,20000,Axial,DM+QCDjets,1000.0,510.0,1.0,0.25,atlas_exot_2018_06,IM9,1.5409716,1.4541401,0.000821,0.0068855
/home/yoxara/Insync/DMSimp_vector_axial_pp_xxj_NLO_eff/Events/run_60/events_PYTHIA8_0.hepmc.gz,0.1271,20000,Axial,DM+QCDjets,1000.0,510.0,1.0,0.25,atlas_exot_2018_06,IM10,2.8379356,4.3825419,0.0003284,0.0043558
/home/yoxara/Insync/DMSimp_vector_axial_pp_xxj_NLO_eff/Events/run_60/events_PYTHIA8_0.hepmc.gz,0.1271,20000,Axial,DM+QCDjets,1000.0,510.0,1.0,0.25,atlas_exot_2018_06,IM11,0.8605807,0.7690267,0.0006568,0.0061591
/home/yoxara/Insync/DMSimp_vector_axial_pp_xxj_NLO_eff/Events/run_60/events_PYTHIA8_0.hepmc.gz,0.1271,20000,Axial,DM+QCDjets,1000.0,510.0,1.0,0.25,atlas_exot_2018_06,IM12,1.0640918,0.8422859,0.0003284,0.0043558
/home/yoxara/Insync/DMSimp_vector_axial_pp_xxj_NLO_eff/Events/run_60/events_PYTHIA8_0.hepmc.gz,0.1271,20000,Axial,DM+QCDjets,1000.0,510.0,1.0,0.25,atlas_exot_2018_06,EM0,16.5217988,18.4981767,0.0221675,0.0353937
/home/yoxara/Insync/DMSimp_vector_axial_pp_xxj_NLO_eff/Events/run_60/events_PYTHIA8_0.hepmc.gz,0.1271,20000,Axial,DM+QCDjets,1000.0,510.0,1.0,0.25,atlas_exot_2018_06,EM1,8.1637557,7.9449534,0.0155993,0.0297903
/home/yoxara/Insync/DMSimp_vector_axial_pp_xxj_NLO_eff/Events/run_60/events_PYTHIA8_0.hepmc.gz,0.1271,20000,Axial,DM+QCDjets,1000.0,510.0,1.0,0.25,atlas_exot_2018_06,EM2,5.2504415,5.2070019,0.0095238,0.0233487
/home/yoxara/Insync/DMSimp_vector_axial_pp_xxj_NLO_eff/Events/run_60/events_PYTHIA8_0.hepmc.gz,0.1271,20000,Axial,DM+QCDjets,1000.0,510.0,1.0,0.25,atlas_exot_2018_06,EM3,3.3678506,4.0636697,0.0068966,0.0198952
/home/yoxara/Insync/DMSimp_vector_axial_pp_xxj_NLO_eff/Events/run_60/events_PYTHIA8_0.hepmc.gz,0.1271,20000,Axial,DM+QCDjets,1000.0,510.0,1.0,0.25,atlas_exot_2018_06,EM4,1.6499991,2.3036188,0.0106732,0.0247032
/home/yoxara/Insync/DMSimp_vector_axial_pp_xxj_NLO_eff/Events/run_60/events_PYTHIA8_0.hepmc.gz,0.1271,20000,Axial,DM+QCDjets,1000.0,510.0,1.0,0.25,atlas_exot_2018_06,EM5,0.9631241,1.1685097,0.0064039,0.0191763
/home/yoxara/Insync/DMSimp_vector_axial_pp_xxj_NLO_eff/Events/run_60/events_PYTHIA8_0.hepmc.gz,0.1271,20000,Axial,DM+QCDjets,1000.0,510.0,1.0,0.25,atlas_exot_2018_06,EM6,1.7669872,2.458779,0.001642,0.0097335
/home/yoxara/Insync/DMSimp_vector_axial_pp_xxj_NLO_eff/Events/run_60/events_PYTHIA8_0.hepmc.gz,0.1271,20000,Axial,DM+QCDjets,1000.0,510.0,1.0,0.25,atlas_exot_2018_06,EM7,0.7297805,1.0605586,0.0019704,0.0106608
/home/yoxara/Insync/DMSimp_vector_axial_pp_xxj_NLO_eff/Events/run_60/events_PYTHIA8_0.hepmc.gz,0.1271,20000,Axial,DM+QCDjets,1000.0,510.0,1.0,0.25,atlas_exot_2018_06,EM8,0.7032823,0.8080109,0.0011494,0.0081457
/home/yoxara/Insync/DMSimp_vector_axial_pp_xxj_NLO_eff/Events/run_60/events_PYTHIA8_0.hepmc.gz,0.1271,20000,Axial,DM+QCDjets,1000.0,510.0,1.0,0.25,atlas_exot_2018_06,EM9,0.994102,0.8426151,0.0004926,0.0053343
/home/yoxara/Insync/DMSimp_vector_axial_pp_xxj_NLO_eff/Events/run_60/events_PYTHIA8_0.hepmc.gz,0.1271,20000,Axial,DM+QCDjets,1000.0,510.0,1.0,0.25,atlas_exot_2018_06,EM10,-1.0,-1.0,0.0,0.0
/home/yoxara/Insync/DMSimp_vector_axial_pp_xxj_NLO_eff/Events/run_60/events_PYTHIA8_0.hepmc.gz,0.1271,20000,Axial,DM+QCDjets,1000.0,510.0,1.0,0.25,atlas_exot_2018_06,EM11,0.6710704,0.7514311,0.0003284,0.0043558
/home/yoxara/Insync/DMSimp_vector_axial_pp_xxj_NLO_eff/Events/run_60/events_PYTHIA8_0.hepmc.gz,0.1271,20000,Axial,DM+QCDjets,1000.0,510.0,1.0,0.25,atlas_exot_2018_06,EM12,0.7750237,0.625542,0.0003284,0.0043558
/home/yoxara/Insync/DMSimp_vector_axial_pp_xxj_NLO_eff/Events/run_61/events_PYTHIA8_0.hepmc.gz,0.02374,20000,Axial,DM+QCDjets,1000.0,600.0,1.0,0.25,atlas_exot_2018_06,IM0,6.8762033,8.6880477,0.0824518,0.1476349
/home/yoxara/Insync/DMSimp_vector_axial_pp_xxj_NLO_eff/Events/run_61/events_PYTHIA8_0.hepmc.gz,0.02374,20000,Axial,DM+QCDjets,1000.0,600.0,1.0,0.25,atlas_exot_2018_06,IM1,3.7541387,4.7336214,0.0602054,0.1276758
/home/yoxara/Insync/DMSimp_vector_axial_pp_xxj_NLO_eff/Events/run_61/events_PYTHIA8_0.hepmc.gz,0.02374,20000,Axial,DM+QCDjets,1000.0,600.0,1.0,0.25,atlas_exot_2018_06,IM2,2.5067612,3.4492125,0.0451151,0.1114066
/home/yoxara/Insync/DMSimp_vector_axial_pp_xxj_NLO_eff/Events/run_61/events_PYTHIA8_0.hepmc.gz,0.02374,20000,Axial,DM+QCDjets,1000.0,600.0,1.0,0.25,atlas_exot_2018_06,IM3,1.8588217,2.7415572,0.0304916,0.092287
/home/yoxara/Insync/DMSimp_vector_axial_pp_xxj_NLO_eff/Events/run_61/events_PYTHIA8_0.hepmc.gz,0.02374,20000,Axial,DM+QCDjets,1000.0,600.0,1.0,0.25,atlas_exot_2018_06,IM4,1.4693214,2.3312712,0.022402,0.0794325
/home/yoxara/Insync/DMSimp_vector_axial_pp_xxj_NLO_eff/Events/run_61/events_PYTHIA8_0.hepmc.gz,0.02374,20000,Axial,DM+QCDjets,1000.0,600.0,1.0,0.25,atlas_exot_2018_06,IM5,1.1173811,1.6876314,0.0129123,0.0605973
/home/yoxara/Insync/DMSimp_vector_axial_pp_xxj_NLO_eff/Events/run_61/events_PYTHIA8_0.hepmc.gz,0.02374,20000,Axial,DM+QCDjets,1000.0,600.0,1.0,0.25,atlas_exot_2018_06,IM6,0.9369078,1.3749038,0.0077785,0.0471548
/home/yoxara/Insync/DMSimp_vector_axial_pp_xxj_NLO_eff/Events/run_61/events_PYTHIA8_0.hepmc.gz,0.02374,20000,Axial,DM+QCDjets,1000.0,600.0,1.0,0.25,atlas_exot_2018_06,IM7,0.7698572,0.9050112,0.0046671,0.0365832
/home/yoxara/Insync/DMSimp_vector_axial_pp_xxj_NLO_eff/Events/run_61/events_PYTHIA8_0.hepmc.gz,0.02374,20000,Axial,DM+QCDjets,1000.0,600.0,1.0,0.25,atlas_exot_2018_06,IM8,0.7595525,0.8098713,0.0026447,0.0275668
/home/yoxara/Insync/DMSimp_vector_axial_pp_xxj_NLO_eff/Events/run_61/events_PYTHIA8_0.hepmc.gz,0.02374,20000,Axial,DM+QCDjets,1000.0,600.0,1.0,0.25,atlas_exot_2018_06,IM9,0.9041114,0.8557351,0.0014001,0.0200703
/home/yoxara/Insync/DMSimp_vector_axial_pp_xxj_NLO_eff/Events/run_61/events_PYTHIA8_0.hepmc.gz,0.02374,20000,Axial,DM+QCDjets,1000.0,600.0,1.0,0.25,atlas_exot_2018_06,IM10,1.2005402,1.8542469,0.0007778,0.0149642
/home/yoxara/Insync/DMSimp_vector_axial_pp_xxj_NLO_eff/Events/run_61/events_PYTHIA8_0.hepmc.gz,0.02374,20000,Axial,DM+QCDjets,1000.0,600.0,1.0,0.25,atlas_exot_2018_06,IM11,-1.0,-1.0,0.0,0.0
/home/yoxara/Insync/DMSimp_vector_axial_pp_xxj_NLO_eff/Events/run_61/events_PYTHIA8_0.hepmc.gz,0.02374,20000,Axial,DM+QCDjets,1000.0,600.0,1.0,0.25,atlas_exot_2018_06,IM12,2.2500569,1.7751105,0.0001556,0.0066943
/home/yoxara/Insync/DMSimp_vector_axial_pp_xxj_NLO_eff/Events/run_61/events_PYTHIA8_0.hepmc.gz,0.02374,20000,Axial,DM+QCDjets,1000.0,600.0,1.0,0.25,atlas_exot_2018_06,EM0,16.5772449,18.4630448,0.0222464,0.0791625
/home/yoxara/Insync/DMSimp_vector_axial_pp_xxj_NLO_eff/Events/run_61/events_PYTHIA8_0.hepmc.gz,0.02374,20000,Axial,DM+QCDjets,1000.0,600.0,1.0,0.25,atlas_exot_2018_06,EM1,8.4194388,8.2640869,0.0150902,0.0654366
/home/yoxara/Insync/DMSimp_vector_axial_pp_xxj_NLO_eff/Events/run_61/events_PYTHIA8_0.hepmc.gz,0.02374,20000,Axial,DM+QCDjets,1000.0,600.0,1.0,0.25,atlas_exot_2018_06,EM2,3.4314188,3.3944577,0.0146235,0.064432
/home/yoxara/Insync/DMSimp_vector_axial_pp_xxj_NLO_eff/Events/run_61/events_PYTHIA8_0.hepmc.gz,0.02374,20000,Axial,DM+QCDjets,1000.0,600.0,1.0,0.25,atlas_exot_2018_06,EM3,2.8536094,3.4478545,0.0080896,0.0480811
/home/yoxara/Insync/DMSimp_vector_axial_pp_xxj_NLO_eff/Events/run_61/events_PYTHIA8_0.hepmc.gz,0.02374,20000,Axial,DM+QCDjets,1000.0,600.0,1.0,0.25,atlas_exot_2018_06,EM4,1.8340156,2.603834,0.0094897,0.0520392
/home/yoxara/Insync/DMSimp_vector_axial_pp_xxj_NLO_eff/Events/run_61/events_PYTHIA8_0.hepmc.gz,0.02374,20000,Axial,DM+QCDjets,1000.0,600.0,1.0,0.25,atlas_exot_2018_06,EM5,1.1905182,1.4585318,0.0051338,0.0383598
/home/yoxara/Insync/DMSimp_vector_axial_pp_xxj_NLO_eff/Events/run_61/events_PYTHIA8_0.hepmc.gz,0.02374,20000,Axial,DM+QCDjets,1000.0,600.0,1.0,0.25,atlas_exot_2018_06,EM6,0.9384012,1.2926013,0.0031114,0.0298934
/home/yoxara/Insync/DMSimp_vector_axial_pp_xxj_NLO_eff/Events/run_61/events_PYTHIA8_0.hepmc.gz,0.02374,20000,Axial,DM+QCDjets,1000.0,600.0,1.0,0.25,atlas_exot_2018_06,EM7,0.7127816,1.0298738,0.0020224,0.024114
/home/yoxara/Insync/DMSimp_vector_axial_pp_xxj_NLO_eff/Events/run_61/events_PYTHIA8_0.hepmc.gz,0.02374,20000,Axial,DM+QCDjets,1000.0,600.0,1.0,0.25,atlas_exot_2018_06,EM8,0.650482,0.746798,0.0012446,0.0189239
/home/yoxara/Insync/DMSimp_vector_axial_pp_xxj_NLO_eff/Events/run_61/events_PYTHIA8_0.hepmc.gz,0.02374,20000,Axial,DM+QCDjets,1000.0,600.0,1.0,0.25,atlas_exot_2018_06,EM9,0.7806467,0.6664756,0.0006223,0.0133854
/home/yoxara/Insync/DMSimp_vector_axial_pp_xxj_NLO_eff/Events/run_61/events_PYTHIA8_0.hepmc.gz,0.02374,20000,Axial,DM+QCDjets,1000.0,600.0,1.0,0.25,atlas_exot_2018_06,EM10,0.4036825,0.8596728,0.0007778,0.0149642
/home/yoxara/Insync/DMSimp_vector_axial_pp_xxj_NLO_eff/Events/run_61/events_PYTHIA8_0.hepmc.gz,0.02374,20000,Axial,DM+QCDjets,1000.0,600.0,1.0,0.25,atlas_exot_2018_06,EM11,-1.0,-1.0,0.0,0.0
/home/yoxara/Insync/DMSimp_vector_axial_pp_xxj_NLO_eff/Events/run_61/events_PYTHIA8_0.hepmc.gz,0.02374,20000,Axial,DM+QCDjets,1000.0,600.0,1.0,0.25,atlas_exot_2018_06,EM12,1.6267585,1.3180195,0.0001556,0.0066943
/home/yoxara/Insync/DMSimp_vector_axial_pp_xxj_NLO_eff/Events/run_62/events_PYTHIA8_0.hepmc.gz,5.591,20000,Axial,DM+QCDjets,1200.0,0.0,1.0,0.25,atlas_exot_2018_06,IM0,8.1505423,10.3554613,0.0692335,0.0091572
/home/yoxara/Insync/DMSimp_vector_axial_pp_xxj_NLO_eff/Events/run_62/events_PYTHIA8_0.hepmc.gz,5.591,20000,Axial,DM+QCDjets,1200.0,0.0,1.0,0.25,atlas_exot_2018_06,IM1,4.8797541,6.1390812,0.0462762,0.0075784
/home/yoxara/Insync/DMSimp_vector_axial_pp_xxj_NLO_eff/Events/run_62/events_PYTHIA8_0.hepmc.gz,5.591,20000,Axial,DM+QCDjets,1200.0,0.0,1.0,0.25,atlas_exot_2018_06,IM2,3.7164272,5.082819,0.0305495,0.006208
/home/yoxara/Insync/DMSimp_vector_axial_pp_xxj_NLO_eff/Events/run_62/events_PYTHIA8_0.hepmc.gz,5.591,20000,Axial,DM+QCDjets,1200.0,0.0,1.0,0.25,atlas_exot_2018_06,IM3,2.6684549,3.9404263,0.0213304,0.005212
/home/yoxara/Insync/DMSimp_vector_axial_pp_xxj_NLO_eff/Events/run_62/events_PYTHIA8_0.hepmc.gz,5.591,20000,Axial,DM+QCDjets,1200.0,0.0,1.0,0.25,atlas_exot_2018_06,IM4,2.2983543,3.6666156,0.0142805,0.0042799
/home/yoxara/Insync/DMSimp_vector_axial_pp_xxj_NLO_eff/Events/run_62/events_PYTHIA8_0.hepmc.gz,5.591,20000,Axial,DM+QCDjets,1200.0,0.0,1.0,0.25,atlas_exot_2018_06,IM5,1.8601736,2.8077352,0.007773,0.003168
/home/yoxara/Insync/DMSimp_vector_axial_pp_xxj_NLO_eff/Events/run_62/events_PYTHIA8_0.hepmc.gz,5.591,20000,Axial,DM+QCDjets,1200.0,0.0,1.0,0.25,atlas_exot_2018_06,IM6,2.0151265,2.9476268,0.0036153,0.0021651
/home/yoxara/Insync/DMSimp_vector_axial_pp_xxj_NLO_eff/Events/run_62/events_PYTHIA8_0.hepmc.gz,5.591,20000,Axial,DM+QCDjets,1200.0,0.0,1.0,0.25,atlas_exot_2018_06,IM7,1.6619143,1.9426189,0.0021692,0.0016783
/home/yoxara/Insync/DMSimp_vector_axial_pp_xxj_NLO_eff/Events/run_62/events_PYTHIA8_0.hepmc.gz,5.591,20000,Axial,DM+QCDjets,1200.0,0.0,1.0,0.25,atlas_exot_2018_06,IM8,1.3891607,1.4743716,0.0014461,0.0013708
/home/yoxara/Insync/DMSimp_vector_axial_pp_xxj_NLO_eff/Events/run_62/events_PYTHIA8_0.hepmc.gz,5.591,20000,Axial,DM+QCDjets,1200.0,0.0,1.0,0.25,atlas_exot_2018_06,IM9,1.7548054,1.6534249,0.0007231,0.0009697
/home/yoxara/Insync/DMSimp_vector_axial_pp_xxj_NLO_eff/Events/run_62/events_PYTHIA8_0.hepmc.gz,5.591,20000,Axial,DM+QCDjets,1200.0,0.0,1.0,0.25,atlas_exot_2018_06,IM10,2.580677,3.9922528,0.0003615,0.0006858
/home/yoxara/Insync/DMSimp_vector_axial_pp_xxj_NLO_eff/Events/run_62/events_PYTHIA8_0.hepmc.gz,5.591,20000,Axial,DM+QCDjets,1200.0,0.0,1.0,0.25,atlas_exot_2018_06,IM11,-1.0,-1.0,0.0,0.0
/home/yoxara/Insync/DMSimp_vector_axial_pp_xxj_NLO_eff/Events/run_62/events_PYTHIA8_0.hepmc.gz,5.591,20000,Axial,DM+QCDjets,1200.0,0.0,1.0,0.25,atlas_exot_2018_06,IM12,-1.0,-1.0,0.0,0.0
/home/yoxara/Insync/DMSimp_vector_axial_pp_xxj_NLO_eff/Events/run_62/events_PYTHIA8_0.hepmc.gz,5.591,20000,Axial,DM+QCDjets,1200.0,0.0,1.0,0.25,atlas_exot_2018_06,EM0,15.979099,17.8675455,0.0229573,0.0054026
/home/yoxara/Insync/DMSimp_vector_axial_pp_xxj_NLO_eff/Events/run_62/events_PYTHIA8_0.hepmc.gz,5.591,20000,Axial,DM+QCDjets,1200.0,0.0,1.0,0.25,atlas_exot_2018_06,EM1,8.1007502,7.903307,0.0157267,0.0044881
/home/yoxara/Insync/DMSimp_vector_axial_pp_xxj_NLO_eff/Events/run_62/events_PYTHIA8_0.hepmc.gz,5.591,20000,Axial,DM+QCDjets,1200.0,0.0,1.0,0.25,atlas_exot_2018_06,EM2,5.4088349,5.3763776,0.0092191,0.0034476
/home/yoxara/Insync/DMSimp_vector_axial_pp_xxj_NLO_eff/Events/run_62/events_PYTHIA8_0.hepmc.gz,5.591,20000,Axial,DM+QCDjets,1200.0,0.0,1.0,0.25,atlas_exot_2018_06,EM3,3.292098,3.9653281,0.0070499,0.0030182
/home/yoxara/Insync/DMSimp_vector_axial_pp_xxj_NLO_eff/Events/run_62/events_PYTHIA8_0.hepmc.gz,5.591,20000,Axial,DM+QCDjets,1200.0,0.0,1.0,0.25,atlas_exot_2018_06,EM4,2.6955895,3.790748,0.0065076,0.0029005
/home/yoxara/Insync/DMSimp_vector_axial_pp_xxj_NLO_eff/Events/run_62/events_PYTHIA8_0.hepmc.gz,5.591,20000,Axial,DM+QCDjets,1200.0,0.0,1.0,0.25,atlas_exot_2018_06,EM5,1.4771049,1.8050436,0.0041576,0.0023212
/home/yoxara/Insync/DMSimp_vector_axial_pp_xxj_NLO_eff/Events/run_62/events_PYTHIA8_0.hepmc.gz,5.591,20000,Axial,DM+QCDjets,1200.0,0.0,1.0,0.25,atlas_exot_2018_06,EM6,2.0091608,2.7891338,0.0014461,0.0013708
/home/yoxara/Insync/DMSimp_vector_axial_pp_xxj_NLO_eff/Events/run_62/events_PYTHIA8_0.hepmc.gz,5.591,20000,Axial,DM+QCDjets,1200.0,0.0,1.0,0.25,atlas_exot_2018_06,EM7,1.9980623,2.9034714,0.0007231,0.0009697
/home/yoxara/Insync/DMSimp_vector_axial_pp_xxj_NLO_eff/Events/run_62/events_PYTHIA8_0.hepmc.gz,5.591,20000,Axial,DM+QCDjets,1200.0,0.0,1.0,0.25,atlas_exot_2018_06,EM8,1.1237862,1.2883572,0.0007231,0.0009697
/home/yoxara/Insync/DMSimp_vector_axial_pp_xxj_NLO_eff/Events/run_62/events_PYTHIA8_0.hepmc.gz,5.591,20000,Axial,DM+QCDjets,1200.0,0.0,1.0,0.25,atlas_exot_2018_06,EM9,1.34375,1.1583671,0.0003615,0.0006858
/home/yoxara/Insync/DMSimp_vector_axial_pp_xxj_NLO_eff/Events/run_62/events_PYTHIA8_0.hepmc.gz,5.591,20000,Axial,DM+QCDjets,1200.0,0.0,1.0,0.25,atlas_exot_2018_06,EM10,0.867533,1.8491409,0.0003615,0.0006858
/home/yoxara/Insync/DMSimp_vector_axial_pp_xxj_NLO_eff/Events/run_62/events_PYTHIA8_0.hepmc.gz,5.591,20000,Axial,DM+QCDjets,1200.0,0.0,1.0,0.25,atlas_exot_2018_06,EM11,-1.0,-1.0,0.0,0.0
/home/yoxara/Insync/DMSimp_vector_axial_pp_xxj_NLO_eff/Events/run_62/events_PYTHIA8_0.hepmc.gz,5.591,20000,Axial,DM+QCDjets,1200.0,0.0,1.0,0.25,atlas_exot_2018_06,EM12,-1.0,-1.0,0.0,0.0
/home/yoxara/Insync/DMSimp_vector_axial_pp_xxj_NLO_eff/Events/run_63/events_PYTHIA8_0.hepmc.gz,5.468,20000,Axial,DM+QCDjets,1200.0,50.0,1.0,0.25,atlas_exot_2018_06,IM0,7.682757,9.7164421,0.0736461,0.0092691
/home/yoxara/Insync/DMSimp_vector_axial_pp_xxj_NLO_eff/Events/run_63/events_PYTHIA8_0.hepmc.gz,5.468,20000,Axial,DM+QCDjets,1200.0,50.0,1.0,0.25,atlas_exot_2018_06,IM1,4.2003989,5.284295,0.0538116,0.0080076
/home/yoxara/Insync/DMSimp_vector_axial_pp_xxj_NLO_eff/Events/run_63/events_PYTHIA8_0.hepmc.gz,5.468,20000,Axial,DM+QCDjets,1200.0,50.0,1.0,0.25,atlas_exot_2018_06,IM2,3.2650456,4.4512298,0.0348396,0.0065074
/home/yoxara/Insync/DMSimp_vector_axial_pp_xxj_NLO_eff/Events/run_63/events_PYTHIA8_0.hepmc.gz,5.468,20000,Axial,DM+QCDjets,1200.0,50.0,1.0,0.25,atlas_exot_2018_06,IM3,2.4233933,3.5827447,0.0234564,0.0053709
/home/yoxara/Insync/DMSimp_vector_axial_pp_xxj_NLO_eff/Events/run_63/events_PYTHIA8_0.hepmc.gz,5.468,20000,Axial,DM+QCDjets,1200.0,50.0,1.0,0.25,atlas_exot_2018_06,IM4,2.1072129,3.3278838,0.0156951,0.0044108
/home/yoxara/Insync/DMSimp_vector_axial_pp_xxj_NLO_eff/Events/run_63/events_PYTHIA8_0.hepmc.gz,5.468,20000,Axial,DM+QCDjets,1200.0,50.0,1.0,0.25,atlas_exot_2018_06,IM5,2.1529303,3.2579427,0.0067265,0.0029007
/home/yoxara/Insync/DMSimp_vector_axial_pp_xxj_NLO_eff/Events/run_63/events_PYTHIA8_0.hepmc.gz,5.468,20000,Axial,DM+QCDjets,1200.0,50.0,1.0,0.25,atlas_exot_2018_06,IM6,2.6429074,3.8526293,0.0027596,0.0018616
/home/yoxara/Insync/DMSimp_vector_axial_pp_xxj_NLO_eff/Events/run_63/events_PYTHIA8_0.hepmc.gz,5.468,20000,Axial,DM+QCDjets,1200.0,50.0,1.0,0.25,atlas_exot_2018_06,IM7,2.0748132,2.4485029,0.0017247,0.0014725
/home/yoxara/Insync/DMSimp_vector_axial_pp_xxj_NLO_eff/Events/run_63/events_PYTHIA8_0.hepmc.gz,5.468,20000,Axial,DM+QCDjets,1200.0,50.0,1.0,0.25,atlas_exot_2018_06,IM8,1.6655683,1.7795833,0.0012073,0.0012323
/home/yoxara/Insync/DMSimp_vector_axial_pp_xxj_NLO_eff/Events/run_63/events_PYTHIA8_0.hepmc.gz,5.468,20000,Axial,DM+QCDjets,1200.0,50.0,1.0,0.25,atlas_exot_2018_06,IM9,1.462022,1.3785329,0.0008624,0.0010417
/home/yoxara/Insync/DMSimp_vector_axial_pp_xxj_NLO_eff/Events/run_63/events_PYTHIA8_0.hepmc.gz,5.468,20000,Axial,DM+QCDjets,1200.0,50.0,1.0,0.25,atlas_exot_2018_06,IM10,1.3505195,2.0875135,0.0006899,0.0009318
/home/yoxara/Insync/DMSimp_vector_axial_pp_xxj_NLO_eff/Events/run_63/events_PYTHIA8_0.hepmc.gz,5.468,20000,Axial,DM+QCDjets,1200.0,50.0,1.0,0.25,atlas_exot_2018_06,IM11,1.6436136,1.4679767,0.0003449,0.000659
/home/yoxara/Insync/DMSimp_vector_axial_pp_xxj_NLO_eff/Events/run_63/events_PYTHIA8_0.hepmc.gz,5.468,20000,Axial,DM+QCDjets,1200.0,50.0,1.0,0.25,atlas_exot_2018_06,IM12,1.0120198,0.8019372,0.0003449,0.000659
/home/yoxara/Insync/DMSimp_vector_axial_pp_xxj_NLO_eff/Events/run_63/events_PYTHIA8_0.hepmc.gz,5.468,20000,Axial,DM+QCDjets,1200.0,50.0,1.0,0.25,atlas_exot_2018_06,EM0,18.5250701,20.6673158,0.0198344,0.004948
/home/yoxara/Insync/DMSimp_vector_axial_pp_xxj_NLO_eff/Events/run_63/events_PYTHIA8_0.hepmc.gz,5.468,20000,Axial,DM+QCDjets,1200.0,50.0,1.0,0.25,atlas_exot_2018_06,EM1,6.732785,6.5578006,0.0189721,0.0048414
/home/yoxara/Insync/DMSimp_vector_axial_pp_xxj_NLO_eff/Events/run_63/events_PYTHIA8_0.hepmc.gz,5.468,20000,Axial,DM+QCDjets,1200.0,50.0,1.0,0.25,atlas_exot_2018_06,EM2,4.4121744,4.364124,0.0113832,0.0037646
/home/yoxara/Insync/DMSimp_vector_axial_pp_xxj_NLO_eff/Events/run_63/events_PYTHIA8_0.hepmc.gz,5.468,20000,Axial,DM+QCDjets,1200.0,50.0,1.0,0.25,atlas_exot_2018_06,EM3,2.9817434,3.5944884,0.0077613,0.0031142
/home/yoxara/Insync/DMSimp_vector_axial_pp_xxj_NLO_eff/Events/run_63/events_PYTHIA8_0.hepmc.gz,5.468,20000,Axial,DM+QCDjets,1200.0,50.0,1.0,0.25,atlas_exot_2018_06,EM4,1.9558571,2.74879,0.0089686,0.0033456
/home/yoxara/Insync/DMSimp_vector_axial_pp_xxj_NLO_eff/Events/run_63/events_PYTHIA8_0.hepmc.gz,5.468,20000,Axial,DM+QCDjets,1200.0,50.0,1.0,0.25,atlas_exot_2018_06,EM5,1.5514947,1.8836907,0.0039669,0.0022307
/home/yoxara/Insync/DMSimp_vector_axial_pp_xxj_NLO_eff/Events/run_63/events_PYTHIA8_0.hepmc.gz,5.468,20000,Axial,DM+QCDjets,1200.0,50.0,1.0,0.25,atlas_exot_2018_06,EM6,2.8262589,3.8990549,0.0010348,0.001141
/home/yoxara/Insync/DMSimp_vector_axial_pp_xxj_NLO_eff/Events/run_63/events_PYTHIA8_0.hepmc.gz,5.468,20000,Axial,DM+QCDjets,1200.0,50.0,1.0,0.25,atlas_exot_2018_06,EM7,2.7781334,4.0446109,0.0005174,0.000807
/home/yoxara/Insync/DMSimp_vector_axial_pp_xxj_NLO_eff/Events/run_63/events_PYTHIA8_0.hepmc.gz,5.468,20000,Axial,DM+QCDjets,1200.0,50.0,1.0,0.25,atlas_exot_2018_06,EM8,2.3521902,2.6971713,0.0003449,0.000659
/home/yoxara/Insync/DMSimp_vector_axial_pp_xxj_NLO_eff/Events/run_63/events_PYTHIA8_0.hepmc.gz,5.468,20000,Axial,DM+QCDjets,1200.0,50.0,1.0,0.25,atlas_exot_2018_06,EM9,2.8275002,2.4194913,0.0001725,0.000466
/home/yoxara/Insync/DMSimp_vector_axial_pp_xxj_NLO_eff/Events/run_63/events_PYTHIA8_0.hepmc.gz,5.468,20000,Axial,DM+QCDjets,1200.0,50.0,1.0,0.25,atlas_exot_2018_06,EM10,0.9113181,1.937181,0.0003449,0.000659
/home/yoxara/Insync/DMSimp_vector_axial_pp_xxj_NLO_eff/Events/run_63/events_PYTHIA8_0.hepmc.gz,5.468,20000,Axial,DM+QCDjets,1200.0,50.0,1.0,0.25,atlas_exot_2018_06,EM11,-1.0,-1.0,0.0,0.0
/home/yoxara/Insync/DMSimp_vector_axial_pp_xxj_NLO_eff/Events/run_63/events_PYTHIA8_0.hepmc.gz,5.468,20000,Axial,DM+QCDjets,1200.0,50.0,1.0,0.25,atlas_exot_2018_06,EM12,0.7401246,0.5870947,0.0003449,0.000659
/home/yoxara/Insync/DMSimp_vector_axial_pp_xxj_NLO_eff/Events/run_64/events_PYTHIA8_0.hepmc.gz,5.412,20000,Axial,DM+QCDjets,1200.0,100.0,1.0,0.25,atlas_exot_2018_06,IM0,7.4569282,9.4676547,0.0758038,0.0095048
/home/yoxara/Insync/DMSimp_vector_axial_pp_xxj_NLO_eff/Events/run_64/events_PYTHIA8_0.hepmc.gz,5.412,20000,Axial,DM+QCDjets,1200.0,100.0,1.0,0.25,atlas_exot_2018_06,IM1,4.1961229,5.2700744,0.0539763,0.0081146
/home/yoxara/Insync/DMSimp_vector_axial_pp_xxj_NLO_eff/Events/run_64/events_PYTHIA8_0.hepmc.gz,5.412,20000,Axial,DM+QCDjets,1200.0,100.0,1.0,0.25,atlas_exot_2018_06,IM2,3.1249008,4.2968617,0.0362098,0.0067084
/home/yoxara/Insync/DMSimp_vector_axial_pp_xxj_NLO_eff/Events/run_64/events_PYTHIA8_0.hepmc.gz,5.412,20000,Axial,DM+QCDjets,1200.0,100.0,1.0,0.25,atlas_exot_2018_06,IM3,2.3605659,3.4610362,0.0241963,0.0055179
/home/yoxara/Insync/DMSimp_vector_axial_pp_xxj_NLO_eff/Events/run_64/events_PYTHIA8_0.hepmc.gz,5.412,20000,Axial,DM+QCDjets,1200.0,100.0,1.0,0.25,atlas_exot_2018_06,IM4,2.1608734,3.4356811,0.0152284,0.0043975
/home/yoxara/Insync/DMSimp_vector_axial_pp_xxj_NLO_eff/Events/run_64/events_PYTHIA8_0.hepmc.gz,5.412,20000,Axial,DM+QCDjets,1200.0,100.0,1.0,0.25,atlas_exot_2018_06,IM5,1.7459454,2.6324905,0.008291,0.0032562
/home/yoxara/Insync/DMSimp_vector_axial_pp_xxj_NLO_eff/Events/run_64/events_PYTHIA8_0.hepmc.gz,5.412,20000,Axial,DM+QCDjets,1200.0,100.0,1.0,0.25,atlas_exot_2018_06,IM6,1.9607382,2.869336,0.0037225,0.0021869
/home/yoxara/Insync/DMSimp_vector_axial_pp_xxj_NLO_eff/Events/run_64/events_PYTHIA8_0.hepmc.gz,5.412,20000,Axial,DM+QCDjets,1200.0,100.0,1.0,0.25,atlas_exot_2018_06,IM7,1.2555946,1.4778773,0.0028765,0.0019232
/home/yoxara/Insync/DMSimp_vector_axial_pp_xxj_NLO_eff/Events/run_64/events_PYTHIA8_0.hepmc.gz,5.412,20000,Axial,DM+QCDjets,1200.0,100.0,1.0,0.25,atlas_exot_2018_06,IM8,2.9767647,3.172548,0.0006768,0.0009339
/home/yoxara/Insync/DMSimp_vector_axial_pp_xxj_NLO_eff/Events/run_64/events_PYTHIA8_0.hepmc.gz,5.412,20000,Axial,DM+QCDjets,1200.0,100.0,1.0,0.25,atlas_exot_2018_06,IM9,-1.0,-1.0,0.0,0.0
/home/yoxara/Insync/DMSimp_vector_axial_pp_xxj_NLO_eff/Events/run_64/events_PYTHIA8_0.hepmc.gz,5.412,20000,Axial,DM+QCDjets,1200.0,100.0,1.0,0.25,atlas_exot_2018_06,IM10,2.7612072,4.2501734,0.0003384,0.0006605
/home/yoxara/Insync/DMSimp_vector_axial_pp_xxj_NLO_eff/Events/run_64/events_PYTHIA8_0.hepmc.gz,5.412,20000,Axial,DM+QCDjets,1200.0,100.0,1.0,0.25,atlas_exot_2018_06,IM11,1.6637794,1.4791704,0.0003384,0.0006605
/home/yoxara/Insync/DMSimp_vector_axial_pp_xxj_NLO_eff/Events/run_64/events_PYTHIA8_0.hepmc.gz,5.412,20000,Axial,DM+QCDjets,1200.0,100.0,1.0,0.25,atlas_exot_2018_06,IM12,1.0297843,0.8177266,0.0003384,0.0006605
/home/yoxara/Insync/DMSimp_vector_axial_pp_xxj_NLO_eff/Events/run_64/events_PYTHIA8_0.hepmc.gz,5.412,20000,Axial,DM+QCDjets,1200.0,100.0,1.0,0.25,atlas_exot_2018_06,EM0,16.8384057,18.7316792,0.0218274,0.0052472
/home/yoxara/Insync/DMSimp_vector_axial_pp_xxj_NLO_eff/Events/run_64/events_PYTHIA8_0.hepmc.gz,5.412,20000,Axial,DM+QCDjets,1200.0,100.0,1.0,0.25,atlas_exot_2018_06,EM1,7.1659755,7.0048239,0.0177665,0.0047438
/home/yoxara/Insync/DMSimp_vector_axial_pp_xxj_NLO_eff/Events/run_64/events_PYTHIA8_0.hepmc.gz,5.412,20000,Axial,DM+QCDjets,1200.0,100.0,1.0,0.25,atlas_exot_2018_06,EM2,4.1617201,4.1052408,0.0120135,0.0039122
/home/yoxara/Insync/DMSimp_vector_axial_pp_xxj_NLO_eff/Events/run_64/events_PYTHIA8_0.hepmc.gz,5.412,20000,Axial,DM+QCDjets,1200.0,100.0,1.0,0.25,atlas_exot_2018_06,EM3,2.6083549,3.1209592,0.0089679,0.0033853
/home/yoxara/Insync/DMSimp_vector_axial_pp_xxj_NLO_eff/Events/run_64/events_PYTHIA8_0.hepmc.gz,5.412,20000,Axial,DM+QCDjets,1200.0,100.0,1.0,0.25,atlas_exot_2018_06,EM4,2.530235,3.5689822,0.0069374,0.0029806
/home/yoxara/Insync/DMSimp_vector_axial_pp_xxj_NLO_eff/Events/run_64/events_PYTHIA8_0.hepmc.gz,5.412,20000,Axial,DM+QCDjets,1200.0,100.0,1.0,0.25,atlas_exot_2018_06,EM5,1.3523204,1.6374158,0.0045685,0.0024216
/home/yoxara/Insync/DMSimp_vector_axial_pp_xxj_NLO_eff/Events/run_64/events_PYTHIA8_0.hepmc.gz,5.412,20000,Axial,DM+QCDjets,1200.0,100.0,1.0,0.25,atlas_exot_2018_06,EM6,3.4416656,4.7688679,0.000846,0.0010441
/home/yoxara/Insync/DMSimp_vector_axial_pp_xxj_NLO_eff/Events/run_64/events_PYTHIA8_0.hepmc.gz,5.412,20000,Axial,DM+QCDjets,1200.0,100.0,1.0,0.25,atlas_exot_2018_06,EM7,0.6529194,0.9515933,0.0021997,0.0016823
/home/yoxara/Insync/DMSimp_vector_axial_pp_xxj_NLO_eff/Events/run_64/events_PYTHIA8_0.hepmc.gz,5.412,20000,Axial,DM+QCDjets,1200.0,100.0,1.0,0.25,atlas_exot_2018_06,EM8,0.9613597,1.0967183,0.000846,0.0010441
/home/yoxara/Insync/DMSimp_vector_axial_pp_xxj_NLO_eff/Events/run_64/events_PYTHIA8_0.hepmc.gz,5.412,20000,Axial,DM+QCDjets,1200.0,100.0,1.0,0.25,atlas_exot_2018_06,EM9,-1.0,-1.0,0.0,0.0
/home/yoxara/Insync/DMSimp_vector_axial_pp_xxj_NLO_eff/Events/run_64/events_PYTHIA8_0.hepmc.gz,5.412,20000,Axial,DM+QCDjets,1200.0,100.0,1.0,0.25,atlas_exot_2018_06,EM10,-1.0,-1.0,0.0,0.0
/home/yoxara/Insync/DMSimp_vector_axial_pp_xxj_NLO_eff/Events/run_64/events_PYTHIA8_0.hepmc.gz,5.412,20000,Axial,DM+QCDjets,1200.0,100.0,1.0,0.25,atlas_exot_2018_06,EM11,-1.0,-1.0,0.0,0.0
/home/yoxara/Insync/DMSimp_vector_axial_pp_xxj_NLO_eff/Events/run_64/events_PYTHIA8_0.hepmc.gz,5.412,20000,Axial,DM+QCDjets,1200.0,100.0,1.0,0.25,atlas_exot_2018_06,EM12,0.7511509,0.6021158,0.0003384,0.0006605
/home/yoxara/Insync/DMSimp_vector_axial_pp_xxj_NLO_eff/Events/run_65/events_PYTHIA8_0.hepmc.gz,5.069,20000,Axial,DM+QCDjets,1200.0,150.0,1.0,0.25,atlas_exot_2018_06,IM0,7.9177303,10.0627722,0.0712065,0.0090609
/home/yoxara/Insync/DMSimp_vector_axial_pp_xxj_NLO_eff/Events/run_65/events_PYTHIA8_0.hepmc.gz,5.069,20000,Axial,DM+QCDjets,1200.0,150.0,1.0,0.25,atlas_exot_2018_06,IM1,4.3112046,5.4069662,0.0525498,0.0078617
/home/yoxara/Insync/DMSimp_vector_axial_pp_xxj_NLO_eff/Events/run_65/events_PYTHIA8_0.hepmc.gz,5.069,20000,Axial,DM+QCDjets,1200.0,150.0,1.0,0.25,atlas_exot_2018_06,IM2,3.0352907,4.1731868,0.0373134,0.0066777
/home/yoxara/Insync/DMSimp_vector_axial_pp_xxj_NLO_eff/Events/run_65/events_PYTHIA8_0.hepmc.gz,5.069,20000,Axial,DM+QCDjets,1200.0,150.0,1.0,0.25,atlas_exot_2018_06,IM3,2.2365339,3.3104812,0.025342,0.0055373
/home/yoxara/Insync/DMSimp_vector_axial_pp_xxj_NLO_eff/Events/run_65/events_PYTHIA8_0.hepmc.gz,5.069,20000,Axial,DM+QCDjets,1200.0,150.0,1.0,0.25,atlas_exot_2018_06,IM4,1.8541212,2.9454335,0.0177239,0.0046489
/home/yoxara/Insync/DMSimp_vector_axial_pp_xxj_NLO_eff/Events/run_65/events_PYTHIA8_0.hepmc.gz,5.069,20000,Axial,DM+QCDjets,1200.0,150.0,1.0,0.25,atlas_exot_2018_06,IM5,2.0143056,3.0521458,0.0071517,0.0029689
/home/yoxara/Insync/DMSimp_vector_axial_pp_xxj_NLO_eff/Events/run_65/events_PYTHIA8_0.hepmc.gz,5.069,20000,Axial,DM+QCDjets,1200.0,150.0,1.0,0.25,atlas_exot_2018_06,IM6,2.129937,3.115025,0.0034204,0.0020571
/home/yoxara/Insync/DMSimp_vector_axial_pp_xxj_NLO_eff/Events/run_65/events_PYTHIA8_0.hepmc.gz,5.069,20000,Axial,DM+QCDjets,1200.0,150.0,1.0,0.25,atlas_exot_2018_06,IM7,1.9191137,2.2549226,0.0018657,0.0015204
/home/yoxara/Insync/DMSimp_vector_axial_pp_xxj_NLO_eff/Events/run_65/events_PYTHIA8_0.hepmc.gz,5.069,20000,Axial,DM+QCDjets,1200.0,150.0,1.0,0.25,atlas_exot_2018_06,IM8,1.6163711,1.7214938,0.0012438,0.0012418
/home/yoxara/Insync/DMSimp_vector_axial_pp_xxj_NLO_eff/Events/run_65/events_PYTHIA8_0.hepmc.gz,5.069,20000,Axial,DM+QCDjets,1200.0,150.0,1.0,0.25,atlas_exot_2018_06,IM9,1.6306669,1.535248,0.0007774,0.000982
/home/yoxara/Insync/DMSimp_vector_axial_pp_xxj_NLO_eff/Events/run_65/events_PYTHIA8_0.hepmc.gz,5.069,20000,Axial,DM+QCDjets,1200.0,150.0,1.0,0.25,atlas_exot_2018_06,IM10,1.5040628,2.3152334,0.0006219,0.0008784
/home/yoxara/Insync/DMSimp_vector_axial_pp_xxj_NLO_eff/Events/run_65/events_PYTHIA8_0.hepmc.gz,5.069,20000,Axial,DM+QCDjets,1200.0,150.0,1.0,0.25,atlas_exot_2018_06,IM11,1.2175426,1.0798058,0.0004664,0.0007607
/home/yoxara/Insync/DMSimp_vector_axial_pp_xxj_NLO_eff/Events/run_65/events_PYTHIA8_0.hepmc.gz,5.069,20000,Axial,DM+QCDjets,1200.0,150.0,1.0,0.25,atlas_exot_2018_06,IM12,2.2463582,1.790177,0.0001555,0.0004393
/home/yoxara/Insync/DMSimp_vector_axial_pp_xxj_NLO_eff/Events/run_65/events_PYTHIA8_0.hepmc.gz,5.069,20000,Axial,DM+QCDjets,1200.0,150.0,1.0,0.25,atlas_exot_2018_06,EM0,19.7149396,21.9789745,0.0186567,0.0047674
/home/yoxara/Insync/DMSimp_vector_axial_pp_xxj_NLO_eff/Events/run_65/events_PYTHIA8_0.hepmc.gz,5.069,20000,Axial,DM+QCDjets,1200.0,150.0,1.0,0.25,atlas_exot_2018_06,EM1,8.3844857,8.1459081,0.0152363,0.0043158
/home/yoxara/Insync/DMSimp_vector_axial_pp_xxj_NLO_eff/Events/run_65/events_PYTHIA8_0.hepmc.gz,5.069,20000,Axial,DM+QCDjets,1200.0,150.0,1.0,0.25,atlas_exot_2018_06,EM2,4.170366,4.1515797,0.0119714,0.0038319
/home/yoxara/Insync/DMSimp_vector_axial_pp_xxj_NLO_eff/Events/run_65/events_PYTHIA8_0.hepmc.gz,5.069,20000,Axial,DM+QCDjets,1200.0,150.0,1.0,0.25,atlas_exot_2018_06,EM3,3.032899,3.6881145,0.0076182,0.0030635
/home/yoxara/Insync/DMSimp_vector_axial_pp_xxj_NLO_eff/Events/run_65/events_PYTHIA8_0.hepmc.gz,5.069,20000,Axial,DM+QCDjets,1200.0,150.0,1.0,0.25,atlas_exot_2018_06,EM4,1.6510184,2.3328856,0.0105721,0.0036035
/home/yoxara/Insync/DMSimp_vector_axial_pp_xxj_NLO_eff/Events/run_65/events_PYTHIA8_0.hepmc.gz,5.069,20000,Axial,DM+QCDjets,1200.0,150.0,1.0,0.25,atlas_exot_2018_06,EM5,1.6437459,2.0026778,0.0037313,0.0021482
/home/yoxara/Insync/DMSimp_vector_axial_pp_xxj_NLO_eff/Events/run_65/events_PYTHIA8_0.hepmc.gz,5.069,20000,Axial,DM+QCDjets,1200.0,150.0,1.0,0.25,atlas_exot_2018_06,EM6,1.87365,2.5908509,0.0015547,0.0013882
/home/yoxara/Insync/DMSimp_vector_axial_pp_xxj_NLO_eff/Events/run_65/events_PYTHIA8_0.hepmc.gz,5.069,20000,Axial,DM+QCDjets,1200.0,150.0,1.0,0.25,atlas_exot_2018_06,EM7,2.3191863,3.3736815,0.0006219,0.0008784
/home/yoxara/Insync/DMSimp_vector_axial_pp_xxj_NLO_eff/Events/run_65/events_PYTHIA8_0.hepmc.gz,5.069,20000,Axial,DM+QCDjets,1200.0,150.0,1.0,0.25,atlas_exot_2018_06,EM8,1.7362539,1.9899262,0.0004664,0.0007607
/home/yoxara/Insync/DMSimp_vector_axial_pp_xxj_NLO_eff/Events/run_65/events_PYTHIA8_0.hepmc.gz,5.069,20000,Axial,DM+QCDjets,1200.0,150.0,1.0,0.25,atlas_exot_2018_06,EM9,3.1395419,2.6904776,0.0001555,0.0004393
/home/yoxara/Insync/DMSimp_vector_axial_pp_xxj_NLO_eff/Events/run_65/events_PYTHIA8_0.hepmc.gz,5.069,20000,Axial,DM+QCDjets,1200.0,150.0,1.0,0.25,atlas_exot_2018_06,EM10,2.0069364,4.2898216,0.0001555,0.0004393
/home/yoxara/Insync/DMSimp_vector_axial_pp_xxj_NLO_eff/Events/run_65/events_PYTHIA8_0.hepmc.gz,5.069,20000,Axial,DM+QCDjets,1200.0,150.0,1.0,0.25,atlas_exot_2018_06,EM11,0.7062078,0.7905472,0.0003109,0.0006212
/home/yoxara/Insync/DMSimp_vector_axial_pp_xxj_NLO_eff/Events/run_65/events_PYTHIA8_0.hepmc.gz,5.069,20000,Axial,DM+QCDjets,1200.0,150.0,1.0,0.25,atlas_exot_2018_06,EM12,1.6440881,1.31,0.0001555,0.0004393
/home/yoxara/Insync/DMSimp_vector_axial_pp_xxj_NLO_eff/Events/run_66/events_PYTHIA8_0.hepmc.gz,4.75,20000,Axial,DM+QCDjets,1200.0,200.0,1.0,0.25,atlas_exot_2018_06,IM0,7.6354826,9.6983991,0.0740617,0.009854
/home/yoxara/Insync/DMSimp_vector_axial_pp_xxj_NLO_eff/Events/run_66/events_PYTHIA8_0.hepmc.gz,4.75,20000,Axial,DM+QCDjets,1200.0,200.0,1.0,0.25,atlas_exot_2018_06,IM1,4.237181,5.3090429,0.0534518,0.008464
/home/yoxara/Insync/DMSimp_vector_axial_pp_xxj_NLO_eff/Events/run_66/events_PYTHIA8_0.hepmc.gz,4.75,20000,Axial,DM+QCDjets,1200.0,200.0,1.0,0.25,atlas_exot_2018_06,IM2,2.6748273,3.6583157,0.0425603,0.007596
/home/yoxara/Insync/DMSimp_vector_axial_pp_xxj_NLO_eff/Events/run_66/events_PYTHIA8_0.hepmc.gz,4.75,20000,Axial,DM+QCDjets,1200.0,200.0,1.0,0.25,atlas_exot_2018_06,IM3,1.9533597,2.8758785,0.0291555,0.0063308
/home/yoxara/Insync/DMSimp_vector_axial_pp_xxj_NLO_eff/Events/run_66/events_PYTHIA8_0.hepmc.gz,4.75,20000,Axial,DM+QCDjets,1200.0,200.0,1.0,0.25,atlas_exot_2018_06,IM4,1.4880961,2.365183,0.022118,0.005534
/home/yoxara/Insync/DMSimp_vector_axial_pp_xxj_NLO_eff/Events/run_66/events_PYTHIA8_0.hepmc.gz,4.75,20000,Axial,DM+QCDjets,1200.0,200.0,1.0,0.25,atlas_exot_2018_06,IM5,1.3888682,2.1031752,0.0103887,0.0038154
/home/yoxara/Insync/DMSimp_vector_axial_pp_xxj_NLO_eff/Events/run_66/events_PYTHIA8_0.hepmc.gz,4.75,20000,Axial,DM+QCDjets,1200.0,200.0,1.0,0.25,atlas_exot_2018_06,IM6,1.3219522,1.9334135,0.0055295,0.0027904
/home/yoxara/Insync/DMSimp_vector_axial_pp_xxj_NLO_eff/Events/run_66/events_PYTHIA8_0.hepmc.gz,4.75,20000,Axial,DM+QCDjets,1200.0,200.0,1.0,0.25,atlas_exot_2018_06,IM7,1.1867401,1.4065351,0.0030161,0.0020634
/home/yoxara/Insync/DMSimp_vector_axial_pp_xxj_NLO_eff/Events/run_66/events_PYTHIA8_0.hepmc.gz,4.75,20000,Axial,DM+QCDjets,1200.0,200.0,1.0,0.25,atlas_exot_2018_06,IM8,0.7952106,0.8513267,0.0025134,0.0018841
/home/yoxara/Insync/DMSimp_vector_axial_pp_xxj_NLO_eff/Events/run_66/events_PYTHIA8_0.hepmc.gz,4.75,20000,Axial,DM+QCDjets,1200.0,200.0,1.0,0.25,atlas_exot_2018_06,IM9,1.2597085,1.1868277,0.0010054,0.0011925
/home/yoxara/Insync/DMSimp_vector_axial_pp_xxj_NLO_eff/Events/run_66/events_PYTHIA8_0.hepmc.gz,4.75,20000,Axial,DM+QCDjets,1200.0,200.0,1.0,0.25,atlas_exot_2018_06,IM10,5.5782101,8.6111039,0.0001676,0.0004871
/home/yoxara/Insync/DMSimp_vector_axial_pp_xxj_NLO_eff/Events/run_66/events_PYTHIA8_0.hepmc.gz,4.75,20000,Axial,DM+QCDjets,1200.0,200.0,1.0,0.25,atlas_exot_2018_06,IM11,3.3690206,3.0265745,0.0001676,0.0004871
/home/yoxara/Insync/DMSimp_vector_axial_pp_xxj_NLO_eff/Events/run_66/events_PYTHIA8_0.hepmc.gz,4.75,20000,Axial,DM+QCDjets,1200.0,200.0,1.0,0.25,atlas_exot_2018_06,IM12,2.0768981,1.6589092,0.0001676,0.0004871
/home/yoxara/Insync/DMSimp_vector_axial_pp_xxj_NLO_eff/Events/run_66/events_PYTHIA8_0.hepmc.gz,4.75,20000,Axial,DM+QCDjets,1200.0,200.0,1.0,0.25,atlas_exot_2018_06,EM0,17.8879278,19.9078333,0.0206099,0.0053462
/home/yoxara/Insync/DMSimp_vector_axial_pp_xxj_NLO_eff/Events/run_66/events_PYTHIA8_0.hepmc.gz,4.75,20000,Axial,DM+QCDjets,1200.0,200.0,1.0,0.25,atlas_exot_2018_06,EM1,11.7443888,11.4230843,0.0108914,0.0039056
/home/yoxara/Insync/DMSimp_vector_axial_pp_xxj_NLO_eff/Events/run_66/events_PYTHIA8_0.hepmc.gz,4.75,20000,Axial,DM+QCDjets,1200.0,200.0,1.0,0.25,atlas_exot_2018_06,EM2,3.7264961,3.7016055,0.0134048,0.0043274
/home/yoxara/Insync/DMSimp_vector_axial_pp_xxj_NLO_eff/Events/run_66/events_PYTHIA8_0.hepmc.gz,4.75,20000,Axial,DM+QCDjets,1200.0,200.0,1.0,0.25,atlas_exot_2018_06,EM3,3.2912052,3.98792,0.0070375,0.0031456
/home/yoxara/Insync/DMSimp_vector_axial_pp_xxj_NLO_eff/Events/run_66/events_PYTHIA8_0.hepmc.gz,4.75,20000,Axial,DM+QCDjets,1200.0,200.0,1.0,0.25,atlas_exot_2018_06,EM4,1.4965183,2.1050676,0.0117292,0.0040513
/home/yoxara/Insync/DMSimp_vector_axial_pp_xxj_NLO_eff/Events/run_66/events_PYTHIA8_0.hepmc.gz,4.75,20000,Axial,DM+QCDjets,1200.0,200.0,1.0,0.25,atlas_exot_2018_06,EM5,1.260794,1.5418877,0.0048593,0.0026167
/home/yoxara/Insync/DMSimp_vector_axial_pp_xxj_NLO_eff/Events/run_66/events_PYTHIA8_0.hepmc.gz,4.75,20000,Axial,DM+QCDjets,1200.0,200.0,1.0,0.25,atlas_exot_2018_06,EM6,1.1568229,1.6043095,0.0025134,0.0018841
/home/yoxara/Insync/DMSimp_vector_axial_pp_xxj_NLO_eff/Events/run_66/events_PYTHIA8_0.hepmc.gz,4.75,20000,Axial,DM+QCDjets,1200.0,200.0,1.0,0.25,atlas_exot_2018_06,EM7,2.8504049,4.1734788,0.0005027,0.0008435
/home/yoxara/Insync/DMSimp_vector_axial_pp_xxj_NLO_eff/Events/run_66/events_PYTHIA8_0.hepmc.gz,4.75,20000,Axial,DM+QCDjets,1200.0,200.0,1.0,0.25,atlas_exot_2018_06,EM8,0.5356992,0.6157526,0.001508,0.0014602
/home/yoxara/Insync/DMSimp_vector_axial_pp_xxj_NLO_eff/Events/run_66/events_PYTHIA8_0.hepmc.gz,4.75,20000,Axial,DM+QCDjets,1200.0,200.0,1.0,0.25,atlas_exot_2018_06,EM9,0.5881295,0.4994349,0.0008378,0.0010887
/home/yoxara/Insync/DMSimp_vector_axial_pp_xxj_NLO_eff/Events/run_66/events_PYTHIA8_0.hepmc.gz,4.75,20000,Axial,DM+QCDjets,1200.0,200.0,1.0,0.25,atlas_exot_2018_06,EM10,-1.0,-1.0,0.0,0.0
/home/yoxara/Insync/DMSimp_vector_axial_pp_xxj_NLO_eff/Events/run_66/events_PYTHIA8_0.hepmc.gz,4.75,20000,Axial,DM+QCDjets,1200.0,200.0,1.0,0.25,atlas_exot_2018_06,EM11,-1.0,-1.0,0.0,0.0
/home/yoxara/Insync/DMSimp_vector_axial_pp_xxj_NLO_eff/Events/run_66/events_PYTHIA8_0.hepmc.gz,4.75,20000,Axial,DM+QCDjets,1200.0,200.0,1.0,0.25,atlas_exot_2018_06,EM12,1.5170942,1.2174436,0.0001676,0.0004871
/home/yoxara/Insync/DMSimp_vector_axial_pp_xxj_NLO_eff/Events/run_67/events_PYTHIA8_0.hepmc.gz,4.466,20000,Axial,DM+QCDjets,1200.0,250.0,1.0,0.25,atlas_exot_2018_06,IM0,7.6030559,9.6408235,0.0739015,0.010207
/home/yoxara/Insync/DMSimp_vector_axial_pp_xxj_NLO_eff/Events/run_67/events_PYTHIA8_0.hepmc.gz,4.466,20000,Axial,DM+QCDjets,1200.0,250.0,1.0,0.25,atlas_exot_2018_06,IM1,3.896504,4.8868263,0.0580893,0.0091263
/home/yoxara/Insync/DMSimp_vector_axial_pp_xxj_NLO_eff/Events/run_67/events_PYTHIA8_0.hepmc.gz,4.466,20000,Axial,DM+QCDjets,1200.0,250.0,1.0,0.25,atlas_exot_2018_06,IM2,2.572684,3.5435584,0.0439414,0.0079969
/home/yoxara/Insync/DMSimp_vector_axial_pp_xxj_NLO_eff/Events/run_67/events_PYTHIA8_0.hepmc.gz,4.466,20000,Axial,DM+QCDjets,1200.0,250.0,1.0,0.25,atlas_exot_2018_06,IM3,1.9025278,2.7941624,0.0299601,0.0066514
/home/yoxara/Insync/DMSimp_vector_axial_pp_xxj_NLO_eff/Events/run_67/events_PYTHIA8_0.hepmc.gz,4.466,20000,Axial,DM+QCDjets,1200.0,250.0,1.0,0.25,atlas_exot_2018_06,IM4,1.5781203,2.5130136,0.0208056,0.0055689
/home/yoxara/Insync/DMSimp_vector_axial_pp_xxj_NLO_eff/Events/run_67/events_PYTHIA8_0.hepmc.gz,4.466,20000,Axial,DM+QCDjets,1200.0,250.0,1.0,0.25,atlas_exot_2018_06,IM5,1.3720509,2.0836222,0.010486,0.0039743
/home/yoxara/Insync/DMSimp_vector_axial_pp_xxj_NLO_eff/Events/run_67/events_PYTHIA8_0.hepmc.gz,4.466,20000,Axial,DM+QCDjets,1200.0,250.0,1.0,0.25,atlas_exot_2018_06,IM6,1.2171548,1.7751472,0.005992,0.0030111
/home/yoxara/Insync/DMSimp_vector_axial_pp_xxj_NLO_eff/Events/run_67/events_PYTHIA8_0.hepmc.gz,4.466,20000,Axial,DM+QCDjets,1200.0,250.0,1.0,0.25,atlas_exot_2018_06,IM7,1.1412895,1.3338058,0.0031625,0.0021906
/home/yoxara/Insync/DMSimp_vector_axial_pp_xxj_NLO_eff/Events/run_67/events_PYTHIA8_0.hepmc.gz,4.466,20000,Axial,DM+QCDjets,1200.0,250.0,1.0,0.25,atlas_exot_2018_06,IM8,1.7181487,1.8359489,0.0011651,0.001331
/home/yoxara/Insync/DMSimp_vector_axial_pp_xxj_NLO_eff/Events/run_67/events_PYTHIA8_0.hepmc.gz,4.466,20000,Axial,DM+QCDjets,1200.0,250.0,1.0,0.25,atlas_exot_2018_06,IM9,1.264814,1.1980972,0.0009987,0.0012324
/home/yoxara/Insync/DMSimp_vector_axial_pp_xxj_NLO_eff/Events/run_67/events_PYTHIA8_0.hepmc.gz,4.466,20000,Axial,DM+QCDjets,1200.0,250.0,1.0,0.25,atlas_exot_2018_06,IM10,2.8006316,4.3396876,0.0003329,0.0007117
/home/yoxara/Insync/DMSimp_vector_axial_pp_xxj_NLO_eff/Events/run_67/events_PYTHIA8_0.hepmc.gz,4.466,20000,Axial,DM+QCDjets,1200.0,250.0,1.0,0.25,atlas_exot_2018_06,IM11,3.3794937,3.0154576,0.0001664,0.0005033
/home/yoxara/Insync/DMSimp_vector_axial_pp_xxj_NLO_eff/Events/run_67/events_PYTHIA8_0.hepmc.gz,4.466,20000,Axial,DM+QCDjets,1200.0,250.0,1.0,0.25,atlas_exot_2018_06,IM12,2.0913377,1.6548857,0.0001664,0.0005033
/home/yoxara/Insync/DMSimp_vector_axial_pp_xxj_NLO_eff/Events/run_67/events_PYTHIA8_0.hepmc.gz,4.466,20000,Axial,DM+QCDjets,1200.0,250.0,1.0,0.25,atlas_exot_2018_06,EM0,23.1500317,26.0359812,0.0158123,0.0048672
/home/yoxara/Insync/DMSimp_vector_axial_pp_xxj_NLO_eff/Events/run_67/events_PYTHIA8_0.hepmc.gz,4.466,20000,Axial,DM+QCDjets,1200.0,250.0,1.0,0.25,atlas_exot_2018_06,EM1,9.0094362,8.7767783,0.0141478,0.0046078
/home/yoxara/Insync/DMSimp_vector_axial_pp_xxj_NLO_eff/Events/run_67/events_PYTHIA8_0.hepmc.gz,4.466,20000,Axial,DM+QCDjets,1200.0,250.0,1.0,0.25,atlas_exot_2018_06,EM2,3.5711707,3.5591295,0.0139814,0.004581
/home/yoxara/Insync/DMSimp_vector_axial_pp_xxj_NLO_eff/Events/run_67/events_PYTHIA8_0.hepmc.gz,4.466,20000,Axial,DM+QCDjets,1200.0,250.0,1.0,0.25,atlas_exot_2018_06,EM3,2.5321782,3.067739,0.0091545,0.0037159
/home/yoxara/Insync/DMSimp_vector_axial_pp_xxj_NLO_eff/Events/run_67/events_PYTHIA8_0.hepmc.gz,4.466,20000,Axial,DM+QCDjets,1200.0,250.0,1.0,0.25,atlas_exot_2018_06,EM4,1.6962368,2.3877808,0.0103196,0.003943
/home/yoxara/Insync/DMSimp_vector_axial_pp_xxj_NLO_eff/Events/run_67/events_PYTHIA8_0.hepmc.gz,4.466,20000,Axial,DM+QCDjets,1200.0,250.0,1.0,0.25,atlas_exot_2018_06,EM5,1.3622221,1.6618461,0.004494,0.0026097
/home/yoxara/Insync/DMSimp_vector_axial_pp_xxj_NLO_eff/Events/run_67/events_PYTHIA8_0.hepmc.gz,4.466,20000,Axial,DM+QCDjets,1200.0,250.0,1.0,0.25,atlas_exot_2018_06,EM6,1.0268239,1.4242872,0.0028296,0.0020725
/home/yoxara/Insync/DMSimp_vector_axial_pp_xxj_NLO_eff/Events/run_67/events_PYTHIA8_0.hepmc.gz,4.466,20000,Axial,DM+QCDjets,1200.0,250.0,1.0,0.25,atlas_exot_2018_06,EM7,0.718911,1.0500582,0.0019973,0.001742
/home/yoxara/Insync/DMSimp_vector_axial_pp_xxj_NLO_eff/Events/run_67/events_PYTHIA8_0.hepmc.gz,4.466,20000,Axial,DM+QCDjets,1200.0,250.0,1.0,0.25,atlas_exot_2018_06,EM8,4.877076,5.5858024,0.0001664,0.0005033
/home/yoxara/Insync/DMSimp_vector_axial_pp_xxj_NLO_eff/Events/run_67/events_PYTHIA8_0.hepmc.gz,4.466,20000,Axial,DM+QCDjets,1200.0,250.0,1.0,0.25,atlas_exot_2018_06,EM9,0.7329836,0.6237038,0.0006658,0.0010064
/home/yoxara/Insync/DMSimp_vector_axial_pp_xxj_NLO_eff/Events/run_67/events_PYTHIA8_0.hepmc.gz,4.466,20000,Axial,DM+QCDjets,1200.0,250.0,1.0,0.25,atlas_exot_2018_06,EM10,1.8843182,4.0151266,0.0001664,0.0005033
/home/yoxara/Insync/DMSimp_vector_axial_pp_xxj_NLO_eff/Events/run_67/events_PYTHIA8_0.hepmc.gz,4.466,20000,Axial,DM+QCDjets,1200.0,250.0,1.0,0.25,atlas_exot_2018_06,EM11,-1.0,-1.0,0.0,0.0
/home/yoxara/Insync/DMSimp_vector_axial_pp_xxj_NLO_eff/Events/run_67/events_PYTHIA8_0.hepmc.gz,4.466,20000,Axial,DM+QCDjets,1200.0,250.0,1.0,0.25,atlas_exot_2018_06,EM12,1.5307604,1.2379327,0.0001664,0.0005033
/home/yoxara/Insync/DMSimp_vector_axial_pp_xxj_NLO_eff/Events/run_68/events_PYTHIA8_0.hepmc.gz,4.129,20000,Axial,DM+QCDjets,1200.0,300.0,1.0,0.25,atlas_exot_2018_06,IM0,7.4684889,9.4954321,0.0756385,0.0108362
/home/yoxara/Insync/DMSimp_vector_axial_pp_xxj_NLO_eff/Events/run_68/events_PYTHIA8_0.hepmc.gz,4.129,20000,Axial,DM+QCDjets,1200.0,300.0,1.0,0.25,atlas_exot_2018_06,IM1,3.9394418,4.958199,0.0574656,0.0095376
/home/yoxara/Insync/DMSimp_vector_axial_pp_xxj_NLO_eff/Events/run_68/events_PYTHIA8_0.hepmc.gz,4.129,20000,Axial,DM+QCDjets,1200.0,300.0,1.0,0.25,atlas_exot_2018_06,IM2,2.7819712,3.83654,0.0406025,0.0080884
/home/yoxara/Insync/DMSimp_vector_axial_pp_xxj_NLO_eff/Events/run_68/events_PYTHIA8_0.hepmc.gz,4.129,20000,Axial,DM+QCDjets,1200.0,300.0,1.0,0.25,atlas_exot_2018_06,IM3,1.8696115,2.7570548,0.0304519,0.0070417
/home/yoxara/Insync/DMSimp_vector_axial_pp_xxj_NLO_eff/Events/run_68/events_PYTHIA8_0.hepmc.gz,4.129,20000,Axial,DM+QCDjets,1200.0,300.0,1.0,0.25,atlas_exot_2018_06,IM4,1.5421311,2.4526234,0.0212836,0.0059148
/home/yoxara/Insync/DMSimp_vector_axial_pp_xxj_NLO_eff/Events/run_68/events_PYTHIA8_0.hepmc.gz,4.129,20000,Axial,DM+QCDjets,1200.0,300.0,1.0,0.25,atlas_exot_2018_06,IM5,1.4237379,2.1528386,0.0101506,0.0041079
/home/yoxara/Insync/DMSimp_vector_axial_pp_xxj_NLO_eff/Events/run_68/events_PYTHIA8_0.hepmc.gz,4.129,20000,Axial,DM+QCDjets,1200.0,300.0,1.0,0.25,atlas_exot_2018_06,IM6,1.4396885,2.1000345,0.0050753,0.0029121
/home/yoxara/Insync/DMSimp_vector_axial_pp_xxj_NLO_eff/Events/run_68/events_PYTHIA8_0.hepmc.gz,4.129,20000,Axial,DM+QCDjets,1200.0,300.0,1.0,0.25,atlas_exot_2018_06,IM7,1.4607529,1.7162877,0.0024558,0.0020284
/home/yoxara/Insync/DMSimp_vector_axial_pp_xxj_NLO_eff/Events/run_68/events_PYTHIA8_0.hepmc.gz,4.129,20000,Axial,DM+QCDjets,1200.0,300.0,1.0,0.25,atlas_exot_2018_06,IM8,3.0805562,3.2568475,0.0006549,0.0010484
/home/yoxara/Insync/DMSimp_vector_axial_pp_xxj_NLO_eff/Events/run_68/events_PYTHIA8_0.hepmc.gz,4.129,20000,Axial,DM+QCDjets,1200.0,300.0,1.0,0.25,atlas_exot_2018_06,IM9,3.8623731,3.649449,0.0003274,0.0007414
/home/yoxara/Insync/DMSimp_vector_axial_pp_xxj_NLO_eff/Events/run_68/events_PYTHIA8_0.hepmc.gz,4.129,20000,Axial,DM+QCDjets,1200.0,300.0,1.0,0.25,atlas_exot_2018_06,IM10,5.7005588,8.791641,0.0001637,0.0005243
/home/yoxara/Insync/DMSimp_vector_axial_pp_xxj_NLO_eff/Events/run_68/events_PYTHIA8_0.hepmc.gz,4.129,20000,Axial,DM+QCDjets,1200.0,300.0,1.0,0.25,atlas_exot_2018_06,IM11,-1.0,-1.0,0.0,0.0
/home/yoxara/Insync/DMSimp_vector_axial_pp_xxj_NLO_eff/Events/run_68/events_PYTHIA8_0.hepmc.gz,4.129,20000,Axial,DM+QCDjets,1200.0,300.0,1.0,0.25,atlas_exot_2018_06,IM12,-1.0,-1.0,0.0,0.0
/home/yoxara/Insync/DMSimp_vector_axial_pp_xxj_NLO_eff/Events/run_68/events_PYTHIA8_0.hepmc.gz,4.129,20000,Axial,DM+QCDjets,1200.0,300.0,1.0,0.25,atlas_exot_2018_06,EM0,20.1869816,22.616193,0.0181729,0.0054741
/home/yoxara/Insync/DMSimp_vector_axial_pp_xxj_NLO_eff/Events/run_68/events_PYTHIA8_0.hepmc.gz,4.129,20000,Axial,DM+QCDjets,1200.0,300.0,1.0,0.25,atlas_exot_2018_06,EM1,7.5278611,7.3600025,0.0168631,0.0052767
/home/yoxara/Insync/DMSimp_vector_axial_pp_xxj_NLO_eff/Events/run_68/events_PYTHIA8_0.hepmc.gz,4.129,20000,Axial,DM+QCDjets,1200.0,300.0,1.0,0.25,atlas_exot_2018_06,EM2,4.9560137,4.8984691,0.0101506,0.0041079
/home/yoxara/Insync/DMSimp_vector_axial_pp_xxj_NLO_eff/Events/run_68/events_PYTHIA8_0.hepmc.gz,4.129,20000,Axial,DM+QCDjets,1200.0,300.0,1.0,0.25,atlas_exot_2018_06,EM3,2.5320711,3.0593681,0.0091683,0.003906
/home/yoxara/Insync/DMSimp_vector_axial_pp_xxj_NLO_eff/Events/run_68/events_PYTHIA8_0.hepmc.gz,4.129,20000,Axial,DM+QCDjets,1200.0,300.0,1.0,0.25,atlas_exot_2018_06,EM4,1.5713629,2.2199656,0.0111329,0.0042999
/home/yoxara/Insync/DMSimp_vector_axial_pp_xxj_NLO_eff/Events/run_68/events_PYTHIA8_0.hepmc.gz,4.129,20000,Axial,DM+QCDjets,1200.0,300.0,1.0,0.25,atlas_exot_2018_06,EM5,1.2072664,1.4740125,0.0050753,0.0029121
/home/yoxara/Insync/DMSimp_vector_axial_pp_xxj_NLO_eff/Events/run_68/events_PYTHIA8_0.hepmc.gz,4.129,20000,Axial,DM+QCDjets,1200.0,300.0,1.0,0.25,atlas_exot_2018_06,EM6,1.1089444,1.5404416,0.0026195,0.0020947
/home/yoxara/Insync/DMSimp_vector_axial_pp_xxj_NLO_eff/Events/run_68/events_PYTHIA8_0.hepmc.gz,4.129,20000,Axial,DM+QCDjets,1200.0,300.0,1.0,0.25,atlas_exot_2018_06,EM7,0.7940555,1.1659102,0.0018009,0.0017376
/home/yoxara/Insync/DMSimp_vector_axial_pp_xxj_NLO_eff/Events/run_68/events_PYTHIA8_0.hepmc.gz,4.129,20000,Axial,DM+QCDjets,1200.0,300.0,1.0,0.25,atlas_exot_2018_06,EM8,2.4893618,2.8541178,0.0003274,0.0007414
/home/yoxara/Insync/DMSimp_vector_axial_pp_xxj_NLO_eff/Events/run_68/events_PYTHIA8_0.hepmc.gz,4.129,20000,Axial,DM+QCDjets,1200.0,300.0,1.0,0.25,atlas_exot_2018_06,EM9,2.9938202,2.5299559,0.0001637,0.0005243
/home/yoxara/Insync/DMSimp_vector_axial_pp_xxj_NLO_eff/Events/run_68/events_PYTHIA8_0.hepmc.gz,4.129,20000,Axial,DM+QCDjets,1200.0,300.0,1.0,0.25,atlas_exot_2018_06,EM10,1.9121018,4.0840895,0.0001637,0.0005243
/home/yoxara/Insync/DMSimp_vector_axial_pp_xxj_NLO_eff/Events/run_68/events_PYTHIA8_0.hepmc.gz,4.129,20000,Axial,DM+QCDjets,1200.0,300.0,1.0,0.25,atlas_exot_2018_06,EM11,1.3426148,1.5051133,0.0001637,0.0005243
/home/yoxara/Insync/DMSimp_vector_axial_pp_xxj_NLO_eff/Events/run_68/events_PYTHIA8_0.hepmc.gz,4.129,20000,Axial,DM+QCDjets,1200.0,300.0,1.0,0.25,atlas_exot_2018_06,EM12,-1.0,-1.0,0.0,0.0
/home/yoxara/Insync/DMSimp_vector_axial_pp_xxj_NLO_eff/Events/run_69/events_PYTHIA8_0.hepmc.gz,3.721,20000,Axial,DM+QCDjets,1200.0,350.0,1.0,0.25,atlas_exot_2018_06,IM0,7.4899257,9.4888245,0.0755302,0.0115759
/home/yoxara/Insync/DMSimp_vector_axial_pp_xxj_NLO_eff/Events/run_69/events_PYTHIA8_0.hepmc.gz,3.721,20000,Axial,DM+QCDjets,1200.0,350.0,1.0,0.25,atlas_exot_2018_06,IM1,4.2051173,5.2865247,0.0538336,0.0098869
/home/yoxara/Insync/DMSimp_vector_axial_pp_xxj_NLO_eff/Events/run_69/events_PYTHIA8_0.hepmc.gz,3.721,20000,Axial,DM+QCDjets,1200.0,350.0,1.0,0.25,atlas_exot_2018_06,IM2,2.9130982,3.9853394,0.0389886,0.0084797
/home/yoxara/Insync/DMSimp_vector_axial_pp_xxj_NLO_eff/Events/run_69/events_PYTHIA8_0.hepmc.gz,3.721,20000,Axial,DM+QCDjets,1200.0,350.0,1.0,0.25,atlas_exot_2018_06,IM3,2.1197257,3.1118859,0.0269168,0.0070898
/home/yoxara/Insync/DMSimp_vector_axial_pp_xxj_NLO_eff/Events/run_69/events_PYTHIA8_0.hepmc.gz,3.721,20000,Axial,DM+QCDjets,1200.0,350.0,1.0,0.25,atlas_exot_2018_06,IM4,1.7675537,2.8095244,0.0185971,0.0059183
/home/yoxara/Insync/DMSimp_vector_axial_pp_xxj_NLO_eff/Events/run_69/events_PYTHIA8_0.hepmc.gz,3.721,20000,Axial,DM+QCDjets,1200.0,350.0,1.0,0.25,atlas_exot_2018_06,IM5,1.296398,1.9728516,0.011093,0.0045883
/home/yoxara/Insync/DMSimp_vector_axial_pp_xxj_NLO_eff/Events/run_69/events_PYTHIA8_0.hepmc.gz,3.721,20000,Axial,DM+QCDjets,1200.0,350.0,1.0,0.25,atlas_exot_2018_06,IM6,1.3089348,1.918096,0.0055465,0.0032535
/home/yoxara/Insync/DMSimp_vector_axial_pp_xxj_NLO_eff/Events/run_69/events_PYTHIA8_0.hepmc.gz,3.721,20000,Axial,DM+QCDjets,1200.0,350.0,1.0,0.25,atlas_exot_2018_06,IM7,-1.0,1.1871684,0.0035889,0.0026197
/home/yoxara/Insync/DMSimp_vector_axial_pp_xxj_NLO_eff/Events/run_69/events_PYTHIA8_0.hepmc.gz,3.721,20000,Axial,DM+QCDjets,1200.0,350.0,1.0,0.25,atlas_exot_2018_06,IM8,0.8192973,0.8756875,0.002447,0.0021644
/home/yoxara/Insync/DMSimp_vector_axial_pp_xxj_NLO_eff/Events/run_69/events_PYTHIA8_0.hepmc.gz,3.721,20000,Axial,DM+QCDjets,1200.0,350.0,1.0,0.25,atlas_exot_2018_06,IM9,0.9720675,0.9181858,0.0013051,0.0015815
/home/yoxara/Insync/DMSimp_vector_axial_pp_xxj_NLO_eff/Events/run_69/events_PYTHIA8_0.hepmc.gz,3.721,20000,Axial,DM+QCDjets,1200.0,350.0,1.0,0.25,atlas_exot_2018_06,IM10,1.1477066,1.7639886,0.0008157,0.0012506
/home/yoxara/Insync/DMSimp_vector_axial_pp_xxj_NLO_eff/Events/run_69/events_PYTHIA8_0.hepmc.gz,3.721,20000,Axial,DM+QCDjets,1200.0,350.0,1.0,0.25,atlas_exot_2018_06,IM11,1.1474891,1.0290397,0.0004894,0.0009689
/home/yoxara/Insync/DMSimp_vector_axial_pp_xxj_NLO_eff/Events/run_69/events_PYTHIA8_0.hepmc.gz,3.721,20000,Axial,DM+QCDjets,1200.0,350.0,1.0,0.25,atlas_exot_2018_06,IM12,2.1369037,1.6885891,0.0001631,0.0005595
/home/yoxara/Insync/DMSimp_vector_axial_pp_xxj_NLO_eff/Events/run_69/events_PYTHIA8_0.hepmc.gz,3.721,20000,Axial,DM+QCDjets,1200.0,350.0,1.0,0.25,atlas_exot_2018_06,EM0,16.9652721,18.921952,0.0216966,0.0063824
/home/yoxara/Insync/DMSimp_vector_axial_pp_xxj_NLO_eff/Events/run_69/events_PYTHIA8_0.hepmc.gz,3.721,20000,Axial,DM+QCDjets,1200.0,350.0,1.0,0.25,atlas_exot_2018_06,EM1,8.5762339,8.4163192,0.014845,0.0052977
/home/yoxara/Insync/DMSimp_vector_axial_pp_xxj_NLO_eff/Events/run_69/events_PYTHIA8_0.hepmc.gz,3.721,20000,Axial,DM+QCDjets,1200.0,350.0,1.0,0.25,atlas_exot_2018_06,EM2,4.1599694,4.1015267,0.0120718,0.0047841
/home/yoxara/Insync/DMSimp_vector_axial_pp_xxj_NLO_eff/Events/run_69/events_PYTHIA8_0.hepmc.gz,3.721,20000,Axial,DM+QCDjets,1200.0,350.0,1.0,0.25,atlas_exot_2018_06,EM3,2.8011879,3.36247,0.0083197,0.0039791
/home/yoxara/Insync/DMSimp_vector_axial_pp_xxj_NLO_eff/Events/run_69/events_PYTHIA8_0.hepmc.gz,3.721,20000,Axial,DM+QCDjets,1200.0,350.0,1.0,0.25,atlas_exot_2018_06,EM4,2.3358456,3.2826045,0.0075041,0.0037806
/home/yoxara/Insync/DMSimp_vector_axial_pp_xxj_NLO_eff/Events/run_69/events_PYTHIA8_0.hepmc.gz,3.721,20000,Axial,DM+QCDjets,1200.0,350.0,1.0,0.25,atlas_exot_2018_06,EM5,1.1078741,1.3504237,0.0055465,0.0032535
/home/yoxara/Insync/DMSimp_vector_axial_pp_xxj_NLO_eff/Events/run_69/events_PYTHIA8_0.hepmc.gz,3.721,20000,Axial,DM+QCDjets,1200.0,350.0,1.0,0.25,atlas_exot_2018_06,EM6,1.4868278,2.0649964,0.0019576,0.0019363
/home/yoxara/Insync/DMSimp_vector_axial_pp_xxj_NLO_eff/Events/run_69/events_PYTHIA8_0.hepmc.gz,3.721,20000,Axial,DM+QCDjets,1200.0,350.0,1.0,0.25,atlas_exot_2018_06,EM7,1.254825,1.839416,0.0011419,0.0014795
/home/yoxara/Insync/DMSimp_vector_axial_pp_xxj_NLO_eff/Events/run_69/events_PYTHIA8_0.hepmc.gz,3.721,20000,Axial,DM+QCDjets,1200.0,350.0,1.0,0.25,atlas_exot_2018_06,EM8,0.7076097,0.8161136,0.0011419,0.0014795
/home/yoxara/Insync/DMSimp_vector_axial_pp_xxj_NLO_eff/Events/run_69/events_PYTHIA8_0.hepmc.gz,3.721,20000,Axial,DM+QCDjets,1200.0,350.0,1.0,0.25,atlas_exot_2018_06,EM9,1.005,0.8422231,0.0004894,0.0009689
/home/yoxara/Insync/DMSimp_vector_axial_pp_xxj_NLO_eff/Events/run_69/events_PYTHIA8_0.hepmc.gz,3.721,20000,Axial,DM+QCDjets,1200.0,350.0,1.0,0.25,atlas_exot_2018_06,EM10,0.9604292,2.0494473,0.0003263,0.0007912
/home/yoxara/Insync/DMSimp_vector_axial_pp_xxj_NLO_eff/Events/run_69/events_PYTHIA8_0.hepmc.gz,3.721,20000,Axial,DM+QCDjets,1200.0,350.0,1.0,0.25,atlas_exot_2018_06,EM11,0.6768854,0.7560331,0.0003263,0.0007912
/home/yoxara/Insync/DMSimp_vector_axial_pp_xxj_NLO_eff/Events/run_69/events_PYTHIA8_0.hepmc.gz,3.721,20000,Axial,DM+QCDjets,1200.0,350.0,1.0,0.25,atlas_exot_2018_06,EM12,1.5534045,1.2475287,0.0001631,0.0005595
/home/yoxara/Insync/DMSimp_vector_axial_pp_xxj_NLO_eff/Events/run_70/events_PYTHIA8_0.hepmc.gz,3.001,20000,Axial,DM+QCDjets,1200.0,400.0,1.0,0.25,atlas_exot_2018_06,IM0,7.7037731,9.7265403,0.0735677,0.0125873
/home/yoxara/Insync/DMSimp_vector_axial_pp_xxj_NLO_eff/Events/run_70/events_PYTHIA8_0.hepmc.gz,3.001,20000,Axial,DM+QCDjets,1200.0,400.0,1.0,0.25,atlas_exot_2018_06,IM1,4.2052248,5.2655948,0.0540364,0.0109009
/home/yoxara/Insync/DMSimp_vector_axial_pp_xxj_NLO_eff/Events/run_70/events_PYTHIA8_0.hepmc.gz,3.001,20000,Axial,DM+QCDjets,1200.0,400.0,1.0,0.25,atlas_exot_2018_06,IM2,2.9456925,4.035525,0.0385742,0.0092851
/home/yoxara/Insync/DMSimp_vector_axial_pp_xxj_NLO_eff/Events/run_70/events_PYTHIA8_0.hepmc.gz,3.001,20000,Axial,DM+QCDjets,1200.0,400.0,1.0,0.25,atlas_exot_2018_06,IM3,2.1378052,3.1526849,0.0266927,0.0077715
/home/yoxara/Insync/DMSimp_vector_axial_pp_xxj_NLO_eff/Events/run_70/events_PYTHIA8_0.hepmc.gz,3.001,20000,Axial,DM+QCDjets,1200.0,400.0,1.0,0.25,atlas_exot_2018_06,IM4,1.7229009,2.7375169,0.019043,0.0065898
/home/yoxara/Insync/DMSimp_vector_axial_pp_xxj_NLO_eff/Events/run_70/events_PYTHIA8_0.hepmc.gz,3.001,20000,Axial,DM+QCDjets,1200.0,400.0,1.0,0.25,atlas_exot_2018_06,IM5,1.4517372,2.2033532,0.0099284,0.0047803
/home/yoxara/Insync/DMSimp_vector_axial_pp_xxj_NLO_eff/Events/run_70/events_PYTHIA8_0.hepmc.gz,3.001,20000,Axial,DM+QCDjets,1200.0,400.0,1.0,0.25,atlas_exot_2018_06,IM6,1.2215106,1.7715743,0.0060221,0.0037303
/home/yoxara/Insync/DMSimp_vector_axial_pp_xxj_NLO_eff/Events/run_70/events_PYTHIA8_0.hepmc.gz,3.001,20000,Axial,DM+QCDjets,1200.0,400.0,1.0,0.25,atlas_exot_2018_06,IM7,1.100274,1.3019922,0.0032552,0.0027464
/home/yoxara/Insync/DMSimp_vector_axial_pp_xxj_NLO_eff/Events/run_70/events_PYTHIA8_0.hepmc.gz,3.001,20000,Axial,DM+QCDjets,1200.0,400.0,1.0,0.25,atlas_exot_2018_06,IM8,1.7526816,1.8777665,0.0011393,0.0016265
/home/yoxara/Insync/DMSimp_vector_axial_pp_xxj_NLO_eff/Events/run_70/events_PYTHIA8_0.hepmc.gz,3.001,20000,Axial,DM+QCDjets,1200.0,400.0,1.0,0.25,atlas_exot_2018_06,IM9,1.943746,1.8308487,0.000651,0.0012298
/home/yoxara/Insync/DMSimp_vector_axial_pp_xxj_NLO_eff/Events/run_70/events_PYTHIA8_0.hepmc.gz,3.001,20000,Axial,DM+QCDjets,1200.0,400.0,1.0,0.25,atlas_exot_2018_06,IM10,5.7457841,8.8567463,0.0001628,0.0006151
/home/yoxara/Insync/DMSimp_vector_axial_pp_xxj_NLO_eff/Events/run_70/events_PYTHIA8_0.hepmc.gz,3.001,20000,Axial,DM+QCDjets,1200.0,400.0,1.0,0.25,atlas_exot_2018_06,IM11,-1.0,-1.0,0.0,0.0
/home/yoxara/Insync/DMSimp_vector_axial_pp_xxj_NLO_eff/Events/run_70/events_PYTHIA8_0.hepmc.gz,3.001,20000,Axial,DM+QCDjets,1200.0,400.0,1.0,0.25,atlas_exot_2018_06,IM12,-1.0,-1.0,0.0,0.0
/home/yoxara/Insync/DMSimp_vector_axial_pp_xxj_NLO_eff/Events/run_70/events_PYTHIA8_0.hepmc.gz,3.001,20000,Axial,DM+QCDjets,1200.0,400.0,1.0,0.25,atlas_exot_2018_06,EM0,18.8426641,21.0001504,0.0195312,0.0066721
/home/yoxara/Insync/DMSimp_vector_axial_pp_xxj_NLO_eff/Events/run_70/events_PYTHIA8_0.hepmc.gz,3.001,20000,Axial,DM+QCDjets,1200.0,400.0,1.0,0.25,atlas_exot_2018_06,EM1,8.2347578,8.0427928,0.0154622,0.0059489
/home/yoxara/Insync/DMSimp_vector_axial_pp_xxj_NLO_eff/Events/run_70/events_PYTHIA8_0.hepmc.gz,3.001,20000,Axial,DM+QCDjets,1200.0,400.0,1.0,0.25,atlas_exot_2018_06,EM2,4.218589,4.1813176,0.0118815,0.0052242
/home/yoxara/Insync/DMSimp_vector_axial_pp_xxj_NLO_eff/Events/run_70/events_PYTHIA8_0.hepmc.gz,3.001,20000,Axial,DM+QCDjets,1200.0,400.0,1.0,0.25,atlas_exot_2018_06,EM3,3.0199642,3.6667586,0.0076497,0.0042008
/home/yoxara/Insync/DMSimp_vector_axial_pp_xxj_NLO_eff/Events/run_70/events_PYTHIA8_0.hepmc.gz,3.001,20000,Axial,DM+QCDjets,1200.0,400.0,1.0,0.25,atlas_exot_2018_06,EM4,1.9097693,2.7051548,0.0091146,0.0045821
/home/yoxara/Insync/DMSimp_vector_axial_pp_xxj_NLO_eff/Events/run_70/events_PYTHIA8_0.hepmc.gz,3.001,20000,Axial,DM+QCDjets,1200.0,400.0,1.0,0.25,atlas_exot_2018_06,EM5,1.5669882,1.9171116,0.0039062,0.0030075
/home/yoxara/Insync/DMSimp_vector_axial_pp_xxj_NLO_eff/Events/run_70/events_PYTHIA8_0.hepmc.gz,3.001,20000,Axial,DM+QCDjets,1200.0,400.0,1.0,0.25,atlas_exot_2018_06,EM6,1.0487633,1.4558823,0.0027669,0.0025327
/home/yoxara/Insync/DMSimp_vector_axial_pp_xxj_NLO_eff/Events/run_70/events_PYTHIA8_0.hepmc.gz,3.001,20000,Axial,DM+QCDjets,1200.0,400.0,1.0,0.25,atlas_exot_2018_06,EM7,0.6788494,0.9926145,0.0021159,0.0022155
/home/yoxara/Insync/DMSimp_vector_axial_pp_xxj_NLO_eff/Events/run_70/events_PYTHIA8_0.hepmc.gz,3.001,20000,Axial,DM+QCDjets,1200.0,400.0,1.0,0.25,atlas_exot_2018_06,EM8,1.662984,1.9028798,0.0004883,0.0010651
/home/yoxara/Insync/DMSimp_vector_axial_pp_xxj_NLO_eff/Events/run_70/events_PYTHIA8_0.hepmc.gz,3.001,20000,Axial,DM+QCDjets,1200.0,400.0,1.0,0.25,atlas_exot_2018_06,EM9,1.0,0.851438,0.0004883,0.0010651
/home/yoxara/Insync/DMSimp_vector_axial_pp_xxj_NLO_eff/Events/run_70/events_PYTHIA8_0.hepmc.gz,3.001,20000,Axial,DM+QCDjets,1200.0,400.0,1.0,0.25,atlas_exot_2018_06,EM10,1.9254784,4.1029809,0.0001628,0.0006151
/home/yoxara/Insync/DMSimp_vector_axial_pp_xxj_NLO_eff/Events/run_70/events_PYTHIA8_0.hepmc.gz,3.001,20000,Axial,DM+QCDjets,1200.0,400.0,1.0,0.25,atlas_exot_2018_06,EM11,1.35214,1.5189262,0.0001628,0.0006151
/home/yoxara/Insync/DMSimp_vector_axial_pp_xxj_NLO_eff/Events/run_70/events_PYTHIA8_0.hepmc.gz,3.001,20000,Axial,DM+QCDjets,1200.0,400.0,1.0,0.25,atlas_exot_2018_06,EM12,-1.0,-1.0,0.0,0.0
/home/yoxara/Insync/DMSimp_vector_axial_pp_xxj_NLO_eff/Events/run_71/events_PYTHIA8_0.hepmc.gz,2.347,20000,Axial,DM+QCDjets,1200.0,450.0,1.0,0.25,atlas_exot_2018_06,IM0,7.9847739,10.1643541,0.0705569,0.0139842
/home/yoxara/Insync/DMSimp_vector_axial_pp_xxj_NLO_eff/Events/run_71/events_PYTHIA8_0.hepmc.gz,2.347,20000,Axial,DM+QCDjets,1200.0,450.0,1.0,0.25,atlas_exot_2018_06,IM1,4.1123525,5.1844298,0.0549124,0.0124402
/home/yoxara/Insync/DMSimp_vector_axial_pp_xxj_NLO_eff/Events/run_71/events_PYTHIA8_0.hepmc.gz,2.347,20000,Axial,DM+QCDjets,1200.0,450.0,1.0,0.25,atlas_exot_2018_06,IM2,3.000063,4.1279532,0.0377034,0.0104016
/home/yoxara/Insync/DMSimp_vector_axial_pp_xxj_NLO_eff/Events/run_71/events_PYTHIA8_0.hepmc.gz,2.347,20000,Axial,DM+QCDjets,1200.0,450.0,1.0,0.25,atlas_exot_2018_06,IM3,2.0688134,3.0384713,0.0275344,0.0089358
/home/yoxara/Insync/DMSimp_vector_axial_pp_xxj_NLO_eff/Events/run_71/events_PYTHIA8_0.hepmc.gz,2.347,20000,Axial,DM+QCDjets,1200.0,450.0,1.0,0.25,atlas_exot_2018_06,IM4,1.719503,2.7402576,0.0190864,0.0074719
/home/yoxara/Insync/DMSimp_vector_axial_pp_xxj_NLO_eff/Events/run_71/events_PYTHIA8_0.hepmc.gz,2.347,20000,Axial,DM+QCDjets,1200.0,450.0,1.0,0.25,atlas_exot_2018_06,IM5,1.2451635,1.8954638,0.011577,0.0058415
/home/yoxara/Insync/DMSimp_vector_axial_pp_xxj_NLO_eff/Events/run_71/events_PYTHIA8_0.hepmc.gz,2.347,20000,Axial,DM+QCDjets,1200.0,450.0,1.0,0.25,atlas_exot_2018_06,IM6,1.415183,2.0700039,0.0051627,0.0039136
/home/yoxara/Insync/DMSimp_vector_axial_pp_xxj_NLO_eff/Events/run_71/events_PYTHIA8_0.hepmc.gz,2.347,20000,Axial,DM+QCDjets,1200.0,450.0,1.0,0.25,atlas_exot_2018_06,IM7,1.3575711,1.5897636,0.0026596,0.0028124
/home/yoxara/Insync/DMSimp_vector_axial_pp_xxj_NLO_eff/Events/run_71/events_PYTHIA8_0.hepmc.gz,2.347,20000,Axial,DM+QCDjets,1200.0,450.0,1.0,0.25,atlas_exot_2018_06,IM8,1.4229481,1.5189406,0.001408,0.0020476
/home/yoxara/Insync/DMSimp_vector_axial_pp_xxj_NLO_eff/Events/run_71/events_PYTHIA8_0.hepmc.gz,2.347,20000,Axial,DM+QCDjets,1200.0,450.0,1.0,0.25,atlas_exot_2018_06,IM9,1.3508254,1.276521,0.0009387,0.0016723
/home/yoxara/Insync/DMSimp_vector_axial_pp_xxj_NLO_eff/Events/run_71/events_PYTHIA8_0.hepmc.gz,2.347,20000,Axial,DM+QCDjets,1200.0,450.0,1.0,0.25,atlas_exot_2018_06,IM10,1.9899794,3.0755386,0.0004693,0.0011828
/home/yoxara/Insync/DMSimp_vector_axial_pp_xxj_NLO_eff/Events/run_71/events_PYTHIA8_0.hepmc.gz,2.347,20000,Axial,DM+QCDjets,1200.0,450.0,1.0,0.25,atlas_exot_2018_06,IM11,1.199612,1.0689864,0.0004693,0.0011828
/home/yoxara/Insync/DMSimp_vector_axial_pp_xxj_NLO_eff/Events/run_71/events_PYTHIA8_0.hepmc.gz,2.347,20000,Axial,DM+QCDjets,1200.0,450.0,1.0,0.25,atlas_exot_2018_06,IM12,2.2368638,1.7730435,0.0001564,0.000683
/home/yoxara/Insync/DMSimp_vector_axial_pp_xxj_NLO_eff/Events/run_71/events_PYTHIA8_0.hepmc.gz,2.347,20000,Axial,DM+QCDjets,1200.0,450.0,1.0,0.25,atlas_exot_2018_06,EM0,23.3922137,26.242533,0.0156446,0.0067766
/home/yoxara/Insync/DMSimp_vector_axial_pp_xxj_NLO_eff/Events/run_71/events_PYTHIA8_0.hepmc.gz,2.347,20000,Axial,DM+QCDjets,1200.0,450.0,1.0,0.25,atlas_exot_2018_06,EM1,7.3895435,7.2249586,0.017209,0.0071017
/home/yoxara/Insync/DMSimp_vector_axial_pp_xxj_NLO_eff/Events/run_71/events_PYTHIA8_0.hepmc.gz,2.347,20000,Axial,DM+QCDjets,1200.0,450.0,1.0,0.25,atlas_exot_2018_06,EM2,4.9032105,4.8766915,0.010169,0.0054787
/home/yoxara/Insync/DMSimp_vector_axial_pp_xxj_NLO_eff/Events/run_71/events_PYTHIA8_0.hepmc.gz,2.347,20000,Axial,DM+QCDjets,1200.0,450.0,1.0,0.25,atlas_exot_2018_06,EM3,2.7330747,3.3265344,0.0084481,0.004998
/home/yoxara/Insync/DMSimp_vector_axial_pp_xxj_NLO_eff/Events/run_71/events_PYTHIA8_0.hepmc.gz,2.347,20000,Axial,DM+QCDjets,1200.0,450.0,1.0,0.25,atlas_exot_2018_06,EM4,2.3282032,3.2874152,0.0075094,0.0047144
/home/yoxara/Insync/DMSimp_vector_axial_pp_xxj_NLO_eff/Events/run_71/events_PYTHIA8_0.hepmc.gz,2.347,20000,Axial,DM+QCDjets,1200.0,450.0,1.0,0.25,atlas_exot_2018_06,EM5,0.9600847,1.169865,0.0064143,0.0043595
/home/yoxara/Insync/DMSimp_vector_axial_pp_xxj_NLO_eff/Events/run_71/events_PYTHIA8_0.hepmc.gz,2.347,20000,Axial,DM+QCDjets,1200.0,450.0,1.0,0.25,atlas_exot_2018_06,EM6,1.1675736,1.6133173,0.0025031,0.0027287
/home/yoxara/Insync/DMSimp_vector_axial_pp_xxj_NLO_eff/Events/run_71/events_PYTHIA8_0.hepmc.gz,2.347,20000,Axial,DM+QCDjets,1200.0,450.0,1.0,0.25,atlas_exot_2018_06,EM7,1.1538719,1.6762137,0.0012516,0.0019307
/home/yoxara/Insync/DMSimp_vector_axial_pp_xxj_NLO_eff/Events/run_71/events_PYTHIA8_0.hepmc.gz,2.347,20000,Axial,DM+QCDjets,1200.0,450.0,1.0,0.25,atlas_exot_2018_06,EM8,1.7311874,1.9772698,0.0004693,0.0011828
/home/yoxara/Insync/DMSimp_vector_axial_pp_xxj_NLO_eff/Events/run_71/events_PYTHIA8_0.hepmc.gz,2.347,20000,Axial,DM+QCDjets,1200.0,450.0,1.0,0.25,atlas_exot_2018_06,EM9,1.0473443,0.8869139,0.0004693,0.0011828
/home/yoxara/Insync/DMSimp_vector_axial_pp_xxj_NLO_eff/Events/run_71/events_PYTHIA8_0.hepmc.gz,2.347,20000,Axial,DM+QCDjets,1200.0,450.0,1.0,0.25,atlas_exot_2018_06,EM10,-1.0,-1.0,0.0,0.0
/home/yoxara/Insync/DMSimp_vector_axial_pp_xxj_NLO_eff/Events/run_71/events_PYTHIA8_0.hepmc.gz,2.347,20000,Axial,DM+QCDjets,1200.0,450.0,1.0,0.25,atlas_exot_2018_06,EM11,0.700353,0.7909327,0.0003129,0.0009658
/home/yoxara/Insync/DMSimp_vector_axial_pp_xxj_NLO_eff/Events/run_71/events_PYTHIA8_0.hepmc.gz,2.347,20000,Axial,DM+QCDjets,1200.0,450.0,1.0,0.25,atlas_exot_2018_06,EM12,1.621893,1.2979416,0.0001564,0.000683
/home/yoxara/Insync/DMSimp_vector_axial_pp_xxj_NLO_eff/Events/run_72/events_PYTHIA8_0.hepmc.gz,1.507,20000,Axial,DM+QCDjets,1200.0,500.0,1.0,0.25,atlas_exot_2018_06,IM0,8.5429433,10.8187323,0.0662072,0.0171482
/home/yoxara/Insync/DMSimp_vector_axial_pp_xxj_NLO_eff/Events/run_72/events_PYTHIA8_0.hepmc.gz,1.507,20000,Axial,DM+QCDjets,1200.0,500.0,1.0,0.25,atlas_exot_2018_06,IM1,4.6220744,5.8062047,0.0492145,0.0149187
/home/yoxara/Insync/DMSimp_vector_axial_pp_xxj_NLO_eff/Events/run_72/events_PYTHIA8_0.hepmc.gz,1.507,20000,Axial,DM+QCDjets,1200.0,500.0,1.0,0.25,atlas_exot_2018_06,IM2,3.5132379,4.8406077,0.0320616,0.0121495
/home/yoxara/Insync/DMSimp_vector_axial_pp_xxj_NLO_eff/Events/run_72/events_PYTHIA8_0.hepmc.gz,1.507,20000,Axial,DM+QCDjets,1200.0,500.0,1.0,0.25,atlas_exot_2018_06,IM3,2.5840848,3.8269579,0.0219622,0.0101078
/home/yoxara/Insync/DMSimp_vector_axial_pp_xxj_NLO_eff/Events/run_72/events_PYTHIA8_0.hepmc.gz,1.507,20000,Axial,DM+QCDjets,1200.0,500.0,1.0,0.25,atlas_exot_2018_06,IM4,1.9362266,3.0737126,0.0169926,0.0089135
/home/yoxara/Insync/DMSimp_vector_axial_pp_xxj_NLO_eff/Events/run_72/events_PYTHIA8_0.hepmc.gz,1.507,20000,Axial,DM+QCDjets,1200.0,500.0,1.0,0.25,atlas_exot_2018_06,IM5,1.3218338,2.0043363,0.0109009,0.0071613
/home/yoxara/Insync/DMSimp_vector_axial_pp_xxj_NLO_eff/Events/run_72/events_PYTHIA8_0.hepmc.gz,1.507,20000,Axial,DM+QCDjets,1200.0,500.0,1.0,0.25,atlas_exot_2018_06,IM6,0.9969231,1.442241,0.0073742,0.0059005
/home/yoxara/Insync/DMSimp_vector_axial_pp_xxj_NLO_eff/Events/run_72/events_PYTHIA8_0.hepmc.gz,1.507,20000,Axial,DM+QCDjets,1200.0,500.0,1.0,0.25,atlas_exot_2018_06,IM7,0.8293213,0.9765441,0.0043283,0.0045275
/home/yoxara/Insync/DMSimp_vector_axial_pp_xxj_NLO_eff/Events/run_72/events_PYTHIA8_0.hepmc.gz,1.507,20000,Axial,DM+QCDjets,1200.0,500.0,1.0,0.25,atlas_exot_2018_06,IM8,0.5944322,0.6368028,0.0033665,0.0039948
/home/yoxara/Insync/DMSimp_vector_axial_pp_xxj_NLO_eff/Events/run_72/events_PYTHIA8_0.hepmc.gz,1.507,20000,Axial,DM+QCDjets,1200.0,500.0,1.0,0.25,atlas_exot_2018_06,IM9,0.5271556,0.4970744,0.0024046,0.0033779
/home/yoxara/Insync/DMSimp_vector_axial_pp_xxj_NLO_eff/Events/run_72/events_PYTHIA8_0.hepmc.gz,1.507,20000,Axial,DM+QCDjets,1200.0,500.0,1.0,0.25,atlas_exot_2018_06,IM10,0.529442,0.8162134,0.0017634,0.0028936
/home/yoxara/Insync/DMSimp_vector_axial_pp_xxj_NLO_eff/Events/run_72/events_PYTHIA8_0.hepmc.gz,1.507,20000,Axial,DM+QCDjets,1200.0,500.0,1.0,0.25,atlas_exot_2018_06,IM11,0.5028372,0.4463559,0.0011222,0.002309
/home/yoxara/Insync/DMSimp_vector_axial_pp_xxj_NLO_eff/Events/run_72/events_PYTHIA8_0.hepmc.gz,1.507,20000,Axial,DM+QCDjets,1200.0,500.0,1.0,0.25,atlas_exot_2018_06,IM12,0.5445561,0.4308551,0.0006412,0.0017459
/home/yoxara/Insync/DMSimp_vector_axial_pp_xxj_NLO_eff/Events/run_72/events_PYTHIA8_0.hepmc.gz,1.507,20000,Axial,DM+QCDjets,1200.0,500.0,1.0,0.25,atlas_exot_2018_06,EM0,21.6902998,24.1476954,0.0169926,0.0089135
/home/yoxara/Insync/DMSimp_vector_axial_pp_xxj_NLO_eff/Events/run_72/events_PYTHIA8_0.hepmc.gz,1.507,20000,Axial,DM+QCDjets,1200.0,500.0,1.0,0.25,atlas_exot_2018_06,EM1,7.4328615,7.2841455,0.0171529,0.0089548
/home/yoxara/Insync/DMSimp_vector_axial_pp_xxj_NLO_eff/Events/run_72/events_PYTHIA8_0.hepmc.gz,1.507,20000,Axial,DM+QCDjets,1200.0,500.0,1.0,0.25,atlas_exot_2018_06,EM2,4.9406177,4.8977438,0.0100994,0.0068958
/home/yoxara/Insync/DMSimp_vector_axial_pp_xxj_NLO_eff/Events/run_72/events_PYTHIA8_0.hepmc.gz,1.507,20000,Axial,DM+QCDjets,1200.0,500.0,1.0,0.25,atlas_exot_2018_06,EM3,4.6716896,5.6233402,0.0049695,0.0048497
/home/yoxara/Insync/DMSimp_vector_axial_pp_xxj_NLO_eff/Events/run_72/events_PYTHIA8_0.hepmc.gz,1.507,20000,Axial,DM+QCDjets,1200.0,500.0,1.0,0.25,atlas_exot_2018_06,EM4,2.8625203,4.0569165,0.0060917,0.0053664
/home/yoxara/Insync/DMSimp_vector_axial_pp_xxj_NLO_eff/Events/run_72/events_PYTHIA8_0.hepmc.gz,1.507,20000,Axial,DM+QCDjets,1200.0,500.0,1.0,0.25,atlas_exot_2018_06,EM5,1.7437472,2.1192277,0.0035268,0.0040885
/home/yoxara/Insync/DMSimp_vector_axial_pp_xxj_NLO_eff/Events/run_72/events_PYTHIA8_0.hepmc.gz,1.507,20000,Axial,DM+QCDjets,1200.0,500.0,1.0,0.25,atlas_exot_2018_06,EM6,0.9569667,1.3227158,0.0030458,0.0038004
/home/yoxara/Insync/DMSimp_vector_axial_pp_xxj_NLO_eff/Events/run_72/events_PYTHIA8_0.hepmc.gz,1.507,20000,Axial,DM+QCDjets,1200.0,500.0,1.0,0.25,atlas_exot_2018_06,EM7,1.5022964,2.1774218,0.0009618,0.0021379
/home/yoxara/Insync/DMSimp_vector_axial_pp_xxj_NLO_eff/Events/run_72/events_PYTHIA8_0.hepmc.gz,1.507,20000,Axial,DM+QCDjets,1200.0,500.0,1.0,0.25,atlas_exot_2018_06,EM8,0.8444408,0.9684771,0.0009618,0.0021379
/home/yoxara/Insync/DMSimp_vector_axial_pp_xxj_NLO_eff/Events/run_72/events_PYTHIA8_0.hepmc.gz,1.507,20000,Axial,DM+QCDjets,1200.0,500.0,1.0,0.25,atlas_exot_2018_06,EM9,0.7603162,0.6479166,0.0006412,0.0017459
/home/yoxara/Insync/DMSimp_vector_axial_pp_xxj_NLO_eff/Events/run_72/events_PYTHIA8_0.hepmc.gz,1.507,20000,Axial,DM+QCDjets,1200.0,500.0,1.0,0.25,atlas_exot_2018_06,EM10,0.489019,1.04451,0.0006412,0.0017459
/home/yoxara/Insync/DMSimp_vector_axial_pp_xxj_NLO_eff/Events/run_72/events_PYTHIA8_0.hepmc.gz,1.507,20000,Axial,DM+QCDjets,1200.0,500.0,1.0,0.25,atlas_exot_2018_06,EM11,0.4586142,0.5126926,0.0004809,0.0015121
/home/yoxara/Insync/DMSimp_vector_axial_pp_xxj_NLO_eff/Events/run_72/events_PYTHIA8_0.hepmc.gz,1.507,20000,Axial,DM+QCDjets,1200.0,500.0,1.0,0.25,atlas_exot_2018_06,EM12,0.3970979,0.3194562,0.0006412,0.0017459
/home/yoxara/Insync/DMSimp_vector_axial_pp_xxj_NLO_eff/Events/run_73/events_PYTHIA8_0.hepmc.gz,0.6476,20000,Axial,DM+QCDjets,1200.0,550.0,1.0,0.25,atlas_exot_2018_06,IM0,8.2711439,10.5265212,0.0681325,0.0258402
/home/yoxara/Insync/DMSimp_vector_axial_pp_xxj_NLO_eff/Events/run_73/events_PYTHIA8_0.hepmc.gz,0.6476,20000,Axial,DM+QCDjets,1200.0,550.0,1.0,0.25,atlas_exot_2018_06,IM1,4.3603902,5.5001849,0.0517188,0.0227109
/home/yoxara/Insync/DMSimp_vector_axial_pp_xxj_NLO_eff/Events/run_73/events_PYTHIA8_0.hepmc.gz,0.6476,20000,Axial,DM+QCDjets,1200.0,550.0,1.0,0.25,atlas_exot_2018_06,IM2,3.2676558,4.4712906,0.0348405,0.0188054
/home/yoxara/Insync/DMSimp_vector_axial_pp_xxj_NLO_eff/Events/run_73/events_PYTHIA8_0.hepmc.gz,0.6476,20000,Axial,DM+QCDjets,1200.0,550.0,1.0,0.25,atlas_exot_2018_06,IM3,2.3984912,3.5360484,0.0236915,0.0155966
/home/yoxara/Insync/DMSimp_vector_axial_pp_xxj_NLO_eff/Events/run_73/events_PYTHIA8_0.hepmc.gz,0.6476,20000,Axial,DM+QCDjets,1200.0,550.0,1.0,0.25,atlas_exot_2018_06,IM4,1.870843,2.9620932,0.0176525,0.0135045
/home/yoxara/Insync/DMSimp_vector_axial_pp_xxj_NLO_eff/Events/run_73/events_PYTHIA8_0.hepmc.gz,0.6476,20000,Axial,DM+QCDjets,1200.0,550.0,1.0,0.25,atlas_exot_2018_06,IM5,1.6980228,2.5675076,0.0085166,0.0094236
/home/yoxara/Insync/DMSimp_vector_axial_pp_xxj_NLO_eff/Events/run_73/events_PYTHIA8_0.hepmc.gz,0.6476,20000,Axial,DM+QCDjets,1200.0,550.0,1.0,0.25,atlas_exot_2018_06,IM6,1.1184606,1.6396093,0.0065036,0.0082433
/home/yoxara/Insync/DMSimp_vector_axial_pp_xxj_NLO_eff/Events/run_73/events_PYTHIA8_0.hepmc.gz,0.6476,20000,Axial,DM+QCDjets,1200.0,550.0,1.0,0.25,atlas_exot_2018_06,IM7,1.0175135,1.1858759,0.0035615,0.0061092
/home/yoxara/Insync/DMSimp_vector_axial_pp_xxj_NLO_eff/Events/run_73/events_PYTHIA8_0.hepmc.gz,0.6476,20000,Axial,DM+QCDjets,1200.0,550.0,1.0,0.25,atlas_exot_2018_06,IM8,1.8520067,1.9677011,0.0010839,0.0033745
/home/yoxara/Insync/DMSimp_vector_axial_pp_xxj_NLO_eff/Events/run_73/events_PYTHIA8_0.hepmc.gz,0.6476,20000,Axial,DM+QCDjets,1200.0,550.0,1.0,0.25,atlas_exot_2018_06,IM9,2.7163553,2.5657274,0.0004645,0.0022098
/home/yoxara/Insync/DMSimp_vector_axial_pp_xxj_NLO_eff/Events/run_73/events_PYTHIA8_0.hepmc.gz,0.6476,20000,Axial,DM+QCDjets,1200.0,550.0,1.0,0.25,atlas_exot_2018_06,IM10,6.0261742,9.3030619,0.0001548,0.001276
/home/yoxara/Insync/DMSimp_vector_axial_pp_xxj_NLO_eff/Events/run_73/events_PYTHIA8_0.hepmc.gz,0.6476,20000,Axial,DM+QCDjets,1200.0,550.0,1.0,0.25,atlas_exot_2018_06,IM11,3.6334232,3.2375317,0.0001548,0.001276
/home/yoxara/Insync/DMSimp_vector_axial_pp_xxj_NLO_eff/Events/run_73/events_PYTHIA8_0.hepmc.gz,0.6476,20000,Axial,DM+QCDjets,1200.0,550.0,1.0,0.25,atlas_exot_2018_06,IM12,-1.0,-1.0,0.0,0.0
/home/yoxara/Insync/DMSimp_vector_axial_pp_xxj_NLO_eff/Events/run_73/events_PYTHIA8_0.hepmc.gz,0.6476,20000,Axial,DM+QCDjets,1200.0,550.0,1.0,0.25,atlas_exot_2018_06,EM0,22.3158308,24.9025915,0.0164137,0.0130302
/home/yoxara/Insync/DMSimp_vector_axial_pp_xxj_NLO_eff/Events/run_73/events_PYTHIA8_0.hepmc.gz,0.6476,20000,Axial,DM+QCDjets,1200.0,550.0,1.0,0.25,atlas_exot_2018_06,EM1,7.5156111,7.3771984,0.0168783,0.0132102
/home/yoxara/Insync/DMSimp_vector_axial_pp_xxj_NLO_eff/Events/run_73/events_PYTHIA8_0.hepmc.gz,0.6476,20000,Axial,DM+QCDjets,1200.0,550.0,1.0,0.25,atlas_exot_2018_06,EM2,4.482981,4.470066,0.011149,0.0107677
/home/yoxara/Insync/DMSimp_vector_axial_pp_xxj_NLO_eff/Events/run_73/events_PYTHIA8_0.hepmc.gz,0.6476,20000,Axial,DM+QCDjets,1200.0,550.0,1.0,0.25,atlas_exot_2018_06,EM3,3.8321652,4.6434682,0.006039,0.0079453
/home/yoxara/Insync/DMSimp_vector_axial_pp_xxj_NLO_eff/Events/run_73/events_PYTHIA8_0.hepmc.gz,0.6476,20000,Axial,DM+QCDjets,1200.0,550.0,1.0,0.25,atlas_exot_2018_06,EM4,1.9077135,2.702681,0.009136,0.0097572
/home/yoxara/Insync/DMSimp_vector_axial_pp_xxj_NLO_eff/Events/run_73/events_PYTHIA8_0.hepmc.gz,0.6476,20000,Axial,DM+QCDjets,1200.0,550.0,1.0,0.25,atlas_exot_2018_06,EM5,3.0326343,3.7055785,0.002013,0.0045965
/home/yoxara/Insync/DMSimp_vector_axial_pp_xxj_NLO_eff/Events/run_73/events_PYTHIA8_0.hepmc.gz,0.6476,20000,Axial,DM+QCDjets,1200.0,550.0,1.0,0.25,atlas_exot_2018_06,EM6,0.9894636,1.3666247,0.0029421,0.0055543
/home/yoxara/Insync/DMSimp_vector_axial_pp_xxj_NLO_eff/Events/run_73/events_PYTHIA8_0.hepmc.gz,0.6476,20000,Axial,DM+QCDjets,1200.0,550.0,1.0,0.25,atlas_exot_2018_06,EM7,0.5813734,0.8463032,0.0024775,0.0050982
/home/yoxara/Insync/DMSimp_vector_axial_pp_xxj_NLO_eff/Events/run_73/events_PYTHIA8_0.hepmc.gz,0.6476,20000,Axial,DM+QCDjets,1200.0,550.0,1.0,0.25,atlas_exot_2018_06,EM8,1.3089483,1.5000403,0.0006194,0.0025515
/home/yoxara/Insync/DMSimp_vector_axial_pp_xxj_NLO_eff/Events/run_73/events_PYTHIA8_0.hepmc.gz,0.6476,20000,Axial,DM+QCDjets,1200.0,550.0,1.0,0.25,atlas_exot_2018_06,EM9,1.5823748,1.3483836,0.0003097,0.0018044
/home/yoxara/Insync/DMSimp_vector_axial_pp_xxj_NLO_eff/Events/run_73/events_PYTHIA8_0.hepmc.gz,0.6476,20000,Axial,DM+QCDjets,1200.0,550.0,1.0,0.25,atlas_exot_2018_06,EM10,-1.0,-1.0,0.0,0.0
/home/yoxara/Insync/DMSimp_vector_axial_pp_xxj_NLO_eff/Events/run_73/events_PYTHIA8_0.hepmc.gz,0.6476,20000,Axial,DM+QCDjets,1200.0,550.0,1.0,0.25,atlas_exot_2018_06,EM11,1.4152677,1.5917242,0.0001548,0.001276
/home/yoxara/Insync/DMSimp_vector_axial_pp_xxj_NLO_eff/Events/run_73/events_PYTHIA8_0.hepmc.gz,0.6476,20000,Axial,DM+QCDjets,1200.0,550.0,1.0,0.25,atlas_exot_2018_06,EM12,-1.0,-1.0,0.0,0.0
/home/yoxara/Insync/DMSimp_vector_axial_pp_xxj_NLO_eff/Events/run_74/events_PYTHIA8_0.hepmc.gz,0.09031,20000,Axial,DM+QCDjets,1200.0,600.0,1.0,0.25,atlas_exot_2018_06,IM0,7.4729052,9.4523451,0.0756303,0.0736957
/home/yoxara/Insync/DMSimp_vector_axial_pp_xxj_NLO_eff/Events/run_74/events_PYTHIA8_0.hepmc.gz,0.09031,20000,Axial,DM+QCDjets,1200.0,600.0,1.0,0.25,atlas_exot_2018_06,IM1,4.135097,5.1672798,0.0551067,0.0636011
/home/yoxara/Insync/DMSimp_vector_axial_pp_xxj_NLO_eff/Events/run_74/events_PYTHIA8_0.hepmc.gz,0.09031,20000,Axial,DM+QCDjets,1200.0,600.0,1.0,0.25,atlas_exot_2018_06,IM2,2.6098124,3.5941936,0.0433096,0.0567348
/home/yoxara/Insync/DMSimp_vector_axial_pp_xxj_NLO_eff/Events/run_74/events_PYTHIA8_0.hepmc.gz,0.09031,20000,Axial,DM+QCDjets,1200.0,600.0,1.0,0.25,atlas_exot_2018_06,IM3,1.9117715,2.8302441,0.029735,0.0473424
/home/yoxara/Insync/DMSimp_vector_axial_pp_xxj_NLO_eff/Events/run_74/events_PYTHIA8_0.hepmc.gz,0.09031,20000,Axial,DM+QCDjets,1200.0,600.0,1.0,0.25,atlas_exot_2018_06,IM4,1.4117331,2.2569463,0.0232709,0.0420208
/home/yoxara/Insync/DMSimp_vector_axial_pp_xxj_NLO_eff/Events/run_74/events_PYTHIA8_0.hepmc.gz,0.09031,20000,Axial,DM+QCDjets,1200.0,600.0,1.0,0.25,atlas_exot_2018_06,IM5,1.1456354,1.7344431,0.012605,0.0310949
/home/yoxara/Insync/DMSimp_vector_axial_pp_xxj_NLO_eff/Events/run_74/events_PYTHIA8_0.hepmc.gz,0.09031,20000,Axial,DM+QCDjets,1200.0,600.0,1.0,0.25,atlas_exot_2018_06,IM6,1.155443,1.6904051,0.0063025,0.0220575
/home/yoxara/Insync/DMSimp_vector_axial_pp_xxj_NLO_eff/Events/run_74/events_PYTHIA8_0.hepmc.gz,0.09031,20000,Axial,DM+QCDjets,1200.0,600.0,1.0,0.25,atlas_exot_2018_06,IM7,0.8852289,1.044244,0.0040401,0.0176802
/home/yoxara/Insync/DMSimp_vector_axial_pp_xxj_NLO_eff/Events/run_74/events_PYTHIA8_0.hepmc.gz,0.09031,20000,Axial,DM+QCDjets,1200.0,600.0,1.0,0.25,atlas_exot_2018_06,IM8,1.1326118,1.2024679,0.0017776,0.011741
/home/yoxara/Insync/DMSimp_vector_axial_pp_xxj_NLO_eff/Events/run_74/events_PYTHIA8_0.hepmc.gz,0.09031,20000,Axial,DM+QCDjets,1200.0,600.0,1.0,0.25,atlas_exot_2018_06,IM9,1.3042117,1.2372847,0.0009696,0.0086748
/home/yoxara/Insync/DMSimp_vector_axial_pp_xxj_NLO_eff/Events/run_74/events_PYTHIA8_0.hepmc.gz,0.09031,20000,Axial,DM+QCDjets,1200.0,600.0,1.0,0.25,atlas_exot_2018_06,IM10,0.6417604,0.9922019,0.0014544,0.0106219
/home/yoxara/Insync/DMSimp_vector_axial_pp_xxj_NLO_eff/Events/run_74/events_PYTHIA8_0.hepmc.gz,0.09031,20000,Axial,DM+QCDjets,1200.0,600.0,1.0,0.25,atlas_exot_2018_06,IM11,0.5822861,0.5198652,0.0009696,0.0086748
/home/yoxara/Insync/DMSimp_vector_axial_pp_xxj_NLO_eff/Events/run_74/events_PYTHIA8_0.hepmc.gz,0.09031,20000,Axial,DM+QCDjets,1200.0,600.0,1.0,0.25,atlas_exot_2018_06,IM12,0.5395809,0.4276577,0.0006464,0.0070841
/home/yoxara/Insync/DMSimp_vector_axial_pp_xxj_NLO_eff/Events/run_74/events_PYTHIA8_0.hepmc.gz,0.09031,20000,Axial,DM+QCDjets,1200.0,600.0,1.0,0.25,atlas_exot_2018_06,EM0,17.897895,19.9354681,0.0205236,0.039518
/home/yoxara/Insync/DMSimp_vector_axial_pp_xxj_NLO_eff/Events/run_74/events_PYTHIA8_0.hepmc.gz,0.09031,20000,Axial,DM+QCDjets,1200.0,600.0,1.0,0.25,atlas_exot_2018_06,EM1,10.8650644,10.5123477,0.011797,0.0300941
/home/yoxara/Insync/DMSimp_vector_axial_pp_xxj_NLO_eff/Events/run_74/events_PYTHIA8_0.hepmc.gz,0.09031,20000,Axial,DM+QCDjets,1200.0,600.0,1.0,0.25,atlas_exot_2018_06,EM2,3.6967426,3.6420888,0.0135747,0.0322528
/home/yoxara/Insync/DMSimp_vector_axial_pp_xxj_NLO_eff/Events/run_74/events_PYTHIA8_0.hepmc.gz,0.09031,20000,Axial,DM+QCDjets,1200.0,600.0,1.0,0.25,atlas_exot_2018_06,EM3,3.5764321,4.341761,0.0064641,0.0223366
/home/yoxara/Insync/DMSimp_vector_axial_pp_xxj_NLO_eff/Events/run_74/events_PYTHIA8_0.hepmc.gz,0.09031,20000,Axial,DM+QCDjets,1200.0,600.0,1.0,0.25,atlas_exot_2018_06,EM4,1.6487033,2.3143925,0.0106658,0.0286312
/home/yoxara/Insync/DMSimp_vector_axial_pp_xxj_NLO_eff/Events/run_74/events_PYTHIA8_0.hepmc.gz,0.09031,20000,Axial,DM+QCDjets,1200.0,600.0,1.0,0.25,atlas_exot_2018_06,EM5,0.971482,1.1851489,0.0063025,0.0220575
/home/yoxara/Insync/DMSimp_vector_axial_pp_xxj_NLO_eff/Events/run_74/events_PYTHIA8_0.hepmc.gz,0.09031,20000,Axial,DM+QCDjets,1200.0,600.0,1.0,0.25,atlas_exot_2018_06,EM6,1.2814852,1.7852403,0.0022624,0.0132425
/home/yoxara/Insync/DMSimp_vector_axial_pp_xxj_NLO_eff/Events/run_74/events_PYTHIA8_0.hepmc.gz,0.09031,20000,Axial,DM+QCDjets,1200.0,600.0,1.0,0.25,atlas_exot_2018_06,EM7,0.6369711,0.9249721,0.0022624,0.0132425
/home/yoxara/Insync/DMSimp_vector_axial_pp_xxj_NLO_eff/Events/run_74/events_PYTHIA8_0.hepmc.gz,0.09031,20000,Axial,DM+QCDjets,1200.0,600.0,1.0,0.25,atlas_exot_2018_06,EM8,1.0070423,1.1537343,0.000808,0.0079196
/home/yoxara/Insync/DMSimp_vector_axial_pp_xxj_NLO_eff/Events/run_74/events_PYTHIA8_0.hepmc.gz,0.09031,20000,Axial,DM+QCDjets,1200.0,600.0,1.0,0.25,atlas_exot_2018_06,EM9,-1.0,-1.0,0.0,0.0
/home/yoxara/Insync/DMSimp_vector_axial_pp_xxj_NLO_eff/Events/run_74/events_PYTHIA8_0.hepmc.gz,0.09031,20000,Axial,DM+QCDjets,1200.0,600.0,1.0,0.25,atlas_exot_2018_06,EM10,0.645706,1.3764197,0.0004848,0.0061355
/home/yoxara/Insync/DMSimp_vector_axial_pp_xxj_NLO_eff/Events/run_74/events_PYTHIA8_0.hepmc.gz,0.09031,20000,Axial,DM+QCDjets,1200.0,600.0,1.0,0.25,atlas_exot_2018_06,EM11,0.67887,0.7613487,0.0003232,0.00501
/home/yoxara/Insync/DMSimp_vector_axial_pp_xxj_NLO_eff/Events/run_74/events_PYTHIA8_0.hepmc.gz,0.09031,20000,Axial,DM+QCDjets,1200.0,600.0,1.0,0.25,atlas_exot_2018_06,EM12,0.3939094,0.3143801,0.0006464,0.0070841
/home/yoxara/Insync/DMSimp_vector_axial_pp_xxj_NLO_eff/Events/run_75/events_PYTHIA8_0.hepmc.gz,0.0609,20000,Axial,DM+QCDjets,1200.0,610.0,1.0,0.25,atlas_exot_2018_06,IM0,7.3749591,9.3407225,0.0765752,0.0892737
/home/yoxara/Insync/DMSimp_vector_axial_pp_xxj_NLO_eff/Events/run_75/events_PYTHIA8_0.hepmc.gz,0.0609,20000,Axial,DM+QCDjets,1200.0,610.0,1.0,0.25,atlas_exot_2018_06,IM1,3.7942142,4.7835302,0.0595758,0.079465
/home/yoxara/Insync/DMSimp_vector_axial_pp_xxj_NLO_eff/Events/run_75/events_PYTHIA8_0.hepmc.gz,0.0609,20000,Axial,DM+QCDjets,1200.0,610.0,1.0,0.25,atlas_exot_2018_06,IM2,2.6654026,3.6642632,0.0425764,0.0677822
/home/yoxara/Insync/DMSimp_vector_axial_pp_xxj_NLO_eff/Events/run_75/events_PYTHIA8_0.hepmc.gz,0.0609,20000,Axial,DM+QCDjets,1200.0,610.0,1.0,0.25,atlas_exot_2018_06,IM3,1.9349331,2.8530709,0.02932,0.0566369
/home/yoxara/Insync/DMSimp_vector_axial_pp_xxj_NLO_eff/Events/run_75/events_PYTHIA8_0.hepmc.gz,0.0609,20000,Axial,DM+QCDjets,1200.0,610.0,1.0,0.25,atlas_exot_2018_06,IM4,1.4936337,2.3728567,0.02199,0.0492338
/home/yoxara/Insync/DMSimp_vector_axial_pp_xxj_NLO_eff/Events/run_75/events_PYTHIA8_0.hepmc.gz,0.0609,20000,Axial,DM+QCDjets,1200.0,610.0,1.0,0.25,atlas_exot_2018_06,IM5,1.1718395,1.7829005,0.0123207,0.0370343
/home/yoxara/Insync/DMSimp_vector_axial_pp_xxj_NLO_eff/Events/run_75/events_PYTHIA8_0.hepmc.gz,0.0609,20000,Axial,DM+QCDjets,1200.0,610.0,1.0,0.25,atlas_exot_2018_06,IM6,1.0851135,1.5877672,0.0067062,0.0274003
/home/yoxara/Insync/DMSimp_vector_axial_pp_xxj_NLO_eff/Events/run_75/events_PYTHIA8_0.hepmc.gz,0.0609,20000,Axial,DM+QCDjets,1200.0,610.0,1.0,0.25,atlas_exot_2018_06,IM7,0.9214663,1.0812634,0.0038989,0.020922
/home/yoxara/Insync/DMSimp_vector_axial_pp_xxj_NLO_eff/Events/run_75/events_PYTHIA8_0.hepmc.gz,0.0609,20000,Axial,DM+QCDjets,1200.0,610.0,1.0,0.25,atlas_exot_2018_06,IM8,0.7554842,0.808272,0.0026513,0.0172636
/home/yoxara/Insync/DMSimp_vector_axial_pp_xxj_NLO_eff/Events/run_75/events_PYTHIA8_0.hepmc.gz,0.0609,20000,Axial,DM+QCDjets,1200.0,610.0,1.0,0.25,atlas_exot_2018_06,IM9,0.6231833,0.5909534,0.0020274,0.0151013
/home/yoxara/Insync/DMSimp_vector_axial_pp_xxj_NLO_eff/Events/run_75/events_PYTHIA8_0.hepmc.gz,0.0609,20000,Axial,DM+QCDjets,1200.0,610.0,1.0,0.25,atlas_exot_2018_06,IM10,1.4923364,2.3132142,0.0006238,0.0083826
/home/yoxara/Insync/DMSimp_vector_axial_pp_xxj_NLO_eff/Events/run_75/events_PYTHIA8_0.hepmc.gz,0.0609,20000,Axial,DM+QCDjets,1200.0,610.0,1.0,0.25,atlas_exot_2018_06,IM11,1.2083539,1.0778685,0.0004679,0.0072601
/home/yoxara/Insync/DMSimp_vector_axial_pp_xxj_NLO_eff/Events/run_75/events_PYTHIA8_0.hepmc.gz,0.0609,20000,Axial,DM+QCDjets,1200.0,610.0,1.0,0.25,atlas_exot_2018_06,IM12,2.225366,1.7630153,0.000156,0.0041923
/home/yoxara/Insync/DMSimp_vector_axial_pp_xxj_NLO_eff/Events/run_75/events_PYTHIA8_0.hepmc.gz,0.0609,20000,Axial,DM+QCDjets,1200.0,610.0,1.0,0.25,atlas_exot_2018_06,EM0,21.7032758,24.1908146,0.0169994,0.0433983
/home/yoxara/Insync/DMSimp_vector_axial_pp_xxj_NLO_eff/Events/run_75/events_PYTHIA8_0.hepmc.gz,0.0609,20000,Axial,DM+QCDjets,1200.0,610.0,1.0,0.25,atlas_exot_2018_06,EM1,7.5227368,7.3275883,0.0169994,0.0433983
/home/yoxara/Insync/DMSimp_vector_axial_pp_xxj_NLO_eff/Events/run_75/events_PYTHIA8_0.hepmc.gz,0.0609,20000,Axial,DM+QCDjets,1200.0,610.0,1.0,0.25,atlas_exot_2018_06,EM2,3.7789061,3.7423287,0.0132564,0.0383967
/home/yoxara/Insync/DMSimp_vector_axial_pp_xxj_NLO_eff/Events/run_75/events_PYTHIA8_0.hepmc.gz,0.0609,20000,Axial,DM+QCDjets,1200.0,610.0,1.0,0.25,atlas_exot_2018_06,EM3,3.1725383,3.8308942,0.00733,0.0286374
/home/yoxara/Insync/DMSimp_vector_axial_pp_xxj_NLO_eff/Events/run_75/events_PYTHIA8_0.hepmc.gz,0.0609,20000,Axial,DM+QCDjets,1200.0,610.0,1.0,0.25,atlas_exot_2018_06,EM4,1.8070593,2.5554437,0.0096694,0.0328525
/home/yoxara/Insync/DMSimp_vector_axial_pp_xxj_NLO_eff/Events/run_75/events_PYTHIA8_0.hepmc.gz,0.0609,20000,Axial,DM+QCDjets,1200.0,610.0,1.0,0.25,atlas_exot_2018_06,EM5,1.091125,1.3356258,0.0056145,0.0250848
/home/yoxara/Insync/DMSimp_vector_axial_pp_xxj_NLO_eff/Events/run_75/events_PYTHIA8_0.hepmc.gz,0.0609,20000,Axial,DM+QCDjets,1200.0,610.0,1.0,0.25,atlas_exot_2018_06,EM6,1.0334139,1.4399619,0.0028072,0.0177627
/home/yoxara/Insync/DMSimp_vector_axial_pp_xxj_NLO_eff/Events/run_75/events_PYTHIA8_0.hepmc.gz,0.0609,20000,Axial,DM+QCDjets,1200.0,610.0,1.0,0.25,atlas_exot_2018_06,EM7,1.1506991,1.6785737,0.0012477,0.011851
/home/yoxara/Insync/DMSimp_vector_axial_pp_xxj_NLO_eff/Events/run_75/events_PYTHIA8_0.hepmc.gz,0.0609,20000,Axial,DM+QCDjets,1200.0,610.0,1.0,0.25,atlas_exot_2018_06,EM8,1.3046885,1.4879916,0.0006238,0.0083826
/home/yoxara/Insync/DMSimp_vector_axial_pp_xxj_NLO_eff/Events/run_75/events_PYTHIA8_0.hepmc.gz,0.0609,20000,Axial,DM+QCDjets,1200.0,610.0,1.0,0.25,atlas_exot_2018_06,EM9,0.3480871,0.2960249,0.0014036,0.0125689
/home/yoxara/Insync/DMSimp_vector_axial_pp_xxj_NLO_eff/Events/run_75/events_PYTHIA8_0.hepmc.gz,0.0609,20000,Axial,DM+QCDjets,1200.0,610.0,1.0,0.25,atlas_exot_2018_06,EM10,2.012487,4.2782904,0.000156,0.0041923
/home/yoxara/Insync/DMSimp_vector_axial_pp_xxj_NLO_eff/Events/run_75/events_PYTHIA8_0.hepmc.gz,0.0609,20000,Axial,DM+QCDjets,1200.0,610.0,1.0,0.25,atlas_exot_2018_06,EM11,0.7066322,0.7901526,0.0003119,0.0059283
/home/yoxara/Insync/DMSimp_vector_axial_pp_xxj_NLO_eff/Events/run_75/events_PYTHIA8_0.hepmc.gz,0.0609,20000,Axial,DM+QCDjets,1200.0,610.0,1.0,0.25,atlas_exot_2018_06,EM12,1.6257512,1.3168335,0.000156,0.0041923
/home/yoxara/Insync/DMSimp_vector_axial_pp_xxj_NLO_eff/Events/run_76/events_PYTHIA8_0.hepmc.gz,0.006873,20000,Axial,DM+QCDjets,1200.0,750.0,1.0,0.25,atlas_exot_2018_06,IM0,6.43078,8.1716983,0.0878016,0.2872211
/home/yoxara/Insync/DMSimp_vector_axial_pp_xxj_NLO_eff/Events/run_76/events_PYTHIA8_0.hepmc.gz,0.006873,20000,Axial,DM+QCDjets,1200.0,750.0,1.0,0.25,atlas_exot_2018_06,IM1,3.2844136,4.117948,0.0690349,0.2572891
/home/yoxara/Insync/DMSimp_vector_axial_pp_xxj_NLO_eff/Events/run_76/events_PYTHIA8_0.hepmc.gz,0.006873,20000,Axial,DM+QCDjets,1200.0,750.0,1.0,0.25,atlas_exot_2018_06,IM2,2.2146287,3.0389243,0.0511059,0.2234935
/home/yoxara/Insync/DMSimp_vector_axial_pp_xxj_NLO_eff/Events/run_76/events_PYTHIA8_0.hepmc.gz,0.006873,20000,Axial,DM+QCDjets,1200.0,750.0,1.0,0.25,atlas_exot_2018_06,IM3,1.3859316,2.0474456,0.0408847,0.2009724
/home/yoxara/Insync/DMSimp_vector_axial_pp_xxj_NLO_eff/Events/run_76/events_PYTHIA8_0.hepmc.gz,0.006873,20000,Axial,DM+QCDjets,1200.0,750.0,1.0,0.25,atlas_exot_2018_06,IM4,1.0382056,1.6609015,0.0315013,0.1772697
/home/yoxara/Insync/DMSimp_vector_axial_pp_xxj_NLO_eff/Events/run_76/events_PYTHIA8_0.hepmc.gz,0.006873,20000,Axial,DM+QCDjets,1200.0,750.0,1.0,0.25,atlas_exot_2018_06,IM5,0.8567042,1.3058827,0.016756,0.1302677
/home/yoxara/Insync/DMSimp_vector_axial_pp_xxj_NLO_eff/Events/run_76/events_PYTHIA8_0.hepmc.gz,0.006873,20000,Axial,DM+QCDjets,1200.0,750.0,1.0,0.25,atlas_exot_2018_06,IM6,0.656475,0.9623819,0.011059,0.1061361
/home/yoxara/Insync/DMSimp_vector_axial_pp_xxj_NLO_eff/Events/run_76/events_PYTHIA8_0.hepmc.gz,0.006873,20000,Axial,DM+QCDjets,1200.0,750.0,1.0,0.25,atlas_exot_2018_06,IM7,0.5090634,0.601011,0.0070375,0.0848393
/home/yoxara/Insync/DMSimp_vector_axial_pp_xxj_NLO_eff/Events/run_76/events_PYTHIA8_0.hepmc.gz,0.006873,20000,Axial,DM+QCDjets,1200.0,750.0,1.0,0.25,atlas_exot_2018_06,IM8,0.5968972,0.6406753,0.0033512,0.0586532
/home/yoxara/Insync/DMSimp_vector_axial_pp_xxj_NLO_eff/Events/run_76/events_PYTHIA8_0.hepmc.gz,0.006873,20000,Axial,DM+QCDjets,1200.0,750.0,1.0,0.25,atlas_exot_2018_06,IM9,0.9418372,0.8810828,0.0013405,0.037133
/home/yoxara/Insync/DMSimp_vector_axial_pp_xxj_NLO_eff/Events/run_76/events_PYTHIA8_0.hepmc.gz,0.006873,20000,Axial,DM+QCDjets,1200.0,750.0,1.0,0.25,atlas_exot_2018_06,IM10,1.3918866,2.1466573,0.0006702,0.0262658
/home/yoxara/Insync/DMSimp_vector_axial_pp_xxj_NLO_eff/Events/run_76/events_PYTHIA8_0.hepmc.gz,0.006873,20000,Axial,DM+QCDjets,1200.0,750.0,1.0,0.25,atlas_exot_2018_06,IM11,1.6802907,1.4995414,0.0003351,0.0185758
/home/yoxara/Insync/DMSimp_vector_axial_pp_xxj_NLO_eff/Events/run_76/events_PYTHIA8_0.hepmc.gz,0.006873,20000,Axial,DM+QCDjets,1200.0,750.0,1.0,0.25,atlas_exot_2018_06,IM12,2.0801382,1.6495348,0.0001676,0.0131362
/home/yoxara/Insync/DMSimp_vector_axial_pp_xxj_NLO_eff/Events/run_76/events_PYTHIA8_0.hepmc.gz,0.006873,20000,Axial,DM+QCDjets,1200.0,750.0,1.0,0.25,atlas_exot_2018_06,EM0,19.5816807,21.9193852,0.0187668,0.1377213
/home/yoxara/Insync/DMSimp_vector_axial_pp_xxj_NLO_eff/Events/run_76/events_PYTHIA8_0.hepmc.gz,0.006873,20000,Axial,DM+QCDjets,1200.0,750.0,1.0,0.25,atlas_exot_2018_06,EM1,7.1129783,6.9317794,0.017929,0.1346695
/home/yoxara/Insync/DMSimp_vector_axial_pp_xxj_NLO_eff/Events/run_76/events_PYTHIA8_0.hepmc.gz,0.006873,20000,Axial,DM+QCDjets,1200.0,750.0,1.0,0.25,atlas_exot_2018_06,EM2,4.8533145,4.8595218,0.0102212,0.1020799
/home/yoxara/Insync/DMSimp_vector_axial_pp_xxj_NLO_eff/Events/run_76/events_PYTHIA8_0.hepmc.gz,0.006873,20000,Axial,DM+QCDjets,1200.0,750.0,1.0,0.25,atlas_exot_2018_06,EM3,2.4679022,3.0037775,0.0093834,0.0978482
/home/yoxara/Insync/DMSimp_vector_axial_pp_xxj_NLO_eff/Events/run_76/events_PYTHIA8_0.hepmc.gz,0.006873,20000,Axial,DM+QCDjets,1200.0,750.0,1.0,0.25,atlas_exot_2018_06,EM4,1.1908869,1.680164,0.0147453,0.1223268
/home/yoxara/Insync/DMSimp_vector_axial_pp_xxj_NLO_eff/Events/run_76/events_PYTHIA8_0.hepmc.gz,0.006873,20000,Axial,DM+QCDjets,1200.0,750.0,1.0,0.25,atlas_exot_2018_06,EM5,1.0748329,1.3181285,0.0056971,0.0763844
/home/yoxara/Insync/DMSimp_vector_axial_pp_xxj_NLO_eff/Events/run_76/events_PYTHIA8_0.hepmc.gz,0.006873,20000,Axial,DM+QCDjets,1200.0,750.0,1.0,0.25,atlas_exot_2018_06,EM6,0.721226,1.0,0.0040214,0.0642298
/home/yoxara/Insync/DMSimp_vector_axial_pp_xxj_NLO_eff/Events/run_76/events_PYTHIA8_0.hepmc.gz,0.006873,20000,Axial,DM+QCDjets,1200.0,750.0,1.0,0.25,atlas_exot_2018_06,EM7,0.3899433,0.5697649,0.0036863,0.0615057
/home/yoxara/Insync/DMSimp_vector_axial_pp_xxj_NLO_eff/Events/run_76/events_PYTHIA8_0.hepmc.gz,0.006873,20000,Axial,DM+QCDjets,1200.0,750.0,1.0,0.25,atlas_exot_2018_06,EM8,0.4035453,0.4636767,0.0020107,0.0454632
/home/yoxara/Insync/DMSimp_vector_axial_pp_xxj_NLO_eff/Events/run_76/events_PYTHIA8_0.hepmc.gz,0.006873,20000,Axial,DM+QCDjets,1200.0,750.0,1.0,0.25,atlas_exot_2018_06,EM9,0.7302774,0.6215786,0.0006702,0.0262658
/home/yoxara/Insync/DMSimp_vector_axial_pp_xxj_NLO_eff/Events/run_76/events_PYTHIA8_0.hepmc.gz,0.006873,20000,Axial,DM+QCDjets,1200.0,750.0,1.0,0.25,atlas_exot_2018_06,EM10,0.9330369,1.991427,0.0003351,0.0185758
/home/yoxara/Insync/DMSimp_vector_axial_pp_xxj_NLO_eff/Events/run_76/events_PYTHIA8_0.hepmc.gz,0.006873,20000,Axial,DM+QCDjets,1200.0,750.0,1.0,0.25,atlas_exot_2018_06,EM11,1.3173405,1.4700323,0.0001676,0.0131362
/home/yoxara/Insync/DMSimp_vector_axial_pp_xxj_NLO_eff/Events/run_76/events_PYTHIA8_0.hepmc.gz,0.006873,20000,Axial,DM+QCDjets,1200.0,750.0,1.0,0.25,atlas_exot_2018_06,EM12,1.5206126,1.2117126,0.0001676,0.0131362
/home/yoxara/Insync/DMSimp_vector_axial_pp_xxj_NLO_eff/Events/run_77/events_PYTHIA8_0.hepmc.gz,2.176,20000,Axial,DM+QCDjets,1500.0,0.0,1.0,0.25,atlas_exot_2018_06,IM0,7.3539315,9.3105236,0.0769097,0.014976
/home/yoxara/Insync/DMSimp_vector_axial_pp_xxj_NLO_eff/Events/run_77/events_PYTHIA8_0.hepmc.gz,2.176,20000,Axial,DM+QCDjets,1500.0,0.0,1.0,0.25,atlas_exot_2018_06,IM1,4.0854025,5.1394812,0.0553819,0.0128557
/home/yoxara/Insync/DMSimp_vector_axial_pp_xxj_NLO_eff/Events/run_77/events_PYTHIA8_0.hepmc.gz,2.176,20000,Axial,DM+QCDjets,1500.0,0.0,1.0,0.25,atlas_exot_2018_06,IM2,2.9642685,4.054834,0.038368,0.0107962
/home/yoxara/Insync/DMSimp_vector_axial_pp_xxj_NLO_eff/Events/run_77/events_PYTHIA8_0.hepmc.gz,2.176,20000,Axial,DM+QCDjets,1500.0,0.0,1.0,0.25,atlas_exot_2018_06,IM3,2.055329,3.0513331,0.0276042,0.0092086
/home/yoxara/Insync/DMSimp_vector_axial_pp_xxj_NLO_eff/Events/run_77/events_PYTHIA8_0.hepmc.gz,2.176,20000,Axial,DM+QCDjets,1500.0,0.0,1.0,0.25,atlas_exot_2018_06,IM4,1.8159609,2.8908893,0.0180556,0.007484
/home/yoxara/Insync/DMSimp_vector_axial_pp_xxj_NLO_eff/Events/run_77/events_PYTHIA8_0.hepmc.gz,2.176,20000,Axial,DM+QCDjets,1500.0,0.0,1.0,0.25,atlas_exot_2018_06,IM5,1.6005556,2.4157803,0.0090278,0.0053162
/home/yoxara/Insync/DMSimp_vector_axial_pp_xxj_NLO_eff/Events/run_77/events_PYTHIA8_0.hepmc.gz,2.176,20000,Axial,DM+QCDjets,1500.0,0.0,1.0,0.25,atlas_exot_2018_06,IM6,1.444169,2.1130375,0.0050347,0.0039781
/home/yoxara/Insync/DMSimp_vector_axial_pp_xxj_NLO_eff/Events/run_77/events_PYTHIA8_0.hepmc.gz,2.176,20000,Axial,DM+QCDjets,1500.0,0.0,1.0,0.25,atlas_exot_2018_06,IM7,1.6000894,1.8651471,0.0022569,0.0026672
/home/yoxara/Insync/DMSimp_vector_axial_pp_xxj_NLO_eff/Events/run_77/events_PYTHIA8_0.hepmc.gz,2.176,20000,Axial,DM+QCDjets,1500.0,0.0,1.0,0.25,atlas_exot_2018_06,IM8,1.2838944,1.3696716,0.0015625,0.00222
/home/yoxara/Insync/DMSimp_vector_axial_pp_xxj_NLO_eff/Events/run_77/events_PYTHIA8_0.hepmc.gz,2.176,20000,Axial,DM+QCDjets,1500.0,0.0,1.0,0.25,atlas_exot_2018_06,IM9,2.4045291,2.2864141,0.0005208,0.0012824
/home/yoxara/Insync/DMSimp_vector_axial_pp_xxj_NLO_eff/Events/run_77/events_PYTHIA8_0.hepmc.gz,2.176,20000,Axial,DM+QCDjets,1500.0,0.0,1.0,0.25,atlas_exot_2018_06,IM10,2.6916745,4.1500432,0.0003472,0.0010472
/home/yoxara/Insync/DMSimp_vector_axial_pp_xxj_NLO_eff/Events/run_77/events_PYTHIA8_0.hepmc.gz,2.176,20000,Axial,DM+QCDjets,1500.0,0.0,1.0,0.25,atlas_exot_2018_06,IM11,1.6185492,1.4461609,0.0003472,0.0010472
/home/yoxara/Insync/DMSimp_vector_axial_pp_xxj_NLO_eff/Events/run_77/events_PYTHIA8_0.hepmc.gz,2.176,20000,Axial,DM+QCDjets,1500.0,0.0,1.0,0.25,atlas_exot_2018_06,IM12,-1.0,-1.0,0.0,0.0
/home/yoxara/Insync/DMSimp_vector_axial_pp_xxj_NLO_eff/Events/run_77/events_PYTHIA8_0.hepmc.gz,2.176,20000,Axial,DM+QCDjets,1500.0,0.0,1.0,0.25,atlas_exot_2018_06,EM0,17.0295121,19.1817863,0.0215278,0.0081575
/home/yoxara/Insync/DMSimp_vector_axial_pp_xxj_NLO_eff/Events/run_77/events_PYTHIA8_0.hepmc.gz,2.176,20000,Axial,DM+QCDjets,1500.0,0.0,1.0,0.25,atlas_exot_2018_06,EM1,7.4864025,7.3082448,0.0170139,0.0072687
/home/yoxara/Insync/DMSimp_vector_axial_pp_xxj_NLO_eff/Events/run_77/events_PYTHIA8_0.hepmc.gz,2.176,20000,Axial,DM+QCDjets,1500.0,0.0,1.0,0.25,atlas_exot_2018_06,EM2,4.6652717,4.6137463,0.0107639,0.0057999
/home/yoxara/Insync/DMSimp_vector_axial_pp_xxj_NLO_eff/Events/run_77/events_PYTHIA8_0.hepmc.gz,2.176,20000,Axial,DM+QCDjets,1500.0,0.0,1.0,0.25,atlas_exot_2018_06,EM3,2.4340486,2.9372212,0.0095486,0.005466
/home/yoxara/Insync/DMSimp_vector_axial_pp_xxj_NLO_eff/Events/run_77/events_PYTHIA8_0.hepmc.gz,2.176,20000,Axial,DM+QCDjets,1500.0,0.0,1.0,0.25,atlas_exot_2018_06,EM4,1.938531,2.7371099,0.0090278,0.0053162
/home/yoxara/Insync/DMSimp_vector_axial_pp_xxj_NLO_eff/Events/run_77/events_PYTHIA8_0.hepmc.gz,2.176,20000,Axial,DM+QCDjets,1500.0,0.0,1.0,0.25,atlas_exot_2018_06,EM5,1.5461964,1.8837872,0.0039931,0.0035446
/home/yoxara/Insync/DMSimp_vector_axial_pp_xxj_NLO_eff/Events/run_77/events_PYTHIA8_0.hepmc.gz,2.176,20000,Axial,DM+QCDjets,1500.0,0.0,1.0,0.25,atlas_exot_2018_06,EM6,1.0402974,1.4535421,0.0027778,0.0029582
/home/yoxara/Insync/DMSimp_vector_axial_pp_xxj_NLO_eff/Events/run_77/events_PYTHIA8_0.hepmc.gz,2.176,20000,Axial,DM+QCDjets,1500.0,0.0,1.0,0.25,atlas_exot_2018_06,EM7,2.0657165,3.0232933,0.0006944,0.0014806
/home/yoxara/Insync/DMSimp_vector_axial_pp_xxj_NLO_eff/Events/run_77/events_PYTHIA8_0.hepmc.gz,2.176,20000,Axial,DM+QCDjets,1500.0,0.0,1.0,0.25,atlas_exot_2018_06,EM8,0.778445,0.893829,0.0010417,0.0018131
/home/yoxara/Insync/DMSimp_vector_axial_pp_xxj_NLO_eff/Events/run_77/events_PYTHIA8_0.hepmc.gz,2.176,20000,Axial,DM+QCDjets,1500.0,0.0,1.0,0.25,atlas_exot_2018_06,EM9,2.8233906,2.3863001,0.0001736,0.0007405
/home/yoxara/Insync/DMSimp_vector_axial_pp_xxj_NLO_eff/Events/run_77/events_PYTHIA8_0.hepmc.gz,2.176,20000,Axial,DM+QCDjets,1500.0,0.0,1.0,0.25,atlas_exot_2018_06,EM10,-1.0,-1.0,0.0,0.0
/home/yoxara/Insync/DMSimp_vector_axial_pp_xxj_NLO_eff/Events/run_77/events_PYTHIA8_0.hepmc.gz,2.176,20000,Axial,DM+QCDjets,1500.0,0.0,1.0,0.25,atlas_exot_2018_06,EM11,0.6344898,0.7083986,0.0003472,0.0010472
/home/yoxara/Insync/DMSimp_vector_axial_pp_xxj_NLO_eff/Events/run_77/events_PYTHIA8_0.hepmc.gz,2.176,20000,Axial,DM+QCDjets,1500.0,0.0,1.0,0.25,atlas_exot_2018_06,EM12,-1.0,-1.0,0.0,0.0
/home/yoxara/Insync/DMSimp_vector_axial_pp_xxj_NLO_eff/Events/run_78/events_PYTHIA8_0.hepmc.gz,2.114,20000,Axial,DM+QCDjets,1500.0,50.0,1.0,0.25,atlas_exot_2018_06,IM0,6.889377,8.7496214,0.0820577,0.0157604
/home/yoxara/Insync/DMSimp_vector_axial_pp_xxj_NLO_eff/Events/run_78/events_PYTHIA8_0.hepmc.gz,2.114,20000,Axial,DM+QCDjets,1500.0,50.0,1.0,0.25,atlas_exot_2018_06,IM1,3.7358079,4.7053637,0.0605198,0.0136928
/home/yoxara/Insync/DMSimp_vector_axial_pp_xxj_NLO_eff/Events/run_78/events_PYTHIA8_0.hepmc.gz,2.114,20000,Axial,DM+QCDjets,1500.0,50.0,1.0,0.25,atlas_exot_2018_06,IM2,2.3771068,3.2737906,0.0475258,0.0122178
/home/yoxara/Insync/DMSimp_vector_axial_pp_xxj_NLO_eff/Events/run_78/events_PYTHIA8_0.hepmc.gz,2.114,20000,Axial,DM+QCDjets,1500.0,50.0,1.0,0.25,atlas_exot_2018_06,IM3,1.621324,2.3918971,0.0350659,0.0105631
/home/yoxara/Insync/DMSimp_vector_axial_pp_xxj_NLO_eff/Events/run_78/events_PYTHIA8_0.hepmc.gz,2.114,20000,Axial,DM+QCDjets,1500.0,50.0,1.0,0.25,atlas_exot_2018_06,IM4,1.2537212,2.0106466,0.0259879,0.0091362
/home/yoxara/Insync/DMSimp_vector_axial_pp_xxj_NLO_eff/Events/run_78/events_PYTHIA8_0.hepmc.gz,2.114,20000,Axial,DM+QCDjets,1500.0,50.0,1.0,0.25,atlas_exot_2018_06,IM5,1.2305932,1.8712617,0.011748,0.0061875
/home/yoxara/Insync/DMSimp_vector_axial_pp_xxj_NLO_eff/Events/run_78/events_PYTHIA8_0.hepmc.gz,2.114,20000,Axial,DM+QCDjets,1500.0,50.0,1.0,0.25,atlas_exot_2018_06,IM6,0.9742706,1.4253468,0.007476,0.0049466
/home/yoxara/Insync/DMSimp_vector_axial_pp_xxj_NLO_eff/Events/run_78/events_PYTHIA8_0.hepmc.gz,2.114,20000,Axial,DM+QCDjets,1500.0,50.0,1.0,0.25,atlas_exot_2018_06,IM7,0.6723761,0.7922883,0.00534,0.0041851
/home/yoxara/Insync/DMSimp_vector_axial_pp_xxj_NLO_eff/Events/run_78/events_PYTHIA8_0.hepmc.gz,2.114,20000,Axial,DM+QCDjets,1500.0,50.0,1.0,0.25,atlas_exot_2018_06,IM8,0.7041213,0.7514446,0.002848,0.0030602
/home/yoxara/Insync/DMSimp_vector_axial_pp_xxj_NLO_eff/Events/run_78/events_PYTHIA8_0.hepmc.gz,2.114,20000,Axial,DM+QCDjets,1500.0,50.0,1.0,0.25,atlas_exot_2018_06,IM9,0.7116862,0.6705028,0.00178,0.0024206
/home/yoxara/Insync/DMSimp_vector_axial_pp_xxj_NLO_eff/Events/run_78/events_PYTHIA8_0.hepmc.gz,2.114,20000,Axial,DM+QCDjets,1500.0,50.0,1.0,0.25,atlas_exot_2018_06,IM10,0.8712207,1.3479803,0.001068,0.0018757
/home/yoxara/Insync/DMSimp_vector_axial_pp_xxj_NLO_eff/Events/run_78/events_PYTHIA8_0.hepmc.gz,2.114,20000,Axial,DM+QCDjets,1500.0,50.0,1.0,0.25,atlas_exot_2018_06,IM11,0.7930614,0.7081394,0.000712,0.0015317
/home/yoxara/Insync/DMSimp_vector_axial_pp_xxj_NLO_eff/Events/run_78/events_PYTHIA8_0.hepmc.gz,2.114,20000,Axial,DM+QCDjets,1500.0,50.0,1.0,0.25,atlas_exot_2018_06,IM12,-1.0,-1.0,0.0,0.0
/home/yoxara/Insync/DMSimp_vector_axial_pp_xxj_NLO_eff/Events/run_78/events_PYTHIA8_0.hepmc.gz,2.114,20000,Axial,DM+QCDjets,1500.0,50.0,1.0,0.25,atlas_exot_2018_06,EM0,17.0250825,19.0617498,0.0215379,0.0083363
/home/yoxara/Insync/DMSimp_vector_axial_pp_xxj_NLO_eff/Events/run_78/events_PYTHIA8_0.hepmc.gz,2.114,20000,Axial,DM+QCDjets,1500.0,50.0,1.0,0.25,atlas_exot_2018_06,EM1,9.8128278,9.5831859,0.012994,0.0065033
/home/yoxara/Insync/DMSimp_vector_axial_pp_xxj_NLO_eff/Events/run_78/events_PYTHIA8_0.hepmc.gz,2.114,20000,Axial,DM+QCDjets,1500.0,50.0,1.0,0.25,atlas_exot_2018_06,EM2,4.0173979,3.9950534,0.01246,0.0063699
/home/yoxara/Insync/DMSimp_vector_axial_pp_xxj_NLO_eff/Events/run_78/events_PYTHIA8_0.hepmc.gz,2.114,20000,Axial,DM+QCDjets,1500.0,50.0,1.0,0.25,atlas_exot_2018_06,EM3,2.5599042,3.089106,0.009078,0.0054465
/home/yoxara/Insync/DMSimp_vector_axial_pp_xxj_NLO_eff/Events/run_78/events_PYTHIA8_0.hepmc.gz,2.114,20000,Axial,DM+QCDjets,1500.0,50.0,1.0,0.25,atlas_exot_2018_06,EM4,1.227279,1.7316631,0.0142399,0.0068036
/home/yoxara/Insync/DMSimp_vector_axial_pp_xxj_NLO_eff/Events/run_78/events_PYTHIA8_0.hepmc.gz,2.114,20000,Axial,DM+QCDjets,1500.0,50.0,1.0,0.25,atlas_exot_2018_06,EM5,1.4336912,1.749576,0.004272,0.0037453
/home/yoxara/Insync/DMSimp_vector_axial_pp_xxj_NLO_eff/Events/run_78/events_PYTHIA8_0.hepmc.gz,2.114,20000,Axial,DM+QCDjets,1500.0,50.0,1.0,0.25,atlas_exot_2018_06,EM6,1.3680842,1.8931121,0.002136,0.0026512
/home/yoxara/Insync/DMSimp_vector_axial_pp_xxj_NLO_eff/Events/run_78/events_PYTHIA8_0.hepmc.gz,2.114,20000,Axial,DM+QCDjets,1500.0,50.0,1.0,0.25,atlas_exot_2018_06,EM7,0.575715,0.8436433,0.002492,0.0028631
/home/yoxara/Insync/DMSimp_vector_axial_pp_xxj_NLO_eff/Events/run_78/events_PYTHIA8_0.hepmc.gz,2.114,20000,Axial,DM+QCDjets,1500.0,50.0,1.0,0.25,atlas_exot_2018_06,EM8,0.76032,0.8739045,0.001068,0.0018757
/home/yoxara/Insync/DMSimp_vector_axial_pp_xxj_NLO_eff/Events/run_78/events_PYTHIA8_0.hepmc.gz,2.114,20000,Axial,DM+QCDjets,1500.0,50.0,1.0,0.25,atlas_exot_2018_06,EM9,0.686321,0.5871146,0.000712,0.0015317
/home/yoxara/Insync/DMSimp_vector_axial_pp_xxj_NLO_eff/Events/run_78/events_PYTHIA8_0.hepmc.gz,2.114,20000,Axial,DM+QCDjets,1500.0,50.0,1.0,0.25,atlas_exot_2018_06,EM10,0.8789295,1.875404,0.000356,0.0010833
/home/yoxara/Insync/DMSimp_vector_axial_pp_xxj_NLO_eff/Events/run_78/events_PYTHIA8_0.hepmc.gz,2.114,20000,Axial,DM+QCDjets,1500.0,50.0,1.0,0.25,atlas_exot_2018_06,EM11,0.3081503,0.3467716,0.000712,0.0015317
/home/yoxara/Insync/DMSimp_vector_axial_pp_xxj_NLO_eff/Events/run_78/events_PYTHIA8_0.hepmc.gz,2.114,20000,Axial,DM+QCDjets,1500.0,50.0,1.0,0.25,atlas_exot_2018_06,EM12,-1.0,-1.0,0.0,0.0
/home/yoxara/Insync/DMSimp_vector_axial_pp_xxj_NLO_eff/Events/run_79/events_PYTHIA8_0.hepmc.gz,2.095,20000,Axial,DM+QCDjets,1500.0,100.0,1.0,0.25,atlas_exot_2018_06,IM0,7.0812089,8.9687408,0.0797102,0.0153528
/home/yoxara/Insync/DMSimp_vector_axial_pp_xxj_NLO_eff/Events/run_79/events_PYTHIA8_0.hepmc.gz,2.095,20000,Axial,DM+QCDjets,1500.0,100.0,1.0,0.25,atlas_exot_2018_06,IM1,3.9246242,4.9245508,0.0578025,0.0132286
/home/yoxara/Insync/DMSimp_vector_axial_pp_xxj_NLO_eff/Events/run_79/events_PYTHIA8_0.hepmc.gz,2.095,20000,Axial,DM+QCDjets,1500.0,100.0,1.0,0.25,atlas_exot_2018_06,IM2,2.6471969,3.6273428,0.0429727,0.0114955
/home/yoxara/Insync/DMSimp_vector_axial_pp_xxj_NLO_eff/Events/run_79/events_PYTHIA8_0.hepmc.gz,2.095,20000,Axial,DM+QCDjets,1500.0,100.0,1.0,0.25,atlas_exot_2018_06,IM3,1.8298312,2.6873293,0.0311763,0.0098515
/home/yoxara/Insync/DMSimp_vector_axial_pp_xxj_NLO_eff/Events/run_79/events_PYTHIA8_0.hepmc.gz,2.095,20000,Axial,DM+QCDjets,1500.0,100.0,1.0,0.25,atlas_exot_2018_06,IM4,1.4073547,2.2289075,0.0234243,0.0085735
/home/yoxara/Insync/DMSimp_vector_axial_pp_xxj_NLO_eff/Events/run_79/events_PYTHIA8_0.hepmc.gz,2.095,20000,Axial,DM+QCDjets,1500.0,100.0,1.0,0.25,atlas_exot_2018_06,IM5,1.1474884,1.753436,0.0124705,0.0062905
/home/yoxara/Insync/DMSimp_vector_axial_pp_xxj_NLO_eff/Events/run_79/events_PYTHIA8_0.hepmc.gz,2.095,20000,Axial,DM+QCDjets,1500.0,100.0,1.0,0.25,atlas_exot_2018_06,IM6,0.9826165,1.4340098,0.0074149,0.004863
/home/yoxara/Insync/DMSimp_vector_axial_pp_xxj_NLO_eff/Events/run_79/events_PYTHIA8_0.hepmc.gz,2.095,20000,Axial,DM+QCDjets,1500.0,100.0,1.0,0.25,atlas_exot_2018_06,IM7,0.7093598,0.8363088,0.0050556,0.0040203
/home/yoxara/Insync/DMSimp_vector_axial_pp_xxj_NLO_eff/Events/run_79/events_PYTHIA8_0.hepmc.gz,2.095,20000,Axial,DM+QCDjets,1500.0,100.0,1.0,0.25,atlas_exot_2018_06,IM8,0.6623547,0.7051972,0.0030334,0.0031173
/home/yoxara/Insync/DMSimp_vector_axial_pp_xxj_NLO_eff/Events/run_79/events_PYTHIA8_0.hepmc.gz,2.095,20000,Axial,DM+QCDjets,1500.0,100.0,1.0,0.25,atlas_exot_2018_06,IM9,0.4980885,0.4755779,0.0025278,0.0028464
/home/yoxara/Insync/DMSimp_vector_axial_pp_xxj_NLO_eff/Events/run_79/events_PYTHIA8_0.hepmc.gz,2.095,20000,Axial,DM+QCDjets,1500.0,100.0,1.0,0.25,atlas_exot_2018_06,IM10,0.4630413,0.7127538,0.0020222,0.0025465
/home/yoxara/Insync/DMSimp_vector_axial_pp_xxj_NLO_eff/Events/run_79/events_PYTHIA8_0.hepmc.gz,2.095,20000,Axial,DM+QCDjets,1500.0,100.0,1.0,0.25,atlas_exot_2018_06,IM11,0.3345683,0.298469,0.0016852,0.002325
/home/yoxara/Insync/DMSimp_vector_axial_pp_xxj_NLO_eff/Events/run_79/events_PYTHIA8_0.hepmc.gz,2.095,20000,Axial,DM+QCDjets,1500.0,100.0,1.0,0.25,atlas_exot_2018_06,IM12,1.0311872,0.8182058,0.000337,0.0010405
/home/yoxara/Insync/DMSimp_vector_axial_pp_xxj_NLO_eff/Events/run_79/events_PYTHIA8_0.hepmc.gz,2.095,20000,Axial,DM+QCDjets,1500.0,100.0,1.0,0.25,atlas_exot_2018_06,EM0,16.7765376,18.7004656,0.0219077,0.0082977
/home/yoxara/Insync/DMSimp_vector_axial_pp_xxj_NLO_eff/Events/run_79/events_PYTHIA8_0.hepmc.gz,2.095,20000,Axial,DM+QCDjets,1500.0,100.0,1.0,0.25,atlas_exot_2018_06,EM1,8.572857,8.3552799,0.0148298,0.0068516
/home/yoxara/Insync/DMSimp_vector_axial_pp_xxj_NLO_eff/Events/run_79/events_PYTHIA8_0.hepmc.gz,2.095,20000,Axial,DM+QCDjets,1500.0,100.0,1.0,0.25,atlas_exot_2018_06,EM2,4.2352955,4.2172777,0.0117964,0.0061202
/home/yoxara/Insync/DMSimp_vector_axial_pp_xxj_NLO_eff/Events/run_79/events_PYTHIA8_0.hepmc.gz,2.095,20000,Axial,DM+QCDjets,1500.0,100.0,1.0,0.25,atlas_exot_2018_06,EM3,2.9815019,3.6243546,0.0077519,0.0049715
/home/yoxara/Insync/DMSimp_vector_axial_pp_xxj_NLO_eff/Events/run_79/events_PYTHIA8_0.hepmc.gz,2.095,20000,Axial,DM+QCDjets,1500.0,100.0,1.0,0.25,atlas_exot_2018_06,EM4,1.6006008,2.2556255,0.0109538,0.0059001
/home/yoxara/Insync/DMSimp_vector_axial_pp_xxj_NLO_eff/Events/run_79/events_PYTHIA8_0.hepmc.gz,2.095,20000,Axial,DM+QCDjets,1500.0,100.0,1.0,0.25,atlas_exot_2018_06,EM5,1.214101,1.4793711,0.0050556,0.0040203
/home/yoxara/Insync/DMSimp_vector_axial_pp_xxj_NLO_eff/Events/run_79/events_PYTHIA8_0.hepmc.gz,2.095,20000,Axial,DM+QCDjets,1500.0,100.0,1.0,0.25,atlas_exot_2018_06,EM6,1.2315915,1.7137133,0.0023593,0.0027501
/home/yoxara/Insync/DMSimp_vector_axial_pp_xxj_NLO_eff/Events/run_79/events_PYTHIA8_0.hepmc.gz,2.095,20000,Axial,DM+QCDjets,1500.0,100.0,1.0,0.25,atlas_exot_2018_06,EM7,0.7093101,1.0353959,0.0020222,0.0025465
/home/yoxara/Insync/DMSimp_vector_axial_pp_xxj_NLO_eff/Events/run_79/events_PYTHIA8_0.hepmc.gz,2.095,20000,Axial,DM+QCDjets,1500.0,100.0,1.0,0.25,atlas_exot_2018_06,EM8,1.6094024,1.8468777,0.0005056,0.0012742
/home/yoxara/Insync/DMSimp_vector_axial_pp_xxj_NLO_eff/Events/run_79/events_PYTHIA8_0.hepmc.gz,2.095,20000,Axial,DM+QCDjets,1500.0,100.0,1.0,0.25,atlas_exot_2018_06,EM9,0.9664461,0.8246658,0.0005056,0.0012742
/home/yoxara/Insync/DMSimp_vector_axial_pp_xxj_NLO_eff/Events/run_79/events_PYTHIA8_0.hepmc.gz,2.095,20000,Axial,DM+QCDjets,1500.0,100.0,1.0,0.25,atlas_exot_2018_06,EM10,0.927949,1.9786762,0.000337,0.0010405
/home/yoxara/Insync/DMSimp_vector_axial_pp_xxj_NLO_eff/Events/run_79/events_PYTHIA8_0.hepmc.gz,2.095,20000,Axial,DM+QCDjets,1500.0,100.0,1.0,0.25,atlas_exot_2018_06,EM11,0.1625376,0.1827001,0.0013482,0.0020799
/home/yoxara/Insync/DMSimp_vector_axial_pp_xxj_NLO_eff/Events/run_79/events_PYTHIA8_0.hepmc.gz,2.095,20000,Axial,DM+QCDjets,1500.0,100.0,1.0,0.25,atlas_exot_2018_06,EM12,0.7574055,0.6082127,0.000337,0.0010405
/home/yoxara/Insync/DMSimp_vector_axial_pp_xxj_NLO_eff/Events/run_80/events_PYTHIA8_0.hepmc.gz,2.008,20000,Axial,DM+QCDjets,1500.0,150.0,1.0,0.25,atlas_exot_2018_06,IM0,6.7217819,8.5233523,0.0839642,0.016131
/home/yoxara/Insync/DMSimp_vector_axial_pp_xxj_NLO_eff/Events/run_80/events_PYTHIA8_0.hepmc.gz,2.008,20000,Axial,DM+QCDjets,1500.0,150.0,1.0,0.25,atlas_exot_2018_06,IM1,3.5718381,4.5148088,0.0631452,0.014147
/home/yoxara/Insync/DMSimp_vector_axial_pp_xxj_NLO_eff/Events/run_80/events_PYTHIA8_0.hepmc.gz,2.008,20000,Axial,DM+QCDjets,1500.0,150.0,1.0,0.25,atlas_exot_2018_06,IM2,2.5475094,3.5034743,0.0443909,0.0119797
/home/yoxara/Insync/DMSimp_vector_axial_pp_xxj_NLO_eff/Events/run_80/events_PYTHIA8_0.hepmc.gz,2.008,20000,Axial,DM+QCDjets,1500.0,150.0,1.0,0.25,atlas_exot_2018_06,IM3,1.7512963,2.5807049,0.0325189,0.0103169
/home/yoxara/Insync/DMSimp_vector_axial_pp_xxj_NLO_eff/Events/run_80/events_PYTHIA8_0.hepmc.gz,2.008,20000,Axial,DM+QCDjets,1500.0,150.0,1.0,0.25,atlas_exot_2018_06,IM4,1.3553346,2.1578246,0.0242602,0.008949
/home/yoxara/Insync/DMSimp_vector_axial_pp_xxj_NLO_eff/Events/run_80/events_PYTHIA8_0.hepmc.gz,2.008,20000,Axial,DM+QCDjets,1500.0,150.0,1.0,0.25,atlas_exot_2018_06,IM5,0.9250497,1.3996078,0.0156573,0.0072209
/home/yoxara/Insync/DMSimp_vector_axial_pp_xxj_NLO_eff/Events/run_80/events_PYTHIA8_0.hepmc.gz,2.008,20000,Axial,DM+QCDjets,1500.0,150.0,1.0,0.25,atlas_exot_2018_06,IM6,0.8152774,1.1950357,0.008947,0.005477
/home/yoxara/Insync/DMSimp_vector_axial_pp_xxj_NLO_eff/Events/run_80/events_PYTHIA8_0.hepmc.gz,2.008,20000,Axial,DM+QCDjets,1500.0,150.0,1.0,0.25,atlas_exot_2018_06,IM7,0.6139351,0.7218246,0.00585,0.0044357
/home/yoxara/Insync/DMSimp_vector_axial_pp_xxj_NLO_eff/Events/run_80/events_PYTHIA8_0.hepmc.gz,2.008,20000,Axial,DM+QCDjets,1500.0,150.0,1.0,0.25,atlas_exot_2018_06,IM8,0.6148127,0.655948,0.0032691,0.0033202
/home/yoxara/Insync/DMSimp_vector_axial_pp_xxj_NLO_eff/Events/run_80/events_PYTHIA8_0.hepmc.gz,2.008,20000,Axial,DM+QCDjets,1500.0,150.0,1.0,0.25,atlas_exot_2018_06,IM9,0.6124534,0.5766348,0.0020647,0.0026402
/home/yoxara/Insync/DMSimp_vector_axial_pp_xxj_NLO_eff/Events/run_80/events_PYTHIA8_0.hepmc.gz,2.008,20000,Axial,DM+QCDjets,1500.0,150.0,1.0,0.25,atlas_exot_2018_06,IM10,0.6797904,1.0481913,0.0013765,0.0021565
/home/yoxara/Insync/DMSimp_vector_axial_pp_xxj_NLO_eff/Events/run_80/events_PYTHIA8_0.hepmc.gz,2.008,20000,Axial,DM+QCDjets,1500.0,150.0,1.0,0.25,atlas_exot_2018_06,IM11,0.6559768,0.5854649,0.0008603,0.0017053
/home/yoxara/Insync/DMSimp_vector_axial_pp_xxj_NLO_eff/Events/run_80/events_PYTHIA8_0.hepmc.gz,2.008,20000,Axial,DM+QCDjets,1500.0,150.0,1.0,0.25,atlas_exot_2018_06,IM12,-1.0,-1.0,0.0,0.0
/home/yoxara/Insync/DMSimp_vector_axial_pp_xxj_NLO_eff/Events/run_80/events_PYTHIA8_0.hepmc.gz,2.008,20000,Axial,DM+QCDjets,1500.0,150.0,1.0,0.25,atlas_exot_2018_06,EM0,17.601739,19.7471919,0.020819,0.0083046
/home/yoxara/Insync/DMSimp_vector_axial_pp_xxj_NLO_eff/Events/run_80/events_PYTHIA8_0.hepmc.gz,2.008,20000,Axial,DM+QCDjets,1500.0,150.0,1.0,0.25,atlas_exot_2018_06,EM1,6.8035012,6.6407853,0.0187543,0.0078904
/home/yoxara/Insync/DMSimp_vector_axial_pp_xxj_NLO_eff/Events/run_80/events_PYTHIA8_0.hepmc.gz,2.008,20000,Axial,DM+QCDjets,1500.0,150.0,1.0,0.25,atlas_exot_2018_06,EM2,4.2110523,4.164027,0.011872,0.0062998
/home/yoxara/Insync/DMSimp_vector_axial_pp_xxj_NLO_eff/Events/run_80/events_PYTHIA8_0.hepmc.gz,2.008,20000,Axial,DM+QCDjets,1500.0,150.0,1.0,0.25,atlas_exot_2018_06,EM3,2.7941872,3.412289,0.0082588,0.005264
/home/yoxara/Insync/DMSimp_vector_axial_pp_xxj_NLO_eff/Events/run_80/events_PYTHIA8_0.hepmc.gz,2.008,20000,Axial,DM+QCDjets,1500.0,150.0,1.0,0.25,atlas_exot_2018_06,EM4,2.0452645,2.8771738,0.0086029,0.0053716
/home/yoxara/Insync/DMSimp_vector_axial_pp_xxj_NLO_eff/Events/run_80/events_PYTHIA8_0.hepmc.gz,2.008,20000,Axial,DM+QCDjets,1500.0,150.0,1.0,0.25,atlas_exot_2018_06,EM5,0.9097945,1.1188634,0.0067103,0.0047486
/home/yoxara/Insync/DMSimp_vector_axial_pp_xxj_NLO_eff/Events/run_80/events_PYTHIA8_0.hepmc.gz,2.008,20000,Axial,DM+QCDjets,1500.0,150.0,1.0,0.25,atlas_exot_2018_06,EM6,0.9412455,1.3086265,0.003097,0.0032319
/home/yoxara/Insync/DMSimp_vector_axial_pp_xxj_NLO_eff/Events/run_80/events_PYTHIA8_0.hepmc.gz,2.008,20000,Axial,DM+QCDjets,1500.0,150.0,1.0,0.25,atlas_exot_2018_06,EM7,0.5578294,0.8137,0.0025809,0.0029511
/home/yoxara/Insync/DMSimp_vector_axial_pp_xxj_NLO_eff/Events/run_80/events_PYTHIA8_0.hepmc.gz,2.008,20000,Axial,DM+QCDjets,1500.0,150.0,1.0,0.25,atlas_exot_2018_06,EM8,0.6743333,0.7740833,0.0012044,0.0020174
/home/yoxara/Insync/DMSimp_vector_axial_pp_xxj_NLO_eff/Events/run_80/events_PYTHIA8_0.hepmc.gz,2.008,20000,Axial,DM+QCDjets,1500.0,150.0,1.0,0.25,atlas_exot_2018_06,EM9,0.7097927,0.6029042,0.0006882,0.0015254
/home/yoxara/Insync/DMSimp_vector_axial_pp_xxj_NLO_eff/Events/run_80/events_PYTHIA8_0.hepmc.gz,2.008,20000,Axial,DM+QCDjets,1500.0,150.0,1.0,0.25,atlas_exot_2018_06,EM10,0.6071774,1.291728,0.0005162,0.0013211
/home/yoxara/Insync/DMSimp_vector_axial_pp_xxj_NLO_eff/Events/run_80/events_PYTHIA8_0.hepmc.gz,2.008,20000,Axial,DM+QCDjets,1500.0,150.0,1.0,0.25,atlas_exot_2018_06,EM11,0.2555084,0.2858445,0.0008603,0.0017053
/home/yoxara/Insync/DMSimp_vector_axial_pp_xxj_NLO_eff/Events/run_80/events_PYTHIA8_0.hepmc.gz,2.008,20000,Axial,DM+QCDjets,1500.0,150.0,1.0,0.25,atlas_exot_2018_06,EM12,-1.0,-1.0,0.0,0.0
/home/yoxara/Insync/DMSimp_vector_axial_pp_xxj_NLO_eff/Events/run_81/events_PYTHIA8_0.hepmc.gz,1.994,20000,Axial,DM+QCDjets,1500.0,200.0,1.0,0.25,atlas_exot_2018_06,IM0,6.6599498,8.4852035,0.0844948,0.0166906
/home/yoxara/Insync/DMSimp_vector_axial_pp_xxj_NLO_eff/Events/run_81/events_PYTHIA8_0.hepmc.gz,1.994,20000,Axial,DM+QCDjets,1500.0,200.0,1.0,0.25,atlas_exot_2018_06,IM1,3.5217162,4.4410257,0.0641115,0.0146996
/home/yoxara/Insync/DMSimp_vector_axial_pp_xxj_NLO_eff/Events/run_81/events_PYTHIA8_0.hepmc.gz,1.994,20000,Axial,DM+QCDjets,1500.0,200.0,1.0,0.25,atlas_exot_2018_06,IM2,2.4207731,3.3222237,0.0468641,0.012683
/home/yoxara/Insync/DMSimp_vector_axial_pp_xxj_NLO_eff/Events/run_81/events_PYTHIA8_0.hepmc.gz,1.994,20000,Axial,DM+QCDjets,1500.0,200.0,1.0,0.25,atlas_exot_2018_06,IM3,1.5441468,2.2839844,0.0367596,0.0112922
/home/yoxara/Insync/DMSimp_vector_axial_pp_xxj_NLO_eff/Events/run_81/events_PYTHIA8_0.hepmc.gz,1.994,20000,Axial,DM+QCDjets,1500.0,200.0,1.0,0.25,atlas_exot_2018_06,IM4,1.1371173,1.817624,0.0287457,0.0100272
/home/yoxara/Insync/DMSimp_vector_axial_pp_xxj_NLO_eff/Events/run_81/events_PYTHIA8_0.hepmc.gz,1.994,20000,Axial,DM+QCDjets,1500.0,200.0,1.0,0.25,atlas_exot_2018_06,IM5,0.896853,1.3477056,0.0162021,0.0075764
/home/yoxara/Insync/DMSimp_vector_axial_pp_xxj_NLO_eff/Events/run_81/events_PYTHIA8_0.hepmc.gz,1.994,20000,Axial,DM+QCDjets,1500.0,200.0,1.0,0.25,atlas_exot_2018_06,IM6,0.8215273,1.1992756,0.008885,0.0056314
/home/yoxara/Insync/DMSimp_vector_axial_pp_xxj_NLO_eff/Events/run_81/events_PYTHIA8_0.hepmc.gz,1.994,20000,Axial,DM+QCDjets,1500.0,200.0,1.0,0.25,atlas_exot_2018_06,IM7,0.6074989,0.7154199,0.0059233,0.0046049
/home/yoxara/Insync/DMSimp_vector_axial_pp_xxj_NLO_eff/Events/run_81/events_PYTHIA8_0.hepmc.gz,1.994,20000,Axial,DM+QCDjets,1500.0,200.0,1.0,0.25,atlas_exot_2018_06,IM8,0.5475316,0.5863844,0.0036585,0.0036231
/home/yoxara/Insync/DMSimp_vector_axial_pp_xxj_NLO_eff/Events/run_81/events_PYTHIA8_0.hepmc.gz,1.994,20000,Axial,DM+QCDjets,1500.0,200.0,1.0,0.25,atlas_exot_2018_06,IM9,0.6592213,0.6246792,0.0019164,0.0026245
/home/yoxara/Insync/DMSimp_vector_axial_pp_xxj_NLO_eff/Events/run_81/events_PYTHIA8_0.hepmc.gz,1.994,20000,Axial,DM+QCDjets,1500.0,200.0,1.0,0.25,atlas_exot_2018_06,IM10,0.8911151,1.3779626,0.0010453,0.0019392
/home/yoxara/Insync/DMSimp_vector_axial_pp_xxj_NLO_eff/Events/run_81/events_PYTHIA8_0.hepmc.gz,1.994,20000,Axial,DM+QCDjets,1500.0,200.0,1.0,0.25,atlas_exot_2018_06,IM11,-1.0,-1.0,0.0,0.0
/home/yoxara/Insync/DMSimp_vector_axial_pp_xxj_NLO_eff/Events/run_81/events_PYTHIA8_0.hepmc.gz,1.994,20000,Axial,DM+QCDjets,1500.0,200.0,1.0,0.25,atlas_exot_2018_06,IM12,-1.0,-1.0,0.0,0.0
/home/yoxara/Insync/DMSimp_vector_axial_pp_xxj_NLO_eff/Events/run_81/events_PYTHIA8_0.hepmc.gz,1.994,20000,Axial,DM+QCDjets,1500.0,200.0,1.0,0.25,atlas_exot_2018_06,EM0,18.0352211,20.0765448,0.0203833,0.0084799
/home/yoxara/Insync/DMSimp_vector_axial_pp_xxj_NLO_eff/Events/run_81/events_PYTHIA8_0.hepmc.gz,1.994,20000,Axial,DM+QCDjets,1500.0,200.0,1.0,0.25,atlas_exot_2018_06,EM1,7.3645782,7.2196439,0.0172474,0.0078129
/home/yoxara/Insync/DMSimp_vector_axial_pp_xxj_NLO_eff/Events/run_81/events_PYTHIA8_0.hepmc.gz,1.994,20000,Axial,DM+QCDjets,1500.0,200.0,1.0,0.25,atlas_exot_2018_06,EM2,4.939302,4.8974232,0.0101045,0.0060018
/home/yoxara/Insync/DMSimp_vector_axial_pp_xxj_NLO_eff/Events/run_81/events_PYTHIA8_0.hepmc.gz,1.994,20000,Axial,DM+QCDjets,1500.0,200.0,1.0,0.25,atlas_exot_2018_06,EM3,2.883094,3.5012623,0.0080139,0.0053506
/home/yoxara/Insync/DMSimp_vector_axial_pp_xxj_NLO_eff/Events/run_81/events_PYTHIA8_0.hepmc.gz,1.994,20000,Axial,DM+QCDjets,1500.0,200.0,1.0,0.25,atlas_exot_2018_06,EM4,1.3998893,1.9717689,0.0125436,0.0066787
/home/yoxara/Insync/DMSimp_vector_axial_pp_xxj_NLO_eff/Events/run_81/events_PYTHIA8_0.hepmc.gz,1.994,20000,Axial,DM+QCDjets,1500.0,200.0,1.0,0.25,atlas_exot_2018_06,EM5,0.8370728,1.0197805,0.0073171,0.0051145
/home/yoxara/Insync/DMSimp_vector_axial_pp_xxj_NLO_eff/Events/run_81/events_PYTHIA8_0.hepmc.gz,1.994,20000,Axial,DM+QCDjets,1500.0,200.0,1.0,0.25,atlas_exot_2018_06,EM6,0.9853809,1.3598184,0.0029617,0.003261
/home/yoxara/Insync/DMSimp_vector_axial_pp_xxj_NLO_eff/Events/run_81/events_PYTHIA8_0.hepmc.gz,1.994,20000,Axial,DM+QCDjets,1500.0,200.0,1.0,0.25,atlas_exot_2018_06,EM7,0.6343664,0.9253364,0.0022648,0.0028527
/home/yoxara/Insync/DMSimp_vector_axial_pp_xxj_NLO_eff/Events/run_81/events_PYTHIA8_0.hepmc.gz,1.994,20000,Axial,DM+QCDjets,1500.0,200.0,1.0,0.25,atlas_exot_2018_06,EM8,0.4645791,0.535075,0.0017422,0.0025026
/home/yoxara/Insync/DMSimp_vector_axial_pp_xxj_NLO_eff/Events/run_81/events_PYTHIA8_0.hepmc.gz,1.994,20000,Axial,DM+QCDjets,1500.0,200.0,1.0,0.25,atlas_exot_2018_06,EM9,0.561695,0.4759696,0.0008711,0.0017704
/home/yoxara/Insync/DMSimp_vector_axial_pp_xxj_NLO_eff/Events/run_81/events_PYTHIA8_0.hepmc.gz,1.994,20000,Axial,DM+QCDjets,1500.0,200.0,1.0,0.25,atlas_exot_2018_06,EM10,0.2993961,0.6381445,0.0010453,0.0019392
/home/yoxara/Insync/DMSimp_vector_axial_pp_xxj_NLO_eff/Events/run_81/events_PYTHIA8_0.hepmc.gz,1.994,20000,Axial,DM+QCDjets,1500.0,200.0,1.0,0.25,atlas_exot_2018_06,EM11,1.2634863,1.420707,0.0001742,0.000792
/home/yoxara/Insync/DMSimp_vector_axial_pp_xxj_NLO_eff/Events/run_81/events_PYTHIA8_0.hepmc.gz,1.994,20000,Axial,DM+QCDjets,1500.0,200.0,1.0,0.25,atlas_exot_2018_06,EM12,-1.0,-1.0,0.0,0.0
/home/yoxara/Insync/DMSimp_vector_axial_pp_xxj_NLO_eff/Events/run_82/events_PYTHIA8_0.hepmc.gz,1.912,20000,Axial,DM+QCDjets,1500.0,250.0,1.0,0.25,atlas_exot_2018_06,IM0,7.7466392,9.7717947,0.0731955,0.0158155
/home/yoxara/Insync/DMSimp_vector_axial_pp_xxj_NLO_eff/Events/run_82/events_PYTHIA8_0.hepmc.gz,1.912,20000,Axial,DM+QCDjets,1500.0,250.0,1.0,0.25,atlas_exot_2018_06,IM1,4.0424543,5.0790533,0.0559132,0.0139511
/home/yoxara/Insync/DMSimp_vector_axial_pp_xxj_NLO_eff/Events/run_82/events_PYTHIA8_0.hepmc.gz,1.912,20000,Axial,DM+QCDjets,1500.0,250.0,1.0,0.25,atlas_exot_2018_06,IM2,2.8173811,3.8539051,0.0401559,0.0119212
/home/yoxara/Insync/DMSimp_vector_axial_pp_xxj_NLO_eff/Events/run_82/events_PYTHIA8_0.hepmc.gz,1.912,20000,Axial,DM+QCDjets,1500.0,250.0,1.0,0.25,atlas_exot_2018_06,IM3,2.2738605,3.3422498,0.0250762,0.0094943
/home/yoxara/Insync/DMSimp_vector_axial_pp_xxj_NLO_eff/Events/run_82/events_PYTHIA8_0.hepmc.gz,1.912,20000,Axial,DM+QCDjets,1500.0,250.0,1.0,0.25,atlas_exot_2018_06,IM4,1.770205,2.8120964,0.0186377,0.0082122
/home/yoxara/Insync/DMSimp_vector_axial_pp_xxj_NLO_eff/Events/run_82/events_PYTHIA8_0.hepmc.gz,1.912,20000,Axial,DM+QCDjets,1500.0,250.0,1.0,0.25,atlas_exot_2018_06,IM5,1.2547726,1.9028069,0.0115215,0.0064801
/home/yoxara/Insync/DMSimp_vector_axial_pp_xxj_NLO_eff/Events/run_82/events_PYTHIA8_0.hepmc.gz,1.912,20000,Axial,DM+QCDjets,1500.0,250.0,1.0,0.25,atlas_exot_2018_06,IM6,0.9803735,1.4259536,0.0074551,0.0052233
/home/yoxara/Insync/DMSimp_vector_axial_pp_xxj_NLO_eff/Events/run_82/events_PYTHIA8_0.hepmc.gz,1.912,20000,Axial,DM+QCDjets,1500.0,250.0,1.0,0.25,atlas_exot_2018_06,IM7,0.8450458,1.0,0.0042359,0.0039436
/home/yoxara/Insync/DMSimp_vector_axial_pp_xxj_NLO_eff/Events/run_82/events_PYTHIA8_0.hepmc.gz,1.912,20000,Axial,DM+QCDjets,1500.0,250.0,1.0,0.25,atlas_exot_2018_06,IM8,0.9145126,0.9738549,0.0022026,0.0028467
/home/yoxara/Insync/DMSimp_vector_axial_pp_xxj_NLO_eff/Events/run_82/events_PYTHIA8_0.hepmc.gz,1.912,20000,Axial,DM+QCDjets,1500.0,250.0,1.0,0.25,atlas_exot_2018_06,IM9,1.492795,1.4074645,0.0008472,0.0017666
/home/yoxara/Insync/DMSimp_vector_axial_pp_xxj_NLO_eff/Events/run_82/events_PYTHIA8_0.hepmc.gz,1.912,20000,Axial,DM+QCDjets,1500.0,250.0,1.0,0.25,atlas_exot_2018_06,IM10,-1.0,-1.0,0.0,0.0
/home/yoxara/Insync/DMSimp_vector_axial_pp_xxj_NLO_eff/Events/run_82/events_PYTHIA8_0.hepmc.gz,1.912,20000,Axial,DM+QCDjets,1500.0,250.0,1.0,0.25,atlas_exot_2018_06,IM11,-1.0,-1.0,0.0,0.0
/home/yoxara/Insync/DMSimp_vector_axial_pp_xxj_NLO_eff/Events/run_82/events_PYTHIA8_0.hepmc.gz,1.912,20000,Axial,DM+QCDjets,1500.0,250.0,1.0,0.25,atlas_exot_2018_06,IM12,-1.0,-1.0,0.0,0.0
/home/yoxara/Insync/DMSimp_vector_axial_pp_xxj_NLO_eff/Events/run_82/events_PYTHIA8_0.hepmc.gz,1.912,20000,Axial,DM+QCDjets,1500.0,250.0,1.0,0.25,atlas_exot_2018_06,EM0,21.2555114,23.7718812,0.0172823,0.0079134
/home/yoxara/Insync/DMSimp_vector_axial_pp_xxj_NLO_eff/Events/run_82/events_PYTHIA8_0.hepmc.gz,1.912,20000,Axial,DM+QCDjets,1500.0,250.0,1.0,0.25,atlas_exot_2018_06,EM1,8.1386301,7.8924186,0.0157574,0.007562
/home/yoxara/Insync/DMSimp_vector_axial_pp_xxj_NLO_eff/Events/run_82/events_PYTHIA8_0.hepmc.gz,1.912,20000,Axial,DM+QCDjets,1500.0,250.0,1.0,0.25,atlas_exot_2018_06,EM2,3.3286426,3.2555989,0.0150796,0.0074002
/home/yoxara/Insync/DMSimp_vector_axial_pp_xxj_NLO_eff/Events/run_82/events_PYTHIA8_0.hepmc.gz,1.912,20000,Axial,DM+QCDjets,1500.0,250.0,1.0,0.25,atlas_exot_2018_06,EM3,3.5878712,4.3382156,0.0064385,0.0048566
/home/yoxara/Insync/DMSimp_vector_axial_pp_xxj_NLO_eff/Events/run_82/events_PYTHIA8_0.hepmc.gz,1.912,20000,Axial,DM+QCDjets,1500.0,250.0,1.0,0.25,atlas_exot_2018_06,EM4,2.4638221,3.4677672,0.0071162,0.0051041
/home/yoxara/Insync/DMSimp_vector_axial_pp_xxj_NLO_eff/Events/run_82/events_PYTHIA8_0.hepmc.gz,1.912,20000,Axial,DM+QCDjets,1500.0,250.0,1.0,0.25,atlas_exot_2018_06,EM5,1.51294,1.8470178,0.0040664,0.0038643
/home/yoxara/Insync/DMSimp_vector_axial_pp_xxj_NLO_eff/Events/run_82/events_PYTHIA8_0.hepmc.gz,1.912,20000,Axial,DM+QCDjets,1500.0,250.0,1.0,0.25,atlas_exot_2018_06,EM6,0.9008444,1.2542972,0.0032192,0.0034397
/home/yoxara/Insync/DMSimp_vector_axial_pp_xxj_NLO_eff/Events/run_82/events_PYTHIA8_0.hepmc.gz,1.912,20000,Axial,DM+QCDjets,1500.0,250.0,1.0,0.25,atlas_exot_2018_06,EM7,0.7040909,1.0304301,0.0020332,0.0027352
/home/yoxara/Insync/DMSimp_vector_axial_pp_xxj_NLO_eff/Events/run_82/events_PYTHIA8_0.hepmc.gz,1.912,20000,Axial,DM+QCDjets,1500.0,250.0,1.0,0.25,atlas_exot_2018_06,EM8,0.5999004,0.6874842,0.0013555,0.0022341
/home/yoxara/Insync/DMSimp_vector_axial_pp_xxj_NLO_eff/Events/run_82/events_PYTHIA8_0.hepmc.gz,1.912,20000,Axial,DM+QCDjets,1500.0,250.0,1.0,0.25,atlas_exot_2018_06,EM9,0.5808885,0.4916126,0.0008472,0.0017666
/home/yoxara/Insync/DMSimp_vector_axial_pp_xxj_NLO_eff/Events/run_82/events_PYTHIA8_0.hepmc.gz,1.912,20000,Axial,DM+QCDjets,1500.0,250.0,1.0,0.25,atlas_exot_2018_06,EM10,1.8379812,3.9349491,0.0001694,0.0007903
/home/yoxara/Insync/DMSimp_vector_axial_pp_xxj_NLO_eff/Events/run_82/events_PYTHIA8_0.hepmc.gz,1.912,20000,Axial,DM+QCDjets,1500.0,250.0,1.0,0.25,atlas_exot_2018_06,EM11,-1.0,-1.0,0.0,0.0
/home/yoxara/Insync/DMSimp_vector_axial_pp_xxj_NLO_eff/Events/run_82/events_PYTHIA8_0.hepmc.gz,1.912,20000,Axial,DM+QCDjets,1500.0,250.0,1.0,0.25,atlas_exot_2018_06,EM12,-1.0,-1.0,0.0,0.0
/home/yoxara/Insync/DMSimp_vector_axial_pp_xxj_NLO_eff/Events/run_83/events_PYTHIA8_0.hepmc.gz,1.772,20000,Axial,DM+QCDjets,1500.0,300.0,1.0,0.25,atlas_exot_2018_06,IM0,6.458459,8.2291419,0.0872207,0.0173912
/home/yoxara/Insync/DMSimp_vector_axial_pp_xxj_NLO_eff/Events/run_83/events_PYTHIA8_0.hepmc.gz,1.772,20000,Axial,DM+QCDjets,1500.0,300.0,1.0,0.25,atlas_exot_2018_06,IM1,3.6331319,4.5469239,0.0624179,0.0149106
/home/yoxara/Insync/DMSimp_vector_axial_pp_xxj_NLO_eff/Events/run_83/events_PYTHIA8_0.hepmc.gz,1.772,20000,Axial,DM+QCDjets,1500.0,300.0,1.0,0.25,atlas_exot_2018_06,IM2,2.2877639,3.1386758,0.0496058,0.013383
/home/yoxara/Insync/DMSimp_vector_axial_pp_xxj_NLO_eff/Events/run_83/events_PYTHIA8_0.hepmc.gz,1.772,20000,Axial,DM+QCDjets,1500.0,300.0,1.0,0.25,atlas_exot_2018_06,IM3,1.6235182,2.3995299,0.0349869,0.0113255
/home/yoxara/Insync/DMSimp_vector_axial_pp_xxj_NLO_eff/Events/run_83/events_PYTHIA8_0.hepmc.gz,1.772,20000,Axial,DM+QCDjets,1500.0,300.0,1.0,0.25,atlas_exot_2018_06,IM4,1.2403676,1.963207,0.0266097,0.0099197
/home/yoxara/Insync/DMSimp_vector_axial_pp_xxj_NLO_eff/Events/run_83/events_PYTHIA8_0.hepmc.gz,1.772,20000,Axial,DM+QCDjets,1500.0,300.0,1.0,0.25,atlas_exot_2018_06,IM5,0.9169677,1.3884165,0.0157687,0.0076786
/home/yoxara/Insync/DMSimp_vector_axial_pp_xxj_NLO_eff/Events/run_83/events_PYTHIA8_0.hepmc.gz,1.772,20000,Axial,DM+QCDjets,1500.0,300.0,1.0,0.25,atlas_exot_2018_06,IM6,0.804824,1.1813079,0.0090342,0.0058319
/home/yoxara/Insync/DMSimp_vector_axial_pp_xxj_NLO_eff/Events/run_83/events_PYTHIA8_0.hepmc.gz,1.772,20000,Axial,DM+QCDjets,1500.0,300.0,1.0,0.25,atlas_exot_2018_06,IM7,0.7295553,0.8618269,0.0049277,0.0043161
/home/yoxara/Insync/DMSimp_vector_axial_pp_xxj_NLO_eff/Events/run_83/events_PYTHIA8_0.hepmc.gz,1.772,20000,Axial,DM+QCDjets,1500.0,300.0,1.0,0.25,atlas_exot_2018_06,IM8,0.6759661,0.7248101,0.0029566,0.0033465
/home/yoxara/Insync/DMSimp_vector_axial_pp_xxj_NLO_eff/Events/run_83/events_PYTHIA8_0.hepmc.gz,1.772,20000,Axial,DM+QCDjets,1500.0,300.0,1.0,0.25,atlas_exot_2018_06,IM9,0.9581507,0.9132393,0.0013141,0.0022328
/home/yoxara/Insync/DMSimp_vector_axial_pp_xxj_NLO_eff/Events/run_83/events_PYTHIA8_0.hepmc.gz,1.772,20000,Axial,DM+QCDjets,1500.0,300.0,1.0,0.25,atlas_exot_2018_06,IM10,1.879461,2.9351646,0.0004928,0.0013679
/home/yoxara/Insync/DMSimp_vector_axial_pp_xxj_NLO_eff/Events/run_83/events_PYTHIA8_0.hepmc.gz,1.772,20000,Axial,DM+QCDjets,1500.0,300.0,1.0,0.25,atlas_exot_2018_06,IM11,-1.0,-1.0,0.0,0.0
/home/yoxara/Insync/DMSimp_vector_axial_pp_xxj_NLO_eff/Events/run_83/events_PYTHIA8_0.hepmc.gz,1.772,20000,Axial,DM+QCDjets,1500.0,300.0,1.0,0.25,atlas_exot_2018_06,IM12,-1.0,-1.0,0.0,0.0
/home/yoxara/Insync/DMSimp_vector_axial_pp_xxj_NLO_eff/Events/run_83/events_PYTHIA8_0.hepmc.gz,1.772,20000,Axial,DM+QCDjets,1500.0,300.0,1.0,0.25,atlas_exot_2018_06,EM0,14.8436055,16.5825215,0.0248029,0.0095859
/home/yoxara/Insync/DMSimp_vector_axial_pp_xxj_NLO_eff/Events/run_83/events_PYTHIA8_0.hepmc.gz,1.772,20000,Axial,DM+QCDjets,1500.0,300.0,1.0,0.25,atlas_exot_2018_06,EM1,9.9561696,9.6797648,0.0128121,0.0069318
/home/yoxara/Insync/DMSimp_vector_axial_pp_xxj_NLO_eff/Events/run_83/events_PYTHIA8_0.hepmc.gz,1.772,20000,Axial,DM+QCDjets,1500.0,300.0,1.0,0.25,atlas_exot_2018_06,EM2,3.4219951,3.3956008,0.0146189,0.0073977
/home/yoxara/Insync/DMSimp_vector_axial_pp_xxj_NLO_eff/Events/run_83/events_PYTHIA8_0.hepmc.gz,1.772,20000,Axial,DM+QCDjets,1500.0,300.0,1.0,0.25,atlas_exot_2018_06,EM3,2.7617447,3.3544634,0.0083771,0.0056177
/home/yoxara/Insync/DMSimp_vector_axial_pp_xxj_NLO_eff/Events/run_83/events_PYTHIA8_0.hepmc.gz,1.772,20000,Axial,DM+QCDjets,1500.0,300.0,1.0,0.25,atlas_exot_2018_06,EM4,1.6186209,2.2769281,0.010841,0.0063827
/home/yoxara/Insync/DMSimp_vector_axial_pp_xxj_NLO_eff/Events/run_83/events_PYTHIA8_0.hepmc.gz,1.772,20000,Axial,DM+QCDjets,1500.0,300.0,1.0,0.25,atlas_exot_2018_06,EM5,0.9168868,1.1129579,0.0067346,0.0050411
/home/yoxara/Insync/DMSimp_vector_axial_pp_xxj_NLO_eff/Events/run_83/events_PYTHIA8_0.hepmc.gz,1.772,20000,Axial,DM+QCDjets,1500.0,300.0,1.0,0.25,atlas_exot_2018_06,EM6,0.7083239,0.9826018,0.0041064,0.0039416
/home/yoxara/Insync/DMSimp_vector_axial_pp_xxj_NLO_eff/Events/run_83/events_PYTHIA8_0.hepmc.gz,1.772,20000,Axial,DM+QCDjets,1500.0,300.0,1.0,0.25,atlas_exot_2018_06,EM7,0.7277285,1.062507,0.0019711,0.0027338
/home/yoxara/Insync/DMSimp_vector_axial_pp_xxj_NLO_eff/Events/run_83/events_PYTHIA8_0.hepmc.gz,1.772,20000,Axial,DM+QCDjets,1500.0,300.0,1.0,0.25,atlas_exot_2018_06,EM8,0.4938244,0.5664293,0.0016426,0.002496
/home/yoxara/Insync/DMSimp_vector_axial_pp_xxj_NLO_eff/Events/run_83/events_PYTHIA8_0.hepmc.gz,1.772,20000,Axial,DM+QCDjets,1500.0,300.0,1.0,0.25,atlas_exot_2018_06,EM9,0.5962089,0.5051647,0.0008213,0.0017657
/home/yoxara/Insync/DMSimp_vector_axial_pp_xxj_NLO_eff/Events/run_83/events_PYTHIA8_0.hepmc.gz,1.772,20000,Axial,DM+QCDjets,1500.0,300.0,1.0,0.25,atlas_exot_2018_06,EM10,0.4755719,1.0174946,0.000657,0.0015794
/home/yoxara/Insync/DMSimp_vector_axial_pp_xxj_NLO_eff/Events/run_83/events_PYTHIA8_0.hepmc.gz,1.772,20000,Axial,DM+QCDjets,1500.0,300.0,1.0,0.25,atlas_exot_2018_06,EM11,-1.0,-1.0,0.0,0.0
/home/yoxara/Insync/DMSimp_vector_axial_pp_xxj_NLO_eff/Events/run_83/events_PYTHIA8_0.hepmc.gz,1.772,20000,Axial,DM+QCDjets,1500.0,300.0,1.0,0.25,atlas_exot_2018_06,EM12,-1.0,-1.0,0.0,0.0
/home/yoxara/Insync/DMSimp_vector_axial_pp_xxj_NLO_eff/Events/run_84/events_PYTHIA8_0.hepmc.gz,1.639,20000,Axial,DM+QCDjets,1500.0,350.0,1.0,0.25,atlas_exot_2018_06,IM0,6.8845211,8.7264962,0.0822369,0.0176745
/home/yoxara/Insync/DMSimp_vector_axial_pp_xxj_NLO_eff/Events/run_84/events_PYTHIA8_0.hepmc.gz,1.639,20000,Axial,DM+QCDjets,1500.0,350.0,1.0,0.25,atlas_exot_2018_06,IM1,3.7407662,4.7020341,0.0605263,0.0153413
/home/yoxara/Insync/DMSimp_vector_axial_pp_xxj_NLO_eff/Events/run_84/events_PYTHIA8_0.hepmc.gz,1.639,20000,Axial,DM+QCDjets,1500.0,350.0,1.0,0.25,atlas_exot_2018_06,IM2,2.5476966,3.4912643,0.0445724,0.0132764
/home/yoxara/Insync/DMSimp_vector_axial_pp_xxj_NLO_eff/Events/run_84/events_PYTHIA8_0.hepmc.gz,1.639,20000,Axial,DM+QCDjets,1500.0,350.0,1.0,0.25,atlas_exot_2018_06,IM3,1.8387114,2.7092072,0.0309211,0.0111366
/home/yoxara/Insync/DMSimp_vector_axial_pp_xxj_NLO_eff/Events/run_84/events_PYTHIA8_0.hepmc.gz,1.639,20000,Axial,DM+QCDjets,1500.0,350.0,1.0,0.25,atlas_exot_2018_06,IM4,1.4055439,2.2257373,0.0235197,0.0097498
/home/yoxara/Insync/DMSimp_vector_axial_pp_xxj_NLO_eff/Events/run_84/events_PYTHIA8_0.hepmc.gz,1.639,20000,Axial,DM+QCDjets,1500.0,350.0,1.0,0.25,atlas_exot_2018_06,IM5,1.2158914,1.8551736,0.0118421,0.0069595
/home/yoxara/Insync/DMSimp_vector_axial_pp_xxj_NLO_eff/Events/run_84/events_PYTHIA8_0.hepmc.gz,1.639,20000,Axial,DM+QCDjets,1500.0,350.0,1.0,0.25,atlas_exot_2018_06,IM6,1.1959339,1.7525566,0.0060855,0.0050035
/home/yoxara/Insync/DMSimp_vector_axial_pp_xxj_NLO_eff/Events/run_84/events_PYTHIA8_0.hepmc.gz,1.639,20000,Axial,DM+QCDjets,1500.0,350.0,1.0,0.25,atlas_exot_2018_06,IM7,1.1537918,1.3540905,0.003125,0.0035908
/home/yoxara/Insync/DMSimp_vector_axial_pp_xxj_NLO_eff/Events/run_84/events_PYTHIA8_0.hepmc.gz,1.639,20000,Axial,DM+QCDjets,1500.0,350.0,1.0,0.25,atlas_exot_2018_06,IM8,1.1150392,1.1839377,0.0018092,0.002734
/home/yoxara/Insync/DMSimp_vector_axial_pp_xxj_NLO_eff/Events/run_84/events_PYTHIA8_0.hepmc.gz,1.639,20000,Axial,DM+QCDjets,1500.0,350.0,1.0,0.25,atlas_exot_2018_06,IM9,1.5298497,1.4579233,0.0008224,0.0018442
/home/yoxara/Insync/DMSimp_vector_axial_pp_xxj_NLO_eff/Events/run_84/events_PYTHIA8_0.hepmc.gz,1.639,20000,Axial,DM+QCDjets,1500.0,350.0,1.0,0.25,atlas_exot_2018_06,IM10,1.8960411,2.9246289,0.0004934,0.0014287
/home/yoxara/Insync/DMSimp_vector_axial_pp_xxj_NLO_eff/Events/run_84/events_PYTHIA8_0.hepmc.gz,1.639,20000,Axial,DM+QCDjets,1500.0,350.0,1.0,0.25,atlas_exot_2018_06,IM11,1.7046663,1.5367095,0.0003289,0.0011666
/home/yoxara/Insync/DMSimp_vector_axial_pp_xxj_NLO_eff/Events/run_84/events_PYTHIA8_0.hepmc.gz,1.639,20000,Axial,DM+QCDjets,1500.0,350.0,1.0,0.25,atlas_exot_2018_06,IM12,2.1203483,1.6811252,0.0001645,0.000825
/home/yoxara/Insync/DMSimp_vector_axial_pp_xxj_NLO_eff/Events/run_84/events_PYTHIA8_0.hepmc.gz,1.639,20000,Axial,DM+QCDjets,1500.0,350.0,1.0,0.25,atlas_exot_2018_06,EM0,16.9047267,18.9063377,0.0217105,0.009376
/home/yoxara/Insync/DMSimp_vector_axial_pp_xxj_NLO_eff/Events/run_84/events_PYTHIA8_0.hepmc.gz,1.639,20000,Axial,DM+QCDjets,1500.0,350.0,1.0,0.25,atlas_exot_2018_06,EM1,7.9927601,7.8101623,0.015954,0.008061
/home/yoxara/Insync/DMSimp_vector_axial_pp_xxj_NLO_eff/Events/run_84/events_PYTHIA8_0.hepmc.gz,1.639,20000,Axial,DM+QCDjets,1500.0,350.0,1.0,0.25,atlas_exot_2018_06,EM2,3.6565997,3.6552715,0.0136513,0.0074654
/home/yoxara/Insync/DMSimp_vector_axial_pp_xxj_NLO_eff/Events/run_84/events_PYTHIA8_0.hepmc.gz,1.639,20000,Axial,DM+QCDjets,1500.0,350.0,1.0,0.25,atlas_exot_2018_06,EM3,3.1360956,3.8148044,0.0074013,0.0055143
/home/yoxara/Insync/DMSimp_vector_axial_pp_xxj_NLO_eff/Events/run_84/events_PYTHIA8_0.hepmc.gz,1.639,20000,Axial,DM+QCDjets,1500.0,350.0,1.0,0.25,atlas_exot_2018_06,EM4,1.5071442,2.1210413,0.0116776,0.0069115
/home/yoxara/Insync/DMSimp_vector_axial_pp_xxj_NLO_eff/Events/run_84/events_PYTHIA8_0.hepmc.gz,1.639,20000,Axial,DM+QCDjets,1500.0,350.0,1.0,0.25,atlas_exot_2018_06,EM5,1.0705978,1.3010483,0.0057566,0.0048672
/home/yoxara/Insync/DMSimp_vector_axial_pp_xxj_NLO_eff/Events/run_84/events_PYTHIA8_0.hepmc.gz,1.639,20000,Axial,DM+QCDjets,1500.0,350.0,1.0,0.25,atlas_exot_2018_06,EM6,0.9837114,1.3614473,0.0029605,0.0034953
/home/yoxara/Insync/DMSimp_vector_axial_pp_xxj_NLO_eff/Events/run_84/events_PYTHIA8_0.hepmc.gz,1.639,20000,Axial,DM+QCDjets,1500.0,350.0,1.0,0.25,atlas_exot_2018_06,EM7,1.0874622,1.5930921,0.0013158,0.0023321
/home/yoxara/Insync/DMSimp_vector_axial_pp_xxj_NLO_eff/Events/run_84/events_PYTHIA8_0.hepmc.gz,1.639,20000,Axial,DM+QCDjets,1500.0,350.0,1.0,0.25,atlas_exot_2018_06,EM8,0.8217373,0.9427584,0.0009868,0.00202
/home/yoxara/Insync/DMSimp_vector_axial_pp_xxj_NLO_eff/Events/run_84/events_PYTHIA8_0.hepmc.gz,1.639,20000,Axial,DM+QCDjets,1500.0,350.0,1.0,0.25,atlas_exot_2018_06,EM9,1.4854548,1.2750913,0.0003289,0.0011666
/home/yoxara/Insync/DMSimp_vector_axial_pp_xxj_NLO_eff/Events/run_84/events_PYTHIA8_0.hepmc.gz,1.639,20000,Axial,DM+QCDjets,1500.0,350.0,1.0,0.25,atlas_exot_2018_06,EM10,1.9070162,4.0675933,0.0001645,0.000825
/home/yoxara/Insync/DMSimp_vector_axial_pp_xxj_NLO_eff/Events/run_84/events_PYTHIA8_0.hepmc.gz,1.639,20000,Axial,DM+QCDjets,1500.0,350.0,1.0,0.25,atlas_exot_2018_06,EM11,1.3333657,1.5053529,0.0001645,0.000825
/home/yoxara/Insync/DMSimp_vector_axial_pp_xxj_NLO_eff/Events/run_84/events_PYTHIA8_0.hepmc.gz,1.639,20000,Axial,DM+QCDjets,1500.0,350.0,1.0,0.25,atlas_exot_2018_06,EM12,1.5518238,1.2466879,0.0001645,0.000825
/home/yoxara/Insync/DMSimp_vector_axial_pp_xxj_NLO_eff/Events/run_85/events_PYTHIA8_0.hepmc.gz,1.509,20000,Axial,DM+QCDjets,1500.0,400.0,1.0,0.25,atlas_exot_2018_06,IM0,6.665213,8.4231217,0.0849057,0.0190574
/home/yoxara/Insync/DMSimp_vector_axial_pp_xxj_NLO_eff/Events/run_85/events_PYTHIA8_0.hepmc.gz,1.509,20000,Axial,DM+QCDjets,1500.0,400.0,1.0,0.25,atlas_exot_2018_06,IM1,3.5782788,4.5057943,0.0631739,0.0166326
/home/yoxara/Insync/DMSimp_vector_axial_pp_xxj_NLO_eff/Events/run_85/events_PYTHIA8_0.hepmc.gz,1.509,20000,Axial,DM+QCDjets,1500.0,400.0,1.0,0.25,atlas_exot_2018_06,IM2,2.7019196,3.7150119,0.0419474,0.013706
/home/yoxara/Insync/DMSimp_vector_axial_pp_xxj_NLO_eff/Events/run_85/events_PYTHIA8_0.hepmc.gz,1.509,20000,Axial,DM+QCDjets,1500.0,400.0,1.0,0.25,atlas_exot_2018_06,IM3,1.9441847,2.865687,0.0293127,0.0115327
/home/yoxara/Insync/DMSimp_vector_axial_pp_xxj_NLO_eff/Events/run_85/events_PYTHIA8_0.hepmc.gz,1.509,20000,Axial,DM+QCDjets,1500.0,400.0,1.0,0.25,atlas_exot_2018_06,IM4,1.6247397,2.5864121,0.0202156,0.0096221
/home/yoxara/Insync/DMSimp_vector_axial_pp_xxj_NLO_eff/Events/run_85/events_PYTHIA8_0.hepmc.gz,1.509,20000,Axial,DM+QCDjets,1500.0,400.0,1.0,0.25,atlas_exot_2018_06,IM5,1.2573576,1.9107157,0.0114555,0.0072756
/home/yoxara/Insync/DMSimp_vector_axial_pp_xxj_NLO_eff/Events/run_85/events_PYTHIA8_0.hepmc.gz,1.509,20000,Axial,DM+QCDjets,1500.0,400.0,1.0,0.25,atlas_exot_2018_06,IM6,0.9857025,1.4403791,0.0074124,0.0058644
/home/yoxara/Insync/DMSimp_vector_axial_pp_xxj_NLO_eff/Events/run_85/events_PYTHIA8_0.hepmc.gz,1.509,20000,Axial,DM+QCDjets,1500.0,400.0,1.0,0.25,atlas_exot_2018_06,IM7,0.7385141,0.8651769,0.0048854,0.0047671
/home/yoxara/Insync/DMSimp_vector_axial_pp_xxj_NLO_eff/Events/run_85/events_PYTHIA8_0.hepmc.gz,1.509,20000,Axial,DM+QCDjets,1500.0,400.0,1.0,0.25,atlas_exot_2018_06,IM8,0.9105774,0.980681,0.00219,0.003196
/home/yoxara/Insync/DMSimp_vector_axial_pp_xxj_NLO_eff/Events/run_85/events_PYTHIA8_0.hepmc.gz,1.509,20000,Axial,DM+QCDjets,1500.0,400.0,1.0,0.25,atlas_exot_2018_06,IM9,1.247759,1.1807132,0.0010108,0.0021726
/home/yoxara/Insync/DMSimp_vector_axial_pp_xxj_NLO_eff/Events/run_85/events_PYTHIA8_0.hepmc.gz,1.509,20000,Axial,DM+QCDjets,1500.0,400.0,1.0,0.25,atlas_exot_2018_06,IM10,0.9226463,1.424798,0.0010108,0.0021726
/home/yoxara/Insync/DMSimp_vector_axial_pp_xxj_NLO_eff/Events/run_85/events_PYTHIA8_0.hepmc.gz,1.509,20000,Axial,DM+QCDjets,1500.0,400.0,1.0,0.25,atlas_exot_2018_06,IM11,1.1186008,-1.0,0.0005054,0.0015366
/home/yoxara/Insync/DMSimp_vector_axial_pp_xxj_NLO_eff/Events/run_85/events_PYTHIA8_0.hepmc.gz,1.509,20000,Axial,DM+QCDjets,1500.0,400.0,1.0,0.25,atlas_exot_2018_06,IM12,1.0312193,0.8226009,0.0003369,0.0012548
/home/yoxara/Insync/DMSimp_vector_axial_pp_xxj_NLO_eff/Events/run_85/events_PYTHIA8_0.hepmc.gz,1.509,20000,Axial,DM+QCDjets,1500.0,400.0,1.0,0.25,atlas_exot_2018_06,EM0,16.8721159,18.9258751,0.0217318,0.0099687
/home/yoxara/Insync/DMSimp_vector_axial_pp_xxj_NLO_eff/Events/run_85/events_PYTHIA8_0.hepmc.gz,1.509,20000,Axial,DM+QCDjets,1500.0,400.0,1.0,0.25,atlas_exot_2018_06,EM1,5.9860928,5.8437908,0.0212264,0.0098547
/home/yoxara/Insync/DMSimp_vector_axial_pp_xxj_NLO_eff/Events/run_85/events_PYTHIA8_0.hepmc.gz,1.509,20000,Axial,DM+QCDjets,1500.0,400.0,1.0,0.25,atlas_exot_2018_06,EM2,3.9447522,3.9140425,0.0126348,0.0076363
/home/yoxara/Insync/DMSimp_vector_axial_pp_xxj_NLO_eff/Events/run_85/events_PYTHIA8_0.hepmc.gz,1.509,20000,Axial,DM+QCDjets,1500.0,400.0,1.0,0.25,atlas_exot_2018_06,EM3,2.5337758,3.0796156,0.009097,0.0064912
/home/yoxara/Insync/DMSimp_vector_axial_pp_xxj_NLO_eff/Events/run_85/events_PYTHIA8_0.hepmc.gz,1.509,20000,Axial,DM+QCDjets,1500.0,400.0,1.0,0.25,atlas_exot_2018_06,EM4,1.9978391,2.8200593,0.0087601,0.006371
/home/yoxara/Insync/DMSimp_vector_axial_pp_xxj_NLO_eff/Events/run_85/events_PYTHIA8_0.hepmc.gz,1.509,20000,Axial,DM+QCDjets,1500.0,400.0,1.0,0.25,atlas_exot_2018_06,EM5,1.5101813,1.8527929,0.0040431,0.0043385
/home/yoxara/Insync/DMSimp_vector_axial_pp_xxj_NLO_eff/Events/run_85/events_PYTHIA8_0.hepmc.gz,1.509,20000,Axial,DM+QCDjets,1500.0,400.0,1.0,0.25,atlas_exot_2018_06,EM6,1.1590942,1.5938516,0.002527,0.0034325
/home/yoxara/Insync/DMSimp_vector_axial_pp_xxj_NLO_eff/Events/run_85/events_PYTHIA8_0.hepmc.gz,1.509,20000,Axial,DM+QCDjets,1500.0,400.0,1.0,0.25,atlas_exot_2018_06,EM7,0.5319962,0.7772116,0.0026954,0.0035448
/home/yoxara/Insync/DMSimp_vector_axial_pp_xxj_NLO_eff/Events/run_85/events_PYTHIA8_0.hepmc.gz,1.509,20000,Axial,DM+QCDjets,1500.0,400.0,1.0,0.25,atlas_exot_2018_06,EM8,0.6867104,0.7881438,0.0011792,0.0023464
/home/yoxara/Insync/DMSimp_vector_axial_pp_xxj_NLO_eff/Events/run_85/events_PYTHIA8_0.hepmc.gz,1.509,20000,Axial,DM+QCDjets,1500.0,400.0,1.0,0.25,atlas_exot_2018_06,EM9,-1.0,-1.0,0.0,0.0
/home/yoxara/Insync/DMSimp_vector_axial_pp_xxj_NLO_eff/Events/run_85/events_PYTHIA8_0.hepmc.gz,1.509,20000,Axial,DM+QCDjets,1500.0,400.0,1.0,0.25,atlas_exot_2018_06,EM10,0.6192567,1.3236334,0.0005054,0.0015366
/home/yoxara/Insync/DMSimp_vector_axial_pp_xxj_NLO_eff/Events/run_85/events_PYTHIA8_0.hepmc.gz,1.509,20000,Axial,DM+QCDjets,1500.0,400.0,1.0,0.25,atlas_exot_2018_06,EM11,1.3065574,1.4680253,0.0001685,0.0008873
/home/yoxara/Insync/DMSimp_vector_axial_pp_xxj_NLO_eff/Events/run_85/events_PYTHIA8_0.hepmc.gz,1.509,20000,Axial,DM+QCDjets,1500.0,400.0,1.0,0.25,atlas_exot_2018_06,EM12,0.7594488,0.6074904,0.0003369,0.0012548
/home/yoxara/Insync/DMSimp_vector_axial_pp_xxj_NLO_eff/Events/run_86/events_PYTHIA8_0.hepmc.gz,1.321,20000,Axial,DM+QCDjets,1500.0,450.0,1.0,0.25,atlas_exot_2018_06,IM0,6.7510965,8.5768694,0.0836093,0.0199151
/home/yoxara/Insync/DMSimp_vector_axial_pp_xxj_NLO_eff/Events/run_86/events_PYTHIA8_0.hepmc.gz,1.321,20000,Axial,DM+QCDjets,1500.0,450.0,1.0,0.25,atlas_exot_2018_06,IM1,3.6452547,4.5819916,0.0620861,0.0173617
/home/yoxara/Insync/DMSimp_vector_axial_pp_xxj_NLO_eff/Events/run_86/events_PYTHIA8_0.hepmc.gz,1.321,20000,Axial,DM+QCDjets,1500.0,450.0,1.0,0.25,atlas_exot_2018_06,IM2,2.5163802,3.4707353,0.0448676,0.014894
/home/yoxara/Insync/DMSimp_vector_axial_pp_xxj_NLO_eff/Events/run_86/events_PYTHIA8_0.hepmc.gz,1.321,20000,Axial,DM+QCDjets,1500.0,450.0,1.0,0.25,atlas_exot_2018_06,IM3,1.8018197,2.6642454,0.031457,0.0125583
/home/yoxara/Insync/DMSimp_vector_axial_pp_xxj_NLO_eff/Events/run_86/events_PYTHIA8_0.hepmc.gz,1.321,20000,Axial,DM+QCDjets,1500.0,450.0,1.0,0.25,atlas_exot_2018_06,IM4,1.4229258,2.2676099,0.0230133,0.0107882
/home/yoxara/Insync/DMSimp_vector_axial_pp_xxj_NLO_eff/Events/run_86/events_PYTHIA8_0.hepmc.gz,1.321,20000,Axial,DM+QCDjets,1500.0,450.0,1.0,0.25,atlas_exot_2018_06,IM5,1.1355039,1.7175804,0.0127484,0.0080715
/home/yoxara/Insync/DMSimp_vector_axial_pp_xxj_NLO_eff/Events/run_86/events_PYTHIA8_0.hepmc.gz,1.321,20000,Axial,DM+QCDjets,1500.0,450.0,1.0,0.25,atlas_exot_2018_06,IM6,1.159066,1.6957722,0.0062914,0.0056888
/home/yoxara/Insync/DMSimp_vector_axial_pp_xxj_NLO_eff/Events/run_86/events_PYTHIA8_0.hepmc.gz,1.321,20000,Axial,DM+QCDjets,1500.0,450.0,1.0,0.25,atlas_exot_2018_06,IM7,1.1441315,1.3488461,0.0031457,0.0040289
/home/yoxara/Insync/DMSimp_vector_axial_pp_xxj_NLO_eff/Events/run_86/events_PYTHIA8_0.hepmc.gz,1.321,20000,Axial,DM+QCDjets,1500.0,450.0,1.0,0.25,atlas_exot_2018_06,IM8,1.1011873,1.1745725,0.0018212,0.0030676
/home/yoxara/Insync/DMSimp_vector_axial_pp_xxj_NLO_eff/Events/run_86/events_PYTHIA8_0.hepmc.gz,1.321,20000,Axial,DM+QCDjets,1500.0,450.0,1.0,0.25,atlas_exot_2018_06,IM9,1.9122932,1.7968908,0.0006623,0.0018509
/home/yoxara/Insync/DMSimp_vector_axial_pp_xxj_NLO_eff/Events/run_86/events_PYTHIA8_0.hepmc.gz,1.321,20000,Axial,DM+QCDjets,1500.0,450.0,1.0,0.25,atlas_exot_2018_06,IM10,2.8159474,4.3635091,0.0003311,0.001309
/home/yoxara/Insync/DMSimp_vector_axial_pp_xxj_NLO_eff/Events/run_86/events_PYTHIA8_0.hepmc.gz,1.321,20000,Axial,DM+QCDjets,1500.0,450.0,1.0,0.25,atlas_exot_2018_06,IM11,-1.0,-1.0,0.0,0.0
/home/yoxara/Insync/DMSimp_vector_axial_pp_xxj_NLO_eff/Events/run_86/events_PYTHIA8_0.hepmc.gz,1.321,20000,Axial,DM+QCDjets,1500.0,450.0,1.0,0.25,atlas_exot_2018_06,IM12,-1.0,-1.0,0.0,0.0
/home/yoxara/Insync/DMSimp_vector_axial_pp_xxj_NLO_eff/Events/run_86/events_PYTHIA8_0.hepmc.gz,1.321,20000,Axial,DM+QCDjets,1500.0,450.0,1.0,0.25,atlas_exot_2018_06,EM0,17.0620174,19.0844817,0.0215232,0.010441
/home/yoxara/Insync/DMSimp_vector_axial_pp_xxj_NLO_eff/Events/run_86/events_PYTHIA8_0.hepmc.gz,1.321,20000,Axial,DM+QCDjets,1500.0,450.0,1.0,0.25,atlas_exot_2018_06,EM1,7.3951849,7.2477391,0.0172186,0.0093593
/home/yoxara/Insync/DMSimp_vector_axial_pp_xxj_NLO_eff/Events/run_86/events_PYTHIA8_0.hepmc.gz,1.321,20000,Axial,DM+QCDjets,1500.0,450.0,1.0,0.25,atlas_exot_2018_06,EM2,3.7489919,3.6997595,0.0134106,0.0082757
/home/yoxara/Insync/DMSimp_vector_axial_pp_xxj_NLO_eff/Events/run_86/events_PYTHIA8_0.hepmc.gz,1.321,20000,Axial,DM+QCDjets,1500.0,450.0,1.0,0.25,atlas_exot_2018_06,EM3,2.7433184,3.3172375,0.0084437,0.0065832
/home/yoxara/Insync/DMSimp_vector_axial_pp_xxj_NLO_eff/Events/run_86/events_PYTHIA8_0.hepmc.gz,1.321,20000,Axial,DM+QCDjets,1500.0,450.0,1.0,0.25,atlas_exot_2018_06,EM4,1.7003047,2.4111113,0.0102649,0.0072519
/home/yoxara/Insync/DMSimp_vector_axial_pp_xxj_NLO_eff/Events/run_86/events_PYTHIA8_0.hepmc.gz,1.321,20000,Axial,DM+QCDjets,1500.0,450.0,1.0,0.25,atlas_exot_2018_06,EM5,0.9540359,1.1607102,0.006457,0.0057626
/home/yoxara/Insync/DMSimp_vector_axial_pp_xxj_NLO_eff/Events/run_86/events_PYTHIA8_0.hepmc.gz,1.321,20000,Axial,DM+QCDjets,1500.0,450.0,1.0,0.25,atlas_exot_2018_06,EM6,0.9215507,1.2823762,0.0031457,0.0040289
/home/yoxara/Insync/DMSimp_vector_axial_pp_xxj_NLO_eff/Events/run_86/events_PYTHIA8_0.hepmc.gz,1.321,20000,Axial,DM+QCDjets,1500.0,450.0,1.0,0.25,atlas_exot_2018_06,EM7,1.0783865,1.5849243,0.0013245,0.0026167
/home/yoxara/Insync/DMSimp_vector_axial_pp_xxj_NLO_eff/Events/run_86/events_PYTHIA8_0.hepmc.gz,1.321,20000,Axial,DM+QCDjets,1500.0,450.0,1.0,0.25,atlas_exot_2018_06,EM8,0.6997584,0.8018077,0.0011589,0.0024479
/home/yoxara/Insync/DMSimp_vector_axial_pp_xxj_NLO_eff/Events/run_86/events_PYTHIA8_0.hepmc.gz,1.321,20000,Axial,DM+QCDjets,1500.0,450.0,1.0,0.25,atlas_exot_2018_06,EM9,1.4700207,1.2570673,0.0003311,0.001309
/home/yoxara/Insync/DMSimp_vector_axial_pp_xxj_NLO_eff/Events/run_86/events_PYTHIA8_0.hepmc.gz,1.321,20000,Axial,DM+QCDjets,1500.0,450.0,1.0,0.25,atlas_exot_2018_06,EM10,0.6305141,1.3447508,0.0004967,0.0016031
/home/yoxara/Insync/DMSimp_vector_axial_pp_xxj_NLO_eff/Events/run_86/events_PYTHIA8_0.hepmc.gz,1.321,20000,Axial,DM+QCDjets,1500.0,450.0,1.0,0.25,atlas_exot_2018_06,EM11,-1.0,-1.0,0.0,0.0
/home/yoxara/Insync/DMSimp_vector_axial_pp_xxj_NLO_eff/Events/run_86/events_PYTHIA8_0.hepmc.gz,1.321,20000,Axial,DM+QCDjets,1500.0,450.0,1.0,0.25,atlas_exot_2018_06,EM12,-1.0,-1.0,0.0,0.0
/home/yoxara/Insync/DMSimp_vector_axial_pp_xxj_NLO_eff/Events/run_87/events_PYTHIA8_0.hepmc.gz,1.159,20000,Axial,DM+QCDjets,1500.0,500.0,1.0,0.25,atlas_exot_2018_06,IM0,7.4661503,9.4543104,0.0757133,0.0204439
/home/yoxara/Insync/DMSimp_vector_axial_pp_xxj_NLO_eff/Events/run_87/events_PYTHIA8_0.hepmc.gz,1.159,20000,Axial,DM+QCDjets,1500.0,500.0,1.0,0.25,atlas_exot_2018_06,IM1,4.2978828,5.3931384,0.0526913,0.0172659
/home/yoxara/Insync/DMSimp_vector_axial_pp_xxj_NLO_eff/Events/run_87/events_PYTHIA8_0.hepmc.gz,1.159,20000,Axial,DM+QCDjets,1500.0,500.0,1.0,0.25,atlas_exot_2018_06,IM2,3.2431966,4.4186468,0.0350194,0.0142065
/home/yoxara/Insync/DMSimp_vector_axial_pp_xxj_NLO_eff/Events/run_87/events_PYTHIA8_0.hepmc.gz,1.159,20000,Axial,DM+QCDjets,1500.0,500.0,1.0,0.25,atlas_exot_2018_06,IM3,2.2330661,3.2907396,0.025454,0.0121717
/home/yoxara/Insync/DMSimp_vector_axial_pp_xxj_NLO_eff/Events/run_87/events_PYTHIA8_0.hepmc.gz,1.159,20000,Axial,DM+QCDjets,1500.0,500.0,1.0,0.25,atlas_exot_2018_06,IM4,1.8448193,2.9418759,0.017834,0.010228
/home/yoxara/Insync/DMSimp_vector_axial_pp_xxj_NLO_eff/Events/run_87/events_PYTHIA8_0.hepmc.gz,1.159,20000,Axial,DM+QCDjets,1500.0,500.0,1.0,0.25,atlas_exot_2018_06,IM5,1.7157398,2.5913445,0.0084306,0.0070659
/home/yoxara/Insync/DMSimp_vector_axial_pp_xxj_NLO_eff/Events/run_87/events_PYTHIA8_0.hepmc.gz,1.159,20000,Axial,DM+QCDjets,1500.0,500.0,1.0,0.25,atlas_exot_2018_06,IM6,1.0741905,1.5685101,0.0068093,0.0063554
/home/yoxara/Insync/DMSimp_vector_axial_pp_xxj_NLO_eff/Events/run_87/events_PYTHIA8_0.hepmc.gz,1.159,20000,Axial,DM+QCDjets,1500.0,500.0,1.0,0.25,atlas_exot_2018_06,IM7,0.9623881,1.1317647,0.0037289,0.0047104
/home/yoxara/Insync/DMSimp_vector_axial_pp_xxj_NLO_eff/Events/run_87/events_PYTHIA8_0.hepmc.gz,1.159,20000,Axial,DM+QCDjets,1500.0,500.0,1.0,0.25,atlas_exot_2018_06,IM8,0.8245345,0.8820656,0.0024319,0.0038064
/home/yoxara/Insync/DMSimp_vector_axial_pp_xxj_NLO_eff/Events/run_87/events_PYTHIA8_0.hepmc.gz,1.159,20000,Axial,DM+QCDjets,1500.0,500.0,1.0,0.25,atlas_exot_2018_06,IM9,0.6469182,0.6141913,0.0019455,0.0034054
/home/yoxara/Insync/DMSimp_vector_axial_pp_xxj_NLO_eff/Events/run_87/events_PYTHIA8_0.hepmc.gz,1.159,20000,Axial,DM+QCDjets,1500.0,500.0,1.0,0.25,atlas_exot_2018_06,IM10,0.639768,0.9877426,0.0014591,0.0029499
/home/yoxara/Insync/DMSimp_vector_axial_pp_xxj_NLO_eff/Events/run_87/events_PYTHIA8_0.hepmc.gz,1.159,20000,Axial,DM+QCDjets,1500.0,500.0,1.0,0.25,atlas_exot_2018_06,IM11,0.5790518,0.5164346,0.0009728,0.0024092
/home/yoxara/Insync/DMSimp_vector_axial_pp_xxj_NLO_eff/Events/run_87/events_PYTHIA8_0.hepmc.gz,1.159,20000,Axial,DM+QCDjets,1500.0,500.0,1.0,0.25,atlas_exot_2018_06,IM12,1.0755462,0.8525085,0.0003243,0.0013914
/home/yoxara/Insync/DMSimp_vector_axial_pp_xxj_NLO_eff/Events/run_87/events_PYTHIA8_0.hepmc.gz,1.159,20000,Axial,DM+QCDjets,1500.0,500.0,1.0,0.25,atlas_exot_2018_06,EM0,16.0050411,17.7395377,0.023022,0.0115901
/home/yoxara/Insync/DMSimp_vector_axial_pp_xxj_NLO_eff/Events/run_87/events_PYTHIA8_0.hepmc.gz,1.159,20000,Axial,DM+QCDjets,1500.0,500.0,1.0,0.25,atlas_exot_2018_06,EM1,7.2371564,7.0452398,0.0176718,0.0101822
/home/yoxara/Insync/DMSimp_vector_axial_pp_xxj_NLO_eff/Events/run_87/events_PYTHIA8_0.hepmc.gz,1.159,20000,Axial,DM+QCDjets,1500.0,500.0,1.0,0.25,atlas_exot_2018_06,EM2,5.2395644,5.1902069,0.0095655,0.0075221
/home/yoxara/Insync/DMSimp_vector_axial_pp_xxj_NLO_eff/Events/run_87/events_PYTHIA8_0.hepmc.gz,1.159,20000,Axial,DM+QCDjets,1500.0,500.0,1.0,0.25,atlas_exot_2018_06,EM3,3.0326032,3.6799732,0.00762,0.0067203
/home/yoxara/Insync/DMSimp_vector_axial_pp_xxj_NLO_eff/Events/run_87/events_PYTHIA8_0.hepmc.gz,1.159,20000,Axial,DM+QCDjets,1500.0,500.0,1.0,0.25,atlas_exot_2018_06,EM4,1.8634094,2.6234102,0.0094034,0.0074587
/home/yoxara/Insync/DMSimp_vector_axial_pp_xxj_NLO_eff/Events/run_87/events_PYTHIA8_0.hepmc.gz,1.159,20000,Axial,DM+QCDjets,1500.0,500.0,1.0,0.25,atlas_exot_2018_06,EM5,3.7818185,4.6217755,0.0016213,0.0031092
/home/yoxara/Insync/DMSimp_vector_axial_pp_xxj_NLO_eff/Events/run_87/events_PYTHIA8_0.hepmc.gz,1.159,20000,Axial,DM+QCDjets,1500.0,500.0,1.0,0.25,atlas_exot_2018_06,EM6,0.9448081,1.3130188,0.0030804,0.0042826
/home/yoxara/Insync/DMSimp_vector_axial_pp_xxj_NLO_eff/Events/run_87/events_PYTHIA8_0.hepmc.gz,1.159,20000,Axial,DM+QCDjets,1500.0,500.0,1.0,0.25,atlas_exot_2018_06,EM7,1.1116873,1.6177294,0.001297,0.0027814
/home/yoxara/Insync/DMSimp_vector_axial_pp_xxj_NLO_eff/Events/run_87/events_PYTHIA8_0.hepmc.gz,1.159,20000,Axial,DM+QCDjets,1500.0,500.0,1.0,0.25,atlas_exot_2018_06,EM8,1.6707297,1.9122242,0.0004864,0.0017039
/home/yoxara/Insync/DMSimp_vector_axial_pp_xxj_NLO_eff/Events/run_87/events_PYTHIA8_0.hepmc.gz,1.159,20000,Axial,DM+QCDjets,1500.0,500.0,1.0,0.25,atlas_exot_2018_06,EM9,1.0,0.8572185,0.0004864,0.0017039
/home/yoxara/Insync/DMSimp_vector_axial_pp_xxj_NLO_eff/Events/run_87/events_PYTHIA8_0.hepmc.gz,1.159,20000,Axial,DM+QCDjets,1500.0,500.0,1.0,0.25,atlas_exot_2018_06,EM10,0.6428646,1.3706737,0.0004864,0.0017039
/home/yoxara/Insync/DMSimp_vector_axial_pp_xxj_NLO_eff/Events/run_87/events_PYTHIA8_0.hepmc.gz,1.159,20000,Axial,DM+QCDjets,1500.0,500.0,1.0,0.25,atlas_exot_2018_06,EM11,0.338099,0.3804169,0.0006485,0.0019674
/home/yoxara/Insync/DMSimp_vector_axial_pp_xxj_NLO_eff/Events/run_87/events_PYTHIA8_0.hepmc.gz,1.159,20000,Axial,DM+QCDjets,1500.0,500.0,1.0,0.25,atlas_exot_2018_06,EM12,0.7863826,0.6321283,0.0003243,0.0013914
/home/yoxara/Insync/DMSimp_vector_axial_pp_xxj_NLO_eff/Events/run_88/events_PYTHIA8_0.hepmc.gz,0.9195,20000,Axial,DM+QCDjets,1500.0,550.0,1.0,0.25,atlas_exot_2018_06,IM0,6.9156721,8.7793555,0.081599,0.0239075
/home/yoxara/Insync/DMSimp_vector_axial_pp_xxj_NLO_eff/Events/run_88/events_PYTHIA8_0.hepmc.gz,0.9195,20000,Axial,DM+QCDjets,1500.0,550.0,1.0,0.25,atlas_exot_2018_06,IM1,3.8059516,4.7863779,0.05963,0.0206803
/home/yoxara/Insync/DMSimp_vector_axial_pp_xxj_NLO_eff/Events/run_88/events_PYTHIA8_0.hepmc.gz,0.9195,20000,Axial,DM+QCDjets,1500.0,550.0,1.0,0.25,atlas_exot_2018_06,IM2,2.7475207,3.7711566,0.041295,0.0173767
/home/yoxara/Insync/DMSimp_vector_axial_pp_xxj_NLO_eff/Events/run_88/events_PYTHIA8_0.hepmc.gz,0.9195,20000,Axial,DM+QCDjets,1500.0,550.0,1.0,0.25,atlas_exot_2018_06,IM3,1.8566121,2.7650879,0.0303931,0.0149921
/home/yoxara/Insync/DMSimp_vector_axial_pp_xxj_NLO_eff/Events/run_88/events_PYTHIA8_0.hepmc.gz,0.9195,20000,Axial,DM+QCDjets,1500.0,550.0,1.0,0.25,atlas_exot_2018_06,IM4,1.5139529,2.4192711,0.0216386,0.0127069
/home/yoxara/Insync/DMSimp_vector_axial_pp_xxj_NLO_eff/Events/run_88/events_PYTHIA8_0.hepmc.gz,0.9195,20000,Axial,DM+QCDjets,1500.0,550.0,1.0,0.25,atlas_exot_2018_06,IM5,1.2583504,1.9193965,0.0113974,0.0092702
/home/yoxara/Insync/DMSimp_vector_axial_pp_xxj_NLO_eff/Events/run_88/events_PYTHIA8_0.hepmc.gz,0.9195,20000,Axial,DM+QCDjets,1500.0,550.0,1.0,0.25,atlas_exot_2018_06,IM6,1.1625961,1.6979586,0.0062768,0.0068973
/home/yoxara/Insync/DMSimp_vector_axial_pp_xxj_NLO_eff/Events/run_88/events_PYTHIA8_0.hepmc.gz,0.9195,20000,Axial,DM+QCDjets,1500.0,550.0,1.0,0.25,atlas_exot_2018_06,IM7,1.0344922,1.217845,0.0034688,0.0051346
/home/yoxara/Insync/DMSimp_vector_axial_pp_xxj_NLO_eff/Events/run_88/events_PYTHIA8_0.hepmc.gz,0.9195,20000,Axial,DM+QCDjets,1500.0,550.0,1.0,0.25,atlas_exot_2018_06,IM8,1.106795,1.1783007,0.001817,0.0037193
/home/yoxara/Insync/DMSimp_vector_axial_pp_xxj_NLO_eff/Events/run_88/events_PYTHIA8_0.hepmc.gz,0.9195,20000,Axial,DM+QCDjets,1500.0,550.0,1.0,0.25,atlas_exot_2018_06,IM9,0.8495573,0.8036067,0.0014866,0.0033648
/home/yoxara/Insync/DMSimp_vector_axial_pp_xxj_NLO_eff/Events/run_88/events_PYTHIA8_0.hepmc.gz,0.9195,20000,Axial,DM+QCDjets,1500.0,550.0,1.0,0.25,atlas_exot_2018_06,IM10,0.6284342,0.9712685,0.0014866,0.0033648
/home/yoxara/Insync/DMSimp_vector_axial_pp_xxj_NLO_eff/Events/run_88/events_PYTHIA8_0.hepmc.gz,0.9195,20000,Axial,DM+QCDjets,1500.0,550.0,1.0,0.25,atlas_exot_2018_06,IM11,0.4890599,0.4378918,0.0011563,0.0029679
/home/yoxara/Insync/DMSimp_vector_axial_pp_xxj_NLO_eff/Events/run_88/events_PYTHIA8_0.hepmc.gz,0.9195,20000,Axial,DM+QCDjets,1500.0,550.0,1.0,0.25,atlas_exot_2018_06,IM12,0.3011951,0.2390343,0.0011563,0.0029679
/home/yoxara/Insync/DMSimp_vector_axial_pp_xxj_NLO_eff/Events/run_88/events_PYTHIA8_0.hepmc.gz,0.9195,20000,Axial,DM+QCDjets,1500.0,550.0,1.0,0.25,atlas_exot_2018_06,EM0,16.7569857,18.7022083,0.021969,0.0128014
/home/yoxara/Insync/DMSimp_vector_axial_pp_xxj_NLO_eff/Events/run_88/events_PYTHIA8_0.hepmc.gz,0.9195,20000,Axial,DM+QCDjets,1500.0,550.0,1.0,0.25,atlas_exot_2018_06,EM1,6.9573274,6.7571421,0.018335,0.0117165
/home/yoxara/Insync/DMSimp_vector_axial_pp_xxj_NLO_eff/Events/run_88/events_PYTHIA8_0.hepmc.gz,0.9195,20000,Axial,DM+QCDjets,1500.0,550.0,1.0,0.25,atlas_exot_2018_06,EM2,4.5845798,4.5528534,0.0109019,0.0090687
/home/yoxara/Insync/DMSimp_vector_axial_pp_xxj_NLO_eff/Events/run_88/events_PYTHIA8_0.hepmc.gz,0.9195,20000,Axial,DM+QCDjets,1500.0,550.0,1.0,0.25,atlas_exot_2018_06,EM3,2.6441784,3.1946514,0.0087545,0.0081355
/home/yoxara/Insync/DMSimp_vector_axial_pp_xxj_NLO_eff/Events/run_88/events_PYTHIA8_0.hepmc.gz,0.9195,20000,Axial,DM+QCDjets,1500.0,550.0,1.0,0.25,atlas_exot_2018_06,EM4,1.7118415,2.4041057,0.0102412,0.0087926
/home/yoxara/Insync/DMSimp_vector_axial_pp_xxj_NLO_eff/Events/run_88/events_PYTHIA8_0.hepmc.gz,0.9195,20000,Axial,DM+QCDjets,1500.0,550.0,1.0,0.25,atlas_exot_2018_06,EM5,1.2016259,1.4624756,0.0051206,0.0062333
/home/yoxara/Insync/DMSimp_vector_axial_pp_xxj_NLO_eff/Events/run_88/events_PYTHIA8_0.hepmc.gz,0.9195,20000,Axial,DM+QCDjets,1500.0,550.0,1.0,0.25,atlas_exot_2018_06,EM6,1.0345313,1.4340261,0.0028081,0.0046213
/home/yoxara/Insync/DMSimp_vector_axial_pp_xxj_NLO_eff/Events/run_88/events_PYTHIA8_0.hepmc.gz,0.9195,20000,Axial,DM+QCDjets,1500.0,550.0,1.0,0.25,atlas_exot_2018_06,EM7,0.8688504,1.2672043,0.0016518,0.0035465
/home/yoxara/Insync/DMSimp_vector_axial_pp_xxj_NLO_eff/Events/run_88/events_PYTHIA8_0.hepmc.gz,0.9195,20000,Axial,DM+QCDjets,1500.0,550.0,1.0,0.25,atlas_exot_2018_06,EM8,2.4569429,2.8066787,0.0003304,0.0015871
/home/yoxara/Insync/DMSimp_vector_axial_pp_xxj_NLO_eff/Events/run_88/events_PYTHIA8_0.hepmc.gz,0.9195,20000,Axial,DM+QCDjets,1500.0,550.0,1.0,0.25,atlas_exot_2018_06,EM9,-1.0,-1.0,0.0,0.0
/home/yoxara/Insync/DMSimp_vector_axial_pp_xxj_NLO_eff/Events/run_88/events_PYTHIA8_0.hepmc.gz,0.9195,20000,Axial,DM+QCDjets,1500.0,550.0,1.0,0.25,atlas_exot_2018_06,EM10,0.9482124,2.0186286,0.0003304,0.0015871
/home/yoxara/Insync/DMSimp_vector_axial_pp_xxj_NLO_eff/Events/run_88/events_PYTHIA8_0.hepmc.gz,0.9195,20000,Axial,DM+QCDjets,1500.0,550.0,1.0,0.25,atlas_exot_2018_06,EM11,-1.0,-1.0,0.0,0.0
/home/yoxara/Insync/DMSimp_vector_axial_pp_xxj_NLO_eff/Events/run_88/events_PYTHIA8_0.hepmc.gz,0.9195,20000,Axial,DM+QCDjets,1500.0,550.0,1.0,0.25,atlas_exot_2018_06,EM12,0.2195855,0.1770541,0.0011563,0.0029679
/home/yoxara/Insync/DMSimp_vector_axial_pp_xxj_NLO_eff/Events/run_89/events_PYTHIA8_0.hepmc.gz,0.6757,20000,Axial,DM+QCDjets,1500.0,600.0,1.0,0.25,atlas_exot_2018_06,IM0,7.27844,9.2242375,0.0778701,0.0266703
/home/yoxara/Insync/DMSimp_vector_axial_pp_xxj_NLO_eff/Events/run_89/events_PYTHIA8_0.hepmc.gz,0.6757,20000,Axial,DM+QCDjets,1500.0,600.0,1.0,0.25,atlas_exot_2018_06,IM1,3.8193997,4.812167,0.059322,0.0235112
/home/yoxara/Insync/DMSimp_vector_axial_pp_xxj_NLO_eff/Events/run_89/events_PYTHIA8_0.hepmc.gz,0.6757,20000,Axial,DM+QCDjets,1500.0,600.0,1.0,0.25,atlas_exot_2018_06,IM2,2.6777555,3.693719,0.042213,0.0200126
/home/yoxara/Insync/DMSimp_vector_axial_pp_xxj_NLO_eff/Events/run_89/events_PYTHIA8_0.hepmc.gz,0.6757,20000,Axial,DM+QCDjets,1500.0,600.0,1.0,0.25,atlas_exot_2018_06,IM3,2.0506331,3.0236296,0.0278222,0.0163687
/home/yoxara/Insync/DMSimp_vector_axial_pp_xxj_NLO_eff/Events/run_89/events_PYTHIA8_0.hepmc.gz,0.6757,20000,Axial,DM+QCDjets,1500.0,600.0,1.0,0.25,atlas_exot_2018_06,IM4,1.6115821,2.5505367,0.0204669,0.0140923
/home/yoxara/Insync/DMSimp_vector_axial_pp_xxj_NLO_eff/Events/run_89/events_PYTHIA8_0.hepmc.gz,0.6757,20000,Axial,DM+QCDjets,1500.0,600.0,1.0,0.25,atlas_exot_2018_06,IM5,1.2903893,1.9581288,0.0111928,0.0104706
/home/yoxara/Insync/DMSimp_vector_axial_pp_xxj_NLO_eff/Events/run_89/events_PYTHIA8_0.hepmc.gz,0.6757,20000,Axial,DM+QCDjets,1500.0,600.0,1.0,0.25,atlas_exot_2018_06,IM6,1.2262543,1.8019405,0.0059162,0.0076327
/home/yoxara/Insync/DMSimp_vector_axial_pp_xxj_NLO_eff/Events/run_89/events_PYTHIA8_0.hepmc.gz,0.6757,20000,Axial,DM+QCDjets,1500.0,600.0,1.0,0.25,atlas_exot_2018_06,IM7,1.0686712,1.2590613,0.0033578,0.0057577
/home/yoxara/Insync/DMSimp_vector_axial_pp_xxj_NLO_eff/Events/run_89/events_PYTHIA8_0.hepmc.gz,0.6757,20000,Axial,DM+QCDjets,1500.0,600.0,1.0,0.25,atlas_exot_2018_06,IM8,0.6948705,0.7411766,0.0028782,0.0053318
/home/yoxara/Insync/DMSimp_vector_axial_pp_xxj_NLO_eff/Events/run_89/events_PYTHIA8_0.hepmc.gz,0.6757,20000,Axial,DM+QCDjets,1500.0,600.0,1.0,0.25,atlas_exot_2018_06,IM9,0.5632963,0.5360651,0.0022386,0.0047038
/home/yoxara/Insync/DMSimp_vector_axial_pp_xxj_NLO_eff/Events/run_89/events_PYTHIA8_0.hepmc.gz,0.6757,20000,Axial,DM+QCDjets,1500.0,600.0,1.0,0.25,atlas_exot_2018_06,IM10,0.5854426,0.9024117,0.001599,0.0039767
/home/yoxara/Insync/DMSimp_vector_axial_pp_xxj_NLO_eff/Events/run_89/events_PYTHIA8_0.hepmc.gz,0.6757,20000,Axial,DM+QCDjets,1500.0,600.0,1.0,0.25,atlas_exot_2018_06,IM11,0.5067707,0.4518989,0.0011193,0.0033279
/home/yoxara/Insync/DMSimp_vector_axial_pp_xxj_NLO_eff/Events/run_89/events_PYTHIA8_0.hepmc.gz,0.6757,20000,Axial,DM+QCDjets,1500.0,600.0,1.0,0.25,atlas_exot_2018_06,IM12,0.4361455,0.34712,0.0007995,0.0028131
/home/yoxara/Insync/DMSimp_vector_axial_pp_xxj_NLO_eff/Events/run_89/events_PYTHIA8_0.hepmc.gz,0.6757,20000,Axial,DM+QCDjets,1500.0,600.0,1.0,0.25,atlas_exot_2018_06,EM0,19.8450228,22.0719419,0.0185481,0.0134286
/home/yoxara/Insync/DMSimp_vector_axial_pp_xxj_NLO_eff/Events/run_89/events_PYTHIA8_0.hepmc.gz,0.6757,20000,Axial,DM+QCDjets,1500.0,600.0,1.0,0.25,atlas_exot_2018_06,EM1,7.4556168,7.2845733,0.017109,0.0129066
/home/yoxara/Insync/DMSimp_vector_axial_pp_xxj_NLO_eff/Events/run_89/events_PYTHIA8_0.hepmc.gz,0.6757,20000,Axial,DM+QCDjets,1500.0,600.0,1.0,0.25,atlas_exot_2018_06,EM2,3.4785654,3.4564288,0.0143908,0.0118533
/home/yoxara/Insync/DMSimp_vector_axial_pp_xxj_NLO_eff/Events/run_89/events_PYTHIA8_0.hepmc.gz,0.6757,20000,Axial,DM+QCDjets,1500.0,600.0,1.0,0.25,atlas_exot_2018_06,EM3,3.1507094,3.8016192,0.0073553,0.0085044
/home/yoxara/Insync/DMSimp_vector_axial_pp_xxj_NLO_eff/Events/run_89/events_PYTHIA8_0.hepmc.gz,0.6757,20000,Axial,DM+QCDjets,1500.0,600.0,1.0,0.25,atlas_exot_2018_06,EM4,1.8883168,2.6638963,0.0092741,0.0095402
/home/yoxara/Insync/DMSimp_vector_axial_pp_xxj_NLO_eff/Events/run_89/events_PYTHIA8_0.hepmc.gz,0.6757,20000,Axial,DM+QCDjets,1500.0,600.0,1.0,0.25,atlas_exot_2018_06,EM5,1.1649359,1.4153533,0.0052766,0.0072107
/home/yoxara/Insync/DMSimp_vector_axial_pp_xxj_NLO_eff/Events/run_89/events_PYTHIA8_0.hepmc.gz,0.6757,20000,Axial,DM+QCDjets,1500.0,600.0,1.0,0.25,atlas_exot_2018_06,EM6,1.1375788,1.5770411,0.0025584,0.0050277
/home/yoxara/Insync/DMSimp_vector_axial_pp_xxj_NLO_eff/Events/run_89/events_PYTHIA8_0.hepmc.gz,0.6757,20000,Axial,DM+QCDjets,1500.0,600.0,1.0,0.25,atlas_exot_2018_06,EM7,2.9869006,4.3607814,0.0004797,0.0021793
/home/yoxara/Insync/DMSimp_vector_axial_pp_xxj_NLO_eff/Events/run_89/events_PYTHIA8_0.hepmc.gz,0.6757,20000,Axial,DM+QCDjets,1500.0,600.0,1.0,0.25,atlas_exot_2018_06,EM8,1.2653413,1.4497728,0.0006396,0.0025163
/home/yoxara/Insync/DMSimp_vector_axial_pp_xxj_NLO_eff/Events/run_89/events_PYTHIA8_0.hepmc.gz,0.6757,20000,Axial,DM+QCDjets,1500.0,600.0,1.0,0.25,atlas_exot_2018_06,EM9,0.7637072,0.648669,0.0006396,0.0025163
/home/yoxara/Insync/DMSimp_vector_axial_pp_xxj_NLO_eff/Events/run_89/events_PYTHIA8_0.hepmc.gz,0.6757,20000,Axial,DM+QCDjets,1500.0,600.0,1.0,0.25,atlas_exot_2018_06,EM10,0.6539082,1.3919976,0.0004797,0.0021793
/home/yoxara/Insync/DMSimp_vector_axial_pp_xxj_NLO_eff/Events/run_89/events_PYTHIA8_0.hepmc.gz,0.6757,20000,Axial,DM+QCDjets,1500.0,600.0,1.0,0.25,atlas_exot_2018_06,EM11,0.6879776,0.7696741,0.0003198,0.0017796
/home/yoxara/Insync/DMSimp_vector_axial_pp_xxj_NLO_eff/Events/run_89/events_PYTHIA8_0.hepmc.gz,0.6757,20000,Axial,DM+QCDjets,1500.0,600.0,1.0,0.25,atlas_exot_2018_06,EM12,0.3185164,0.256123,0.0007995,0.0028131
/home/yoxara/Insync/DMSimp_vector_axial_pp_xxj_NLO_eff/Events/run_90/events_PYTHIA8_0.hepmc.gz,0.4349,20000,Axial,DM+QCDjets,1500.0,650.0,1.0,0.25,atlas_exot_2018_06,IM0,6.5318086,8.3605546,0.0862241,0.0364375
/home/yoxara/Insync/DMSimp_vector_axial_pp_xxj_NLO_eff/Events/run_90/events_PYTHIA8_0.hepmc.gz,0.4349,20000,Axial,DM+QCDjets,1500.0,650.0,1.0,0.25,atlas_exot_2018_06,IM1,3.4288777,4.3134859,0.0662108,0.0322777
/home/yoxara/Insync/DMSimp_vector_axial_pp_xxj_NLO_eff/Events/run_90/events_PYTHIA8_0.hepmc.gz,0.4349,20000,Axial,DM+QCDjets,1500.0,650.0,1.0,0.25,atlas_exot_2018_06,IM2,2.2512306,3.074937,0.0503669,0.0283899
/home/yoxara/Insync/DMSimp_vector_axial_pp_xxj_NLO_eff/Events/run_90/events_PYTHIA8_0.hepmc.gz,0.4349,20000,Axial,DM+QCDjets,1500.0,650.0,1.0,0.25,atlas_exot_2018_06,IM3,1.5205113,2.2468234,0.0373582,0.0246172
/home/yoxara/Insync/DMSimp_vector_axial_pp_xxj_NLO_eff/Events/run_90/events_PYTHIA8_0.hepmc.gz,0.4349,20000,Axial,DM+QCDjets,1500.0,650.0,1.0,0.25,atlas_exot_2018_06,IM4,1.1575393,1.8318303,0.028519,0.0216072
/home/yoxara/Insync/DMSimp_vector_axial_pp_xxj_NLO_eff/Events/run_90/events_PYTHIA8_0.hepmc.gz,0.4349,20000,Axial,DM+QCDjets,1500.0,650.0,1.0,0.25,atlas_exot_2018_06,IM5,0.9061924,1.3773404,0.0158439,0.0162098
/home/yoxara/Insync/DMSimp_vector_axial_pp_xxj_NLO_eff/Events/run_90/events_PYTHIA8_0.hepmc.gz,0.4349,20000,Axial,DM+QCDjets,1500.0,650.0,1.0,0.25,atlas_exot_2018_06,IM6,0.8072808,1.1826296,0.009006,0.0122635
/home/yoxara/Insync/DMSimp_vector_axial_pp_xxj_NLO_eff/Events/run_90/events_PYTHIA8_0.hepmc.gz,0.4349,20000,Axial,DM+QCDjets,1500.0,650.0,1.0,0.25,atlas_exot_2018_06,IM7,0.5657738,0.668492,0.0063376,0.0103014
/home/yoxara/Insync/DMSimp_vector_axial_pp_xxj_NLO_eff/Events/run_90/events_PYTHIA8_0.hepmc.gz,0.4349,20000,Axial,DM+QCDjets,1500.0,650.0,1.0,0.25,atlas_exot_2018_06,IM8,0.5222173,0.5581415,0.0038359,0.0080244
/home/yoxara/Insync/DMSimp_vector_axial_pp_xxj_NLO_eff/Events/run_90/events_PYTHIA8_0.hepmc.gz,0.4349,20000,Axial,DM+QCDjets,1500.0,650.0,1.0,0.25,atlas_exot_2018_06,IM9,0.505687,0.4766461,0.0025017,0.0064846
/home/yoxara/Insync/DMSimp_vector_axial_pp_xxj_NLO_eff/Events/run_90/events_PYTHIA8_0.hepmc.gz,0.4349,20000,Axial,DM+QCDjets,1500.0,650.0,1.0,0.25,atlas_exot_2018_06,IM10,0.6999677,1.0815453,0.0013342,0.0047385
/home/yoxara/Insync/DMSimp_vector_axial_pp_xxj_NLO_eff/Events/run_90/events_PYTHIA8_0.hepmc.gz,0.4349,20000,Axial,DM+QCDjets,1500.0,650.0,1.0,0.25,atlas_exot_2018_06,IM11,1.1319014,1.005,0.0005003,0.0029029
/home/yoxara/Insync/DMSimp_vector_axial_pp_xxj_NLO_eff/Events/run_90/events_PYTHIA8_0.hepmc.gz,0.4349,20000,Axial,DM+QCDjets,1500.0,650.0,1.0,0.25,atlas_exot_2018_06,IM12,2.0946816,1.6558446,0.0001668,0.0016763
/home/yoxara/Insync/DMSimp_vector_axial_pp_xxj_NLO_eff/Events/run_90/events_PYTHIA8_0.hepmc.gz,0.4349,20000,Axial,DM+QCDjets,1500.0,650.0,1.0,0.25,atlas_exot_2018_06,EM0,18.3335481,20.4443416,0.0200134,0.0181796
/home/yoxara/Insync/DMSimp_vector_axial_pp_xxj_NLO_eff/Events/run_90/events_PYTHIA8_0.hepmc.gz,0.4349,20000,Axial,DM+QCDjets,1500.0,650.0,1.0,0.25,atlas_exot_2018_06,EM1,8.0010622,7.8369427,0.0158439,0.0162098
/home/yoxara/Insync/DMSimp_vector_axial_pp_xxj_NLO_eff/Events/run_90/events_PYTHIA8_0.hepmc.gz,0.4349,20000,Axial,DM+QCDjets,1500.0,650.0,1.0,0.25,atlas_exot_2018_06,EM2,3.8372343,3.8108428,0.0130087,0.0147091
/home/yoxara/Insync/DMSimp_vector_axial_pp_xxj_NLO_eff/Events/run_90/events_PYTHIA8_0.hepmc.gz,0.4349,20000,Axial,DM+QCDjets,1500.0,650.0,1.0,0.25,atlas_exot_2018_06,EM3,2.6312717,3.1696446,0.0088392,0.0121505
/home/yoxara/Insync/DMSimp_vector_axial_pp_xxj_NLO_eff/Events/run_90/events_PYTHIA8_0.hepmc.gz,0.4349,20000,Axial,DM+QCDjets,1500.0,650.0,1.0,0.25,atlas_exot_2018_06,EM4,1.3871742,1.9401679,0.0126751,0.0145218
/home/yoxara/Insync/DMSimp_vector_axial_pp_xxj_NLO_eff/Events/run_90/events_PYTHIA8_0.hepmc.gz,0.4349,20000,Axial,DM+QCDjets,1500.0,650.0,1.0,0.25,atlas_exot_2018_06,EM5,0.8974185,1.0949653,0.0068379,0.0106976
/home/yoxara/Insync/DMSimp_vector_axial_pp_xxj_NLO_eff/Events/run_90/events_PYTHIA8_0.hepmc.gz,0.4349,20000,Axial,DM+QCDjets,1500.0,650.0,1.0,0.25,atlas_exot_2018_06,EM6,1.0896212,1.5018442,0.0026684,0.0066967
/home/yoxara/Insync/DMSimp_vector_axial_pp_xxj_NLO_eff/Events/run_90/events_PYTHIA8_0.hepmc.gz,0.4349,20000,Axial,DM+QCDjets,1500.0,650.0,1.0,0.25,atlas_exot_2018_06,EM7,0.5719182,0.8381183,0.0025017,0.0064846
/home/yoxara/Insync/DMSimp_vector_axial_pp_xxj_NLO_eff/Events/run_90/events_PYTHIA8_0.hepmc.gz,0.4349,20000,Axial,DM+QCDjets,1500.0,650.0,1.0,0.25,atlas_exot_2018_06,EM8,0.6061512,0.699256,0.0013342,0.0047385
/home/yoxara/Insync/DMSimp_vector_axial_pp_xxj_NLO_eff/Events/run_90/events_PYTHIA8_0.hepmc.gz,0.4349,20000,Axial,DM+QCDjets,1500.0,650.0,1.0,0.25,atlas_exot_2018_06,EM9,0.4209415,0.3566909,0.0011674,0.0044328
/home/yoxara/Insync/DMSimp_vector_axial_pp_xxj_NLO_eff/Events/run_90/events_PYTHIA8_0.hepmc.gz,0.4349,20000,Axial,DM+QCDjets,1500.0,650.0,1.0,0.25,atlas_exot_2018_06,EM10,0.3779033,0.8006093,0.0008339,0.003747
/home/yoxara/Insync/DMSimp_vector_axial_pp_xxj_NLO_eff/Events/run_90/events_PYTHIA8_0.hepmc.gz,0.4349,20000,Axial,DM+QCDjets,1500.0,650.0,1.0,0.25,atlas_exot_2018_06,EM11,0.6571969,0.7421973,0.0003336,0.0023704
/home/yoxara/Insync/DMSimp_vector_axial_pp_xxj_NLO_eff/Events/run_90/events_PYTHIA8_0.hepmc.gz,0.4349,20000,Axial,DM+QCDjets,1500.0,650.0,1.0,0.25,atlas_exot_2018_06,EM12,1.5188922,1.2200928,0.0001668,0.0016763
/home/yoxara/Insync/DMSimp_vector_axial_pp_xxj_NLO_eff/Events/run_91/events_PYTHIA8_0.hepmc.gz,0.1891,20000,Axial,DM+QCDjets,1500.0,700.0,1.0,0.25,atlas_exot_2018_06,IM0,6.2798617,8.0184055,0.089458,0.0558396
/home/yoxara/Insync/DMSimp_vector_axial_pp_xxj_NLO_eff/Events/run_91/events_PYTHIA8_0.hepmc.gz,0.1891,20000,Axial,DM+QCDjets,1500.0,700.0,1.0,0.25,atlas_exot_2018_06,IM1,3.4510096,4.3476197,0.0656801,0.0484671
/home/yoxara/Insync/DMSimp_vector_axial_pp_xxj_NLO_eff/Events/run_91/events_PYTHIA8_0.hepmc.gz,0.1891,20000,Axial,DM+QCDjets,1500.0,700.0,1.0,0.25,atlas_exot_2018_06,IM2,2.4926651,3.411751,0.0455604,0.0407991
/home/yoxara/Insync/DMSimp_vector_axial_pp_xxj_NLO_eff/Events/run_91/events_PYTHIA8_0.hepmc.gz,0.1891,20000,Axial,DM+QCDjets,1500.0,700.0,1.0,0.25,atlas_exot_2018_06,IM3,1.7301722,2.5682074,0.0327569,0.0348259
/home/yoxara/Insync/DMSimp_vector_axial_pp_xxj_NLO_eff/Events/run_91/events_PYTHIA8_0.hepmc.gz,0.1891,20000,Axial,DM+QCDjets,1500.0,700.0,1.0,0.25,atlas_exot_2018_06,IM4,1.3120923,2.0753609,0.0251081,0.0306103
/home/yoxara/Insync/DMSimp_vector_axial_pp_xxj_NLO_eff/Events/run_91/events_PYTHIA8_0.hepmc.gz,0.1891,20000,Axial,DM+QCDjets,1500.0,700.0,1.0,0.25,atlas_exot_2018_06,IM5,0.9323148,1.4114828,0.0154639,0.0241412
/home/yoxara/Insync/DMSimp_vector_axial_pp_xxj_NLO_eff/Events/run_91/events_PYTHIA8_0.hepmc.gz,0.1891,20000,Axial,DM+QCDjets,1500.0,700.0,1.0,0.25,atlas_exot_2018_06,IM6,0.8566976,1.2594328,0.0084802,0.0179406
/home/yoxara/Insync/DMSimp_vector_axial_pp_xxj_NLO_eff/Events/run_91/events_PYTHIA8_0.hepmc.gz,0.1891,20000,Axial,DM+QCDjets,1500.0,700.0,1.0,0.25,atlas_exot_2018_06,IM7,0.7986808,0.9448033,0.0044895,0.0130799
/home/yoxara/Insync/DMSimp_vector_axial_pp_xxj_NLO_eff/Events/run_91/events_PYTHIA8_0.hepmc.gz,0.1891,20000,Axial,DM+QCDjets,1500.0,700.0,1.0,0.25,atlas_exot_2018_06,IM8,-1.0,1.0747889,0.0019953,0.0087309
/home/yoxara/Insync/DMSimp_vector_axial_pp_xxj_NLO_eff/Events/run_91/events_PYTHIA8_0.hepmc.gz,0.1891,20000,Axial,DM+QCDjets,1500.0,700.0,1.0,0.25,atlas_exot_2018_06,IM9,0.9483515,0.8992218,0.0013302,0.0071311
/home/yoxara/Insync/DMSimp_vector_axial_pp_xxj_NLO_eff/Events/run_91/events_PYTHIA8_0.hepmc.gz,0.1891,20000,Axial,DM+QCDjets,1500.0,700.0,1.0,0.25,atlas_exot_2018_06,IM10,0.7017708,1.0779871,0.0013302,0.0071311
/home/yoxara/Insync/DMSimp_vector_axial_pp_xxj_NLO_eff/Events/run_91/events_PYTHIA8_0.hepmc.gz,0.1891,20000,Axial,DM+QCDjets,1500.0,700.0,1.0,0.25,atlas_exot_2018_06,IM11,1.1313749,1.01,0.0004988,0.0043687
/home/yoxara/Insync/DMSimp_vector_axial_pp_xxj_NLO_eff/Events/run_91/events_PYTHIA8_0.hepmc.gz,0.1891,20000,Axial,DM+QCDjets,1500.0,700.0,1.0,0.25,atlas_exot_2018_06,IM12,-1.0,-1.0,0.0,0.0
/home/yoxara/Insync/DMSimp_vector_axial_pp_xxj_NLO_eff/Events/run_91/events_PYTHIA8_0.hepmc.gz,0.1891,20000,Axial,DM+QCDjets,1500.0,700.0,1.0,0.25,atlas_exot_2018_06,EM0,15.4184873,17.226328,0.0237779,0.0298087
/home/yoxara/Insync/DMSimp_vector_axial_pp_xxj_NLO_eff/Events/run_91/events_PYTHIA8_0.hepmc.gz,0.1891,20000,Axial,DM+QCDjets,1500.0,700.0,1.0,0.25,atlas_exot_2018_06,EM1,6.3341618,6.1744987,0.0201197,0.0274714
/home/yoxara/Insync/DMSimp_vector_axial_pp_xxj_NLO_eff/Events/run_91/events_PYTHIA8_0.hepmc.gz,0.1891,20000,Axial,DM+QCDjets,1500.0,700.0,1.0,0.25,atlas_exot_2018_06,EM2,3.9104202,3.8745461,0.0128035,0.0219962
/home/yoxara/Insync/DMSimp_vector_axial_pp_xxj_NLO_eff/Events/run_91/events_PYTHIA8_0.hepmc.gz,0.1891,20000,Axial,DM+QCDjets,1500.0,700.0,1.0,0.25,atlas_exot_2018_06,EM3,3.0260209,3.6817581,0.0076488,0.0170456
/home/yoxara/Insync/DMSimp_vector_axial_pp_xxj_NLO_eff/Events/run_91/events_PYTHIA8_0.hepmc.gz,0.1891,20000,Axial,DM+QCDjets,1500.0,700.0,1.0,0.25,atlas_exot_2018_06,EM4,1.8145456,2.5616975,0.0096442,0.019121
/home/yoxara/Insync/DMSimp_vector_axial_pp_xxj_NLO_eff/Events/run_91/events_PYTHIA8_0.hepmc.gz,0.1891,20000,Axial,DM+QCDjets,1500.0,700.0,1.0,0.25,atlas_exot_2018_06,EM5,0.8789767,1.0722493,0.0069837,0.0162931
/home/yoxara/Insync/DMSimp_vector_axial_pp_xxj_NLO_eff/Events/run_91/events_PYTHIA8_0.hepmc.gz,0.1891,20000,Axial,DM+QCDjets,1500.0,700.0,1.0,0.25,atlas_exot_2018_06,EM6,0.7281552,1.0129506,0.0039907,0.012335
/home/yoxara/Insync/DMSimp_vector_axial_pp_xxj_NLO_eff/Events/run_91/events_PYTHIA8_0.hepmc.gz,0.1891,20000,Axial,DM+QCDjets,1500.0,700.0,1.0,0.25,atlas_exot_2018_06,EM7,0.5765833,0.8441254,0.0024942,0.009759
/home/yoxara/Insync/DMSimp_vector_axial_pp_xxj_NLO_eff/Events/run_91/events_PYTHIA8_0.hepmc.gz,0.1891,20000,Axial,DM+QCDjets,1500.0,700.0,1.0,0.25,atlas_exot_2018_06,EM8,1.2172843,1.4011974,0.0006651,0.0050441
/home/yoxara/Insync/DMSimp_vector_axial_pp_xxj_NLO_eff/Events/run_91/events_PYTHIA8_0.hepmc.gz,0.1891,20000,Axial,DM+QCDjets,1500.0,700.0,1.0,0.25,atlas_exot_2018_06,EM9,-1.0,-1.0,0.0,0.0
/home/yoxara/Insync/DMSimp_vector_axial_pp_xxj_NLO_eff/Events/run_91/events_PYTHIA8_0.hepmc.gz,0.1891,20000,Axial,DM+QCDjets,1500.0,700.0,1.0,0.25,atlas_exot_2018_06,EM10,0.3772353,0.8031399,0.0008314,0.005639
/home/yoxara/Insync/DMSimp_vector_axial_pp_xxj_NLO_eff/Events/run_91/events_PYTHIA8_0.hepmc.gz,0.1891,20000,Axial,DM+QCDjets,1500.0,700.0,1.0,0.25,atlas_exot_2018_06,EM11,0.4407803,0.4936682,0.0004988,0.0043687
/home/yoxara/Insync/DMSimp_vector_axial_pp_xxj_NLO_eff/Events/run_91/events_PYTHIA8_0.hepmc.gz,0.1891,20000,Axial,DM+QCDjets,1500.0,700.0,1.0,0.25,atlas_exot_2018_06,EM12,-1.0,-1.0,0.0,0.0
/home/yoxara/Insync/DMSimp_vector_axial_pp_xxj_NLO_eff/Events/run_92/events_PYTHIA8_0.hepmc.gz,0.03092,20000,Axial,DM+QCDjets,1500.0,750.0,1.0,0.25,atlas_exot_2018_06,IM0,6.5717045,8.3492761,0.0859452,0.1310442
/home/yoxara/Insync/DMSimp_vector_axial_pp_xxj_NLO_eff/Events/run_92/events_PYTHIA8_0.hepmc.gz,0.03092,20000,Axial,DM+QCDjets,1500.0,750.0,1.0,0.25,atlas_exot_2018_06,IM1,3.508514,4.4125905,0.0645002,0.1148479
/home/yoxara/Insync/DMSimp_vector_axial_pp_xxj_NLO_eff/Events/run_92/events_PYTHIA8_0.hepmc.gz,0.03092,20000,Axial,DM+QCDjets,1500.0,750.0,1.0,0.25,atlas_exot_2018_06,IM2,2.5982539,3.5492823,0.0437149,0.0955937
/home/yoxara/Insync/DMSimp_vector_axial_pp_xxj_NLO_eff/Events/run_92/events_PYTHIA8_0.hepmc.gz,0.03092,20000,Axial,DM+QCDjets,1500.0,750.0,1.0,0.25,atlas_exot_2018_06,IM3,1.8323727,2.7084244,0.0310129,0.0810496
/home/yoxara/Insync/DMSimp_vector_axial_pp_xxj_NLO_eff/Events/run_92/events_PYTHIA8_0.hepmc.gz,0.03092,20000,Axial,DM+QCDjets,1500.0,750.0,1.0,0.25,atlas_exot_2018_06,IM4,1.3576455,2.1707484,0.0240845,0.0716796
/home/yoxara/Insync/DMSimp_vector_axial_pp_xxj_NLO_eff/Events/run_92/events_PYTHIA8_0.hepmc.gz,0.03092,20000,Axial,DM+QCDjets,1500.0,750.0,1.0,0.25,atlas_exot_2018_06,IM5,1.0782699,1.6334124,0.0133619,0.0536827
/home/yoxara/Insync/DMSimp_vector_axial_pp_xxj_NLO_eff/Events/run_92/events_PYTHIA8_0.hepmc.gz,0.03092,20000,Axial,DM+QCDjets,1500.0,750.0,1.0,0.25,atlas_exot_2018_06,IM6,0.8359705,1.2229604,0.008743,0.0435255
/home/yoxara/Insync/DMSimp_vector_axial_pp_xxj_NLO_eff/Events/run_92/events_PYTHIA8_0.hepmc.gz,0.03092,20000,Axial,DM+QCDjets,1500.0,750.0,1.0,0.25,atlas_exot_2018_06,IM7,0.6385865,0.7530661,0.0056087,0.0349165
/home/yoxara/Insync/DMSimp_vector_axial_pp_xxj_NLO_eff/Events/run_92/events_PYTHIA8_0.hepmc.gz,0.03092,20000,Axial,DM+QCDjets,1500.0,750.0,1.0,0.25,atlas_exot_2018_06,IM8,0.5774238,0.6187061,0.0034642,0.0274706
/home/yoxara/Insync/DMSimp_vector_axial_pp_xxj_NLO_eff/Events/run_92/events_PYTHIA8_0.hepmc.gz,0.03092,20000,Axial,DM+QCDjets,1500.0,750.0,1.0,0.25,atlas_exot_2018_06,IM9,0.5127169,0.4824388,0.0024744,0.0232285
/home/yoxara/Insync/DMSimp_vector_axial_pp_xxj_NLO_eff/Events/run_92/events_PYTHIA8_0.hepmc.gz,0.03092,20000,Axial,DM+QCDjets,1500.0,750.0,1.0,0.25,atlas_exot_2018_06,IM10,0.6251466,0.9713834,0.0014847,0.0180016
/home/yoxara/Insync/DMSimp_vector_axial_pp_xxj_NLO_eff/Events/run_92/events_PYTHIA8_0.hepmc.gz,0.03092,20000,Axial,DM+QCDjets,1500.0,750.0,1.0,0.25,atlas_exot_2018_06,IM11,0.4867922,0.4345527,0.0011547,0.0158786
/home/yoxara/Insync/DMSimp_vector_axial_pp_xxj_NLO_eff/Events/run_92/events_PYTHIA8_0.hepmc.gz,0.03092,20000,Axial,DM+QCDjets,1500.0,750.0,1.0,0.25,atlas_exot_2018_06,IM12,0.5294786,0.4187697,0.0006598,0.012006
/home/yoxara/Insync/DMSimp_vector_axial_pp_xxj_NLO_eff/Events/run_92/events_PYTHIA8_0.hepmc.gz,0.03092,20000,Axial,DM+QCDjets,1500.0,750.0,1.0,0.25,atlas_exot_2018_06,EM0,17.1441491,19.2033102,0.0214451,0.0677294
/home/yoxara/Insync/DMSimp_vector_axial_pp_xxj_NLO_eff/Events/run_92/events_PYTHIA8_0.hepmc.gz,0.03092,20000,Axial,DM+QCDjets,1500.0,750.0,1.0,0.25,atlas_exot_2018_06,EM1,6.1578104,5.9991294,0.0207852,0.0667017
/home/yoxara/Insync/DMSimp_vector_axial_pp_xxj_NLO_eff/Events/run_92/events_PYTHIA8_0.hepmc.gz,0.03092,20000,Axial,DM+QCDjets,1500.0,750.0,1.0,0.25,atlas_exot_2018_06,EM2,3.9405389,3.9199197,0.0127021,0.0523579
/home/yoxara/Insync/DMSimp_vector_axial_pp_xxj_NLO_eff/Events/run_92/events_PYTHIA8_0.hepmc.gz,0.03092,20000,Axial,DM+QCDjets,1500.0,750.0,1.0,0.25,atlas_exot_2018_06,EM3,3.3479493,4.0467665,0.0069284,0.0387818
/home/yoxara/Insync/DMSimp_vector_axial_pp_xxj_NLO_eff/Events/run_92/events_PYTHIA8_0.hepmc.gz,0.03092,20000,Axial,DM+QCDjets,1500.0,750.0,1.0,0.25,atlas_exot_2018_06,EM4,1.6261185,2.3063913,0.0107225,0.0481536
/home/yoxara/Insync/DMSimp_vector_axial_pp_xxj_NLO_eff/Events/run_92/events_PYTHIA8_0.hepmc.gz,0.03092,20000,Axial,DM+QCDjets,1500.0,750.0,1.0,0.25,atlas_exot_2018_06,EM5,1.3333009,1.6217153,0.0046189,0.031702
/home/yoxara/Insync/DMSimp_vector_axial_pp_xxj_NLO_eff/Events/run_92/events_PYTHIA8_0.hepmc.gz,0.03092,20000,Axial,DM+QCDjets,1500.0,750.0,1.0,0.25,atlas_exot_2018_06,EM6,0.9301451,1.2849926,0.0031343,0.0261341
/home/yoxara/Insync/DMSimp_vector_axial_pp_xxj_NLO_eff/Events/run_92/events_PYTHIA8_0.hepmc.gz,0.03092,20000,Axial,DM+QCDjets,1500.0,750.0,1.0,0.25,atlas_exot_2018_06,EM7,0.6686957,0.9775851,0.0021445,0.0216281
/home/yoxara/Insync/DMSimp_vector_axial_pp_xxj_NLO_eff/Events/run_92/events_PYTHIA8_0.hepmc.gz,0.03092,20000,Axial,DM+QCDjets,1500.0,750.0,1.0,0.25,atlas_exot_2018_06,EM8,0.8235101,0.940528,0.0009898,0.0147019
/home/yoxara/Insync/DMSimp_vector_axial_pp_xxj_NLO_eff/Events/run_92/events_PYTHIA8_0.hepmc.gz,0.03092,20000,Axial,DM+QCDjets,1500.0,750.0,1.0,0.25,atlas_exot_2018_06,EM9,0.4925659,0.4206319,0.0009898,0.0147019
/home/yoxara/Insync/DMSimp_vector_axial_pp_xxj_NLO_eff/Events/run_92/events_PYTHIA8_0.hepmc.gz,0.03092,20000,Axial,DM+QCDjets,1500.0,750.0,1.0,0.25,atlas_exot_2018_06,EM10,0.9517717,2.0278793,0.0003299,0.0084909
/home/yoxara/Insync/DMSimp_vector_axial_pp_xxj_NLO_eff/Events/run_92/events_PYTHIA8_0.hepmc.gz,0.03092,20000,Axial,DM+QCDjets,1500.0,750.0,1.0,0.25,atlas_exot_2018_06,EM11,0.4425252,0.4986165,0.0004949,0.0103984
/home/yoxara/Insync/DMSimp_vector_axial_pp_xxj_NLO_eff/Events/run_92/events_PYTHIA8_0.hepmc.gz,0.03092,20000,Axial,DM+QCDjets,1500.0,750.0,1.0,0.25,atlas_exot_2018_06,EM12,0.3843417,0.3084211,0.0006598,0.012006
/home/yoxara/Insync/DMSimp_vector_axial_pp_xxj_NLO_eff/Events/run_93/events_PYTHIA8_0.hepmc.gz,0.02256,20000,Axial,DM+QCDjets,1500.0,760.0,1.0,0.25,atlas_exot_2018_06,IM0,6.9328108,8.7921213,0.081493,0.1475281
/home/yoxara/Insync/DMSimp_vector_axial_pp_xxj_NLO_eff/Events/run_93/events_PYTHIA8_0.hepmc.gz,0.02256,20000,Axial,DM+QCDjets,1500.0,760.0,1.0,0.25,atlas_exot_2018_06,IM1,3.6717064,4.6185632,0.0615863,0.1296321
/home/yoxara/Insync/DMSimp_vector_axial_pp_xxj_NLO_eff/Events/run_93/events_PYTHIA8_0.hepmc.gz,0.02256,20000,Axial,DM+QCDjets,1500.0,760.0,1.0,0.25,atlas_exot_2018_06,IM2,2.3860333,3.2668341,0.0475894,0.1147997
/home/yoxara/Insync/DMSimp_vector_axial_pp_xxj_NLO_eff/Events/run_93/events_PYTHIA8_0.hepmc.gz,0.02256,20000,Axial,DM+QCDjets,1500.0,760.0,1.0,0.25,atlas_exot_2018_06,IM3,1.693039,2.491881,0.033748,0.097374
/home/yoxara/Insync/DMSimp_vector_axial_pp_xxj_NLO_eff/Events/run_93/events_PYTHIA8_0.hepmc.gz,0.02256,20000,Axial,DM+QCDjets,1500.0,760.0,1.0,0.25,atlas_exot_2018_06,IM4,1.371151,2.1847387,0.0239502,0.082445
/home/yoxara/Insync/DMSimp_vector_axial_pp_xxj_NLO_eff/Events/run_93/events_PYTHIA8_0.hepmc.gz,0.02256,20000,Axial,DM+QCDjets,1500.0,760.0,1.0,0.25,atlas_exot_2018_06,IM5,1.0362784,1.5657259,0.0139969,0.0633473
/home/yoxara/Insync/DMSimp_vector_axial_pp_xxj_NLO_eff/Events/run_93/events_PYTHIA8_0.hepmc.gz,0.02256,20000,Axial,DM+QCDjets,1500.0,760.0,1.0,0.25,atlas_exot_2018_06,IM6,0.9783837,1.427924,0.007465,0.0464153
/home/yoxara/Insync/DMSimp_vector_axial_pp_xxj_NLO_eff/Events/run_93/events_PYTHIA8_0.hepmc.gz,0.02256,20000,Axial,DM+QCDjets,1500.0,760.0,1.0,0.25,atlas_exot_2018_06,IM7,0.7714508,0.9057653,0.0046656,0.0367462
/home/yoxara/Insync/DMSimp_vector_axial_pp_xxj_NLO_eff/Events/run_93/events_PYTHIA8_0.hepmc.gz,0.02256,20000,Axial,DM+QCDjets,1500.0,760.0,1.0,0.25,atlas_exot_2018_06,IM8,0.5369002,0.5741763,0.0037325,0.0328822
/home/yoxara/Insync/DMSimp_vector_axial_pp_xxj_NLO_eff/Events/run_93/events_PYTHIA8_0.hepmc.gz,0.02256,20000,Axial,DM+QCDjets,1500.0,760.0,1.0,0.25,atlas_exot_2018_06,IM9,0.7400532,0.6994452,0.0017107,0.022284
/home/yoxara/Insync/DMSimp_vector_axial_pp_xxj_NLO_eff/Events/run_93/events_PYTHIA8_0.hepmc.gz,0.02256,20000,Axial,DM+QCDjets,1500.0,760.0,1.0,0.25,atlas_exot_2018_06,IM10,0.5995435,0.9264777,0.0015552,0.0212486
/home/yoxara/Insync/DMSimp_vector_axial_pp_xxj_NLO_eff/Events/run_93/events_PYTHIA8_0.hepmc.gz,0.02256,20000,Axial,DM+QCDjets,1500.0,760.0,1.0,0.25,atlas_exot_2018_06,IM11,0.5182382,0.4637486,0.0010886,0.017782
/home/yoxara/Insync/DMSimp_vector_axial_pp_xxj_NLO_eff/Events/run_93/events_PYTHIA8_0.hepmc.gz,0.02256,20000,Axial,DM+QCDjets,1500.0,760.0,1.0,0.25,atlas_exot_2018_06,IM12,0.5592004,0.4420777,0.0006221,0.0134451
/home/yoxara/Insync/DMSimp_vector_axial_pp_xxj_NLO_eff/Events/run_93/events_PYTHIA8_0.hepmc.gz,0.02256,20000,Axial,DM+QCDjets,1500.0,760.0,1.0,0.25,atlas_exot_2018_06,EM0,18.5223672,20.621491,0.0199067,0.0753194
/home/yoxara/Insync/DMSimp_vector_axial_pp_xxj_NLO_eff/Events/run_93/events_PYTHIA8_0.hepmc.gz,0.02256,20000,Axial,DM+QCDjets,1500.0,760.0,1.0,0.25,atlas_exot_2018_06,EM1,9.1636139,8.8856933,0.0139969,0.0633473
/home/yoxara/Insync/DMSimp_vector_axial_pp_xxj_NLO_eff/Events/run_93/events_PYTHIA8_0.hepmc.gz,0.02256,20000,Axial,DM+QCDjets,1500.0,760.0,1.0,0.25,atlas_exot_2018_06,EM2,3.6177618,3.5757593,0.0138414,0.0629994
/home/yoxara/Insync/DMSimp_vector_axial_pp_xxj_NLO_eff/Events/run_93/events_PYTHIA8_0.hepmc.gz,0.02256,20000,Axial,DM+QCDjets,1500.0,760.0,1.0,0.25,atlas_exot_2018_06,EM3,2.3583511,2.8550277,0.0097978,0.0531129
/home/yoxara/Insync/DMSimp_vector_axial_pp_xxj_NLO_eff/Events/run_93/events_PYTHIA8_0.hepmc.gz,0.02256,20000,Axial,DM+QCDjets,1500.0,760.0,1.0,0.25,atlas_exot_2018_06,EM4,1.7677924,2.4835772,0.0099533,0.0535286
/home/yoxara/Insync/DMSimp_vector_axial_pp_xxj_NLO_eff/Events/run_93/events_PYTHIA8_0.hepmc.gz,0.02256,20000,Axial,DM+QCDjets,1500.0,760.0,1.0,0.25,atlas_exot_2018_06,EM5,0.9391759,1.14414,0.0065319,0.043438
/home/yoxara/Insync/DMSimp_vector_axial_pp_xxj_NLO_eff/Events/run_93/events_PYTHIA8_0.hepmc.gz,0.02256,20000,Axial,DM+QCDjets,1500.0,760.0,1.0,0.25,atlas_exot_2018_06,EM6,1.0408201,1.444929,0.0027994,0.0284902
/home/yoxara/Insync/DMSimp_vector_axial_pp_xxj_NLO_eff/Events/run_93/events_PYTHIA8_0.hepmc.gz,0.02256,20000,Axial,DM+QCDjets,1500.0,760.0,1.0,0.25,atlas_exot_2018_06,EM7,1.5340633,2.2526672,0.0009331,0.0164642
/home/yoxara/Insync/DMSimp_vector_axial_pp_xxj_NLO_eff/Events/run_93/events_PYTHIA8_0.hepmc.gz,0.02256,20000,Axial,DM+QCDjets,1500.0,760.0,1.0,0.25,atlas_exot_2018_06,EM8,0.4010092,0.4605592,0.0020218,0.0242214
/home/yoxara/Insync/DMSimp_vector_axial_pp_xxj_NLO_eff/Events/run_93/events_PYTHIA8_0.hepmc.gz,0.02256,20000,Axial,DM+QCDjets,1500.0,760.0,1.0,0.25,atlas_exot_2018_06,EM9,3.1488173,2.6713232,0.0001555,0.0067241
/home/yoxara/Insync/DMSimp_vector_axial_pp_xxj_NLO_eff/Events/run_93/events_PYTHIA8_0.hepmc.gz,0.02256,20000,Axial,DM+QCDjets,1500.0,760.0,1.0,0.25,atlas_exot_2018_06,EM10,0.6728627,1.4307327,0.0004666,0.0116447
/home/yoxara/Insync/DMSimp_vector_axial_pp_xxj_NLO_eff/Events/run_93/events_PYTHIA8_0.hepmc.gz,0.02256,20000,Axial,DM+QCDjets,1500.0,760.0,1.0,0.25,atlas_exot_2018_06,EM11,0.4725144,0.5314734,0.0004666,0.0116447
/home/yoxara/Insync/DMSimp_vector_axial_pp_xxj_NLO_eff/Events/run_93/events_PYTHIA8_0.hepmc.gz,0.02256,20000,Axial,DM+QCDjets,1500.0,760.0,1.0,0.25,atlas_exot_2018_06,EM12,0.4080752,0.3282127,0.0006221,0.0134451
/home/yoxara/Insync/DMSimp_vector_axial_pp_xxj_NLO_eff/Events/run_94/events_PYTHIA8_0.hepmc.gz,1.079,20000,Axial,DM+QCDjets,1750.0,0.0,1.0,0.25,atlas_exot_2018_06,IM0,6.8781794,8.7370069,0.0818608,0.0220649
/home/yoxara/Insync/DMSimp_vector_axial_pp_xxj_NLO_eff/Events/run_94/events_PYTHIA8_0.hepmc.gz,1.079,20000,Axial,DM+QCDjets,1750.0,0.0,1.0,0.25,atlas_exot_2018_06,IM1,3.7597495,4.712157,0.0604039,0.019174
/home/yoxara/Insync/DMSimp_vector_axial_pp_xxj_NLO_eff/Events/run_94/events_PYTHIA8_0.hepmc.gz,1.079,20000,Axial,DM+QCDjets,1750.0,0.0,1.0,0.25,atlas_exot_2018_06,IM2,2.7061087,3.6978646,0.0420123,0.0161465
/home/yoxara/Insync/DMSimp_vector_axial_pp_xxj_NLO_eff/Events/run_94/events_PYTHIA8_0.hepmc.gz,1.079,20000,Axial,DM+QCDjets,1750.0,0.0,1.0,0.25,atlas_exot_2018_06,IM3,1.7882276,2.6398428,0.0317346,0.0141083
/home/yoxara/Insync/DMSimp_vector_axial_pp_xxj_NLO_eff/Events/run_94/events_PYTHIA8_0.hepmc.gz,1.079,20000,Axial,DM+QCDjets,1750.0,0.0,1.0,0.25,atlas_exot_2018_06,IM4,1.3391093,2.1458488,0.0243419,0.0124032
/home/yoxara/Insync/DMSimp_vector_axial_pp_xxj_NLO_eff/Events/run_94/events_PYTHIA8_0.hepmc.gz,1.079,20000,Axial,DM+QCDjets,1750.0,0.0,1.0,0.25,atlas_exot_2018_06,IM5,1.0227655,1.5577731,0.0140642,0.0094774
/home/yoxara/Insync/DMSimp_vector_axial_pp_xxj_NLO_eff/Events/run_94/events_PYTHIA8_0.hepmc.gz,1.079,20000,Axial,DM+QCDjets,1750.0,0.0,1.0,0.25,atlas_exot_2018_06,IM6,0.7779608,1.1362826,0.0093761,0.0077567
/home/yoxara/Insync/DMSimp_vector_axial_pp_xxj_NLO_eff/Events/run_94/events_PYTHIA8_0.hepmc.gz,1.079,20000,Axial,DM+QCDjets,1750.0,0.0,1.0,0.25,atlas_exot_2018_06,IM7,0.7119276,0.8393746,0.0050487,0.0057043
/home/yoxara/Insync/DMSimp_vector_axial_pp_xxj_NLO_eff/Events/run_94/events_PYTHIA8_0.hepmc.gz,1.079,20000,Axial,DM+QCDjets,1750.0,0.0,1.0,0.25,atlas_exot_2018_06,IM8,0.6568893,0.702,0.0030653,0.0044492
/home/yoxara/Insync/DMSimp_vector_axial_pp_xxj_NLO_eff/Events/run_94/events_PYTHIA8_0.hepmc.gz,1.079,20000,Axial,DM+QCDjets,1750.0,0.0,1.0,0.25,atlas_exot_2018_06,IM9,0.7034888,0.6641201,0.0018031,0.0034145
/home/yoxara/Insync/DMSimp_vector_axial_pp_xxj_NLO_eff/Events/run_94/events_PYTHIA8_0.hepmc.gz,1.079,20000,Axial,DM+QCDjets,1750.0,0.0,1.0,0.25,atlas_exot_2018_06,IM10,1.7184596,2.6633812,0.0005409,0.0018714
/home/yoxara/Insync/DMSimp_vector_axial_pp_xxj_NLO_eff/Events/run_94/events_PYTHIA8_0.hepmc.gz,1.079,20000,Axial,DM+QCDjets,1750.0,0.0,1.0,0.25,atlas_exot_2018_06,IM11,3.1123343,2.793137,0.0001803,0.0010806
/home/yoxara/Insync/DMSimp_vector_axial_pp_xxj_NLO_eff/Events/run_94/events_PYTHIA8_0.hepmc.gz,1.079,20000,Axial,DM+QCDjets,1750.0,0.0,1.0,0.25,atlas_exot_2018_06,IM12,-1.0,-1.0,0.0,0.0
/home/yoxara/Insync/DMSimp_vector_axial_pp_xxj_NLO_eff/Events/run_94/events_PYTHIA8_0.hepmc.gz,1.079,20000,Axial,DM+QCDjets,1750.0,0.0,1.0,0.25,atlas_exot_2018_06,EM0,17.1097331,19.136036,0.0214569,0.0116623
/home/yoxara/Insync/DMSimp_vector_axial_pp_xxj_NLO_eff/Events/run_94/events_PYTHIA8_0.hepmc.gz,1.079,20000,Axial,DM+QCDjets,1750.0,0.0,1.0,0.25,atlas_exot_2018_06,EM1,6.9274642,6.7704519,0.0183916,0.0108141
/home/yoxara/Insync/DMSimp_vector_axial_pp_xxj_NLO_eff/Events/run_94/events_PYTHIA8_0.hepmc.gz,1.079,20000,Axial,DM+QCDjets,1750.0,0.0,1.0,0.25,atlas_exot_2018_06,EM2,4.8521899,4.8132247,0.0102777,0.0081173
/home/yoxara/Insync/DMSimp_vector_axial_pp_xxj_NLO_eff/Events/run_94/events_PYTHIA8_0.hepmc.gz,1.079,20000,Axial,DM+QCDjets,1750.0,0.0,1.0,0.25,atlas_exot_2018_06,EM3,3.1502012,3.7996556,0.0073927,0.0068945
/home/yoxara/Insync/DMSimp_vector_axial_pp_xxj_NLO_eff/Events/run_94/events_PYTHIA8_0.hepmc.gz,1.079,20000,Axial,DM+QCDjets,1750.0,0.0,1.0,0.25,atlas_exot_2018_06,EM4,1.7035826,2.4085653,0.0102777,0.0081173
/home/yoxara/Insync/DMSimp_vector_axial_pp_xxj_NLO_eff/Events/run_94/events_PYTHIA8_0.hepmc.gz,1.079,20000,Axial,DM+QCDjets,1750.0,0.0,1.0,0.25,atlas_exot_2018_06,EM5,1.315984,1.5932743,0.0046881,0.0054978
/home/yoxara/Insync/DMSimp_vector_axial_pp_xxj_NLO_eff/Events/run_94/events_PYTHIA8_0.hepmc.gz,1.079,20000,Axial,DM+QCDjets,1750.0,0.0,1.0,0.25,atlas_exot_2018_06,EM6,0.6737536,0.9323611,0.0043274,0.005283
/home/yoxara/Insync/DMSimp_vector_axial_pp_xxj_NLO_eff/Events/run_94/events_PYTHIA8_0.hepmc.gz,1.079,20000,Axial,DM+QCDjets,1750.0,0.0,1.0,0.25,atlas_exot_2018_06,EM7,0.7217939,1.0536079,0.0019834,0.0035808
/home/yoxara/Insync/DMSimp_vector_axial_pp_xxj_NLO_eff/Events/run_94/events_PYTHIA8_0.hepmc.gz,1.079,20000,Axial,DM+QCDjets,1750.0,0.0,1.0,0.25,atlas_exot_2018_06,EM8,0.6424789,0.7367103,0.0012622,0.0028576
/home/yoxara/Insync/DMSimp_vector_axial_pp_xxj_NLO_eff/Events/run_94/events_PYTHIA8_0.hepmc.gz,1.079,20000,Axial,DM+QCDjets,1750.0,0.0,1.0,0.25,atlas_exot_2018_06,EM9,0.3854655,0.3303677,0.0012622,0.0028576
/home/yoxara/Insync/DMSimp_vector_axial_pp_xxj_NLO_eff/Events/run_94/events_PYTHIA8_0.hepmc.gz,1.079,20000,Axial,DM+QCDjets,1750.0,0.0,1.0,0.25,atlas_exot_2018_06,EM10,0.8713263,1.8537015,0.0003606,0.0015281
/home/yoxara/Insync/DMSimp_vector_axial_pp_xxj_NLO_eff/Events/run_94/events_PYTHIA8_0.hepmc.gz,1.079,20000,Axial,DM+QCDjets,1750.0,0.0,1.0,0.25,atlas_exot_2018_06,EM11,0.6085385,0.6850411,0.0003606,0.0015281
/home/yoxara/Insync/DMSimp_vector_axial_pp_xxj_NLO_eff/Events/run_94/events_PYTHIA8_0.hepmc.gz,1.079,20000,Axial,DM+QCDjets,1750.0,0.0,1.0,0.25,atlas_exot_2018_06,EM12,-1.0,-1.0,0.0,0.0
/home/yoxara/Insync/DMSimp_vector_axial_pp_xxj_NLO_eff/Events/run_95/events_PYTHIA8_0.hepmc.gz,1.069,20000,Axial,DM+QCDjets,1750.0,50.0,1.0,0.25,atlas_exot_2018_06,IM0,6.921495,8.8292572,0.0812413,0.0217919
/home/yoxara/Insync/DMSimp_vector_axial_pp_xxj_NLO_eff/Events/run_95/events_PYTHIA8_0.hepmc.gz,1.069,20000,Axial,DM+QCDjets,1750.0,50.0,1.0,0.25,atlas_exot_2018_06,IM1,3.7286636,4.6779014,0.0606695,0.0190415
/home/yoxara/Insync/DMSimp_vector_axial_pp_xxj_NLO_eff/Events/run_95/events_PYTHIA8_0.hepmc.gz,1.069,20000,Axial,DM+QCDjets,1750.0,50.0,1.0,0.25,atlas_exot_2018_06,IM2,2.4978474,3.4361837,0.0453278,0.0165926
/home/yoxara/Insync/DMSimp_vector_axial_pp_xxj_NLO_eff/Events/run_95/events_PYTHIA8_0.hepmc.gz,1.069,20000,Axial,DM+QCDjets,1750.0,50.0,1.0,0.25,atlas_exot_2018_06,IM3,1.6746461,2.4644027,0.0339958,0.0144547
/home/yoxara/Insync/DMSimp_vector_axial_pp_xxj_NLO_eff/Events/run_95/events_PYTHIA8_0.hepmc.gz,1.069,20000,Axial,DM+QCDjets,1750.0,50.0,1.0,0.25,atlas_exot_2018_06,IM4,1.2929951,2.0529457,0.0254533,0.0125626
/home/yoxara/Insync/DMSimp_vector_axial_pp_xxj_NLO_eff/Events/run_95/events_PYTHIA8_0.hepmc.gz,1.069,20000,Axial,DM+QCDjets,1750.0,50.0,1.0,0.25,atlas_exot_2018_06,IM5,1.3343623,2.0241205,0.0108089,0.0082478
/home/yoxara/Insync/DMSimp_vector_axial_pp_xxj_NLO_eff/Events/run_95/events_PYTHIA8_0.hepmc.gz,1.069,20000,Axial,DM+QCDjets,1750.0,50.0,1.0,0.25,atlas_exot_2018_06,IM6,1.0187742,1.4932082,0.0071478,0.0067195
/home/yoxara/Insync/DMSimp_vector_axial_pp_xxj_NLO_eff/Events/run_95/events_PYTHIA8_0.hepmc.gz,1.069,20000,Axial,DM+QCDjets,1750.0,50.0,1.0,0.25,atlas_exot_2018_06,IM7,0.8583538,1.0115636,0.0041841,0.0051487
/home/yoxara/Insync/DMSimp_vector_axial_pp_xxj_NLO_eff/Events/run_95/events_PYTHIA8_0.hepmc.gz,1.069,20000,Axial,DM+QCDjets,1750.0,50.0,1.0,0.25,atlas_exot_2018_06,IM8,0.6753282,0.722514,0.0029637,0.0043359
/home/yoxara/Insync/DMSimp_vector_axial_pp_xxj_NLO_eff/Events/run_95/events_PYTHIA8_0.hepmc.gz,1.069,20000,Axial,DM+QCDjets,1750.0,50.0,1.0,0.25,atlas_exot_2018_06,IM9,1.4540491,1.3696056,0.0008717,0.0023539
/home/yoxara/Insync/DMSimp_vector_axial_pp_xxj_NLO_eff/Events/run_95/events_PYTHIA8_0.hepmc.gz,1.069,20000,Axial,DM+QCDjets,1750.0,50.0,1.0,0.25,atlas_exot_2018_06,IM10,2.6695728,4.1381521,0.0003487,0.0014892
/home/yoxara/Insync/DMSimp_vector_axial_pp_xxj_NLO_eff/Events/run_95/events_PYTHIA8_0.hepmc.gz,1.069,20000,Axial,DM+QCDjets,1750.0,50.0,1.0,0.25,atlas_exot_2018_06,IM11,-1.0,-1.0,0.0,0.0
/home/yoxara/Insync/DMSimp_vector_axial_pp_xxj_NLO_eff/Events/run_95/events_PYTHIA8_0.hepmc.gz,1.069,20000,Axial,DM+QCDjets,1750.0,50.0,1.0,0.25,atlas_exot_2018_06,IM12,0.9969827,0.7904974,0.0003487,0.0014892
/home/yoxara/Insync/DMSimp_vector_axial_pp_xxj_NLO_eff/Events/run_95/events_PYTHIA8_0.hepmc.gz,1.069,20000,Axial,DM+QCDjets,1750.0,50.0,1.0,0.25,atlas_exot_2018_06,EM0,17.8595145,19.8940977,0.0205718,0.0113221
/home/yoxara/Insync/DMSimp_vector_axial_pp_xxj_NLO_eff/Events/run_95/events_PYTHIA8_0.hepmc.gz,1.069,20000,Axial,DM+QCDjets,1750.0,50.0,1.0,0.25,atlas_exot_2018_06,EM1,8.3702249,8.1109917,0.0153417,0.0098036
/home/yoxara/Insync/DMSimp_vector_axial_pp_xxj_NLO_eff/Events/run_95/events_PYTHIA8_0.hepmc.gz,1.069,20000,Axial,DM+QCDjets,1750.0,50.0,1.0,0.25,atlas_exot_2018_06,EM2,4.4136829,4.372076,0.0113319,0.0084427
/home/yoxara/Insync/DMSimp_vector_axial_pp_xxj_NLO_eff/Events/run_95/events_PYTHIA8_0.hepmc.gz,1.069,20000,Axial,DM+QCDjets,1750.0,50.0,1.0,0.25,atlas_exot_2018_06,EM3,2.7253093,3.2833234,0.0085425,0.0073407
/home/yoxara/Insync/DMSimp_vector_axial_pp_xxj_NLO_eff/Events/run_95/events_PYTHIA8_0.hepmc.gz,1.069,20000,Axial,DM+QCDjets,1750.0,50.0,1.0,0.25,atlas_exot_2018_06,EM4,1.1919719,1.6886155,0.0146444,0.0095816
/home/yoxara/Insync/DMSimp_vector_axial_pp_xxj_NLO_eff/Events/run_95/events_PYTHIA8_0.hepmc.gz,1.069,20000,Axial,DM+QCDjets,1750.0,50.0,1.0,0.25,atlas_exot_2018_06,EM5,1.6700902,2.0483713,0.0036611,0.0048174
/home/yoxara/Insync/DMSimp_vector_axial_pp_xxj_NLO_eff/Events/run_95/events_PYTHIA8_0.hepmc.gz,1.069,20000,Axial,DM+QCDjets,1750.0,50.0,1.0,0.25,atlas_exot_2018_06,EM6,0.9833063,1.360211,0.0029637,0.0043359
/home/yoxara/Insync/DMSimp_vector_axial_pp_xxj_NLO_eff/Events/run_95/events_PYTHIA8_0.hepmc.gz,1.069,20000,Axial,DM+QCDjets,1750.0,50.0,1.0,0.25,atlas_exot_2018_06,EM7,1.1861972,1.7233279,0.0012204,0.0027847
/home/yoxara/Insync/DMSimp_vector_axial_pp_xxj_NLO_eff/Events/run_95/events_PYTHIA8_0.hepmc.gz,1.069,20000,Axial,DM+QCDjets,1750.0,50.0,1.0,0.25,atlas_exot_2018_06,EM8,0.3882384,0.4443257,0.0020921,0.0036445
/home/yoxara/Insync/DMSimp_vector_axial_pp_xxj_NLO_eff/Events/run_95/events_PYTHIA8_0.hepmc.gz,1.069,20000,Axial,DM+QCDjets,1750.0,50.0,1.0,0.25,atlas_exot_2018_06,EM9,0.9344677,0.8028434,0.000523,0.0018237
/home/yoxara/Insync/DMSimp_vector_axial_pp_xxj_NLO_eff/Events/run_95/events_PYTHIA8_0.hepmc.gz,1.069,20000,Axial,DM+QCDjets,1750.0,50.0,1.0,0.25,atlas_exot_2018_06,EM10,0.8970314,1.9156539,0.0003487,0.0014892
/home/yoxara/Insync/DMSimp_vector_axial_pp_xxj_NLO_eff/Events/run_95/events_PYTHIA8_0.hepmc.gz,1.069,20000,Axial,DM+QCDjets,1750.0,50.0,1.0,0.25,atlas_exot_2018_06,EM11,-1.0,-1.0,0.0,0.0
/home/yoxara/Insync/DMSimp_vector_axial_pp_xxj_NLO_eff/Events/run_95/events_PYTHIA8_0.hepmc.gz,1.069,20000,Axial,DM+QCDjets,1750.0,50.0,1.0,0.25,atlas_exot_2018_06,EM12,0.7244038,0.5823822,0.0003487,0.0014892
/home/yoxara/Insync/DMSimp_vector_axial_pp_xxj_NLO_eff/Events/run_96/events_PYTHIA8_0.hepmc.gz,1.027,20000,Axial,DM+QCDjets,1750.0,100.0,1.0,0.25,atlas_exot_2018_06,IM0,6.5098593,8.2789205,0.0867453,0.02275
/home/yoxara/Insync/DMSimp_vector_axial_pp_xxj_NLO_eff/Events/run_96/events_PYTHIA8_0.hepmc.gz,1.027,20000,Axial,DM+QCDjets,1750.0,100.0,1.0,0.25,atlas_exot_2018_06,IM1,3.2379874,4.082288,0.0697433,0.0205881
/home/yoxara/Insync/DMSimp_vector_axial_pp_xxj_NLO_eff/Events/run_96/events_PYTHIA8_0.hepmc.gz,1.027,20000,Axial,DM+QCDjets,1750.0,100.0,1.0,0.25,atlas_exot_2018_06,IM2,2.2828881,3.1371144,0.0496183,0.0175523
/home/yoxara/Insync/DMSimp_vector_axial_pp_xxj_NLO_eff/Events/run_96/events_PYTHIA8_0.hepmc.gz,1.027,20000,Axial,DM+QCDjets,1750.0,100.0,1.0,0.25,atlas_exot_2018_06,IM3,1.6217604,2.388785,0.0350451,0.0148638
/home/yoxara/Insync/DMSimp_vector_axial_pp_xxj_NLO_eff/Events/run_96/events_PYTHIA8_0.hepmc.gz,1.027,20000,Axial,DM+QCDjets,1750.0,100.0,1.0,0.25,atlas_exot_2018_06,IM4,1.3853717,2.214315,0.0235947,0.0122683
/home/yoxara/Insync/DMSimp_vector_axial_pp_xxj_NLO_eff/Events/run_96/events_PYTHIA8_0.hepmc.gz,1.027,20000,Axial,DM+QCDjets,1750.0,100.0,1.0,0.25,atlas_exot_2018_06,IM5,1.1776647,1.7773265,0.0123178,0.0089154
/home/yoxara/Insync/DMSimp_vector_axial_pp_xxj_NLO_eff/Events/run_96/events_PYTHIA8_0.hepmc.gz,1.027,20000,Axial,DM+QCDjets,1750.0,100.0,1.0,0.25,atlas_exot_2018_06,IM6,1.0255359,1.4967857,0.0071131,0.0067927
/home/yoxara/Insync/DMSimp_vector_axial_pp_xxj_NLO_eff/Events/run_96/events_PYTHIA8_0.hepmc.gz,1.027,20000,Axial,DM+QCDjets,1750.0,100.0,1.0,0.25,atlas_exot_2018_06,IM7,1.2900489,1.5325555,0.0027759,0.0042526
/home/yoxara/Insync/DMSimp_vector_axial_pp_xxj_NLO_eff/Events/run_96/events_PYTHIA8_0.hepmc.gz,1.027,20000,Axial,DM+QCDjets,1750.0,100.0,1.0,0.25,atlas_exot_2018_06,IM8,1.6445542,1.7626909,0.0012144,0.002815
/home/yoxara/Insync/DMSimp_vector_axial_pp_xxj_NLO_eff/Events/run_96/events_PYTHIA8_0.hepmc.gz,1.027,20000,Axial,DM+QCDjets,1750.0,100.0,1.0,0.25,atlas_exot_2018_06,IM9,2.4403373,2.2889321,0.0005205,0.0018435
/home/yoxara/Insync/DMSimp_vector_axial_pp_xxj_NLO_eff/Events/run_96/events_PYTHIA8_0.hepmc.gz,1.027,20000,Axial,DM+QCDjets,1750.0,100.0,1.0,0.25,atlas_exot_2018_06,IM10,5.3710755,8.3000078,0.0001735,0.0010645
/home/yoxara/Insync/DMSimp_vector_axial_pp_xxj_NLO_eff/Events/run_96/events_PYTHIA8_0.hepmc.gz,1.027,20000,Axial,DM+QCDjets,1750.0,100.0,1.0,0.25,atlas_exot_2018_06,IM11,-1.0,-1.0,0.0,0.0
/home/yoxara/Insync/DMSimp_vector_axial_pp_xxj_NLO_eff/Events/run_96/events_PYTHIA8_0.hepmc.gz,1.027,20000,Axial,DM+QCDjets,1750.0,100.0,1.0,0.25,atlas_exot_2018_06,IM12,-1.0,-1.0,0.0,0.0
/home/yoxara/Insync/DMSimp_vector_axial_pp_xxj_NLO_eff/Events/run_96/events_PYTHIA8_0.hepmc.gz,1.027,20000,Axial,DM+QCDjets,1750.0,100.0,1.0,0.25,atlas_exot_2018_06,EM0,21.5678505,24.2231825,0.0170021,0.0104494
/home/yoxara/Insync/DMSimp_vector_axial_pp_xxj_NLO_eff/Events/run_96/events_PYTHIA8_0.hepmc.gz,1.027,20000,Axial,DM+QCDjets,1750.0,100.0,1.0,0.25,atlas_exot_2018_06,EM1,6.3784086,6.1936543,0.0201249,0.0113505
/home/yoxara/Insync/DMSimp_vector_axial_pp_xxj_NLO_eff/Events/run_96/events_PYTHIA8_0.hepmc.gz,1.027,20000,Axial,DM+QCDjets,1750.0,100.0,1.0,0.25,atlas_exot_2018_06,EM2,3.4236308,3.4064221,0.0145732,0.0096862
/home/yoxara/Insync/DMSimp_vector_axial_pp_xxj_NLO_eff/Events/run_96/events_PYTHIA8_0.hepmc.gz,1.027,20000,Axial,DM+QCDjets,1750.0,100.0,1.0,0.25,atlas_exot_2018_06,EM3,2.0298421,2.4439958,0.0114504,0.0085995
/home/yoxara/Insync/DMSimp_vector_axial_pp_xxj_NLO_eff/Events/run_96/events_PYTHIA8_0.hepmc.gz,1.027,20000,Axial,DM+QCDjets,1750.0,100.0,1.0,0.25,atlas_exot_2018_06,EM4,1.5556212,2.1891062,0.0112769,0.0085348
/home/yoxara/Insync/DMSimp_vector_axial_pp_xxj_NLO_eff/Events/run_96/events_PYTHIA8_0.hepmc.gz,1.027,20000,Axial,DM+QCDjets,1750.0,100.0,1.0,0.25,atlas_exot_2018_06,EM5,1.1776402,1.4401401,0.0052047,0.0058161
/home/yoxara/Insync/DMSimp_vector_axial_pp_xxj_NLO_eff/Events/run_96/events_PYTHIA8_0.hepmc.gz,1.027,20000,Axial,DM+QCDjets,1750.0,100.0,1.0,0.25,atlas_exot_2018_06,EM6,0.6714639,0.9292213,0.0043373,0.0053116
/home/yoxara/Insync/DMSimp_vector_axial_pp_xxj_NLO_eff/Events/run_96/events_PYTHIA8_0.hepmc.gz,1.027,20000,Axial,DM+QCDjets,1750.0,100.0,1.0,0.25,atlas_exot_2018_06,EM7,0.9224633,1.3420727,0.0015614,0.0031914
/home/yoxara/Insync/DMSimp_vector_axial_pp_xxj_NLO_eff/Events/run_96/events_PYTHIA8_0.hepmc.gz,1.027,20000,Axial,DM+QCDjets,1750.0,100.0,1.0,0.25,atlas_exot_2018_06,EM8,1.1660329,1.3439015,0.000694,0.0021285
/home/yoxara/Insync/DMSimp_vector_axial_pp_xxj_NLO_eff/Events/run_96/events_PYTHIA8_0.hepmc.gz,1.027,20000,Axial,DM+QCDjets,1750.0,100.0,1.0,0.25,atlas_exot_2018_06,EM9,1.409502,1.2041381,0.000347,0.0015054
/home/yoxara/Insync/DMSimp_vector_axial_pp_xxj_NLO_eff/Events/run_96/events_PYTHIA8_0.hepmc.gz,1.027,20000,Axial,DM+QCDjets,1750.0,100.0,1.0,0.25,atlas_exot_2018_06,EM10,1.7963926,3.8465613,0.0001735,0.0010645
/home/yoxara/Insync/DMSimp_vector_axial_pp_xxj_NLO_eff/Events/run_96/events_PYTHIA8_0.hepmc.gz,1.027,20000,Axial,DM+QCDjets,1750.0,100.0,1.0,0.25,atlas_exot_2018_06,EM11,-1.0,-1.0,0.0,0.0
/home/yoxara/Insync/DMSimp_vector_axial_pp_xxj_NLO_eff/Events/run_96/events_PYTHIA8_0.hepmc.gz,1.027,20000,Axial,DM+QCDjets,1750.0,100.0,1.0,0.25,atlas_exot_2018_06,EM12,-1.0,-1.0,0.0,0.0
/home/yoxara/Insync/DMSimp_vector_axial_pp_xxj_NLO_eff/Events/run_97/events_PYTHIA8_0.hepmc.gz,1.008,20000,Axial,DM+QCDjets,1750.0,150.0,1.0,0.25,atlas_exot_2018_06,IM0,6.3087792,7.997496,0.0895084,0.023515
/home/yoxara/Insync/DMSimp_vector_axial_pp_xxj_NLO_eff/Events/run_97/events_PYTHIA8_0.hepmc.gz,1.008,20000,Axial,DM+QCDjets,1750.0,150.0,1.0,0.25,atlas_exot_2018_06,IM1,3.4920262,4.4000621,0.0647507,0.0202704
/home/yoxara/Insync/DMSimp_vector_axial_pp_xxj_NLO_eff/Events/run_97/events_PYTHIA8_0.hepmc.gz,1.008,20000,Axial,DM+QCDjets,1750.0,150.0,1.0,0.25,atlas_exot_2018_06,IM2,2.3487492,3.2082954,0.0483033,0.0176609
/home/yoxara/Insync/DMSimp_vector_axial_pp_xxj_NLO_eff/Events/run_97/events_PYTHIA8_0.hepmc.gz,1.008,20000,Axial,DM+QCDjets,1750.0,150.0,1.0,0.25,atlas_exot_2018_06,IM3,1.8133487,2.6669697,0.0315097,0.0143895
/home/yoxara/Insync/DMSimp_vector_axial_pp_xxj_NLO_eff/Events/run_97/events_PYTHIA8_0.hepmc.gz,1.008,20000,Axial,DM+QCDjets,1750.0,150.0,1.0,0.25,atlas_exot_2018_06,IM4,1.396925,2.2272194,0.0235457,0.0124899
/home/yoxara/Insync/DMSimp_vector_axial_pp_xxj_NLO_eff/Events/run_97/events_PYTHIA8_0.hepmc.gz,1.008,20000,Axial,DM+QCDjets,1750.0,150.0,1.0,0.25,atlas_exot_2018_06,IM5,0.9482678,1.433819,0.0152355,0.0100895
/home/yoxara/Insync/DMSimp_vector_axial_pp_xxj_NLO_eff/Events/run_97/events_PYTHIA8_0.hepmc.gz,1.008,20000,Axial,DM+QCDjets,1750.0,150.0,1.0,0.25,atlas_exot_2018_06,IM6,0.8395826,1.2330711,0.0086565,0.0076306
/home/yoxara/Insync/DMSimp_vector_axial_pp_xxj_NLO_eff/Events/run_97/events_PYTHIA8_0.hepmc.gz,1.008,20000,Axial,DM+QCDjets,1750.0,150.0,1.0,0.25,atlas_exot_2018_06,IM7,0.7673336,0.9032562,0.0046745,0.0056186
/home/yoxara/Insync/DMSimp_vector_axial_pp_xxj_NLO_eff/Events/run_97/events_PYTHIA8_0.hepmc.gz,1.008,20000,Axial,DM+QCDjets,1750.0,150.0,1.0,0.25,atlas_exot_2018_06,IM8,0.8247568,0.8820398,0.0024238,0.0040504
/home/yoxara/Insync/DMSimp_vector_axial_pp_xxj_NLO_eff/Events/run_97/events_PYTHIA8_0.hepmc.gz,1.008,20000,Axial,DM+QCDjets,1750.0,150.0,1.0,0.25,atlas_exot_2018_06,IM9,0.9079569,0.8625253,0.001385,0.0030634
/home/yoxara/Insync/DMSimp_vector_axial_pp_xxj_NLO_eff/Events/run_97/events_PYTHIA8_0.hepmc.gz,1.008,20000,Axial,DM+QCDjets,1750.0,150.0,1.0,0.25,atlas_exot_2018_06,IM10,0.9009957,1.3906021,0.0010388,0.0026535
/home/yoxara/Insync/DMSimp_vector_axial_pp_xxj_NLO_eff/Events/run_97/events_PYTHIA8_0.hepmc.gz,1.008,20000,Axial,DM+QCDjets,1750.0,150.0,1.0,0.25,atlas_exot_2018_06,IM11,1.0925998,0.971803,0.0005194,0.0018768
/home/yoxara/Insync/DMSimp_vector_axial_pp_xxj_NLO_eff/Events/run_97/events_PYTHIA8_0.hepmc.gz,1.008,20000,Axial,DM+QCDjets,1750.0,150.0,1.0,0.25,atlas_exot_2018_06,IM12,0.5021161,0.4021639,0.0006925,0.0021669
/home/yoxara/Insync/DMSimp_vector_axial_pp_xxj_NLO_eff/Events/run_97/events_PYTHIA8_0.hepmc.gz,1.008,20000,Axial,DM+QCDjets,1750.0,150.0,1.0,0.25,atlas_exot_2018_06,EM0,14.7625319,16.5539389,0.0247576,0.0127993
/home/yoxara/Insync/DMSimp_vector_axial_pp_xxj_NLO_eff/Events/run_97/events_PYTHIA8_0.hepmc.gz,1.008,20000,Axial,DM+QCDjets,1750.0,150.0,1.0,0.25,atlas_exot_2018_06,EM1,7.7563568,7.5447077,0.0164474,0.0104767
/home/yoxara/Insync/DMSimp_vector_axial_pp_xxj_NLO_eff/Events/run_97/events_PYTHIA8_0.hepmc.gz,1.008,20000,Axial,DM+QCDjets,1750.0,150.0,1.0,0.25,atlas_exot_2018_06,EM2,2.9738817,2.9422258,0.0167936,0.0105845
/home/yoxara/Insync/DMSimp_vector_axial_pp_xxj_NLO_eff/Events/run_97/events_PYTHIA8_0.hepmc.gz,1.008,20000,Axial,DM+QCDjets,1750.0,150.0,1.0,0.25,atlas_exot_2018_06,EM3,2.9132644,3.5189639,0.007964,0.0073216
/home/yoxara/Insync/DMSimp_vector_axial_pp_xxj_NLO_eff/Events/run_97/events_PYTHIA8_0.hepmc.gz,1.008,20000,Axial,DM+QCDjets,1750.0,150.0,1.0,0.25,atlas_exot_2018_06,EM4,2.1077845,2.9622093,0.0083103,0.0074777
/home/yoxara/Insync/DMSimp_vector_axial_pp_xxj_NLO_eff/Events/run_97/events_PYTHIA8_0.hepmc.gz,1.008,20000,Axial,DM+QCDjets,1750.0,150.0,1.0,0.25,atlas_exot_2018_06,EM5,0.93593,1.1391722,0.0065789,0.0066592
/home/yoxara/Insync/DMSimp_vector_axial_pp_xxj_NLO_eff/Events/run_97/events_PYTHIA8_0.hepmc.gz,1.008,20000,Axial,DM+QCDjets,1750.0,150.0,1.0,0.25,atlas_exot_2018_06,EM6,0.7307988,1.0161769,0.003982,0.0051875
/home/yoxara/Insync/DMSimp_vector_axial_pp_xxj_NLO_eff/Events/run_97/events_PYTHIA8_0.hepmc.gz,1.008,20000,Axial,DM+QCDjets,1750.0,150.0,1.0,0.25,atlas_exot_2018_06,EM7,0.6411562,0.9324016,0.0022507,0.0039034
/home/yoxara/Insync/DMSimp_vector_axial_pp_xxj_NLO_eff/Events/run_97/events_PYTHIA8_0.hepmc.gz,1.008,20000,Axial,DM+QCDjets,1750.0,150.0,1.0,0.25,atlas_exot_2018_06,EM8,0.7806064,0.8958054,0.0010388,0.0026535
/home/yoxara/Insync/DMSimp_vector_axial_pp_xxj_NLO_eff/Events/run_97/events_PYTHIA8_0.hepmc.gz,1.008,20000,Axial,DM+QCDjets,1750.0,150.0,1.0,0.25,atlas_exot_2018_06,EM9,1.4122032,1.2080034,0.0003463,0.0015325
/home/yoxara/Insync/DMSimp_vector_axial_pp_xxj_NLO_eff/Events/run_97/events_PYTHIA8_0.hepmc.gz,1.008,20000,Axial,DM+QCDjets,1750.0,150.0,1.0,0.25,atlas_exot_2018_06,EM10,0.602116,1.2853223,0.0005194,0.0018768
/home/yoxara/Insync/DMSimp_vector_axial_pp_xxj_NLO_eff/Events/run_97/events_PYTHIA8_0.hepmc.gz,1.008,20000,Axial,DM+QCDjets,1750.0,150.0,1.0,0.25,atlas_exot_2018_06,EM11,-1.0,-1.0,0.0,0.0
/home/yoxara/Insync/DMSimp_vector_axial_pp_xxj_NLO_eff/Events/run_97/events_PYTHIA8_0.hepmc.gz,1.008,20000,Axial,DM+QCDjets,1750.0,150.0,1.0,0.25,atlas_exot_2018_06,EM12,0.3663057,0.2957909,0.0006925,0.0021669
/home/yoxara/Insync/DMSimp_vector_axial_pp_xxj_NLO_eff/Events/run_98/events_PYTHIA8_0.hepmc.gz,0.956,20000,Axial,DM+QCDjets,1750.0,200.0,1.0,0.25,atlas_exot_2018_06,IM0,6.200941,7.8931409,0.0909239,0.0231937
/home/yoxara/Insync/DMSimp_vector_axial_pp_xxj_NLO_eff/Events/run_98/events_PYTHIA8_0.hepmc.gz,0.956,20000,Axial,DM+QCDjets,1750.0,200.0,1.0,0.25,atlas_exot_2018_06,IM1,3.1489157,3.9509514,0.0718934,0.0208388
/home/yoxara/Insync/DMSimp_vector_axial_pp_xxj_NLO_eff/Events/run_98/events_PYTHIA8_0.hepmc.gz,0.956,20000,Axial,DM+QCDjets,1750.0,200.0,1.0,0.25,atlas_exot_2018_06,IM2,2.1142904,2.910003,0.0535134,0.0181559
/home/yoxara/Insync/DMSimp_vector_axial_pp_xxj_NLO_eff/Events/run_98/events_PYTHIA8_0.hepmc.gz,0.956,20000,Axial,DM+QCDjets,1750.0,200.0,1.0,0.25,atlas_exot_2018_06,IM3,1.4881551,2.1845373,0.0383865,0.0154996
/home/yoxara/Insync/DMSimp_vector_axial_pp_xxj_NLO_eff/Events/run_98/events_PYTHIA8_0.hepmc.gz,0.956,20000,Axial,DM+QCDjets,1750.0,200.0,1.0,0.25,atlas_exot_2018_06,IM4,1.2282448,1.9623598,0.0266754,0.0129991
/home/yoxara/Insync/DMSimp_vector_axial_pp_xxj_NLO_eff/Events/run_98/events_PYTHIA8_0.hepmc.gz,0.956,20000,Axial,DM+QCDjets,1750.0,200.0,1.0,0.25,atlas_exot_2018_06,IM5,0.9280552,1.3974128,0.0156148,0.0100019
/home/yoxara/Insync/DMSimp_vector_axial_pp_xxj_NLO_eff/Events/run_98/events_PYTHIA8_0.hepmc.gz,0.956,20000,Axial,DM+QCDjets,1750.0,200.0,1.0,0.25,atlas_exot_2018_06,IM6,0.736414,1.0737713,0.0099219,0.0079958
/home/yoxara/Insync/DMSimp_vector_axial_pp_xxj_NLO_eff/Events/run_98/events_PYTHIA8_0.hepmc.gz,0.956,20000,Axial,DM+QCDjets,1750.0,200.0,1.0,0.25,atlas_exot_2018_06,IM7,0.5666858,0.6660261,0.0063435,0.0064049
/home/yoxara/Insync/DMSimp_vector_axial_pp_xxj_NLO_eff/Events/run_98/events_PYTHIA8_0.hepmc.gz,0.956,20000,Axial,DM+QCDjets,1750.0,200.0,1.0,0.25,atlas_exot_2018_06,IM8,0.5347226,0.5716526,0.0037411,0.0049251
/home/yoxara/Insync/DMSimp_vector_axial_pp_xxj_NLO_eff/Events/run_98/events_PYTHIA8_0.hepmc.gz,0.956,20000,Axial,DM+QCDjets,1750.0,200.0,1.0,0.25,atlas_exot_2018_06,IM9,0.7057752,0.6695986,0.0017892,0.0034093
/home/yoxara/Insync/DMSimp_vector_axial_pp_xxj_NLO_eff/Events/run_98/events_PYTHIA8_0.hepmc.gz,0.956,20000,Axial,DM+QCDjets,1750.0,200.0,1.0,0.25,atlas_exot_2018_06,IM10,0.7127799,1.1051472,0.0013012,0.0029082
/home/yoxara/Insync/DMSimp_vector_axial_pp_xxj_NLO_eff/Events/run_98/events_PYTHIA8_0.hepmc.gz,0.956,20000,Axial,DM+QCDjets,1750.0,200.0,1.0,0.25,atlas_exot_2018_06,IM11,1.7338274,1.5504143,0.0003253,0.0014548
/home/yoxara/Insync/DMSimp_vector_axial_pp_xxj_NLO_eff/Events/run_98/events_PYTHIA8_0.hepmc.gz,0.956,20000,Axial,DM+QCDjets,1750.0,200.0,1.0,0.25,atlas_exot_2018_06,IM12,-1.0,-1.0,0.0,0.0
/home/yoxara/Insync/DMSimp_vector_axial_pp_xxj_NLO_eff/Events/run_98/events_PYTHIA8_0.hepmc.gz,0.956,20000,Axial,DM+QCDjets,1750.0,200.0,1.0,0.25,atlas_exot_2018_06,EM0,19.2644725,21.6192714,0.0190306,0.0110226
/home/yoxara/Insync/DMSimp_vector_axial_pp_xxj_NLO_eff/Events/run_98/events_PYTHIA8_0.hepmc.gz,0.956,20000,Axial,DM+QCDjets,1750.0,200.0,1.0,0.25,atlas_exot_2018_06,EM1,6.9320735,6.8044918,0.01838,0.0108361
/home/yoxara/Insync/DMSimp_vector_axial_pp_xxj_NLO_eff/Events/run_98/events_PYTHIA8_0.hepmc.gz,0.956,20000,Axial,DM+QCDjets,1750.0,200.0,1.0,0.25,atlas_exot_2018_06,EM2,3.3185496,3.282158,0.0151269,0.0098468
/home/yoxara/Insync/DMSimp_vector_axial_pp_xxj_NLO_eff/Events/run_98/events_PYTHIA8_0.hepmc.gz,0.956,20000,Axial,DM+QCDjets,1750.0,200.0,1.0,0.25,atlas_exot_2018_06,EM3,1.9749587,2.4073231,0.0117111,0.008679
/home/yoxara/Insync/DMSimp_vector_axial_pp_xxj_NLO_eff/Events/run_98/events_PYTHIA8_0.hepmc.gz,0.956,20000,Axial,DM+QCDjets,1750.0,200.0,1.0,0.25,atlas_exot_2018_06,EM4,1.5839979,2.2236653,0.0110605,0.0084373
/home/yoxara/Insync/DMSimp_vector_axial_pp_xxj_NLO_eff/Events/run_98/events_PYTHIA8_0.hepmc.gz,0.956,20000,Axial,DM+QCDjets,1750.0,200.0,1.0,0.25,atlas_exot_2018_06,EM5,1.0738904,1.3218555,0.0056929,0.0060696
/home/yoxara/Insync/DMSimp_vector_axial_pp_xxj_NLO_eff/Events/run_98/events_PYTHIA8_0.hepmc.gz,0.956,20000,Axial,DM+QCDjets,1750.0,200.0,1.0,0.25,atlas_exot_2018_06,EM6,0.8130377,1.1269515,0.0035784,0.0048172
/home/yoxara/Insync/DMSimp_vector_axial_pp_xxj_NLO_eff/Events/run_98/events_PYTHIA8_0.hepmc.gz,0.956,20000,Axial,DM+QCDjets,1750.0,200.0,1.0,0.25,atlas_exot_2018_06,EM7,0.5538732,0.8065187,0.0026025,0.0041101
/home/yoxara/Insync/DMSimp_vector_axial_pp_xxj_NLO_eff/Events/run_98/events_PYTHIA8_0.hepmc.gz,0.956,20000,Axial,DM+QCDjets,1750.0,200.0,1.0,0.25,atlas_exot_2018_06,EM8,0.415419,0.476213,0.0019519,0.0035607
/home/yoxara/Insync/DMSimp_vector_axial_pp_xxj_NLO_eff/Events/run_98/events_PYTHIA8_0.hepmc.gz,0.956,20000,Axial,DM+QCDjets,1750.0,200.0,1.0,0.25,atlas_exot_2018_06,EM9,-1.0,0.8550013,0.000488,0.0017816
/home/yoxara/Insync/DMSimp_vector_axial_pp_xxj_NLO_eff/Events/run_98/events_PYTHIA8_0.hepmc.gz,0.956,20000,Axial,DM+QCDjets,1750.0,200.0,1.0,0.25,atlas_exot_2018_06,EM10,0.3220481,0.6835223,0.0009759,0.002519
/home/yoxara/Insync/DMSimp_vector_axial_pp_xxj_NLO_eff/Events/run_98/events_PYTHIA8_0.hepmc.gz,0.956,20000,Axial,DM+QCDjets,1750.0,200.0,1.0,0.25,atlas_exot_2018_06,EM11,0.6761175,0.7588927,0.0003253,0.0014548
/home/yoxara/Insync/DMSimp_vector_axial_pp_xxj_NLO_eff/Events/run_98/events_PYTHIA8_0.hepmc.gz,0.956,20000,Axial,DM+QCDjets,1750.0,200.0,1.0,0.25,atlas_exot_2018_06,EM12,-1.0,-1.0,0.0,0.0
/home/yoxara/Insync/DMSimp_vector_axial_pp_xxj_NLO_eff/Events/run_99/events_PYTHIA8_0.hepmc.gz,0.9567,20000,Axial,DM+QCDjets,1750.0,250.0,1.0,0.25,atlas_exot_2018_06,IM0,6.5407208,8.3076583,0.0865191,0.0235574
/home/yoxara/Insync/DMSimp_vector_axial_pp_xxj_NLO_eff/Events/run_99/events_PYTHIA8_0.hepmc.gz,0.9567,20000,Axial,DM+QCDjets,1750.0,250.0,1.0,0.25,atlas_exot_2018_06,IM1,3.3603476,4.2358328,0.0672368,0.0209851
/home/yoxara/Insync/DMSimp_vector_axial_pp_xxj_NLO_eff/Events/run_99/events_PYTHIA8_0.hepmc.gz,0.9567,20000,Axial,DM+QCDjets,1750.0,250.0,1.0,0.25,atlas_exot_2018_06,IM2,2.4322033,3.3403556,0.046613,0.0176649
/home/yoxara/Insync/DMSimp_vector_axial_pp_xxj_NLO_eff/Events/run_99/events_PYTHIA8_0.hepmc.gz,0.9567,20000,Axial,DM+QCDjets,1750.0,250.0,1.0,0.25,atlas_exot_2018_06,IM3,1.6213158,2.3850805,0.0352113,0.0154447
/home/yoxara/Insync/DMSimp_vector_axial_pp_xxj_NLO_eff/Events/run_99/events_PYTHIA8_0.hepmc.gz,0.9567,20000,Axial,DM+QCDjets,1750.0,250.0,1.0,0.25,atlas_exot_2018_06,IM4,1.3528365,2.1521926,0.0243125,0.012906
/home/yoxara/Insync/DMSimp_vector_axial_pp_xxj_NLO_eff/Events/run_99/events_PYTHIA8_0.hepmc.gz,0.9567,20000,Axial,DM+QCDjets,1750.0,250.0,1.0,0.25,atlas_exot_2018_06,IM5,0.9743673,1.4845554,0.0147552,0.0101034
/home/yoxara/Insync/DMSimp_vector_axial_pp_xxj_NLO_eff/Events/run_99/events_PYTHIA8_0.hepmc.gz,0.9567,20000,Axial,DM+QCDjets,1750.0,250.0,1.0,0.25,atlas_exot_2018_06,IM6,1.0674459,1.557011,0.0068746,0.0069238
/home/yoxara/Insync/DMSimp_vector_axial_pp_xxj_NLO_eff/Events/run_99/events_PYTHIA8_0.hepmc.gz,0.9567,20000,Axial,DM+QCDjets,1750.0,250.0,1.0,0.25,atlas_exot_2018_06,IM7,0.9314488,1.1012818,0.0038565,0.0051937
/home/yoxara/Insync/DMSimp_vector_axial_pp_xxj_NLO_eff/Events/run_99/events_PYTHIA8_0.hepmc.gz,0.9567,20000,Axial,DM+QCDjets,1750.0,250.0,1.0,0.25,atlas_exot_2018_06,IM8,-1.0,1.0706048,0.0020121,0.003755
/home/yoxara/Insync/DMSimp_vector_axial_pp_xxj_NLO_eff/Events/run_99/events_PYTHIA8_0.hepmc.gz,0.9567,20000,Axial,DM+QCDjets,1750.0,250.0,1.0,0.25,atlas_exot_2018_06,IM9,0.9422882,0.8920989,0.0013414,0.003067
/home/yoxara/Insync/DMSimp_vector_axial_pp_xxj_NLO_eff/Events/run_99/events_PYTHIA8_0.hepmc.gz,0.9567,20000,Axial,DM+QCDjets,1750.0,250.0,1.0,0.25,atlas_exot_2018_06,IM10,0.9305679,1.4309426,0.001006,0.0026565
/home/yoxara/Insync/DMSimp_vector_axial_pp_xxj_NLO_eff/Events/run_99/events_PYTHIA8_0.hepmc.gz,0.9567,20000,Axial,DM+QCDjets,1750.0,250.0,1.0,0.25,atlas_exot_2018_06,IM11,0.8407674,0.7479599,0.0006707,0.0021694
/home/yoxara/Insync/DMSimp_vector_axial_pp_xxj_NLO_eff/Events/run_99/events_PYTHIA8_0.hepmc.gz,0.9567,20000,Axial,DM+QCDjets,1750.0,250.0,1.0,0.25,atlas_exot_2018_06,IM12,0.6921035,0.552406,0.000503,0.0018789
/home/yoxara/Insync/DMSimp_vector_axial_pp_xxj_NLO_eff/Events/run_99/events_PYTHIA8_0.hepmc.gz,0.9567,20000,Axial,DM+QCDjets,1750.0,250.0,1.0,0.25,atlas_exot_2018_06,EM0,19.0215377,21.2411761,0.0192824,0.0115232
/home/yoxara/Insync/DMSimp_vector_axial_pp_xxj_NLO_eff/Events/run_99/events_PYTHIA8_0.hepmc.gz,0.9567,20000,Axial,DM+QCDjets,1750.0,250.0,1.0,0.25,atlas_exot_2018_06,EM1,6.1777108,6.0516267,0.0206237,0.0119092
/home/yoxara/Insync/DMSimp_vector_axial_pp_xxj_NLO_eff/Events/run_99/events_PYTHIA8_0.hepmc.gz,0.9567,20000,Axial,DM+QCDjets,1750.0,250.0,1.0,0.25,atlas_exot_2018_06,EM2,4.3792659,4.3332338,0.0114017,0.0088965
/home/yoxara/Insync/DMSimp_vector_axial_pp_xxj_NLO_eff/Events/run_99/events_PYTHIA8_0.hepmc.gz,0.9567,20000,Axial,DM+QCDjets,1750.0,250.0,1.0,0.25,atlas_exot_2018_06,EM3,2.121644,2.5603319,0.0108987,0.0087002
/home/yoxara/Insync/DMSimp_vector_axial_pp_xxj_NLO_eff/Events/run_99/events_PYTHIA8_0.hepmc.gz,0.9567,20000,Axial,DM+QCDjets,1750.0,250.0,1.0,0.25,atlas_exot_2018_06,EM4,1.8448928,2.5904944,0.0095573,0.0081528
/home/yoxara/Insync/DMSimp_vector_axial_pp_xxj_NLO_eff/Events/run_99/events_PYTHIA8_0.hepmc.gz,0.9567,20000,Axial,DM+QCDjets,1750.0,250.0,1.0,0.25,atlas_exot_2018_06,EM5,0.7813778,0.9526643,0.0078806,0.0074094
/home/yoxara/Insync/DMSimp_vector_axial_pp_xxj_NLO_eff/Events/run_99/events_PYTHIA8_0.hepmc.gz,0.9567,20000,Axial,DM+QCDjets,1750.0,250.0,1.0,0.25,atlas_exot_2018_06,EM6,0.9645702,1.3331348,0.0030181,0.0045966
/home/yoxara/Insync/DMSimp_vector_axial_pp_xxj_NLO_eff/Events/run_99/events_PYTHIA8_0.hepmc.gz,0.9567,20000,Axial,DM+QCDjets,1750.0,250.0,1.0,0.25,atlas_exot_2018_06,EM7,0.7781291,1.1384982,0.0018444,0.0035954
/home/yoxara/Insync/DMSimp_vector_axial_pp_xxj_NLO_eff/Events/run_99/events_PYTHIA8_0.hepmc.gz,0.9567,20000,Axial,DM+QCDjets,1750.0,250.0,1.0,0.25,atlas_exot_2018_06,EM8,1.2092374,1.3851853,0.0006707,0.0021694
/home/yoxara/Insync/DMSimp_vector_axial_pp_xxj_NLO_eff/Events/run_99/events_PYTHIA8_0.hepmc.gz,0.9567,20000,Axial,DM+QCDjets,1750.0,250.0,1.0,0.25,atlas_exot_2018_06,EM9,1.4575108,1.2443691,0.0003353,0.0015342
/home/yoxara/Insync/DMSimp_vector_axial_pp_xxj_NLO_eff/Events/run_99/events_PYTHIA8_0.hepmc.gz,0.9567,20000,Axial,DM+QCDjets,1750.0,250.0,1.0,0.25,atlas_exot_2018_06,EM10,0.9405441,1.9954341,0.0003353,0.0015342
/home/yoxara/Insync/DMSimp_vector_axial_pp_xxj_NLO_eff/Events/run_99/events_PYTHIA8_0.hepmc.gz,0.9567,20000,Axial,DM+QCDjets,1750.0,250.0,1.0,0.25,atlas_exot_2018_06,EM11,1.3059568,1.4665252,0.0001677,0.001085
/home/yoxara/Insync/DMSimp_vector_axial_pp_xxj_NLO_eff/Events/run_99/events_PYTHIA8_0.hepmc.gz,0.9567,20000,Axial,DM+QCDjets,1750.0,250.0,1.0,0.25,atlas_exot_2018_06,EM12,0.5073202,0.4050202,0.000503,0.0018789
/home/yoxara/Insync/DMSimp_vector_axial_pp_xxj_NLO_eff/Events/run_100/events_PYTHIA8_0.hepmc.gz,0.9171,20000,Axial,DM+QCDjets,1750.0,300.0,1.0,0.25,atlas_exot_2018_06,IM0,6.8194613,8.6487218,0.0827748,0.0237986
/home/yoxara/Insync/DMSimp_vector_axial_pp_xxj_NLO_eff/Events/run_100/events_PYTHIA8_0.hepmc.gz,0.9171,20000,Axial,DM+QCDjets,1750.0,300.0,1.0,0.25,atlas_exot_2018_06,IM1,3.613263,4.5658163,0.0623324,0.0208808
/home/yoxara/Insync/DMSimp_vector_axial_pp_xxj_NLO_eff/Events/run_100/events_PYTHIA8_0.hepmc.gz,0.9171,20000,Axial,DM+QCDjets,1750.0,300.0,1.0,0.25,atlas_exot_2018_06,IM2,2.5177573,3.4572904,0.0450737,0.0179189
/home/yoxara/Insync/DMSimp_vector_axial_pp_xxj_NLO_eff/Events/run_100/events_PYTHIA8_0.hepmc.gz,0.9171,20000,Axial,DM+QCDjets,1750.0,300.0,1.0,0.25,atlas_exot_2018_06,IM3,1.7851388,2.6297796,0.0318365,0.0151636
/home/yoxara/Insync/DMSimp_vector_axial_pp_xxj_NLO_eff/Events/run_100/events_PYTHIA8_0.hepmc.gz,0.9171,20000,Axial,DM+QCDjets,1750.0,300.0,1.0,0.25,atlas_exot_2018_06,IM4,1.470498,2.3475453,0.0222855,0.0127492
/home/yoxara/Insync/DMSimp_vector_axial_pp_xxj_NLO_eff/Events/run_100/events_PYTHIA8_0.hepmc.gz,0.9171,20000,Axial,DM+QCDjets,1750.0,300.0,1.0,0.25,atlas_exot_2018_06,IM5,1.144917,1.7427191,0.012567,0.0096213
/home/yoxara/Insync/DMSimp_vector_axial_pp_xxj_NLO_eff/Events/run_100/events_PYTHIA8_0.hepmc.gz,0.9171,20000,Axial,DM+QCDjets,1750.0,300.0,1.0,0.25,atlas_exot_2018_06,IM6,1.5553887,2.2699979,0.0046917,0.0059021
/home/yoxara/Insync/DMSimp_vector_axial_pp_xxj_NLO_eff/Events/run_100/events_PYTHIA8_0.hepmc.gz,0.9171,20000,Axial,DM+QCDjets,1750.0,300.0,1.0,0.25,atlas_exot_2018_06,IM7,1.0723015,1.2603977,0.0033512,0.0049916
/home/yoxara/Insync/DMSimp_vector_axial_pp_xxj_NLO_eff/Events/run_100/events_PYTHIA8_0.hepmc.gz,0.9171,20000,Axial,DM+QCDjets,1750.0,300.0,1.0,0.25,atlas_exot_2018_06,IM8,0.9979023,1.0679502,0.0020107,0.003869
/home/yoxara/Insync/DMSimp_vector_axial_pp_xxj_NLO_eff/Events/run_100/events_PYTHIA8_0.hepmc.gz,0.9171,20000,Axial,DM+QCDjets,1750.0,300.0,1.0,0.25,atlas_exot_2018_06,IM9,0.836903,0.7891725,0.001508,0.0033515
/home/yoxara/Insync/DMSimp_vector_axial_pp_xxj_NLO_eff/Events/run_100/events_PYTHIA8_0.hepmc.gz,0.9171,20000,Axial,DM+QCDjets,1750.0,300.0,1.0,0.25,atlas_exot_2018_06,IM10,0.9291176,1.4331214,0.0010054,0.0027372
/home/yoxara/Insync/DMSimp_vector_axial_pp_xxj_NLO_eff/Events/run_100/events_PYTHIA8_0.hepmc.gz,0.9171,20000,Axial,DM+QCDjets,1750.0,300.0,1.0,0.25,atlas_exot_2018_06,IM11,0.5630475,0.5049676,0.0010054,0.0027372
/home/yoxara/Insync/DMSimp_vector_axial_pp_xxj_NLO_eff/Events/run_100/events_PYTHIA8_0.hepmc.gz,0.9171,20000,Axial,DM+QCDjets,1750.0,300.0,1.0,0.25,atlas_exot_2018_06,IM12,0.6942338,0.5501298,0.0005027,0.001936
/home/yoxara/Insync/DMSimp_vector_axial_pp_xxj_NLO_eff/Events/run_100/events_PYTHIA8_0.hepmc.gz,0.9171,20000,Axial,DM+QCDjets,1750.0,300.0,1.0,0.25,atlas_exot_2018_06,EM0,17.9300751,20.0576113,0.0204424,0.0122221
/home/yoxara/Insync/DMSimp_vector_axial_pp_xxj_NLO_eff/Events/run_100/events_PYTHIA8_0.hepmc.gz,0.9171,20000,Axial,DM+QCDjets,1750.0,300.0,1.0,0.25,atlas_exot_2018_06,EM1,7.3888584,7.1686003,0.0172587,0.0112483
/home/yoxara/Insync/DMSimp_vector_axial_pp_xxj_NLO_eff/Events/run_100/events_PYTHIA8_0.hepmc.gz,0.9171,20000,Axial,DM+QCDjets,1750.0,300.0,1.0,0.25,atlas_exot_2018_06,EM2,3.7779041,3.7408572,0.0132373,0.0098712
/home/yoxara/Insync/DMSimp_vector_axial_pp_xxj_NLO_eff/Events/run_100/events_PYTHIA8_0.hepmc.gz,0.9171,20000,Axial,DM+QCDjets,1750.0,300.0,1.0,0.25,atlas_exot_2018_06,EM3,2.4247526,2.9400924,0.0095509,0.0084005
/home/yoxara/Insync/DMSimp_vector_axial_pp_xxj_NLO_eff/Events/run_100/events_PYTHIA8_0.hepmc.gz,0.9171,20000,Axial,DM+QCDjets,1750.0,300.0,1.0,0.25,atlas_exot_2018_06,EM4,1.7950517,2.5454449,0.0097185,0.0084731
/home/yoxara/Insync/DMSimp_vector_axial_pp_xxj_NLO_eff/Events/run_100/events_PYTHIA8_0.hepmc.gz,0.9171,20000,Axial,DM+QCDjets,1750.0,300.0,1.0,0.25,atlas_exot_2018_06,EM5,0.7779533,0.9507996,0.0078753,0.0076345
/home/yoxara/Insync/DMSimp_vector_axial_pp_xxj_NLO_eff/Events/run_100/events_PYTHIA8_0.hepmc.gz,0.9171,20000,Axial,DM+QCDjets,1750.0,300.0,1.0,0.25,atlas_exot_2018_06,EM6,2.1699046,3.0120197,0.0013405,0.0031601
/home/yoxara/Insync/DMSimp_vector_axial_pp_xxj_NLO_eff/Events/run_100/events_PYTHIA8_0.hepmc.gz,0.9171,20000,Axial,DM+QCDjets,1750.0,300.0,1.0,0.25,atlas_exot_2018_06,EM7,1.0694587,1.5629726,0.0013405,0.0031601
/home/yoxara/Insync/DMSimp_vector_axial_pp_xxj_NLO_eff/Events/run_100/events_PYTHIA8_0.hepmc.gz,0.9171,20000,Axial,DM+QCDjets,1750.0,300.0,1.0,0.25,atlas_exot_2018_06,EM8,1.6093701,1.8521815,0.0005027,0.001936
/home/yoxara/Insync/DMSimp_vector_axial_pp_xxj_NLO_eff/Events/run_100/events_PYTHIA8_0.hepmc.gz,0.9171,20000,Axial,DM+QCDjets,1750.0,300.0,1.0,0.25,atlas_exot_2018_06,EM9,0.9680156,0.8277654,0.0005027,0.001936
/home/yoxara/Insync/DMSimp_vector_axial_pp_xxj_NLO_eff/Events/run_100/events_PYTHIA8_0.hepmc.gz,0.9171,20000,Axial,DM+QCDjets,1750.0,300.0,1.0,0.25,atlas_exot_2018_06,EM10,-1.0,-1.0,0.0,0.0
/home/yoxara/Insync/DMSimp_vector_axial_pp_xxj_NLO_eff/Events/run_100/events_PYTHIA8_0.hepmc.gz,0.9171,20000,Axial,DM+QCDjets,1750.0,300.0,1.0,0.25,atlas_exot_2018_06,EM11,0.4363602,0.4914226,0.0005027,0.001936
/home/yoxara/Insync/DMSimp_vector_axial_pp_xxj_NLO_eff/Events/run_100/events_PYTHIA8_0.hepmc.gz,0.9171,20000,Axial,DM+QCDjets,1750.0,300.0,1.0,0.25,atlas_exot_2018_06,EM12,0.5049243,0.4071304,0.0005027,0.001936
/home/yoxara/Insync/DMSimp_vector_axial_pp_xxj_NLO_eff/Events/run_101/events_PYTHIA8_0.hepmc.gz,0.8683,20000,Axial,DM+QCDjets,1750.0,350.0,1.0,0.25,atlas_exot_2018_06,IM0,6.4238723,8.1715651,0.0876785,0.0248721
/home/yoxara/Insync/DMSimp_vector_axial_pp_xxj_NLO_eff/Events/run_101/events_PYTHIA8_0.hepmc.gz,0.8683,20000,Axial,DM+QCDjets,1750.0,350.0,1.0,0.25,atlas_exot_2018_06,IM1,3.3913223,4.2580808,0.0667552,0.0219499
/home/yoxara/Insync/DMSimp_vector_axial_pp_xxj_NLO_eff/Events/run_101/events_PYTHIA8_0.hepmc.gz,0.8683,20000,Axial,DM+QCDjets,1750.0,350.0,1.0,0.25,atlas_exot_2018_06,IM2,2.4762086,3.4087533,0.0456659,0.0183585
/home/yoxara/Insync/DMSimp_vector_axial_pp_xxj_NLO_eff/Events/run_101/events_PYTHIA8_0.hepmc.gz,0.8683,20000,Axial,DM+QCDjets,1750.0,350.0,1.0,0.25,atlas_exot_2018_06,IM3,1.7873792,2.6259643,0.0318831,0.0154503
/home/yoxara/Insync/DMSimp_vector_axial_pp_xxj_NLO_eff/Events/run_101/events_PYTHIA8_0.hepmc.gz,0.8683,20000,Axial,DM+QCDjets,1750.0,350.0,1.0,0.25,atlas_exot_2018_06,IM4,1.2619647,2.0038072,0.0260711,0.0140131
/home/yoxara/Insync/DMSimp_vector_axial_pp_xxj_NLO_eff/Events/run_101/events_PYTHIA8_0.hepmc.gz,0.8683,20000,Axial,DM+QCDjets,1750.0,350.0,1.0,0.25,atlas_exot_2018_06,IM5,0.9169429,1.386751,0.0157755,0.010958
/home/yoxara/Insync/DMSimp_vector_axial_pp_xxj_NLO_eff/Events/run_101/events_PYTHIA8_0.hepmc.gz,0.8683,20000,Axial,DM+QCDjets,1750.0,350.0,1.0,0.25,atlas_exot_2018_06,IM6,0.8161041,1.1902845,0.0089671,0.0082901
/home/yoxara/Insync/DMSimp_vector_axial_pp_xxj_NLO_eff/Events/run_101/events_PYTHIA8_0.hepmc.gz,0.8683,20000,Axial,DM+QCDjets,1750.0,350.0,1.0,0.25,atlas_exot_2018_06,IM7,0.6555094,0.7746571,0.0054799,0.0064921
/home/yoxara/Insync/DMSimp_vector_axial_pp_xxj_NLO_eff/Events/run_101/events_PYTHIA8_0.hepmc.gz,0.8683,20000,Axial,DM+QCDjets,1750.0,350.0,1.0,0.25,atlas_exot_2018_06,IM8,0.6347249,0.6795556,0.0031551,0.0049319
/home/yoxara/Insync/DMSimp_vector_axial_pp_xxj_NLO_eff/Events/run_101/events_PYTHIA8_0.hepmc.gz,0.8683,20000,Axial,DM+QCDjets,1750.0,350.0,1.0,0.25,atlas_exot_2018_06,IM9,0.6958588,0.6579929,0.0018266,0.0037551
/home/yoxara/Insync/DMSimp_vector_axial_pp_xxj_NLO_eff/Events/run_101/events_PYTHIA8_0.hepmc.gz,0.8683,20000,Axial,DM+QCDjets,1750.0,350.0,1.0,0.25,atlas_exot_2018_06,IM10,0.9363139,1.4490778,0.0009963,0.0027745
/home/yoxara/Insync/DMSimp_vector_axial_pp_xxj_NLO_eff/Events/run_101/events_PYTHIA8_0.hepmc.gz,0.8683,20000,Axial,DM+QCDjets,1750.0,350.0,1.0,0.25,atlas_exot_2018_06,IM11,1.1268356,1.0098925,0.0004982,0.0019623
/home/yoxara/Insync/DMSimp_vector_axial_pp_xxj_NLO_eff/Events/run_101/events_PYTHIA8_0.hepmc.gz,0.8683,20000,Axial,DM+QCDjets,1750.0,350.0,1.0,0.25,atlas_exot_2018_06,IM12,0.7013242,0.5586557,0.0004982,0.0019623
/home/yoxara/Insync/DMSimp_vector_axial_pp_xxj_NLO_eff/Events/run_101/events_PYTHIA8_0.hepmc.gz,0.8683,20000,Axial,DM+QCDjets,1750.0,350.0,1.0,0.25,atlas_exot_2018_06,EM0,17.5926218,19.6378899,0.0209233,0.0125868
/home/yoxara/Insync/DMSimp_vector_axial_pp_xxj_NLO_eff/Events/run_101/events_PYTHIA8_0.hepmc.gz,0.8683,20000,Axial,DM+QCDjets,1750.0,350.0,1.0,0.25,atlas_exot_2018_06,EM1,6.0468436,5.8943208,0.0210893,0.0126356
/home/yoxara/Insync/DMSimp_vector_axial_pp_xxj_NLO_eff/Events/run_101/events_PYTHIA8_0.hepmc.gz,0.8683,20000,Axial,DM+QCDjets,1750.0,350.0,1.0,0.25,atlas_exot_2018_06,EM2,3.624815,3.5895947,0.0137828,0.0102529
/home/yoxara/Insync/DMSimp_vector_axial_pp_xxj_NLO_eff/Events/run_101/events_PYTHIA8_0.hepmc.gz,0.8683,20000,Axial,DM+QCDjets,1750.0,350.0,1.0,0.25,atlas_exot_2018_06,EM3,3.9635972,4.8339578,0.005812,0.0066848
/home/yoxara/Insync/DMSimp_vector_axial_pp_xxj_NLO_eff/Events/run_101/events_PYTHIA8_0.hepmc.gz,0.8683,20000,Axial,DM+QCDjets,1750.0,350.0,1.0,0.25,atlas_exot_2018_06,EM4,1.6965511,2.3958668,0.0102956,0.0088771
/home/yoxara/Insync/DMSimp_vector_axial_pp_xxj_NLO_eff/Events/run_101/events_PYTHIA8_0.hepmc.gz,0.8683,20000,Axial,DM+QCDjets,1750.0,350.0,1.0,0.25,atlas_exot_2018_06,EM5,0.9004359,1.1065321,0.0068084,0.0072315
/home/yoxara/Insync/DMSimp_vector_axial_pp_xxj_NLO_eff/Events/run_101/events_PYTHIA8_0.hepmc.gz,0.8683,20000,Axial,DM+QCDjets,1750.0,350.0,1.0,0.25,atlas_exot_2018_06,EM6,0.8352653,1.1593419,0.0034872,0.0051841
/home/yoxara/Insync/DMSimp_vector_axial_pp_xxj_NLO_eff/Events/run_101/events_PYTHIA8_0.hepmc.gz,0.8683,20000,Axial,DM+QCDjets,1750.0,350.0,1.0,0.25,atlas_exot_2018_06,EM7,0.6172973,0.9019249,0.0023248,0.0042353
/home/yoxara/Insync/DMSimp_vector_axial_pp_xxj_NLO_eff/Events/run_101/events_PYTHIA8_0.hepmc.gz,0.8683,20000,Axial,DM+QCDjets,1750.0,350.0,1.0,0.25,atlas_exot_2018_06,EM8,0.6129556,0.7004353,0.0013285,0.0032032
/home/yoxara/Insync/DMSimp_vector_axial_pp_xxj_NLO_eff/Events/run_101/events_PYTHIA8_0.hepmc.gz,0.8683,20000,Axial,DM+QCDjets,1750.0,350.0,1.0,0.25,atlas_exot_2018_06,EM9,0.5879893,0.5015766,0.0008303,0.0025329
/home/yoxara/Insync/DMSimp_vector_axial_pp_xxj_NLO_eff/Events/run_101/events_PYTHIA8_0.hepmc.gz,0.8683,20000,Axial,DM+QCDjets,1750.0,350.0,1.0,0.25,atlas_exot_2018_06,EM10,0.6262455,1.3418323,0.0004982,0.0019623
/home/yoxara/Insync/DMSimp_vector_axial_pp_xxj_NLO_eff/Events/run_101/events_PYTHIA8_0.hepmc.gz,0.8683,20000,Axial,DM+QCDjets,1750.0,350.0,1.0,0.25,atlas_exot_2018_06,EM11,-1.0,-1.0,0.0,0.0
/home/yoxara/Insync/DMSimp_vector_axial_pp_xxj_NLO_eff/Events/run_101/events_PYTHIA8_0.hepmc.gz,0.8683,20000,Axial,DM+QCDjets,1750.0,350.0,1.0,0.25,atlas_exot_2018_06,EM12,0.5089936,0.4100557,0.0004982,0.0019623
/home/yoxara/Insync/DMSimp_vector_axial_pp_xxj_NLO_eff/Events/run_102/events_PYTHIA8_0.hepmc.gz,0.8134,20000,Axial,DM+QCDjets,1750.0,400.0,1.0,0.25,atlas_exot_2018_06,IM0,6.5288328,8.2602305,0.0868011,0.0253563
/home/yoxara/Insync/DMSimp_vector_axial_pp_xxj_NLO_eff/Events/run_102/events_PYTHIA8_0.hepmc.gz,0.8134,20000,Axial,DM+QCDjets,1750.0,400.0,1.0,0.25,atlas_exot_2018_06,IM1,3.5455712,4.4493659,0.0638817,0.0220239
/home/yoxara/Insync/DMSimp_vector_axial_pp_xxj_NLO_eff/Events/run_102/events_PYTHIA8_0.hepmc.gz,0.8134,20000,Axial,DM+QCDjets,1750.0,400.0,1.0,0.25,atlas_exot_2018_06,IM2,2.5483168,3.4987834,0.0445384,0.0185786
/home/yoxara/Insync/DMSimp_vector_axial_pp_xxj_NLO_eff/Events/run_102/events_PYTHIA8_0.hepmc.gz,0.8134,20000,Axial,DM+QCDjets,1750.0,400.0,1.0,0.25,atlas_exot_2018_06,IM3,1.7732431,2.6151444,0.0320221,0.0158562
/home/yoxara/Insync/DMSimp_vector_axial_pp_xxj_NLO_eff/Events/run_102/events_PYTHIA8_0.hepmc.gz,0.8134,20000,Axial,DM+QCDjets,1750.0,400.0,1.0,0.25,atlas_exot_2018_06,IM4,1.3239389,2.1011449,0.02487,0.0140252
/home/yoxara/Insync/DMSimp_vector_axial_pp_xxj_NLO_eff/Events/run_102/events_PYTHIA8_0.hepmc.gz,0.8134,20000,Axial,DM+QCDjets,1750.0,400.0,1.0,0.25,atlas_exot_2018_06,IM5,1.0610133,1.6013898,0.0136541,0.0104517
/home/yoxara/Insync/DMSimp_vector_axial_pp_xxj_NLO_eff/Events/run_102/events_PYTHIA8_0.hepmc.gz,0.8134,20000,Axial,DM+QCDjets,1750.0,400.0,1.0,0.25,atlas_exot_2018_06,IM6,0.9746032,1.4207575,0.0074772,0.0077586
/home/yoxara/Insync/DMSimp_vector_axial_pp_xxj_NLO_eff/Events/run_102/events_PYTHIA8_0.hepmc.gz,0.8134,20000,Axial,DM+QCDjets,1750.0,400.0,1.0,0.25,atlas_exot_2018_06,IM7,0.8851291,1.0407439,0.0040637,0.0057295
/home/yoxara/Insync/DMSimp_vector_axial_pp_xxj_NLO_eff/Events/run_102/events_PYTHIA8_0.hepmc.gz,0.8134,20000,Axial,DM+QCDjets,1750.0,400.0,1.0,0.25,atlas_exot_2018_06,IM8,1.0300062,1.0992815,0.0019506,0.0039737
/home/yoxara/Insync/DMSimp_vector_axial_pp_xxj_NLO_eff/Events/run_102/events_PYTHIA8_0.hepmc.gz,0.8134,20000,Axial,DM+QCDjets,1750.0,400.0,1.0,0.25,atlas_exot_2018_06,IM9,1.2941752,1.2245949,0.0009753,0.0028112
/home/yoxara/Insync/DMSimp_vector_axial_pp_xxj_NLO_eff/Events/run_102/events_PYTHIA8_0.hepmc.gz,0.8134,20000,Axial,DM+QCDjets,1750.0,400.0,1.0,0.25,atlas_exot_2018_06,IM10,1.4334016,2.2103878,0.0006502,0.0022957
/home/yoxara/Insync/DMSimp_vector_axial_pp_xxj_NLO_eff/Events/run_102/events_PYTHIA8_0.hepmc.gz,0.8134,20000,Axial,DM+QCDjets,1750.0,400.0,1.0,0.25,atlas_exot_2018_06,IM11,1.7284661,1.5398621,0.0003251,0.0016236
/home/yoxara/Insync/DMSimp_vector_axial_pp_xxj_NLO_eff/Events/run_102/events_PYTHIA8_0.hepmc.gz,0.8134,20000,Axial,DM+QCDjets,1750.0,400.0,1.0,0.25,atlas_exot_2018_06,IM12,1.0738566,0.8462467,0.0003251,0.0016236
/home/yoxara/Insync/DMSimp_vector_axial_pp_xxj_NLO_eff/Events/run_102/events_PYTHIA8_0.hepmc.gz,0.8134,20000,Axial,DM+QCDjets,1750.0,400.0,1.0,0.25,atlas_exot_2018_06,EM0,16.0214453,17.885072,0.0229194,0.0134774
/home/yoxara/Insync/DMSimp_vector_axial_pp_xxj_NLO_eff/Events/run_102/events_PYTHIA8_0.hepmc.gz,0.8134,20000,Axial,DM+QCDjets,1750.0,400.0,1.0,0.25,atlas_exot_2018_06,EM1,6.6108457,6.4265795,0.0193433,0.0124041
/home/yoxara/Insync/DMSimp_vector_axial_pp_xxj_NLO_eff/Events/run_102/events_PYTHIA8_0.hepmc.gz,0.8134,20000,Axial,DM+QCDjets,1750.0,400.0,1.0,0.25,atlas_exot_2018_06,EM2,4.0050781,3.9448645,0.0125163,0.0100125
/home/yoxara/Insync/DMSimp_vector_axial_pp_xxj_NLO_eff/Events/run_102/events_PYTHIA8_0.hepmc.gz,0.8134,20000,Axial,DM+QCDjets,1750.0,400.0,1.0,0.25,atlas_exot_2018_06,EM3,3.2337873,3.9239803,0.0071521,0.0075893
/home/yoxara/Insync/DMSimp_vector_axial_pp_xxj_NLO_eff/Events/run_102/events_PYTHIA8_0.hepmc.gz,0.8134,20000,Axial,DM+QCDjets,1750.0,400.0,1.0,0.25,atlas_exot_2018_06,EM4,1.5633601,2.1959392,0.0112159,0.0094843
/home/yoxara/Insync/DMSimp_vector_axial_pp_xxj_NLO_eff/Events/run_102/events_PYTHIA8_0.hepmc.gz,0.8134,20000,Axial,DM+QCDjets,1750.0,400.0,1.0,0.25,atlas_exot_2018_06,EM5,0.9991326,1.212814,0.0061769,0.0070563
/home/yoxara/Insync/DMSimp_vector_axial_pp_xxj_NLO_eff/Events/run_102/events_PYTHIA8_0.hepmc.gz,0.8134,20000,Axial,DM+QCDjets,1750.0,400.0,1.0,0.25,atlas_exot_2018_06,EM6,0.8483477,1.1813772,0.0034135,0.0052529
/home/yoxara/Insync/DMSimp_vector_axial_pp_xxj_NLO_eff/Events/run_102/events_PYTHIA8_0.hepmc.gz,0.8134,20000,Axial,DM+QCDjets,1750.0,400.0,1.0,0.25,atlas_exot_2018_06,EM7,0.6803333,0.991609,0.0021131,0.0041357
/home/yoxara/Insync/DMSimp_vector_axial_pp_xxj_NLO_eff/Events/run_102/events_PYTHIA8_0.hepmc.gz,0.8134,20000,Axial,DM+QCDjets,1750.0,400.0,1.0,0.25,atlas_exot_2018_06,EM8,0.8344606,0.9538536,0.0009753,0.0028112
/home/yoxara/Insync/DMSimp_vector_axial_pp_xxj_NLO_eff/Events/run_102/events_PYTHIA8_0.hepmc.gz,0.8134,20000,Axial,DM+QCDjets,1750.0,400.0,1.0,0.25,atlas_exot_2018_06,EM9,1.5024496,1.2810872,0.0003251,0.0016236
/home/yoxara/Insync/DMSimp_vector_axial_pp_xxj_NLO_eff/Events/run_102/events_PYTHIA8_0.hepmc.gz,0.8134,20000,Axial,DM+QCDjets,1750.0,400.0,1.0,0.25,atlas_exot_2018_06,EM10,0.9656249,2.0557213,0.0003251,0.0016236
/home/yoxara/Insync/DMSimp_vector_axial_pp_xxj_NLO_eff/Events/run_102/events_PYTHIA8_0.hepmc.gz,0.8134,20000,Axial,DM+QCDjets,1750.0,400.0,1.0,0.25,atlas_exot_2018_06,EM11,-1.0,-1.0,0.0,0.0
/home/yoxara/Insync/DMSimp_vector_axial_pp_xxj_NLO_eff/Events/run_102/events_PYTHIA8_0.hepmc.gz,0.8134,20000,Axial,DM+QCDjets,1750.0,400.0,1.0,0.25,atlas_exot_2018_06,EM12,0.7817747,0.6278286,0.0003251,0.0016236
/home/yoxara/Insync/DMSimp_vector_axial_pp_xxj_NLO_eff/Events/run_103/events_PYTHIA8_0.hepmc.gz,0.7542,20000,Axial,DM+QCDjets,1750.0,450.0,1.0,0.25,atlas_exot_2018_06,IM0,6.0436696,7.6821258,0.0932002,0.0279846
/home/yoxara/Insync/DMSimp_vector_axial_pp_xxj_NLO_eff/Events/run_103/events_PYTHIA8_0.hepmc.gz,0.7542,20000,Axial,DM+QCDjets,1750.0,450.0,1.0,0.25,atlas_exot_2018_06,IM1,3.0568599,3.8552596,0.0739174,0.0251856
/home/yoxara/Insync/DMSimp_vector_axial_pp_xxj_NLO_eff/Events/run_103/events_PYTHIA8_0.hepmc.gz,0.7542,20000,Axial,DM+QCDjets,1750.0,450.0,1.0,0.25,atlas_exot_2018_06,IM2,2.1397223,2.9450146,0.052774,0.0215224
/home/yoxara/Insync/DMSimp_vector_axial_pp_xxj_NLO_eff/Events/run_103/events_PYTHIA8_0.hepmc.gz,0.7542,20000,Axial,DM+QCDjets,1750.0,450.0,1.0,0.25,atlas_exot_2018_06,IM3,1.5293,2.2540832,0.0372124,0.0182207
/home/yoxara/Insync/DMSimp_vector_axial_pp_xxj_NLO_eff/Events/run_103/events_PYTHIA8_0.hepmc.gz,0.7542,20000,Axial,DM+QCDjets,1750.0,450.0,1.0,0.25,atlas_exot_2018_06,IM4,1.1660725,1.8501018,0.0282476,0.0159486
/home/yoxara/Insync/DMSimp_vector_axial_pp_xxj_NLO_eff/Events/run_103/events_PYTHIA8_0.hepmc.gz,0.7542,20000,Axial,DM+QCDjets,1750.0,450.0,1.0,0.25,atlas_exot_2018_06,IM5,0.8714503,1.323185,0.0165764,0.0122905
/home/yoxara/Insync/DMSimp_vector_axial_pp_xxj_NLO_eff/Events/run_103/events_PYTHIA8_0.hepmc.gz,0.7542,20000,Axial,DM+QCDjets,1750.0,450.0,1.0,0.25,atlas_exot_2018_06,IM6,0.6590152,0.9645386,0.0109946,0.0100379
/home/yoxara/Insync/DMSimp_vector_axial_pp_xxj_NLO_eff/Events/run_103/events_PYTHIA8_0.hepmc.gz,0.7542,20000,Axial,DM+QCDjets,1750.0,450.0,1.0,0.25,atlas_exot_2018_06,IM7,0.5281556,0.6260594,0.0067659,0.0078912
/home/yoxara/Insync/DMSimp_vector_axial_pp_xxj_NLO_eff/Events/run_103/events_PYTHIA8_0.hepmc.gz,0.7542,20000,Axial,DM+QCDjets,1750.0,450.0,1.0,0.25,atlas_exot_2018_06,IM8,0.514863,0.551302,0.0038904,0.0059925
/home/yoxara/Insync/DMSimp_vector_axial_pp_xxj_NLO_eff/Events/run_103/events_PYTHIA8_0.hepmc.gz,0.7542,20000,Axial,DM+QCDjets,1750.0,450.0,1.0,0.25,atlas_exot_2018_06,IM9,0.5323453,0.5034702,0.0023681,0.0046788
/home/yoxara/Insync/DMSimp_vector_axial_pp_xxj_NLO_eff/Events/run_103/events_PYTHIA8_0.hepmc.gz,0.7542,20000,Axial,DM+QCDjets,1750.0,450.0,1.0,0.25,atlas_exot_2018_06,IM10,0.6111487,0.9460166,0.0015223,0.003753
/home/yoxara/Insync/DMSimp_vector_axial_pp_xxj_NLO_eff/Events/run_103/events_PYTHIA8_0.hepmc.gz,0.7542,20000,Axial,DM+QCDjets,1750.0,450.0,1.0,0.25,atlas_exot_2018_06,IM11,0.8321046,0.744245,0.0006766,0.0025031
/home/yoxara/Insync/DMSimp_vector_axial_pp_xxj_NLO_eff/Events/run_103/events_PYTHIA8_0.hepmc.gz,0.7542,20000,Axial,DM+QCDjets,1750.0,450.0,1.0,0.25,atlas_exot_2018_06,IM12,2.0531675,1.6327589,0.0001691,0.0012518
/home/yoxara/Insync/DMSimp_vector_axial_pp_xxj_NLO_eff/Events/run_103/events_PYTHIA8_0.hepmc.gz,0.7542,20000,Axial,DM+QCDjets,1750.0,450.0,1.0,0.25,atlas_exot_2018_06,EM0,19.0132773,21.2157388,0.0192828,0.0132377
/home/yoxara/Insync/DMSimp_vector_axial_pp_xxj_NLO_eff/Events/run_103/events_PYTHIA8_0.hepmc.gz,0.7542,20000,Axial,DM+QCDjets,1750.0,450.0,1.0,0.25,atlas_exot_2018_06,EM1,6.0307669,5.8893043,0.0211434,0.0138485
/home/yoxara/Insync/DMSimp_vector_axial_pp_xxj_NLO_eff/Events/run_103/events_PYTHIA8_0.hepmc.gz,0.7542,20000,Axial,DM+QCDjets,1750.0,450.0,1.0,0.25,atlas_exot_2018_06,EM2,3.2088369,3.2061037,0.0155616,0.0119145
/home/yoxara/Insync/DMSimp_vector_axial_pp_xxj_NLO_eff/Events/run_103/events_PYTHIA8_0.hepmc.gz,0.7542,20000,Axial,DM+QCDjets,1750.0,450.0,1.0,0.25,atlas_exot_2018_06,EM3,2.5915323,3.1310753,0.0089648,0.0090734
/home/yoxara/Insync/DMSimp_vector_axial_pp_xxj_NLO_eff/Events/run_103/events_PYTHIA8_0.hepmc.gz,0.7542,20000,Axial,DM+QCDjets,1750.0,450.0,1.0,0.25,atlas_exot_2018_06,EM4,1.4995491,2.1142176,0.0116712,0.0103386
/home/yoxara/Insync/DMSimp_vector_axial_pp_xxj_NLO_eff/Events/run_103/events_PYTHIA8_0.hepmc.gz,0.7542,20000,Axial,DM+QCDjets,1750.0,450.0,1.0,0.25,atlas_exot_2018_06,EM5,1.100932,1.3468994,0.0055819,0.0071718
/home/yoxara/Insync/DMSimp_vector_axial_pp_xxj_NLO_eff/Events/run_103/events_PYTHIA8_0.hepmc.gz,0.7542,20000,Axial,DM+QCDjets,1750.0,450.0,1.0,0.25,atlas_exot_2018_06,EM6,0.6864745,0.9527427,0.0042287,0.0062465
/home/yoxara/Insync/DMSimp_vector_axial_pp_xxj_NLO_eff/Events/run_103/events_PYTHIA8_0.hepmc.gz,0.7542,20000,Axial,DM+QCDjets,1750.0,450.0,1.0,0.25,atlas_exot_2018_06,EM7,0.4984795,0.728164,0.0028755,0.0051545
/home/yoxara/Insync/DMSimp_vector_axial_pp_xxj_NLO_eff/Events/run_103/events_PYTHIA8_0.hepmc.gz,0.7542,20000,Axial,DM+QCDjets,1750.0,450.0,1.0,0.25,atlas_exot_2018_06,EM8,0.532598,0.6106499,0.0015223,0.003753
/home/yoxara/Insync/DMSimp_vector_axial_pp_xxj_NLO_eff/Events/run_103/events_PYTHIA8_0.hepmc.gz,0.7542,20000,Axial,DM+QCDjets,1750.0,450.0,1.0,0.25,atlas_exot_2018_06,EM9,0.5776236,0.4880497,0.0008457,0.0027983
/home/yoxara/Insync/DMSimp_vector_axial_pp_xxj_NLO_eff/Events/run_103/events_PYTHIA8_0.hepmc.gz,0.7542,20000,Axial,DM+QCDjets,1750.0,450.0,1.0,0.25,atlas_exot_2018_06,EM10,0.3683371,0.7904948,0.0008457,0.0027983
/home/yoxara/Insync/DMSimp_vector_axial_pp_xxj_NLO_eff/Events/run_103/events_PYTHIA8_0.hepmc.gz,0.7542,20000,Axial,DM+QCDjets,1750.0,450.0,1.0,0.25,atlas_exot_2018_06,EM11,0.4314099,0.4866725,0.0005074,0.0021679
/home/yoxara/Insync/DMSimp_vector_axial_pp_xxj_NLO_eff/Events/run_103/events_PYTHIA8_0.hepmc.gz,0.7542,20000,Axial,DM+QCDjets,1750.0,450.0,1.0,0.25,atlas_exot_2018_06,EM12,1.4980825,1.2079989,0.0001691,0.0012518
/home/yoxara/Insync/DMSimp_vector_axial_pp_xxj_NLO_eff/Events/run_104/events_PYTHIA8_0.hepmc.gz,0.6705,20000,Axial,DM+QCDjets,1750.0,500.0,1.0,0.25,atlas_exot_2018_06,IM0,6.1844206,7.8200877,0.0914397,0.0283656
/home/yoxara/Insync/DMSimp_vector_axial_pp_xxj_NLO_eff/Events/run_104/events_PYTHIA8_0.hepmc.gz,0.6705,20000,Axial,DM+QCDjets,1750.0,500.0,1.0,0.25,atlas_exot_2018_06,IM1,3.1468754,3.9640241,0.0718223,0.0254093
/home/yoxara/Insync/DMSimp_vector_axial_pp_xxj_NLO_eff/Events/run_104/events_PYTHIA8_0.hepmc.gz,0.6705,20000,Axial,DM+QCDjets,1750.0,500.0,1.0,0.25,atlas_exot_2018_06,IM2,2.190582,3.0094257,0.0517185,0.0217941
/home/yoxara/Insync/DMSimp_vector_axial_pp_xxj_NLO_eff/Events/run_104/events_PYTHIA8_0.hepmc.gz,0.6705,20000,Axial,DM+QCDjets,1750.0,500.0,1.0,0.25,atlas_exot_2018_06,IM3,1.4486507,2.1375431,0.0392348,0.019107
/home/yoxara/Insync/DMSimp_vector_axial_pp_xxj_NLO_eff/Events/run_104/events_PYTHIA8_0.hepmc.gz,0.6705,20000,Axial,DM+QCDjets,1750.0,500.0,1.0,0.25,atlas_exot_2018_06,IM4,1.0837503,1.7289661,0.0303178,0.0168737
/home/yoxara/Insync/DMSimp_vector_axial_pp_xxj_NLO_eff/Events/run_104/events_PYTHIA8_0.hepmc.gz,0.6705,20000,Axial,DM+QCDjets,1750.0,500.0,1.0,0.25,atlas_exot_2018_06,IM5,0.8235261,1.2484121,0.0175097,0.0129078
/home/yoxara/Insync/DMSimp_vector_axial_pp_xxj_NLO_eff/Events/run_104/events_PYTHIA8_0.hepmc.gz,0.6705,20000,Axial,DM+QCDjets,1750.0,500.0,1.0,0.25,atlas_exot_2018_06,IM6,0.8019121,1.1786576,0.0090791,0.0093345
/home/yoxara/Insync/DMSimp_vector_axial_pp_xxj_NLO_eff/Events/run_104/events_PYTHIA8_0.hepmc.gz,0.6705,20000,Axial,DM+QCDjets,1750.0,500.0,1.0,0.25,atlas_exot_2018_06,IM7,0.6162636,0.7242755,0.0058366,0.0074965
/home/yoxara/Insync/DMSimp_vector_axial_pp_xxj_NLO_eff/Events/run_104/events_PYTHIA8_0.hepmc.gz,0.6705,20000,Axial,DM+QCDjets,1750.0,500.0,1.0,0.25,atlas_exot_2018_06,IM8,0.6498987,0.6960516,0.0030804,0.0054536
/home/yoxara/Insync/DMSimp_vector_axial_pp_xxj_NLO_eff/Events/run_104/events_PYTHIA8_0.hepmc.gz,0.6705,20000,Axial,DM+QCDjets,1750.0,500.0,1.0,0.25,atlas_exot_2018_06,IM9,0.5566994,0.5260323,0.0022698,0.0046832
/home/yoxara/Insync/DMSimp_vector_axial_pp_xxj_NLO_eff/Events/run_104/events_PYTHIA8_0.hepmc.gz,0.6705,20000,Axial,DM+QCDjets,1750.0,500.0,1.0,0.25,atlas_exot_2018_06,IM10,0.5219381,0.8091247,0.0017834,0.0041523
/home/yoxara/Insync/DMSimp_vector_axial_pp_xxj_NLO_eff/Events/run_104/events_PYTHIA8_0.hepmc.gz,0.6705,20000,Axial,DM+QCDjets,1750.0,500.0,1.0,0.25,atlas_exot_2018_06,IM11,0.4972137,0.4436899,0.0011349,0.0033134
/home/yoxara/Insync/DMSimp_vector_axial_pp_xxj_NLO_eff/Events/run_104/events_PYTHIA8_0.hepmc.gz,0.6705,20000,Axial,DM+QCDjets,1750.0,500.0,1.0,0.25,atlas_exot_2018_06,IM12,0.4305623,0.3416702,0.0008106,0.0028008
/home/yoxara/Insync/DMSimp_vector_axial_pp_xxj_NLO_eff/Events/run_104/events_PYTHIA8_0.hepmc.gz,0.6705,20000,Axial,DM+QCDjets,1750.0,500.0,1.0,0.25,atlas_exot_2018_06,EM0,18.6812476,20.9121512,0.0196174,0.0136479
/home/yoxara/Insync/DMSimp_vector_axial_pp_xxj_NLO_eff/Events/run_104/events_PYTHIA8_0.hepmc.gz,0.6705,20000,Axial,DM+QCDjets,1750.0,500.0,1.0,0.25,atlas_exot_2018_06,EM1,6.3320788,6.1931308,0.0201038,0.0138126
/home/yoxara/Insync/DMSimp_vector_axial_pp_xxj_NLO_eff/Events/run_104/events_PYTHIA8_0.hepmc.gz,0.6705,20000,Axial,DM+QCDjets,1750.0,500.0,1.0,0.25,atlas_exot_2018_06,EM2,3.9987457,3.9718976,0.0124838,0.0109268
/home/yoxara/Insync/DMSimp_vector_axial_pp_xxj_NLO_eff/Events/run_104/events_PYTHIA8_0.hepmc.gz,0.6705,20000,Axial,DM+QCDjets,1750.0,500.0,1.0,0.25,atlas_exot_2018_06,EM3,2.5887066,3.144453,0.008917,0.0092515
/home/yoxara/Insync/DMSimp_vector_axial_pp_xxj_NLO_eff/Events/run_104/events_PYTHIA8_0.hepmc.gz,0.6705,20000,Axial,DM+QCDjets,1750.0,500.0,1.0,0.25,atlas_exot_2018_06,EM4,1.367631,1.9258694,0.012808,0.011066
/home/yoxara/Insync/DMSimp_vector_axial_pp_xxj_NLO_eff/Events/run_104/events_PYTHIA8_0.hepmc.gz,0.6705,20000,Axial,DM+QCDjets,1750.0,500.0,1.0,0.25,atlas_exot_2018_06,EM5,0.7271117,0.8890685,0.0084306,0.0089979
/home/yoxara/Insync/DMSimp_vector_axial_pp_xxj_NLO_eff/Events/run_104/events_PYTHIA8_0.hepmc.gz,0.6705,20000,Axial,DM+QCDjets,1750.0,500.0,1.0,0.25,atlas_exot_2018_06,EM6,0.8971078,1.2408273,0.0032425,0.0055948
/home/yoxara/Insync/DMSimp_vector_axial_pp_xxj_NLO_eff/Events/run_104/events_PYTHIA8_0.hepmc.gz,0.6705,20000,Axial,DM+QCDjets,1750.0,500.0,1.0,0.25,atlas_exot_2018_06,EM7,0.5182638,0.7594383,0.0027562,0.0051594
/home/yoxara/Insync/DMSimp_vector_axial_pp_xxj_NLO_eff/Events/run_104/events_PYTHIA8_0.hepmc.gz,0.6705,20000,Axial,DM+QCDjets,1750.0,500.0,1.0,0.25,atlas_exot_2018_06,EM8,-1.0,1.1451901,0.0008106,0.0028008
/home/yoxara/Insync/DMSimp_vector_axial_pp_xxj_NLO_eff/Events/run_104/events_PYTHIA8_0.hepmc.gz,0.6705,20000,Axial,DM+QCDjets,1750.0,500.0,1.0,0.25,atlas_exot_2018_06,EM9,1.0064996,0.8555212,0.0004864,0.0021699
/home/yoxara/Insync/DMSimp_vector_axial_pp_xxj_NLO_eff/Events/run_104/events_PYTHIA8_0.hepmc.gz,0.6705,20000,Axial,DM+QCDjets,1750.0,500.0,1.0,0.25,atlas_exot_2018_06,EM10,0.4801692,1.0303099,0.0006485,0.0025053
/home/yoxara/Insync/DMSimp_vector_axial_pp_xxj_NLO_eff/Events/run_104/events_PYTHIA8_0.hepmc.gz,0.6705,20000,Axial,DM+QCDjets,1750.0,500.0,1.0,0.25,atlas_exot_2018_06,EM11,0.6789892,0.7603171,0.0003243,0.0017718
/home/yoxara/Insync/DMSimp_vector_axial_pp_xxj_NLO_eff/Events/run_104/events_PYTHIA8_0.hepmc.gz,0.6705,20000,Axial,DM+QCDjets,1750.0,500.0,1.0,0.25,atlas_exot_2018_06,EM12,0.312461,0.2531355,0.0008106,0.0028008
/home/yoxara/Insync/DMSimp_vector_axial_pp_xxj_NLO_eff/Events/run_105/events_PYTHIA8_0.hepmc.gz,0.6372,20000,Axial,DM+QCDjets,1750.0,550.0,1.0,0.25,atlas_exot_2018_06,IM0,6.1335612,7.7932967,0.0919596,0.030404
/home/yoxara/Insync/DMSimp_vector_axial_pp_xxj_NLO_eff/Events/run_105/events_PYTHIA8_0.hepmc.gz,0.6372,20000,Axial,DM+QCDjets,1750.0,550.0,1.0,0.25,atlas_exot_2018_06,IM1,3.0985691,3.8804662,0.0732422,0.0274121
/home/yoxara/Insync/DMSimp_vector_axial_pp_xxj_NLO_eff/Events/run_105/events_PYTHIA8_0.hepmc.gz,0.6372,20000,Axial,DM+QCDjets,1750.0,550.0,1.0,0.25,atlas_exot_2018_06,IM2,2.2712323,3.1088059,0.0501302,0.0229594
/home/yoxara/Insync/DMSimp_vector_axial_pp_xxj_NLO_eff/Events/run_105/events_PYTHIA8_0.hepmc.gz,0.6372,20000,Axial,DM+QCDjets,1750.0,550.0,1.0,0.25,atlas_exot_2018_06,IM3,1.6263115,2.3933297,0.0349935,0.0193347
/home/yoxara/Insync/DMSimp_vector_axial_pp_xxj_NLO_eff/Events/run_105/events_PYTHIA8_0.hepmc.gz,0.6372,20000,Axial,DM+QCDjets,1750.0,550.0,1.0,0.25,atlas_exot_2018_06,IM4,1.2501075,1.9953092,0.0262044,0.0168074
/home/yoxara/Insync/DMSimp_vector_axial_pp_xxj_NLO_eff/Events/run_105/events_PYTHIA8_0.hepmc.gz,0.6372,20000,Axial,DM+QCDjets,1750.0,550.0,1.0,0.25,atlas_exot_2018_06,IM5,0.8532853,1.2910319,0.0169271,0.0135726
/home/yoxara/Insync/DMSimp_vector_axial_pp_xxj_NLO_eff/Events/run_105/events_PYTHIA8_0.hepmc.gz,0.6372,20000,Axial,DM+QCDjets,1750.0,550.0,1.0,0.25,atlas_exot_2018_06,IM6,0.7571833,1.1120439,0.0096029,0.0102609
/home/yoxara/Insync/DMSimp_vector_axial_pp_xxj_NLO_eff/Events/run_105/events_PYTHIA8_0.hepmc.gz,0.6372,20000,Axial,DM+QCDjets,1750.0,550.0,1.0,0.25,atlas_exot_2018_06,IM7,0.7370863,0.8670555,0.0048828,0.0073342
/home/yoxara/Insync/DMSimp_vector_axial_pp_xxj_NLO_eff/Events/run_105/events_PYTHIA8_0.hepmc.gz,0.6372,20000,Axial,DM+QCDjets,1750.0,550.0,1.0,0.25,atlas_exot_2018_06,IM8,0.6151946,0.6583354,0.0032552,0.0059932
/home/yoxara/Insync/DMSimp_vector_axial_pp_xxj_NLO_eff/Events/run_105/events_PYTHIA8_0.hepmc.gz,0.6372,20000,Axial,DM+QCDjets,1750.0,550.0,1.0,0.25,atlas_exot_2018_06,IM9,0.7056608,0.6674152,0.0017904,0.004448
/home/yoxara/Insync/DMSimp_vector_axial_pp_xxj_NLO_eff/Events/run_105/events_PYTHIA8_0.hepmc.gz,0.6372,20000,Axial,DM+QCDjets,1750.0,550.0,1.0,0.25,atlas_exot_2018_06,IM10,1.1459386,1.7708915,0.0008138,0.0030003
/home/yoxara/Insync/DMSimp_vector_axial_pp_xxj_NLO_eff/Events/run_105/events_PYTHIA8_0.hepmc.gz,0.6372,20000,Axial,DM+QCDjets,1750.0,550.0,1.0,0.25,atlas_exot_2018_06,IM11,1.1552066,1.0289398,0.0004883,0.0023244
/home/yoxara/Insync/DMSimp_vector_axial_pp_xxj_NLO_eff/Events/run_105/events_PYTHIA8_0.hepmc.gz,0.6372,20000,Axial,DM+QCDjets,1750.0,550.0,1.0,0.25,atlas_exot_2018_06,IM12,0.7149733,0.5649063,0.0004883,0.0023244
/home/yoxara/Insync/DMSimp_vector_axial_pp_xxj_NLO_eff/Events/run_105/events_PYTHIA8_0.hepmc.gz,0.6372,20000,Axial,DM+QCDjets,1750.0,550.0,1.0,0.25,atlas_exot_2018_06,EM0,19.679138,21.9415493,0.0187174,0.0142593
/home/yoxara/Insync/DMSimp_vector_axial_pp_xxj_NLO_eff/Events/run_105/events_PYTHIA8_0.hepmc.gz,0.6372,20000,Axial,DM+QCDjets,1750.0,550.0,1.0,0.25,atlas_exot_2018_06,EM1,5.5360122,5.386251,0.023112,0.0158096
/home/yoxara/Insync/DMSimp_vector_axial_pp_xxj_NLO_eff/Events/run_105/events_PYTHIA8_0.hepmc.gz,0.6372,20000,Axial,DM+QCDjets,1750.0,550.0,1.0,0.25,atlas_exot_2018_06,EM2,3.3104145,3.2854047,0.0151367,0.0128464
/home/yoxara/Insync/DMSimp_vector_axial_pp_xxj_NLO_eff/Events/run_105/events_PYTHIA8_0.hepmc.gz,0.6372,20000,Axial,DM+QCDjets,1750.0,550.0,1.0,0.25,atlas_exot_2018_06,EM3,2.6382816,3.1853461,0.0087891,0.0098205
/home/yoxara/Insync/DMSimp_vector_axial_pp_xxj_NLO_eff/Events/run_105/events_PYTHIA8_0.hepmc.gz,0.6372,20000,Axial,DM+QCDjets,1750.0,550.0,1.0,0.25,atlas_exot_2018_06,EM4,1.8900586,2.6635377,0.0092773,0.0100871
/home/yoxara/Insync/DMSimp_vector_axial_pp_xxj_NLO_eff/Events/run_105/events_PYTHIA8_0.hepmc.gz,0.6372,20000,Axial,DM+QCDjets,1750.0,550.0,1.0,0.25,atlas_exot_2018_06,EM5,0.8395283,1.0210017,0.0073242,0.0089715
/home/yoxara/Insync/DMSimp_vector_axial_pp_xxj_NLO_eff/Events/run_105/events_PYTHIA8_0.hepmc.gz,0.6372,20000,Axial,DM+QCDjets,1750.0,550.0,1.0,0.25,atlas_exot_2018_06,EM6,0.6159514,0.8540623,0.0047201,0.0072115
/home/yoxara/Insync/DMSimp_vector_axial_pp_xxj_NLO_eff/Events/run_105/events_PYTHIA8_0.hepmc.gz,0.6372,20000,Axial,DM+QCDjets,1750.0,550.0,1.0,0.25,atlas_exot_2018_06,EM7,0.8845866,1.2847965,0.0016276,0.0042413
/home/yoxara/Insync/DMSimp_vector_axial_pp_xxj_NLO_eff/Events/run_105/events_PYTHIA8_0.hepmc.gz,0.6372,20000,Axial,DM+QCDjets,1750.0,550.0,1.0,0.25,atlas_exot_2018_06,EM8,0.5528963,0.6344996,0.0014648,0.004024
/home/yoxara/Insync/DMSimp_vector_axial_pp_xxj_NLO_eff/Events/run_105/events_PYTHIA8_0.hepmc.gz,0.6372,20000,Axial,DM+QCDjets,1750.0,550.0,1.0,0.25,atlas_exot_2018_06,EM9,0.5020532,0.4235293,0.0009766,0.0032864
/home/yoxara/Insync/DMSimp_vector_axial_pp_xxj_NLO_eff/Events/run_105/events_PYTHIA8_0.hepmc.gz,0.6372,20000,Axial,DM+QCDjets,1750.0,550.0,1.0,0.25,atlas_exot_2018_06,EM10,0.9609711,2.050708,0.0003255,0.001898
/home/yoxara/Insync/DMSimp_vector_axial_pp_xxj_NLO_eff/Events/run_105/events_PYTHIA8_0.hepmc.gz,0.6372,20000,Axial,DM+QCDjets,1750.0,550.0,1.0,0.25,atlas_exot_2018_06,EM11,-1.0,-1.0,0.0,0.0
/home/yoxara/Insync/DMSimp_vector_axial_pp_xxj_NLO_eff/Events/run_105/events_PYTHIA8_0.hepmc.gz,0.6372,20000,Axial,DM+QCDjets,1750.0,550.0,1.0,0.25,atlas_exot_2018_06,EM12,0.5211897,0.417846,0.0004883,0.0023244
/home/yoxara/Insync/DMSimp_vector_axial_pp_xxj_NLO_eff/Events/run_106/events_PYTHIA8_0.hepmc.gz,0.5167,20000,Axial,DM+QCDjets,1750.0,600.0,1.0,0.25,atlas_exot_2018_06,IM0,6.5794376,8.3184317,0.0859068,0.0318324
/home/yoxara/Insync/DMSimp_vector_axial_pp_xxj_NLO_eff/Events/run_106/events_PYTHIA8_0.hepmc.gz,0.5167,20000,Axial,DM+QCDjets,1750.0,600.0,1.0,0.25,atlas_exot_2018_06,IM1,3.4003599,4.2832459,0.0665244,0.0283076
/home/yoxara/Insync/DMSimp_vector_axial_pp_xxj_NLO_eff/Events/run_106/events_PYTHIA8_0.hepmc.gz,0.5167,20000,Axial,DM+QCDjets,1750.0,600.0,1.0,0.25,atlas_exot_2018_06,IM2,2.2973322,3.1612051,0.0491131,0.0245484
/home/yoxara/Insync/DMSimp_vector_axial_pp_xxj_NLO_eff/Events/run_106/events_PYTHIA8_0.hepmc.gz,0.5167,20000,Axial,DM+QCDjets,1750.0,600.0,1.0,0.25,atlas_exot_2018_06,IM3,1.484552,2.1924127,0.0382721,0.0217935
/home/yoxara/Insync/DMSimp_vector_axial_pp_xxj_NLO_eff/Events/run_106/events_PYTHIA8_0.hepmc.gz,0.5167,20000,Axial,DM+QCDjets,1750.0,600.0,1.0,0.25,atlas_exot_2018_06,IM4,1.0941755,1.7396577,0.0300592,0.0193964
/home/yoxara/Insync/DMSimp_vector_axial_pp_xxj_NLO_eff/Events/run_106/events_PYTHIA8_0.hepmc.gz,0.5167,20000,Axial,DM+QCDjets,1750.0,600.0,1.0,0.25,atlas_exot_2018_06,IM5,0.8012912,1.2147364,0.0180683,0.0151307
/home/yoxara/Insync/DMSimp_vector_axial_pp_xxj_NLO_eff/Events/run_106/events_PYTHIA8_0.hepmc.gz,0.5167,20000,Axial,DM+QCDjets,1750.0,600.0,1.0,0.25,atlas_exot_2018_06,IM6,0.6246118,0.9133042,0.0116623,0.0121957
/home/yoxara/Insync/DMSimp_vector_axial_pp_xxj_NLO_eff/Events/run_106/events_PYTHIA8_0.hepmc.gz,0.5167,20000,Axial,DM+QCDjets,1750.0,600.0,1.0,0.25,atlas_exot_2018_06,IM7,0.4725188,0.5613071,0.0075559,0.0098368
/home/yoxara/Insync/DMSimp_vector_axial_pp_xxj_NLO_eff/Events/run_106/events_PYTHIA8_0.hepmc.gz,0.5167,20000,Axial,DM+QCDjets,1750.0,600.0,1.0,0.25,atlas_exot_2018_06,IM8,0.531892,0.5661909,0.0037779,0.0069689
/home/yoxara/Insync/DMSimp_vector_axial_pp_xxj_NLO_eff/Events/run_106/events_PYTHIA8_0.hepmc.gz,0.5167,20000,Axial,DM+QCDjets,1750.0,600.0,1.0,0.25,atlas_exot_2018_06,IM9,0.3849101,0.361904,0.0032852,0.0065002
/home/yoxara/Insync/DMSimp_vector_axial_pp_xxj_NLO_eff/Events/run_106/events_PYTHIA8_0.hepmc.gz,0.5167,20000,Axial,DM+QCDjets,1750.0,600.0,1.0,0.25,atlas_exot_2018_06,IM10,0.4758347,0.7298815,0.0019711,0.0050383
/home/yoxara/Insync/DMSimp_vector_axial_pp_xxj_NLO_eff/Events/run_106/events_PYTHIA8_0.hepmc.gz,0.5167,20000,Axial,DM+QCDjets,1750.0,600.0,1.0,0.25,atlas_exot_2018_06,IM11,0.5739636,0.5098856,0.0009855,0.0035644
/home/yoxara/Insync/DMSimp_vector_axial_pp_xxj_NLO_eff/Events/run_106/events_PYTHIA8_0.hepmc.gz,0.5167,20000,Axial,DM+QCDjets,1750.0,600.0,1.0,0.25,atlas_exot_2018_06,IM12,0.7030618,0.5608123,0.0004928,0.002521
/home/yoxara/Insync/DMSimp_vector_axial_pp_xxj_NLO_eff/Events/run_106/events_PYTHIA8_0.hepmc.gz,0.5167,20000,Axial,DM+QCDjets,1750.0,600.0,1.0,0.25,atlas_exot_2018_06,EM0,19.046804,21.2401389,0.0193824,0.0156608
/home/yoxara/Insync/DMSimp_vector_axial_pp_xxj_NLO_eff/Events/run_106/events_PYTHIA8_0.hepmc.gz,0.5167,20000,Axial,DM+QCDjets,1750.0,600.0,1.0,0.25,atlas_exot_2018_06,EM1,7.3069793,7.1383305,0.0174113,0.0148581
/home/yoxara/Insync/DMSimp_vector_axial_pp_xxj_NLO_eff/Events/run_106/events_PYTHIA8_0.hepmc.gz,0.5167,20000,Axial,DM+QCDjets,1750.0,600.0,1.0,0.25,atlas_exot_2018_06,EM2,4.6264634,4.5635277,0.010841,0.0117633
/home/yoxara/Insync/DMSimp_vector_axial_pp_xxj_NLO_eff/Events/run_106/events_PYTHIA8_0.hepmc.gz,0.5167,20000,Axial,DM+QCDjets,1750.0,600.0,1.0,0.25,atlas_exot_2018_06,EM3,2.8185436,3.4026043,0.0082129,0.0102522
/home/yoxara/Insync/DMSimp_vector_axial_pp_xxj_NLO_eff/Events/run_106/events_PYTHIA8_0.hepmc.gz,0.5167,20000,Axial,DM+QCDjets,1750.0,600.0,1.0,0.25,atlas_exot_2018_06,EM4,1.4658147,2.0576982,0.0119908,0.0123642
/home/yoxara/Insync/DMSimp_vector_axial_pp_xxj_NLO_eff/Events/run_106/events_PYTHIA8_0.hepmc.gz,0.5167,20000,Axial,DM+QCDjets,1750.0,600.0,1.0,0.25,atlas_exot_2018_06,EM5,0.9584448,1.1679903,0.0064061,0.0090628
/home/yoxara/Insync/DMSimp_vector_axial_pp_xxj_NLO_eff/Events/run_106/events_PYTHIA8_0.hepmc.gz,0.5167,20000,Axial,DM+QCDjets,1750.0,600.0,1.0,0.25,atlas_exot_2018_06,EM6,0.7146769,0.9824735,0.0041064,0.0072644
/home/yoxara/Insync/DMSimp_vector_axial_pp_xxj_NLO_eff/Events/run_106/events_PYTHIA8_0.hepmc.gz,0.5167,20000,Axial,DM+QCDjets,1750.0,600.0,1.0,0.25,atlas_exot_2018_06,EM7,0.3797306,0.555757,0.0037779,0.0069689
/home/yoxara/Insync/DMSimp_vector_axial_pp_xxj_NLO_eff/Events/run_106/events_PYTHIA8_0.hepmc.gz,0.5167,20000,Axial,DM+QCDjets,1750.0,600.0,1.0,0.25,atlas_exot_2018_06,EM8,1.6506398,1.8822468,0.0004928,0.002521
/home/yoxara/Insync/DMSimp_vector_axial_pp_xxj_NLO_eff/Events/run_106/events_PYTHIA8_0.hepmc.gz,0.5167,20000,Axial,DM+QCDjets,1750.0,600.0,1.0,0.25,atlas_exot_2018_06,EM9,0.3721196,0.3170124,0.0013141,0.0041151
/home/yoxara/Insync/DMSimp_vector_axial_pp_xxj_NLO_eff/Events/run_106/events_PYTHIA8_0.hepmc.gz,0.5167,20000,Axial,DM+QCDjets,1750.0,600.0,1.0,0.25,atlas_exot_2018_06,EM10,0.3177534,0.6796299,0.0009855,0.0035644
/home/yoxara/Insync/DMSimp_vector_axial_pp_xxj_NLO_eff/Events/run_106/events_PYTHIA8_0.hepmc.gz,0.5167,20000,Axial,DM+QCDjets,1750.0,600.0,1.0,0.25,atlas_exot_2018_06,EM11,0.4448612,0.4981643,0.0004928,0.002521
/home/yoxara/Insync/DMSimp_vector_axial_pp_xxj_NLO_eff/Events/run_106/events_PYTHIA8_0.hepmc.gz,0.5167,20000,Axial,DM+QCDjets,1750.0,600.0,1.0,0.25,atlas_exot_2018_06,EM12,0.520075,0.4136322,0.0004928,0.002521
/home/yoxara/Insync/DMSimp_vector_axial_pp_xxj_NLO_eff/Events/run_107/events_PYTHIA8_0.hepmc.gz,0.4303,20000,Axial,DM+QCDjets,1750.0,650.0,1.0,0.25,atlas_exot_2018_06,IM0,6.4657031,8.2405764,0.0870957,0.0359679
/home/yoxara/Insync/DMSimp_vector_axial_pp_xxj_NLO_eff/Events/run_107/events_PYTHIA8_0.hepmc.gz,0.4303,20000,Axial,DM+QCDjets,1750.0,650.0,1.0,0.25,atlas_exot_2018_06,IM1,3.7204619,4.691698,0.0606469,0.0304455
/home/yoxara/Insync/DMSimp_vector_axial_pp_xxj_NLO_eff/Events/run_107/events_PYTHIA8_0.hepmc.gz,0.4303,20000,Axial,DM+QCDjets,1750.0,650.0,1.0,0.25,atlas_exot_2018_06,IM2,2.4292371,3.3376603,0.0466644,0.0269042
/home/yoxara/Insync/DMSimp_vector_axial_pp_xxj_NLO_eff/Events/run_107/events_PYTHIA8_0.hepmc.gz,0.4303,20000,Axial,DM+QCDjets,1750.0,650.0,1.0,0.25,atlas_exot_2018_06,IM3,1.7009508,2.5185963,0.0333558,0.0229046
/home/yoxara/Insync/DMSimp_vector_axial_pp_xxj_NLO_eff/Events/run_107/events_PYTHIA8_0.hepmc.gz,0.4303,20000,Axial,DM+QCDjets,1750.0,650.0,1.0,0.25,atlas_exot_2018_06,IM4,1.4913567,2.3655876,0.0220687,0.018739
/home/yoxara/Insync/DMSimp_vector_axial_pp_xxj_NLO_eff/Events/run_107/events_PYTHIA8_0.hepmc.gz,0.4303,20000,Axial,DM+QCDjets,1750.0,650.0,1.0,0.25,atlas_exot_2018_06,IM5,1.0416134,1.5861057,0.013814,0.0148883
/home/yoxara/Insync/DMSimp_vector_axial_pp_xxj_NLO_eff/Events/run_107/events_PYTHIA8_0.hepmc.gz,0.4303,20000,Axial,DM+QCDjets,1750.0,650.0,1.0,0.25,atlas_exot_2018_06,IM6,0.9412848,1.3767242,0.0077493,0.0111853
/home/yoxara/Insync/DMSimp_vector_axial_pp_xxj_NLO_eff/Events/run_107/events_PYTHIA8_0.hepmc.gz,0.4303,20000,Axial,DM+QCDjets,1750.0,650.0,1.0,0.25,atlas_exot_2018_06,IM7,0.6885288,0.8106216,0.0052224,0.0091939
/home/yoxara/Insync/DMSimp_vector_axial_pp_xxj_NLO_eff/Events/run_107/events_PYTHIA8_0.hepmc.gz,0.4303,20000,Axial,DM+QCDjets,1750.0,650.0,1.0,0.25,atlas_exot_2018_06,IM8,0.5175719,0.5536514,0.0038747,0.0079246
/home/yoxara/Insync/DMSimp_vector_axial_pp_xxj_NLO_eff/Events/run_107/events_PYTHIA8_0.hepmc.gz,0.4303,20000,Axial,DM+QCDjets,1750.0,650.0,1.0,0.25,atlas_exot_2018_06,IM9,0.6232198,0.5902099,0.0020216,0.0057294
/home/yoxara/Insync/DMSimp_vector_axial_pp_xxj_NLO_eff/Events/run_107/events_PYTHIA8_0.hepmc.gz,0.4303,20000,Axial,DM+QCDjets,1750.0,650.0,1.0,0.25,atlas_exot_2018_06,IM10,0.9213519,1.4237321,0.0010108,0.0040533
/home/yoxara/Insync/DMSimp_vector_axial_pp_xxj_NLO_eff/Events/run_107/events_PYTHIA8_0.hepmc.gz,0.4303,20000,Axial,DM+QCDjets,1750.0,650.0,1.0,0.25,atlas_exot_2018_06,IM11,0.8424201,0.7454301,0.0006739,0.0033101
/home/yoxara/Insync/DMSimp_vector_axial_pp_xxj_NLO_eff/Events/run_107/events_PYTHIA8_0.hepmc.gz,0.4303,20000,Axial,DM+QCDjets,1750.0,650.0,1.0,0.25,atlas_exot_2018_06,IM12,0.6936604,0.5513149,0.0005054,0.0028669
/home/yoxara/Insync/DMSimp_vector_axial_pp_xxj_NLO_eff/Events/run_107/events_PYTHIA8_0.hepmc.gz,0.4303,20000,Axial,DM+QCDjets,1750.0,650.0,1.0,0.25,atlas_exot_2018_06,EM0,13.9048515,15.5655,0.0264488,0.0204685
/home/yoxara/Insync/DMSimp_vector_axial_pp_xxj_NLO_eff/Events/run_107/events_PYTHIA8_0.hepmc.gz,0.4303,20000,Axial,DM+QCDjets,1750.0,650.0,1.0,0.25,atlas_exot_2018_06,EM1,9.1474033,8.8920958,0.0139825,0.0149775
/home/yoxara/Insync/DMSimp_vector_axial_pp_xxj_NLO_eff/Events/run_107/events_PYTHIA8_0.hepmc.gz,0.4303,20000,Axial,DM+QCDjets,1750.0,650.0,1.0,0.25,atlas_exot_2018_06,EM2,3.7579168,3.7289836,0.0133086,0.0146171
/home/yoxara/Insync/DMSimp_vector_axial_pp_xxj_NLO_eff/Events/run_107/events_PYTHIA8_0.hepmc.gz,0.4303,20000,Axial,DM+QCDjets,1750.0,650.0,1.0,0.25,atlas_exot_2018_06,EM3,2.0567589,2.4870685,0.0112871,0.013475
/home/yoxara/Insync/DMSimp_vector_axial_pp_xxj_NLO_eff/Events/run_107/events_PYTHIA8_0.hepmc.gz,0.4303,20000,Axial,DM+QCDjets,1750.0,650.0,1.0,0.25,atlas_exot_2018_06,EM4,2.1201966,2.9816229,0.0082547,0.0115413
/home/yoxara/Insync/DMSimp_vector_axial_pp_xxj_NLO_eff/Events/run_107/events_PYTHIA8_0.hepmc.gz,0.4303,20000,Axial,DM+QCDjets,1750.0,650.0,1.0,0.25,atlas_exot_2018_06,EM5,1.0126875,1.2336982,0.0060647,0.0099035
/home/yoxara/Insync/DMSimp_vector_axial_pp_xxj_NLO_eff/Events/run_107/events_PYTHIA8_0.hepmc.gz,0.4303,20000,Axial,DM+QCDjets,1750.0,650.0,1.0,0.25,atlas_exot_2018_06,EM6,1.1494229,1.592029,0.002527,0.006404
/home/yoxara/Insync/DMSimp_vector_axial_pp_xxj_NLO_eff/Events/run_107/events_PYTHIA8_0.hepmc.gz,0.4303,20000,Axial,DM+QCDjets,1750.0,650.0,1.0,0.25,atlas_exot_2018_06,EM7,1.0626709,1.5589865,0.0013477,0.0046796
/home/yoxara/Insync/DMSimp_vector_axial_pp_xxj_NLO_eff/Events/run_107/events_PYTHIA8_0.hepmc.gz,0.4303,20000,Axial,DM+QCDjets,1750.0,650.0,1.0,0.25,atlas_exot_2018_06,EM8,0.4368191,0.5005018,0.0018531,0.0054859
/home/yoxara/Insync/DMSimp_vector_axial_pp_xxj_NLO_eff/Events/run_107/events_PYTHIA8_0.hepmc.gz,0.4303,20000,Axial,DM+QCDjets,1750.0,650.0,1.0,0.25,atlas_exot_2018_06,EM9,0.4812278,0.4082883,0.0010108,0.0040533
/home/yoxara/Insync/DMSimp_vector_axial_pp_xxj_NLO_eff/Events/run_107/events_PYTHIA8_0.hepmc.gz,0.4303,20000,Axial,DM+QCDjets,1750.0,650.0,1.0,0.25,atlas_exot_2018_06,EM10,0.9302534,1.9799602,0.0003369,0.002341
/home/yoxara/Insync/DMSimp_vector_axial_pp_xxj_NLO_eff/Events/run_107/events_PYTHIA8_0.hepmc.gz,0.4303,20000,Axial,DM+QCDjets,1750.0,650.0,1.0,0.25,atlas_exot_2018_06,EM11,1.3048848,1.4689786,0.0001685,0.0016555
/home/yoxara/Insync/DMSimp_vector_axial_pp_xxj_NLO_eff/Events/run_107/events_PYTHIA8_0.hepmc.gz,0.4303,20000,Axial,DM+QCDjets,1750.0,650.0,1.0,0.25,atlas_exot_2018_06,EM12,0.5023168,0.4042139,0.0005054,0.0028669
/home/yoxara/Insync/DMSimp_vector_axial_pp_xxj_NLO_eff/Events/run_108/events_PYTHIA8_0.hepmc.gz,0.3335,20000,Axial,DM+QCDjets,1750.0,700.0,1.0,0.25,atlas_exot_2018_06,IM0,6.5558766,8.3031449,0.0861685,0.0401029
/home/yoxara/Insync/DMSimp_vector_axial_pp_xxj_NLO_eff/Events/run_108/events_PYTHIA8_0.hepmc.gz,0.3335,20000,Axial,DM+QCDjets,1750.0,700.0,1.0,0.25,atlas_exot_2018_06,IM1,3.6545281,4.5798626,0.0621622,0.0345061
/home/yoxara/Insync/DMSimp_vector_axial_pp_xxj_NLO_eff/Events/run_108/events_PYTHIA8_0.hepmc.gz,0.3335,20000,Axial,DM+QCDjets,1750.0,700.0,1.0,0.25,atlas_exot_2018_06,IM2,2.5197834,3.4608314,0.044992,0.0296238
/home/yoxara/Insync/DMSimp_vector_axial_pp_xxj_NLO_eff/Events/run_108/events_PYTHIA8_0.hepmc.gz,0.3335,20000,Axial,DM+QCDjets,1750.0,700.0,1.0,0.25,atlas_exot_2018_06,IM3,1.9859552,2.9139025,0.0287758,0.0238915
/home/yoxara/Insync/DMSimp_vector_axial_pp_xxj_NLO_eff/Events/run_108/events_PYTHIA8_0.hepmc.gz,0.3335,20000,Axial,DM+QCDjets,1750.0,700.0,1.0,0.25,atlas_exot_2018_06,IM4,1.5870928,2.5249019,0.0206677,0.020332
/home/yoxara/Insync/DMSimp_vector_axial_pp_xxj_NLO_eff/Events/run_108/events_PYTHIA8_0.hepmc.gz,0.3335,20000,Axial,DM+QCDjets,1750.0,700.0,1.0,0.25,atlas_exot_2018_06,IM5,1.4819871,2.2565264,0.0096979,0.0140053
/home/yoxara/Insync/DMSimp_vector_axial_pp_xxj_NLO_eff/Events/run_108/events_PYTHIA8_0.hepmc.gz,0.3335,20000,Axial,DM+QCDjets,1750.0,700.0,1.0,0.25,atlas_exot_2018_06,IM6,1.1508948,1.6750849,0.0063593,0.0113603
/home/yoxara/Insync/DMSimp_vector_axial_pp_xxj_NLO_eff/Events/run_108/events_PYTHIA8_0.hepmc.gz,0.3335,20000,Axial,DM+QCDjets,1750.0,700.0,1.0,0.25,atlas_exot_2018_06,IM7,0.9028431,1.069401,0.0039746,0.0089918
/home/yoxara/Insync/DMSimp_vector_axial_pp_xxj_NLO_eff/Events/run_108/events_PYTHIA8_0.hepmc.gz,0.3335,20000,Axial,DM+QCDjets,1750.0,700.0,1.0,0.25,atlas_exot_2018_06,IM8,0.9011264,0.9626997,0.0022258,0.0067348
/home/yoxara/Insync/DMSimp_vector_axial_pp_xxj_NLO_eff/Events/run_108/events_PYTHIA8_0.hepmc.gz,0.3335,20000,Axial,DM+QCDjets,1750.0,700.0,1.0,0.25,atlas_exot_2018_06,IM9,1.328323,1.2532534,0.0009539,0.0044118
/home/yoxara/Insync/DMSimp_vector_axial_pp_xxj_NLO_eff/Events/run_108/events_PYTHIA8_0.hepmc.gz,0.3335,20000,Axial,DM+QCDjets,1750.0,700.0,1.0,0.25,atlas_exot_2018_06,IM10,1.1766275,1.8109345,0.0007949,0.0040277
/home/yoxara/Insync/DMSimp_vector_axial_pp_xxj_NLO_eff/Events/run_108/events_PYTHIA8_0.hepmc.gz,0.3335,20000,Axial,DM+QCDjets,1750.0,700.0,1.0,0.25,atlas_exot_2018_06,IM11,3.5600429,3.1735972,0.000159,0.0018018
/home/yoxara/Insync/DMSimp_vector_axial_pp_xxj_NLO_eff/Events/run_108/events_PYTHIA8_0.hepmc.gz,0.3335,20000,Axial,DM+QCDjets,1750.0,700.0,1.0,0.25,atlas_exot_2018_06,IM12,2.1848764,1.7347426,0.000159,0.0018018
/home/yoxara/Insync/DMSimp_vector_axial_pp_xxj_NLO_eff/Events/run_108/events_PYTHIA8_0.hepmc.gz,0.3335,20000,Axial,DM+QCDjets,1750.0,700.0,1.0,0.25,atlas_exot_2018_06,EM0,15.3103001,17.0511807,0.0240064,0.0218754
/home/yoxara/Insync/DMSimp_vector_axial_pp_xxj_NLO_eff/Events/run_108/events_PYTHIA8_0.hepmc.gz,0.3335,20000,Axial,DM+QCDjets,1750.0,700.0,1.0,0.25,atlas_exot_2018_06,EM1,7.4417511,7.2494676,0.0171701,0.018565
/home/yoxara/Insync/DMSimp_vector_axial_pp_xxj_NLO_eff/Events/run_108/events_PYTHIA8_0.hepmc.gz,0.3335,20000,Axial,DM+QCDjets,1750.0,700.0,1.0,0.25,atlas_exot_2018_06,EM2,3.089673,3.0428564,0.0162162,0.0180507
/home/yoxara/Insync/DMSimp_vector_axial_pp_xxj_NLO_eff/Events/run_108/events_PYTHIA8_0.hepmc.gz,0.3335,20000,Axial,DM+QCDjets,1750.0,700.0,1.0,0.25,atlas_exot_2018_06,EM3,2.8659154,3.455966,0.0081081,0.0128162
/home/yoxara/Insync/DMSimp_vector_axial_pp_xxj_NLO_eff/Events/run_108/events_PYTHIA8_0.hepmc.gz,0.3335,20000,Axial,DM+QCDjets,1750.0,700.0,1.0,0.25,atlas_exot_2018_06,EM4,1.5967449,2.2513251,0.0109698,0.0148858
/home/yoxara/Insync/DMSimp_vector_axial_pp_xxj_NLO_eff/Events/run_108/events_PYTHIA8_0.hepmc.gz,0.3335,20000,Axial,DM+QCDjets,1750.0,700.0,1.0,0.25,atlas_exot_2018_06,EM5,1.8363758,2.2411948,0.0033386,0.0082438
/home/yoxara/Insync/DMSimp_vector_axial_pp_xxj_NLO_eff/Events/run_108/events_PYTHIA8_0.hepmc.gz,0.3335,20000,Axial,DM+QCDjets,1750.0,700.0,1.0,0.25,atlas_exot_2018_06,EM6,1.2218273,1.6892417,0.0023847,0.0069706
/home/yoxara/Insync/DMSimp_vector_axial_pp_xxj_NLO_eff/Events/run_108/events_PYTHIA8_0.hepmc.gz,0.3335,20000,Axial,DM+QCDjets,1750.0,700.0,1.0,0.25,atlas_exot_2018_06,EM7,0.8203178,1.2019251,0.0017488,0.0059712
/home/yoxara/Insync/DMSimp_vector_axial_pp_xxj_NLO_eff/Events/run_108/events_PYTHIA8_0.hepmc.gz,0.3335,20000,Axial,DM+QCDjets,1750.0,700.0,1.0,0.25,atlas_exot_2018_06,EM8,0.6369261,0.727487,0.0012719,0.0050935
/home/yoxara/Insync/DMSimp_vector_axial_pp_xxj_NLO_eff/Events/run_108/events_PYTHIA8_0.hepmc.gz,0.3335,20000,Axial,DM+QCDjets,1750.0,700.0,1.0,0.25,atlas_exot_2018_06,EM9,3.0762407,2.6113077,0.000159,0.0018018
/home/yoxara/Insync/DMSimp_vector_axial_pp_xxj_NLO_eff/Events/run_108/events_PYTHIA8_0.hepmc.gz,0.3335,20000,Axial,DM+QCDjets,1750.0,700.0,1.0,0.25,atlas_exot_2018_06,EM10,0.4903393,1.0481464,0.0006359,0.0036028
/home/yoxara/Insync/DMSimp_vector_axial_pp_xxj_NLO_eff/Events/run_108/events_PYTHIA8_0.hepmc.gz,0.3335,20000,Axial,DM+QCDjets,1750.0,700.0,1.0,0.25,atlas_exot_2018_06,EM11,-1.0,-1.0,0.0,0.0
/home/yoxara/Insync/DMSimp_vector_axial_pp_xxj_NLO_eff/Events/run_108/events_PYTHIA8_0.hepmc.gz,0.3335,20000,Axial,DM+QCDjets,1750.0,700.0,1.0,0.25,atlas_exot_2018_06,EM12,1.6027484,1.2913959,0.000159,0.0018018
/home/yoxara/Insync/DMSimp_vector_axial_pp_xxj_NLO_eff/Events/run_109/events_PYTHIA8_0.hepmc.gz,0.2238,20000,Axial,DM+QCDjets,1750.0,750.0,1.0,0.25,atlas_exot_2018_06,IM0,6.1526822,7.8145227,0.0917615,0.0512161
/home/yoxara/Insync/DMSimp_vector_axial_pp_xxj_NLO_eff/Events/run_109/events_PYTHIA8_0.hepmc.gz,0.2238,20000,Axial,DM+QCDjets,1750.0,750.0,1.0,0.25,atlas_exot_2018_06,IM1,3.3596428,4.2321774,0.0674816,0.0445039
/home/yoxara/Insync/DMSimp_vector_axial_pp_xxj_NLO_eff/Events/run_109/events_PYTHIA8_0.hepmc.gz,0.2238,20000,Axial,DM+QCDjets,1750.0,750.0,1.0,0.25,atlas_exot_2018_06,IM2,2.1899022,2.9944044,0.0519089,0.039357
/home/yoxara/Insync/DMSimp_vector_axial_pp_xxj_NLO_eff/Events/run_109/events_PYTHIA8_0.hepmc.gz,0.2238,20000,Axial,DM+QCDjets,1750.0,750.0,1.0,0.25,atlas_exot_2018_06,IM3,1.5019092,2.2161895,0.0378433,0.0338527
/home/yoxara/Insync/DMSimp_vector_axial_pp_xxj_NLO_eff/Events/run_109/events_PYTHIA8_0.hepmc.gz,0.2238,20000,Axial,DM+QCDjets,1750.0,750.0,1.0,0.25,atlas_exot_2018_06,IM4,1.1846685,1.8926521,0.0276289,0.0290787
/home/yoxara/Insync/DMSimp_vector_axial_pp_xxj_NLO_eff/Events/run_109/events_PYTHIA8_0.hepmc.gz,0.2238,20000,Axial,DM+QCDjets,1750.0,750.0,1.0,0.25,atlas_exot_2018_06,IM5,0.9265336,1.4063948,0.0155727,0.0219659
/home/yoxara/Insync/DMSimp_vector_axial_pp_xxj_NLO_eff/Events/run_109/events_PYTHIA8_0.hepmc.gz,0.2238,20000,Axial,DM+QCDjets,1750.0,750.0,1.0,0.25,atlas_exot_2018_06,IM6,0.8929698,1.2972163,0.008205,0.0160039
/home/yoxara/Insync/DMSimp_vector_axial_pp_xxj_NLO_eff/Events/run_109/events_PYTHIA8_0.hepmc.gz,0.2238,20000,Axial,DM+QCDjets,1750.0,750.0,1.0,0.25,atlas_exot_2018_06,IM7,0.6519664,0.7640927,0.0055258,0.0131513
/home/yoxara/Insync/DMSimp_vector_axial_pp_xxj_NLO_eff/Events/run_109/events_PYTHIA8_0.hepmc.gz,0.2238,20000,Axial,DM+QCDjets,1750.0,750.0,1.0,0.25,atlas_exot_2018_06,IM8,0.5458364,0.5808382,0.0036839,0.010748
/home/yoxara/Insync/DMSimp_vector_axial_pp_xxj_NLO_eff/Events/run_109/events_PYTHIA8_0.hepmc.gz,0.2238,20000,Axial,DM+QCDjets,1750.0,750.0,1.0,0.25,atlas_exot_2018_06,IM9,0.5806621,0.5469879,0.0021768,0.0082683
/home/yoxara/Insync/DMSimp_vector_axial_pp_xxj_NLO_eff/Events/run_109/events_PYTHIA8_0.hepmc.gz,0.2238,20000,Axial,DM+QCDjets,1750.0,750.0,1.0,0.25,atlas_exot_2018_06,IM10,0.5544548,0.8596118,0.0016745,0.0072536
/home/yoxara/Insync/DMSimp_vector_axial_pp_xxj_NLO_eff/Events/run_109/events_PYTHIA8_0.hepmc.gz,0.2238,20000,Axial,DM+QCDjets,1750.0,750.0,1.0,0.25,atlas_exot_2018_06,IM11,0.5630668,0.5041894,0.0010047,0.0056205
/home/yoxara/Insync/DMSimp_vector_axial_pp_xxj_NLO_eff/Events/run_109/events_PYTHIA8_0.hepmc.gz,0.2238,20000,Axial,DM+QCDjets,1750.0,750.0,1.0,0.25,atlas_exot_2018_06,IM12,0.4144984,0.3313109,0.0008372,0.0051312
/home/yoxara/Insync/DMSimp_vector_axial_pp_xxj_NLO_eff/Events/run_109/events_PYTHIA8_0.hepmc.gz,0.2238,20000,Axial,DM+QCDjets,1750.0,750.0,1.0,0.25,atlas_exot_2018_06,EM0,15.0652419,16.8884068,0.02428,0.0273063
/home/yoxara/Insync/DMSimp_vector_axial_pp_xxj_NLO_eff/Events/run_109/events_PYTHIA8_0.hepmc.gz,0.2238,20000,Axial,DM+QCDjets,1750.0,750.0,1.0,0.25,atlas_exot_2018_06,EM1,8.1913064,7.9809744,0.0155727,0.0219659
/home/yoxara/Insync/DMSimp_vector_axial_pp_xxj_NLO_eff/Events/run_109/events_PYTHIA8_0.hepmc.gz,0.2238,20000,Axial,DM+QCDjets,1750.0,750.0,1.0,0.25,atlas_exot_2018_06,EM2,3.5629399,3.5274138,0.0140656,0.020892
/home/yoxara/Insync/DMSimp_vector_axial_pp_xxj_NLO_eff/Events/run_109/events_PYTHIA8_0.hepmc.gz,0.2238,20000,Axial,DM+QCDjets,1750.0,750.0,1.0,0.25,atlas_exot_2018_06,EM3,2.2652313,2.7484743,0.0102143,0.0178382
/home/yoxara/Insync/DMSimp_vector_axial_pp_xxj_NLO_eff/Events/run_109/events_PYTHIA8_0.hepmc.gz,0.2238,20000,Axial,DM+QCDjets,1750.0,750.0,1.0,0.25,atlas_exot_2018_06,EM4,1.4630082,2.0489974,0.0120563,0.0193619
/home/yoxara/Insync/DMSimp_vector_axial_pp_xxj_NLO_eff/Events/run_109/events_PYTHIA8_0.hepmc.gz,0.2238,20000,Axial,DM+QCDjets,1750.0,750.0,1.0,0.25,atlas_exot_2018_06,EM5,0.8332423,1.0163906,0.0073677,0.0151718
/home/yoxara/Insync/DMSimp_vector_axial_pp_xxj_NLO_eff/Events/run_109/events_PYTHIA8_0.hepmc.gz,0.2238,20000,Axial,DM+QCDjets,1750.0,750.0,1.0,0.25,atlas_exot_2018_06,EM6,1.0856337,1.5076984,0.0026792,0.0091705
/home/yoxara/Insync/DMSimp_vector_axial_pp_xxj_NLO_eff/Events/run_109/events_PYTHIA8_0.hepmc.gz,0.2238,20000,Axial,DM+QCDjets,1750.0,750.0,1.0,0.25,atlas_exot_2018_06,EM7,0.7785238,1.1390587,0.0018419,0.007607
/home/yoxara/Insync/DMSimp_vector_axial_pp_xxj_NLO_eff/Events/run_109/events_PYTHIA8_0.hepmc.gz,0.2238,20000,Axial,DM+QCDjets,1750.0,750.0,1.0,0.25,atlas_exot_2018_06,EM8,0.5368657,0.6167504,0.001507,0.0068819
/home/yoxara/Insync/DMSimp_vector_axial_pp_xxj_NLO_eff/Events/run_109/events_PYTHIA8_0.hepmc.gz,0.2238,20000,Axial,DM+QCDjets,1750.0,750.0,1.0,0.25,atlas_exot_2018_06,EM9,0.9713864,0.8306287,0.0005023,0.0039753
/home/yoxara/Insync/DMSimp_vector_axial_pp_xxj_NLO_eff/Events/run_109/events_PYTHIA8_0.hepmc.gz,0.2238,20000,Axial,DM+QCDjets,1750.0,750.0,1.0,0.25,atlas_exot_2018_06,EM10,0.4641786,0.9976643,0.0006698,0.0045899
/home/yoxara/Insync/DMSimp_vector_axial_pp_xxj_NLO_eff/Events/run_109/events_PYTHIA8_0.hepmc.gz,0.2238,20000,Axial,DM+QCDjets,1750.0,750.0,1.0,0.25,atlas_exot_2018_06,EM11,1.3164689,1.4763814,0.0001674,0.0022955
/home/yoxara/Insync/DMSimp_vector_axial_pp_xxj_NLO_eff/Events/run_109/events_PYTHIA8_0.hepmc.gz,0.2238,20000,Axial,DM+QCDjets,1750.0,750.0,1.0,0.25,atlas_exot_2018_06,EM12,0.3043563,0.2439763,0.0008372,0.0051312
/home/yoxara/Insync/DMSimp_vector_axial_pp_xxj_NLO_eff/Events/run_110/events_PYTHIA8_0.hepmc.gz,0.1181,20000,Axial,DM+QCDjets,1750.0,800.0,1.0,0.25,atlas_exot_2018_06,IM0,6.0517541,7.6822343,0.0933289,0.0702192
/home/yoxara/Insync/DMSimp_vector_axial_pp_xxj_NLO_eff/Events/run_110/events_PYTHIA8_0.hepmc.gz,0.1181,20000,Axial,DM+QCDjets,1750.0,800.0,1.0,0.25,atlas_exot_2018_06,IM1,3.0575234,3.8518148,0.0739556,0.0631719
/home/yoxara/Insync/DMSimp_vector_axial_pp_xxj_NLO_eff/Events/run_110/events_PYTHIA8_0.hepmc.gz,0.1181,20000,Axial,DM+QCDjets,1750.0,800.0,1.0,0.25,atlas_exot_2018_06,IM2,2.0208314,2.7688913,0.0560984,0.0555471
/home/yoxara/Insync/DMSimp_vector_axial_pp_xxj_NLO_eff/Events/run_110/events_PYTHIA8_0.hepmc.gz,0.1181,20000,Axial,DM+QCDjets,1750.0,800.0,1.0,0.25,atlas_exot_2018_06,IM3,1.3965681,2.0629245,0.0407682,0.0477359
/home/yoxara/Insync/DMSimp_vector_axial_pp_xxj_NLO_eff/Events/run_110/events_PYTHIA8_0.hepmc.gz,0.1181,20000,Axial,DM+QCDjets,1750.0,800.0,1.0,0.25,atlas_exot_2018_06,IM4,1.0205258,1.6169948,0.032345,0.0427058
/home/yoxara/Insync/DMSimp_vector_axial_pp_xxj_NLO_eff/Events/run_110/events_PYTHIA8_0.hepmc.gz,0.1181,20000,Axial,DM+QCDjets,1750.0,800.0,1.0,0.25,atlas_exot_2018_06,IM5,0.7368216,1.1213551,0.0195418,0.0334133
/home/yoxara/Insync/DMSimp_vector_axial_pp_xxj_NLO_eff/Events/run_110/events_PYTHIA8_0.hepmc.gz,0.1181,20000,Axial,DM+QCDjets,1750.0,800.0,1.0,0.25,atlas_exot_2018_06,IM6,0.6755685,0.9883064,0.0107817,0.0249294
/home/yoxara/Insync/DMSimp_vector_axial_pp_xxj_NLO_eff/Events/run_110/events_PYTHIA8_0.hepmc.gz,0.1181,20000,Axial,DM+QCDjets,1750.0,800.0,1.0,0.25,atlas_exot_2018_06,IM7,0.5926877,0.6966453,0.0060647,0.0187416
/home/yoxara/Insync/DMSimp_vector_axial_pp_xxj_NLO_eff/Events/run_110/events_PYTHIA8_0.hepmc.gz,0.1181,20000,Axial,DM+QCDjets,1750.0,800.0,1.0,0.25,atlas_exot_2018_06,IM8,0.594926,0.6353006,0.0033693,0.0139881
/home/yoxara/Insync/DMSimp_vector_axial_pp_xxj_NLO_eff/Events/run_110/events_PYTHIA8_0.hepmc.gz,0.1181,20000,Axial,DM+QCDjets,1750.0,800.0,1.0,0.25,atlas_exot_2018_06,IM9,0.5378827,0.5075684,0.0023585,0.0117092
/home/yoxara/Insync/DMSimp_vector_axial_pp_xxj_NLO_eff/Events/run_110/events_PYTHIA8_0.hepmc.gz,0.1181,20000,Axial,DM+QCDjets,1750.0,800.0,1.0,0.25,atlas_exot_2018_06,IM10,0.6911904,1.0741022,0.0013477,0.0088558
/home/yoxara/Insync/DMSimp_vector_axial_pp_xxj_NLO_eff/Events/run_110/events_PYTHIA8_0.hepmc.gz,0.1181,20000,Axial,DM+QCDjets,1750.0,800.0,1.0,0.25,atlas_exot_2018_06,IM11,1.1151095,-1.0,0.0005054,0.0054253
/home/yoxara/Insync/DMSimp_vector_axial_pp_xxj_NLO_eff/Events/run_110/events_PYTHIA8_0.hepmc.gz,0.1181,20000,Axial,DM+QCDjets,1750.0,800.0,1.0,0.25,atlas_exot_2018_06,IM12,0.6897347,0.545091,0.0005054,0.0054253
/home/yoxara/Insync/DMSimp_vector_axial_pp_xxj_NLO_eff/Events/run_110/events_PYTHIA8_0.hepmc.gz,0.1181,20000,Axial,DM+QCDjets,1750.0,800.0,1.0,0.25,atlas_exot_2018_06,EM0,18.9897285,21.1330197,0.0193733,0.0332718
/home/yoxara/Insync/DMSimp_vector_axial_pp_xxj_NLO_eff/Events/run_110/events_PYTHIA8_0.hepmc.gz,0.1181,20000,Axial,DM+QCDjets,1750.0,800.0,1.0,0.25,atlas_exot_2018_06,EM1,7.1813642,6.9852049,0.0178572,0.0319681
/home/yoxara/Insync/DMSimp_vector_axial_pp_xxj_NLO_eff/Events/run_110/events_PYTHIA8_0.hepmc.gz,0.1181,20000,Axial,DM+QCDjets,1750.0,800.0,1.0,0.25,atlas_exot_2018_06,EM2,3.2586844,3.2211854,0.0153302,0.029658
/home/yoxara/Insync/DMSimp_vector_axial_pp_xxj_NLO_eff/Events/run_110/events_PYTHIA8_0.hepmc.gz,0.1181,20000,Axial,DM+QCDjets,1750.0,800.0,1.0,0.25,atlas_exot_2018_06,EM3,2.7493692,3.3251759,0.0084232,0.0220609
/home/yoxara/Insync/DMSimp_vector_axial_pp_xxj_NLO_eff/Events/run_110/events_PYTHIA8_0.hepmc.gz,0.1181,20000,Axial,DM+QCDjets,1750.0,800.0,1.0,0.25,atlas_exot_2018_06,EM4,1.3719457,1.9243703,0.0128032,0.0271384
/home/yoxara/Insync/DMSimp_vector_axial_pp_xxj_NLO_eff/Events/run_110/events_PYTHIA8_0.hepmc.gz,0.1181,20000,Axial,DM+QCDjets,1750.0,800.0,1.0,0.25,atlas_exot_2018_06,EM5,0.7018132,0.8546616,0.0087601,0.022494
/home/yoxara/Insync/DMSimp_vector_axial_pp_xxj_NLO_eff/Events/run_110/events_PYTHIA8_0.hepmc.gz,0.1181,20000,Axial,DM+QCDjets,1750.0,800.0,1.0,0.25,atlas_exot_2018_06,EM6,0.6175581,0.8564099,0.004717,0.0165397
/home/yoxara/Insync/DMSimp_vector_axial_pp_xxj_NLO_eff/Events/run_110/events_PYTHIA8_0.hepmc.gz,0.1181,20000,Axial,DM+QCDjets,1750.0,800.0,1.0,0.25,atlas_exot_2018_06,EM7,0.5334417,0.778703,0.0026954,0.0125155
/home/yoxara/Insync/DMSimp_vector_axial_pp_xxj_NLO_eff/Events/run_110/events_PYTHIA8_0.hepmc.gz,0.1181,20000,Axial,DM+QCDjets,1750.0,800.0,1.0,0.25,atlas_exot_2018_06,EM8,0.8022846,0.91953,0.0010108,0.0076706
/home/yoxara/Insync/DMSimp_vector_axial_pp_xxj_NLO_eff/Events/run_110/events_PYTHIA8_0.hepmc.gz,0.1181,20000,Axial,DM+QCDjets,1750.0,800.0,1.0,0.25,atlas_exot_2018_06,EM9,0.4831782,0.412695,0.0010108,0.0076706
/home/yoxara/Insync/DMSimp_vector_axial_pp_xxj_NLO_eff/Events/run_110/events_PYTHIA8_0.hepmc.gz,0.1181,20000,Axial,DM+QCDjets,1750.0,800.0,1.0,0.25,atlas_exot_2018_06,EM10,0.3713027,0.794379,0.0008423,0.0070029
/home/yoxara/Insync/DMSimp_vector_axial_pp_xxj_NLO_eff/Events/run_110/events_PYTHIA8_0.hepmc.gz,0.1181,20000,Axial,DM+QCDjets,1750.0,800.0,1.0,0.25,atlas_exot_2018_06,EM11,-1.0,-1.0,0.0,0.0
/home/yoxara/Insync/DMSimp_vector_axial_pp_xxj_NLO_eff/Events/run_110/events_PYTHIA8_0.hepmc.gz,0.1181,20000,Axial,DM+QCDjets,1750.0,800.0,1.0,0.25,atlas_exot_2018_06,EM12,0.5014999,0.4035161,0.0005054,0.0054253
/home/yoxara/Insync/DMSimp_vector_axial_pp_xxj_NLO_eff/Events/run_111/events_PYTHIA8_0.hepmc.gz,0.5778,20000,Axial,DM+QCDjets,2000.0,0.0,1.0,0.25,atlas_exot_2018_06,IM0,6.2067473,7.8738626,0.0909091,0.0318418
/home/yoxara/Insync/DMSimp_vector_axial_pp_xxj_NLO_eff/Events/run_111/events_PYTHIA8_0.hepmc.gz,0.5778,20000,Axial,DM+QCDjets,2000.0,0.0,1.0,0.25,atlas_exot_2018_06,IM1,3.2221169,4.0639478,0.0701659,0.0282915
/home/yoxara/Insync/DMSimp_vector_axial_pp_xxj_NLO_eff/Events/run_111/events_PYTHIA8_0.hepmc.gz,0.5778,20000,Axial,DM+QCDjets,2000.0,0.0,1.0,0.25,atlas_exot_2018_06,IM2,2.4195474,3.3192988,0.0468975,0.0234172
/home/yoxara/Insync/DMSimp_vector_axial_pp_xxj_NLO_eff/Events/run_111/events_PYTHIA8_0.hepmc.gz,0.5778,20000,Axial,DM+QCDjets,2000.0,0.0,1.0,0.25,atlas_exot_2018_06,IM3,1.6216513,2.3890321,0.0351732,0.0204043
/home/yoxara/Insync/DMSimp_vector_axial_pp_xxj_NLO_eff/Events/run_111/events_PYTHIA8_0.hepmc.gz,0.5778,20000,Axial,DM+QCDjets,2000.0,0.0,1.0,0.25,atlas_exot_2018_06,IM4,1.2040404,1.919582,0.0272366,0.018029
/home/yoxara/Insync/DMSimp_vector_axial_pp_xxj_NLO_eff/Events/run_111/events_PYTHIA8_0.hepmc.gz,0.5778,20000,Axial,DM+QCDjets,2000.0,0.0,1.0,0.25,atlas_exot_2018_06,IM5,0.9066909,1.3795611,0.015873,0.0138435
/home/yoxara/Insync/DMSimp_vector_axial_pp_xxj_NLO_eff/Events/run_111/events_PYTHIA8_0.hepmc.gz,0.5778,20000,Axial,DM+QCDjets,2000.0,0.0,1.0,0.25,atlas_exot_2018_06,IM6,1.0146086,1.4750398,0.007215,0.0093743
/home/yoxara/Insync/DMSimp_vector_axial_pp_xxj_NLO_eff/Events/run_111/events_PYTHIA8_0.hepmc.gz,0.5778,20000,Axial,DM+QCDjets,2000.0,0.0,1.0,0.25,atlas_exot_2018_06,IM7,0.9035583,1.0675958,0.0039683,0.0069635
/home/yoxara/Insync/DMSimp_vector_axial_pp_xxj_NLO_eff/Events/run_111/events_PYTHIA8_0.hepmc.gz,0.5778,20000,Axial,DM+QCDjets,2000.0,0.0,1.0,0.25,atlas_exot_2018_06,IM8,0.69213,0.740456,0.002886,0.0059417
/home/yoxara/Insync/DMSimp_vector_axial_pp_xxj_NLO_eff/Events/run_111/events_PYTHIA8_0.hepmc.gz,0.5778,20000,Axial,DM+QCDjets,2000.0,0.0,1.0,0.25,atlas_exot_2018_06,IM9,0.8746271,0.8288097,0.001443,0.0042045
/home/yoxara/Insync/DMSimp_vector_axial_pp_xxj_NLO_eff/Events/run_111/events_PYTHIA8_0.hepmc.gz,0.5778,20000,Axial,DM+QCDjets,2000.0,0.0,1.0,0.25,atlas_exot_2018_06,IM10,1.7280404,2.668487,0.0005411,0.0025759
/home/yoxara/Insync/DMSimp_vector_axial_pp_xxj_NLO_eff/Events/run_111/events_PYTHIA8_0.hepmc.gz,0.5778,20000,Axial,DM+QCDjets,2000.0,0.0,1.0,0.25,atlas_exot_2018_06,IM11,3.1285157,2.8084143,0.0001804,0.0014874
/home/yoxara/Insync/DMSimp_vector_axial_pp_xxj_NLO_eff/Events/run_111/events_PYTHIA8_0.hepmc.gz,0.5778,20000,Axial,DM+QCDjets,2000.0,0.0,1.0,0.25,atlas_exot_2018_06,IM12,1.9344581,1.5269449,0.0001804,0.0014874
/home/yoxara/Insync/DMSimp_vector_axial_pp_xxj_NLO_eff/Events/run_111/events_PYTHIA8_0.hepmc.gz,0.5778,20000,Axial,DM+QCDjets,2000.0,0.0,1.0,0.25,atlas_exot_2018_06,EM0,17.722969,19.7436302,0.0207431,0.0157862
/home/yoxara/Insync/DMSimp_vector_axial_pp_xxj_NLO_eff/Events/run_111/events_PYTHIA8_0.hepmc.gz,0.5778,20000,Axial,DM+QCDjets,2000.0,0.0,1.0,0.25,atlas_exot_2018_06,EM1,5.4784301,5.3587327,0.0232684,0.0166979
/home/yoxara/Insync/DMSimp_vector_axial_pp_xxj_NLO_eff/Events/run_111/events_PYTHIA8_0.hepmc.gz,0.5778,20000,Axial,DM+QCDjets,2000.0,0.0,1.0,0.25,atlas_exot_2018_06,EM2,4.2464274,4.2099879,0.0117244,0.0119227
/home/yoxara/Insync/DMSimp_vector_axial_pp_xxj_NLO_eff/Events/run_111/events_PYTHIA8_0.hepmc.gz,0.5778,20000,Axial,DM+QCDjets,2000.0,0.0,1.0,0.25,atlas_exot_2018_06,EM3,2.9283634,3.5160914,0.0079365,0.0098282
/home/yoxara/Insync/DMSimp_vector_axial_pp_xxj_NLO_eff/Events/run_111/events_PYTHIA8_0.hepmc.gz,0.5778,20000,Axial,DM+QCDjets,2000.0,0.0,1.0,0.25,atlas_exot_2018_06,EM4,1.5431021,2.1698284,0.0113636,0.01174
/home/yoxara/Insync/DMSimp_vector_axial_pp_xxj_NLO_eff/Events/run_111/events_PYTHIA8_0.hepmc.gz,0.5778,20000,Axial,DM+QCDjets,2000.0,0.0,1.0,0.25,atlas_exot_2018_06,EM5,0.7098298,0.8673131,0.008658,0.0102615
/home/yoxara/Insync/DMSimp_vector_axial_pp_xxj_NLO_eff/Events/run_111/events_PYTHIA8_0.hepmc.gz,0.5778,20000,Axial,DM+QCDjets,2000.0,0.0,1.0,0.25,atlas_exot_2018_06,EM6,0.8985529,1.2427436,0.0032468,0.006301
/home/yoxara/Insync/DMSimp_vector_axial_pp_xxj_NLO_eff/Events/run_111/events_PYTHIA8_0.hepmc.gz,0.5778,20000,Axial,DM+QCDjets,2000.0,0.0,1.0,0.25,atlas_exot_2018_06,EM7,1.3304643,1.9389525,0.0010823,0.0036418
/home/yoxara/Insync/DMSimp_vector_axial_pp_xxj_NLO_eff/Events/run_111/events_PYTHIA8_0.hepmc.gz,0.5778,20000,Axial,DM+QCDjets,2000.0,0.0,1.0,0.25,atlas_exot_2018_06,EM8,0.5606793,0.6469985,0.001443,0.0042045
/home/yoxara/Insync/DMSimp_vector_axial_pp_xxj_NLO_eff/Events/run_111/events_PYTHIA8_0.hepmc.gz,0.5778,20000,Axial,DM+QCDjets,2000.0,0.0,1.0,0.25,atlas_exot_2018_06,EM9,0.5440524,0.4632087,0.0009019,0.0033248
/home/yoxara/Insync/DMSimp_vector_axial_pp_xxj_NLO_eff/Events/run_111/events_PYTHIA8_0.hepmc.gz,0.5778,20000,Axial,DM+QCDjets,2000.0,0.0,1.0,0.25,atlas_exot_2018_06,EM10,0.8681535,1.8529831,0.0003608,0.0021034
/home/yoxara/Insync/DMSimp_vector_axial_pp_xxj_NLO_eff/Events/run_111/events_PYTHIA8_0.hepmc.gz,0.5778,20000,Axial,DM+QCDjets,2000.0,0.0,1.0,0.25,atlas_exot_2018_06,EM11,-1.0,-1.0,0.0,0.0
/home/yoxara/Insync/DMSimp_vector_axial_pp_xxj_NLO_eff/Events/run_111/events_PYTHIA8_0.hepmc.gz,0.5778,20000,Axial,DM+QCDjets,2000.0,0.0,1.0,0.25,atlas_exot_2018_06,EM12,1.4200592,1.1270494,0.0001804,0.0014874
/home/yoxara/Insync/DMSimp_vector_axial_pp_xxj_NLO_eff/Events/run_112/events_PYTHIA8_0.hepmc.gz,0.5742,20000,Axial,DM+QCDjets,2000.0,50.0,1.0,0.25,atlas_exot_2018_06,IM0,6.1953386,7.9131045,0.0906194,0.0316825
/home/yoxara/Insync/DMSimp_vector_axial_pp_xxj_NLO_eff/Events/run_112/events_PYTHIA8_0.hepmc.gz,0.5742,20000,Axial,DM+QCDjets,2000.0,50.0,1.0,0.25,atlas_exot_2018_06,IM1,3.4919519,4.3785394,0.0649557,0.0271995
/home/yoxara/Insync/DMSimp_vector_axial_pp_xxj_NLO_eff/Events/run_112/events_PYTHIA8_0.hepmc.gz,0.5742,20000,Axial,DM+QCDjets,2000.0,50.0,1.0,0.25,atlas_exot_2018_06,IM2,2.3894345,3.2732844,0.0476106,0.0235015
/home/yoxara/Insync/DMSimp_vector_axial_pp_xxj_NLO_eff/Events/run_112/events_PYTHIA8_0.hepmc.gz,0.5742,20000,Axial,DM+QCDjets,2000.0,50.0,1.0,0.25,atlas_exot_2018_06,IM3,1.5514485,2.3051818,0.0364602,0.0206862
/home/yoxara/Insync/DMSimp_vector_axial_pp_xxj_NLO_eff/Events/run_112/events_PYTHIA8_0.hepmc.gz,0.5742,20000,Axial,DM+QCDjets,2000.0,50.0,1.0,0.25,atlas_exot_2018_06,IM4,1.1869315,1.8956964,0.0276106,0.018084
/home/yoxara/Insync/DMSimp_vector_axial_pp_xxj_NLO_eff/Events/run_112/events_PYTHIA8_0.hepmc.gz,0.5742,20000,Axial,DM+QCDjets,2000.0,50.0,1.0,0.25,atlas_exot_2018_06,IM5,0.8579633,1.2996514,0.0168142,0.0141903
/home/yoxara/Insync/DMSimp_vector_axial_pp_xxj_NLO_eff/Events/run_112/events_PYTHIA8_0.hepmc.gz,0.5742,20000,Axial,DM+QCDjets,2000.0,50.0,1.0,0.25,atlas_exot_2018_06,IM6,0.7098903,1.0401089,0.0102655,0.0111246
/home/yoxara/Insync/DMSimp_vector_axial_pp_xxj_NLO_eff/Events/run_112/events_PYTHIA8_0.hepmc.gz,0.5742,20000,Axial,DM+QCDjets,2000.0,50.0,1.0,0.25,atlas_exot_2018_06,IM7,0.6541492,0.7675248,0.0054867,0.0081526
/home/yoxara/Insync/DMSimp_vector_axial_pp_xxj_NLO_eff/Events/run_112/events_PYTHIA8_0.hepmc.gz,0.5742,20000,Axial,DM+QCDjets,2000.0,50.0,1.0,0.25,atlas_exot_2018_06,IM8,0.8112433,0.8658813,0.0024779,0.005487
/home/yoxara/Insync/DMSimp_vector_axial_pp_xxj_NLO_eff/Events/run_112/events_PYTHIA8_0.hepmc.gz,0.5742,20000,Axial,DM+QCDjets,2000.0,50.0,1.0,0.25,atlas_exot_2018_06,IM9,0.7164922,0.6751541,0.0017699,0.004639
/home/yoxara/Insync/DMSimp_vector_axial_pp_xxj_NLO_eff/Events/run_112/events_PYTHIA8_0.hepmc.gz,0.5742,20000,Axial,DM+QCDjets,2000.0,50.0,1.0,0.25,atlas_exot_2018_06,IM10,1.3182526,2.0322608,0.000708,0.0029355
/home/yoxara/Insync/DMSimp_vector_axial_pp_xxj_NLO_eff/Events/run_112/events_PYTHIA8_0.hepmc.gz,0.5742,20000,Axial,DM+QCDjets,2000.0,50.0,1.0,0.25,atlas_exot_2018_06,IM11,-1.0,-1.0,0.0,0.0
/home/yoxara/Insync/DMSimp_vector_axial_pp_xxj_NLO_eff/Events/run_112/events_PYTHIA8_0.hepmc.gz,0.5742,20000,Axial,DM+QCDjets,2000.0,50.0,1.0,0.25,atlas_exot_2018_06,IM12,1.9779187,1.5722352,0.000177,0.0014682
/home/yoxara/Insync/DMSimp_vector_axial_pp_xxj_NLO_eff/Events/run_112/events_PYTHIA8_0.hepmc.gz,0.5742,20000,Axial,DM+QCDjets,2000.0,50.0,1.0,0.25,atlas_exot_2018_06,EM0,14.3272764,15.9101221,0.0256637,0.0174522
/home/yoxara/Insync/DMSimp_vector_axial_pp_xxj_NLO_eff/Events/run_112/events_PYTHIA8_0.hepmc.gz,0.5742,20000,Axial,DM+QCDjets,2000.0,50.0,1.0,0.25,atlas_exot_2018_06,EM1,7.3342084,7.1676396,0.0173451,0.0144087
/home/yoxara/Insync/DMSimp_vector_axial_pp_xxj_NLO_eff/Events/run_112/events_PYTHIA8_0.hepmc.gz,0.5742,20000,Axial,DM+QCDjets,2000.0,50.0,1.0,0.25,atlas_exot_2018_06,EM2,4.5050103,4.4405924,0.0111504,0.011589
/home/yoxara/Insync/DMSimp_vector_axial_pp_xxj_NLO_eff/Events/run_112/events_PYTHIA8_0.hepmc.gz,0.5742,20000,Axial,DM+QCDjets,2000.0,50.0,1.0,0.25,atlas_exot_2018_06,EM3,2.6174238,3.1645383,0.0088496,0.0103363
/home/yoxara/Insync/DMSimp_vector_axial_pp_xxj_NLO_eff/Events/run_112/events_PYTHIA8_0.hepmc.gz,0.5742,20000,Axial,DM+QCDjets,2000.0,50.0,1.0,0.25,atlas_exot_2018_06,EM4,1.6226269,2.2833389,0.0107965,0.0114056
/home/yoxara/Insync/DMSimp_vector_axial_pp_xxj_NLO_eff/Events/run_112/events_PYTHIA8_0.hepmc.gz,0.5742,20000,Axial,DM+QCDjets,2000.0,50.0,1.0,0.25,atlas_exot_2018_06,EM5,0.9396148,1.1409356,0.0065487,0.008902
/home/yoxara/Insync/DMSimp_vector_axial_pp_xxj_NLO_eff/Events/run_112/events_PYTHIA8_0.hepmc.gz,0.5742,20000,Axial,DM+QCDjets,2000.0,50.0,1.0,0.25,atlas_exot_2018_06,EM6,0.6090664,0.8428298,0.0047788,0.0076112
/home/yoxara/Insync/DMSimp_vector_axial_pp_xxj_NLO_eff/Events/run_112/events_PYTHIA8_0.hepmc.gz,0.5742,20000,Axial,DM+QCDjets,2000.0,50.0,1.0,0.25,atlas_exot_2018_06,EM7,0.4789863,0.6975042,0.0030088,0.0060448
/home/yoxara/Insync/DMSimp_vector_axial_pp_xxj_NLO_eff/Events/run_112/events_PYTHIA8_0.hepmc.gz,0.5742,20000,Axial,DM+QCDjets,2000.0,50.0,1.0,0.25,atlas_exot_2018_06,EM8,1.1482232,1.3238633,0.000708,0.0029355
/home/yoxara/Insync/DMSimp_vector_axial_pp_xxj_NLO_eff/Events/run_112/events_PYTHIA8_0.hepmc.gz,0.5742,20000,Axial,DM+QCDjets,2000.0,50.0,1.0,0.25,atlas_exot_2018_06,EM9,0.4601361,0.3918601,0.0010619,0.0035947
/home/yoxara/Insync/DMSimp_vector_axial_pp_xxj_NLO_eff/Events/run_112/events_PYTHIA8_0.hepmc.gz,0.5742,20000,Axial,DM+QCDjets,2000.0,50.0,1.0,0.25,atlas_exot_2018_06,EM10,0.4405195,0.9451465,0.000708,0.0029355
/home/yoxara/Insync/DMSimp_vector_axial_pp_xxj_NLO_eff/Events/run_112/events_PYTHIA8_0.hepmc.gz,0.5742,20000,Axial,DM+QCDjets,2000.0,50.0,1.0,0.25,atlas_exot_2018_06,EM11,-1.0,-1.0,0.0,0.0
/home/yoxara/Insync/DMSimp_vector_axial_pp_xxj_NLO_eff/Events/run_112/events_PYTHIA8_0.hepmc.gz,0.5742,20000,Axial,DM+QCDjets,2000.0,50.0,1.0,0.25,atlas_exot_2018_06,EM12,1.443405,1.1553052,0.000177,0.0014682
/home/yoxara/Insync/DMSimp_vector_axial_pp_xxj_NLO_eff/Events/run_113/events_PYTHIA8_0.hepmc.gz,0.5599,20000,Axial,DM+QCDjets,2000.0,100.0,1.0,0.25,atlas_exot_2018_06,IM0,6.2165924,7.8721791,0.0908929,0.0322169
/home/yoxara/Insync/DMSimp_vector_axial_pp_xxj_NLO_eff/Events/run_113/events_PYTHIA8_0.hepmc.gz,0.5599,20000,Axial,DM+QCDjets,2000.0,100.0,1.0,0.25,atlas_exot_2018_06,IM1,3.2594021,4.1023735,0.069277,0.0284588
/home/yoxara/Insync/DMSimp_vector_axial_pp_xxj_NLO_eff/Events/run_113/events_PYTHIA8_0.hepmc.gz,0.5599,20000,Axial,DM+QCDjets,2000.0,100.0,1.0,0.25,atlas_exot_2018_06,IM2,2.3289936,3.1962924,0.0487243,0.0241289
/home/yoxara/Insync/DMSimp_vector_axial_pp_xxj_NLO_eff/Events/run_113/events_PYTHIA8_0.hepmc.gz,0.5599,20000,Axial,DM+QCDjets,2000.0,100.0,1.0,0.25,atlas_exot_2018_06,IM3,1.604956,2.3558126,0.035613,0.0207702
/home/yoxara/Insync/DMSimp_vector_axial_pp_xxj_NLO_eff/Events/run_113/events_PYTHIA8_0.hepmc.gz,0.5599,20000,Axial,DM+QCDjets,2000.0,100.0,1.0,0.25,atlas_exot_2018_06,IM4,1.2165011,1.9090345,0.0272856,0.0182587
/home/yoxara/Insync/DMSimp_vector_axial_pp_xxj_NLO_eff/Events/run_113/events_PYTHIA8_0.hepmc.gz,0.5599,20000,Axial,DM+QCDjets,2000.0,100.0,1.0,0.25,atlas_exot_2018_06,IM5,1.0462332,1.5781688,0.01382,0.0130841
/home/yoxara/Insync/DMSimp_vector_axial_pp_xxj_NLO_eff/Events/run_113/events_PYTHIA8_0.hepmc.gz,0.5599,20000,Axial,DM+QCDjets,2000.0,100.0,1.0,0.25,atlas_exot_2018_06,IM6,0.6742676,0.9829474,0.0108079,0.0115884
/home/yoxara/Insync/DMSimp_vector_axial_pp_xxj_NLO_eff/Events/run_113/events_PYTHIA8_0.hepmc.gz,0.5599,20000,Axial,DM+QCDjets,2000.0,100.0,1.0,0.25,atlas_exot_2018_06,IM7,0.5981998,0.7015405,0.0060241,0.0086725
/home/yoxara/Insync/DMSimp_vector_axial_pp_xxj_NLO_eff/Events/run_113/events_PYTHIA8_0.hepmc.gz,0.5599,20000,Axial,DM+QCDjets,2000.0,100.0,1.0,0.25,atlas_exot_2018_06,IM8,0.6335774,0.6755723,0.0031892,0.0063192
/home/yoxara/Insync/DMSimp_vector_axial_pp_xxj_NLO_eff/Events/run_113/events_PYTHIA8_0.hepmc.gz,0.5599,20000,Axial,DM+QCDjets,2000.0,100.0,1.0,0.25,atlas_exot_2018_06,IM9,0.7910574,0.7457321,0.0015946,0.0044719
/home/yoxara/Insync/DMSimp_vector_axial_pp_xxj_NLO_eff/Events/run_113/events_PYTHIA8_0.hepmc.gz,0.5599,20000,Axial,DM+QCDjets,2000.0,100.0,1.0,0.25,atlas_exot_2018_06,IM10,0.7502534,1.1630584,0.0012403,0.0039445
/home/yoxara/Insync/DMSimp_vector_axial_pp_xxj_NLO_eff/Events/run_113/events_PYTHIA8_0.hepmc.gz,0.5599,20000,Axial,DM+QCDjets,2000.0,100.0,1.0,0.25,atlas_exot_2018_06,IM11,0.7970073,0.7114149,0.0007087,0.0029826
/home/yoxara/Insync/DMSimp_vector_axial_pp_xxj_NLO_eff/Events/run_113/events_PYTHIA8_0.hepmc.gz,0.5599,20000,Axial,DM+QCDjets,2000.0,100.0,1.0,0.25,atlas_exot_2018_06,IM12,0.4929045,0.3909821,0.0007087,0.0029826
/home/yoxara/Insync/DMSimp_vector_axial_pp_xxj_NLO_eff/Events/run_113/events_PYTHIA8_0.hepmc.gz,0.5599,20000,Axial,DM+QCDjets,2000.0,100.0,1.0,0.25,atlas_exot_2018_06,EM0,17.1166111,18.9197282,0.0216158,0.0162987
/home/yoxara/Insync/DMSimp_vector_axial_pp_xxj_NLO_eff/Events/run_113/events_PYTHIA8_0.hepmc.gz,0.5599,20000,Axial,DM+QCDjets,2000.0,100.0,1.0,0.25,atlas_exot_2018_06,EM1,6.194413,6.0436942,0.0205528,0.0159015
/home/yoxara/Insync/DMSimp_vector_axial_pp_xxj_NLO_eff/Events/run_113/events_PYTHIA8_0.hepmc.gz,0.5599,20000,Axial,DM+QCDjets,2000.0,100.0,1.0,0.25,atlas_exot_2018_06,EM2,3.8244299,3.7714552,0.0131113,0.0127487
/home/yoxara/Insync/DMSimp_vector_axial_pp_xxj_NLO_eff/Events/run_113/events_PYTHIA8_0.hepmc.gz,0.5599,20000,Axial,DM+QCDjets,2000.0,100.0,1.0,0.25,atlas_exot_2018_06,EM3,2.7744877,3.3587237,0.0083274,0.0101848
/home/yoxara/Insync/DMSimp_vector_axial_pp_xxj_NLO_eff/Events/run_113/events_PYTHIA8_0.hepmc.gz,0.5599,20000,Axial,DM+QCDjets,2000.0,100.0,1.0,0.25,atlas_exot_2018_06,EM4,1.3004856,1.8344652,0.0134656,0.0129176
/home/yoxara/Insync/DMSimp_vector_axial_pp_xxj_NLO_eff/Events/run_113/events_PYTHIA8_0.hepmc.gz,0.5599,20000,Axial,DM+QCDjets,2000.0,100.0,1.0,0.25,atlas_exot_2018_06,EM5,2.0332393,2.4877746,0.003012,0.0061417
/home/yoxara/Insync/DMSimp_vector_axial_pp_xxj_NLO_eff/Events/run_113/events_PYTHIA8_0.hepmc.gz,0.5599,20000,Axial,DM+QCDjets,2000.0,100.0,1.0,0.25,atlas_exot_2018_06,EM6,0.6110576,0.8445438,0.0047838,0.0077332
/home/yoxara/Insync/DMSimp_vector_axial_pp_xxj_NLO_eff/Events/run_113/events_PYTHIA8_0.hepmc.gz,0.5599,20000,Axial,DM+QCDjets,2000.0,100.0,1.0,0.25,atlas_exot_2018_06,EM7,0.508203,0.7409552,0.0028349,0.0059588
/home/yoxara/Insync/DMSimp_vector_axial_pp_xxj_NLO_eff/Events/run_113/events_PYTHIA8_0.hepmc.gz,0.5599,20000,Axial,DM+QCDjets,2000.0,100.0,1.0,0.25,atlas_exot_2018_06,EM8,0.509837,0.5845071,0.0015946,0.0044719
/home/yoxara/Insync/DMSimp_vector_axial_pp_xxj_NLO_eff/Events/run_113/events_PYTHIA8_0.hepmc.gz,0.5599,20000,Axial,DM+QCDjets,2000.0,100.0,1.0,0.25,atlas_exot_2018_06,EM9,1.3782852,1.1735562,0.0003544,0.0021094
/home/yoxara/Insync/DMSimp_vector_axial_pp_xxj_NLO_eff/Events/run_113/events_PYTHIA8_0.hepmc.gz,0.5599,20000,Axial,DM+QCDjets,2000.0,100.0,1.0,0.25,atlas_exot_2018_06,EM10,0.5895345,1.2566359,0.0005315,0.0025832
/home/yoxara/Insync/DMSimp_vector_axial_pp_xxj_NLO_eff/Events/run_113/events_PYTHIA8_0.hepmc.gz,0.5599,20000,Axial,DM+QCDjets,2000.0,100.0,1.0,0.25,atlas_exot_2018_06,EM11,-1.0,-1.0,0.0,0.0
/home/yoxara/Insync/DMSimp_vector_axial_pp_xxj_NLO_eff/Events/run_113/events_PYTHIA8_0.hepmc.gz,0.5599,20000,Axial,DM+QCDjets,2000.0,100.0,1.0,0.25,atlas_exot_2018_06,EM12,0.3590749,0.2896786,0.0007087,0.0029826
/home/yoxara/Insync/DMSimp_vector_axial_pp_xxj_NLO_eff/Events/run_114/events_PYTHIA8_0.hepmc.gz,0.5402,20000,Axial,DM+QCDjets,2000.0,150.0,1.0,0.25,atlas_exot_2018_06,IM0,6.1453376,7.8072127,0.0917349,0.0327802
/home/yoxara/Insync/DMSimp_vector_axial_pp_xxj_NLO_eff/Events/run_114/events_PYTHIA8_0.hepmc.gz,0.5402,20000,Axial,DM+QCDjets,2000.0,150.0,1.0,0.25,atlas_exot_2018_06,IM1,3.1365897,3.9464709,0.0721411,0.0293813
/home/yoxara/Insync/DMSimp_vector_axial_pp_xxj_NLO_eff/Events/run_114/events_PYTHIA8_0.hepmc.gz,0.5402,20000,Axial,DM+QCDjets,2000.0,150.0,1.0,0.25,atlas_exot_2018_06,IM2,2.1253119,2.9095371,0.0534378,0.025541
/home/yoxara/Insync/DMSimp_vector_axial_pp_xxj_NLO_eff/Events/run_114/events_PYTHIA8_0.hepmc.gz,0.5402,20000,Axial,DM+QCDjets,2000.0,150.0,1.0,0.25,atlas_exot_2018_06,IM3,1.530802,2.268068,0.0370502,0.0214504
/home/yoxara/Insync/DMSimp_vector_axial_pp_xxj_NLO_eff/Events/run_114/events_PYTHIA8_0.hepmc.gz,0.5402,20000,Axial,DM+QCDjets,2000.0,150.0,1.0,0.25,atlas_exot_2018_06,IM4,1.2719486,2.026713,0.0258283,0.0180137
/home/yoxara/Insync/DMSimp_vector_axial_pp_xxj_NLO_eff/Events/run_114/events_PYTHIA8_0.hepmc.gz,0.5402,20000,Axial,DM+QCDjets,2000.0,150.0,1.0,0.25,atlas_exot_2018_06,IM5,0.9619333,1.4648886,0.0149626,0.0137869
/home/yoxara/Insync/DMSimp_vector_axial_pp_xxj_NLO_eff/Events/run_114/events_PYTHIA8_0.hepmc.gz,0.5402,20000,Axial,DM+QCDjets,2000.0,150.0,1.0,0.25,atlas_exot_2018_06,IM6,0.9077859,1.330658,0.0080157,0.0101265
/home/yoxara/Insync/DMSimp_vector_axial_pp_xxj_NLO_eff/Events/run_114/events_PYTHIA8_0.hepmc.gz,0.5402,20000,Axial,DM+QCDjets,2000.0,150.0,1.0,0.25,atlas_exot_2018_06,IM7,0.8071651,0.9515888,0.0044532,0.0075614
/home/yoxara/Insync/DMSimp_vector_axial_pp_xxj_NLO_eff/Events/run_114/events_PYTHIA8_0.hepmc.gz,0.5402,20000,Axial,DM+QCDjets,2000.0,150.0,1.0,0.25,atlas_exot_2018_06,IM8,1.24843,1.3386912,0.0016031,0.0045433
/home/yoxara/Insync/DMSimp_vector_axial_pp_xxj_NLO_eff/Events/run_114/events_PYTHIA8_0.hepmc.gz,0.5402,20000,Axial,DM+QCDjets,2000.0,150.0,1.0,0.25,atlas_exot_2018_06,IM9,1.766449,1.6766636,0.0007125,0.0030302
/home/yoxara/Insync/DMSimp_vector_axial_pp_xxj_NLO_eff/Events/run_114/events_PYTHIA8_0.hepmc.gz,0.5402,20000,Axial,DM+QCDjets,2000.0,150.0,1.0,0.25,atlas_exot_2018_06,IM10,1.7476853,2.7004087,0.0005344,0.0026245
/home/yoxara/Insync/DMSimp_vector_axial_pp_xxj_NLO_eff/Events/run_114/events_PYTHIA8_0.hepmc.gz,0.5402,20000,Axial,DM+QCDjets,2000.0,150.0,1.0,0.25,atlas_exot_2018_06,IM11,1.5869227,1.4167506,0.0003563,0.0021431
/home/yoxara/Insync/DMSimp_vector_axial_pp_xxj_NLO_eff/Events/run_114/events_PYTHIA8_0.hepmc.gz,0.5402,20000,Axial,DM+QCDjets,2000.0,150.0,1.0,0.25,atlas_exot_2018_06,IM12,-1.0,-1.0,0.0,0.0
/home/yoxara/Insync/DMSimp_vector_axial_pp_xxj_NLO_eff/Events/run_114/events_PYTHIA8_0.hepmc.gz,0.5402,20000,Axial,DM+QCDjets,2000.0,150.0,1.0,0.25,atlas_exot_2018_06,EM0,18.7350253,20.9255432,0.0195939,0.0157399
/home/yoxara/Insync/DMSimp_vector_axial_pp_xxj_NLO_eff/Events/run_114/events_PYTHIA8_0.hepmc.gz,0.5402,20000,Axial,DM+QCDjets,2000.0,150.0,1.0,0.25,atlas_exot_2018_06,EM1,6.8362563,6.6497621,0.0187032,0.015385
/home/yoxara/Insync/DMSimp_vector_axial_pp_xxj_NLO_eff/Events/run_114/events_PYTHIA8_0.hepmc.gz,0.5402,20000,Axial,DM+QCDjets,2000.0,150.0,1.0,0.25,atlas_exot_2018_06,EM2,3.0345738,3.026881,0.0163876,0.0144181
/home/yoxara/Insync/DMSimp_vector_axial_pp_xxj_NLO_eff/Events/run_114/events_PYTHIA8_0.hepmc.gz,0.5402,20000,Axial,DM+QCDjets,2000.0,150.0,1.0,0.25,atlas_exot_2018_06,EM3,2.0618967,2.501716,0.0112219,0.0119625
/home/yoxara/Insync/DMSimp_vector_axial_pp_xxj_NLO_eff/Events/run_114/events_PYTHIA8_0.hepmc.gz,0.5402,20000,Axial,DM+QCDjets,2000.0,150.0,1.0,0.25,atlas_exot_2018_06,EM4,1.614943,2.262996,0.0108657,0.0117732
/home/yoxara/Insync/DMSimp_vector_axial_pp_xxj_NLO_eff/Events/run_114/events_PYTHIA8_0.hepmc.gz,0.5402,20000,Axial,DM+QCDjets,2000.0,150.0,1.0,0.25,atlas_exot_2018_06,EM5,0.8834949,1.0778293,0.0069469,0.0094324
/home/yoxara/Insync/DMSimp_vector_axial_pp_xxj_NLO_eff/Events/run_114/events_PYTHIA8_0.hepmc.gz,0.5402,20000,Axial,DM+QCDjets,2000.0,150.0,1.0,0.25,atlas_exot_2018_06,EM6,0.8171209,1.130147,0.0035625,0.0067662
/home/yoxara/Insync/DMSimp_vector_axial_pp_xxj_NLO_eff/Events/run_114/events_PYTHIA8_0.hepmc.gz,0.5402,20000,Axial,DM+QCDjets,2000.0,150.0,1.0,0.25,atlas_exot_2018_06,EM7,0.5038248,0.7347779,0.00285,0.006054
/home/yoxara/Insync/DMSimp_vector_axial_pp_xxj_NLO_eff/Events/run_114/events_PYTHIA8_0.hepmc.gz,0.5402,20000,Axial,DM+QCDjets,2000.0,150.0,1.0,0.25,atlas_exot_2018_06,EM8,0.9084843,1.0488353,0.0008906,0.0033876
/home/yoxara/Insync/DMSimp_vector_axial_pp_xxj_NLO_eff/Events/run_114/events_PYTHIA8_0.hepmc.gz,0.5402,20000,Axial,DM+QCDjets,2000.0,150.0,1.0,0.25,atlas_exot_2018_06,EM9,2.7412799,2.3355123,0.0001781,0.0015155
/home/yoxara/Insync/DMSimp_vector_axial_pp_xxj_NLO_eff/Events/run_114/events_PYTHIA8_0.hepmc.gz,0.5402,20000,Axial,DM+QCDjets,2000.0,150.0,1.0,0.25,atlas_exot_2018_06,EM10,1.7583255,3.7396613,0.0001781,0.0015155
/home/yoxara/Insync/DMSimp_vector_axial_pp_xxj_NLO_eff/Events/run_114/events_PYTHIA8_0.hepmc.gz,0.5402,20000,Axial,DM+QCDjets,2000.0,150.0,1.0,0.25,atlas_exot_2018_06,EM11,0.6176858,0.6919984,0.0003563,0.0021431
/home/yoxara/Insync/DMSimp_vector_axial_pp_xxj_NLO_eff/Events/run_114/events_PYTHIA8_0.hepmc.gz,0.5402,20000,Axial,DM+QCDjets,2000.0,150.0,1.0,0.25,atlas_exot_2018_06,EM12,-1.0,-1.0,0.0,0.0
/home/yoxara/Insync/DMSimp_vector_axial_pp_xxj_NLO_eff/Events/run_115/events_PYTHIA8_0.hepmc.gz,0.5159,20000,Axial,DM+QCDjets,2000.0,200.0,1.0,0.25,atlas_exot_2018_06,IM0,6.2243567,7.9186878,0.0903193,0.0328389
/home/yoxara/Insync/DMSimp_vector_axial_pp_xxj_NLO_eff/Events/run_115/events_PYTHIA8_0.hepmc.gz,0.5159,20000,Axial,DM+QCDjets,2000.0,200.0,1.0,0.25,atlas_exot_2018_06,IM1,3.2699488,4.116247,0.069274,0.0290904
/home/yoxara/Insync/DMSimp_vector_axial_pp_xxj_NLO_eff/Events/run_115/events_PYTHIA8_0.hepmc.gz,0.5159,20000,Axial,DM+QCDjets,2000.0,200.0,1.0,0.25,atlas_exot_2018_06,IM2,2.2634561,3.1070591,0.0499825,0.0249648
/home/yoxara/Insync/DMSimp_vector_axial_pp_xxj_NLO_eff/Events/run_115/events_PYTHIA8_0.hepmc.gz,0.5159,20000,Axial,DM+QCDjets,2000.0,200.0,1.0,0.25,atlas_exot_2018_06,IM3,1.4636925,2.1524157,0.0389337,0.0221612
/home/yoxara/Insync/DMSimp_vector_axial_pp_xxj_NLO_eff/Events/run_115/events_PYTHIA8_0.hepmc.gz,0.5159,20000,Axial,DM+QCDjets,2000.0,200.0,1.0,0.25,atlas_exot_2018_06,IM4,1.0348501,1.6463137,0.0317433,0.0200851
/home/yoxara/Insync/DMSimp_vector_axial_pp_xxj_NLO_eff/Events/run_115/events_PYTHIA8_0.hepmc.gz,0.5159,20000,Axial,DM+QCDjets,2000.0,200.0,1.0,0.25,atlas_exot_2018_06,IM5,0.911229,1.3841512,0.0157839,0.0142793
/home/yoxara/Insync/DMSimp_vector_axial_pp_xxj_NLO_eff/Events/run_115/events_PYTHIA8_0.hepmc.gz,0.5159,20000,Axial,DM+QCDjets,2000.0,200.0,1.0,0.25,atlas_exot_2018_06,IM6,0.7530645,1.1109304,0.0096457,0.0111974
/home/yoxara/Insync/DMSimp_vector_axial_pp_xxj_NLO_eff/Events/run_115/events_PYTHIA8_0.hepmc.gz,0.5159,20000,Axial,DM+QCDjets,2000.0,200.0,1.0,0.25,atlas_exot_2018_06,IM7,0.6370824,0.7528532,0.0056121,0.0085584
/home/yoxara/Insync/DMSimp_vector_axial_pp_xxj_NLO_eff/Events/run_115/events_PYTHIA8_0.hepmc.gz,0.5159,20000,Axial,DM+QCDjets,2000.0,200.0,1.0,0.25,atlas_exot_2018_06,IM8,0.5694293,0.6111107,0.0035075,0.0067732
/home/yoxara/Insync/DMSimp_vector_axial_pp_xxj_NLO_eff/Events/run_115/events_PYTHIA8_0.hepmc.gz,0.5159,20000,Axial,DM+QCDjets,2000.0,200.0,1.0,0.25,atlas_exot_2018_06,IM9,0.6555845,0.619517,0.0019291,0.0050271
/home/yoxara/Insync/DMSimp_vector_axial_pp_xxj_NLO_eff/Events/run_115/events_PYTHIA8_0.hepmc.gz,0.5159,20000,Axial,DM+QCDjets,2000.0,200.0,1.0,0.25,atlas_exot_2018_06,IM10,0.7606393,1.1733944,0.0012276,0.0040116
/home/yoxara/Insync/DMSimp_vector_axial_pp_xxj_NLO_eff/Events/run_115/events_PYTHIA8_0.hepmc.gz,0.5159,20000,Axial,DM+QCDjets,2000.0,200.0,1.0,0.25,atlas_exot_2018_06,IM11,0.5353757,0.4791722,0.0010523,0.0037144
/home/yoxara/Insync/DMSimp_vector_axial_pp_xxj_NLO_eff/Events/run_115/events_PYTHIA8_0.hepmc.gz,0.5159,20000,Axial,DM+QCDjets,2000.0,200.0,1.0,0.25,atlas_exot_2018_06,IM12,0.4991403,0.3943027,0.0007015,0.0030333
/home/yoxara/Insync/DMSimp_vector_axial_pp_xxj_NLO_eff/Events/run_115/events_PYTHIA8_0.hepmc.gz,0.5159,20000,Axial,DM+QCDjets,2000.0,200.0,1.0,0.25,atlas_exot_2018_06,EM0,17.4266849,19.4230674,0.0210453,0.0164442
/home/yoxara/Insync/DMSimp_vector_axial_pp_xxj_NLO_eff/Events/run_115/events_PYTHIA8_0.hepmc.gz,0.5159,20000,Axial,DM+QCDjets,2000.0,200.0,1.0,0.25,atlas_exot_2018_06,EM1,6.6316042,6.4295482,0.0192915,0.0157582
/home/yoxara/Insync/DMSimp_vector_axial_pp_xxj_NLO_eff/Events/run_115/events_PYTHIA8_0.hepmc.gz,0.5159,20000,Axial,DM+QCDjets,2000.0,200.0,1.0,0.25,atlas_exot_2018_06,EM2,4.5292922,4.4753373,0.0110488,0.0119756
/home/yoxara/Insync/DMSimp_vector_axial_pp_xxj_NLO_eff/Events/run_115/events_PYTHIA8_0.hepmc.gz,0.5159,20000,Axial,DM+QCDjets,2000.0,200.0,1.0,0.25,atlas_exot_2018_06,EM3,3.2222268,3.91379,0.0071905,0.0096798
/home/yoxara/Insync/DMSimp_vector_axial_pp_xxj_NLO_eff/Events/run_115/events_PYTHIA8_0.hepmc.gz,0.5159,20000,Axial,DM+QCDjets,2000.0,200.0,1.0,0.25,atlas_exot_2018_06,EM4,1.0961262,1.5474336,0.0159593,0.0143571
/home/yoxara/Insync/DMSimp_vector_axial_pp_xxj_NLO_eff/Events/run_115/events_PYTHIA8_0.hepmc.gz,0.5159,20000,Axial,DM+QCDjets,2000.0,200.0,1.0,0.25,atlas_exot_2018_06,EM5,1.0,1.2181111,0.0061382,0.0089482
/home/yoxara/Insync/DMSimp_vector_axial_pp_xxj_NLO_eff/Events/run_115/events_PYTHIA8_0.hepmc.gz,0.5159,20000,Axial,DM+QCDjets,2000.0,200.0,1.0,0.25,atlas_exot_2018_06,EM6,0.7207636,-1.0,0.0040337,0.0072615
/home/yoxara/Insync/DMSimp_vector_axial_pp_xxj_NLO_eff/Events/run_115/events_PYTHIA8_0.hepmc.gz,0.5159,20000,Axial,DM+QCDjets,2000.0,200.0,1.0,0.25,atlas_exot_2018_06,EM7,0.6829202,0.9974796,0.0021045,0.0052502
/home/yoxara/Insync/DMSimp_vector_axial_pp_xxj_NLO_eff/Events/run_115/events_PYTHIA8_0.hepmc.gz,0.5159,20000,Axial,DM+QCDjets,2000.0,200.0,1.0,0.25,atlas_exot_2018_06,EM8,0.515024,0.5895276,0.0015784,0.004548
/home/yoxara/Insync/DMSimp_vector_axial_pp_xxj_NLO_eff/Events/run_115/events_PYTHIA8_0.hepmc.gz,0.5159,20000,Axial,DM+QCDjets,2000.0,200.0,1.0,0.25,atlas_exot_2018_06,EM9,0.6950081,0.5916306,0.0007015,0.0030333
/home/yoxara/Insync/DMSimp_vector_axial_pp_xxj_NLO_eff/Events/run_115/events_PYTHIA8_0.hepmc.gz,0.5159,20000,Axial,DM+QCDjets,2000.0,200.0,1.0,0.25,atlas_exot_2018_06,EM10,1.7882782,3.8038406,0.0001754,0.0015171
/home/yoxara/Insync/DMSimp_vector_axial_pp_xxj_NLO_eff/Events/run_115/events_PYTHIA8_0.hepmc.gz,0.5159,20000,Axial,DM+QCDjets,2000.0,200.0,1.0,0.25,atlas_exot_2018_06,EM11,0.6241194,0.7019125,0.0003508,0.0021453
/home/yoxara/Insync/DMSimp_vector_axial_pp_xxj_NLO_eff/Events/run_115/events_PYTHIA8_0.hepmc.gz,0.5159,20000,Axial,DM+QCDjets,2000.0,200.0,1.0,0.25,atlas_exot_2018_06,EM12,0.363224,0.2914154,0.0007015,0.0030333
/home/yoxara/Insync/DMSimp_vector_axial_pp_xxj_NLO_eff/Events/run_116/events_PYTHIA8_0.hepmc.gz,0.508,20000,Axial,DM+QCDjets,2000.0,250.0,1.0,0.25,atlas_exot_2018_06,IM0,5.9183278,7.5131269,0.095328,0.0339764
/home/yoxara/Insync/DMSimp_vector_axial_pp_xxj_NLO_eff/Events/run_116/events_PYTHIA8_0.hepmc.gz,0.508,20000,Axial,DM+QCDjets,2000.0,250.0,1.0,0.25,atlas_exot_2018_06,IM1,3.1348813,3.9559112,0.0721401,0.0299331
/home/yoxara/Insync/DMSimp_vector_axial_pp_xxj_NLO_eff/Events/run_116/events_PYTHIA8_0.hepmc.gz,0.508,20000,Axial,DM+QCDjets,2000.0,250.0,1.0,0.25,atlas_exot_2018_06,IM2,2.1974011,3.0060221,0.0517004,0.0256178
/home/yoxara/Insync/DMSimp_vector_axial_pp_xxj_NLO_eff/Events/run_116/events_PYTHIA8_0.hepmc.gz,0.508,20000,Axial,DM+QCDjets,2000.0,250.0,1.0,0.25,atlas_exot_2018_06,IM3,1.4447316,2.1301357,0.0393335,0.02249
/home/yoxara/Insync/DMSimp_vector_axial_pp_xxj_NLO_eff/Events/run_116/events_PYTHIA8_0.hepmc.gz,0.508,20000,Axial,DM+QCDjets,2000.0,250.0,1.0,0.25,atlas_exot_2018_06,IM4,1.0435681,1.6547204,0.0316042,0.0202405
/home/yoxara/Insync/DMSimp_vector_axial_pp_xxj_NLO_eff/Events/run_116/events_PYTHIA8_0.hepmc.gz,0.508,20000,Axial,DM+QCDjets,2000.0,250.0,1.0,0.25,atlas_exot_2018_06,IM5,0.700883,1.0625691,0.0206115,0.0164382
/home/yoxara/Insync/DMSimp_vector_axial_pp_xxj_NLO_eff/Events/run_116/events_PYTHIA8_0.hepmc.gz,0.508,20000,Axial,DM+QCDjets,2000.0,250.0,1.0,0.25,atlas_exot_2018_06,IM6,0.575497,0.8373761,0.0127104,0.0129606
/home/yoxara/Insync/DMSimp_vector_axial_pp_xxj_NLO_eff/Events/run_116/events_PYTHIA8_0.hepmc.gz,0.508,20000,Axial,DM+QCDjets,2000.0,250.0,1.0,0.25,atlas_exot_2018_06,IM7,0.5660247,0.6661141,0.0063552,0.009194
/home/yoxara/Insync/DMSimp_vector_axial_pp_xxj_NLO_eff/Events/run_116/events_PYTHIA8_0.hepmc.gz,0.508,20000,Axial,DM+QCDjets,2000.0,250.0,1.0,0.25,atlas_exot_2018_06,IM8,0.432606,0.4619226,0.0046376,0.0078606
/home/yoxara/Insync/DMSimp_vector_axial_pp_xxj_NLO_eff/Events/run_116/events_PYTHIA8_0.hepmc.gz,0.508,20000,Axial,DM+QCDjets,2000.0,250.0,1.0,0.25,atlas_exot_2018_06,IM9,0.3501207,0.3315628,0.003607,0.006936
/home/yoxara/Insync/DMSimp_vector_axial_pp_xxj_NLO_eff/Events/run_116/events_PYTHIA8_0.hepmc.gz,0.508,20000,Axial,DM+QCDjets,2000.0,250.0,1.0,0.25,atlas_exot_2018_06,IM10,0.4539974,0.7007875,0.0020611,0.0052472
/home/yoxara/Insync/DMSimp_vector_axial_pp_xxj_NLO_eff/Events/run_116/events_PYTHIA8_0.hepmc.gz,0.508,20000,Axial,DM+QCDjets,2000.0,250.0,1.0,0.25,atlas_exot_2018_06,IM11,0.3646413,0.3262736,0.0015459,0.0045454
/home/yoxara/Insync/DMSimp_vector_axial_pp_xxj_NLO_eff/Events/run_116/events_PYTHIA8_0.hepmc.gz,0.508,20000,Axial,DM+QCDjets,2000.0,250.0,1.0,0.25,atlas_exot_2018_06,IM12,0.5066439,0.4053566,0.000687,0.0030316
/home/yoxara/Insync/DMSimp_vector_axial_pp_xxj_NLO_eff/Events/run_116/events_PYTHIA8_0.hepmc.gz,0.508,20000,Axial,DM+QCDjets,2000.0,250.0,1.0,0.25,atlas_exot_2018_06,EM0,15.8290484,17.6544797,0.0231879,0.0174124
/home/yoxara/Insync/DMSimp_vector_axial_pp_xxj_NLO_eff/Events/run_116/events_PYTHIA8_0.hepmc.gz,0.508,20000,Axial,DM+QCDjets,2000.0,250.0,1.0,0.25,atlas_exot_2018_06,EM1,6.2589907,6.1010713,0.0204397,0.016371
/home/yoxara/Insync/DMSimp_vector_axial_pp_xxj_NLO_eff/Events/run_116/events_PYTHIA8_0.hepmc.gz,0.508,20000,Axial,DM+QCDjets,2000.0,250.0,1.0,0.25,atlas_exot_2018_06,EM2,4.0408192,4.0059381,0.0123669,0.0127864
/home/yoxara/Insync/DMSimp_vector_axial_pp_xxj_NLO_eff/Events/run_116/events_PYTHIA8_0.hepmc.gz,0.508,20000,Axial,DM+QCDjets,2000.0,250.0,1.0,0.25,atlas_exot_2018_06,EM3,2.984325,3.6237349,0.0077293,0.0101323
/home/yoxara/Insync/DMSimp_vector_axial_pp_xxj_NLO_eff/Events/run_116/events_PYTHIA8_0.hepmc.gz,0.508,20000,Axial,DM+QCDjets,2000.0,250.0,1.0,0.25,atlas_exot_2018_06,EM4,1.5891946,2.244091,0.0109928,0.0120636
/home/yoxara/Insync/DMSimp_vector_axial_pp_xxj_NLO_eff/Events/run_116/events_PYTHIA8_0.hepmc.gz,0.508,20000,Axial,DM+QCDjets,2000.0,250.0,1.0,0.25,atlas_exot_2018_06,EM5,0.7817936,0.9516976,0.0079011,0.0102434
/home/yoxara/Insync/DMSimp_vector_axial_pp_xxj_NLO_eff/Events/run_116/events_PYTHIA8_0.hepmc.gz,0.508,20000,Axial,DM+QCDjets,2000.0,250.0,1.0,0.25,atlas_exot_2018_06,EM6,0.4589234,0.6344318,0.0063552,0.009194
/home/yoxara/Insync/DMSimp_vector_axial_pp_xxj_NLO_eff/Events/run_116/events_PYTHIA8_0.hepmc.gz,0.508,20000,Axial,DM+QCDjets,2000.0,250.0,1.0,0.25,atlas_exot_2018_06,EM7,0.8383775,1.2169702,0.0017176,0.0047909
/home/yoxara/Insync/DMSimp_vector_axial_pp_xxj_NLO_eff/Events/run_116/events_PYTHIA8_0.hepmc.gz,0.508,20000,Axial,DM+QCDjets,2000.0,250.0,1.0,0.25,atlas_exot_2018_06,EM8,0.7845653,0.9089296,0.0010306,0.0037123
/home/yoxara/Insync/DMSimp_vector_axial_pp_xxj_NLO_eff/Events/run_116/events_PYTHIA8_0.hepmc.gz,0.508,20000,Axial,DM+QCDjets,2000.0,250.0,1.0,0.25,atlas_exot_2018_06,EM9,0.3151314,0.2694296,0.0015459,0.0045454
/home/yoxara/Insync/DMSimp_vector_axial_pp_xxj_NLO_eff/Events/run_116/events_PYTHIA8_0.hepmc.gz,0.508,20000,Axial,DM+QCDjets,2000.0,250.0,1.0,0.25,atlas_exot_2018_06,EM10,0.6059882,1.296662,0.0005153,0.0026256
/home/yoxara/Insync/DMSimp_vector_axial_pp_xxj_NLO_eff/Events/run_116/events_PYTHIA8_0.hepmc.gz,0.508,20000,Axial,DM+QCDjets,2000.0,250.0,1.0,0.25,atlas_exot_2018_06,EM11,0.2556628,0.2871647,0.0008588,0.0033891
/home/yoxara/Insync/DMSimp_vector_axial_pp_xxj_NLO_eff/Events/run_116/events_PYTHIA8_0.hepmc.gz,0.508,20000,Axial,DM+QCDjets,2000.0,250.0,1.0,0.25,atlas_exot_2018_06,EM12,0.3708629,0.2948071,0.000687,0.0030316
/home/yoxara/Insync/DMSimp_vector_axial_pp_xxj_NLO_eff/Events/run_117/events_PYTHIA8_0.hepmc.gz,0.4884,20000,Axial,DM+QCDjets,2000.0,300.0,1.0,0.25,atlas_exot_2018_06,IM0,5.689785,7.2453491,0.0990117,0.0357309
/home/yoxara/Insync/DMSimp_vector_axial_pp_xxj_NLO_eff/Events/run_117/events_PYTHIA8_0.hepmc.gz,0.4884,20000,Axial,DM+QCDjets,2000.0,300.0,1.0,0.25,atlas_exot_2018_06,IM1,3.1160312,3.9024519,0.072891,0.0310987
/home/yoxara/Insync/DMSimp_vector_axial_pp_xxj_NLO_eff/Events/run_117/events_PYTHIA8_0.hepmc.gz,0.4884,20000,Axial,DM+QCDjets,2000.0,300.0,1.0,0.25,atlas_exot_2018_06,IM2,2.1641491,2.9766785,0.0522415,0.0266193
/home/yoxara/Insync/DMSimp_vector_axial_pp_xxj_NLO_eff/Events/run_117/events_PYTHIA8_0.hepmc.gz,0.4884,20000,Axial,DM+QCDjets,2000.0,300.0,1.0,0.25,atlas_exot_2018_06,IM3,1.582549,2.3413413,0.0358278,0.0222345
/home/yoxara/Insync/DMSimp_vector_axial_pp_xxj_NLO_eff/Events/run_117/events_PYTHIA8_0.hepmc.gz,0.4884,20000,Axial,DM+QCDjets,2000.0,300.0,1.0,0.25,atlas_exot_2018_06,IM4,1.1750645,1.8674251,0.0280621,0.019757
/home/yoxara/Insync/DMSimp_vector_axial_pp_xxj_NLO_eff/Events/run_117/events_PYTHIA8_0.hepmc.gz,0.4884,20000,Axial,DM+QCDjets,2000.0,300.0,1.0,0.25,atlas_exot_2018_06,IM5,0.9857192,1.4975688,0.0146488,0.0143727
/home/yoxara/Insync/DMSimp_vector_axial_pp_xxj_NLO_eff/Events/run_117/events_PYTHIA8_0.hepmc.gz,0.4884,20000,Axial,DM+QCDjets,2000.0,300.0,1.0,0.25,atlas_exot_2018_06,IM6,0.8811611,1.2801102,0.0082951,0.0108503
/home/yoxara/Insync/DMSimp_vector_axial_pp_xxj_NLO_eff/Events/run_117/events_PYTHIA8_0.hepmc.gz,0.4884,20000,Axial,DM+QCDjets,2000.0,300.0,1.0,0.25,atlas_exot_2018_06,IM7,0.8124866,0.9569973,0.0044123,0.0079289
/home/yoxara/Insync/DMSimp_vector_axial_pp_xxj_NLO_eff/Events/run_117/events_PYTHIA8_0.hepmc.gz,0.4884,20000,Axial,DM+QCDjets,2000.0,300.0,1.0,0.25,atlas_exot_2018_06,IM8,0.5974125,0.6398009,0.0033533,0.0069159
/home/yoxara/Insync/DMSimp_vector_axial_pp_xxj_NLO_eff/Events/run_117/events_PYTHIA8_0.hepmc.gz,0.4884,20000,Axial,DM+QCDjets,2000.0,300.0,1.0,0.25,atlas_exot_2018_06,IM9,0.7181072,0.6782594,0.0017649,0.0050213
/home/yoxara/Insync/DMSimp_vector_axial_pp_xxj_NLO_eff/Events/run_117/events_PYTHIA8_0.hepmc.gz,0.4884,20000,Axial,DM+QCDjets,2000.0,300.0,1.0,0.25,atlas_exot_2018_06,IM10,1.762028,2.7263775,0.0005295,0.002752
/home/yoxara/Insync/DMSimp_vector_axial_pp_xxj_NLO_eff/Events/run_117/events_PYTHIA8_0.hepmc.gz,0.4884,20000,Axial,DM+QCDjets,2000.0,300.0,1.0,0.25,atlas_exot_2018_06,IM11,1.0659553,0.9531466,0.0005295,0.002752
/home/yoxara/Insync/DMSimp_vector_axial_pp_xxj_NLO_eff/Events/run_117/events_PYTHIA8_0.hepmc.gz,0.4884,20000,Axial,DM+QCDjets,2000.0,300.0,1.0,0.25,atlas_exot_2018_06,IM12,0.9913353,0.7886989,0.000353,0.0022472
/home/yoxara/Insync/DMSimp_vector_axial_pp_xxj_NLO_eff/Events/run_117/events_PYTHIA8_0.hepmc.gz,0.4884,20000,Axial,DM+QCDjets,2000.0,300.0,1.0,0.25,atlas_exot_2018_06,EM0,14.0905178,15.712799,0.0261207,0.0190803
/home/yoxara/Insync/DMSimp_vector_axial_pp_xxj_NLO_eff/Events/run_117/events_PYTHIA8_0.hepmc.gz,0.4884,20000,Axial,DM+QCDjets,2000.0,300.0,1.0,0.25,atlas_exot_2018_06,EM1,6.1944395,6.005238,0.0206495,0.0170124
/home/yoxara/Insync/DMSimp_vector_axial_pp_xxj_NLO_eff/Events/run_117/events_PYTHIA8_0.hepmc.gz,0.4884,20000,Axial,DM+QCDjets,2000.0,300.0,1.0,0.25,atlas_exot_2018_06,EM2,3.0433166,3.0212784,0.0164137,0.0152002
/home/yoxara/Insync/DMSimp_vector_axial_pp_xxj_NLO_eff/Events/run_117/events_PYTHIA8_0.hepmc.gz,0.4884,20000,Axial,DM+QCDjets,2000.0,300.0,1.0,0.25,atlas_exot_2018_06,EM3,2.9845049,3.5961091,0.0077656,0.0105011
/home/yoxara/Insync/DMSimp_vector_axial_pp_xxj_NLO_eff/Events/run_117/events_PYTHIA8_0.hepmc.gz,0.4884,20000,Axial,DM+QCDjets,2000.0,300.0,1.0,0.25,atlas_exot_2018_06,EM4,1.3066176,1.8411694,0.0134134,0.0137618
/home/yoxara/Insync/DMSimp_vector_axial_pp_xxj_NLO_eff/Events/run_117/events_PYTHIA8_0.hepmc.gz,0.4884,20000,Axial,DM+QCDjets,2000.0,300.0,1.0,0.25,atlas_exot_2018_06,EM5,0.9664682,1.1822312,0.0063537,0.0095054
/home/yoxara/Insync/DMSimp_vector_axial_pp_xxj_NLO_eff/Events/run_117/events_PYTHIA8_0.hepmc.gz,0.4884,20000,Axial,DM+QCDjets,2000.0,300.0,1.0,0.25,atlas_exot_2018_06,EM6,0.7469127,1.0369012,0.0038828,0.0074399
/home/yoxara/Insync/DMSimp_vector_axial_pp_xxj_NLO_eff/Events/run_117/events_PYTHIA8_0.hepmc.gz,0.4884,20000,Axial,DM+QCDjets,2000.0,300.0,1.0,0.25,atlas_exot_2018_06,EM7,1.3634268,1.9785015,0.0010589,0.0038909
/home/yoxara/Insync/DMSimp_vector_axial_pp_xxj_NLO_eff/Events/run_117/events_PYTHIA8_0.hepmc.gz,0.4884,20000,Axial,DM+QCDjets,2000.0,300.0,1.0,0.25,atlas_exot_2018_06,EM8,0.5127486,0.5871482,0.0015884,0.0047641
/home/yoxara/Insync/DMSimp_vector_axial_pp_xxj_NLO_eff/Events/run_117/events_PYTHIA8_0.hepmc.gz,0.4884,20000,Axial,DM+QCDjets,2000.0,300.0,1.0,0.25,atlas_exot_2018_06,EM9,0.3960004,0.3346211,0.0012354,0.0042023
/home/yoxara/Insync/DMSimp_vector_axial_pp_xxj_NLO_eff/Events/run_117/events_PYTHIA8_0.hepmc.gz,0.4884,20000,Axial,DM+QCDjets,2000.0,300.0,1.0,0.25,atlas_exot_2018_06,EM10,-1.0,-1.0,0.0,0.0
/home/yoxara/Insync/DMSimp_vector_axial_pp_xxj_NLO_eff/Events/run_117/events_PYTHIA8_0.hepmc.gz,0.4884,20000,Axial,DM+QCDjets,2000.0,300.0,1.0,0.25,atlas_exot_2018_06,EM11,1.2430422,1.395273,0.0001765,0.0015891
/home/yoxara/Insync/DMSimp_vector_axial_pp_xxj_NLO_eff/Events/run_117/events_PYTHIA8_0.hepmc.gz,0.4884,20000,Axial,DM+QCDjets,2000.0,300.0,1.0,0.25,atlas_exot_2018_06,EM12,0.7211513,0.575752,0.000353,0.0022472
/home/yoxara/Insync/DMSimp_vector_axial_pp_xxj_NLO_eff/Events/run_118/events_PYTHIA8_0.hepmc.gz,0.4751,20000,Axial,DM+QCDjets,2000.0,350.0,1.0,0.25,atlas_exot_2018_06,IM0,6.2624086,7.9914187,0.0900902,0.034062
/home/yoxara/Insync/DMSimp_vector_axial_pp_xxj_NLO_eff/Events/run_118/events_PYTHIA8_0.hepmc.gz,0.4751,20000,Axial,DM+QCDjets,2000.0,350.0,1.0,0.25,atlas_exot_2018_06,IM1,3.1124549,3.9329315,0.0725726,0.0308644
/home/yoxara/Insync/DMSimp_vector_axial_pp_xxj_NLO_eff/Events/run_118/events_PYTHIA8_0.hepmc.gz,0.4751,20000,Axial,DM+QCDjets,2000.0,350.0,1.0,0.25,atlas_exot_2018_06,IM2,2.0769704,2.8552196,0.0543878,0.0269798
/home/yoxara/Insync/DMSimp_vector_axial_pp_xxj_NLO_eff/Events/run_118/events_PYTHIA8_0.hepmc.gz,0.4751,20000,Axial,DM+QCDjets,2000.0,350.0,1.0,0.25,atlas_exot_2018_06,IM3,1.4948013,2.2062068,0.0380381,0.0227573
/home/yoxara/Insync/DMSimp_vector_axial_pp_xxj_NLO_eff/Events/run_118/events_PYTHIA8_0.hepmc.gz,0.4751,20000,Axial,DM+QCDjets,2000.0,350.0,1.0,0.25,atlas_exot_2018_06,IM4,1.1016877,1.750194,0.0298632,0.0202496
/home/yoxara/Insync/DMSimp_vector_axial_pp_xxj_NLO_eff/Events/run_118/events_PYTHIA8_0.hepmc.gz,0.4751,20000,Axial,DM+QCDjets,2000.0,350.0,1.0,0.25,atlas_exot_2018_06,IM5,0.7521557,1.1396512,0.0191859,0.0163198
/home/yoxara/Insync/DMSimp_vector_axial_pp_xxj_NLO_eff/Events/run_118/events_PYTHIA8_0.hepmc.gz,0.4751,20000,Axial,DM+QCDjets,2000.0,350.0,1.0,0.25,atlas_exot_2018_06,IM6,0.6432893,0.9393245,0.0113447,0.0125994
/home/yoxara/Insync/DMSimp_vector_axial_pp_xxj_NLO_eff/Events/run_118/events_PYTHIA8_0.hepmc.gz,0.4751,20000,Axial,DM+QCDjets,2000.0,350.0,1.0,0.25,atlas_exot_2018_06,IM7,0.4684735,0.5526224,0.0076743,0.010382
/home/yoxara/Insync/DMSimp_vector_axial_pp_xxj_NLO_eff/Events/run_118/events_PYTHIA8_0.hepmc.gz,0.4751,20000,Axial,DM+QCDjets,2000.0,350.0,1.0,0.25,atlas_exot_2018_06,IM8,0.43055,0.4588144,0.0046713,0.0081121
/home/yoxara/Insync/DMSimp_vector_axial_pp_xxj_NLO_eff/Events/run_118/events_PYTHIA8_0.hepmc.gz,0.4751,20000,Axial,DM+QCDjets,2000.0,350.0,1.0,0.25,atlas_exot_2018_06,IM9,0.4220872,0.3959531,0.003003,0.0065096
/home/yoxara/Insync/DMSimp_vector_axial_pp_xxj_NLO_eff/Events/run_118/events_PYTHIA8_0.hepmc.gz,0.4751,20000,Axial,DM+QCDjets,2000.0,350.0,1.0,0.25,atlas_exot_2018_06,IM10,0.3484889,0.5406918,0.0026693,0.0061384
/home/yoxara/Insync/DMSimp_vector_axial_pp_xxj_NLO_eff/Events/run_118/events_PYTHIA8_0.hepmc.gz,0.4751,20000,Axial,DM+QCDjets,2000.0,350.0,1.0,0.25,atlas_exot_2018_06,IM11,0.3752183,0.3353915,0.0015015,0.0046065
/home/yoxara/Insync/DMSimp_vector_axial_pp_xxj_NLO_eff/Events/run_118/events_PYTHIA8_0.hepmc.gz,0.4751,20000,Axial,DM+QCDjets,2000.0,350.0,1.0,0.25,atlas_exot_2018_06,IM12,0.348743,0.2767084,0.001001,0.0037621
/home/yoxara/Insync/DMSimp_vector_axial_pp_xxj_NLO_eff/Events/run_118/events_PYTHIA8_0.hepmc.gz,0.4751,20000,Axial,DM+QCDjets,2000.0,350.0,1.0,0.25,atlas_exot_2018_06,EM0,20.9660349,23.4053439,0.0175175,0.0156074
/home/yoxara/Insync/DMSimp_vector_axial_pp_xxj_NLO_eff/Events/run_118/events_PYTHIA8_0.hepmc.gz,0.4751,20000,Axial,DM+QCDjets,2000.0,350.0,1.0,0.25,atlas_exot_2018_06,EM1,7.0012487,6.8272501,0.0181849,0.0158965
/home/yoxara/Insync/DMSimp_vector_axial_pp_xxj_NLO_eff/Events/run_118/events_PYTHIA8_0.hepmc.gz,0.4751,20000,Axial,DM+QCDjets,2000.0,350.0,1.0,0.25,atlas_exot_2018_06,EM2,3.0496876,3.0470184,0.0163497,0.0150871
/home/yoxara/Insync/DMSimp_vector_axial_pp_xxj_NLO_eff/Events/run_118/events_PYTHIA8_0.hepmc.gz,0.4751,20000,Axial,DM+QCDjets,2000.0,350.0,1.0,0.25,atlas_exot_2018_06,EM3,2.8298046,3.4219146,0.0081748,0.0107125
/home/yoxara/Insync/DMSimp_vector_axial_pp_xxj_NLO_eff/Events/run_118/events_PYTHIA8_0.hepmc.gz,0.4751,20000,Axial,DM+QCDjets,2000.0,350.0,1.0,0.25,atlas_exot_2018_06,EM4,1.6382461,2.3098887,0.0106774,0.0122274
/home/yoxara/Insync/DMSimp_vector_axial_pp_xxj_NLO_eff/Events/run_118/events_PYTHIA8_0.hepmc.gz,0.4751,20000,Axial,DM+QCDjets,2000.0,350.0,1.0,0.25,atlas_exot_2018_06,EM5,0.781349,0.9558468,0.0078412,0.0104933
/home/yoxara/Insync/DMSimp_vector_axial_pp_xxj_NLO_eff/Events/run_118/events_PYTHIA8_0.hepmc.gz,0.4751,20000,Axial,DM+QCDjets,2000.0,350.0,1.0,0.25,atlas_exot_2018_06,EM6,0.7915264,1.101609,0.0036703,0.0071943
/home/yoxara/Insync/DMSimp_vector_axial_pp_xxj_NLO_eff/Events/run_118/events_PYTHIA8_0.hepmc.gz,0.4751,20000,Axial,DM+QCDjets,2000.0,350.0,1.0,0.25,atlas_exot_2018_06,EM7,0.4791181,0.6971505,0.003003,0.0065096
/home/yoxara/Insync/DMSimp_vector_axial_pp_xxj_NLO_eff/Events/run_118/events_PYTHIA8_0.hepmc.gz,0.4751,20000,Axial,DM+QCDjets,2000.0,350.0,1.0,0.25,atlas_exot_2018_06,EM8,0.4868981,0.5577693,0.0016683,0.0048552
/home/yoxara/Insync/DMSimp_vector_axial_pp_xxj_NLO_eff/Events/run_118/events_PYTHIA8_0.hepmc.gz,0.4751,20000,Axial,DM+QCDjets,2000.0,350.0,1.0,0.25,atlas_exot_2018_06,EM9,1.465075,1.2496718,0.0003337,0.0021728
/home/yoxara/Insync/DMSimp_vector_axial_pp_xxj_NLO_eff/Events/run_118/events_PYTHIA8_0.hepmc.gz,0.4751,20000,Axial,DM+QCDjets,2000.0,350.0,1.0,0.25,atlas_exot_2018_06,EM10,0.2688102,0.5720572,0.0011678,0.0040632
/home/yoxara/Insync/DMSimp_vector_axial_pp_xxj_NLO_eff/Events/run_118/events_PYTHIA8_0.hepmc.gz,0.4751,20000,Axial,DM+QCDjets,2000.0,350.0,1.0,0.25,atlas_exot_2018_06,EM11,0.439899,0.4911786,0.0005005,0.0026609
/home/yoxara/Insync/DMSimp_vector_axial_pp_xxj_NLO_eff/Events/run_118/events_PYTHIA8_0.hepmc.gz,0.4751,20000,Axial,DM+QCDjets,2000.0,350.0,1.0,0.25,atlas_exot_2018_06,EM12,0.2539066,0.2051101,0.001001,0.0037621
/home/yoxara/Insync/DMSimp_vector_axial_pp_xxj_NLO_eff/Events/run_119/events_PYTHIA8_0.hepmc.gz,0.4301,20000,Axial,DM+QCDjets,2000.0,400.0,1.0,0.25,atlas_exot_2018_06,IM0,6.2837324,7.9527432,0.0901497,0.0357351
/home/yoxara/Insync/DMSimp_vector_axial_pp_xxj_NLO_eff/Events/run_119/events_PYTHIA8_0.hepmc.gz,0.4301,20000,Axial,DM+QCDjets,2000.0,400.0,1.0,0.25,atlas_exot_2018_06,IM1,3.3046908,4.1494432,0.0683954,0.0314962
/home/yoxara/Insync/DMSimp_vector_axial_pp_xxj_NLO_eff/Events/run_119/events_PYTHIA8_0.hepmc.gz,0.4301,20000,Axial,DM+QCDjets,2000.0,400.0,1.0,0.25,atlas_exot_2018_06,IM2,2.1997688,3.0146401,0.0516881,0.0276248
/home/yoxara/Insync/DMSimp_vector_axial_pp_xxj_NLO_eff/Events/run_119/events_PYTHIA8_0.hepmc.gz,0.4301,20000,Axial,DM+QCDjets,2000.0,400.0,1.0,0.25,atlas_exot_2018_06,IM3,1.3818728,2.0437198,0.0410721,0.0247625
/home/yoxara/Insync/DMSimp_vector_axial_pp_xxj_NLO_eff/Events/run_119/events_PYTHIA8_0.hepmc.gz,0.4301,20000,Axial,DM+QCDjets,2000.0,400.0,1.0,0.25,atlas_exot_2018_06,IM4,1.079939,1.7125118,0.030456,0.0214412
/home/yoxara/Insync/DMSimp_vector_axial_pp_xxj_NLO_eff/Events/run_119/events_PYTHIA8_0.hepmc.gz,0.4301,20000,Axial,DM+QCDjets,2000.0,400.0,1.0,0.25,atlas_exot_2018_06,IM5,0.7392287,1.1256727,0.0194918,0.0172497
/home/yoxara/Insync/DMSimp_vector_axial_pp_xxj_NLO_eff/Events/run_119/events_PYTHIA8_0.hepmc.gz,0.4301,20000,Axial,DM+QCDjets,2000.0,400.0,1.0,0.25,atlas_exot_2018_06,IM6,0.6137418,0.9038159,0.0118343,0.0134932
/home/yoxara/Insync/DMSimp_vector_axial_pp_xxj_NLO_eff/Events/run_119/events_PYTHIA8_0.hepmc.gz,0.4301,20000,Axial,DM+QCDjets,2000.0,400.0,1.0,0.25,atlas_exot_2018_06,IM7,0.5599934,0.6571021,0.0064393,0.0099803
/home/yoxara/Insync/DMSimp_vector_axial_pp_xxj_NLO_eff/Events/run_119/events_PYTHIA8_0.hepmc.gz,0.4301,20000,Axial,DM+QCDjets,2000.0,400.0,1.0,0.25,atlas_exot_2018_06,IM8,0.5001292,0.5347023,0.0040028,0.0078784
/home/yoxara/Insync/DMSimp_vector_axial_pp_xxj_NLO_eff/Events/run_119/events_PYTHIA8_0.hepmc.gz,0.4301,20000,Axial,DM+QCDjets,2000.0,400.0,1.0,0.25,atlas_exot_2018_06,IM9,0.4270186,0.4021131,0.0029586,0.0067768
/home/yoxara/Insync/DMSimp_vector_axial_pp_xxj_NLO_eff/Events/run_119/events_PYTHIA8_0.hepmc.gz,0.4301,20000,Axial,DM+QCDjets,2000.0,400.0,1.0,0.25,atlas_exot_2018_06,IM10,0.3838455,0.5912989,0.0024365,0.0061515
/home/yoxara/Insync/DMSimp_vector_axial_pp_xxj_NLO_eff/Events/run_119/events_PYTHIA8_0.hepmc.gz,0.4301,20000,Axial,DM+QCDjets,2000.0,400.0,1.0,0.25,atlas_exot_2018_06,IM11,0.3232192,0.2892559,0.0017403,0.0052008
/home/yoxara/Insync/DMSimp_vector_axial_pp_xxj_NLO_eff/Events/run_119/events_PYTHIA8_0.hepmc.gz,0.4301,20000,Axial,DM+QCDjets,2000.0,400.0,1.0,0.25,atlas_exot_2018_06,IM12,0.24957,0.1989421,0.0013923,0.0046525
/home/yoxara/Insync/DMSimp_vector_axial_pp_xxj_NLO_eff/Events/run_119/events_PYTHIA8_0.hepmc.gz,0.4301,20000,Axial,DM+QCDjets,2000.0,400.0,1.0,0.25,atlas_exot_2018_06,EM0,16.8933696,18.9008364,0.0217543,0.0182022
/home/yoxara/Insync/DMSimp_vector_axial_pp_xxj_NLO_eff/Events/run_119/events_PYTHIA8_0.hepmc.gz,0.4301,20000,Axial,DM+QCDjets,2000.0,400.0,1.0,0.25,atlas_exot_2018_06,EM1,7.6270156,7.45311,0.0167073,0.0159927
/home/yoxara/Insync/DMSimp_vector_axial_pp_xxj_NLO_eff/Events/run_119/events_PYTHIA8_0.hepmc.gz,0.4301,20000,Axial,DM+QCDjets,2000.0,400.0,1.0,0.25,atlas_exot_2018_06,EM2,4.7174805,4.6430507,0.0106161,0.0127877
/home/yoxara/Insync/DMSimp_vector_axial_pp_xxj_NLO_eff/Events/run_119/events_PYTHIA8_0.hepmc.gz,0.4301,20000,Axial,DM+QCDjets,2000.0,400.0,1.0,0.25,atlas_exot_2018_06,EM3,2.1779867,2.6418511,0.0106161,0.0127877
/home/yoxara/Insync/DMSimp_vector_axial_pp_xxj_NLO_eff/Events/run_119/events_PYTHIA8_0.hepmc.gz,0.4301,20000,Axial,DM+QCDjets,2000.0,400.0,1.0,0.25,atlas_exot_2018_06,EM4,1.6006799,2.25122,0.0109641,0.0129934
/home/yoxara/Insync/DMSimp_vector_axial_pp_xxj_NLO_eff/Events/run_119/events_PYTHIA8_0.hepmc.gz,0.4301,20000,Axial,DM+QCDjets,2000.0,400.0,1.0,0.25,atlas_exot_2018_06,EM5,0.8008555,0.979859,0.0076575,0.0108768
/home/yoxara/Insync/DMSimp_vector_axial_pp_xxj_NLO_eff/Events/run_119/events_PYTHIA8_0.hepmc.gz,0.4301,20000,Axial,DM+QCDjets,2000.0,400.0,1.0,0.25,atlas_exot_2018_06,EM6,0.5389974,0.7493076,0.0053951,0.0091401
/home/yoxara/Insync/DMSimp_vector_axial_pp_xxj_NLO_eff/Events/run_119/events_PYTHIA8_0.hepmc.gz,0.4301,20000,Axial,DM+QCDjets,2000.0,400.0,1.0,0.25,atlas_exot_2018_06,EM7,0.5927416,0.8596383,0.0024365,0.0061515
/home/yoxara/Insync/DMSimp_vector_axial_pp_xxj_NLO_eff/Events/run_119/events_PYTHIA8_0.hepmc.gz,0.4301,20000,Axial,DM+QCDjets,2000.0,400.0,1.0,0.25,atlas_exot_2018_06,EM8,0.778045,0.8897835,0.0010442,0.0040299
/home/yoxara/Insync/DMSimp_vector_axial_pp_xxj_NLO_eff/Events/run_119/events_PYTHIA8_0.hepmc.gz,0.4301,20000,Axial,DM+QCDjets,2000.0,400.0,1.0,0.25,atlas_exot_2018_06,EM9,0.939508,0.8012259,0.0005221,0.0028503
/home/yoxara/Insync/DMSimp_vector_axial_pp_xxj_NLO_eff/Events/run_119/events_PYTHIA8_0.hepmc.gz,0.4301,20000,Axial,DM+QCDjets,2000.0,400.0,1.0,0.25,atlas_exot_2018_06,EM10,0.450143,0.9589326,0.0006961,0.003291
/home/yoxara/Insync/DMSimp_vector_axial_pp_xxj_NLO_eff/Events/run_119/events_PYTHIA8_0.hepmc.gz,0.4301,20000,Axial,DM+QCDjets,2000.0,400.0,1.0,0.25,atlas_exot_2018_06,EM11,0.630261,0.7093464,0.0003481,0.0023275
/home/yoxara/Insync/DMSimp_vector_axial_pp_xxj_NLO_eff/Events/run_119/events_PYTHIA8_0.hepmc.gz,0.4301,20000,Axial,DM+QCDjets,2000.0,400.0,1.0,0.25,atlas_exot_2018_06,EM12,0.1830765,0.1475199,0.0013923,0.0046525
/home/yoxara/Insync/DMSimp_vector_axial_pp_xxj_NLO_eff/Events/run_120/events_PYTHIA8_0.hepmc.gz,0.4299,20000,Axial,DM+QCDjets,2000.0,450.0,1.0,0.25,atlas_exot_2018_06,IM0,5.982795,7.6198329,0.0945486,0.0374156
/home/yoxara/Insync/DMSimp_vector_axial_pp_xxj_NLO_eff/Events/run_120/events_PYTHIA8_0.hepmc.gz,0.4299,20000,Axial,DM+QCDjets,2000.0,450.0,1.0,0.25,atlas_exot_2018_06,IM1,3.2765624,4.1155078,0.0691652,0.0324469
/home/yoxara/Insync/DMSimp_vector_axial_pp_xxj_NLO_eff/Events/run_120/events_PYTHIA8_0.hepmc.gz,0.4299,20000,Axial,DM+QCDjets,2000.0,450.0,1.0,0.25,atlas_exot_2018_06,IM2,2.2497339,3.0841547,0.0504259,0.0279823
/home/yoxara/Insync/DMSimp_vector_axial_pp_xxj_NLO_eff/Events/run_120/events_PYTHIA8_0.hepmc.gz,0.4299,20000,Axial,DM+QCDjets,2000.0,450.0,1.0,0.25,atlas_exot_2018_06,IM3,1.540168,2.289146,0.0367973,0.0240746
/home/yoxara/Insync/DMSimp_vector_axial_pp_xxj_NLO_eff/Events/run_120/events_PYTHIA8_0.hepmc.gz,0.4299,20000,Axial,DM+QCDjets,2000.0,450.0,1.0,0.25,atlas_exot_2018_06,IM4,1.234879,1.9680959,0.0265758,0.0205678
/home/yoxara/Insync/DMSimp_vector_axial_pp_xxj_NLO_eff/Events/run_120/events_PYTHIA8_0.hepmc.gz,0.4299,20000,Axial,DM+QCDjets,2000.0,450.0,1.0,0.25,atlas_exot_2018_06,IM5,1.0479331,1.5821356,0.013799,0.0149176
/home/yoxara/Insync/DMSimp_vector_axial_pp_xxj_NLO_eff/Events/run_120/events_PYTHIA8_0.hepmc.gz,0.4299,20000,Axial,DM+QCDjets,2000.0,450.0,1.0,0.25,atlas_exot_2018_06,IM6,0.837212,1.2254506,0.0086882,0.0118676
/home/yoxara/Insync/DMSimp_vector_axial_pp_xxj_NLO_eff/Events/run_120/events_PYTHIA8_0.hepmc.gz,0.4299,20000,Axial,DM+QCDjets,2000.0,450.0,1.0,0.25,atlas_exot_2018_06,IM7,0.6601609,0.7767659,0.0054514,0.0094159
/home/yoxara/Insync/DMSimp_vector_axial_pp_xxj_NLO_eff/Events/run_120/events_PYTHIA8_0.hepmc.gz,0.4299,20000,Axial,DM+QCDjets,2000.0,450.0,1.0,0.25,atlas_exot_2018_06,IM8,0.6169589,0.663588,0.0032368,0.0072635
/home/yoxara/Insync/DMSimp_vector_axial_pp_xxj_NLO_eff/Events/run_120/events_PYTHIA8_0.hepmc.gz,0.4299,20000,Axial,DM+QCDjets,2000.0,450.0,1.0,0.25,atlas_exot_2018_06,IM9,0.5712262,0.5406222,0.0022147,0.0060112
/home/yoxara/Insync/DMSimp_vector_axial_pp_xxj_NLO_eff/Events/run_120/events_PYTHIA8_0.hepmc.gz,0.4299,20000,Axial,DM+QCDjets,2000.0,450.0,1.0,0.25,atlas_exot_2018_06,IM10,0.6833477,1.0555601,0.0013629,0.0047176
/home/yoxara/Insync/DMSimp_vector_axial_pp_xxj_NLO_eff/Events/run_120/events_PYTHIA8_0.hepmc.gz,0.4299,20000,Axial,DM+QCDjets,2000.0,450.0,1.0,0.25,atlas_exot_2018_06,IM11,0.8280526,0.7400871,0.0006814,0.003337
/home/yoxara/Insync/DMSimp_vector_axial_pp_xxj_NLO_eff/Events/run_120/events_PYTHIA8_0.hepmc.gz,0.4299,20000,Axial,DM+QCDjets,2000.0,450.0,1.0,0.25,atlas_exot_2018_06,IM12,0.6830558,0.5368233,0.0005111,0.0028902
/home/yoxara/Insync/DMSimp_vector_axial_pp_xxj_NLO_eff/Events/run_120/events_PYTHIA8_0.hepmc.gz,0.4299,20000,Axial,DM+QCDjets,2000.0,450.0,1.0,0.25,atlas_exot_2018_06,EM0,14.4479083,16.1856083,0.0253833,0.0201133
/home/yoxara/Insync/DMSimp_vector_axial_pp_xxj_NLO_eff/Events/run_120/events_PYTHIA8_0.hepmc.gz,0.4299,20000,Axial,DM+QCDjets,2000.0,450.0,1.0,0.25,atlas_exot_2018_06,EM1,6.7854221,6.6368784,0.0187394,0.0173405
/home/yoxara/Insync/DMSimp_vector_axial_pp_xxj_NLO_eff/Events/run_120/events_PYTHIA8_0.hepmc.gz,0.4299,20000,Axial,DM+QCDjets,2000.0,450.0,1.0,0.25,atlas_exot_2018_06,EM2,3.6632881,3.6403998,0.0136286,0.0148265
/home/yoxara/Insync/DMSimp_vector_axial_pp_xxj_NLO_eff/Events/run_120/events_PYTHIA8_0.hepmc.gz,0.4299,20000,Axial,DM+QCDjets,2000.0,450.0,1.0,0.25,atlas_exot_2018_06,EM3,2.2664104,2.7475189,0.0102215,0.0128623
/home/yoxara/Insync/DMSimp_vector_axial_pp_xxj_NLO_eff/Events/run_120/events_PYTHIA8_0.hepmc.gz,0.4299,20000,Axial,DM+QCDjets,2000.0,450.0,1.0,0.25,atlas_exot_2018_06,EM4,1.3689526,1.9289444,0.0127768,0.0143619
/home/yoxara/Insync/DMSimp_vector_axial_pp_xxj_NLO_eff/Events/run_120/events_PYTHIA8_0.hepmc.gz,0.4299,20000,Axial,DM+QCDjets,2000.0,450.0,1.0,0.25,atlas_exot_2018_06,EM5,1.1965386,1.4607584,0.0051107,0.0091185
/home/yoxara/Insync/DMSimp_vector_axial_pp_xxj_NLO_eff/Events/run_120/events_PYTHIA8_0.hepmc.gz,0.4299,20000,Axial,DM+QCDjets,2000.0,450.0,1.0,0.25,atlas_exot_2018_06,EM6,0.8963134,1.2456104,0.0032368,0.0072635
/home/yoxara/Insync/DMSimp_vector_axial_pp_xxj_NLO_eff/Events/run_120/events_PYTHIA8_0.hepmc.gz,0.4299,20000,Axial,DM+QCDjets,2000.0,450.0,1.0,0.25,atlas_exot_2018_06,EM7,0.6494718,0.9498808,0.0022147,0.0060112
/home/yoxara/Insync/DMSimp_vector_axial_pp_xxj_NLO_eff/Events/run_120/events_PYTHIA8_0.hepmc.gz,0.4299,20000,Axial,DM+QCDjets,2000.0,450.0,1.0,0.25,atlas_exot_2018_06,EM8,0.7983887,0.9120045,0.0010221,0.0040863
/home/yoxara/Insync/DMSimp_vector_axial_pp_xxj_NLO_eff/Events/run_120/events_PYTHIA8_0.hepmc.gz,0.4299,20000,Axial,DM+QCDjets,2000.0,450.0,1.0,0.25,atlas_exot_2018_06,EM9,0.573209,0.4906491,0.0008518,0.0037306
/home/yoxara/Insync/DMSimp_vector_axial_pp_xxj_NLO_eff/Events/run_120/events_PYTHIA8_0.hepmc.gz,0.4299,20000,Axial,DM+QCDjets,2000.0,450.0,1.0,0.25,atlas_exot_2018_06,EM10,0.4595188,0.9788707,0.0006814,0.003337
/home/yoxara/Insync/DMSimp_vector_axial_pp_xxj_NLO_eff/Events/run_120/events_PYTHIA8_0.hepmc.gz,0.4299,20000,Axial,DM+QCDjets,2000.0,450.0,1.0,0.25,atlas_exot_2018_06,EM11,1.2880684,1.4368049,0.0001704,0.0016689
/home/yoxara/Insync/DMSimp_vector_axial_pp_xxj_NLO_eff/Events/run_120/events_PYTHIA8_0.hepmc.gz,0.4299,20000,Axial,DM+QCDjets,2000.0,450.0,1.0,0.25,atlas_exot_2018_06,EM12,0.4965831,0.3974469,0.0005111,0.0028902
/home/yoxara/Insync/DMSimp_vector_axial_pp_xxj_NLO_eff/Events/run_121/events_PYTHIA8_0.hepmc.gz,0.3927,20000,Axial,DM+QCDjets,2000.0,500.0,1.0,0.25,atlas_exot_2018_06,IM0,6.6015499,8.4192316,0.0853161,0.0368408
/home/yoxara/Insync/DMSimp_vector_axial_pp_xxj_NLO_eff/Events/run_121/events_PYTHIA8_0.hepmc.gz,0.3927,20000,Axial,DM+QCDjets,2000.0,500.0,1.0,0.25,atlas_exot_2018_06,IM1,3.4724511,4.3712721,0.0650918,0.0325331
/home/yoxara/Insync/DMSimp_vector_axial_pp_xxj_NLO_eff/Events/run_121/events_PYTHIA8_0.hepmc.gz,0.3927,20000,Axial,DM+QCDjets,2000.0,500.0,1.0,0.25,atlas_exot_2018_06,IM2,2.2053713,3.0184381,0.0514956,0.0291463
/home/yoxara/Insync/DMSimp_vector_axial_pp_xxj_NLO_eff/Events/run_121/events_PYTHIA8_0.hepmc.gz,0.3927,20000,Axial,DM+QCDjets,2000.0,500.0,1.0,0.25,atlas_exot_2018_06,IM3,1.4578748,2.1348627,0.039259,0.0256124
/home/yoxara/Insync/DMSimp_vector_axial_pp_xxj_NLO_eff/Events/run_121/events_PYTHIA8_0.hepmc.gz,0.3927,20000,Axial,DM+QCDjets,2000.0,500.0,1.0,0.25,atlas_exot_2018_06,IM4,1.1507825,1.8337464,0.028552,0.0219637
/home/yoxara/Insync/DMSimp_vector_axial_pp_xxj_NLO_eff/Events/run_121/events_PYTHIA8_0.hepmc.gz,0.3927,20000,Axial,DM+QCDjets,2000.0,500.0,1.0,0.25,atlas_exot_2018_06,IM5,0.7707315,1.1675966,0.0186948,0.0178624
/home/yoxara/Insync/DMSimp_vector_axial_pp_xxj_NLO_eff/Events/run_121/events_PYTHIA8_0.hepmc.gz,0.3927,20000,Axial,DM+QCDjets,2000.0,500.0,1.0,0.25,atlas_exot_2018_06,IM6,0.5962339,0.871491,0.0122366,0.0144989
/home/yoxara/Insync/DMSimp_vector_axial_pp_xxj_NLO_eff/Events/run_121/events_PYTHIA8_0.hepmc.gz,0.3927,20000,Axial,DM+QCDjets,2000.0,500.0,1.0,0.25,atlas_exot_2018_06,IM7,0.5153608,0.6042334,0.006968,0.0109702
/home/yoxara/Insync/DMSimp_vector_axial_pp_xxj_NLO_eff/Events/run_121/events_PYTHIA8_0.hepmc.gz,0.3927,20000,Axial,DM+QCDjets,2000.0,500.0,1.0,0.25,atlas_exot_2018_06,IM8,0.4209963,0.450804,0.0047587,0.0090758
/home/yoxara/Insync/DMSimp_vector_axial_pp_xxj_NLO_eff/Events/run_121/events_PYTHIA8_0.hepmc.gz,0.3927,20000,Axial,DM+QCDjets,2000.0,500.0,1.0,0.25,atlas_exot_2018_06,IM9,0.3382228,0.3209272,0.003739,0.008049
/home/yoxara/Insync/DMSimp_vector_axial_pp_xxj_NLO_eff/Events/run_121/events_PYTHIA8_0.hepmc.gz,0.3927,20000,Axial,DM+QCDjets,2000.0,500.0,1.0,0.25,atlas_exot_2018_06,IM10,0.4990242,0.7723223,0.0018695,0.0056968
/home/yoxara/Insync/DMSimp_vector_axial_pp_xxj_NLO_eff/Events/run_121/events_PYTHIA8_0.hepmc.gz,0.3927,20000,Axial,DM+QCDjets,2000.0,500.0,1.0,0.25,atlas_exot_2018_06,IM11,0.828943,0.740296,0.0006798,0.0034374
/home/yoxara/Insync/DMSimp_vector_axial_pp_xxj_NLO_eff/Events/run_121/events_PYTHIA8_0.hepmc.gz,0.3927,20000,Axial,DM+QCDjets,2000.0,500.0,1.0,0.25,atlas_exot_2018_06,IM12,0.5111464,0.4051693,0.0006798,0.0034374
/home/yoxara/Insync/DMSimp_vector_axial_pp_xxj_NLO_eff/Events/run_121/events_PYTHIA8_0.hepmc.gz,0.3927,20000,Axial,DM+QCDjets,2000.0,500.0,1.0,0.25,atlas_exot_2018_06,EM0,18.0679099,20.302951,0.0202243,0.0185643
/home/yoxara/Insync/DMSimp_vector_axial_pp_xxj_NLO_eff/Events/run_121/events_PYTHIA8_0.hepmc.gz,0.3927,20000,Axial,DM+QCDjets,2000.0,500.0,1.0,0.25,atlas_exot_2018_06,EM1,9.3921958,9.1697707,0.0135962,0.0152726
/home/yoxara/Insync/DMSimp_vector_axial_pp_xxj_NLO_eff/Events/run_121/events_PYTHIA8_0.hepmc.gz,0.3927,20000,Axial,DM+QCDjets,2000.0,500.0,1.0,0.25,atlas_exot_2018_06,EM2,4.1046606,4.0428697,0.0122366,0.0144989
/home/yoxara/Insync/DMSimp_vector_axial_pp_xxj_NLO_eff/Events/run_121/events_PYTHIA8_0.hepmc.gz,0.3927,20000,Axial,DM+QCDjets,2000.0,500.0,1.0,0.25,atlas_exot_2018_06,EM3,2.1760553,2.6240416,0.010707,0.013573
/home/yoxara/Insync/DMSimp_vector_axial_pp_xxj_NLO_eff/Events/run_121/events_PYTHIA8_0.hepmc.gz,0.3927,20000,Axial,DM+QCDjets,2000.0,500.0,1.0,0.25,atlas_exot_2018_06,EM4,1.779355,2.4938574,0.0098572,0.0130288
/home/yoxara/Insync/DMSimp_vector_axial_pp_xxj_NLO_eff/Events/run_121/events_PYTHIA8_0.hepmc.gz,0.3927,20000,Axial,DM+QCDjets,2000.0,500.0,1.0,0.25,atlas_exot_2018_06,EM5,0.9500364,1.1561115,0.0064582,0.010564
/home/yoxara/Insync/DMSimp_vector_axial_pp_xxj_NLO_eff/Events/run_121/events_PYTHIA8_0.hepmc.gz,0.3927,20000,Axial,DM+QCDjets,2000.0,500.0,1.0,0.25,atlas_exot_2018_06,EM6,0.5508399,0.7657976,0.0052685,0.0095472
/home/yoxara/Insync/DMSimp_vector_axial_pp_xxj_NLO_eff/Events/run_121/events_PYTHIA8_0.hepmc.gz,0.3927,20000,Axial,DM+QCDjets,2000.0,500.0,1.0,0.25,atlas_exot_2018_06,EM7,0.6489465,0.9510349,0.0022094,0.006192
/home/yoxara/Insync/DMSimp_vector_axial_pp_xxj_NLO_eff/Events/run_121/events_PYTHIA8_0.hepmc.gz,0.3927,20000,Axial,DM+QCDjets,2000.0,500.0,1.0,0.25,atlas_exot_2018_06,EM8,0.7971217,0.9107281,0.0010197,0.0042092
/home/yoxara/Insync/DMSimp_vector_axial_pp_xxj_NLO_eff/Events/run_121/events_PYTHIA8_0.hepmc.gz,0.3927,20000,Axial,DM+QCDjets,2000.0,500.0,1.0,0.25,atlas_exot_2018_06,EM9,0.2627461,0.2231669,0.0018695,0.0056968
/home/yoxara/Insync/DMSimp_vector_axial_pp_xxj_NLO_eff/Events/run_121/events_PYTHIA8_0.hepmc.gz,0.3927,20000,Axial,DM+QCDjets,2000.0,500.0,1.0,0.25,atlas_exot_2018_06,EM10,0.2647741,0.5615971,0.0011897,0.004546
/home/yoxara/Insync/DMSimp_vector_axial_pp_xxj_NLO_eff/Events/run_121/events_PYTHIA8_0.hepmc.gz,0.3927,20000,Axial,DM+QCDjets,2000.0,500.0,1.0,0.25,atlas_exot_2018_06,EM11,-1.0,-1.0,0.0,0.0
/home/yoxara/Insync/DMSimp_vector_axial_pp_xxj_NLO_eff/Events/run_121/events_PYTHIA8_0.hepmc.gz,0.3927,20000,Axial,DM+QCDjets,2000.0,500.0,1.0,0.25,atlas_exot_2018_06,EM12,0.3747049,0.3007592,0.0006798,0.0034374
/home/yoxara/Insync/DMSimp_vector_axial_pp_xxj_NLO_eff/Events/run_122/events_PYTHIA8_0.hepmc.gz,0.3746,20000,Axial,DM+QCDjets,2000.0,550.0,1.0,0.25,atlas_exot_2018_06,IM0,6.3767313,8.0635833,0.0885191,0.0386186
/home/yoxara/Insync/DMSimp_vector_axial_pp_xxj_NLO_eff/Events/run_122/events_PYTHIA8_0.hepmc.gz,0.3746,20000,Axial,DM+QCDjets,2000.0,550.0,1.0,0.25,atlas_exot_2018_06,IM1,3.386481,4.2743972,0.0667221,0.0339269
/home/yoxara/Insync/DMSimp_vector_axial_pp_xxj_NLO_eff/Events/run_122/events_PYTHIA8_0.hepmc.gz,0.3746,20000,Axial,DM+QCDjets,2000.0,550.0,1.0,0.25,atlas_exot_2018_06,IM2,2.194227,3.0182747,0.0515807,0.030071
/home/yoxara/Insync/DMSimp_vector_axial_pp_xxj_NLO_eff/Events/run_122/events_PYTHIA8_0.hepmc.gz,0.3746,20000,Axial,DM+QCDjets,2000.0,550.0,1.0,0.25,atlas_exot_2018_06,IM3,1.5294035,2.2647791,0.0371048,0.0256985
/home/yoxara/Insync/DMSimp_vector_axial_pp_xxj_NLO_eff/Events/run_122/events_PYTHIA8_0.hepmc.gz,0.3746,20000,Axial,DM+QCDjets,2000.0,550.0,1.0,0.25,atlas_exot_2018_06,IM4,1.210392,1.9169168,0.0272879,0.0221503
/home/yoxara/Insync/DMSimp_vector_axial_pp_xxj_NLO_eff/Events/run_122/events_PYTHIA8_0.hepmc.gz,0.3746,20000,Axial,DM+QCDjets,2000.0,550.0,1.0,0.25,atlas_exot_2018_06,IM5,0.932316,1.4108319,0.0154742,0.0167811
/home/yoxara/Insync/DMSimp_vector_axial_pp_xxj_NLO_eff/Events/run_122/events_PYTHIA8_0.hepmc.gz,0.3746,20000,Axial,DM+QCDjets,2000.0,550.0,1.0,0.25,atlas_exot_2018_06,IM6,0.8374922,1.2346297,0.0086522,0.0125916
/home/yoxara/Insync/DMSimp_vector_axial_pp_xxj_NLO_eff/Events/run_122/events_PYTHIA8_0.hepmc.gz,0.3746,20000,Axial,DM+QCDjets,2000.0,550.0,1.0,0.25,atlas_exot_2018_06,IM7,0.5665132,0.6679111,0.0063228,0.0107766
/home/yoxara/Insync/DMSimp_vector_axial_pp_xxj_NLO_eff/Events/run_122/events_PYTHIA8_0.hepmc.gz,0.3746,20000,Axial,DM+QCDjets,2000.0,550.0,1.0,0.25,atlas_exot_2018_06,IM8,0.4624184,0.4960018,0.0043261,0.008923
/home/yoxara/Insync/DMSimp_vector_axial_pp_xxj_NLO_eff/Events/run_122/events_PYTHIA8_0.hepmc.gz,0.3746,20000,Axial,DM+QCDjets,2000.0,550.0,1.0,0.25,atlas_exot_2018_06,IM9,0.4003522,0.3772061,0.0031614,0.0076323
/home/yoxara/Insync/DMSimp_vector_axial_pp_xxj_NLO_eff/Events/run_122/events_PYTHIA8_0.hepmc.gz,0.3746,20000,Axial,DM+QCDjets,2000.0,550.0,1.0,0.25,atlas_exot_2018_06,IM10,0.511309,0.7860952,0.0018303,0.0058112
/home/yoxara/Insync/DMSimp_vector_axial_pp_xxj_NLO_eff/Events/run_122/events_PYTHIA8_0.hepmc.gz,0.3746,20000,Axial,DM+QCDjets,2000.0,550.0,1.0,0.25,atlas_exot_2018_06,IM11,0.5691074,0.5064501,0.0009983,0.0042936
/home/yoxara/Insync/DMSimp_vector_axial_pp_xxj_NLO_eff/Events/run_122/events_PYTHIA8_0.hepmc.gz,0.3746,20000,Axial,DM+QCDjets,2000.0,550.0,1.0,0.25,atlas_exot_2018_06,IM12,1.0488113,0.8360585,0.0003328,0.0024798
/home/yoxara/Insync/DMSimp_vector_axial_pp_xxj_NLO_eff/Events/run_122/events_PYTHIA8_0.hepmc.gz,0.3746,20000,Axial,DM+QCDjets,2000.0,550.0,1.0,0.25,atlas_exot_2018_06,EM0,16.8030946,18.7878773,0.021797,0.0198526
/home/yoxara/Insync/DMSimp_vector_axial_pp_xxj_NLO_eff/Events/run_122/events_PYTHIA8_0.hepmc.gz,0.3746,20000,Axial,DM+QCDjets,2000.0,550.0,1.0,0.25,atlas_exot_2018_06,EM1,8.3943859,8.2058179,0.0151414,0.0166025
/home/yoxara/Insync/DMSimp_vector_axial_pp_xxj_NLO_eff/Events/run_122/events_PYTHIA8_0.hepmc.gz,0.3746,20000,Axial,DM+QCDjets,2000.0,550.0,1.0,0.25,atlas_exot_2018_06,EM2,3.4362621,3.4238656,0.0144759,0.016239
/home/yoxara/Insync/DMSimp_vector_axial_pp_xxj_NLO_eff/Events/run_122/events_PYTHIA8_0.hepmc.gz,0.3746,20000,Axial,DM+QCDjets,2000.0,550.0,1.0,0.25,atlas_exot_2018_06,EM3,2.3659584,2.8549972,0.009817,0.0134045
/home/yoxara/Insync/DMSimp_vector_axial_pp_xxj_NLO_eff/Events/run_122/events_PYTHIA8_0.hepmc.gz,0.3746,20000,Axial,DM+QCDjets,2000.0,550.0,1.0,0.25,atlas_exot_2018_06,EM4,1.4734773,2.0908999,0.0118136,0.0146898
/home/yoxara/Insync/DMSimp_vector_axial_pp_xxj_NLO_eff/Events/run_122/events_PYTHIA8_0.hepmc.gz,0.3746,20000,Axial,DM+QCDjets,2000.0,550.0,1.0,0.25,atlas_exot_2018_06,EM5,0.8990359,1.095891,0.006822,0.0111911
/home/yoxara/Insync/DMSimp_vector_axial_pp_xxj_NLO_eff/Events/run_122/events_PYTHIA8_0.hepmc.gz,0.3746,20000,Axial,DM+QCDjets,2000.0,550.0,1.0,0.25,atlas_exot_2018_06,EM6,1.2533914,1.7301983,0.0023295,0.0065543
/home/yoxara/Insync/DMSimp_vector_axial_pp_xxj_NLO_eff/Events/run_122/events_PYTHIA8_0.hepmc.gz,0.3746,20000,Axial,DM+QCDjets,2000.0,550.0,1.0,0.25,atlas_exot_2018_06,EM7,0.7207118,1.0516345,0.0019967,0.0060691
/home/yoxara/Insync/DMSimp_vector_axial_pp_xxj_NLO_eff/Events/run_122/events_PYTHIA8_0.hepmc.gz,0.3746,20000,Axial,DM+QCDjets,2000.0,550.0,1.0,0.25,atlas_exot_2018_06,EM8,0.6940322,0.8013975,0.0011647,0.0046373
/home/yoxara/Insync/DMSimp_vector_axial_pp_xxj_NLO_eff/Events/run_122/events_PYTHIA8_0.hepmc.gz,0.3746,20000,Axial,DM+QCDjets,2000.0,550.0,1.0,0.25,atlas_exot_2018_06,EM9,0.366683,0.3111427,0.0013311,0.004957
/home/yoxara/Insync/DMSimp_vector_axial_pp_xxj_NLO_eff/Events/run_122/events_PYTHIA8_0.hepmc.gz,0.3746,20000,Axial,DM+QCDjets,2000.0,550.0,1.0,0.25,atlas_exot_2018_06,EM10,0.3765218,0.8032922,0.0008319,0.0039199
/home/yoxara/Insync/DMSimp_vector_axial_pp_xxj_NLO_eff/Events/run_122/events_PYTHIA8_0.hepmc.gz,0.3746,20000,Axial,DM+QCDjets,2000.0,550.0,1.0,0.25,atlas_exot_2018_06,EM11,0.3314616,0.3724233,0.0006656,0.0035063
/home/yoxara/Insync/DMSimp_vector_axial_pp_xxj_NLO_eff/Events/run_122/events_PYTHIA8_0.hepmc.gz,0.3746,20000,Axial,DM+QCDjets,2000.0,550.0,1.0,0.25,atlas_exot_2018_06,EM12,0.7667288,0.6106752,0.0003328,0.0024798
/home/yoxara/Insync/DMSimp_vector_axial_pp_xxj_NLO_eff/Events/run_123/events_PYTHIA8_0.hepmc.gz,0.3335,20000,Axial,DM+QCDjets,2000.0,600.0,1.0,0.25,atlas_exot_2018_06,IM0,5.8963874,7.5092834,0.0956779,0.0427851
/home/yoxara/Insync/DMSimp_vector_axial_pp_xxj_NLO_eff/Events/run_123/events_PYTHIA8_0.hepmc.gz,0.3335,20000,Axial,DM+QCDjets,2000.0,600.0,1.0,0.25,atlas_exot_2018_06,IM1,3.1802057,4.0063495,0.0711049,0.0373816
/home/yoxara/Insync/DMSimp_vector_axial_pp_xxj_NLO_eff/Events/run_123/events_PYTHIA8_0.hepmc.gz,0.3335,20000,Axial,DM+QCDjets,2000.0,600.0,1.0,0.25,atlas_exot_2018_06,IM2,2.1880472,2.9928353,0.0519345,0.0322754
/home/yoxara/Insync/DMSimp_vector_axial_pp_xxj_NLO_eff/Events/run_123/events_PYTHIA8_0.hepmc.gz,0.3335,20000,Axial,DM+QCDjets,2000.0,600.0,1.0,0.25,atlas_exot_2018_06,IM3,1.5493281,2.2569588,0.037121,0.0274992
/home/yoxara/Insync/DMSimp_vector_axial_pp_xxj_NLO_eff/Events/run_123/events_PYTHIA8_0.hepmc.gz,0.3335,20000,Axial,DM+QCDjets,2000.0,600.0,1.0,0.25,atlas_exot_2018_06,IM4,1.2701859,2.0331496,0.025793,0.0230569
/home/yoxara/Insync/DMSimp_vector_axial_pp_xxj_NLO_eff/Events/run_123/events_PYTHIA8_0.hepmc.gz,0.3335,20000,Axial,DM+QCDjets,2000.0,600.0,1.0,0.25,atlas_exot_2018_06,IM5,1.0226529,1.5512926,0.0141164,0.0171593
/home/yoxara/Insync/DMSimp_vector_axial_pp_xxj_NLO_eff/Events/run_123/events_PYTHIA8_0.hepmc.gz,0.3335,20000,Axial,DM+QCDjets,2000.0,600.0,1.0,0.25,atlas_exot_2018_06,IM6,0.9110817,1.3305186,0.0080167,0.0129711
/home/yoxara/Insync/DMSimp_vector_axial_pp_xxj_NLO_eff/Events/run_123/events_PYTHIA8_0.hepmc.gz,0.3335,20000,Axial,DM+QCDjets,2000.0,600.0,1.0,0.25,atlas_exot_2018_06,IM7,0.6853527,0.8077455,0.0052283,0.0104898
/home/yoxara/Insync/DMSimp_vector_axial_pp_xxj_NLO_eff/Events/run_123/events_PYTHIA8_0.hepmc.gz,0.3335,20000,Axial,DM+QCDjets,2000.0,600.0,1.0,0.25,atlas_exot_2018_06,IM8,0.7678117,0.8167762,0.0026142,0.0074271
/home/yoxara/Insync/DMSimp_vector_axial_pp_xxj_NLO_eff/Events/run_123/events_PYTHIA8_0.hepmc.gz,0.3335,20000,Axial,DM+QCDjets,2000.0,600.0,1.0,0.25,atlas_exot_2018_06,IM9,0.6042443,0.5696814,0.0020913,0.0066448
/home/yoxara/Insync/DMSimp_vector_axial_pp_xxj_NLO_eff/Events/run_123/events_PYTHIA8_0.hepmc.gz,0.3335,20000,Axial,DM+QCDjets,2000.0,600.0,1.0,0.25,atlas_exot_2018_06,IM10,0.7636136,1.1825244,0.0012199,0.0050773
/home/yoxara/Insync/DMSimp_vector_axial_pp_xxj_NLO_eff/Events/run_123/events_PYTHIA8_0.hepmc.gz,0.3335,20000,Axial,DM+QCDjets,2000.0,600.0,1.0,0.25,atlas_exot_2018_06,IM11,0.6471137,0.5787479,0.0008714,0.0042918
/home/yoxara/Insync/DMSimp_vector_axial_pp_xxj_NLO_eff/Events/run_123/events_PYTHIA8_0.hepmc.gz,0.3335,20000,Axial,DM+QCDjets,2000.0,600.0,1.0,0.25,atlas_exot_2018_06,IM12,1.9998746,1.5802867,0.0001743,0.00192
/home/yoxara/Insync/DMSimp_vector_axial_pp_xxj_NLO_eff/Events/run_123/events_PYTHIA8_0.hepmc.gz,0.3335,20000,Axial,DM+QCDjets,2000.0,600.0,1.0,0.25,atlas_exot_2018_06,EM0,14.9818468,16.7542125,0.024573,0.0225191
/home/yoxara/Insync/DMSimp_vector_axial_pp_xxj_NLO_eff/Events/run_123/events_PYTHIA8_0.hepmc.gz,0.3335,20000,Axial,DM+QCDjets,2000.0,600.0,1.0,0.25,atlas_exot_2018_06,EM1,6.6468176,6.4964466,0.0191704,0.0199452
/home/yoxara/Insync/DMSimp_vector_axial_pp_xxj_NLO_eff/Events/run_123/events_PYTHIA8_0.hepmc.gz,0.3335,20000,Axial,DM+QCDjets,2000.0,600.0,1.0,0.25,atlas_exot_2018_06,EM2,3.3725302,3.3559503,0.0148135,0.0175717
/home/yoxara/Insync/DMSimp_vector_axial_pp_xxj_NLO_eff/Events/run_123/events_PYTHIA8_0.hepmc.gz,0.3335,20000,Axial,DM+QCDjets,2000.0,600.0,1.0,0.25,atlas_exot_2018_06,EM3,2.0412163,2.4776982,0.011328,0.0153932
/home/yoxara/Insync/DMSimp_vector_axial_pp_xxj_NLO_eff/Events/run_123/events_PYTHIA8_0.hepmc.gz,0.3335,20000,Axial,DM+QCDjets,2000.0,600.0,1.0,0.25,atlas_exot_2018_06,EM4,1.5003894,2.1174127,0.0116765,0.0156254
/home/yoxara/Insync/DMSimp_vector_axial_pp_xxj_NLO_eff/Events/run_123/events_PYTHIA8_0.hepmc.gz,0.3335,20000,Axial,DM+QCDjets,2000.0,600.0,1.0,0.25,atlas_exot_2018_06,EM5,1.0087593,1.2336609,0.0060997,0.0113253
/home/yoxara/Insync/DMSimp_vector_axial_pp_xxj_NLO_eff/Events/run_123/events_PYTHIA8_0.hepmc.gz,0.3335,20000,Axial,DM+QCDjets,2000.0,600.0,1.0,0.25,atlas_exot_2018_06,EM6,1.0470543,1.4468618,0.0027884,0.0076701
/home/yoxara/Insync/DMSimp_vector_axial_pp_xxj_NLO_eff/Events/run_123/events_PYTHIA8_0.hepmc.gz,0.3335,20000,Axial,DM+QCDjets,2000.0,600.0,1.0,0.25,atlas_exot_2018_06,EM7,0.5504482,0.8007577,0.0026142,0.0074271
/home/yoxara/Insync/DMSimp_vector_axial_pp_xxj_NLO_eff/Events/run_123/events_PYTHIA8_0.hepmc.gz,0.3335,20000,Axial,DM+QCDjets,2000.0,600.0,1.0,0.25,atlas_exot_2018_06,EM8,1.5551512,1.7785603,0.0005228,0.003325
/home/yoxara/Insync/DMSimp_vector_axial_pp_xxj_NLO_eff/Events/run_123/events_PYTHIA8_0.hepmc.gz,0.3335,20000,Axial,DM+QCDjets,2000.0,600.0,1.0,0.25,atlas_exot_2018_06,EM9,0.5628858,0.4783282,0.0008714,0.0042918
/home/yoxara/Insync/DMSimp_vector_axial_pp_xxj_NLO_eff/Events/run_123/events_PYTHIA8_0.hepmc.gz,0.3335,20000,Axial,DM+QCDjets,2000.0,600.0,1.0,0.25,atlas_exot_2018_06,EM10,0.898779,1.9146883,0.0003486,0.0027151
/home/yoxara/Insync/DMSimp_vector_axial_pp_xxj_NLO_eff/Events/run_123/events_PYTHIA8_0.hepmc.gz,0.3335,20000,Axial,DM+QCDjets,2000.0,600.0,1.0,0.25,atlas_exot_2018_06,EM11,0.3142532,0.353691,0.0006971,0.003839
/home/yoxara/Insync/DMSimp_vector_axial_pp_xxj_NLO_eff/Events/run_123/events_PYTHIA8_0.hepmc.gz,0.3335,20000,Axial,DM+QCDjets,2000.0,600.0,1.0,0.25,atlas_exot_2018_06,EM12,1.4662748,1.1651049,0.0001743,0.00192
/home/yoxara/Insync/DMSimp_vector_axial_pp_xxj_NLO_eff/Events/run_124/events_PYTHIA8_0.hepmc.gz,0.2981,20000,Axial,DM+QCDjets,2000.0,650.0,1.0,0.25,atlas_exot_2018_06,IM0,6.3122245,7.9883709,0.0894632,0.0431099
/home/yoxara/Insync/DMSimp_vector_axial_pp_xxj_NLO_eff/Events/run_124/events_PYTHIA8_0.hepmc.gz,0.2981,20000,Axial,DM+QCDjets,2000.0,650.0,1.0,0.25,atlas_exot_2018_06,IM1,3.348572,4.1995446,0.0675944,0.0379196
/home/yoxara/Insync/DMSimp_vector_axial_pp_xxj_NLO_eff/Events/run_124/events_PYTHIA8_0.hepmc.gz,0.2981,20000,Axial,DM+QCDjets,2000.0,650.0,1.0,0.25,atlas_exot_2018_06,IM2,2.2700068,3.1174085,0.0498675,0.0328781
/home/yoxara/Insync/DMSimp_vector_axial_pp_xxj_NLO_eff/Events/run_124/events_PYTHIA8_0.hepmc.gz,0.2981,20000,Axial,DM+QCDjets,2000.0,650.0,1.0,0.25,atlas_exot_2018_06,IM3,1.5793496,2.3224789,0.0361166,0.028182
/home/yoxara/Insync/DMSimp_vector_axial_pp_xxj_NLO_eff/Events/run_124/events_PYTHIA8_0.hepmc.gz,0.2981,20000,Axial,DM+QCDjets,2000.0,650.0,1.0,0.25,atlas_exot_2018_06,IM4,1.2349924,1.9498635,0.026839,0.0244107
/home/yoxara/Insync/DMSimp_vector_axial_pp_xxj_NLO_eff/Events/run_124/events_PYTHIA8_0.hepmc.gz,0.2981,20000,Axial,DM+QCDjets,2000.0,650.0,1.0,0.25,atlas_exot_2018_06,IM5,1.0772318,1.6250609,0.0134195,0.0173796
/home/yoxara/Insync/DMSimp_vector_axial_pp_xxj_NLO_eff/Events/run_124/events_PYTHIA8_0.hepmc.gz,0.2981,20000,Axial,DM+QCDjets,2000.0,650.0,1.0,0.25,atlas_exot_2018_06,IM6,0.8302545,1.2138501,0.0087806,0.0140914
/home/yoxara/Insync/DMSimp_vector_axial_pp_xxj_NLO_eff/Events/run_124/events_PYTHIA8_0.hepmc.gz,0.2981,20000,Axial,DM+QCDjets,2000.0,650.0,1.0,0.25,atlas_exot_2018_06,IM7,0.8351607,0.9843239,0.0043075,0.0098919
/home/yoxara/Insync/DMSimp_vector_axial_pp_xxj_NLO_eff/Events/run_124/events_PYTHIA8_0.hepmc.gz,0.2981,20000,Axial,DM+QCDjets,2000.0,650.0,1.0,0.25,atlas_exot_2018_06,IM8,0.8087015,0.8602098,0.0024851,0.0075203
/home/yoxara/Insync/DMSimp_vector_axial_pp_xxj_NLO_eff/Events/run_124/events_PYTHIA8_0.hepmc.gz,0.2981,20000,Axial,DM+QCDjets,2000.0,650.0,1.0,0.25,atlas_exot_2018_06,IM9,1.0986098,1.0336233,0.0011597,0.0051408
/home/yoxara/Insync/DMSimp_vector_axial_pp_xxj_NLO_eff/Events/run_124/events_PYTHIA8_0.hepmc.gz,0.2981,20000,Axial,DM+QCDjets,2000.0,650.0,1.0,0.25,atlas_exot_2018_06,IM10,2.8302523,4.354209,0.0003313,0.002749
/home/yoxara/Insync/DMSimp_vector_axial_pp_xxj_NLO_eff/Events/run_124/events_PYTHIA8_0.hepmc.gz,0.2981,20000,Axial,DM+QCDjets,2000.0,650.0,1.0,0.25,atlas_exot_2018_06,IM11,0.8496995,0.7590987,0.0006627,0.003887
/home/yoxara/Insync/DMSimp_vector_axial_pp_xxj_NLO_eff/Events/run_124/events_PYTHIA8_0.hepmc.gz,0.2981,20000,Axial,DM+QCDjets,2000.0,650.0,1.0,0.25,atlas_exot_2018_06,IM12,0.5257518,0.4171528,0.0006627,0.003887
/home/yoxara/Insync/DMSimp_vector_axial_pp_xxj_NLO_eff/Events/run_124/events_PYTHIA8_0.hepmc.gz,0.2981,20000,Axial,DM+QCDjets,2000.0,650.0,1.0,0.25,atlas_exot_2018_06,EM0,16.8012209,18.7177966,0.0218688,0.0220911
/home/yoxara/Insync/DMSimp_vector_axial_pp_xxj_NLO_eff/Events/run_124/events_PYTHIA8_0.hepmc.gz,0.2981,20000,Axial,DM+QCDjets,2000.0,650.0,1.0,0.25,atlas_exot_2018_06,EM1,7.1851175,7.0044394,0.017727,0.0199315
/home/yoxara/Insync/DMSimp_vector_axial_pp_xxj_NLO_eff/Events/run_124/events_PYTHIA8_0.hepmc.gz,0.2981,20000,Axial,DM+QCDjets,2000.0,650.0,1.0,0.25,atlas_exot_2018_06,EM2,3.6266145,3.6149282,0.0137508,0.0175899
/home/yoxara/Insync/DMSimp_vector_axial_pp_xxj_NLO_eff/Events/run_124/events_PYTHIA8_0.hepmc.gz,0.2981,20000,Axial,DM+QCDjets,2000.0,650.0,1.0,0.25,atlas_exot_2018_06,EM3,2.5048668,3.0198934,0.0092777,0.0144811
/home/yoxara/Insync/DMSimp_vector_axial_pp_xxj_NLO_eff/Events/run_124/events_PYTHIA8_0.hepmc.gz,0.2981,20000,Axial,DM+QCDjets,2000.0,650.0,1.0,0.25,atlas_exot_2018_06,EM4,1.3035442,1.8348796,0.0134195,0.0173796
/home/yoxara/Insync/DMSimp_vector_axial_pp_xxj_NLO_eff/Events/run_124/events_PYTHIA8_0.hepmc.gz,0.2981,20000,Axial,DM+QCDjets,2000.0,650.0,1.0,0.25,atlas_exot_2018_06,EM5,1.3255207,1.6120867,0.0046388,0.0102636
/home/yoxara/Insync/DMSimp_vector_axial_pp_xxj_NLO_eff/Events/run_124/events_PYTHIA8_0.hepmc.gz,0.2981,20000,Axial,DM+QCDjets,2000.0,650.0,1.0,0.25,atlas_exot_2018_06,EM6,0.6461899,0.9005623,0.0044732,0.0100795
/home/yoxara/Insync/DMSimp_vector_axial_pp_xxj_NLO_eff/Events/run_124/events_PYTHIA8_0.hepmc.gz,0.2981,20000,Axial,DM+QCDjets,2000.0,650.0,1.0,0.25,atlas_exot_2018_06,EM7,0.7885073,1.1559074,0.0018224,0.0064422
/home/yoxara/Insync/DMSimp_vector_axial_pp_xxj_NLO_eff/Events/run_124/events_PYTHIA8_0.hepmc.gz,0.2981,20000,Axial,DM+QCDjets,2000.0,650.0,1.0,0.25,atlas_exot_2018_06,EM8,0.6091836,0.702179,0.0013254,0.0054953
/home/yoxara/Insync/DMSimp_vector_axial_pp_xxj_NLO_eff/Events/run_124/events_PYTHIA8_0.hepmc.gz,0.2981,20000,Axial,DM+QCDjets,2000.0,650.0,1.0,0.25,atlas_exot_2018_06,EM9,0.5917873,0.5018232,0.0008284,0.0043455
/home/yoxara/Insync/DMSimp_vector_axial_pp_xxj_NLO_eff/Events/run_124/events_PYTHIA8_0.hepmc.gz,0.2981,20000,Axial,DM+QCDjets,2000.0,650.0,1.0,0.25,atlas_exot_2018_06,EM10,-1.0,-1.0,0.0,0.0
/home/yoxara/Insync/DMSimp_vector_axial_pp_xxj_NLO_eff/Events/run_124/events_PYTHIA8_0.hepmc.gz,0.2981,20000,Axial,DM+QCDjets,2000.0,650.0,1.0,0.25,atlas_exot_2018_06,EM11,-1.0,-1.0,0.0,0.0
/home/yoxara/Insync/DMSimp_vector_axial_pp_xxj_NLO_eff/Events/run_124/events_PYTHIA8_0.hepmc.gz,0.2981,20000,Axial,DM+QCDjets,2000.0,650.0,1.0,0.25,atlas_exot_2018_06,EM12,0.381904,0.3093929,0.0006627,0.003887
/home/yoxara/Insync/DMSimp_vector_axial_pp_xxj_NLO_eff/Events/run_125/events_PYTHIA8_0.hepmc.gz,0.2554,20000,Axial,DM+QCDjets,2000.0,700.0,1.0,0.25,atlas_exot_2018_06,IM0,6.2630997,7.9742762,0.0899085,0.0469572
/home/yoxara/Insync/DMSimp_vector_axial_pp_xxj_NLO_eff/Events/run_125/events_PYTHIA8_0.hepmc.gz,0.2554,20000,Axial,DM+QCDjets,2000.0,700.0,1.0,0.25,atlas_exot_2018_06,IM1,3.2782115,4.1167264,0.0690823,0.0416292
/home/yoxara/Insync/DMSimp_vector_axial_pp_xxj_NLO_eff/Events/run_125/events_PYTHIA8_0.hepmc.gz,0.2554,20000,Axial,DM+QCDjets,2000.0,700.0,1.0,0.25,atlas_exot_2018_06,IM2,2.0819799,2.86639,0.0543515,0.037216
/home/yoxara/Insync/DMSimp_vector_axial_pp_xxj_NLO_eff/Events/run_125/events_PYTHIA8_0.hepmc.gz,0.2554,20000,Axial,DM+QCDjets,2000.0,700.0,1.0,0.25,atlas_exot_2018_06,IM3,1.3979694,2.0569596,0.040806,0.0324769
/home/yoxara/Insync/DMSimp_vector_axial_pp_xxj_NLO_eff/Events/run_125/events_PYTHIA8_0.hepmc.gz,0.2554,20000,Axial,DM+QCDjets,2000.0,700.0,1.0,0.25,atlas_exot_2018_06,IM4,1.1210748,1.7758056,0.0294616,0.0277583
/home/yoxara/Insync/DMSimp_vector_axial_pp_xxj_NLO_eff/Events/run_125/events_PYTHIA8_0.hepmc.gz,0.2554,20000,Axial,DM+QCDjets,2000.0,700.0,1.0,0.25,atlas_exot_2018_06,IM5,0.7686207,1.1668462,0.0187944,0.0222922
/home/yoxara/Insync/DMSimp_vector_axial_pp_xxj_NLO_eff/Events/run_125/events_PYTHIA8_0.hepmc.gz,0.2554,20000,Axial,DM+QCDjets,2000.0,700.0,1.0,0.25,atlas_exot_2018_06,IM6,0.6537298,0.9551435,0.0111751,0.0172561
/home/yoxara/Insync/DMSimp_vector_axial_pp_xxj_NLO_eff/Events/run_125/events_PYTHIA8_0.hepmc.gz,0.2554,20000,Axial,DM+QCDjets,2000.0,700.0,1.0,0.25,atlas_exot_2018_06,IM7,0.51819,0.6091005,0.0069421,0.0136299
/home/yoxara/Insync/DMSimp_vector_axial_pp_xxj_NLO_eff/Events/run_125/events_PYTHIA8_0.hepmc.gz,0.2554,20000,Axial,DM+QCDjets,2000.0,700.0,1.0,0.25,atlas_exot_2018_06,IM8,0.5365574,0.5777135,0.003725,0.0100003
/home/yoxara/Insync/DMSimp_vector_axial_pp_xxj_NLO_eff/Events/run_125/events_PYTHIA8_0.hepmc.gz,0.2554,20000,Axial,DM+QCDjets,2000.0,700.0,1.0,0.25,atlas_exot_2018_06,IM9,0.5739333,0.5459623,0.0022012,0.0076932
/home/yoxara/Insync/DMSimp_vector_axial_pp_xxj_NLO_eff/Events/run_125/events_PYTHIA8_0.hepmc.gz,0.2554,20000,Axial,DM+QCDjets,2000.0,700.0,1.0,0.25,atlas_exot_2018_06,IM10,0.6896637,1.0658346,0.0013546,0.0060376
/home/yoxara/Insync/DMSimp_vector_axial_pp_xxj_NLO_eff/Events/run_125/events_PYTHIA8_0.hepmc.gz,0.2554,20000,Axial,DM+QCDjets,2000.0,700.0,1.0,0.25,atlas_exot_2018_06,IM11,0.8352182,0.7466086,0.0006773,0.0042707
/home/yoxara/Insync/DMSimp_vector_axial_pp_xxj_NLO_eff/Events/run_125/events_PYTHIA8_0.hepmc.gz,0.2554,20000,Axial,DM+QCDjets,2000.0,700.0,1.0,0.25,atlas_exot_2018_06,IM12,0.5162709,0.4128639,0.0006773,0.0042707
/home/yoxara/Insync/DMSimp_vector_axial_pp_xxj_NLO_eff/Events/run_125/events_PYTHIA8_0.hepmc.gz,0.2554,20000,Axial,DM+QCDjets,2000.0,700.0,1.0,0.25,atlas_exot_2018_06,EM0,17.7224844,19.6810814,0.0208263,0.023442
/home/yoxara/Insync/DMSimp_vector_axial_pp_xxj_NLO_eff/Events/run_125/events_PYTHIA8_0.hepmc.gz,0.2554,20000,Axial,DM+QCDjets,2000.0,700.0,1.0,0.25,atlas_exot_2018_06,EM1,8.6733382,8.4146105,0.0147308,0.0197765
/home/yoxara/Insync/DMSimp_vector_axial_pp_xxj_NLO_eff/Events/run_125/events_PYTHIA8_0.hepmc.gz,0.2554,20000,Axial,DM+QCDjets,2000.0,700.0,1.0,0.25,atlas_exot_2018_06,EM2,3.6869239,3.6483751,0.0135455,0.0189756
/home/yoxara/Insync/DMSimp_vector_axial_pp_xxj_NLO_eff/Events/run_125/events_PYTHIA8_0.hepmc.gz,0.2554,20000,Axial,DM+QCDjets,2000.0,700.0,1.0,0.25,atlas_exot_2018_06,EM3,2.0410947,2.4626928,0.0113444,0.0173849
/home/yoxara/Insync/DMSimp_vector_axial_pp_xxj_NLO_eff/Events/run_125/events_PYTHIA8_0.hepmc.gz,0.2554,20000,Axial,DM+QCDjets,2000.0,700.0,1.0,0.25,atlas_exot_2018_06,EM4,1.6386163,2.3127045,0.0106671,0.0168637
/home/yoxara/Insync/DMSimp_vector_axial_pp_xxj_NLO_eff/Events/run_125/events_PYTHIA8_0.hepmc.gz,0.2554,20000,Axial,DM+QCDjets,2000.0,700.0,1.0,0.25,atlas_exot_2018_06,EM5,0.806806,0.9791207,0.0076194,0.0142744
/home/yoxara/Insync/DMSimp_vector_axial_pp_xxj_NLO_eff/Events/run_125/events_PYTHIA8_0.hepmc.gz,0.2554,20000,Axial,DM+QCDjets,2000.0,700.0,1.0,0.25,atlas_exot_2018_06,EM6,0.6874672,0.9492528,0.004233,0.0106576
/home/yoxara/Insync/DMSimp_vector_axial_pp_xxj_NLO_eff/Events/run_125/events_PYTHIA8_0.hepmc.gz,0.2554,20000,Axial,DM+QCDjets,2000.0,700.0,1.0,0.25,atlas_exot_2018_06,EM7,0.4468101,0.6515342,0.0032171,0.0092959
/home/yoxara/Insync/DMSimp_vector_axial_pp_xxj_NLO_eff/Events/run_125/events_PYTHIA8_0.hepmc.gz,0.2554,20000,Axial,DM+QCDjets,2000.0,700.0,1.0,0.25,atlas_exot_2018_06,EM8,0.5323828,0.6092263,0.0015239,0.0064033
/home/yoxara/Insync/DMSimp_vector_axial_pp_xxj_NLO_eff/Events/run_125/events_PYTHIA8_0.hepmc.gz,0.2554,20000,Axial,DM+QCDjets,2000.0,700.0,1.0,0.25,atlas_exot_2018_06,EM9,0.5749896,0.49192,0.0008466,0.0047743
/home/yoxara/Insync/DMSimp_vector_axial_pp_xxj_NLO_eff/Events/run_125/events_PYTHIA8_0.hepmc.gz,0.2554,20000,Axial,DM+QCDjets,2000.0,700.0,1.0,0.25,atlas_exot_2018_06,EM10,0.4624704,0.9863809,0.0006773,0.0042707
/home/yoxara/Insync/DMSimp_vector_axial_pp_xxj_NLO_eff/Events/run_125/events_PYTHIA8_0.hepmc.gz,0.2554,20000,Axial,DM+QCDjets,2000.0,700.0,1.0,0.25,atlas_exot_2018_06,EM11,-1.0,-1.0,0.0,0.0
/home/yoxara/Insync/DMSimp_vector_axial_pp_xxj_NLO_eff/Events/run_125/events_PYTHIA8_0.hepmc.gz,0.2554,20000,Axial,DM+QCDjets,2000.0,700.0,1.0,0.25,atlas_exot_2018_06,EM12,0.3767462,0.3008833,0.0006773,0.0042707
/home/yoxara/Insync/DMSimp_vector_axial_pp_xxj_NLO_eff/Events/run_126/events_PYTHIA8_0.hepmc.gz,0.2194,20000,Axial,DM+QCDjets,2000.0,750.0,1.0,0.25,atlas_exot_2018_06,IM0,6.4545332,8.2140213,0.0872299,0.0498951
/home/yoxara/Insync/DMSimp_vector_axial_pp_xxj_NLO_eff/Events/run_126/events_PYTHIA8_0.hepmc.gz,0.2194,20000,Axial,DM+QCDjets,2000.0,750.0,1.0,0.25,atlas_exot_2018_06,IM1,3.6308082,4.5838888,0.062238,0.0427187
/home/yoxara/Insync/DMSimp_vector_axial_pp_xxj_NLO_eff/Events/run_126/events_PYTHIA8_0.hepmc.gz,0.2194,20000,Axial,DM+QCDjets,2000.0,750.0,1.0,0.25,atlas_exot_2018_06,IM2,2.7284049,3.7422184,0.0414382,0.0352415
/home/yoxara/Insync/DMSimp_vector_axial_pp_xxj_NLO_eff/Events/run_126/events_PYTHIA8_0.hepmc.gz,0.2194,20000,Axial,DM+QCDjets,2000.0,750.0,1.0,0.25,atlas_exot_2018_06,IM3,1.9055633,2.8114149,0.0298291,0.0300807
/home/yoxara/Insync/DMSimp_vector_axial_pp_xxj_NLO_eff/Events/run_126/events_PYTHIA8_0.hepmc.gz,0.2194,20000,Axial,DM+QCDjets,2000.0,750.0,1.0,0.25,atlas_exot_2018_06,IM4,1.4648327,2.3347921,0.0224121,0.0261736
/home/yoxara/Insync/DMSimp_vector_axial_pp_xxj_NLO_eff/Events/run_126/events_PYTHIA8_0.hepmc.gz,0.2194,20000,Axial,DM+QCDjets,2000.0,750.0,1.0,0.25,atlas_exot_2018_06,IM5,1.1456618,1.7442582,0.0125766,0.019705
/home/yoxara/Insync/DMSimp_vector_axial_pp_xxj_NLO_eff/Events/run_126/events_PYTHIA8_0.hepmc.gz,0.2194,20000,Axial,DM+QCDjets,2000.0,750.0,1.0,0.25,atlas_exot_2018_06,IM6,1.1355545,1.6487541,0.0064495,0.0141548
/home/yoxara/Insync/DMSimp_vector_axial_pp_xxj_NLO_eff/Events/run_126/events_PYTHIA8_0.hepmc.gz,0.2194,20000,Axial,DM+QCDjets,2000.0,750.0,1.0,0.25,atlas_exot_2018_06,IM7,0.9278454,1.0908982,0.0038697,0.0109785
/home/yoxara/Insync/DMSimp_vector_axial_pp_xxj_NLO_eff/Events/run_126/events_PYTHIA8_0.hepmc.gz,0.2194,20000,Axial,DM+QCDjets,2000.0,750.0,1.0,0.25,atlas_exot_2018_06,IM8,1.0331095,1.1083682,0.0019349,0.0077705
/home/yoxara/Insync/DMSimp_vector_axial_pp_xxj_NLO_eff/Events/run_126/events_PYTHIA8_0.hepmc.gz,0.2194,20000,Axial,DM+QCDjets,2000.0,750.0,1.0,0.25,atlas_exot_2018_06,IM9,0.8703148,0.8247154,0.0014511,0.0067311
/home/yoxara/Insync/DMSimp_vector_axial_pp_xxj_NLO_eff/Events/run_126/events_PYTHIA8_0.hepmc.gz,0.2194,20000,Axial,DM+QCDjets,2000.0,750.0,1.0,0.25,atlas_exot_2018_06,IM10,1.4483721,2.2361282,0.000645,0.0044892
/home/yoxara/Insync/DMSimp_vector_axial_pp_xxj_NLO_eff/Events/run_126/events_PYTHIA8_0.hepmc.gz,0.2194,20000,Axial,DM+QCDjets,2000.0,750.0,1.0,0.25,atlas_exot_2018_06,IM11,1.7476874,1.5587338,0.0003225,0.0031749
/home/yoxara/Insync/DMSimp_vector_axial_pp_xxj_NLO_eff/Events/run_126/events_PYTHIA8_0.hepmc.gz,0.2194,20000,Axial,DM+QCDjets,2000.0,750.0,1.0,0.25,atlas_exot_2018_06,IM12,1.083422,0.8602632,0.0003225,0.0031749
/home/yoxara/Insync/DMSimp_vector_axial_pp_xxj_NLO_eff/Events/run_126/events_PYTHIA8_0.hepmc.gz,0.2194,20000,Axial,DM+QCDjets,2000.0,750.0,1.0,0.25,atlas_exot_2018_06,EM0,14.6217505,16.4351006,0.0249919,0.0276025
/home/yoxara/Insync/DMSimp_vector_axial_pp_xxj_NLO_eff/Events/run_126/events_PYTHIA8_0.hepmc.gz,0.2194,20000,Axial,DM+QCDjets,2000.0,750.0,1.0,0.25,atlas_exot_2018_06,EM1,6.1331979,5.9810445,0.0207997,0.0252353
/home/yoxara/Insync/DMSimp_vector_axial_pp_xxj_NLO_eff/Events/run_126/events_PYTHIA8_0.hepmc.gz,0.2194,20000,Axial,DM+QCDjets,2000.0,750.0,1.0,0.25,atlas_exot_2018_06,EM2,4.3014572,4.2550398,0.0116092,0.0189413
/home/yoxara/Insync/DMSimp_vector_axial_pp_xxj_NLO_eff/Events/run_126/events_PYTHIA8_0.hepmc.gz,0.2194,20000,Axial,DM+QCDjets,2000.0,750.0,1.0,0.25,atlas_exot_2018_06,EM3,3.1242005,3.7821717,0.007417,0.0151719
/home/yoxara/Insync/DMSimp_vector_axial_pp_xxj_NLO_eff/Events/run_126/events_PYTHIA8_0.hepmc.gz,0.2194,20000,Axial,DM+QCDjets,2000.0,750.0,1.0,0.25,atlas_exot_2018_06,EM4,1.7746275,2.5136737,0.0098355,0.0174501
/home/yoxara/Insync/DMSimp_vector_axial_pp_xxj_NLO_eff/Events/run_126/events_PYTHIA8_0.hepmc.gz,0.2194,20000,Axial,DM+QCDjets,2000.0,750.0,1.0,0.25,atlas_exot_2018_06,EM5,1.0029265,1.2258107,0.0061271,0.0137986
/home/yoxara/Insync/DMSimp_vector_axial_pp_xxj_NLO_eff/Events/run_126/events_PYTHIA8_0.hepmc.gz,0.2194,20000,Axial,DM+QCDjets,2000.0,750.0,1.0,0.25,atlas_exot_2018_06,EM6,1.129293,1.5617127,0.0025798,0.0089697
/home/yoxara/Insync/DMSimp_vector_axial_pp_xxj_NLO_eff/Events/run_126/events_PYTHIA8_0.hepmc.gz,0.2194,20000,Axial,DM+QCDjets,2000.0,750.0,1.0,0.25,atlas_exot_2018_06,EM7,0.7419487,1.0832895,0.0019349,0.0077705
/home/yoxara/Insync/DMSimp_vector_axial_pp_xxj_NLO_eff/Events/run_126/events_PYTHIA8_0.hepmc.gz,0.2194,20000,Axial,DM+QCDjets,2000.0,750.0,1.0,0.25,atlas_exot_2018_06,EM8,1.6827611,1.9247266,0.0004837,0.0038881
/home/yoxara/Insync/DMSimp_vector_axial_pp_xxj_NLO_eff/Events/run_126/events_PYTHIA8_0.hepmc.gz,0.2194,20000,Axial,DM+QCDjets,2000.0,750.0,1.0,0.25,atlas_exot_2018_06,EM9,0.6054188,0.5163542,0.0008062,0.0050187
/home/yoxara/Insync/DMSimp_vector_axial_pp_xxj_NLO_eff/Events/run_126/events_PYTHIA8_0.hepmc.gz,0.2194,20000,Axial,DM+QCDjets,2000.0,750.0,1.0,0.25,atlas_exot_2018_06,EM10,0.9706295,2.0710595,0.0003225,0.0031749
/home/yoxara/Insync/DMSimp_vector_axial_pp_xxj_NLO_eff/Events/run_126/events_PYTHIA8_0.hepmc.gz,0.2194,20000,Axial,DM+QCDjets,2000.0,750.0,1.0,0.25,atlas_exot_2018_06,EM11,-1.0,-1.0,0.0,0.0
/home/yoxara/Insync/DMSimp_vector_axial_pp_xxj_NLO_eff/Events/run_126/events_PYTHIA8_0.hepmc.gz,0.2194,20000,Axial,DM+QCDjets,2000.0,750.0,1.0,0.25,atlas_exot_2018_06,EM12,0.7894611,0.6355963,0.0003225,0.0031749
/home/yoxara/Insync/DMSimp_vector_axial_pp_xxj_NLO_eff/Events/run_127/events_PYTHIA8_0.hepmc.gz,0.1748,20000,Axial,DM+QCDjets,2000.0,800.0,1.0,0.25,atlas_exot_2018_06,IM0,6.146628,7.8095659,0.0918106,0.0572623
/home/yoxara/Insync/DMSimp_vector_axial_pp_xxj_NLO_eff/Events/run_127/events_PYTHIA8_0.hepmc.gz,0.1748,20000,Axial,DM+QCDjets,2000.0,800.0,1.0,0.25,atlas_exot_2018_06,IM1,3.1627806,3.9872511,0.0711772,0.0509883
/home/yoxara/Insync/DMSimp_vector_axial_pp_xxj_NLO_eff/Events/run_127/events_PYTHIA8_0.hepmc.gz,0.1748,20000,Axial,DM+QCDjets,2000.0,800.0,1.0,0.25,atlas_exot_2018_06,IM2,2.1254577,2.9074667,0.0535828,0.0446569
/home/yoxara/Insync/DMSimp_vector_axial_pp_xxj_NLO_eff/Events/run_127/events_PYTHIA8_0.hepmc.gz,0.1748,20000,Axial,DM+QCDjets,2000.0,800.0,1.0,0.25,atlas_exot_2018_06,IM3,1.5205887,2.2276491,0.037588,0.0377171
/home/yoxara/Insync/DMSimp_vector_axial_pp_xxj_NLO_eff/Events/run_127/events_PYTHIA8_0.hepmc.gz,0.1748,20000,Axial,DM+QCDjets,2000.0,800.0,1.0,0.25,atlas_exot_2018_06,IM4,1.0588388,1.6775382,0.03119,0.0344716
/home/yoxara/Insync/DMSimp_vector_axial_pp_xxj_NLO_eff/Events/run_127/events_PYTHIA8_0.hepmc.gz,0.1748,20000,Axial,DM+QCDjets,2000.0,800.0,1.0,0.25,atlas_exot_2018_06,IM5,0.7467023,1.1283754,0.0193538,0.0273195
/home/yoxara/Insync/DMSimp_vector_axial_pp_xxj_NLO_eff/Events/run_127/events_PYTHIA8_0.hepmc.gz,0.1748,20000,Axial,DM+QCDjets,2000.0,800.0,1.0,0.25,atlas_exot_2018_06,IM6,0.7013956,1.0244437,0.0103967,0.0201146
/home/yoxara/Insync/DMSimp_vector_axial_pp_xxj_NLO_eff/Events/run_127/events_PYTHIA8_0.hepmc.gz,0.1748,20000,Axial,DM+QCDjets,2000.0,800.0,1.0,0.25,atlas_exot_2018_06,IM7,0.5496245,0.6440817,0.0065579,0.0160062
/home/yoxara/Insync/DMSimp_vector_axial_pp_xxj_NLO_eff/Events/run_127/events_PYTHIA8_0.hepmc.gz,0.1748,20000,Axial,DM+QCDjets,2000.0,800.0,1.0,0.25,atlas_exot_2018_06,IM8,0.4483936,0.479011,0.0044786,0.0132412
/home/yoxara/Insync/DMSimp_vector_axial_pp_xxj_NLO_eff/Events/run_127/events_PYTHIA8_0.hepmc.gz,0.1748,20000,Axial,DM+QCDjets,2000.0,800.0,1.0,0.25,atlas_exot_2018_06,IM9,0.5271879,0.496078,0.0023992,0.0097017
/home/yoxara/Insync/DMSimp_vector_axial_pp_xxj_NLO_eff/Events/run_127/events_PYTHIA8_0.hepmc.gz,0.1748,20000,Axial,DM+QCDjets,2000.0,800.0,1.0,0.25,atlas_exot_2018_06,IM10,0.6452997,1.0,0.0014395,0.0075185
/home/yoxara/Insync/DMSimp_vector_axial_pp_xxj_NLO_eff/Events/run_127/events_PYTHIA8_0.hepmc.gz,0.1748,20000,Axial,DM+QCDjets,2000.0,800.0,1.0,0.25,atlas_exot_2018_06,IM11,0.8807831,0.7875476,0.0006398,0.0050144
/home/yoxara/Insync/DMSimp_vector_axial_pp_xxj_NLO_eff/Events/run_127/events_PYTHIA8_0.hepmc.gz,0.1748,20000,Axial,DM+QCDjets,2000.0,800.0,1.0,0.25,atlas_exot_2018_06,IM12,0.5474456,0.4343707,0.0006398,0.0050144
/home/yoxara/Insync/DMSimp_vector_axial_pp_xxj_NLO_eff/Events/run_127/events_PYTHIA8_0.hepmc.gz,0.1748,20000,Axial,DM+QCDjets,2000.0,800.0,1.0,0.25,atlas_exot_2018_06,EM0,17.8138171,19.8460343,0.0206334,0.0281898
/home/yoxara/Insync/DMSimp_vector_axial_pp_xxj_NLO_eff/Events/run_127/events_PYTHIA8_0.hepmc.gz,0.1748,20000,Axial,DM+QCDjets,2000.0,800.0,1.0,0.25,atlas_exot_2018_06,EM1,7.2614086,7.0629906,0.0175944,0.0260715
/home/yoxara/Insync/DMSimp_vector_axial_pp_xxj_NLO_eff/Events/run_127/events_PYTHIA8_0.hepmc.gz,0.1748,20000,Axial,DM+QCDjets,2000.0,800.0,1.0,0.25,atlas_exot_2018_06,EM2,3.1375255,3.105922,0.0159949,0.0248784
/home/yoxara/Insync/DMSimp_vector_axial_pp_xxj_NLO_eff/Events/run_127/events_PYTHIA8_0.hepmc.gz,0.1748,20000,Axial,DM+QCDjets,2000.0,800.0,1.0,0.25,atlas_exot_2018_06,EM3,3.6108997,4.3786907,0.0063979,0.015811
/home/yoxara/Insync/DMSimp_vector_axial_pp_xxj_NLO_eff/Events/run_127/events_PYTHIA8_0.hepmc.gz,0.1748,20000,Axial,DM+QCDjets,2000.0,800.0,1.0,0.25,atlas_exot_2018_06,EM4,1.4751602,2.0855808,0.0118362,0.0214464
/home/yoxara/Insync/DMSimp_vector_axial_pp_xxj_NLO_eff/Events/run_127/events_PYTHIA8_0.hepmc.gz,0.1748,20000,Axial,DM+QCDjets,2000.0,800.0,1.0,0.25,atlas_exot_2018_06,EM5,0.6859939,0.8355171,0.0089571,0.0186838
/home/yoxara/Insync/DMSimp_vector_axial_pp_xxj_NLO_eff/Events/run_127/events_PYTHIA8_0.hepmc.gz,0.1748,20000,Axial,DM+QCDjets,2000.0,800.0,1.0,0.25,atlas_exot_2018_06,EM6,0.7576777,1.0534192,0.0038388,0.0122629
/home/yoxara/Insync/DMSimp_vector_axial_pp_xxj_NLO_eff/Events/run_127/events_PYTHIA8_0.hepmc.gz,0.1748,20000,Axial,DM+QCDjets,2000.0,800.0,1.0,0.25,atlas_exot_2018_06,EM7,0.690332,1.0086619,0.0020793,0.0090333
/home/yoxara/Insync/DMSimp_vector_axial_pp_xxj_NLO_eff/Events/run_127/events_PYTHIA8_0.hepmc.gz,0.1748,20000,Axial,DM+QCDjets,2000.0,800.0,1.0,0.25,atlas_exot_2018_06,EM8,0.3891209,0.4493206,0.0020793,0.0090333
/home/yoxara/Insync/DMSimp_vector_axial_pp_xxj_NLO_eff/Events/run_127/events_PYTHIA8_0.hepmc.gz,0.1748,20000,Axial,DM+QCDjets,2000.0,800.0,1.0,0.25,atlas_exot_2018_06,EM9,0.5074234,0.4334576,0.0009597,0.0061403
/home/yoxara/Insync/DMSimp_vector_axial_pp_xxj_NLO_eff/Events/run_127/events_PYTHIA8_0.hepmc.gz,0.1748,20000,Axial,DM+QCDjets,2000.0,800.0,1.0,0.25,atlas_exot_2018_06,EM10,0.3906145,0.8340554,0.0007997,0.0056058
/home/yoxara/Insync/DMSimp_vector_axial_pp_xxj_NLO_eff/Events/run_127/events_PYTHIA8_0.hepmc.gz,0.1748,20000,Axial,DM+QCDjets,2000.0,800.0,1.0,0.25,atlas_exot_2018_06,EM11,-1.0,-1.0,0.0,0.0
/home/yoxara/Insync/DMSimp_vector_axial_pp_xxj_NLO_eff/Events/run_127/events_PYTHIA8_0.hepmc.gz,0.1748,20000,Axial,DM+QCDjets,2000.0,800.0,1.0,0.25,atlas_exot_2018_06,EM12,0.3978826,0.32294,0.0006398,0.0050144
/home/yoxara/Insync/DMSimp_vector_axial_pp_xxj_NLO_eff/Events/run_128/events_PYTHIA8_0.hepmc.gz,0.3104,20000,Axial,DM+QCDjets,2250.0,0.0,1.0,0.25,atlas_exot_2018_06,IM0,6.1628048,7.8381701,0.0914369,0.0427785
/home/yoxara/Insync/DMSimp_vector_axial_pp_xxj_NLO_eff/Events/run_128/events_PYTHIA8_0.hepmc.gz,0.3104,20000,Axial,DM+QCDjets,2250.0,0.0,1.0,0.25,atlas_exot_2018_06,IM1,3.1108288,3.8927001,0.0729318,0.0385924
/home/yoxara/Insync/DMSimp_vector_axial_pp_xxj_NLO_eff/Events/run_128/events_PYTHIA8_0.hepmc.gz,0.3104,20000,Axial,DM+QCDjets,2250.0,0.0,1.0,0.25,atlas_exot_2018_06,IM2,2.0580361,2.8229421,0.0551524,0.0338805
/home/yoxara/Insync/DMSimp_vector_axial_pp_xxj_NLO_eff/Events/run_128/events_PYTHIA8_0.hepmc.gz,0.3104,20000,Axial,DM+QCDjets,2250.0,0.0,1.0,0.25,atlas_exot_2018_06,IM3,1.3862156,2.0613572,0.04082,0.029368
/home/yoxara/Insync/DMSimp_vector_axial_pp_xxj_NLO_eff/Events/run_128/events_PYTHIA8_0.hepmc.gz,0.3104,20000,Axial,DM+QCDjets,2250.0,0.0,1.0,0.25,atlas_exot_2018_06,IM4,1.0915418,1.7385641,0.0301161,0.0253657
/home/yoxara/Insync/DMSimp_vector_axial_pp_xxj_NLO_eff/Events/run_128/events_PYTHIA8_0.hepmc.gz,0.3104,20000,Axial,DM+QCDjets,2250.0,0.0,1.0,0.25,atlas_exot_2018_06,IM5,0.9063075,1.3659975,0.0159652,0.0186028
/home/yoxara/Insync/DMSimp_vector_axial_pp_xxj_NLO_eff/Events/run_128/events_PYTHIA8_0.hepmc.gz,0.3104,20000,Axial,DM+QCDjets,2250.0,0.0,1.0,0.25,atlas_exot_2018_06,IM6,0.745535,1.0882801,0.0097968,0.0146181
/home/yoxara/Insync/DMSimp_vector_axial_pp_xxj_NLO_eff/Events/run_128/events_PYTHIA8_0.hepmc.gz,0.3104,20000,Axial,DM+QCDjets,2250.0,0.0,1.0,0.25,atlas_exot_2018_06,IM7,0.6169575,0.7297228,0.0058055,0.0112757
/home/yoxara/Insync/DMSimp_vector_axial_pp_xxj_NLO_eff/Events/run_128/events_PYTHIA8_0.hepmc.gz,0.3104,20000,Axial,DM+QCDjets,2250.0,0.0,1.0,0.25,atlas_exot_2018_06,IM8,0.5797999,0.6221038,0.003447,0.0086988
/home/yoxara/Insync/DMSimp_vector_axial_pp_xxj_NLO_eff/Events/run_128/events_PYTHIA8_0.hepmc.gz,0.3104,20000,Axial,DM+QCDjets,2250.0,0.0,1.0,0.25,atlas_exot_2018_06,IM9,0.698317,0.656656,0.0018142,0.0063159
/home/yoxara/Insync/DMSimp_vector_axial_pp_xxj_NLO_eff/Events/run_128/events_PYTHIA8_0.hepmc.gz,0.3104,20000,Axial,DM+QCDjets,2250.0,0.0,1.0,0.25,atlas_exot_2018_06,IM10,1.7103986,2.6480805,0.0005443,0.0034616
/home/yoxara/Insync/DMSimp_vector_axial_pp_xxj_NLO_eff/Events/run_128/events_PYTHIA8_0.hepmc.gz,0.3104,20000,Axial,DM+QCDjets,2250.0,0.0,1.0,0.25,atlas_exot_2018_06,IM11,1.5494241,1.3967252,0.0003628,0.0028266
/home/yoxara/Insync/DMSimp_vector_axial_pp_xxj_NLO_eff/Events/run_128/events_PYTHIA8_0.hepmc.gz,0.3104,20000,Axial,DM+QCDjets,2250.0,0.0,1.0,0.25,atlas_exot_2018_06,IM12,1.925546,1.5348214,0.0001814,0.0019989
/home/yoxara/Insync/DMSimp_vector_axial_pp_xxj_NLO_eff/Events/run_128/events_PYTHIA8_0.hepmc.gz,0.3104,20000,Axial,DM+QCDjets,2250.0,0.0,1.0,0.25,atlas_exot_2018_06,EM0,19.7944046,22.2395331,0.0185051,0.0200021
/home/yoxara/Insync/DMSimp_vector_axial_pp_xxj_NLO_eff/Events/run_128/events_PYTHIA8_0.hepmc.gz,0.3104,20000,Axial,DM+QCDjets,2250.0,0.0,1.0,0.25,atlas_exot_2018_06,EM1,7.1872214,7.0038045,0.0177794,0.0196133
/home/yoxara/Insync/DMSimp_vector_axial_pp_xxj_NLO_eff/Events/run_128/events_PYTHIA8_0.hepmc.gz,0.3104,20000,Axial,DM+QCDjets,2250.0,0.0,1.0,0.25,atlas_exot_2018_06,EM2,3.4826448,3.4661798,0.0143324,0.0176405
/home/yoxara/Insync/DMSimp_vector_axial_pp_xxj_NLO_eff/Events/run_128/events_PYTHIA8_0.hepmc.gz,0.3104,20000,Axial,DM+QCDjets,2250.0,0.0,1.0,0.25,atlas_exot_2018_06,EM3,2.165767,2.6218609,0.0107039,0.0152729
/home/yoxara/Insync/DMSimp_vector_axial_pp_xxj_NLO_eff/Events/run_128/events_PYTHIA8_0.hepmc.gz,0.3104,20000,Axial,DM+QCDjets,2250.0,0.0,1.0,0.25,atlas_exot_2018_06,EM4,1.2405826,1.7341092,0.0141509,0.0175301
/home/yoxara/Insync/DMSimp_vector_axial_pp_xxj_NLO_eff/Events/run_128/events_PYTHIA8_0.hepmc.gz,0.3104,20000,Axial,DM+QCDjets,2250.0,0.0,1.0,0.25,atlas_exot_2018_06,EM5,0.9969368,1.2180234,0.0061684,0.0116206
/home/yoxara/Insync/DMSimp_vector_axial_pp_xxj_NLO_eff/Events/run_128/events_PYTHIA8_0.hepmc.gz,0.3104,20000,Axial,DM+QCDjets,2250.0,0.0,1.0,0.25,atlas_exot_2018_06,EM6,0.7312429,1.0116489,0.0039913,0.0093578
/home/yoxara/Insync/DMSimp_vector_axial_pp_xxj_NLO_eff/Events/run_128/events_PYTHIA8_0.hepmc.gz,0.3104,20000,Axial,DM+QCDjets,2250.0,0.0,1.0,0.25,atlas_exot_2018_06,EM7,0.6108995,0.888051,0.0023585,0.0071993
/home/yoxara/Insync/DMSimp_vector_axial_pp_xxj_NLO_eff/Events/run_128/events_PYTHIA8_0.hepmc.gz,0.3104,20000,Axial,DM+QCDjets,2250.0,0.0,1.0,0.25,atlas_exot_2018_06,EM8,0.4973569,0.5684863,0.0016328,0.0059924
/home/yoxara/Insync/DMSimp_vector_axial_pp_xxj_NLO_eff/Events/run_128/events_PYTHIA8_0.hepmc.gz,0.3104,20000,Axial,DM+QCDjets,2250.0,0.0,1.0,0.25,atlas_exot_2018_06,EM9,0.3854358,0.3296815,0.00127,0.0052857
/home/yoxara/Insync/DMSimp_vector_axial_pp_xxj_NLO_eff/Events/run_128/events_PYTHIA8_0.hepmc.gz,0.3104,20000,Axial,DM+QCDjets,2250.0,0.0,1.0,0.25,atlas_exot_2018_06,EM10,1.717764,3.6729909,0.0001814,0.0019989
/home/yoxara/Insync/DMSimp_vector_axial_pp_xxj_NLO_eff/Events/run_128/events_PYTHIA8_0.hepmc.gz,0.3104,20000,Axial,DM+QCDjets,2250.0,0.0,1.0,0.25,atlas_exot_2018_06,EM11,1.2087155,1.3699297,0.0001814,0.0019989
/home/yoxara/Insync/DMSimp_vector_axial_pp_xxj_NLO_eff/Events/run_128/events_PYTHIA8_0.hepmc.gz,0.3104,20000,Axial,DM+QCDjets,2250.0,0.0,1.0,0.25,atlas_exot_2018_06,EM12,1.4053234,1.1355451,0.0001814,0.0019989
/home/yoxara/Insync/DMSimp_vector_axial_pp_xxj_NLO_eff/Events/run_129/events_PYTHIA8_0.hepmc.gz,0.3106,20000,Axial,DM+QCDjets,2250.0,50.0,1.0,0.25,atlas_exot_2018_06,IM0,6.1507079,7.8429055,0.0914054,0.0426173
/home/yoxara/Insync/DMSimp_vector_axial_pp_xxj_NLO_eff/Events/run_129/events_PYTHIA8_0.hepmc.gz,0.3106,20000,Axial,DM+QCDjets,2250.0,50.0,1.0,0.25,atlas_exot_2018_06,IM1,3.3229817,4.1598814,0.0683339,0.0373132
/home/yoxara/Insync/DMSimp_vector_axial_pp_xxj_NLO_eff/Events/run_129/events_PYTHIA8_0.hepmc.gz,0.3106,20000,Axial,DM+QCDjets,2250.0,50.0,1.0,0.25,atlas_exot_2018_06,IM2,2.1413445,2.9388075,0.0526594,0.0330298
/home/yoxara/Insync/DMSimp_vector_axial_pp_xxj_NLO_eff/Events/run_129/events_PYTHIA8_0.hepmc.gz,0.3106,20000,Axial,DM+QCDjets,2250.0,50.0,1.0,0.25,atlas_exot_2018_06,IM3,1.4664079,2.1526144,0.0389222,0.0286017
/home/yoxara/Insync/DMSimp_vector_axial_pp_xxj_NLO_eff/Events/run_129/events_PYTHIA8_0.hepmc.gz,0.3106,20000,Axial,DM+QCDjets,2250.0,50.0,1.0,0.25,atlas_exot_2018_06,IM4,1.1376905,1.8097866,0.0288834,0.0247671
/home/yoxara/Insync/DMSimp_vector_axial_pp_xxj_NLO_eff/Events/run_129/events_PYTHIA8_0.hepmc.gz,0.3106,20000,Axial,DM+QCDjets,2250.0,50.0,1.0,0.25,atlas_exot_2018_06,IM5,0.9183838,1.4035748,0.0156745,0.0183688
/home/yoxara/Insync/DMSimp_vector_axial_pp_xxj_NLO_eff/Events/run_129/events_PYTHIA8_0.hepmc.gz,0.3106,20000,Axial,DM+QCDjets,2250.0,50.0,1.0,0.25,atlas_exot_2018_06,IM6,0.74084,1.0810676,0.0098626,0.0146136
/home/yoxara/Insync/DMSimp_vector_axial_pp_xxj_NLO_eff/Events/run_129/events_PYTHIA8_0.hepmc.gz,0.3106,20000,Axial,DM+QCDjets,2250.0,50.0,1.0,0.25,atlas_exot_2018_06,IM7,0.4748047,0.5581729,0.0075731,0.0128204
/home/yoxara/Insync/DMSimp_vector_axial_pp_xxj_NLO_eff/Events/run_129/events_PYTHIA8_0.hepmc.gz,0.3106,20000,Axial,DM+QCDjets,2250.0,50.0,1.0,0.25,atlas_exot_2018_06,IM8,0.5966359,0.6395969,0.0033462,0.0085402
/home/yoxara/Insync/DMSimp_vector_axial_pp_xxj_NLO_eff/Events/run_129/events_PYTHIA8_0.hepmc.gz,0.3106,20000,Axial,DM+QCDjets,2250.0,50.0,1.0,0.25,atlas_exot_2018_06,IM9,0.6510283,0.6144075,0.0019373,0.0065027
/home/yoxara/Insync/DMSimp_vector_axial_pp_xxj_NLO_eff/Events/run_129/events_PYTHIA8_0.hepmc.gz,0.3106,20000,Axial,DM+QCDjets,2250.0,50.0,1.0,0.25,atlas_exot_2018_06,IM10,0.7602854,1.1698296,0.0012328,0.0051892
/home/yoxara/Insync/DMSimp_vector_axial_pp_xxj_NLO_eff/Events/run_129/events_PYTHIA8_0.hepmc.gz,0.3106,20000,Axial,DM+QCDjets,2250.0,50.0,1.0,0.25,atlas_exot_2018_06,IM11,1.0745025,0.9526588,0.0005284,0.0033983
/home/yoxara/Insync/DMSimp_vector_axial_pp_xxj_NLO_eff/Events/run_129/events_PYTHIA8_0.hepmc.gz,0.3106,20000,Axial,DM+QCDjets,2250.0,50.0,1.0,0.25,atlas_exot_2018_06,IM12,1.9808427,1.5714452,0.0001761,0.0019624
/home/yoxara/Insync/DMSimp_vector_axial_pp_xxj_NLO_eff/Events/run_129/events_PYTHIA8_0.hepmc.gz,0.3106,20000,Axial,DM+QCDjets,2250.0,50.0,1.0,0.25,atlas_exot_2018_06,EM0,15.9374155,17.7747513,0.0230715,0.0222016
/home/yoxara/Insync/DMSimp_vector_axial_pp_xxj_NLO_eff/Events/run_129/events_PYTHIA8_0.hepmc.gz,0.3106,20000,Axial,DM+QCDjets,2250.0,50.0,1.0,0.25,atlas_exot_2018_06,EM1,8.1487271,7.9321421,0.0156745,0.0183688
/home/yoxara/Insync/DMSimp_vector_axial_pp_xxj_NLO_eff/Events/run_129/events_PYTHIA8_0.hepmc.gz,0.3106,20000,Axial,DM+QCDjets,2250.0,50.0,1.0,0.25,atlas_exot_2018_06,EM2,3.6524427,3.6048226,0.0137372,0.0172131
/home/yoxara/Insync/DMSimp_vector_axial_pp_xxj_NLO_eff/Events/run_129/events_PYTHIA8_0.hepmc.gz,0.3106,20000,Axial,DM+QCDjets,2250.0,50.0,1.0,0.25,atlas_exot_2018_06,EM3,2.3013988,2.7953087,0.0100387,0.0147422
/home/yoxara/Insync/DMSimp_vector_axial_pp_xxj_NLO_eff/Events/run_129/events_PYTHIA8_0.hepmc.gz,0.3106,20000,Axial,DM+QCDjets,2250.0,50.0,1.0,0.25,atlas_exot_2018_06,EM4,1.3252954,1.8638517,0.0132089,0.0168834
/home/yoxara/Insync/DMSimp_vector_axial_pp_xxj_NLO_eff/Events/run_129/events_PYTHIA8_0.hepmc.gz,0.3106,20000,Axial,DM+QCDjets,2250.0,50.0,1.0,0.25,atlas_exot_2018_06,EM5,1.0560205,1.2874434,0.0058119,0.0112411
/home/yoxara/Insync/DMSimp_vector_axial_pp_xxj_NLO_eff/Events/run_129/events_PYTHIA8_0.hepmc.gz,0.3106,20000,Axial,DM+QCDjets,2250.0,50.0,1.0,0.25,atlas_exot_2018_06,EM6,1.2618703,1.7623061,0.0022895,0.0070679
/home/yoxara/Insync/DMSimp_vector_axial_pp_xxj_NLO_eff/Events/run_129/events_PYTHIA8_0.hepmc.gz,0.3106,20000,Axial,DM+QCDjets,2250.0,50.0,1.0,0.25,atlas_exot_2018_06,EM7,0.3403954,0.4954655,0.0042268,0.0095941
/home/yoxara/Insync/DMSimp_vector_axial_pp_xxj_NLO_eff/Events/run_129/events_PYTHIA8_0.hepmc.gz,0.3106,20000,Axial,DM+QCDjets,2250.0,50.0,1.0,0.25,atlas_exot_2018_06,EM8,0.5754944,0.6617145,0.0014089,0.005547
/home/yoxara/Insync/DMSimp_vector_axial_pp_xxj_NLO_eff/Events/run_129/events_PYTHIA8_0.hepmc.gz,0.3106,20000,Axial,DM+QCDjets,2250.0,50.0,1.0,0.25,atlas_exot_2018_06,EM9,0.6947762,0.5905392,0.0007045,0.0039237
/home/yoxara/Insync/DMSimp_vector_axial_pp_xxj_NLO_eff/Events/run_129/events_PYTHIA8_0.hepmc.gz,0.3106,20000,Axial,DM+QCDjets,2250.0,50.0,1.0,0.25,atlas_exot_2018_06,EM10,0.4438009,0.9478713,0.0007045,0.0039237
/home/yoxara/Insync/DMSimp_vector_axial_pp_xxj_NLO_eff/Events/run_129/events_PYTHIA8_0.hepmc.gz,0.3106,20000,Axial,DM+QCDjets,2250.0,50.0,1.0,0.25,atlas_exot_2018_06,EM11,0.6239724,0.6982394,0.0003522,0.002775
/home/yoxara/Insync/DMSimp_vector_axial_pp_xxj_NLO_eff/Events/run_129/events_PYTHIA8_0.hepmc.gz,0.3106,20000,Axial,DM+QCDjets,2250.0,50.0,1.0,0.25,atlas_exot_2018_06,EM12,1.4480507,1.1648695,0.0001761,0.0019624
/home/yoxara/Insync/DMSimp_vector_axial_pp_xxj_NLO_eff/Events/run_130/events_PYTHIA8_0.hepmc.gz,0.3047,20000,Axial,DM+QCDjets,2250.0,100.0,1.0,0.25,atlas_exot_2018_06,IM0,6.3932253,8.1420441,0.0882142,0.0427268
/home/yoxara/Insync/DMSimp_vector_axial_pp_xxj_NLO_eff/Events/run_130/events_PYTHIA8_0.hepmc.gz,0.3047,20000,Axial,DM+QCDjets,2250.0,100.0,1.0,0.25,atlas_exot_2018_06,IM1,3.6327905,4.5553243,0.0625,0.0364679
/home/yoxara/Insync/DMSimp_vector_axial_pp_xxj_NLO_eff/Events/run_130/events_PYTHIA8_0.hepmc.gz,0.3047,20000,Axial,DM+QCDjets,2250.0,100.0,1.0,0.25,atlas_exot_2018_06,IM2,2.429944,3.3412433,0.0466071,0.0317575
/home/yoxara/Insync/DMSimp_vector_axial_pp_xxj_NLO_eff/Events/run_130/events_PYTHIA8_0.hepmc.gz,0.3047,20000,Axial,DM+QCDjets,2250.0,100.0,1.0,0.25,atlas_exot_2018_06,IM3,1.5894074,2.3298038,0.0358928,0.0280254
/home/yoxara/Insync/DMSimp_vector_axial_pp_xxj_NLO_eff/Events/run_130/events_PYTHIA8_0.hepmc.gz,0.3047,20000,Axial,DM+QCDjets,2250.0,100.0,1.0,0.25,atlas_exot_2018_06,IM4,1.2094991,1.9306138,0.0271429,0.0244814
/home/yoxara/Insync/DMSimp_vector_axial_pp_xxj_NLO_eff/Events/run_130/events_PYTHIA8_0.hepmc.gz,0.3047,20000,Axial,DM+QCDjets,2250.0,100.0,1.0,0.25,atlas_exot_2018_06,IM5,0.9290099,1.4097126,0.0155357,0.0186316
/home/yoxara/Insync/DMSimp_vector_axial_pp_xxj_NLO_eff/Events/run_130/events_PYTHIA8_0.hepmc.gz,0.3047,20000,Axial,DM+QCDjets,2250.0,100.0,1.0,0.25,atlas_exot_2018_06,IM6,0.7872952,1.1500978,0.0092857,0.01445
/home/yoxara/Insync/DMSimp_vector_axial_pp_xxj_NLO_eff/Events/run_130/events_PYTHIA8_0.hepmc.gz,0.3047,20000,Axial,DM+QCDjets,2250.0,100.0,1.0,0.25,atlas_exot_2018_06,IM7,0.5429252,0.6399165,0.0066071,0.0122054
/home/yoxara/Insync/DMSimp_vector_axial_pp_xxj_NLO_eff/Events/run_130/events_PYTHIA8_0.hepmc.gz,0.3047,20000,Axial,DM+QCDjets,2250.0,100.0,1.0,0.25,atlas_exot_2018_06,IM8,0.385992,0.4127576,0.0051786,0.0108134
/home/yoxara/Insync/DMSimp_vector_axial_pp_xxj_NLO_eff/Events/run_130/events_PYTHIA8_0.hepmc.gz,0.3047,20000,Axial,DM+QCDjets,2250.0,100.0,1.0,0.25,atlas_exot_2018_06,IM9,0.3722948,0.3499011,0.0033929,0.0087605
/home/yoxara/Insync/DMSimp_vector_axial_pp_xxj_NLO_eff/Events/run_130/events_PYTHIA8_0.hepmc.gz,0.3047,20000,Axial,DM+QCDjets,2250.0,100.0,1.0,0.25,atlas_exot_2018_06,IM10,0.4754981,0.73503,0.0019643,0.0066705
/home/yoxara/Insync/DMSimp_vector_axial_pp_xxj_NLO_eff/Events/run_130/events_PYTHIA8_0.hepmc.gz,0.3047,20000,Axial,DM+QCDjets,2250.0,100.0,1.0,0.25,atlas_exot_2018_06,IM11,0.5280957,0.4709457,0.0010714,0.0049287
/home/yoxara/Insync/DMSimp_vector_axial_pp_xxj_NLO_eff/Events/run_130/events_PYTHIA8_0.hepmc.gz,0.3047,20000,Axial,DM+QCDjets,2250.0,100.0,1.0,0.25,atlas_exot_2018_06,IM12,0.4898369,0.3917184,0.0007143,0.004025
/home/yoxara/Insync/DMSimp_vector_axial_pp_xxj_NLO_eff/Events/run_130/events_PYTHIA8_0.hepmc.gz,0.3047,20000,Axial,DM+QCDjets,2250.0,100.0,1.0,0.25,atlas_exot_2018_06,EM0,14.2650361,15.9481732,0.0257143,0.023846
/home/yoxara/Insync/DMSimp_vector_axial_pp_xxj_NLO_eff/Events/run_130/events_PYTHIA8_0.hepmc.gz,0.3047,20000,Axial,DM+QCDjets,2250.0,100.0,1.0,0.25,atlas_exot_2018_06,EM1,8.0208554,7.8130352,0.0158929,0.0188411
/home/yoxara/Insync/DMSimp_vector_axial_pp_xxj_NLO_eff/Events/run_130/events_PYTHIA8_0.hepmc.gz,0.3047,20000,Axial,DM+QCDjets,2250.0,100.0,1.0,0.25,atlas_exot_2018_06,EM2,4.6679581,4.6318815,0.0107143,0.0155105
/home/yoxara/Insync/DMSimp_vector_axial_pp_xxj_NLO_eff/Events/run_130/events_PYTHIA8_0.hepmc.gz,0.3047,20000,Axial,DM+QCDjets,2250.0,100.0,1.0,0.25,atlas_exot_2018_06,EM3,2.6432375,3.2092107,0.00875,0.0140307
/home/yoxara/Insync/DMSimp_vector_axial_pp_xxj_NLO_eff/Events/run_130/events_PYTHIA8_0.hepmc.gz,0.3047,20000,Axial,DM+QCDjets,2250.0,100.0,1.0,0.25,atlas_exot_2018_06,EM4,1.5071549,2.1230281,0.0116071,0.0161366
/home/yoxara/Insync/DMSimp_vector_axial_pp_xxj_NLO_eff/Events/run_130/events_PYTHIA8_0.hepmc.gz,0.3047,20000,Axial,DM+QCDjets,2250.0,100.0,1.0,0.25,atlas_exot_2018_06,EM5,0.9863306,1.1979884,0.00625,0.0118731
/home/yoxara/Insync/DMSimp_vector_axial_pp_xxj_NLO_eff/Events/run_130/events_PYTHIA8_0.hepmc.gz,0.3047,20000,Axial,DM+QCDjets,2250.0,100.0,1.0,0.25,atlas_exot_2018_06,EM6,1.0895826,1.4991915,0.0026786,0.0077867
/home/yoxara/Insync/DMSimp_vector_axial_pp_xxj_NLO_eff/Events/run_130/events_PYTHIA8_0.hepmc.gz,0.3047,20000,Axial,DM+QCDjets,2250.0,100.0,1.0,0.25,atlas_exot_2018_06,EM7,1.011128,1.4723901,0.0014286,0.0056902
/home/yoxara/Insync/DMSimp_vector_axial_pp_xxj_NLO_eff/Events/run_130/events_PYTHIA8_0.hepmc.gz,0.3047,20000,Axial,DM+QCDjets,2250.0,100.0,1.0,0.25,atlas_exot_2018_06,EM8,0.4577072,0.5196468,0.0017857,0.0063607
/home/yoxara/Insync/DMSimp_vector_axial_pp_xxj_NLO_eff/Events/run_130/events_PYTHIA8_0.hepmc.gz,0.3047,20000,Axial,DM+QCDjets,2250.0,100.0,1.0,0.25,atlas_exot_2018_06,EM9,0.3417105,0.2924497,0.0014286,0.0056902
/home/yoxara/Insync/DMSimp_vector_axial_pp_xxj_NLO_eff/Events/run_130/events_PYTHIA8_0.hepmc.gz,0.3047,20000,Axial,DM+QCDjets,2250.0,100.0,1.0,0.25,atlas_exot_2018_06,EM10,0.349937,0.7474636,0.0008929,0.0044997
/home/yoxara/Insync/DMSimp_vector_axial_pp_xxj_NLO_eff/Events/run_130/events_PYTHIA8_0.hepmc.gz,0.3047,20000,Axial,DM+QCDjets,2250.0,100.0,1.0,0.25,atlas_exot_2018_06,EM11,0.6152161,0.6900617,0.0003571,0.0028466
/home/yoxara/Insync/DMSimp_vector_axial_pp_xxj_NLO_eff/Events/run_130/events_PYTHIA8_0.hepmc.gz,0.3047,20000,Axial,DM+QCDjets,2250.0,100.0,1.0,0.25,atlas_exot_2018_06,EM12,0.3571005,0.2874912,0.0007143,0.004025
/home/yoxara/Insync/DMSimp_vector_axial_pp_xxj_NLO_eff/Events/run_131/events_PYTHIA8_0.hepmc.gz,0.2971,20000,Axial,DM+QCDjets,2250.0,150.0,1.0,0.25,atlas_exot_2018_06,IM0,5.4211867,6.8837529,0.1042492,0.0466349
/home/yoxara/Insync/DMSimp_vector_axial_pp_xxj_NLO_eff/Events/run_131/events_PYTHIA8_0.hepmc.gz,0.2971,20000,Axial,DM+QCDjets,2250.0,150.0,1.0,0.25,atlas_exot_2018_06,IM1,2.8824173,3.6218607,0.0783219,0.0410027
/home/yoxara/Insync/DMSimp_vector_axial_pp_xxj_NLO_eff/Events/run_131/events_PYTHIA8_0.hepmc.gz,0.2971,20000,Axial,DM+QCDjets,2250.0,150.0,1.0,0.25,atlas_exot_2018_06,IM2,1.8980855,2.6103469,0.0597767,0.0361795
/home/yoxara/Insync/DMSimp_vector_axial_pp_xxj_NLO_eff/Events/run_131/events_PYTHIA8_0.hepmc.gz,0.2971,20000,Axial,DM+QCDjets,2250.0,150.0,1.0,0.25,atlas_exot_2018_06,IM3,1.2307842,1.7996357,0.046633,0.0321779
/home/yoxara/Insync/DMSimp_vector_axial_pp_xxj_NLO_eff/Events/run_131/events_PYTHIA8_0.hepmc.gz,0.2971,20000,Axial,DM+QCDjets,2250.0,150.0,1.0,0.25,atlas_exot_2018_06,IM4,1.0400798,1.6500732,0.0316889,0.0267326
/home/yoxara/Insync/DMSimp_vector_axial_pp_xxj_NLO_eff/Events/run_131/events_PYTHIA8_0.hepmc.gz,0.2971,20000,Axial,DM+QCDjets,2250.0,150.0,1.0,0.25,atlas_exot_2018_06,IM5,0.8986582,1.3642356,0.0160245,0.0191631
/home/yoxara/Insync/DMSimp_vector_axial_pp_xxj_NLO_eff/Events/run_131/events_PYTHIA8_0.hepmc.gz,0.2971,20000,Axial,DM+QCDjets,2250.0,150.0,1.0,0.25,atlas_exot_2018_06,IM6,0.7765955,1.1389002,0.0093626,0.0146973
/home/yoxara/Insync/DMSimp_vector_axial_pp_xxj_NLO_eff/Events/run_131/events_PYTHIA8_0.hepmc.gz,0.2971,20000,Axial,DM+QCDjets,2250.0,150.0,1.0,0.25,atlas_exot_2018_06,IM7,0.6641128,0.7835529,0.0054015,0.0111857
/home/yoxara/Insync/DMSimp_vector_axial_pp_xxj_NLO_eff/Events/run_131/events_PYTHIA8_0.hepmc.gz,0.2971,20000,Axial,DM+QCDjets,2250.0,150.0,1.0,0.25,atlas_exot_2018_06,IM8,0.6927603,0.7475324,0.0028808,0.0081792
/home/yoxara/Insync/DMSimp_vector_axial_pp_xxj_NLO_eff/Events/run_131/events_PYTHIA8_0.hepmc.gz,0.2971,20000,Axial,DM+QCDjets,2250.0,150.0,1.0,0.25,atlas_exot_2018_06,IM9,0.5854037,0.5522485,0.0021606,0.007086
/home/yoxara/Insync/DMSimp_vector_axial_pp_xxj_NLO_eff/Events/run_131/events_PYTHIA8_0.hepmc.gz,0.2971,20000,Axial,DM+QCDjets,2250.0,150.0,1.0,0.25,atlas_exot_2018_06,IM10,0.5760078,0.8909322,0.0016205,0.0061383
/home/yoxara/Insync/DMSimp_vector_axial_pp_xxj_NLO_eff/Events/run_131/events_PYTHIA8_0.hepmc.gz,0.2971,20000,Axial,DM+QCDjets,2250.0,150.0,1.0,0.25,atlas_exot_2018_06,IM11,0.7863028,0.6995934,0.0007202,0.004094
/home/yoxara/Insync/DMSimp_vector_axial_pp_xxj_NLO_eff/Events/run_131/events_PYTHIA8_0.hepmc.gz,0.2971,20000,Axial,DM+QCDjets,2250.0,150.0,1.0,0.25,atlas_exot_2018_06,IM12,0.3866755,0.3084886,0.0009003,0.0045769
/home/yoxara/Insync/DMSimp_vector_axial_pp_xxj_NLO_eff/Events/run_131/events_PYTHIA8_0.hepmc.gz,0.2971,20000,Axial,DM+QCDjets,2250.0,150.0,1.0,0.25,atlas_exot_2018_06,EM0,14.145194,15.8047993,0.0259273,0.0242524
/home/yoxara/Insync/DMSimp_vector_axial_pp_xxj_NLO_eff/Events/run_131/events_PYTHIA8_0.hepmc.gz,0.2971,20000,Axial,DM+QCDjets,2250.0,150.0,1.0,0.25,atlas_exot_2018_06,EM1,6.9248041,6.7061003,0.0185452,0.0205888
/home/yoxara/Insync/DMSimp_vector_axial_pp_xxj_NLO_eff/Events/run_131/events_PYTHIA8_0.hepmc.gz,0.2971,20000,Axial,DM+QCDjets,2250.0,150.0,1.0,0.25,atlas_exot_2018_06,EM2,3.7997865,3.7792715,0.0131437,0.0173807
/home/yoxara/Insync/DMSimp_vector_axial_pp_xxj_NLO_eff/Events/run_131/events_PYTHIA8_0.hepmc.gz,0.2971,20000,Axial,DM+QCDjets,2250.0,150.0,1.0,0.25,atlas_exot_2018_06,EM3,1.5461256,1.8758083,0.0149442,0.018516
/home/yoxara/Insync/DMSimp_vector_axial_pp_xxj_NLO_eff/Events/run_131/events_PYTHIA8_0.hepmc.gz,0.2971,20000,Axial,DM+QCDjets,2250.0,150.0,1.0,0.25,atlas_exot_2018_06,EM4,1.1221109,1.5745604,0.0156644,0.01895
/home/yoxara/Insync/DMSimp_vector_axial_pp_xxj_NLO_eff/Events/run_131/events_PYTHIA8_0.hepmc.gz,0.2971,20000,Axial,DM+QCDjets,2250.0,150.0,1.0,0.25,atlas_exot_2018_06,EM5,0.9230402,1.1245529,0.0066619,0.0124144
/home/yoxara/Insync/DMSimp_vector_axial_pp_xxj_NLO_eff/Events/run_131/events_PYTHIA8_0.hepmc.gz,0.2971,20000,Axial,DM+QCDjets,2250.0,150.0,1.0,0.25,atlas_exot_2018_06,EM6,0.7336713,1.0193491,0.0039611,0.0095858
/home/yoxara/Insync/DMSimp_vector_axial_pp_xxj_NLO_eff/Events/run_131/events_PYTHIA8_0.hepmc.gz,0.2971,20000,Axial,DM+QCDjets,2250.0,150.0,1.0,0.25,atlas_exot_2018_06,EM7,0.5689063,0.8314185,0.0025207,0.0076523
/home/yoxara/Insync/DMSimp_vector_axial_pp_xxj_NLO_eff/Events/run_131/events_PYTHIA8_0.hepmc.gz,0.2971,20000,Axial,DM+QCDjets,2250.0,150.0,1.0,0.25,atlas_exot_2018_06,EM8,1.1262128,1.2907289,0.0007202,0.004094
/home/yoxara/Insync/DMSimp_vector_axial_pp_xxj_NLO_eff/Events/run_131/events_PYTHIA8_0.hepmc.gz,0.2971,20000,Axial,DM+QCDjets,2250.0,150.0,1.0,0.25,atlas_exot_2018_06,EM9,0.9055376,0.7733066,0.0005402,0.0035459
/home/yoxara/Insync/DMSimp_vector_axial_pp_xxj_NLO_eff/Events/run_131/events_PYTHIA8_0.hepmc.gz,0.2971,20000,Axial,DM+QCDjets,2250.0,150.0,1.0,0.25,atlas_exot_2018_06,EM10,0.3475112,0.7410051,0.0009003,0.0045769
/home/yoxara/Insync/DMSimp_vector_axial_pp_xxj_NLO_eff/Events/run_131/events_PYTHIA8_0.hepmc.gz,0.2971,20000,Axial,DM+QCDjets,2250.0,150.0,1.0,0.25,atlas_exot_2018_06,EM11,-1.0,-1.0,0.0,0.0
/home/yoxara/Insync/DMSimp_vector_axial_pp_xxj_NLO_eff/Events/run_131/events_PYTHIA8_0.hepmc.gz,0.2971,20000,Axial,DM+QCDjets,2250.0,150.0,1.0,0.25,atlas_exot_2018_06,EM12,0.2826762,0.2275302,0.0009003,0.0045769
/home/yoxara/Insync/DMSimp_vector_axial_pp_xxj_NLO_eff/Events/run_132/events_PYTHIA8_0.hepmc.gz,0.2876,20000,Axial,DM+QCDjets,2250.0,200.0,1.0,0.25,atlas_exot_2018_06,IM0,5.5018785,7.0108741,0.1022851,0.0472407
/home/yoxara/Insync/DMSimp_vector_axial_pp_xxj_NLO_eff/Events/run_132/events_PYTHIA8_0.hepmc.gz,0.2876,20000,Axial,DM+QCDjets,2250.0,200.0,1.0,0.25,atlas_exot_2018_06,IM1,2.8168193,3.5396428,0.080341,0.0423763
/home/yoxara/Insync/DMSimp_vector_axial_pp_xxj_NLO_eff/Events/run_132/events_PYTHIA8_0.hepmc.gz,0.2876,20000,Axial,DM+QCDjets,2250.0,200.0,1.0,0.25,atlas_exot_2018_06,IM2,2.0158307,2.7628165,0.0562205,0.0359107
/home/yoxara/Insync/DMSimp_vector_axial_pp_xxj_NLO_eff/Events/run_132/events_PYTHIA8_0.hepmc.gz,0.2876,20000,Axial,DM+QCDjets,2250.0,200.0,1.0,0.25,atlas_exot_2018_06,IM3,1.3457702,1.978207,0.0424374,0.0314267
/home/yoxara/Insync/DMSimp_vector_axial_pp_xxj_NLO_eff/Events/run_132/events_PYTHIA8_0.hepmc.gz,0.2876,20000,Axial,DM+QCDjets,2250.0,200.0,1.0,0.25,atlas_exot_2018_06,IM4,1.1391212,1.8129921,0.0288357,0.0260887
/home/yoxara/Insync/DMSimp_vector_axial_pp_xxj_NLO_eff/Events/run_132/events_PYTHIA8_0.hepmc.gz,0.2876,20000,Axial,DM+QCDjets,2250.0,200.0,1.0,0.25,atlas_exot_2018_06,IM5,0.8346148,1.2660311,0.0172289,0.020286
/home/yoxara/Insync/DMSimp_vector_axial_pp_xxj_NLO_eff/Events/run_132/events_PYTHIA8_0.hepmc.gz,0.2876,20000,Axial,DM+QCDjets,2250.0,200.0,1.0,0.25,atlas_exot_2018_06,IM6,0.618238,0.9048851,0.0117882,0.0168263
/home/yoxara/Insync/DMSimp_vector_axial_pp_xxj_NLO_eff/Events/run_132/events_PYTHIA8_0.hepmc.gz,0.2876,20000,Axial,DM+QCDjets,2250.0,200.0,1.0,0.25,atlas_exot_2018_06,IM7,0.5480441,0.649529,0.0065288,0.0125556
/home/yoxara/Insync/DMSimp_vector_axial_pp_xxj_NLO_eff/Events/run_132/events_PYTHIA8_0.hepmc.gz,0.2876,20000,Axial,DM+QCDjets,2250.0,200.0,1.0,0.25,atlas_exot_2018_06,IM8,0.4795984,0.5134937,0.0041712,0.0100476
/home/yoxara/Insync/DMSimp_vector_axial_pp_xxj_NLO_eff/Events/run_132/events_PYTHIA8_0.hepmc.gz,0.2876,20000,Axial,DM+QCDjets,2250.0,200.0,1.0,0.25,atlas_exot_2018_06,IM9,0.5788664,0.5488609,0.0021763,0.0072648
/home/yoxara/Insync/DMSimp_vector_axial_pp_xxj_NLO_eff/Events/run_132/events_PYTHIA8_0.hepmc.gz,0.2876,20000,Axial,DM+QCDjets,2250.0,200.0,1.0,0.25,atlas_exot_2018_06,IM10,0.7329848,1.136119,0.0012695,0.0055511
/home/yoxara/Insync/DMSimp_vector_axial_pp_xxj_NLO_eff/Events/run_132/events_PYTHIA8_0.hepmc.gz,0.2876,20000,Axial,DM+QCDjets,2250.0,200.0,1.0,0.25,atlas_exot_2018_06,IM11,0.779026,0.6965686,0.0007254,0.0041974
/home/yoxara/Insync/DMSimp_vector_axial_pp_xxj_NLO_eff/Events/run_132/events_PYTHIA8_0.hepmc.gz,0.2876,20000,Axial,DM+QCDjets,2250.0,200.0,1.0,0.25,atlas_exot_2018_06,IM12,0.9638696,0.7662119,0.0003627,0.0029685
/home/yoxara/Insync/DMSimp_vector_axial_pp_xxj_NLO_eff/Events/run_132/events_PYTHIA8_0.hepmc.gz,0.2876,20000,Axial,DM+QCDjets,2250.0,200.0,1.0,0.25,atlas_exot_2018_06,EM0,16.6787237,18.6993568,0.0219441,0.0228393
/home/yoxara/Insync/DMSimp_vector_axial_pp_xxj_NLO_eff/Events/run_132/events_PYTHIA8_0.hepmc.gz,0.2876,20000,Axial,DM+QCDjets,2250.0,200.0,1.0,0.25,atlas_exot_2018_06,EM1,5.2620524,5.1256556,0.0241204,0.0239184
/home/yoxara/Insync/DMSimp_vector_axial_pp_xxj_NLO_eff/Events/run_132/events_PYTHIA8_0.hepmc.gz,0.2876,20000,Axial,DM+QCDjets,2250.0,200.0,1.0,0.25,atlas_exot_2018_06,EM2,3.6255381,3.5943648,0.0137831,0.0181761
/home/yoxara/Insync/DMSimp_vector_axial_pp_xxj_NLO_eff/Events/run_132/events_PYTHIA8_0.hepmc.gz,0.2876,20000,Axial,DM+QCDjets,2250.0,200.0,1.0,0.25,atlas_exot_2018_06,EM3,1.7090551,2.060225,0.0136017,0.0180578
/home/yoxara/Insync/DMSimp_vector_axial_pp_xxj_NLO_eff/Events/run_132/events_PYTHIA8_0.hepmc.gz,0.2876,20000,Axial,DM+QCDjets,2250.0,200.0,1.0,0.25,atlas_exot_2018_06,EM4,1.5050225,2.1195805,0.0116068,0.0166979
/home/yoxara/Insync/DMSimp_vector_axial_pp_xxj_NLO_eff/Events/run_132/events_PYTHIA8_0.hepmc.gz,0.2876,20000,Axial,DM+QCDjets,2250.0,200.0,1.0,0.25,atlas_exot_2018_06,EM5,1.1214711,1.3742425,0.0054407,0.0114679
/home/yoxara/Insync/DMSimp_vector_axial_pp_xxj_NLO_eff/Events/run_132/events_PYTHIA8_0.hepmc.gz,0.2876,20000,Axial,DM+QCDjets,2250.0,200.0,1.0,0.25,atlas_exot_2018_06,EM6,0.5522653,0.7654704,0.0052593,0.0112762
/home/yoxara/Insync/DMSimp_vector_axial_pp_xxj_NLO_eff/Events/run_132/events_PYTHIA8_0.hepmc.gz,0.2876,20000,Axial,DM+QCDjets,2250.0,200.0,1.0,0.25,atlas_exot_2018_06,EM7,0.6108869,0.8881029,0.0023576,0.0075608
/home/yoxara/Insync/DMSimp_vector_axial_pp_xxj_NLO_eff/Events/run_132/events_PYTHIA8_0.hepmc.gz,0.2876,20000,Axial,DM+QCDjets,2250.0,200.0,1.0,0.25,atlas_exot_2018_06,EM8,0.4062612,0.4668692,0.0019949,0.0069562
/home/yoxara/Insync/DMSimp_vector_axial_pp_xxj_NLO_eff/Events/run_132/events_PYTHIA8_0.hepmc.gz,0.2876,20000,Axial,DM+QCDjets,2250.0,200.0,1.0,0.25,atlas_exot_2018_06,EM9,0.5400197,0.4571964,0.0009068,0.0046924
/home/yoxara/Insync/DMSimp_vector_axial_pp_xxj_NLO_eff/Events/run_132/events_PYTHIA8_0.hepmc.gz,0.2876,20000,Axial,DM+QCDjets,2250.0,200.0,1.0,0.25,atlas_exot_2018_06,EM10,0.5762418,1.2256089,0.0005441,0.0036354
/home/yoxara/Insync/DMSimp_vector_axial_pp_xxj_NLO_eff/Events/run_132/events_PYTHIA8_0.hepmc.gz,0.2876,20000,Axial,DM+QCDjets,2250.0,200.0,1.0,0.25,atlas_exot_2018_06,EM11,0.6072174,0.6795698,0.0003627,0.0029685
/home/yoxara/Insync/DMSimp_vector_axial_pp_xxj_NLO_eff/Events/run_132/events_PYTHIA8_0.hepmc.gz,0.2876,20000,Axial,DM+QCDjets,2250.0,200.0,1.0,0.25,atlas_exot_2018_06,EM12,0.7012656,0.5629966,0.0003627,0.0029685
/home/yoxara/Insync/DMSimp_vector_axial_pp_xxj_NLO_eff/Events/run_133/events_PYTHIA8_0.hepmc.gz,0.2847,20000,Axial,DM+QCDjets,2250.0,250.0,1.0,0.25,atlas_exot_2018_06,IM0,6.2030506,7.8875855,0.0909091,0.0442661
/home/yoxara/Insync/DMSimp_vector_axial_pp_xxj_NLO_eff/Events/run_133/events_PYTHIA8_0.hepmc.gz,0.2847,20000,Axial,DM+QCDjets,2250.0,250.0,1.0,0.25,atlas_exot_2018_06,IM1,3.2446215,4.0624952,0.0697871,0.0392322
/home/yoxara/Insync/DMSimp_vector_axial_pp_xxj_NLO_eff/Events/run_133/events_PYTHIA8_0.hepmc.gz,0.2847,20000,Axial,DM+QCDjets,2250.0,250.0,1.0,0.25,atlas_exot_2018_06,IM2,2.0399867,2.8029164,0.0555931,0.0352821
/home/yoxara/Insync/DMSimp_vector_axial_pp_xxj_NLO_eff/Events/run_133/events_PYTHIA8_0.hepmc.gz,0.2847,20000,Axial,DM+QCDjets,2250.0,250.0,1.0,0.25,atlas_exot_2018_06,IM3,1.2981403,1.9174696,0.0437648,0.0314999
/home/yoxara/Insync/DMSimp_vector_axial_pp_xxj_NLO_eff/Events/run_133/events_PYTHIA8_0.hepmc.gz,0.2847,20000,Axial,DM+QCDjets,2250.0,250.0,1.0,0.25,atlas_exot_2018_06,IM4,1.0638807,1.6838655,0.0310916,0.0267256
/home/yoxara/Insync/DMSimp_vector_axial_pp_xxj_NLO_eff/Events/run_133/events_PYTHIA8_0.hepmc.gz,0.2847,20000,Axial,DM+QCDjets,2250.0,250.0,1.0,0.25,atlas_exot_2018_06,IM5,1.0168146,1.5422035,0.014194,0.0182143
/home/yoxara/Insync/DMSimp_vector_axial_pp_xxj_NLO_eff/Events/run_133/events_PYTHIA8_0.hepmc.gz,0.2847,20000,Axial,DM+QCDjets,2250.0,250.0,1.0,0.25,atlas_exot_2018_06,IM6,0.6640911,0.9686109,0.0109834,0.0160485
/home/yoxara/Insync/DMSimp_vector_axial_pp_xxj_NLO_eff/Events/run_133/events_PYTHIA8_0.hepmc.gz,0.2847,20000,Axial,DM+QCDjets,2250.0,250.0,1.0,0.25,atlas_exot_2018_06,IM7,0.4825142,0.5700228,0.0074349,0.0132276
/home/yoxara/Insync/DMSimp_vector_axial_pp_xxj_NLO_eff/Events/run_133/events_PYTHIA8_0.hepmc.gz,0.2847,20000,Axial,DM+QCDjets,2250.0,250.0,1.0,0.25,atlas_exot_2018_06,IM8,0.3714001,0.3964484,0.0054072,0.0112921
/home/yoxara/Insync/DMSimp_vector_axial_pp_xxj_NLO_eff/Events/run_133/events_PYTHIA8_0.hepmc.gz,0.2847,20000,Axial,DM+QCDjets,2250.0,250.0,1.0,0.25,atlas_exot_2018_06,IM9,0.3950617,0.372427,0.0032105,0.0087107
/home/yoxara/Insync/DMSimp_vector_axial_pp_xxj_NLO_eff/Events/run_133/events_PYTHIA8_0.hepmc.gz,0.2847,20000,Axial,DM+QCDjets,2250.0,250.0,1.0,0.25,atlas_exot_2018_06,IM10,0.6121658,0.9474496,0.0015208,0.0060002
/home/yoxara/Insync/DMSimp_vector_axial_pp_xxj_NLO_eff/Events/run_133/events_PYTHIA8_0.hepmc.gz,0.2847,20000,Axial,DM+QCDjets,2250.0,250.0,1.0,0.25,atlas_exot_2018_06,IM11,0.5562628,0.4961504,0.0010139,0.0049004
/home/yoxara/Insync/DMSimp_vector_axial_pp_xxj_NLO_eff/Events/run_133/events_PYTHIA8_0.hepmc.gz,0.2847,20000,Axial,DM+QCDjets,2250.0,250.0,1.0,0.25,atlas_exot_2018_06,IM12,0.6880269,0.5455367,0.0005069,0.003466
/home/yoxara/Insync/DMSimp_vector_axial_pp_xxj_NLO_eff/Events/run_133/events_PYTHIA8_0.hepmc.gz,0.2847,20000,Axial,DM+QCDjets,2250.0,250.0,1.0,0.25,atlas_exot_2018_06,EM0,17.3736703,19.402714,0.021122,0.0221409
/home/yoxara/Insync/DMSimp_vector_axial_pp_xxj_NLO_eff/Events/run_133/events_PYTHIA8_0.hepmc.gz,0.2847,20000,Axial,DM+QCDjets,2250.0,250.0,1.0,0.25,atlas_exot_2018_06,EM1,9.0161158,8.7863362,0.014194,0.0182143
/home/yoxara/Insync/DMSimp_vector_axial_pp_xxj_NLO_eff/Events/run_133/events_PYTHIA8_0.hepmc.gz,0.2847,20000,Axial,DM+QCDjets,2250.0,250.0,1.0,0.25,atlas_exot_2018_06,EM2,4.2267675,4.2169596,0.0118283,0.0166472
/home/yoxara/Insync/DMSimp_vector_axial_pp_xxj_NLO_eff/Events/run_133/events_PYTHIA8_0.hepmc.gz,0.2847,20000,Axial,DM+QCDjets,2250.0,250.0,1.0,0.25,atlas_exot_2018_06,EM3,1.8183932,2.2071257,0.0126732,0.0172241
/home/yoxara/Insync/DMSimp_vector_axial_pp_xxj_NLO_eff/Events/run_133/events_PYTHIA8_0.hepmc.gz,0.2847,20000,Axial,DM+QCDjets,2250.0,250.0,1.0,0.25,atlas_exot_2018_06,EM4,1.0360324,1.462397,0.0168976,0.0198461
/home/yoxara/Insync/DMSimp_vector_axial_pp_xxj_NLO_eff/Events/run_133/events_PYTHIA8_0.hepmc.gz,0.2847,20000,Axial,DM+QCDjets,2250.0,250.0,1.0,0.25,atlas_exot_2018_06,EM5,1.9140069,2.3322509,0.0032105,0.0087107
/home/yoxara/Insync/DMSimp_vector_axial_pp_xxj_NLO_eff/Events/run_133/events_PYTHIA8_0.hepmc.gz,0.2847,20000,Axial,DM+QCDjets,2250.0,250.0,1.0,0.25,atlas_exot_2018_06,EM6,0.8177954,1.1368234,0.0035485,0.0091562
/home/yoxara/Insync/DMSimp_vector_axial_pp_xxj_NLO_eff/Events/run_133/events_PYTHIA8_0.hepmc.gz,0.2847,20000,Axial,DM+QCDjets,2250.0,250.0,1.0,0.25,atlas_exot_2018_06,EM7,0.710189,1.0383031,0.0020277,0.0069267
/home/yoxara/Insync/DMSimp_vector_axial_pp_xxj_NLO_eff/Events/run_133/events_PYTHIA8_0.hepmc.gz,0.2847,20000,Axial,DM+QCDjets,2250.0,250.0,1.0,0.25,atlas_exot_2018_06,EM8,0.3704912,0.4245792,0.0021967,0.0072089
/home/yoxara/Insync/DMSimp_vector_axial_pp_xxj_NLO_eff/Events/run_133/events_PYTHIA8_0.hepmc.gz,0.2847,20000,Axial,DM+QCDjets,2250.0,250.0,1.0,0.25,atlas_exot_2018_06,EM9,0.2886186,0.2455287,0.0016898,0.0063243
/home/yoxara/Insync/DMSimp_vector_axial_pp_xxj_NLO_eff/Events/run_133/events_PYTHIA8_0.hepmc.gz,0.2847,20000,Axial,DM+QCDjets,2250.0,250.0,1.0,0.25,atlas_exot_2018_06,EM10,0.6166028,1.3179499,0.0005069,0.003466
/home/yoxara/Insync/DMSimp_vector_axial_pp_xxj_NLO_eff/Events/run_133/events_PYTHIA8_0.hepmc.gz,0.2847,20000,Axial,DM+QCDjets,2250.0,250.0,1.0,0.25,atlas_exot_2018_06,EM11,0.4314715,0.4872784,0.0005069,0.003466
/home/yoxara/Insync/DMSimp_vector_axial_pp_xxj_NLO_eff/Events/run_133/events_PYTHIA8_0.hepmc.gz,0.2847,20000,Axial,DM+QCDjets,2250.0,250.0,1.0,0.25,atlas_exot_2018_06,EM12,0.5034531,0.4035416,0.0005069,0.003466
/home/yoxara/Insync/DMSimp_vector_axial_pp_xxj_NLO_eff/Events/run_134/events_PYTHIA8_0.hepmc.gz,0.2719,20000,Axial,DM+QCDjets,2250.0,300.0,1.0,0.25,atlas_exot_2018_06,IM0,5.8885047,7.5233495,0.0955075,0.0462769
/home/yoxara/Insync/DMSimp_vector_axial_pp_xxj_NLO_eff/Events/run_134/events_PYTHIA8_0.hepmc.gz,0.2719,20000,Axial,DM+QCDjets,2250.0,300.0,1.0,0.25,atlas_exot_2018_06,IM1,2.8894893,3.6424419,0.0781893,0.0422705
/home/yoxara/Insync/DMSimp_vector_axial_pp_xxj_NLO_eff/Events/run_134/events_PYTHIA8_0.hepmc.gz,0.2719,20000,Axial,DM+QCDjets,2250.0,300.0,1.0,0.25,atlas_exot_2018_06,IM2,1.948195,2.6595132,0.0584705,0.0369427
/home/yoxara/Insync/DMSimp_vector_axial_pp_xxj_NLO_eff/Events/run_134/events_PYTHIA8_0.hepmc.gz,0.2719,20000,Axial,DM+QCDjets,2250.0,300.0,1.0,0.25,atlas_exot_2018_06,IM3,1.3306158,1.9575112,0.0428669,0.0318927
/home/yoxara/Insync/DMSimp_vector_axial_pp_xxj_NLO_eff/Events/run_134/events_PYTHIA8_0.hepmc.gz,0.2719,20000,Axial,DM+QCDjets,2250.0,300.0,1.0,0.25,atlas_exot_2018_06,IM4,1.0418733,1.6559139,0.0315501,0.0275221
/home/yoxara/Insync/DMSimp_vector_axial_pp_xxj_NLO_eff/Events/run_134/events_PYTHIA8_0.hepmc.gz,0.2719,20000,Axial,DM+QCDjets,2250.0,300.0,1.0,0.25,atlas_exot_2018_06,IM5,0.8376021,1.2757225,0.0171468,0.0204399
/home/yoxara/Insync/DMSimp_vector_axial_pp_xxj_NLO_eff/Events/run_134/events_PYTHIA8_0.hepmc.gz,0.2719,20000,Axial,DM+QCDjets,2250.0,300.0,1.0,0.25,atlas_exot_2018_06,IM6,0.7204843,1.0538522,0.0101166,0.0157562
/home/yoxara/Insync/DMSimp_vector_axial_pp_xxj_NLO_eff/Events/run_134/events_PYTHIA8_0.hepmc.gz,0.2719,20000,Axial,DM+QCDjets,2250.0,300.0,1.0,0.25,atlas_exot_2018_06,IM7,0.4203075,0.4926151,0.0085734,0.0145161
/home/yoxara/Insync/DMSimp_vector_axial_pp_xxj_NLO_eff/Events/run_134/events_PYTHIA8_0.hepmc.gz,0.2719,20000,Axial,DM+QCDjets,2250.0,300.0,1.0,0.25,atlas_exot_2018_06,IM8,0.3745396,0.4043657,0.0053155,0.0114487
/home/yoxara/Insync/DMSimp_vector_axial_pp_xxj_NLO_eff/Events/run_134/events_PYTHIA8_0.hepmc.gz,0.2719,20000,Axial,DM+QCDjets,2250.0,300.0,1.0,0.25,atlas_exot_2018_06,IM9,0.3691501,0.3490141,0.0034294,0.0092046
/home/yoxara/Insync/DMSimp_vector_axial_pp_xxj_NLO_eff/Events/run_134/events_PYTHIA8_0.hepmc.gz,0.2719,20000,Axial,DM+QCDjets,2250.0,300.0,1.0,0.25,atlas_exot_2018_06,IM10,0.4964859,0.7659044,0.0018861,0.0068316
/home/yoxara/Insync/DMSimp_vector_axial_pp_xxj_NLO_eff/Events/run_134/events_PYTHIA8_0.hepmc.gz,0.2719,20000,Axial,DM+QCDjets,2250.0,300.0,1.0,0.25,atlas_exot_2018_06,IM11,0.4116,0.3672158,0.0013717,0.0058275
/home/yoxara/Insync/DMSimp_vector_axial_pp_xxj_NLO_eff/Events/run_134/events_PYTHIA8_0.hepmc.gz,0.2719,20000,Axial,DM+QCDjets,2250.0,300.0,1.0,0.25,atlas_exot_2018_06,IM12,0.4050581,0.3212914,0.0008573,0.0046082
/home/yoxara/Insync/DMSimp_vector_axial_pp_xxj_NLO_eff/Events/run_134/events_PYTHIA8_0.hepmc.gz,0.2719,20000,Axial,DM+QCDjets,2250.0,300.0,1.0,0.25,atlas_exot_2018_06,EM0,21.2331691,23.6808857,0.0173182,0.0205401
/home/yoxara/Insync/DMSimp_vector_axial_pp_xxj_NLO_eff/Events/run_134/events_PYTHIA8_0.hepmc.gz,0.2719,20000,Axial,DM+QCDjets,2250.0,300.0,1.0,0.25,atlas_exot_2018_06,EM1,6.4685076,6.3116107,0.0197188,0.0218907
/home/yoxara/Insync/DMSimp_vector_axial_pp_xxj_NLO_eff/Events/run_134/events_PYTHIA8_0.hepmc.gz,0.2719,20000,Axial,DM+QCDjets,2250.0,300.0,1.0,0.25,atlas_exot_2018_06,EM2,3.2098433,3.1897677,0.0156036,0.0195137
/home/yoxara/Insync/DMSimp_vector_axial_pp_xxj_NLO_eff/Events/run_134/events_PYTHIA8_0.hepmc.gz,0.2719,20000,Axial,DM+QCDjets,2250.0,300.0,1.0,0.25,atlas_exot_2018_06,EM3,2.051411,2.4826292,0.0113169,0.0166546
/home/yoxara/Insync/DMSimp_vector_axial_pp_xxj_NLO_eff/Events/run_134/events_PYTHIA8_0.hepmc.gz,0.2719,20000,Axial,DM+QCDjets,2250.0,300.0,1.0,0.25,atlas_exot_2018_06,EM4,1.2149584,1.7077143,0.0144033,0.0187596
/home/yoxara/Insync/DMSimp_vector_axial_pp_xxj_NLO_eff/Events/run_134/events_PYTHIA8_0.hepmc.gz,0.2719,20000,Axial,DM+QCDjets,2250.0,300.0,1.0,0.25,atlas_exot_2018_06,EM5,0.8737104,1.0656059,0.0070302,0.0131551
/home/yoxara/Insync/DMSimp_vector_axial_pp_xxj_NLO_eff/Events/run_134/events_PYTHIA8_0.hepmc.gz,0.2719,20000,Axial,DM+QCDjets,2250.0,300.0,1.0,0.25,atlas_exot_2018_06,EM6,1.8776526,2.6175018,0.0015432,0.0061805
/home/yoxara/Insync/DMSimp_vector_axial_pp_xxj_NLO_eff/Events/run_134/events_PYTHIA8_0.hepmc.gz,0.2719,20000,Axial,DM+QCDjets,2250.0,300.0,1.0,0.25,atlas_exot_2018_06,EM7,0.4424626,0.6427428,0.0032579,0.0089723
/home/yoxara/Insync/DMSimp_vector_axial_pp_xxj_NLO_eff/Events/run_134/events_PYTHIA8_0.hepmc.gz,0.2719,20000,Axial,DM+QCDjets,2250.0,300.0,1.0,0.25,atlas_exot_2018_06,EM8,0.4295934,0.4946596,0.0018861,0.0068316
/home/yoxara/Insync/DMSimp_vector_axial_pp_xxj_NLO_eff/Events/run_134/events_PYTHIA8_0.hepmc.gz,0.2719,20000,Axial,DM+QCDjets,2250.0,300.0,1.0,0.25,atlas_exot_2018_06,EM9,0.3157995,0.2682037,0.0015432,0.0061805
/home/yoxara/Insync/DMSimp_vector_axial_pp_xxj_NLO_eff/Events/run_134/events_PYTHIA8_0.hepmc.gz,0.2719,20000,Axial,DM+QCDjets,2250.0,300.0,1.0,0.25,atlas_exot_2018_06,EM10,0.6086003,1.2978269,0.0005144,0.0035701
/home/yoxara/Insync/DMSimp_vector_axial_pp_xxj_NLO_eff/Events/run_134/events_PYTHIA8_0.hepmc.gz,0.2719,20000,Axial,DM+QCDjets,2250.0,300.0,1.0,0.25,atlas_exot_2018_06,EM11,0.4273034,0.4798438,0.0005144,0.0035701
/home/yoxara/Insync/DMSimp_vector_axial_pp_xxj_NLO_eff/Events/run_134/events_PYTHIA8_0.hepmc.gz,0.2719,20000,Axial,DM+QCDjets,2250.0,300.0,1.0,0.25,atlas_exot_2018_06,EM12,0.2976237,0.2379572,0.0008573,0.0046082
/home/yoxara/Insync/DMSimp_vector_axial_pp_xxj_NLO_eff/Events/run_135/events_PYTHIA8_0.hepmc.gz,0.2709,20000,Axial,DM+QCDjets,2250.0,350.0,1.0,0.25,atlas_exot_2018_06,IM0,6.0151843,7.685403,0.0934326,0.046524
/home/yoxara/Insync/DMSimp_vector_axial_pp_xxj_NLO_eff/Events/run_135/events_PYTHIA8_0.hepmc.gz,0.2709,20000,Axial,DM+QCDjets,2250.0,350.0,1.0,0.25,atlas_exot_2018_06,IM1,3.2443092,4.106828,0.0693974,0.0406239
/home/yoxara/Insync/DMSimp_vector_axial_pp_xxj_NLO_eff/Events/run_135/events_PYTHIA8_0.hepmc.gz,0.2709,20000,Axial,DM+QCDjets,2250.0,350.0,1.0,0.25,atlas_exot_2018_06,IM2,2.2824949,3.1409562,0.0495938,0.0347053
/home/yoxara/Insync/DMSimp_vector_axial_pp_xxj_NLO_eff/Events/run_135/events_PYTHIA8_0.hepmc.gz,0.2709,20000,Axial,DM+QCDjets,2250.0,350.0,1.0,0.25,atlas_exot_2018_06,IM3,1.5559311,2.2907662,0.0365606,0.0300017
/home/yoxara/Insync/DMSimp_vector_axial_pp_xxj_NLO_eff/Events/run_135/events_PYTHIA8_0.hepmc.gz,0.2709,20000,Axial,DM+QCDjets,2250.0,350.0,1.0,0.25,atlas_exot_2018_06,IM4,1.1872554,1.8896863,0.0275897,0.0261834
/home/yoxara/Insync/DMSimp_vector_axial_pp_xxj_NLO_eff/Events/run_135/events_PYTHIA8_0.hepmc.gz,0.2709,20000,Axial,DM+QCDjets,2250.0,350.0,1.0,0.25,atlas_exot_2018_06,IM5,0.869435,1.3185407,0.0165877,0.0204168
/home/yoxara/Insync/DMSimp_vector_axial_pp_xxj_NLO_eff/Events/run_135/events_PYTHIA8_0.hepmc.gz,0.2709,20000,Axial,DM+QCDjets,2250.0,350.0,1.0,0.25,atlas_exot_2018_06,IM6,0.6839941,1.0,0.0106635,0.0164191
/home/yoxara/Insync/DMSimp_vector_axial_pp_xxj_NLO_eff/Events/run_135/events_PYTHIA8_0.hepmc.gz,0.2709,20000,Axial,DM+QCDjets,2250.0,350.0,1.0,0.25,atlas_exot_2018_06,IM7,0.624913,0.7367046,0.0057549,0.0120919
/home/yoxara/Insync/DMSimp_vector_axial_pp_xxj_NLO_eff/Events/run_135/events_PYTHIA8_0.hepmc.gz,0.2709,20000,Axial,DM+QCDjets,2250.0,350.0,1.0,0.25,atlas_exot_2018_06,IM8,0.7398964,0.7893445,0.0027082,0.0083077
/home/yoxara/Insync/DMSimp_vector_axial_pp_xxj_NLO_eff/Events/run_135/events_PYTHIA8_0.hepmc.gz,0.2709,20000,Axial,DM+QCDjets,2250.0,350.0,1.0,0.25,atlas_exot_2018_06,IM9,0.6819917,0.6424182,0.0018619,0.0068913
/home/yoxara/Insync/DMSimp_vector_axial_pp_xxj_NLO_eff/Events/run_135/events_PYTHIA8_0.hepmc.gz,0.2709,20000,Axial,DM+QCDjets,2250.0,350.0,1.0,0.25,atlas_exot_2018_06,IM10,0.5502343,0.8519455,0.0016926,0.0065711
/home/yoxara/Insync/DMSimp_vector_axial_pp_xxj_NLO_eff/Events/run_135/events_PYTHIA8_0.hepmc.gz,0.2709,20000,Axial,DM+QCDjets,2250.0,350.0,1.0,0.25,atlas_exot_2018_06,IM11,0.4147433,0.3738388,0.0013541,0.0058784
/home/yoxara/Insync/DMSimp_vector_axial_pp_xxj_NLO_eff/Events/run_135/events_PYTHIA8_0.hepmc.gz,0.2709,20000,Axial,DM+QCDjets,2250.0,350.0,1.0,0.25,atlas_exot_2018_06,IM12,0.3422991,0.2709943,0.0010156,0.0050917
/home/yoxara/Insync/DMSimp_vector_axial_pp_xxj_NLO_eff/Events/run_135/events_PYTHIA8_0.hepmc.gz,0.2709,20000,Axial,DM+QCDjets,2250.0,350.0,1.0,0.25,atlas_exot_2018_06,EM0,15.2985587,17.0633,0.0240352,0.0244832
/home/yoxara/Insync/DMSimp_vector_axial_pp_xxj_NLO_eff/Events/run_135/events_PYTHIA8_0.hepmc.gz,0.2709,20000,Axial,DM+QCDjets,2250.0,350.0,1.0,0.25,atlas_exot_2018_06,EM1,6.475938,6.2686934,0.0198037,0.0222719
/home/yoxara/Insync/DMSimp_vector_axial_pp_xxj_NLO_eff/Events/run_135/events_PYTHIA8_0.hepmc.gz,0.2709,20000,Axial,DM+QCDjets,2250.0,350.0,1.0,0.25,atlas_exot_2018_06,EM2,3.8373329,3.7867779,0.0130332,0.0181303
/home/yoxara/Insync/DMSimp_vector_axial_pp_xxj_NLO_eff/Events/run_135/events_PYTHIA8_0.hepmc.gz,0.2709,20000,Axial,DM+QCDjets,2250.0,350.0,1.0,0.25,atlas_exot_2018_06,EM3,2.5763578,3.1264391,0.0089709,0.0150726
/home/yoxara/Insync/DMSimp_vector_axial_pp_xxj_NLO_eff/Events/run_135/events_PYTHIA8_0.hepmc.gz,0.2709,20000,Axial,DM+QCDjets,2250.0,350.0,1.0,0.25,atlas_exot_2018_06,EM4,1.5841071,2.2462483,0.011002,0.0166748
/home/yoxara/Insync/DMSimp_vector_axial_pp_xxj_NLO_eff/Events/run_135/events_PYTHIA8_0.hepmc.gz,0.2709,20000,Axial,DM+QCDjets,2250.0,350.0,1.0,0.25,atlas_exot_2018_06,EM5,1.0377993,1.2659719,0.0059242,0.0122674
/home/yoxara/Insync/DMSimp_vector_axial_pp_xxj_NLO_eff/Events/run_135/events_PYTHIA8_0.hepmc.gz,0.2709,20000,Axial,DM+QCDjets,2250.0,350.0,1.0,0.25,atlas_exot_2018_06,EM6,0.5919003,0.822098,0.0049086,0.0111722
/home/yoxara/Insync/DMSimp_vector_axial_pp_xxj_NLO_eff/Events/run_135/events_PYTHIA8_0.hepmc.gz,0.2709,20000,Axial,DM+QCDjets,2250.0,350.0,1.0,0.25,atlas_exot_2018_06,EM7,0.471316,0.6874617,0.0030467,0.0088101
/home/yoxara/Insync/DMSimp_vector_axial_pp_xxj_NLO_eff/Events/run_135/events_PYTHIA8_0.hepmc.gz,0.2709,20000,Axial,DM+QCDjets,2250.0,350.0,1.0,0.25,atlas_exot_2018_06,EM8,0.9570601,1.0967645,0.0008463,0.0046485
/home/yoxara/Insync/DMSimp_vector_axial_pp_xxj_NLO_eff/Events/run_135/events_PYTHIA8_0.hepmc.gz,0.2709,20000,Axial,DM+QCDjets,2250.0,350.0,1.0,0.25,atlas_exot_2018_06,EM9,2.8756278,2.4706032,0.0001693,0.0020796
/home/yoxara/Insync/DMSimp_vector_axial_pp_xxj_NLO_eff/Events/run_135/events_PYTHIA8_0.hepmc.gz,0.2709,20000,Axial,DM+QCDjets,2250.0,350.0,1.0,0.25,atlas_exot_2018_06,EM10,0.9237929,1.9735215,0.0003385,0.0029407
/home/yoxara/Insync/DMSimp_vector_axial_pp_xxj_NLO_eff/Events/run_135/events_PYTHIA8_0.hepmc.gz,0.2709,20000,Axial,DM+QCDjets,2250.0,350.0,1.0,0.25,atlas_exot_2018_06,EM11,0.6476946,0.728924,0.0003385,0.0029407
/home/yoxara/Insync/DMSimp_vector_axial_pp_xxj_NLO_eff/Events/run_135/events_PYTHIA8_0.hepmc.gz,0.2709,20000,Axial,DM+QCDjets,2250.0,350.0,1.0,0.25,atlas_exot_2018_06,EM12,0.2501155,0.2014563,0.0010156,0.0050917
/home/yoxara/Insync/DMSimp_vector_axial_pp_xxj_NLO_eff/Events/run_136/events_PYTHIA8_0.hepmc.gz,0.2524,20000,Axial,DM+QCDjets,2250.0,400.0,1.0,0.25,atlas_exot_2018_06,IM0,6.4116086,8.1188693,0.0884331,0.0460269
/home/yoxara/Insync/DMSimp_vector_axial_pp_xxj_NLO_eff/Events/run_136/events_PYTHIA8_0.hepmc.gz,0.2524,20000,Axial,DM+QCDjets,2250.0,400.0,1.0,0.25,atlas_exot_2018_06,IM1,3.3154544,4.1534713,0.0684264,0.0409289
/home/yoxara/Insync/DMSimp_vector_axial_pp_xxj_NLO_eff/Events/run_136/events_PYTHIA8_0.hepmc.gz,0.2524,20000,Axial,DM+QCDjets,2250.0,400.0,1.0,0.25,atlas_exot_2018_06,IM2,2.3608366,3.227385,0.0480834,0.0346822
/home/yoxara/Insync/DMSimp_vector_axial_pp_xxj_NLO_eff/Events/run_136/events_PYTHIA8_0.hepmc.gz,0.2524,20000,Axial,DM+QCDjets,2250.0,400.0,1.0,0.25,atlas_exot_2018_06,IM3,1.6029807,2.3473924,0.0356422,0.0300546
/home/yoxara/Insync/DMSimp_vector_axial_pp_xxj_NLO_eff/Events/run_136/events_PYTHIA8_0.hepmc.gz,0.2524,20000,Axial,DM+QCDjets,2250.0,400.0,1.0,0.25,atlas_exot_2018_06,IM4,1.2243389,1.953451,0.0268998,0.0262279
/home/yoxara/Insync/DMSimp_vector_axial_pp_xxj_NLO_eff/Events/run_136/events_PYTHIA8_0.hepmc.gz,0.2524,20000,Axial,DM+QCDjets,2250.0,400.0,1.0,0.25,atlas_exot_2018_06,IM5,1.0718256,1.6281035,0.0134499,0.0186736
/home/yoxara/Insync/DMSimp_vector_axial_pp_xxj_NLO_eff/Events/run_136/events_PYTHIA8_0.hepmc.gz,0.2524,20000,Axial,DM+QCDjets,2250.0,400.0,1.0,0.25,atlas_exot_2018_06,IM6,0.9448856,1.3785501,0.0077337,0.014201
/home/yoxara/Insync/DMSimp_vector_axial_pp_xxj_NLO_eff/Events/run_136/events_PYTHIA8_0.hepmc.gz,0.2524,20000,Axial,DM+QCDjets,2250.0,400.0,1.0,0.25,atlas_exot_2018_06,IM7,0.9708198,1.1502599,0.0036987,0.0098408
/home/yoxara/Insync/DMSimp_vector_axial_pp_xxj_NLO_eff/Events/run_136/events_PYTHIA8_0.hepmc.gz,0.2524,20000,Axial,DM+QCDjets,2250.0,400.0,1.0,0.25,atlas_exot_2018_06,IM8,1.1872902,1.2753915,0.0016812,0.0066414
/home/yoxara/Insync/DMSimp_vector_axial_pp_xxj_NLO_eff/Events/run_136/events_PYTHIA8_0.hepmc.gz,0.2524,20000,Axial,DM+QCDjets,2250.0,400.0,1.0,0.25,atlas_exot_2018_06,IM9,0.9373344,0.8867082,0.001345,0.0059412
/home/yoxara/Insync/DMSimp_vector_axial_pp_xxj_NLO_eff/Events/run_136/events_PYTHIA8_0.hepmc.gz,0.2524,20000,Axial,DM+QCDjets,2250.0,400.0,1.0,0.25,atlas_exot_2018_06,IM10,1.3877986,2.137599,0.0006725,0.0042025
/home/yoxara/Insync/DMSimp_vector_axial_pp_xxj_NLO_eff/Events/run_136/events_PYTHIA8_0.hepmc.gz,0.2524,20000,Axial,DM+QCDjets,2250.0,400.0,1.0,0.25,atlas_exot_2018_06,IM11,0.5586771,0.5006978,0.0010087,0.0051461
/home/yoxara/Insync/DMSimp_vector_axial_pp_xxj_NLO_eff/Events/run_136/events_PYTHIA8_0.hepmc.gz,0.2524,20000,Axial,DM+QCDjets,2250.0,400.0,1.0,0.25,atlas_exot_2018_06,IM12,0.6937739,0.5502793,0.0005044,0.0036398
/home/yoxara/Insync/DMSimp_vector_axial_pp_xxj_NLO_eff/Events/run_136/events_PYTHIA8_0.hepmc.gz,0.2524,20000,Axial,DM+QCDjets,2250.0,400.0,1.0,0.25,atlas_exot_2018_06,EM0,18.3380125,20.5262426,0.0200067,0.0226991
/home/yoxara/Insync/DMSimp_vector_axial_pp_xxj_NLO_eff/Events/run_136/events_PYTHIA8_0.hepmc.gz,0.2524,20000,Axial,DM+QCDjets,2250.0,400.0,1.0,0.25,atlas_exot_2018_06,EM1,6.2711124,6.1275141,0.020343,0.0228852
/home/yoxara/Insync/DMSimp_vector_axial_pp_xxj_NLO_eff/Events/run_136/events_PYTHIA8_0.hepmc.gz,0.2524,20000,Axial,DM+QCDjets,2250.0,400.0,1.0,0.25,atlas_exot_2018_06,EM2,4.0193691,3.9931421,0.0124412,0.0179689
/home/yoxara/Insync/DMSimp_vector_axial_pp_xxj_NLO_eff/Events/run_136/events_PYTHIA8_0.hepmc.gz,0.2524,20000,Axial,DM+QCDjets,2250.0,400.0,1.0,0.25,atlas_exot_2018_06,EM3,2.6393775,3.2131492,0.0087424,0.015091
/home/yoxara/Insync/DMSimp_vector_axial_pp_xxj_NLO_eff/Events/run_136/events_PYTHIA8_0.hepmc.gz,0.2524,20000,Axial,DM+QCDjets,2250.0,400.0,1.0,0.25,atlas_exot_2018_06,EM4,1.296569,1.8335695,0.0134499,0.0186736
/home/yoxara/Insync/DMSimp_vector_axial_pp_xxj_NLO_eff/Events/run_136/events_PYTHIA8_0.hepmc.gz,0.2524,20000,Axial,DM+QCDjets,2250.0,400.0,1.0,0.25,atlas_exot_2018_06,EM5,1.0784054,1.3073628,0.0057162,0.0122213
/home/yoxara/Insync/DMSimp_vector_axial_pp_xxj_NLO_eff/Events/run_136/events_PYTHIA8_0.hepmc.gz,0.2524,20000,Axial,DM+QCDjets,2250.0,400.0,1.0,0.25,atlas_exot_2018_06,EM6,0.7199862,1.0002111,0.004035,0.0102767
/home/yoxara/Insync/DMSimp_vector_axial_pp_xxj_NLO_eff/Events/run_136/events_PYTHIA8_0.hepmc.gz,0.2524,20000,Axial,DM+QCDjets,2250.0,400.0,1.0,0.25,atlas_exot_2018_06,EM7,0.7139632,1.0423216,0.0020175,0.0072741
/home/yoxara/Insync/DMSimp_vector_axial_pp_xxj_NLO_eff/Events/run_136/events_PYTHIA8_0.hepmc.gz,0.2524,20000,Axial,DM+QCDjets,2250.0,400.0,1.0,0.25,atlas_exot_2018_06,EM8,2.4168042,2.773011,0.0003362,0.0029721
/home/yoxara/Insync/DMSimp_vector_axial_pp_xxj_NLO_eff/Events/run_136/events_PYTHIA8_0.hepmc.gz,0.2524,20000,Axial,DM+QCDjets,2250.0,400.0,1.0,0.25,atlas_exot_2018_06,EM9,0.7275806,0.6167008,0.0006725,0.0042025
/home/yoxara/Insync/DMSimp_vector_axial_pp_xxj_NLO_eff/Events/run_136/events_PYTHIA8_0.hepmc.gz,0.2524,20000,Axial,DM+QCDjets,2250.0,400.0,1.0,0.25,atlas_exot_2018_06,EM10,-1.0,-1.0,0.0,0.0
/home/yoxara/Insync/DMSimp_vector_axial_pp_xxj_NLO_eff/Events/run_136/events_PYTHIA8_0.hepmc.gz,0.2524,20000,Axial,DM+QCDjets,2250.0,400.0,1.0,0.25,atlas_exot_2018_06,EM11,0.4374434,0.4892543,0.0005044,0.0036398
/home/yoxara/Insync/DMSimp_vector_axial_pp_xxj_NLO_eff/Events/run_136/events_PYTHIA8_0.hepmc.gz,0.2524,20000,Axial,DM+QCDjets,2250.0,400.0,1.0,0.25,atlas_exot_2018_06,EM12,0.5038905,0.405613,0.0005044,0.0036398
/home/yoxara/Insync/DMSimp_vector_axial_pp_xxj_NLO_eff/Events/run_137/events_PYTHIA8_0.hepmc.gz,0.2403,20000,Axial,DM+QCDjets,2250.0,450.0,1.0,0.25,atlas_exot_2018_06,IM0,5.6021358,7.0838046,0.1013202,0.0499304
/home/yoxara/Insync/DMSimp_vector_axial_pp_xxj_NLO_eff/Events/run_137/events_PYTHIA8_0.hepmc.gz,0.2403,20000,Axial,DM+QCDjets,2250.0,450.0,1.0,0.25,atlas_exot_2018_06,IM1,2.8862182,3.6238322,0.0783829,0.0444734
/home/yoxara/Insync/DMSimp_vector_axial_pp_xxj_NLO_eff/Events/run_137/events_PYTHIA8_0.hepmc.gz,0.2403,20000,Axial,DM+QCDjets,2250.0,450.0,1.0,0.25,atlas_exot_2018_06,IM2,2.0129657,2.7779682,0.0561056,0.0380785
/home/yoxara/Insync/DMSimp_vector_axial_pp_xxj_NLO_eff/Events/run_137/events_PYTHIA8_0.hepmc.gz,0.2403,20000,Axial,DM+QCDjets,2250.0,450.0,1.0,0.25,atlas_exot_2018_06,IM3,1.3292251,1.9588673,0.0427393,0.0334691
/home/yoxara/Insync/DMSimp_vector_axial_pp_xxj_NLO_eff/Events/run_137/events_PYTHIA8_0.hepmc.gz,0.2403,20000,Axial,DM+QCDjets,2250.0,450.0,1.0,0.25,atlas_exot_2018_06,IM4,1.0392706,1.6606917,0.0315182,0.0289095
/home/yoxara/Insync/DMSimp_vector_axial_pp_xxj_NLO_eff/Events/run_137/events_PYTHIA8_0.hepmc.gz,0.2403,20000,Axial,DM+QCDjets,2250.0,450.0,1.0,0.25,atlas_exot_2018_06,IM5,0.885043,1.3424138,0.0163366,0.0209758
/home/yoxara/Insync/DMSimp_vector_axial_pp_xxj_NLO_eff/Events/run_137/events_PYTHIA8_0.hepmc.gz,0.2403,20000,Axial,DM+QCDjets,2250.0,450.0,1.0,0.25,atlas_exot_2018_06,IM6,0.904662,1.3165876,0.0080858,0.0148188
/home/yoxara/Insync/DMSimp_vector_axial_pp_xxj_NLO_eff/Events/run_137/events_PYTHIA8_0.hepmc.gz,0.2403,20000,Axial,DM+QCDjets,2250.0,450.0,1.0,0.25,atlas_exot_2018_06,IM7,0.7512216,0.8857347,0.0047855,0.0114192
/home/yoxara/Insync/DMSimp_vector_axial_pp_xxj_NLO_eff/Events/run_137/events_PYTHIA8_0.hepmc.gz,0.2403,20000,Axial,DM+QCDjets,2250.0,450.0,1.0,0.25,atlas_exot_2018_06,IM8,0.9321845,-1.0,0.0021452,0.0076557
/home/yoxara/Insync/DMSimp_vector_axial_pp_xxj_NLO_eff/Events/run_137/events_PYTHIA8_0.hepmc.gz,0.2403,20000,Axial,DM+QCDjets,2250.0,450.0,1.0,0.25,atlas_exot_2018_06,IM9,1.0963473,1.0338391,0.0011551,0.0056205
/home/yoxara/Insync/DMSimp_vector_axial_pp_xxj_NLO_eff/Events/run_137/events_PYTHIA8_0.hepmc.gz,0.2403,20000,Axial,DM+QCDjets,2250.0,450.0,1.0,0.25,atlas_exot_2018_06,IM10,0.7062724,1.0901393,0.0013201,0.0060081
/home/yoxara/Insync/DMSimp_vector_axial_pp_xxj_NLO_eff/Events/run_137/events_PYTHIA8_0.hepmc.gz,0.2403,20000,Axial,DM+QCDjets,2250.0,450.0,1.0,0.25,atlas_exot_2018_06,IM11,3.4233148,3.0613093,0.000165,0.0021254
/home/yoxara/Insync/DMSimp_vector_axial_pp_xxj_NLO_eff/Events/run_137/events_PYTHIA8_0.hepmc.gz,0.2403,20000,Axial,DM+QCDjets,2250.0,450.0,1.0,0.25,atlas_exot_2018_06,IM12,-1.0,-1.0,0.0,0.0
/home/yoxara/Insync/DMSimp_vector_axial_pp_xxj_NLO_eff/Events/run_137/events_PYTHIA8_0.hepmc.gz,0.2403,20000,Axial,DM+QCDjets,2250.0,450.0,1.0,0.25,atlas_exot_2018_06,EM0,15.9991099,17.8255604,0.0229373,0.0247712
/home/yoxara/Insync/DMSimp_vector_axial_pp_xxj_NLO_eff/Events/run_137/events_PYTHIA8_0.hepmc.gz,0.2403,20000,Axial,DM+QCDjets,2250.0,450.0,1.0,0.25,atlas_exot_2018_06,EM1,5.7277136,5.5745034,0.0222772,0.0244204
/home/yoxara/Insync/DMSimp_vector_axial_pp_xxj_NLO_eff/Events/run_137/events_PYTHIA8_0.hepmc.gz,0.2403,20000,Axial,DM+QCDjets,2250.0,450.0,1.0,0.25,atlas_exot_2018_06,EM2,3.7221339,3.7048222,0.0133663,0.019002
/home/yoxara/Insync/DMSimp_vector_axial_pp_xxj_NLO_eff/Events/run_137/events_PYTHIA8_0.hepmc.gz,0.2403,20000,Axial,DM+QCDjets,2250.0,450.0,1.0,0.25,atlas_exot_2018_06,EM3,2.0532726,2.5050941,0.0112211,0.0174294
/home/yoxara/Insync/DMSimp_vector_axial_pp_xxj_NLO_eff/Events/run_137/events_PYTHIA8_0.hepmc.gz,0.2403,20000,Axial,DM+QCDjets,2250.0,450.0,1.0,0.25,atlas_exot_2018_06,EM4,1.1563885,1.6239075,0.0151815,0.0202325
/home/yoxara/Insync/DMSimp_vector_axial_pp_xxj_NLO_eff/Events/run_137/events_PYTHIA8_0.hepmc.gz,0.2403,20000,Axial,DM+QCDjets,2250.0,450.0,1.0,0.25,atlas_exot_2018_06,EM5,0.7448791,0.909274,0.0082508,0.014968
/home/yoxara/Insync/DMSimp_vector_axial_pp_xxj_NLO_eff/Events/run_137/events_PYTHIA8_0.hepmc.gz,0.2403,20000,Axial,DM+QCDjets,2250.0,450.0,1.0,0.25,atlas_exot_2018_06,EM6,0.8833121,1.2230692,0.0033003,0.0094902
/home/yoxara/Insync/DMSimp_vector_axial_pp_xxj_NLO_eff/Events/run_137/events_PYTHIA8_0.hepmc.gz,0.2403,20000,Axial,DM+QCDjets,2250.0,450.0,1.0,0.25,atlas_exot_2018_06,EM7,0.5422904,0.7943898,0.0026403,0.0084911
/home/yoxara/Insync/DMSimp_vector_axial_pp_xxj_NLO_eff/Events/run_137/events_PYTHIA8_0.hepmc.gz,0.2403,20000,Axial,DM+QCDjets,2250.0,450.0,1.0,0.25,atlas_exot_2018_06,EM8,0.8181477,0.9405452,0.0009901,0.005204
/home/yoxara/Insync/DMSimp_vector_axial_pp_xxj_NLO_eff/Events/run_137/events_PYTHIA8_0.hepmc.gz,0.2403,20000,Axial,DM+QCDjets,2250.0,450.0,1.0,0.25,atlas_exot_2018_06,EM9,-1.0,-1.0,0.0,0.0
/home/yoxara/Insync/DMSimp_vector_axial_pp_xxj_NLO_eff/Events/run_137/events_PYTHIA8_0.hepmc.gz,0.2403,20000,Axial,DM+QCDjets,2250.0,450.0,1.0,0.25,atlas_exot_2018_06,EM10,0.271581,0.5777942,0.0011551,0.0056205
/home/yoxara/Insync/DMSimp_vector_axial_pp_xxj_NLO_eff/Events/run_137/events_PYTHIA8_0.hepmc.gz,0.2403,20000,Axial,DM+QCDjets,2250.0,450.0,1.0,0.25,atlas_exot_2018_06,EM11,0.6641751,0.749508,0.00033,0.0030055
/home/yoxara/Insync/DMSimp_vector_axial_pp_xxj_NLO_eff/Events/run_137/events_PYTHIA8_0.hepmc.gz,0.2403,20000,Axial,DM+QCDjets,2250.0,450.0,1.0,0.25,atlas_exot_2018_06,EM12,-1.0,-1.0,0.0,0.0
/home/yoxara/Insync/DMSimp_vector_axial_pp_xxj_NLO_eff/Events/run_138/events_PYTHIA8_0.hepmc.gz,0.2295,20000,Axial,DM+QCDjets,2250.0,500.0,1.0,0.25,atlas_exot_2018_06,IM0,6.1711604,7.8323449,0.0913838,0.0487755
/home/yoxara/Insync/DMSimp_vector_axial_pp_xxj_NLO_eff/Events/run_138/events_PYTHIA8_0.hepmc.gz,0.2295,20000,Axial,DM+QCDjets,2250.0,500.0,1.0,0.25,atlas_exot_2018_06,IM1,3.1277076,3.9117749,0.0726175,0.0439265
/home/yoxara/Insync/DMSimp_vector_axial_pp_xxj_NLO_eff/Events/run_138/events_PYTHIA8_0.hepmc.gz,0.2295,20000,Axial,DM+QCDjets,2250.0,500.0,1.0,0.25,atlas_exot_2018_06,IM2,2.2822278,3.1402126,0.0497715,0.0368113
/home/yoxara/Insync/DMSimp_vector_axial_pp_xxj_NLO_eff/Events/run_138/events_PYTHIA8_0.hepmc.gz,0.2295,20000,Axial,DM+QCDjets,2250.0,500.0,1.0,0.25,atlas_exot_2018_06,IM3,1.58077,2.3222496,0.036064,0.03156
/home/yoxara/Insync/DMSimp_vector_axial_pp_xxj_NLO_eff/Events/run_138/events_PYTHIA8_0.hepmc.gz,0.2295,20000,Axial,DM+QCDjets,2250.0,500.0,1.0,0.25,atlas_exot_2018_06,IM4,1.1503745,1.832598,0.0285574,0.0281932
/home/yoxara/Insync/DMSimp_vector_axial_pp_xxj_NLO_eff/Events/run_138/events_PYTHIA8_0.hepmc.gz,0.2295,20000,Axial,DM+QCDjets,2250.0,500.0,1.0,0.25,atlas_exot_2018_06,IM5,0.7830873,1.189612,0.0184399,0.0227727
/home/yoxara/Insync/DMSimp_vector_axial_pp_xxj_NLO_eff/Events/run_138/events_PYTHIA8_0.hepmc.gz,0.2295,20000,Axial,DM+QCDjets,2250.0,500.0,1.0,0.25,atlas_exot_2018_06,IM6,0.7311205,1.0737712,0.0099543,0.0168039
/home/yoxara/Insync/DMSimp_vector_axial_pp_xxj_NLO_eff/Events/run_138/events_PYTHIA8_0.hepmc.gz,0.2295,20000,Axial,DM+QCDjets,2250.0,500.0,1.0,0.25,atlas_exot_2018_06,IM7,0.6476816,0.764432,0.0055483,0.0125733
/home/yoxara/Insync/DMSimp_vector_axial_pp_xxj_NLO_eff/Events/run_138/events_PYTHIA8_0.hepmc.gz,0.2295,20000,Axial,DM+QCDjets,2250.0,500.0,1.0,0.25,atlas_exot_2018_06,IM8,0.6820195,0.7298243,0.0029373,0.0091604
/home/yoxara/Insync/DMSimp_vector_axial_pp_xxj_NLO_eff/Events/run_138/events_PYTHIA8_0.hepmc.gz,0.2295,20000,Axial,DM+QCDjets,2250.0,500.0,1.0,0.25,atlas_exot_2018_06,IM9,0.6458182,0.6082753,0.0019582,0.0074831
/home/yoxara/Insync/DMSimp_vector_axial_pp_xxj_NLO_eff/Events/run_138/events_PYTHIA8_0.hepmc.gz,0.2295,20000,Axial,DM+QCDjets,2250.0,500.0,1.0,0.25,atlas_exot_2018_06,IM10,0.9554323,1.4735846,0.0009791,0.005294
/home/yoxara/Insync/DMSimp_vector_axial_pp_xxj_NLO_eff/Events/run_138/events_PYTHIA8_0.hepmc.gz,0.2295,20000,Axial,DM+QCDjets,2250.0,500.0,1.0,0.25,atlas_exot_2018_06,IM11,1.1623114,1.02928,0.0004896,0.0037443
/home/yoxara/Insync/DMSimp_vector_axial_pp_xxj_NLO_eff/Events/run_138/events_PYTHIA8_0.hepmc.gz,0.2295,20000,Axial,DM+QCDjets,2250.0,500.0,1.0,0.25,atlas_exot_2018_06,IM12,0.4270175,0.3395507,0.0008159,0.0048331
/home/yoxara/Insync/DMSimp_vector_axial_pp_xxj_NLO_eff/Events/run_138/events_PYTHIA8_0.hepmc.gz,0.2295,20000,Axial,DM+QCDjets,2250.0,500.0,1.0,0.25,atlas_exot_2018_06,EM0,19.5816663,21.9700219,0.0187663,0.0229695
/home/yoxara/Insync/DMSimp_vector_axial_pp_xxj_NLO_eff/Events/run_138/events_PYTHIA8_0.hepmc.gz,0.2295,20000,Axial,DM+QCDjets,2250.0,500.0,1.0,0.25,atlas_exot_2018_06,EM1,5.5764913,5.4300848,0.0228459,0.0252908
/home/yoxara/Insync/DMSimp_vector_axial_pp_xxj_NLO_eff/Events/run_138/events_PYTHIA8_0.hepmc.gz,0.2295,20000,Axial,DM+QCDjets,2250.0,500.0,1.0,0.25,atlas_exot_2018_06,EM2,3.6471405,3.6096821,0.0137076,0.0196816
/home/yoxara/Insync/DMSimp_vector_axial_pp_xxj_NLO_eff/Events/run_138/events_PYTHIA8_0.hepmc.gz,0.2295,20000,Axial,DM+QCDjets,2250.0,500.0,1.0,0.25,atlas_exot_2018_06,EM3,3.0913369,3.7332164,0.0075065,0.0146103
/home/yoxara/Insync/DMSimp_vector_axial_pp_xxj_NLO_eff/Events/run_138/events_PYTHIA8_0.hepmc.gz,0.2295,20000,Axial,DM+QCDjets,2250.0,500.0,1.0,0.25,atlas_exot_2018_06,EM4,1.73541,2.4384101,0.0101175,0.0169397
/home/yoxara/Insync/DMSimp_vector_axial_pp_xxj_NLO_eff/Events/run_138/events_PYTHIA8_0.hepmc.gz,0.2295,20000,Axial,DM+QCDjets,2250.0,500.0,1.0,0.25,atlas_exot_2018_06,EM5,0.7233051,0.8804428,0.0084856,0.0155263
/home/yoxara/Insync/DMSimp_vector_axial_pp_xxj_NLO_eff/Events/run_138/events_PYTHIA8_0.hepmc.gz,0.2295,20000,Axial,DM+QCDjets,2250.0,500.0,1.0,0.25,atlas_exot_2018_06,EM6,0.6596667,0.9164566,0.004406,0.0112109
/home/yoxara/Insync/DMSimp_vector_axial_pp_xxj_NLO_eff/Events/run_138/events_PYTHIA8_0.hepmc.gz,0.2295,20000,Axial,DM+QCDjets,2250.0,500.0,1.0,0.25,atlas_exot_2018_06,EM7,0.5449073,0.8034336,0.002611,0.0086379
/home/yoxara/Insync/DMSimp_vector_axial_pp_xxj_NLO_eff/Events/run_138/events_PYTHIA8_0.hepmc.gz,0.2295,20000,Axial,DM+QCDjets,2250.0,500.0,1.0,0.25,atlas_exot_2018_06,EM8,0.8299129,0.9529918,0.0009791,0.005294
/home/yoxara/Insync/DMSimp_vector_axial_pp_xxj_NLO_eff/Events/run_138/events_PYTHIA8_0.hepmc.gz,0.2295,20000,Axial,DM+QCDjets,2250.0,500.0,1.0,0.25,atlas_exot_2018_06,EM9,0.4989554,0.424109,0.0009791,0.005294
/home/yoxara/Insync/DMSimp_vector_axial_pp_xxj_NLO_eff/Events/run_138/events_PYTHIA8_0.hepmc.gz,0.2295,20000,Axial,DM+QCDjets,2250.0,500.0,1.0,0.25,atlas_exot_2018_06,EM10,0.6414125,1.3650782,0.0004896,0.0037443
/home/yoxara/Insync/DMSimp_vector_axial_pp_xxj_NLO_eff/Events/run_138/events_PYTHIA8_0.hepmc.gz,0.2295,20000,Axial,DM+QCDjets,2250.0,500.0,1.0,0.25,atlas_exot_2018_06,EM11,-1.0,-1.0,0.0,0.0
/home/yoxara/Insync/DMSimp_vector_axial_pp_xxj_NLO_eff/Events/run_138/events_PYTHIA8_0.hepmc.gz,0.2295,20000,Axial,DM+QCDjets,2250.0,500.0,1.0,0.25,atlas_exot_2018_06,EM12,0.3115037,0.2498443,0.0008159,0.0048331
/home/yoxara/Insync/DMSimp_vector_axial_pp_xxj_NLO_eff/Events/run_139/events_PYTHIA8_0.hepmc.gz,0.2194,20000,Axial,DM+QCDjets,2250.0,550.0,1.0,0.25,atlas_exot_2018_06,IM0,5.7539045,7.3223545,0.0981138,0.052242
/home/yoxara/Insync/DMSimp_vector_axial_pp_xxj_NLO_eff/Events/run_139/events_PYTHIA8_0.hepmc.gz,0.2194,20000,Axial,DM+QCDjets,2250.0,550.0,1.0,0.25,atlas_exot_2018_06,IM1,2.9912919,3.7618105,0.0756122,0.0464303
/home/yoxara/Insync/DMSimp_vector_axial_pp_xxj_NLO_eff/Events/run_139/events_PYTHIA8_0.hepmc.gz,0.2194,20000,Axial,DM+QCDjets,2250.0,550.0,1.0,0.25,atlas_exot_2018_06,IM2,1.9772028,2.7183874,0.0572468,0.0407994
/home/yoxara/Insync/DMSimp_vector_axial_pp_xxj_NLO_eff/Events/run_139/events_PYTHIA8_0.hepmc.gz,0.2194,20000,Axial,DM+QCDjets,2250.0,550.0,1.0,0.25,atlas_exot_2018_06,IM3,1.3417755,1.990339,0.0421906,0.0353042
/home/yoxara/Insync/DMSimp_vector_axial_pp_xxj_NLO_eff/Events/run_139/events_PYTHIA8_0.hepmc.gz,0.2194,20000,Axial,DM+QCDjets,2250.0,550.0,1.0,0.25,atlas_exot_2018_06,IM4,1.0103102,1.6233537,0.0322634,0.0310322
/home/yoxara/Insync/DMSimp_vector_axial_pp_xxj_NLO_eff/Events/run_139/events_PYTHIA8_0.hepmc.gz,0.2194,20000,Axial,DM+QCDjets,2250.0,550.0,1.0,0.25,atlas_exot_2018_06,IM5,0.7264528,1.1019722,0.0198544,0.0244992
/home/yoxara/Insync/DMSimp_vector_axial_pp_xxj_NLO_eff/Events/run_139/events_PYTHIA8_0.hepmc.gz,0.2194,20000,Axial,DM+QCDjets,2250.0,550.0,1.0,0.25,atlas_exot_2018_06,IM6,0.6111918,0.8952659,0.0119126,0.0190538
/home/yoxara/Insync/DMSimp_vector_axial_pp_xxj_NLO_eff/Events/run_139/events_PYTHIA8_0.hepmc.gz,0.2194,20000,Axial,DM+QCDjets,2250.0,550.0,1.0,0.25,atlas_exot_2018_06,IM7,0.4527174,0.5333508,0.0079418,0.0155886
/home/yoxara/Insync/DMSimp_vector_axial_pp_xxj_NLO_eff/Events/run_139/events_PYTHIA8_0.hepmc.gz,0.2194,20000,Axial,DM+QCDjets,2250.0,550.0,1.0,0.25,atlas_exot_2018_06,IM8,0.3474378,0.3705678,0.0057909,0.0133257
/home/yoxara/Insync/DMSimp_vector_axial_pp_xxj_NLO_eff/Events/run_139/events_PYTHIA8_0.hepmc.gz,0.2194,20000,Axial,DM+QCDjets,2250.0,550.0,1.0,0.25,atlas_exot_2018_06,IM9,0.5103883,0.4816922,0.0024818,0.0087382
/home/yoxara/Insync/DMSimp_vector_axial_pp_xxj_NLO_eff/Events/run_139/events_PYTHIA8_0.hepmc.gz,0.2194,20000,Axial,DM+QCDjets,2250.0,550.0,1.0,0.25,atlas_exot_2018_06,IM10,0.4693457,0.7267726,0.0019854,0.0078176
/home/yoxara/Insync/DMSimp_vector_axial_pp_xxj_NLO_eff/Events/run_139/events_PYTHIA8_0.hepmc.gz,0.2194,20000,Axial,DM+QCDjets,2250.0,550.0,1.0,0.25,atlas_exot_2018_06,IM11,0.485877,0.4342811,0.0011582,0.0059733
/home/yoxara/Insync/DMSimp_vector_axial_pp_xxj_NLO_eff/Events/run_139/events_PYTHIA8_0.hepmc.gz,0.2194,20000,Axial,DM+QCDjets,2250.0,550.0,1.0,0.25,atlas_exot_2018_06,IM12,0.5267642,0.4134676,0.0006618,0.0045165
/home/yoxara/Insync/DMSimp_vector_axial_pp_xxj_NLO_eff/Events/run_139/events_PYTHIA8_0.hepmc.gz,0.2194,20000,Axial,DM+QCDjets,2250.0,550.0,1.0,0.25,atlas_exot_2018_06,EM0,16.2335468,18.2781494,0.0225016,0.0260462
/home/yoxara/Insync/DMSimp_vector_axial_pp_xxj_NLO_eff/Events/run_139/events_PYTHIA8_0.hepmc.gz,0.2194,20000,Axial,DM+QCDjets,2250.0,550.0,1.0,0.25,atlas_exot_2018_06,EM1,6.9356405,6.7940453,0.0183653,0.0235805
/home/yoxara/Insync/DMSimp_vector_axial_pp_xxj_NLO_eff/Events/run_139/events_PYTHIA8_0.hepmc.gz,0.2194,20000,Axial,DM+QCDjets,2250.0,550.0,1.0,0.25,atlas_exot_2018_06,EM2,3.3195715,3.2865454,0.0150563,0.0213867
/home/yoxara/Insync/DMSimp_vector_axial_pp_xxj_NLO_eff/Events/run_139/events_PYTHIA8_0.hepmc.gz,0.2194,20000,Axial,DM+QCDjets,2250.0,550.0,1.0,0.25,atlas_exot_2018_06,EM3,2.3417528,2.8226742,0.0099272,0.0174111
/home/yoxara/Insync/DMSimp_vector_axial_pp_xxj_NLO_eff/Events/run_139/events_PYTHIA8_0.hepmc.gz,0.2194,20000,Axial,DM+QCDjets,2250.0,550.0,1.0,0.25,atlas_exot_2018_06,EM4,1.4058271,1.9882481,0.012409,0.0194418
/home/yoxara/Insync/DMSimp_vector_axial_pp_xxj_NLO_eff/Events/run_139/events_PYTHIA8_0.hepmc.gz,0.2194,20000,Axial,DM+QCDjets,2250.0,550.0,1.0,0.25,atlas_exot_2018_06,EM5,0.7735008,0.9420795,0.0079418,0.0155886
/home/yoxara/Insync/DMSimp_vector_axial_pp_xxj_NLO_eff/Events/run_139/events_PYTHIA8_0.hepmc.gz,0.2194,20000,Axial,DM+QCDjets,2250.0,550.0,1.0,0.25,atlas_exot_2018_06,EM6,0.7361049,1.0200026,0.0039709,0.0110448
/home/yoxara/Insync/DMSimp_vector_axial_pp_xxj_NLO_eff/Events/run_139/events_PYTHIA8_0.hepmc.gz,0.2194,20000,Axial,DM+QCDjets,2250.0,550.0,1.0,0.25,atlas_exot_2018_06,EM7,0.6697202,0.9748731,0.0021509,0.0081362
/home/yoxara/Insync/DMSimp_vector_axial_pp_xxj_NLO_eff/Events/run_139/events_PYTHIA8_0.hepmc.gz,0.2194,20000,Axial,DM+QCDjets,2250.0,550.0,1.0,0.25,atlas_exot_2018_06,EM8,0.2459737,0.2821174,0.0033091,0.0100858
/home/yoxara/Insync/DMSimp_vector_axial_pp_xxj_NLO_eff/Events/run_139/events_PYTHIA8_0.hepmc.gz,0.2194,20000,Axial,DM+QCDjets,2250.0,550.0,1.0,0.25,atlas_exot_2018_06,EM9,0.9830623,0.8328412,0.0004964,0.0039117
/home/yoxara/Insync/DMSimp_vector_axial_pp_xxj_NLO_eff/Events/run_139/events_PYTHIA8_0.hepmc.gz,0.2194,20000,Axial,DM+QCDjets,2250.0,550.0,1.0,0.25,atlas_exot_2018_06,EM10,0.3776502,0.8045555,0.0008273,0.0050492
/home/yoxara/Insync/DMSimp_vector_axial_pp_xxj_NLO_eff/Events/run_139/events_PYTHIA8_0.hepmc.gz,0.2194,20000,Axial,DM+QCDjets,2250.0,550.0,1.0,0.25,atlas_exot_2018_06,EM11,0.4441206,0.4984214,0.0004964,0.0039117
/home/yoxara/Insync/DMSimp_vector_axial_pp_xxj_NLO_eff/Events/run_139/events_PYTHIA8_0.hepmc.gz,0.2194,20000,Axial,DM+QCDjets,2250.0,550.0,1.0,0.25,atlas_exot_2018_06,EM12,0.3840445,0.308286,0.0006618,0.0045165
/home/yoxara/Insync/DMSimp_vector_axial_pp_xxj_NLO_eff/Events/run_140/events_PYTHIA8_0.hepmc.gz,0.2108,20000,Axial,DM+QCDjets,2250.0,600.0,1.0,0.25,atlas_exot_2018_06,IM0,6.4095204,8.1372775,0.0882155,0.0519709
/home/yoxara/Insync/DMSimp_vector_axial_pp_xxj_NLO_eff/Events/run_140/events_PYTHIA8_0.hepmc.gz,0.2108,20000,Axial,DM+QCDjets,2250.0,600.0,1.0,0.25,atlas_exot_2018_06,IM1,3.3075847,4.1756093,0.0681818,0.0461893
/home/yoxara/Insync/DMSimp_vector_axial_pp_xxj_NLO_eff/Events/run_140/events_PYTHIA8_0.hepmc.gz,0.2108,20000,Axial,DM+QCDjets,2250.0,600.0,1.0,0.25,atlas_exot_2018_06,IM2,2.2440682,3.0847338,0.0505051,0.0401287
/home/yoxara/Insync/DMSimp_vector_axial_pp_xxj_NLO_eff/Events/run_140/events_PYTHIA8_0.hepmc.gz,0.2108,20000,Axial,DM+QCDjets,2250.0,600.0,1.0,0.25,atlas_exot_2018_06,IM3,1.533084,2.2507791,0.0373737,0.0347579
/home/yoxara/Insync/DMSimp_vector_axial_pp_xxj_NLO_eff/Events/run_140/events_PYTHIA8_0.hepmc.gz,0.2108,20000,Axial,DM+QCDjets,2250.0,600.0,1.0,0.25,atlas_exot_2018_06,IM4,1.1779092,1.8732241,0.0279461,0.0302028
/home/yoxara/Insync/DMSimp_vector_axial_pp_xxj_NLO_eff/Events/run_140/events_PYTHIA8_0.hepmc.gz,0.2108,20000,Axial,DM+QCDjets,2250.0,600.0,1.0,0.25,atlas_exot_2018_06,IM5,0.8278254,1.2594609,0.0173401,0.0239204
/home/yoxara/Insync/DMSimp_vector_axial_pp_xxj_NLO_eff/Events/run_140/events_PYTHIA8_0.hepmc.gz,0.2108,20000,Axial,DM+QCDjets,2250.0,600.0,1.0,0.25,atlas_exot_2018_06,IM6,0.6873565,1.0,0.0106061,0.0187717
/home/yoxara/Insync/DMSimp_vector_axial_pp_xxj_NLO_eff/Events/run_140/events_PYTHIA8_0.hepmc.gz,0.2108,20000,Axial,DM+QCDjets,2250.0,600.0,1.0,0.25,atlas_exot_2018_06,IM7,0.6118383,0.7201703,0.0058923,0.0140249
/home/yoxara/Insync/DMSimp_vector_axial_pp_xxj_NLO_eff/Events/run_140/events_PYTHIA8_0.hepmc.gz,0.2108,20000,Axial,DM+QCDjets,2250.0,600.0,1.0,0.25,atlas_exot_2018_06,IM8,0.6248312,0.671249,0.0031987,0.0103474
/home/yoxara/Insync/DMSimp_vector_axial_pp_xxj_NLO_eff/Events/run_140/events_PYTHIA8_0.hepmc.gz,0.2108,20000,Axial,DM+QCDjets,2250.0,600.0,1.0,0.25,atlas_exot_2018_06,IM9,1.0718828,1.0103087,0.0011785,0.006287
/home/yoxara/Insync/DMSimp_vector_axial_pp_xxj_NLO_eff/Events/run_140/events_PYTHIA8_0.hepmc.gz,0.2108,20000,Axial,DM+QCDjets,2250.0,600.0,1.0,0.25,atlas_exot_2018_06,IM10,0.9234921,1.4282122,0.0010101,0.0058211
/home/yoxara/Insync/DMSimp_vector_axial_pp_xxj_NLO_eff/Events/run_140/events_PYTHIA8_0.hepmc.gz,0.2108,20000,Axial,DM+QCDjets,2250.0,600.0,1.0,0.25,atlas_exot_2018_06,IM11,0.841234,0.7470958,0.0006734,0.0047537
/home/yoxara/Insync/DMSimp_vector_axial_pp_xxj_NLO_eff/Events/run_140/events_PYTHIA8_0.hepmc.gz,0.2108,20000,Axial,DM+QCDjets,2250.0,600.0,1.0,0.25,atlas_exot_2018_06,IM12,2.0798516,1.6578754,0.0001684,0.0023775
/home/yoxara/Insync/DMSimp_vector_axial_pp_xxj_NLO_eff/Events/run_140/events_PYTHIA8_0.hepmc.gz,0.2108,20000,Axial,DM+QCDjets,2250.0,600.0,1.0,0.25,atlas_exot_2018_06,EM0,18.4174982,20.515477,0.0200337,0.025676
/home/yoxara/Insync/DMSimp_vector_axial_pp_xxj_NLO_eff/Events/run_140/events_PYTHIA8_0.hepmc.gz,0.2108,20000,Axial,DM+QCDjets,2250.0,600.0,1.0,0.25,atlas_exot_2018_06,EM1,7.1664478,7.0113478,0.0176768,0.0241474
/home/yoxara/Insync/DMSimp_vector_axial_pp_xxj_NLO_eff/Events/run_140/events_PYTHIA8_0.hepmc.gz,0.2108,20000,Axial,DM+QCDjets,2250.0,600.0,1.0,0.25,atlas_exot_2018_06,EM2,3.8068507,3.7601634,0.0131313,0.0208605
/home/yoxara/Insync/DMSimp_vector_axial_pp_xxj_NLO_eff/Events/run_140/events_PYTHIA8_0.hepmc.gz,0.2108,20000,Axial,DM+QCDjets,2250.0,600.0,1.0,0.25,atlas_exot_2018_06,EM3,2.4579602,2.9804974,0.0094276,0.0177086
/home/yoxara/Insync/DMSimp_vector_axial_pp_xxj_NLO_eff/Events/run_140/events_PYTHIA8_0.hepmc.gz,0.2108,20000,Axial,DM+QCDjets,2250.0,600.0,1.0,0.25,atlas_exot_2018_06,EM4,1.6564275,2.329815,0.0106061,0.0187717
/home/yoxara/Insync/DMSimp_vector_axial_pp_xxj_NLO_eff/Events/run_140/events_PYTHIA8_0.hepmc.gz,0.2108,20000,Axial,DM+QCDjets,2250.0,600.0,1.0,0.25,atlas_exot_2018_06,EM5,0.9144367,1.1122012,0.006734,0.0149869
/home/yoxara/Insync/DMSimp_vector_axial_pp_xxj_NLO_eff/Events/run_140/events_PYTHIA8_0.hepmc.gz,0.2108,20000,Axial,DM+QCDjets,2250.0,600.0,1.0,0.25,atlas_exot_2018_06,EM6,0.617381,0.8566992,0.0047138,0.0125517
/home/yoxara/Insync/DMSimp_vector_axial_pp_xxj_NLO_eff/Events/run_140/events_PYTHIA8_0.hepmc.gz,0.2108,20000,Axial,DM+QCDjets,2250.0,600.0,1.0,0.25,atlas_exot_2018_06,EM7,0.5311808,0.7766026,0.0026936,0.0094978
/home/yoxara/Insync/DMSimp_vector_axial_pp_xxj_NLO_eff/Events/run_140/events_PYTHIA8_0.hepmc.gz,0.2108,20000,Axial,DM+QCDjets,2250.0,600.0,1.0,0.25,atlas_exot_2018_06,EM8,0.401353,0.4616384,0.0020202,0.0082281
/home/yoxara/Insync/DMSimp_vector_axial_pp_xxj_NLO_eff/Events/run_140/events_PYTHIA8_0.hepmc.gz,0.2108,20000,Axial,DM+QCDjets,2250.0,600.0,1.0,0.25,atlas_exot_2018_06,EM9,2.8949342,2.4765007,0.0001684,0.0023775
/home/yoxara/Insync/DMSimp_vector_axial_pp_xxj_NLO_eff/Events/run_140/events_PYTHIA8_0.hepmc.gz,0.2108,20000,Axial,DM+QCDjets,2250.0,600.0,1.0,0.25,atlas_exot_2018_06,EM10,0.9282972,1.9826625,0.0003367,0.0033619
/home/yoxara/Insync/DMSimp_vector_axial_pp_xxj_NLO_eff/Events/run_140/events_PYTHIA8_0.hepmc.gz,0.2108,20000,Axial,DM+QCDjets,2250.0,600.0,1.0,0.25,atlas_exot_2018_06,EM11,0.4346621,0.4886907,0.0005051,0.0041172
/home/yoxara/Insync/DMSimp_vector_axial_pp_xxj_NLO_eff/Events/run_140/events_PYTHIA8_0.hepmc.gz,0.2108,20000,Axial,DM+QCDjets,2250.0,600.0,1.0,0.25,atlas_exot_2018_06,EM12,1.5085431,1.204108,0.0001684,0.0023775
/home/yoxara/Insync/DMSimp_vector_axial_pp_xxj_NLO_eff/Events/run_141/events_PYTHIA8_0.hepmc.gz,0.1892,20000,Axial,DM+QCDjets,2250.0,650.0,1.0,0.25,atlas_exot_2018_06,IM0,5.7852567,7.3563826,0.097375,0.0579943
/home/yoxara/Insync/DMSimp_vector_axial_pp_xxj_NLO_eff/Events/run_141/events_PYTHIA8_0.hepmc.gz,0.1892,20000,Axial,DM+QCDjets,2250.0,650.0,1.0,0.25,atlas_exot_2018_06,IM1,2.9360726,3.6736485,0.0773324,0.052253
/home/yoxara/Insync/DMSimp_vector_axial_pp_xxj_NLO_eff/Events/run_141/events_PYTHIA8_0.hepmc.gz,0.1892,20000,Axial,DM+QCDjets,2250.0,650.0,1.0,0.25,atlas_exot_2018_06,IM2,1.835172,2.5097997,0.0619014,0.0471392
/home/yoxara/Insync/DMSimp_vector_axial_pp_xxj_NLO_eff/Events/run_141/events_PYTHIA8_0.hepmc.gz,0.1892,20000,Axial,DM+QCDjets,2250.0,650.0,1.0,0.25,atlas_exot_2018_06,IM3,1.2161019,1.7912488,0.0470025,0.0414013
/home/yoxara/Insync/DMSimp_vector_axial_pp_xxj_NLO_eff/Events/run_141/events_PYTHIA8_0.hepmc.gz,0.1892,20000,Axial,DM+QCDjets,2250.0,650.0,1.0,0.25,atlas_exot_2018_06,IM4,0.9593949,1.5276007,0.034232,0.0355681
/home/yoxara/Insync/DMSimp_vector_axial_pp_xxj_NLO_eff/Events/run_141/events_PYTHIA8_0.hepmc.gz,0.1892,20000,Axial,DM+QCDjets,2250.0,650.0,1.0,0.25,atlas_exot_2018_06,IM5,0.6729726,1.0212944,0.0214615,0.0283483
/home/yoxara/Insync/DMSimp_vector_axial_pp_xxj_NLO_eff/Events/run_141/events_PYTHIA8_0.hepmc.gz,0.1892,20000,Axial,DM+QCDjets,2250.0,650.0,1.0,0.25,atlas_exot_2018_06,IM6,0.5061203,0.743033,0.0143668,0.023278
/home/yoxara/Insync/DMSimp_vector_axial_pp_xxj_NLO_eff/Events/run_141/events_PYTHIA8_0.hepmc.gz,0.1892,20000,Axial,DM+QCDjets,2250.0,650.0,1.0,0.25,atlas_exot_2018_06,IM7,0.4211049,0.4977512,0.0085137,0.0179725
/home/yoxara/Insync/DMSimp_vector_axial_pp_xxj_NLO_eff/Events/run_141/events_PYTHIA8_0.hepmc.gz,0.1892,20000,Axial,DM+QCDjets,2250.0,650.0,1.0,0.25,atlas_exot_2018_06,IM8,0.4181353,0.4486151,0.0047889,0.0135047
/home/yoxara/Insync/DMSimp_vector_axial_pp_xxj_NLO_eff/Events/run_141/events_PYTHIA8_0.hepmc.gz,0.1892,20000,Axial,DM+QCDjets,2250.0,650.0,1.0,0.25,atlas_exot_2018_06,IM9,0.3389085,0.3197589,0.0037247,0.0119164
/home/yoxara/Insync/DMSimp_vector_axial_pp_xxj_NLO_eff/Events/run_141/events_PYTHIA8_0.hepmc.gz,0.1892,20000,Axial,DM+QCDjets,2250.0,650.0,1.0,0.25,atlas_exot_2018_06,IM10,0.4773265,0.7381464,0.001951,0.0086321
/home/yoxara/Insync/DMSimp_vector_axial_pp_xxj_NLO_eff/Events/run_141/events_PYTHIA8_0.hepmc.gz,0.1892,20000,Axial,DM+QCDjets,2250.0,650.0,1.0,0.25,atlas_exot_2018_06,IM11,0.5296526,0.4766905,0.0010642,0.0063781
/home/yoxara/Insync/DMSimp_vector_axial_pp_xxj_NLO_eff/Events/run_141/events_PYTHIA8_0.hepmc.gz,0.1892,20000,Axial,DM+QCDjets,2250.0,650.0,1.0,0.25,atlas_exot_2018_06,IM12,-1.0,-1.0,0.0,0.0
/home/yoxara/Insync/DMSimp_vector_axial_pp_xxj_NLO_eff/Events/run_141/events_PYTHIA8_0.hepmc.gz,0.1892,20000,Axial,DM+QCDjets,2250.0,650.0,1.0,0.25,atlas_exot_2018_06,EM0,18.3489988,20.4907996,0.0200426,0.027415
/home/yoxara/Insync/DMSimp_vector_axial_pp_xxj_NLO_eff/Events/run_141/events_PYTHIA8_0.hepmc.gz,0.1892,20000,Axial,DM+QCDjets,2250.0,650.0,1.0,0.25,atlas_exot_2018_06,EM1,8.261411,8.0531231,0.015431,0.0241117
/home/yoxara/Insync/DMSimp_vector_axial_pp_xxj_NLO_eff/Events/run_141/events_PYTHIA8_0.hepmc.gz,0.1892,20000,Axial,DM+QCDjets,2250.0,650.0,1.0,0.25,atlas_exot_2018_06,EM2,3.3649277,3.3230043,0.0148989,0.0236987
/home/yoxara/Insync/DMSimp_vector_axial_pp_xxj_NLO_eff/Events/run_141/events_PYTHIA8_0.hepmc.gz,0.1892,20000,Axial,DM+QCDjets,2250.0,650.0,1.0,0.25,atlas_exot_2018_06,EM3,1.817186,2.1958916,0.0127705,0.0219645
/home/yoxara/Insync/DMSimp_vector_axial_pp_xxj_NLO_eff/Events/run_141/events_PYTHIA8_0.hepmc.gz,0.1892,20000,Axial,DM+QCDjets,2250.0,650.0,1.0,0.25,atlas_exot_2018_06,EM4,1.3744166,1.9307835,0.0127705,0.0219645
/home/yoxara/Insync/DMSimp_vector_axial_pp_xxj_NLO_eff/Events/run_141/events_PYTHIA8_0.hepmc.gz,0.1892,20000,Axial,DM+QCDjets,2250.0,650.0,1.0,0.25,atlas_exot_2018_06,EM5,0.8657084,1.0532704,0.0070947,0.0164183
/home/yoxara/Insync/DMSimp_vector_axial_pp_xxj_NLO_eff/Events/run_141/events_PYTHIA8_0.hepmc.gz,0.1892,20000,Axial,DM+QCDjets,2250.0,650.0,1.0,0.25,atlas_exot_2018_06,EM6,0.4973795,0.6880661,0.0058531,0.014922
/home/yoxara/Insync/DMSimp_vector_axial_pp_xxj_NLO_eff/Events/run_141/events_PYTHIA8_0.hepmc.gz,0.1892,20000,Axial,DM+QCDjets,2250.0,650.0,1.0,0.25,atlas_exot_2018_06,EM7,0.3845191,0.5644559,0.0037247,0.0119164
/home/yoxara/Insync/DMSimp_vector_axial_pp_xxj_NLO_eff/Events/run_141/events_PYTHIA8_0.hepmc.gz,0.1892,20000,Axial,DM+QCDjets,2250.0,650.0,1.0,0.25,atlas_exot_2018_06,EM8,0.7582729,0.8742622,0.0010642,0.0063781
/home/yoxara/Insync/DMSimp_vector_axial_pp_xxj_NLO_eff/Events/run_141/events_PYTHIA8_0.hepmc.gz,0.1892,20000,Axial,DM+QCDjets,2250.0,650.0,1.0,0.25,atlas_exot_2018_06,EM9,0.275778,0.2347295,0.0017737,0.0082311
/home/yoxara/Insync/DMSimp_vector_axial_pp_xxj_NLO_eff/Events/run_141/events_PYTHIA8_0.hepmc.gz,0.1892,20000,Axial,DM+QCDjets,2250.0,650.0,1.0,0.25,atlas_exot_2018_06,EM10,0.3533731,0.753056,0.0008868,0.0058229
/home/yoxara/Insync/DMSimp_vector_axial_pp_xxj_NLO_eff/Events/run_141/events_PYTHIA8_0.hepmc.gz,0.1892,20000,Axial,DM+QCDjets,2250.0,650.0,1.0,0.25,atlas_exot_2018_06,EM11,0.2065889,0.2317881,0.0010642,0.0063781
/home/yoxara/Insync/DMSimp_vector_axial_pp_xxj_NLO_eff/Events/run_141/events_PYTHIA8_0.hepmc.gz,0.1892,20000,Axial,DM+QCDjets,2250.0,650.0,1.0,0.25,atlas_exot_2018_06,EM12,-1.0,-1.0,0.0,0.0
/home/yoxara/Insync/DMSimp_vector_axial_pp_xxj_NLO_eff/Events/run_142/events_PYTHIA8_0.hepmc.gz,0.1729,20000,Axial,DM+QCDjets,2250.0,700.0,1.0,0.25,atlas_exot_2018_06,IM0,5.9391154,7.5366032,0.0952462,0.0591077
/home/yoxara/Insync/DMSimp_vector_axial_pp_xxj_NLO_eff/Events/run_142/events_PYTHIA8_0.hepmc.gz,0.1729,20000,Axial,DM+QCDjets,2250.0,700.0,1.0,0.25,atlas_exot_2018_06,IM1,2.9880983,3.7474436,0.0760944,0.0533881
/home/yoxara/Insync/DMSimp_vector_axial_pp_xxj_NLO_eff/Events/run_142/events_PYTHIA8_0.hepmc.gz,0.1729,20000,Axial,DM+QCDjets,2250.0,700.0,1.0,0.25,atlas_exot_2018_06,IM2,2.1081038,2.9167605,0.0533516,0.0452504
/home/yoxara/Insync/DMSimp_vector_axial_pp_xxj_NLO_eff/Events/run_142/events_PYTHIA8_0.hepmc.gz,0.1729,20000,Axial,DM+QCDjets,2250.0,700.0,1.0,0.25,atlas_exot_2018_06,IM3,1.4078626,2.0675481,0.0405267,0.0397047
/home/yoxara/Insync/DMSimp_vector_axial_pp_xxj_NLO_eff/Events/run_142/events_PYTHIA8_0.hepmc.gz,0.1729,20000,Axial,DM+QCDjets,2250.0,700.0,1.0,0.25,atlas_exot_2018_06,IM4,1.0267789,1.6144704,0.0323187,0.035608
/home/yoxara/Insync/DMSimp_vector_axial_pp_xxj_NLO_eff/Events/run_142/events_PYTHIA8_0.hepmc.gz,0.1729,20000,Axial,DM+QCDjets,2250.0,700.0,1.0,0.25,atlas_exot_2018_06,IM5,0.6912449,1.0473913,0.0208618,0.0287775
/home/yoxara/Insync/DMSimp_vector_axial_pp_xxj_NLO_eff/Events/run_142/events_PYTHIA8_0.hepmc.gz,0.1729,20000,Axial,DM+QCDjets,2250.0,700.0,1.0,0.25,atlas_exot_2018_06,IM6,0.5921669,0.8650322,0.0123119,0.0222038
/home/yoxara/Insync/DMSimp_vector_axial_pp_xxj_NLO_eff/Events/run_142/events_PYTHIA8_0.hepmc.gz,0.1729,20000,Axial,DM+QCDjets,2250.0,700.0,1.0,0.25,atlas_exot_2018_06,IM7,0.4202069,0.4949843,0.0085499,0.0185384
/home/yoxara/Insync/DMSimp_vector_axial_pp_xxj_NLO_eff/Events/run_142/events_PYTHIA8_0.hepmc.gz,0.1729,20000,Axial,DM+QCDjets,2250.0,700.0,1.0,0.25,atlas_exot_2018_06,IM8,0.3078323,0.3303064,0.0064979,0.0161781
/home/yoxara/Insync/DMSimp_vector_axial_pp_xxj_NLO_eff/Events/run_142/events_PYTHIA8_0.hepmc.gz,0.1729,20000,Axial,DM+QCDjets,2250.0,700.0,1.0,0.25,atlas_exot_2018_06,IM9,0.2845525,0.2690765,0.004446,0.0133958
/home/yoxara/Insync/DMSimp_vector_axial_pp_xxj_NLO_eff/Events/run_142/events_PYTHIA8_0.hepmc.gz,0.1729,20000,Axial,DM+QCDjets,2250.0,700.0,1.0,0.25,atlas_exot_2018_06,IM10,0.3003236,0.4688045,0.003078,0.0111537
/home/yoxara/Insync/DMSimp_vector_axial_pp_xxj_NLO_eff/Events/run_142/events_PYTHIA8_0.hepmc.gz,0.1729,20000,Axial,DM+QCDjets,2250.0,700.0,1.0,0.25,atlas_exot_2018_06,IM11,0.2362885,0.2092649,0.002394,0.00984
/home/yoxara/Insync/DMSimp_vector_axial_pp_xxj_NLO_eff/Events/run_142/events_PYTHIA8_0.hepmc.gz,0.1729,20000,Axial,DM+QCDjets,2250.0,700.0,1.0,0.25,atlas_exot_2018_06,IM12,0.2919523,0.2313962,0.001197,0.0069621
/home/yoxara/Insync/DMSimp_vector_axial_pp_xxj_NLO_eff/Events/run_142/events_PYTHIA8_0.hepmc.gz,0.1729,20000,Axial,DM+QCDjets,2250.0,700.0,1.0,0.25,atlas_exot_2018_06,EM0,19.1646424,21.4798534,0.0191518,0.0275969
/home/yoxara/Insync/DMSimp_vector_axial_pp_xxj_NLO_eff/Events/run_142/events_PYTHIA8_0.hepmc.gz,0.1729,20000,Axial,DM+QCDjets,2250.0,700.0,1.0,0.25,atlas_exot_2018_06,EM1,5.6081576,5.4764598,0.0227428,0.030018
/home/yoxara/Insync/DMSimp_vector_axial_pp_xxj_NLO_eff/Events/run_142/events_PYTHIA8_0.hepmc.gz,0.1729,20000,Axial,DM+QCDjets,2250.0,700.0,1.0,0.25,atlas_exot_2018_06,EM2,3.8887067,3.8786784,0.0128249,0.0226558
/home/yoxara/Insync/DMSimp_vector_axial_pp_xxj_NLO_eff/Events/run_142/events_PYTHIA8_0.hepmc.gz,0.1729,20000,Axial,DM+QCDjets,2250.0,700.0,1.0,0.25,atlas_exot_2018_06,EM3,2.8178312,3.4164428,0.0082079,0.0181669
/home/yoxara/Insync/DMSimp_vector_axial_pp_xxj_NLO_eff/Events/run_142/events_PYTHIA8_0.hepmc.gz,0.1729,20000,Axial,DM+QCDjets,2250.0,700.0,1.0,0.25,atlas_exot_2018_06,EM4,1.5259519,2.149788,0.0114569,0.0214282
/home/yoxara/Insync/DMSimp_vector_axial_pp_xxj_NLO_eff/Events/run_142/events_PYTHIA8_0.hepmc.gz,0.1729,20000,Axial,DM+QCDjets,2250.0,700.0,1.0,0.25,atlas_exot_2018_06,EM5,0.7173576,0.8750119,0.0085499,0.0185384
/home/yoxara/Insync/DMSimp_vector_axial_pp_xxj_NLO_eff/Events/run_142/events_PYTHIA8_0.hepmc.gz,0.1729,20000,Axial,DM+QCDjets,2250.0,700.0,1.0,0.25,atlas_exot_2018_06,EM6,0.7759006,1.0725736,0.003762,0.0123266
/home/yoxara/Insync/DMSimp_vector_axial_pp_xxj_NLO_eff/Events/run_142/events_PYTHIA8_0.hepmc.gz,0.1729,20000,Axial,DM+QCDjets,2250.0,700.0,1.0,0.25,atlas_exot_2018_06,EM7,0.7015443,1.0215402,0.002052,0.0091116
/home/yoxara/Insync/DMSimp_vector_axial_pp_xxj_NLO_eff/Events/run_142/events_PYTHIA8_0.hepmc.gz,0.1729,20000,Axial,DM+QCDjets,2250.0,700.0,1.0,0.25,atlas_exot_2018_06,EM8,0.3966987,0.4543111,0.002052,0.0091116
/home/yoxara/Insync/DMSimp_vector_axial_pp_xxj_NLO_eff/Events/run_142/events_PYTHIA8_0.hepmc.gz,0.1729,20000,Axial,DM+QCDjets,2250.0,700.0,1.0,0.25,atlas_exot_2018_06,EM9,0.3587292,0.3043289,0.001368,0.0074422
/home/yoxara/Insync/DMSimp_vector_axial_pp_xxj_NLO_eff/Events/run_142/events_PYTHIA8_0.hepmc.gz,0.1729,20000,Axial,DM+QCDjets,2250.0,700.0,1.0,0.25,atlas_exot_2018_06,EM10,0.4574492,0.9754113,0.000684,0.0052642
/home/yoxara/Insync/DMSimp_vector_axial_pp_xxj_NLO_eff/Events/run_142/events_PYTHIA8_0.hepmc.gz,0.1729,20000,Axial,DM+QCDjets,2250.0,700.0,1.0,0.25,atlas_exot_2018_06,EM11,0.1845706,0.2051122,0.001197,0.0069621
/home/yoxara/Insync/DMSimp_vector_axial_pp_xxj_NLO_eff/Events/run_142/events_PYTHIA8_0.hepmc.gz,0.1729,20000,Axial,DM+QCDjets,2250.0,700.0,1.0,0.25,atlas_exot_2018_06,EM12,0.2117402,0.1700792,0.001197,0.0069621
/home/yoxara/Insync/DMSimp_vector_axial_pp_xxj_NLO_eff/Events/run_143/events_PYTHIA8_0.hepmc.gz,0.1528,20000,Axial,DM+QCDjets,2250.0,750.0,1.0,0.25,atlas_exot_2018_06,IM0,6.2122078,7.8903972,0.090731,0.0602059
/home/yoxara/Insync/DMSimp_vector_axial_pp_xxj_NLO_eff/Events/run_143/events_PYTHIA8_0.hepmc.gz,0.1528,20000,Axial,DM+QCDjets,2250.0,750.0,1.0,0.25,atlas_exot_2018_06,IM1,3.1719498,3.9641768,0.0716384,0.0540563
/home/yoxara/Insync/DMSimp_vector_axial_pp_xxj_NLO_eff/Events/run_143/events_PYTHIA8_0.hepmc.gz,0.1528,20000,Axial,DM+QCDjets,2250.0,750.0,1.0,0.25,atlas_exot_2018_06,IM2,2.1095934,2.8753754,0.0540143,0.0473818
/home/yoxara/Insync/DMSimp_vector_axial_pp_xxj_NLO_eff/Events/run_143/events_PYTHIA8_0.hepmc.gz,0.1528,20000,Axial,DM+QCDjets,2250.0,750.0,1.0,0.25,atlas_exot_2018_06,IM3,1.3365978,1.9913284,0.042265,0.0421724
/home/yoxara/Insync/DMSimp_vector_axial_pp_xxj_NLO_eff/Events/run_143/events_PYTHIA8_0.hepmc.gz,0.1528,20000,Axial,DM+QCDjets,2250.0,750.0,1.0,0.25,atlas_exot_2018_06,IM4,0.9608413,1.5276129,0.0342689,0.0381323
/home/yoxara/Insync/DMSimp_vector_axial_pp_xxj_NLO_eff/Events/run_143/events_PYTHIA8_0.hepmc.gz,0.1528,20000,Axial,DM+QCDjets,2250.0,750.0,1.0,0.25,atlas_exot_2018_06,IM5,0.6865604,1.0364519,0.0210509,0.0300906
/home/yoxara/Insync/DMSimp_vector_axial_pp_xxj_NLO_eff/Events/run_143/events_PYTHIA8_0.hepmc.gz,0.1528,20000,Axial,DM+QCDjets,2250.0,750.0,1.0,0.25,atlas_exot_2018_06,IM6,0.5649942,0.825354,0.0128916,0.0236457
/home/yoxara/Insync/DMSimp_vector_axial_pp_xxj_NLO_eff/Events/run_143/events_PYTHIA8_0.hepmc.gz,0.1528,20000,Axial,DM+QCDjets,2250.0,750.0,1.0,0.25,atlas_exot_2018_06,IM7,0.3658001,0.4320706,0.0097911,0.0206393
/home/yoxara/Insync/DMSimp_vector_axial_pp_xxj_NLO_eff/Events/run_143/events_PYTHIA8_0.hepmc.gz,0.1528,20000,Axial,DM+QCDjets,2250.0,750.0,1.0,0.25,atlas_exot_2018_06,IM8,0.3010896,0.3200606,0.0066906,0.0170879
/home/yoxara/Insync/DMSimp_vector_axial_pp_xxj_NLO_eff/Events/run_143/events_PYTHIA8_0.hepmc.gz,0.1528,20000,Axial,DM+QCDjets,2250.0,750.0,1.0,0.25,atlas_exot_2018_06,IM9,0.3094099,0.2927641,0.0040796,0.013361
/home/yoxara/Insync/DMSimp_vector_axial_pp_xxj_NLO_eff/Events/run_143/events_PYTHIA8_0.hepmc.gz,0.1528,20000,Axial,DM+QCDjets,2250.0,750.0,1.0,0.25,atlas_exot_2018_06,IM10,0.4096772,0.6312111,0.0022846,0.0100074
/home/yoxara/Insync/DMSimp_vector_axial_pp_xxj_NLO_eff/Events/run_143/events_PYTHIA8_0.hepmc.gz,0.1528,20000,Axial,DM+QCDjets,2250.0,750.0,1.0,0.25,atlas_exot_2018_06,IM11,0.2877166,0.2560441,0.0019582,0.0092666
/home/yoxara/Insync/DMSimp_vector_axial_pp_xxj_NLO_eff/Events/run_143/events_PYTHIA8_0.hepmc.gz,0.1528,20000,Axial,DM+QCDjets,2250.0,750.0,1.0,0.25,atlas_exot_2018_06,IM12,0.3553555,0.283539,0.0009791,0.0065557
/home/yoxara/Insync/DMSimp_vector_axial_pp_xxj_NLO_eff/Events/run_143/events_PYTHIA8_0.hepmc.gz,0.1528,20000,Axial,DM+QCDjets,2250.0,750.0,1.0,0.25,atlas_exot_2018_06,EM0,19.2930974,21.4887708,0.0190927,0.0286855
/home/yoxara/Insync/DMSimp_vector_axial_pp_xxj_NLO_eff/Events/run_143/events_PYTHIA8_0.hepmc.gz,0.1528,20000,Axial,DM+QCDjets,2250.0,750.0,1.0,0.25,atlas_exot_2018_06,EM1,7.2056684,7.0375521,0.017624,0.0275808
/home/yoxara/Insync/DMSimp_vector_axial_pp_xxj_NLO_eff/Events/run_143/events_PYTHIA8_0.hepmc.gz,0.1528,20000,Axial,DM+QCDjets,2250.0,750.0,1.0,0.25,atlas_exot_2018_06,EM2,4.2588267,4.1854079,0.0117493,0.0225868
/home/yoxara/Insync/DMSimp_vector_axial_pp_xxj_NLO_eff/Events/run_143/events_PYTHIA8_0.hepmc.gz,0.1528,20000,Axial,DM+QCDjets,2250.0,750.0,1.0,0.25,atlas_exot_2018_06,EM3,2.9070756,3.5165913,0.0079961,0.0186685
/home/yoxara/Insync/DMSimp_vector_axial_pp_xxj_NLO_eff/Events/run_143/events_PYTHIA8_0.hepmc.gz,0.1528,20000,Axial,DM+QCDjets,2250.0,750.0,1.0,0.25,atlas_exot_2018_06,EM4,1.3224246,1.8658122,0.013218,0.0239391
/home/yoxara/Insync/DMSimp_vector_axial_pp_xxj_NLO_eff/Events/run_143/events_PYTHIA8_0.hepmc.gz,0.1528,20000,Axial,DM+QCDjets,2250.0,750.0,1.0,0.25,atlas_exot_2018_06,EM5,0.7554346,0.9157468,0.0081593,0.0188565
/home/yoxara/Insync/DMSimp_vector_axial_pp_xxj_NLO_eff/Events/run_143/events_PYTHIA8_0.hepmc.gz,0.1528,20000,Axial,DM+QCDjets,2250.0,750.0,1.0,0.25,atlas_exot_2018_06,EM6,0.9405696,1.3036168,0.0031005,0.0116535
/home/yoxara/Insync/DMSimp_vector_axial_pp_xxj_NLO_eff/Events/run_143/events_PYTHIA8_0.hepmc.gz,0.1528,20000,Axial,DM+QCDjets,2250.0,750.0,1.0,0.25,atlas_exot_2018_06,EM7,0.4623643,0.6741185,0.0031005,0.0116535
/home/yoxara/Insync/DMSimp_vector_axial_pp_xxj_NLO_eff/Events/run_143/events_PYTHIA8_0.hepmc.gz,0.1528,20000,Axial,DM+QCDjets,2250.0,750.0,1.0,0.25,atlas_exot_2018_06,EM8,0.3119282,0.3559023,0.002611,0.0106967
/home/yoxara/Insync/DMSimp_vector_axial_pp_xxj_NLO_eff/Events/run_143/events_PYTHIA8_0.hepmc.gz,0.1528,20000,Axial,DM+QCDjets,2250.0,750.0,1.0,0.25,atlas_exot_2018_06,EM9,0.2712926,0.2316122,0.001795,0.0088728
/home/yoxara/Insync/DMSimp_vector_axial_pp_xxj_NLO_eff/Events/run_143/events_PYTHIA8_0.hepmc.gz,0.1528,20000,Axial,DM+QCDjets,2250.0,750.0,1.0,0.25,atlas_exot_2018_06,EM10,0.9580755,2.040462,0.0003264,0.0037862
/home/yoxara/Insync/DMSimp_vector_axial_pp_xxj_NLO_eff/Events/run_143/events_PYTHIA8_0.hepmc.gz,0.1528,20000,Axial,DM+QCDjets,2250.0,750.0,1.0,0.25,atlas_exot_2018_06,EM11,0.2237211,0.2522087,0.0009791,0.0065557
/home/yoxara/Insync/DMSimp_vector_axial_pp_xxj_NLO_eff/Events/run_143/events_PYTHIA8_0.hepmc.gz,0.1528,20000,Axial,DM+QCDjets,2250.0,750.0,1.0,0.25,atlas_exot_2018_06,EM12,0.2602302,0.2072962,0.0009791,0.0065557
/home/yoxara/Insync/DMSimp_vector_axial_pp_xxj_NLO_eff/Events/run_144/events_PYTHIA8_0.hepmc.gz,0.1386,20000,Axial,DM+QCDjets,2250.0,800.0,1.0,0.25,atlas_exot_2018_06,IM0,5.8761405,7.4506925,0.0960079,0.0663036
/home/yoxara/Insync/DMSimp_vector_axial_pp_xxj_NLO_eff/Events/run_144/events_PYTHIA8_0.hepmc.gz,0.1386,20000,Axial,DM+QCDjets,2250.0,800.0,1.0,0.25,atlas_exot_2018_06,IM1,3.0910028,3.9004822,0.0727482,0.0584536
/home/yoxara/Insync/DMSimp_vector_axial_pp_xxj_NLO_eff/Events/run_144/events_PYTHIA8_0.hepmc.gz,0.1386,20000,Axial,DM+QCDjets,2250.0,800.0,1.0,0.25,atlas_exot_2018_06,IM2,2.0973575,2.8856688,0.0539426,0.0508424
/home/yoxara/Insync/DMSimp_vector_axial_pp_xxj_NLO_eff/Events/run_144/events_PYTHIA8_0.hepmc.gz,0.1386,20000,Axial,DM+QCDjets,2250.0,800.0,1.0,0.25,atlas_exot_2018_06,IM3,1.3811534,2.0309702,0.0414054,0.0448382
/home/yoxara/Insync/DMSimp_vector_axial_pp_xxj_NLO_eff/Events/run_144/events_PYTHIA8_0.hepmc.gz,0.1386,20000,Axial,DM+QCDjets,2250.0,800.0,1.0,0.25,atlas_exot_2018_06,IM4,1.0308919,1.6450111,0.0318377,0.0395136
/home/yoxara/Insync/DMSimp_vector_axial_pp_xxj_NLO_eff/Events/run_144/events_PYTHIA8_0.hepmc.gz,0.1386,20000,Axial,DM+QCDjets,2250.0,800.0,1.0,0.25,atlas_exot_2018_06,IM5,0.7412933,1.1368673,0.0193006,0.0309638
/home/yoxara/Insync/DMSimp_vector_axial_pp_xxj_NLO_eff/Events/run_144/events_PYTHIA8_0.hepmc.gz,0.1386,20000,Axial,DM+QCDjets,2250.0,800.0,1.0,0.25,atlas_exot_2018_06,IM6,0.6101448,0.9004203,0.0118773,0.0243818
/home/yoxara/Insync/DMSimp_vector_axial_pp_xxj_NLO_eff/Events/run_144/events_PYTHIA8_0.hepmc.gz,0.1386,20000,Axial,DM+QCDjets,2250.0,800.0,1.0,0.25,atlas_exot_2018_06,IM7,0.5880251,0.6928411,0.0061036,0.0175293
/home/yoxara/Insync/DMSimp_vector_axial_pp_xxj_NLO_eff/Events/run_144/events_PYTHIA8_0.hepmc.gz,0.1386,20000,Axial,DM+QCDjets,2250.0,800.0,1.0,0.25,atlas_exot_2018_06,IM8,0.466668,0.4964186,0.004289,0.0147078
/home/yoxara/Insync/DMSimp_vector_axial_pp_xxj_NLO_eff/Events/run_144/events_PYTHIA8_0.hepmc.gz,0.1386,20000,Axial,DM+QCDjets,2250.0,800.0,1.0,0.25,atlas_exot_2018_06,IM9,0.4785965,0.4531913,0.0026394,0.0115473
/home/yoxara/Insync/DMSimp_vector_axial_pp_xxj_NLO_eff/Events/run_144/events_PYTHIA8_0.hepmc.gz,0.1386,20000,Axial,DM+QCDjets,2250.0,800.0,1.0,0.25,atlas_exot_2018_06,IM10,0.8088446,1.2497676,0.0011547,0.0076435
/home/yoxara/Insync/DMSimp_vector_axial_pp_xxj_NLO_eff/Events/run_144/events_PYTHIA8_0.hepmc.gz,0.1386,20000,Axial,DM+QCDjets,2250.0,800.0,1.0,0.25,atlas_exot_2018_06,IM11,0.8545167,0.7611755,0.0006598,0.0057794
/home/yoxara/Insync/DMSimp_vector_axial_pp_xxj_NLO_eff/Events/run_144/events_PYTHIA8_0.hepmc.gz,0.1386,20000,Axial,DM+QCDjets,2250.0,800.0,1.0,0.25,atlas_exot_2018_06,IM12,1.0558411,0.8344229,0.0003299,0.0040873
/home/yoxara/Insync/DMSimp_vector_axial_pp_xxj_NLO_eff/Events/run_144/events_PYTHIA8_0.hepmc.gz,0.1386,20000,Axial,DM+QCDjets,2250.0,800.0,1.0,0.25,atlas_exot_2018_06,EM0,15.7747239,17.5727993,0.0232596,0.0339229
/home/yoxara/Insync/DMSimp_vector_axial_pp_xxj_NLO_eff/Events/run_144/events_PYTHIA8_0.hepmc.gz,0.1386,20000,Axial,DM+QCDjets,2250.0,800.0,1.0,0.25,atlas_exot_2018_06,EM1,6.781039,6.6105507,0.0188057,0.030572
/home/yoxara/Insync/DMSimp_vector_axial_pp_xxj_NLO_eff/Events/run_144/events_PYTHIA8_0.hepmc.gz,0.1386,20000,Axial,DM+QCDjets,2250.0,800.0,1.0,0.25,atlas_exot_2018_06,EM2,3.9922157,3.9590359,0.0125371,0.0250415
/home/yoxara/Insync/DMSimp_vector_axial_pp_xxj_NLO_eff/Events/run_144/events_PYTHIA8_0.hepmc.gz,0.1386,20000,Axial,DM+QCDjets,2250.0,800.0,1.0,0.25,atlas_exot_2018_06,EM3,2.4261038,2.9327349,0.0095678,0.0219089
/home/yoxara/Insync/DMSimp_vector_axial_pp_xxj_NLO_eff/Events/run_144/events_PYTHIA8_0.hepmc.gz,0.1386,20000,Axial,DM+QCDjets,2250.0,800.0,1.0,0.25,atlas_exot_2018_06,EM4,1.3949773,1.9623278,0.0125371,0.0250415
/home/yoxara/Insync/DMSimp_vector_axial_pp_xxj_NLO_eff/Events/run_144/events_PYTHIA8_0.hepmc.gz,0.1386,20000,Axial,DM+QCDjets,2250.0,800.0,1.0,0.25,atlas_exot_2018_06,EM5,0.8251258,1.0054711,0.0074233,0.0193189
/home/yoxara/Insync/DMSimp_vector_axial_pp_xxj_NLO_eff/Events/run_144/events_PYTHIA8_0.hepmc.gz,0.1386,20000,Axial,DM+QCDjets,2250.0,800.0,1.0,0.25,atlas_exot_2018_06,EM6,0.5066817,0.6990874,0.0057737,0.0170518
/home/yoxara/Insync/DMSimp_vector_axial_pp_xxj_NLO_eff/Events/run_144/events_PYTHIA8_0.hepmc.gz,0.1386,20000,Axial,DM+QCDjets,2250.0,800.0,1.0,0.25,atlas_exot_2018_06,EM7,0.7957794,1.1595558,0.0018146,0.0095785
/home/yoxara/Insync/DMSimp_vector_axial_pp_xxj_NLO_eff/Events/run_144/events_PYTHIA8_0.hepmc.gz,0.1386,20000,Axial,DM+QCDjets,2250.0,800.0,1.0,0.25,atlas_exot_2018_06,EM8,0.4922701,0.5643953,0.0016496,0.0091335
/home/yoxara/Insync/DMSimp_vector_axial_pp_xxj_NLO_eff/Events/run_144/events_PYTHIA8_0.hepmc.gz,0.1386,20000,Axial,DM+QCDjets,2250.0,800.0,1.0,0.25,atlas_exot_2018_06,EM9,0.3320539,0.2793032,0.0014847,0.0086655
/home/yoxara/Insync/DMSimp_vector_axial_pp_xxj_NLO_eff/Events/run_144/events_PYTHIA8_0.hepmc.gz,0.1386,20000,Axial,DM+QCDjets,2250.0,800.0,1.0,0.25,atlas_exot_2018_06,EM10,0.6301994,1.3501554,0.0004949,0.0050055
/home/yoxara/Insync/DMSimp_vector_axial_pp_xxj_NLO_eff/Events/run_144/events_PYTHIA8_0.hepmc.gz,0.1386,20000,Axial,DM+QCDjets,2250.0,800.0,1.0,0.25,atlas_exot_2018_06,EM11,0.6664764,0.7507607,0.0003299,0.0040873
/home/yoxara/Insync/DMSimp_vector_axial_pp_xxj_NLO_eff/Events/run_144/events_PYTHIA8_0.hepmc.gz,0.1386,20000,Axial,DM+QCDjets,2250.0,800.0,1.0,0.25,atlas_exot_2018_06,EM12,0.77105,0.6178166,0.0003299,0.0040873
