Signal Region,Sigma_95_exp (pb),Sigma_95_obs (pb),Efficiency,Stat,Sigma_theoretical (pb),SAF File,mT1 (GeV),mn1 (GeV),NNLO Cross Section (pb),k_factor,Signal Strength Obs,Signal Strength Exp,Status Obs,Status Exp
IM0,9.9816962,12.6981348,0.0564065,0.0139712,3.157919,pptt1jmatch_run_01_356_300,356.0,300.0,4.042,1.2799568323316715,0.3183144661529345,0.40494119626682284,Excluded,Excluded
IM1,5.7623347,7.2509463,0.0391907,0.0117513,3.157919,pptt1jmatch_run_01_356_300,356.0,300.0,4.042,1.2799568323316715,0.5574444814189287,0.7014517917537834,Excluded,Excluded
IM2,4.487121,6.1585305,0.0253111,0.0095118,3.157919,pptt1jmatch_run_01_356_300,356.0,300.0,4.042,1.2799568323316715,0.6563254010027229,0.9008003127172188,Excluded,Excluded
IM3,3.5811848,5.2624757,0.0159572,0.0075886,3.157919,pptt1jmatch_run_01_356_300,356.0,300.0,4.042,1.2799568323316715,0.7680795561678317,1.1286767440764296,Excluded,Included
IM4,3.1822331,5.058015,0.0103541,0.0061301,3.157919,pptt1jmatch_run_01_356_300,356.0,300.0,4.042,1.2799568323316715,0.7991277210526263,1.2701772224039778,Excluded,Included
IM5,2.9188396,4.4229493,0.0049477,0.0042491,3.157919,pptt1jmatch_run_01_356_300,356.0,300.0,4.042,1.2799568323316715,0.9138698469819674,1.384796889832521,Excluded,Included
IM6,4.8895191,7.1759573,0.0014894,0.0023354,3.157919,pptt1jmatch_run_01_356_300,356.0,300.0,4.042,1.2799568323316715,0.5632697953762907,0.82666616436778,Excluded,Excluded
IM7,4.4875714,5.3070405,0.0007977,0.0017097,3.157919,pptt1jmatch_run_01_356_300,356.0,300.0,4.042,1.2799568323316715,0.7616297633304286,0.9007099029109598,Excluded,Excluded
IM8,6.3675397,6.8291346,0.0003133,0.0010718,3.157919,pptt1jmatch_run_01_356_300,356.0,300.0,4.042,1.2799568323316715,0.5918758725300275,0.6347820650415419,Excluded,Excluded
IM9,6.9145379,6.5440961,0.0001827,0.0008186,3.157919,pptt1jmatch_run_01_356_300,356.0,300.0,4.042,1.2799568323316715,0.6176559662685882,0.5845654559215012,Excluded,Excluded
IM10,7.9801953,12.2801997,0.0001174,0.0006561,3.157919,pptt1jmatch_run_01_356_300,356.0,300.0,4.042,1.2799568323316715,0.32914774179120226,0.5065038947104464,Excluded,Excluded
IM11,8.9247838,7.9302216,6.36e-05,0.0004829,3.157919,pptt1jmatch_run_01_356_300,356.0,300.0,4.042,1.2799568323316715,0.5096957189695682,0.45289612505795374,Excluded,Excluded
IM12,-1.0,-1.0,0.0,0.0,3.157919,pptt1jmatch_run_01_356_300,356.0,300.0,4.042,1.2799568323316715,-4.042,-4.042,Excluded,Excluded
EM0,21.2960816,23.8411268,0.0172158,0.0078771,3.157919,pptt1jmatch_run_01_356_300,356.0,300.0,4.042,1.2799568323316715,0.16953896658944825,0.18980017431939214,Excluded,Excluded
EM1,9.2285189,8.9217926,0.0138797,0.0070848,3.157919,pptt1jmatch_run_01_356_300,356.0,300.0,4.042,1.2799568323316715,0.4530479670643767,0.4379901091170762,Excluded,Excluded
EM2,5.3335798,5.2913405,0.0093539,0.0058295,3.157919,pptt1jmatch_run_01_356_300,356.0,300.0,4.042,1.2799568323316715,0.7638896041560735,0.7578399783200018,Excluded,Excluded
EM3,4.1397917,5.0243213,0.0056031,0.0045203,3.157919,pptt1jmatch_run_01_356_300,356.0,300.0,4.042,1.2799568323316715,0.8044867671977903,0.9763776278888621,Excluded,Excluded
EM4,3.2340657,4.5810608,0.0054064,0.0044407,3.157919,pptt1jmatch_run_01_356_300,356.0,300.0,4.042,1.2799568323316715,0.8823283899659222,1.249820002110656,Excluded,Included
EM5,1.7767634,2.1564175,0.0034582,0.0035551,3.157919,pptt1jmatch_run_01_356_300,356.0,300.0,4.042,1.2799568323316715,1.8744051186748392,2.274923042651599,Included,Included
EM6,4.2362716,5.8172513,0.0006917,0.0015922,3.157919,pptt1jmatch_run_01_356_300,356.0,300.0,4.042,1.2799568323316715,0.6948298760962931,0.9541409006920141,Excluded,Excluded
EM7,2.9771548,4.3333168,0.0004844,0.0013325,3.157919,pptt1jmatch_run_01_356_300,356.0,300.0,4.042,1.2799568323316715,0.9327727896561819,1.3576720968624136,Excluded,Included
EM8,6.1996766,7.1391334,0.0001306,0.000692,3.157919,pptt1jmatch_run_01_356_300,356.0,300.0,4.042,1.2799568323316715,0.5661751606994765,0.6519694914408922,Excluded,Excluded
EM9,7.4622615,6.3919992,6.54e-05,0.0004896,3.157919,pptt1jmatch_run_01_356_300,356.0,300.0,4.042,1.2799568323316715,0.6323530203195269,0.5416588523465707,Excluded,Excluded
EM10,5.8224384,12.4143593,5.38e-05,0.0004442,3.157919,pptt1jmatch_run_01_356_300,356.0,300.0,4.042,1.2799568323316715,0.3255907052730462,0.6942108653309238,Excluded,Excluded
EM11,3.4331638,3.8809258,6.36e-05,0.0004829,3.157919,pptt1jmatch_run_01_356_300,356.0,300.0,4.042,1.2799568323316715,1.0415040658597492,1.1773396888316252,Included,Included
EM12,-1.0,-1.0,0.0,0.0,3.157919,pptt1jmatch_run_01_356_300,356.0,300.0,4.042,1.2799568323316715,-4.042,-4.042,Excluded,Excluded
IM0,10.0421361,12.7148063,0.056206,0.0145613,2.931819,pptt1jmatch_run_02_361_300,361.0,300.0,3.7560000000000002,1.2811159215490453,0.2954036350518372,0.3740240086967154,Excluded,Excluded
IM1,5.7304964,7.2038634,0.0394933,0.0123135,2.931819,pptt1jmatch_run_02_361_300,361.0,300.0,3.7560000000000002,1.2811159215490453,0.5213868991463664,0.6554406002244414,Excluded,Excluded
IM2,4.4296879,6.0702573,0.0256169,0.0099885,2.931819,pptt1jmatch_run_02_361_300,361.0,300.0,3.7560000000000002,1.2811159215490453,0.6187546613551291,0.8479152673487448,Excluded,Excluded
IM3,3.3770409,4.9688202,0.016864,0.0081406,2.931819,pptt1jmatch_run_02_361_300,361.0,300.0,3.7560000000000002,1.2811159215490453,0.7559138485228345,1.1122163193226355,Excluded,Included
IM4,2.8895755,4.6012269,0.0113644,0.0067013,2.931819,pptt1jmatch_run_02_361_300,361.0,300.0,3.7560000000000002,1.2811159215490453,0.8163040166526019,1.2998449080150356,Excluded,Included
IM5,3.0288043,4.6185028,0.0047359,0.0043405,2.931819,pptt1jmatch_run_02_361_300,361.0,300.0,3.7560000000000002,1.2811159215490453,0.8132505624983057,1.240093326597562,Excluded,Included
IM6,4.2923617,6.2928589,0.0016939,0.0025998,2.931819,pptt1jmatch_run_02_361_300,361.0,300.0,3.7560000000000002,1.2811159215490453,0.5968670297056876,0.8750427532703035,Excluded,Excluded
IM7,3.8002877,4.5043298,0.0009426,0.0019401,2.931819,pptt1jmatch_run_02_361_300,361.0,300.0,3.7560000000000002,1.2811159215490453,0.8338643409281443,0.988346224418746,Excluded,Excluded
IM8,4.5936608,4.9210551,0.0004346,0.0013177,2.931819,pptt1jmatch_run_02_361_300,361.0,300.0,3.7560000000000002,1.2811159215490453,0.7632509540484519,0.8176485299045153,Excluded,Excluded
IM9,4.8362489,4.5706094,0.0002622,0.0010235,2.931819,pptt1jmatch_run_02_361_300,361.0,300.0,3.7560000000000002,1.2811159215490453,0.8217722564522796,0.7766349659960636,Excluded,Excluded
IM10,4.7484044,7.3506573,0.0001958,0.0008846,2.931819,pptt1jmatch_run_02_361_300,361.0,300.0,3.7560000000000002,1.2811159215490453,0.510974712424697,0.7910025523521123,Excluded,Excluded
IM11,8.8935847,7.8370332,6.43e-05,0.0005069,2.931819,pptt1jmatch_run_02_361_300,361.0,300.0,3.7560000000000002,1.2811159215490453,0.47926299457299737,0.4223268936765172,Excluded,Excluded
IM12,-1.0,-1.0,0.0,0.0,2.931819,pptt1jmatch_run_02_361_300,361.0,300.0,3.7560000000000002,1.2811159215490453,-3.7560000000000002,-3.7560000000000002,Excluded,Excluded
EM0,21.9886811,24.5899118,0.0167127,0.0081046,2.931819,pptt1jmatch_run_02_361_300,361.0,300.0,3.7560000000000002,1.2811159215490453,0.15274556617157123,0.17081515634878164,Excluded,Excluded
EM1,9.1958484,9.0096954,0.0138764,0.0073956,2.931819,pptt1jmatch_run_02_361_300,361.0,300.0,3.7560000000000002,1.2811159215490453,0.4168842378400495,0.4084451848945227,Excluded,Excluded
EM2,5.7144987,5.6535078,0.0087529,0.0058889,2.931819,pptt1jmatch_run_02_361_300,361.0,300.0,3.7560000000000002,1.2811159215490453,0.6643662895450503,0.657275501698863,Excluded,Excluded
EM3,4.2033184,5.1179376,0.0054996,0.0046756,2.931819,pptt1jmatch_run_02_361_300,361.0,300.0,3.7560000000000002,1.2811159215490453,0.7338893698117773,0.8935797012189227,Excluded,Excluded
EM4,2.649161,3.7170328,0.0066285,0.0051302,2.931819,pptt1jmatch_run_02_361_300,361.0,300.0,3.7560000000000002,1.2811159215490453,1.0104834156965201,1.4178073737307775,Included,Included
EM5,2.0115763,2.4595651,0.003042,0.0034817,2.931819,pptt1jmatch_run_02_361_300,361.0,300.0,3.7560000000000002,1.2811159215490453,1.5270992420570615,1.867192410250608,Included,Included
EM6,3.8804395,5.3739694,0.0007513,0.0017322,2.931819,pptt1jmatch_run_02_361_300,361.0,300.0,3.7560000000000002,1.2811159215490453,0.6989247091730743,0.9679315964080873,Excluded,Excluded
EM7,2.8253691,4.1254899,0.000508,0.0014246,2.931819,pptt1jmatch_run_02_361_300,361.0,300.0,3.7560000000000002,1.2811159215490453,0.9104373276977361,1.3293838316558357,Excluded,Included
EM8,4.6988415,5.376411,0.0001724,0.0008301,2.931819,pptt1jmatch_run_02_361_300,361.0,300.0,3.7560000000000002,1.2811159215490453,0.6986073051334803,0.7993459664472615,Excluded,Excluded
EM9,7.3973552,6.2263549,6.64e-05,0.000515,2.931819,pptt1jmatch_run_02_361_300,361.0,300.0,3.7560000000000002,1.2811159215490453,0.6032421955259891,0.5077490398189883,Excluded,Excluded
EM10,2.387459,5.0873348,0.0001315,0.000725,2.931819,pptt1jmatch_run_02_361_300,361.0,300.0,3.7560000000000002,1.2811159215490453,0.7383040723012766,1.5732207338429685,Excluded,Included
EM11,3.4087286,3.8405844,6.43e-05,0.0005069,2.931819,pptt1jmatch_run_02_361_300,361.0,300.0,3.7560000000000002,1.2811159215490453,0.9779761642525029,1.1018771045603337,Excluded,Included
EM12,-1.0,-1.0,0.0,0.0,2.931819,pptt1jmatch_run_02_361_300,361.0,300.0,3.7560000000000002,1.2811159215490453,-3.7560000000000002,-3.7560000000000002,Excluded,Excluded
IM0,10.9973997,13.8925098,0.0513694,0.0142905,2.754607,pptt1jmatch_run_03_365_300,365.0,300.0,3.54,1.285119801118635,0.25481356867569027,0.3218942746984089,Excluded,Excluded
IM1,6.2929815,7.9270047,0.0359258,0.0120478,2.754607,pptt1jmatch_run_03_365_300,365.0,300.0,3.54,1.285119801118635,0.44657473206746046,0.5625314487258544,Excluded,Excluded
IM2,4.8795718,6.6951459,0.0231893,0.0097431,2.754607,pptt1jmatch_run_03_365_300,365.0,300.0,3.54,1.285119801118635,0.5287412780653518,0.7254734933913669,Excluded,Excluded
IM3,4.18246,6.1843426,0.0135853,0.007494,2.754607,pptt1jmatch_run_03_365_300,365.0,300.0,3.54,1.285119801118635,0.5724133071152947,0.8463918363833725,Excluded,Excluded
IM4,3.8779089,6.1500346,0.0084892,0.0059392,2.754607,pptt1jmatch_run_03_365_300,365.0,300.0,3.54,1.285119801118635,0.5756065177259329,0.9128631154795823,Excluded,Excluded
IM5,3.9334863,5.9552253,0.0036735,0.0039164,2.754607,pptt1jmatch_run_03_365_300,365.0,300.0,3.54,1.285119801118635,0.5944359485442138,0.8999650005136665,Excluded,Excluded
IM6,4.6545012,6.8603459,0.0015583,0.0025535,2.754607,pptt1jmatch_run_03_365_300,365.0,300.0,3.54,1.285119801118635,0.5160089668364972,0.7605541062058379,Excluded,Excluded
IM7,5.2671211,6.1938912,0.0006816,0.0016895,2.754607,pptt1jmatch_run_03_365_300,365.0,300.0,3.54,1.285119801118635,0.5715308657665797,0.6720939072390039,Excluded,Excluded
IM8,6.3445969,6.8073639,0.0003152,0.0011492,2.754607,pptt1jmatch_run_03_365_300,365.0,300.0,3.54,1.285119801118635,0.5200250863627255,0.5579550688239941,Excluded,Excluded
IM9,6.8738463,6.4828841,0.0001843,0.0008788,2.754607,pptt1jmatch_run_03_365_300,365.0,300.0,3.54,1.285119801118635,0.5460532604616517,0.5149955127742673,Excluded,Excluded
IM10,-1.0,-1.0,0.0,0.0,2.754607,pptt1jmatch_run_03_365_300,365.0,300.0,3.54,1.285119801118635,-3.54,-3.54,Excluded,Excluded
IM11,-1.0,-1.0,0.0,0.0,2.754607,pptt1jmatch_run_03_365_300,365.0,300.0,3.54,1.285119801118635,-3.54,-3.54,Excluded,Excluded
IM12,-1.0,-1.0,0.0,0.0,2.754607,pptt1jmatch_run_03_365_300,365.0,300.0,3.54,1.285119801118635,-3.54,-3.54,Excluded,Excluded
EM0,23.8280218,26.5483655,0.0154436,0.0079826,2.754607,pptt1jmatch_run_03_365_300,365.0,300.0,3.54,1.285119801118635,0.13334154225050127,0.14856457786185173,Excluded,Excluded
EM1,9.9768129,9.7366495,0.0127365,0.0072592,2.754607,pptt1jmatch_run_03_365_300,365.0,300.0,3.54,1.285119801118635,0.36357475946936363,0.3548227310146309,Excluded,Excluded
EM2,5.2156135,5.1719377,0.0096039,0.0063136,2.754607,pptt1jmatch_run_03_365_300,365.0,300.0,3.54,1.285119801118635,0.6844630011687882,0.6787312748538595,Excluded,Excluded
EM3,4.5461709,5.4933622,0.0050961,0.0046096,2.754607,pptt1jmatch_run_03_365_300,365.0,300.0,3.54,1.285119801118635,0.6444140894259621,0.7786772820177086,Excluded,Excluded
EM4,3.6376771,5.1108568,0.0048157,0.0044816,2.754607,pptt1jmatch_run_03_365_300,365.0,300.0,3.54,1.285119801118635,0.6926431591665805,0.9731484963302544,Excluded,Excluded
EM5,2.9005971,3.551385,0.0021152,0.0029742,2.754607,pptt1jmatch_run_03_365_300,365.0,300.0,3.54,1.285119801118635,0.9967942084567007,1.2204383711202083,Excluded,Included
EM6,3.3104656,4.6194647,0.0008767,0.0019159,2.754607,pptt1jmatch_run_03_365_300,365.0,300.0,3.54,1.285119801118635,0.7663225568105326,1.0693359870587387,Excluded,Included
EM7,3.9419736,5.7124985,0.0003663,0.0012388,2.754607,pptt1jmatch_run_03_365_300,365.0,300.0,3.54,1.285119801118635,0.6196938169874355,0.8980273231662435,Excluded,Excluded
EM8,6.1803872,7.1001269,0.0001309,0.0007407,2.754607,pptt1jmatch_run_03_365_300,365.0,300.0,3.54,1.285119801118635,0.49858263800890656,0.572779647203981,Excluded,Excluded
EM9,2.6718087,2.2622245,0.0001843,0.0008788,2.754607,pptt1jmatch_run_03_365_300,365.0,300.0,3.54,1.285119801118635,1.5648314303023418,1.3249451579373928,Included,Included
EM10,-1.0,-1.0,0.0,0.0,2.754607,pptt1jmatch_run_03_365_300,365.0,300.0,3.54,1.285119801118635,-3.54,-3.54,Excluded,Excluded
EM11,-1.0,-1.0,0.0,0.0,2.754607,pptt1jmatch_run_03_365_300,365.0,300.0,3.54,1.285119801118635,-3.54,-3.54,Excluded,Excluded
EM12,-1.0,-1.0,0.0,0.0,2.754607,pptt1jmatch_run_03_365_300,365.0,300.0,3.54,1.285119801118635,-3.54,-3.54,Excluded,Excluded
IM0,11.3853994,14.5348449,0.0494398,0.0145814,2.554882,pptt1jmatch_run_04_370_300,370.0,300.0,3.29,1.2877307053711287,0.2263526045606445,0.28896658645106466,Excluded,Excluded
IM1,6.6895919,8.3955506,0.0339207,0.0121761,2.554882,pptt1jmatch_run_04_370_300,370.0,300.0,3.29,1.2877307053711287,0.3918742387187804,0.4918087753604222,Excluded,Excluded
IM2,5.4691449,7.5201741,0.0206894,0.0095742,2.554882,pptt1jmatch_run_04_370_300,370.0,300.0,3.29,1.2877307053711287,0.4374898714113547,0.601556561428826,Excluded,Excluded
IM3,4.4562116,6.579709,0.0127621,0.0075499,2.554882,pptt1jmatch_run_04_370_300,370.0,300.0,3.29,1.2877307053711287,0.5000221134399713,0.738295282028349,Excluded,Excluded
IM4,3.9546853,6.302102,0.0082941,0.0061002,2.554882,pptt1jmatch_run_04_370_300,370.0,300.0,3.29,1.2877307053711287,0.5220480404791925,0.831924603457069,Excluded,Excluded
IM5,4.1741128,6.301079,0.0034658,0.0039529,2.554882,pptt1jmatch_run_04_370_300,370.0,300.0,3.29,1.2877307053711287,0.5221327966210232,0.7881914451377549,Excluded,Excluded
IM6,4.9575913,7.2353123,0.0014745,0.0025809,2.554882,pptt1jmatch_run_04_370_300,370.0,300.0,3.29,1.2877307053711287,0.45471430445372757,0.6636287263131191,Excluded,Excluded
IM7,6.5260192,7.7306112,0.0005484,0.0015748,2.554882,pptt1jmatch_run_04_370_300,370.0,300.0,3.29,1.2877307053711287,0.4255808389380648,0.5041358137591749,Excluded,Excluded
IM8,15.7464202,16.8404825,0.0001274,0.0007593,2.554882,pptt1jmatch_run_04_370_300,370.0,300.0,3.29,1.2877307053711287,0.1953625734892097,0.2089363778060489,Excluded,Excluded
IM9,19.6971299,18.5233851,6.44e-05,0.0005398,2.554882,pptt1jmatch_run_04_370_300,370.0,300.0,3.29,1.2877307053711287,0.1776133240354648,0.1670294107163298,Excluded,Excluded
IM10,14.4625708,22.3460059,6.44e-05,0.0005398,2.554882,pptt1jmatch_run_04_370_300,370.0,300.0,3.29,1.2877307053711287,0.1472298904208201,0.22748376104751722,Excluded,Excluded
IM11,8.7653354,7.8247771,6.44e-05,0.0005398,2.554882,pptt1jmatch_run_04_370_300,370.0,300.0,3.29,1.2877307053711287,0.42045926138905604,0.3753421688803831,Excluded,Excluded
IM12,-1.0,-1.0,0.0,0.0,2.554882,pptt1jmatch_run_04_370_300,370.0,300.0,3.29,1.2877307053711287,-3.29,-3.29,Excluded,Excluded
EM0,23.5935347,26.498133,0.0155191,0.0083139,2.554882,pptt1jmatch_run_04_370_300,370.0,300.0,3.29,1.2877307053711287,0.12415969079783848,0.1394449810862804,Excluded,Excluded
EM1,9.6396183,9.3951935,0.0132313,0.0076856,2.554882,pptt1jmatch_run_04_370_300,370.0,300.0,3.29,1.2877307053711287,0.3501790569827008,0.34129982096905226,Excluded,Excluded
EM2,6.3148643,6.273227,0.0079273,0.0059649,2.554882,pptt1jmatch_run_04_370_300,370.0,300.0,3.29,1.2877307053711287,0.5244509723623901,0.5209929847581998,Excluded,Excluded
EM3,5.1984606,6.2663036,0.0044679,0.0044859,2.554882,pptt1jmatch_run_04_370_300,370.0,300.0,3.29,1.2877307053711287,0.5250304182516787,0.6328796644144999,Excluded,Excluded
EM4,3.6213771,5.1103233,0.0048284,0.0046625,2.554882,pptt1jmatch_run_04_370_300,370.0,300.0,3.29,1.2877307053711287,0.6437948847580739,0.9084941747712493,Excluded,Excluded
EM5,3.0774448,3.7823175,0.0019913,0.0029985,2.554882,pptt1jmatch_run_04_370_300,370.0,300.0,3.29,1.2877307053711287,0.8698370774002976,1.0690687287063607,Excluded,Included
EM6,3.1545397,4.3574496,0.000926,0.0020459,2.554882,pptt1jmatch_run_04_370_300,370.0,300.0,3.29,1.2877307053711287,0.7550288131846666,1.0429413838094985,Excluded,Included
EM7,3.4220297,4.98526,0.000421,0.0013798,2.554882,pptt1jmatch_run_04_370_300,370.0,300.0,3.29,1.2877307053711287,0.6599455193911651,0.961417722353491,Excluded,Excluded
EM8,12.9007471,14.7430877,6.3e-05,0.000534,2.554882,pptt1jmatch_run_04_370_300,370.0,300.0,3.29,1.2877307053711287,0.22315542489786586,0.2550239900447316,Excluded,Excluded
EM9,-1.0,-1.0,0.0,0.0,2.554882,pptt1jmatch_run_04_370_300,370.0,300.0,3.29,1.2877307053711287,-3.29,-3.29,Excluded,Excluded
EM10,-1.0,-1.0,0.0,0.0,2.554882,pptt1jmatch_run_04_370_300,370.0,300.0,3.29,1.2877307053711287,-3.29,-3.29,Excluded,Excluded
EM11,3.4071597,3.8263274,6.44e-05,0.0005398,2.554882,pptt1jmatch_run_04_370_300,370.0,300.0,3.29,1.2877307053711287,0.8598323290369768,0.9656136752263184,Excluded,Excluded
EM12,-1.0,-1.0,0.0,0.0,2.554882,pptt1jmatch_run_04_370_300,370.0,300.0,3.29,1.2877307053711287,-3.29,-3.29,Excluded,Excluded
IM0,11.7334523,14.8024752,0.0483132,0.0150217,2.334448,pptt1jmatch_run_05_376_300,376.0,300.0,3.0180000000000002,1.2928109771560559,0.20388482056028037,0.2572133011526369,Excluded,Excluded
IM1,7.3414896,9.1991967,0.0309892,0.0121397,2.334448,pptt1jmatch_run_05_376_300,376.0,300.0,3.0180000000000002,1.2928109771560559,0.32807212394969226,0.4110882347364492,Excluded,Excluded
IM2,6.3871799,8.7541554,0.0177535,0.0092511,2.334448,pptt1jmatch_run_05_376_300,376.0,300.0,3.0180000000000002,1.2928109771560559,0.34475056268706405,0.4725090019775395,Excluded,Excluded
IM3,5.2750066,7.7939862,0.0107686,0.0072305,2.334448,pptt1jmatch_run_05_376_300,376.0,300.0,3.0180000000000002,1.2928109771560559,0.38722162479579453,0.5721319855789375,Excluded,Excluded
IM4,5.1865981,8.2236953,0.0063522,0.0055657,2.334448,pptt1jmatch_run_05_376_300,376.0,300.0,3.0180000000000002,1.2928109771560559,0.36698830512361036,0.5818842990745707,Excluded,Excluded
IM5,7.7683267,11.8169036,0.0018503,0.0030106,2.334448,pptt1jmatch_run_05_376_300,376.0,300.0,3.0180000000000002,1.2928109771560559,0.25539685370709125,0.38850065355773467,Excluded,Excluded
IM6,12.9164557,18.9031182,0.0005643,0.0016637,2.334448,pptt1jmatch_run_05_376_300,376.0,300.0,3.0180000000000002,1.2928109771560559,0.15965619894393931,0.23365542917473872,Excluded,Excluded
IM7,57.2964026,67.6134457,6.27e-05,0.0005548,2.334448,pptt1jmatch_run_05_376_300,376.0,300.0,3.0180000000000002,1.2928109771560559,0.04463609225583367,0.05267346400557441,Excluded,Excluded
IM8,-1.0,-1.0,0.0,0.0,2.334448,pptt1jmatch_run_05_376_300,376.0,300.0,3.0180000000000002,1.2928109771560559,-3.0180000000000002,-3.0180000000000002,Excluded,Excluded
IM9,-1.0,-1.0,0.0,0.0,2.334448,pptt1jmatch_run_05_376_300,376.0,300.0,3.0180000000000002,1.2928109771560559,-3.0180000000000002,-3.0180000000000002,Excluded,Excluded
IM10,-1.0,-1.0,0.0,0.0,2.334448,pptt1jmatch_run_05_376_300,376.0,300.0,3.0180000000000002,1.2928109771560559,-3.0180000000000002,-3.0180000000000002,Excluded,Excluded
IM11,-1.0,-1.0,0.0,0.0,2.334448,pptt1jmatch_run_05_376_300,376.0,300.0,3.0180000000000002,1.2928109771560559,-3.0180000000000002,-3.0180000000000002,Excluded,Excluded
IM12,-1.0,-1.0,0.0,0.0,2.334448,pptt1jmatch_run_05_376_300,376.0,300.0,3.0180000000000002,1.2928109771560559,-3.0180000000000002,-3.0180000000000002,Excluded,Excluded
EM0,21.1933031,23.7182099,0.017324,0.0091405,2.334448,pptt1jmatch_run_05_376_300,376.0,300.0,3.0180000000000002,1.2928109771560559,0.12724400419443122,0.1424034746145824,Excluded,Excluded
EM1,9.60205,9.3872635,0.0132357,0.0080061,2.334448,pptt1jmatch_run_05_376_300,376.0,300.0,3.0180000000000002,1.2928109771560559,0.32149944443340706,0.31430788217099476,Excluded,Excluded
EM2,7.1537652,7.087816,0.0069849,0.0058344,2.334448,pptt1jmatch_run_05_376_300,376.0,300.0,3.0180000000000002,1.2928109771560559,0.42580112124806857,0.42187574174226466,Excluded,Excluded
EM3,5.2428381,6.3616044,0.0044164,0.0046453,2.334448,pptt1jmatch_run_05_376_300,376.0,300.0,3.0180000000000002,1.2928109771560559,0.4744086255976559,0.5756424177965748,Excluded,Excluded
EM4,3.8822019,5.4808458,0.0045019,0.0046898,2.334448,pptt1jmatch_run_05_376_300,376.0,300.0,3.0180000000000002,1.2928109771560559,0.5506449387793395,0.7773938805191971,Excluded,Excluded
EM5,4.7571073,5.8204177,0.001286,0.0025106,2.334448,pptt1jmatch_run_05_376_300,376.0,300.0,3.0180000000000002,1.2928109771560559,0.5185194870120747,0.6344191563642048,Excluded,Excluded
EM6,5.8183792,8.0355509,0.0005016,0.0015686,2.334448,pptt1jmatch_run_05_376_300,376.0,300.0,3.0180000000000002,1.2928109771560559,0.37558096981253647,0.5187011530633824,Excluded,Excluded
EM7,23.0395531,33.4043098,6.27e-05,0.0005548,2.334448,pptt1jmatch_run_05_376_300,376.0,300.0,3.0180000000000002,1.2928109771560559,0.0903476233476915,0.13099212414844974,Excluded,Excluded
EM8,-1.0,-1.0,0.0,0.0,2.334448,pptt1jmatch_run_05_376_300,376.0,300.0,3.0180000000000002,1.2928109771560559,-3.0180000000000002,-3.0180000000000002,Excluded,Excluded
EM9,-1.0,-1.0,0.0,0.0,2.334448,pptt1jmatch_run_05_376_300,376.0,300.0,3.0180000000000002,1.2928109771560559,-3.0180000000000002,-3.0180000000000002,Excluded,Excluded
EM10,-1.0,-1.0,0.0,0.0,2.334448,pptt1jmatch_run_05_376_300,376.0,300.0,3.0180000000000002,1.2928109771560559,-3.0180000000000002,-3.0180000000000002,Excluded,Excluded
EM11,-1.0,-1.0,0.0,0.0,2.334448,pptt1jmatch_run_05_376_300,376.0,300.0,3.0180000000000002,1.2928109771560559,-3.0180000000000002,-3.0180000000000002,Excluded,Excluded
EM12,-1.0,-1.0,0.0,0.0,2.334448,pptt1jmatch_run_05_376_300,376.0,300.0,3.0180000000000002,1.2928109771560559,-3.0180000000000002,-3.0180000000000002,Excluded,Excluded
IM0,8.2669776,10.5919392,0.0676291,0.0162937,2.750088,pptt1jmatch_run_06_365_319,365.0,319.0,3.54,1.2872315358635797,0.3342164199734077,0.4282097002415973,Excluded,Excluded
IM1,4.8004337,6.032988,0.0472294,0.0137645,2.750088,pptt1jmatch_run_06_365_319,365.0,319.0,3.54,1.2872315358635797,0.5867739170043104,0.7374333698223975,Excluded,Excluded
IM2,3.6598327,5.0207371,0.0310133,0.0112484,2.750088,pptt1jmatch_run_06_365_319,365.0,319.0,3.54,1.2872315358635797,0.7050757547133867,0.9672573284565713,Excluded,Excluded
IM3,2.7297046,4.0321985,0.020842,0.0092695,2.750088,pptt1jmatch_run_06_365_319,365.0,319.0,3.54,1.2872315358635797,0.8779329688258155,1.2968436218336594,Excluded,Included
IM4,2.5958686,4.1079267,0.0127061,0.0072676,2.750088,pptt1jmatch_run_06_365_319,365.0,319.0,3.54,1.2872315358635797,0.8617485798858096,1.3637053894022215,Excluded,Included
IM5,2.8896171,4.4191378,0.0049571,0.0045571,2.750088,pptt1jmatch_run_06_365_319,365.0,319.0,3.54,1.2872315358635797,0.8010612386877821,1.2250758067565422,Excluded,Included
IM6,3.4718659,5.0785862,0.0021005,0.0029707,2.750088,pptt1jmatch_run_06_365_319,365.0,319.0,3.54,1.2872315358635797,0.6970443860931217,1.019624634695712,Excluded,Included
IM7,3.7652638,4.4334419,0.0009575,0.0020069,2.750088,pptt1jmatch_run_06_365_319,365.0,319.0,3.54,1.2872315358635797,0.7984766869280502,0.9401731692743547,Excluded,Excluded
IM8,4.5144966,4.8062205,0.0004451,0.0013686,2.750088,pptt1jmatch_run_06_365_319,365.0,319.0,3.54,1.2872315358635797,0.7365454830880106,0.7841405839136084,Excluded,Excluded
IM9,4.9887885,4.6996757,0.0002542,0.0010344,2.750088,pptt1jmatch_run_06_365_319,365.0,319.0,3.54,1.2872315358635797,0.7532434631606602,0.709591116159765,Excluded,Excluded
IM10,7.2258898,11.2105633,0.0001285,0.0007355,2.750088,pptt1jmatch_run_06_365_319,365.0,319.0,3.54,1.2872315358635797,0.31577360613092476,0.489905063318292,Excluded,Excluded
IM11,8.7012339,7.7596385,6.5e-05,0.0005231,2.750088,pptt1jmatch_run_06_365_319,365.0,319.0,3.54,1.2872315358635797,0.45620681942850816,0.4068388507519606,Excluded,Excluded
IM12,5.3778847,4.2431693,6.5e-05,0.0005231,2.750088,pptt1jmatch_run_06_365_319,365.0,319.0,3.54,1.2872315358635797,0.8342820542182939,0.6582513753037509,Excluded,Excluded
EM0,17.9571813,20.0884292,0.0203997,0.0091726,2.750088,pptt1jmatch_run_06_365_319,365.0,319.0,3.54,1.2872315358635797,0.17622084657569942,0.1971356161559721,Excluded,Excluded
EM1,7.8422881,7.6235818,0.0162162,0.0081956,2.750088,pptt1jmatch_run_06_365_319,365.0,319.0,3.54,1.2872315358635797,0.4643486608879831,0.4513988717144936,Excluded,Excluded
EM2,4.8977615,4.8741894,0.0101712,0.0065107,2.750088,pptt1jmatch_run_06_365_319,365.0,319.0,3.54,1.2872315358635797,0.7262746088611165,0.7227791716685266,Excluded,Excluded
EM3,2.8424606,3.4456677,0.0081359,0.0058289,2.750088,pptt1jmatch_run_06_365_319,365.0,319.0,3.54,1.2872315358635797,1.0273770741154176,1.2453998482863755,Included,Included
EM4,2.2600931,3.1822082,0.007749,0.0056898,2.750088,pptt1jmatch_run_06_365_319,365.0,319.0,3.54,1.2872315358635797,1.1124350694590002,1.5663071578776997,Included,Included
EM5,2.1449283,2.6222465,0.0028566,0.0034631,2.750088,pptt1jmatch_run_06_365_319,365.0,319.0,3.54,1.2872315358635797,1.349987501175042,1.6504048177274737,Included,Included
EM6,2.5371754,3.5234908,0.001143,0.0021924,2.750088,pptt1jmatch_run_06_365_319,365.0,319.0,3.54,1.2872315358635797,1.004685467037405,1.395252373958852,Included,Included
EM7,2.8155883,4.0955714,0.0005124,0.0014684,2.750088,pptt1jmatch_run_06_365_319,365.0,319.0,3.54,1.2872315358635797,0.8643482567536243,1.2572860883105674,Excluded,Included
EM8,4.2593862,4.8718301,0.0001909,0.0008964,2.750088,pptt1jmatch_run_06_365_319,365.0,319.0,3.54,1.2872315358635797,0.7266263246741712,0.8311056649429911,Excluded,Excluded
EM9,3.8711003,3.3191502,0.0001257,0.0007274,2.750088,pptt1jmatch_run_06_365_319,365.0,319.0,3.54,1.2872315358635797,1.0665380554335866,0.9144686847819469,Included,Excluded
EM10,4.9244466,10.5195106,6.35e-05,0.0005171,2.750088,pptt1jmatch_run_06_365_319,365.0,319.0,3.54,1.2872315358635797,0.33651755624448915,0.7188625012199341,Excluded,Excluded
EM11,-1.0,-1.0,0.0,0.0,2.750088,pptt1jmatch_run_06_365_319,365.0,319.0,3.54,1.2872315358635797,-3.54,-3.54,Excluded,Excluded
EM12,3.9257576,3.1334076,6.5e-05,0.0005231,2.750088,pptt1jmatch_run_06_365_319,365.0,319.0,3.54,1.2872315358635797,1.1297604563159929,0.9017367755971485,Included,Excluded
IM0,9.0510118,11.4057257,0.0625334,0.0163596,2.51425,pptt1jmatch_run_07_371_319,371.0,319.0,3.244,1.2902456000795466,0.2844185530430563,0.35841296770820696,Excluded,Excluded
IM1,5.0298821,6.3268276,0.0449503,0.0139997,2.51425,pptt1jmatch_run_07_371_319,371.0,319.0,3.244,1.2902456000795466,0.5127372207834461,0.6449455346080577,Excluded,Excluded
IM2,3.9789868,5.4675015,0.0285006,0.0112431,2.51425,pptt1jmatch_run_07_371_319,371.0,319.0,3.244,1.2902456000795466,0.5933240256084064,0.8152829257940741,Excluded,Excluded
IM3,3.0279519,4.4910676,0.018696,0.009152,2.51425,pptt1jmatch_run_07_371_319,371.0,319.0,3.244,1.2902456000795466,0.7223226833637508,1.0713512324948096,Excluded,Included
IM4,2.6545108,4.237387,0.012347,0.0074614,2.51425,pptt1jmatch_run_07_371_319,371.0,319.0,3.244,1.2902456000795466,0.7655661378108727,1.222070748403058,Excluded,Included
IM5,2.630646,3.9938227,0.0054753,0.004986,2.51425,pptt1jmatch_run_07_371_319,371.0,319.0,3.244,1.2902456000795466,0.8122543847527334,1.2331571788830578,Excluded,Included
IM6,3.1934931,4.6235929,0.0023045,0.0032399,2.51425,pptt1jmatch_run_07_371_319,371.0,319.0,3.244,1.2902456000795466,0.7016188644117003,1.0158155657201828,Excluded,Included
IM7,4.7558642,5.5941745,0.0007558,0.0018569,2.51425,pptt1jmatch_run_07_371_319,371.0,319.0,3.244,1.2902456000795466,0.5798889541254031,0.6821052628037613,Excluded,Excluded
IM8,16.2162892,17.3499297,0.0001235,0.0007507,2.51425,pptt1jmatch_run_07_371_319,371.0,319.0,3.244,1.2902456000795466,0.18697482099884244,0.20004576632735438,Excluded,Excluded
IM9,20.0364446,18.9444422,6.33e-05,0.0005377,2.51425,pptt1jmatch_run_07_371_319,371.0,319.0,3.244,1.2902456000795466,0.17123755694427362,0.16190497190304912,Excluded,Excluded
IM10,14.7321643,22.7764081,6.33e-05,0.0005377,2.51425,pptt1jmatch_run_07_371_319,371.0,319.0,3.244,1.2902456000795466,0.1424280767080214,0.22019846737658227,Excluded,Excluded
IM11,-1.0,-1.0,0.0,0.0,2.51425,pptt1jmatch_run_07_371_319,371.0,319.0,3.244,1.2902456000795466,-3.244,-3.244,Excluded,Excluded
IM12,-1.0,-1.0,0.0,0.0,2.51425,pptt1jmatch_run_07_371_319,371.0,319.0,3.244,1.2902456000795466,-3.244,-3.244,Excluded,Excluded
EM0,20.9222109,23.3239067,0.0175831,0.0088805,2.51425,pptt1jmatch_run_07_371_319,371.0,319.0,3.244,1.2902456000795466,0.13908476147351423,0.15505053531412402,Excluded,Excluded
EM1,7.7653784,7.5801029,0.0164497,0.0085944,2.51425,pptt1jmatch_run_07_371_319,371.0,319.0,3.244,1.2902456000795466,0.42796252805486323,0.41775169642731125,Excluded,Excluded
EM2,5.1027109,5.0671244,0.0098046,0.0066576,2.51425,pptt1jmatch_run_07_371_319,371.0,319.0,3.244,1.2902456000795466,0.6402053203982915,0.6357405041308534,Excluded,Excluded
EM3,3.6317784,4.4095701,0.006349,0.0053667,2.51425,pptt1jmatch_run_07_371_319,371.0,319.0,3.244,1.2902456000795466,0.7356726225987428,0.8932263047767453,Excluded,Excluded
EM4,2.554939,3.588256,0.0068717,0.0055818,2.51425,pptt1jmatch_run_07_371_319,371.0,319.0,3.244,1.2902456000795466,0.9040603568976128,1.269697632702777,Excluded,Included
EM5,1.931697,2.3710169,0.0031708,0.0037987,2.51425,pptt1jmatch_run_07_371_319,371.0,319.0,3.244,1.2902456000795466,1.3681893199495965,1.6793524036119538,Included,Included
EM6,1.8862234,2.6061376,0.0015487,0.002657,2.51425,pptt1jmatch_run_07_371_319,371.0,319.0,3.244,1.2902456000795466,1.2447539224329522,1.7198386999122162,Included,Included
EM7,2.275158,3.3265089,0.0006324,0.0016986,2.51425,pptt1jmatch_run_07_371_319,371.0,319.0,3.244,1.2902456000795466,0.9751965491509733,1.4258350409070493,Excluded,Included
EM8,13.4635799,15.541537,6.01e-05,0.0005239,2.51425,pptt1jmatch_run_07_371_319,371.0,319.0,3.244,1.2902456000795466,0.2087309639966755,0.24094631770261937,Excluded,Excluded
EM9,-1.0,-1.0,0.0,0.0,2.51425,pptt1jmatch_run_07_371_319,371.0,319.0,3.244,1.2902456000795466,-3.244,-3.244,Excluded,Excluded
EM10,4.9295844,10.53621,6.33e-05,0.0005377,2.51425,pptt1jmatch_run_07_371_319,371.0,319.0,3.244,1.2902456000795466,0.30789059823219167,0.6580676456214037,Excluded,Excluded
EM11,-1.0,-1.0,0.0,0.0,2.51425,pptt1jmatch_run_07_371_319,371.0,319.0,3.244,1.2902456000795466,-3.244,-3.244,Excluded,Excluded
EM12,-1.0,-1.0,0.0,0.0,2.51425,pptt1jmatch_run_07_371_319,371.0,319.0,3.244,1.2902456000795466,-3.244,-3.244,Excluded,Excluded
IM0,9.4634568,11.952834,0.059903,0.0166044,2.367443,pptt1jmatch_run_08_375_319,375.0,319.0,3.06,1.2925337589965207,0.2560062324968288,0.32334907472711244,Excluded,Excluded
IM1,5.4887776,6.8860538,0.0413544,0.0139316,2.367443,pptt1jmatch_run_08_375_319,375.0,319.0,3.06,1.2925337589965207,0.4443764293563899,0.5575011820482579,Excluded,Excluded
IM2,4.2198781,5.7941936,0.0268818,0.0113168,2.367443,pptt1jmatch_run_08_375_319,375.0,319.0,3.06,1.2925337589965207,0.5281149045485812,0.7251394299754773,Excluded,Excluded
IM3,3.3155621,4.8921185,0.0171902,0.0090947,2.367443,pptt1jmatch_run_08_375_319,375.0,319.0,3.06,1.2925337589965207,0.6254958869046202,0.9229204302944589,Excluded,Excluded
IM4,3.0976005,4.9109185,0.0106431,0.00718,2.367443,pptt1jmatch_run_08_375_319,375.0,319.0,3.06,1.2925337589965207,0.6231013607739571,0.9878614107919985,Excluded,Excluded
IM5,3.592198,5.4543861,0.004013,0.0044236,2.367443,pptt1jmatch_run_08_375_319,375.0,319.0,3.06,1.2925337589965207,0.5610163900938366,0.8518461398842715,Excluded,Excluded
IM6,4.1930325,6.1339405,0.0017392,0.0029155,2.367443,pptt1jmatch_run_08_375_319,375.0,319.0,3.06,1.2925337589965207,0.4988636586872664,0.7297820849230241,Excluded,Excluded
IM7,4.17453,4.9099145,0.0008628,0.0020544,2.367443,pptt1jmatch_run_08_375_319,375.0,319.0,3.06,1.2925337589965207,0.6232287751650257,0.7330166509762777,Excluded,Excluded
IM8,4.7054933,5.0080865,0.0004261,0.001444,2.367443,pptt1jmatch_run_08_375_319,375.0,319.0,3.06,1.2925337589965207,0.6110118105987187,0.6503037630507306,Excluded,Excluded
IM9,4.1341314,3.8958246,0.0003071,0.001226,2.367443,pptt1jmatch_run_08_375_319,375.0,319.0,3.06,1.2925337589965207,0.7854563062207678,0.7401796662776611,Excluded,Excluded
IM10,7.9841685,12.36289,0.0001168,0.0007561,2.367443,pptt1jmatch_run_08_375_319,375.0,319.0,3.06,1.2925337589965207,0.2475149418946541,0.3832584445080286,Excluded,Excluded
IM11,4.8435956,4.32242,0.0001168,0.0007561,2.367443,pptt1jmatch_run_08_375_319,375.0,319.0,3.06,1.2925337589965207,0.7079367576496499,0.6317620736132472,Excluded,Excluded
IM12,-1.0,-1.0,0.0,0.0,2.367443,pptt1jmatch_run_08_375_319,375.0,319.0,3.06,1.2925337589965207,-3.06,-3.06,Excluded,Excluded
EM0,19.7874555,22.0775149,0.0185486,0.0094407,2.367443,pptt1jmatch_run_08_375_319,375.0,319.0,3.06,1.2925337589965207,0.1386025562143319,0.15464343053102508,Excluded,Excluded
EM1,8.8171453,8.5707467,0.0144726,0.0083564,2.367443,pptt1jmatch_run_08_375_319,375.0,319.0,3.06,1.2925337589965207,0.35702840220444265,0.34705110280988566,Excluded,Excluded
EM2,5.1813428,5.1139775,0.0096916,0.0068548,2.367443,pptt1jmatch_run_08_375_319,375.0,319.0,3.06,1.2925337589965207,0.5983600827340363,0.5905804958513843,Excluded,Excluded
EM3,3.5318071,4.2873403,0.0065471,0.005643,2.367443,pptt1jmatch_run_08_375_319,375.0,319.0,3.06,1.2925337589965207,0.7137292087590994,0.8664119849580687,Excluded,Excluded
EM4,2.6338307,3.7087826,0.0066302,0.0056784,2.367443,pptt1jmatch_run_08_375_319,375.0,319.0,3.06,1.2925337589965207,0.8250685818036355,1.1618058822079946,Excluded,Included
EM5,2.6980748,3.2921988,0.0022738,0.0033327,2.367443,pptt1jmatch_run_08_375_319,375.0,319.0,3.06,1.2925337589965207,0.9294699943393455,1.1341420185978535,Excluded,Included
EM6,3.3234319,4.615827,0.0008764,0.0020705,2.367443,pptt1jmatch_run_08_375_319,375.0,319.0,3.06,1.2925337589965207,0.6629364575405448,0.9207349788030861,Excluded,Excluded
EM7,3.2940272,4.7931956,0.0004367,0.0014619,2.367443,pptt1jmatch_run_08_375_319,375.0,319.0,3.06,1.2925337589965207,0.6384049922769687,0.9289540778533948,Excluded,Excluded
EM8,6.8265012,7.8063781,0.0001189,0.000763,2.367443,pptt1jmatch_run_08_375_319,375.0,319.0,3.06,1.2925337589965207,0.3919871623948115,0.44825305238355484,Excluded,Excluded
EM9,2.5757116,2.2090916,0.0001903,0.0009653,2.367443,pptt1jmatch_run_08_375_319,375.0,319.0,3.06,1.2925337589965207,1.3851847519586786,1.188021205479682,Included,Included
EM10,-1.0,-1.0,0.0,0.0,2.367443,pptt1jmatch_run_08_375_319,375.0,319.0,3.06,1.2925337589965207,-3.06,-3.06,Excluded,Excluded
EM11,1.8803618,2.1073999,0.0001168,0.0007561,2.367443,pptt1jmatch_run_08_375_319,375.0,319.0,3.06,1.2925337589965207,1.4520262623149978,1.6273463968476705,Included,Included
EM12,-1.0,-1.0,0.0,0.0,2.367443,pptt1jmatch_run_08_375_319,375.0,319.0,3.06,1.2925337589965207,-3.06,-3.06,Excluded,Excluded
IM0,9.483915,12.0219399,0.0597845,0.0171244,2.198701,pptt1jmatch_run_09_380_319,380.0,319.0,2.85,1.2962199043890008,0.237066565272049,0.30050880886216297,Excluded,Excluded
IM1,5.3029256,6.7078906,0.0424563,0.0145632,2.198701,pptt1jmatch_run_09_380_319,380.0,319.0,2.85,1.2962199043890008,0.4248727610435388,0.5374391826277932,Excluded,Excluded
IM2,4.2285708,5.7747041,0.0268719,0.01168,2.198701,pptt1jmatch_run_09_380_319,380.0,319.0,2.85,1.2962199043890008,0.4935317811348983,0.6739865866736818,Excluded,Excluded
IM3,3.2885363,4.8492706,0.0173451,0.0094296,2.198701,pptt1jmatch_run_09_380_319,380.0,319.0,2.85,1.2962199043890008,0.5877172538072015,0.8666469638787323,Excluded,Excluded
IM4,2.902757,4.6104336,0.0113366,0.0076467,2.198701,pptt1jmatch_run_09_380_319,380.0,319.0,2.85,1.2962199043890008,0.6181631159377287,0.9818252096196823,Excluded,Excluded
IM5,3.5780459,5.4330394,0.0040184,0.0045694,2.198701,pptt1jmatch_run_09_380_319,380.0,319.0,2.85,1.2962199043890008,0.5245682554777717,0.7965241586196533,Excluded,Excluded
IM6,6.4668021,9.4384675,0.001129,0.0024255,2.198701,pptt1jmatch_run_09_380_319,380.0,319.0,2.85,1.2962199043890008,0.30195579949817064,0.4407124195125749,Excluded,Excluded
IM7,7.3038938,8.6246799,0.0004908,0.0015997,2.198701,pptt1jmatch_run_09_380_319,380.0,319.0,2.85,1.2962199043890008,0.33044704650429985,0.3902028257858842,Excluded,Excluded
IM8,5.5006582,5.9160041,0.0003621,0.0013742,2.198701,pptt1jmatch_run_09_380_319,380.0,319.0,2.85,1.2962199043890008,0.4817440880407774,0.5181198133706981,Excluded,Excluded
IM9,7.0814596,6.707092,0.000178,0.0009637,2.198701,pptt1jmatch_run_09_380_319,380.0,319.0,2.85,1.2962199043890008,0.42492334979153407,0.4024594025785306,Excluded,Excluded
IM10,7.4662088,11.5362615,0.0001248,0.0008068,2.198701,pptt1jmatch_run_09_380_319,380.0,319.0,2.85,1.2962199043890008,0.24704710447140957,0.381719836177097,Excluded,Excluded
IM11,-1.0,-1.0,0.0,0.0,2.198701,pptt1jmatch_run_09_380_319,380.0,319.0,2.85,1.2962199043890008,-2.85,-2.85,Excluded,Excluded
IM12,-1.0,-1.0,0.0,0.0,2.198701,pptt1jmatch_run_09_380_319,380.0,319.0,2.85,1.2962199043890008,-2.85,-2.85,Excluded,Excluded
EM0,21.1706556,23.6999943,0.0173282,0.0094251,2.198701,pptt1jmatch_run_09_380_319,380.0,319.0,2.85,1.2962199043890008,0.12025319347861615,0.13462029961887434,Excluded,Excluded
EM1,8.1827915,7.9636847,0.0155844,0.0089462,2.198701,pptt1jmatch_run_09_380_319,380.0,319.0,2.85,1.2962199043890008,0.3578745401610388,0.3482919001419014,Excluded,Excluded
EM2,5.2347109,5.2174757,0.0095268,0.0070162,2.198701,pptt1jmatch_run_09_380_319,380.0,319.0,2.85,1.2962199043890008,0.5462411640939698,0.5444426739975269,Excluded,Excluded
EM3,3.8607241,4.6671807,0.0060085,0.0055819,2.198701,pptt1jmatch_run_09_380_319,380.0,319.0,2.85,1.2962199043890008,0.6106470229447083,0.7382034888222134,Excluded,Excluded
EM4,2.405058,3.3791844,0.0073181,0.0061562,2.198701,pptt1jmatch_run_09_380_319,380.0,319.0,2.85,1.2962199043890008,0.8433987798949356,1.1850026070057356,Excluded,Included
EM5,2.1198949,2.5967317,0.0028895,0.0038769,2.198701,pptt1jmatch_run_09_380_319,380.0,319.0,2.85,1.2962199043890008,1.0975334879610397,1.3444062722166086,Included,Included
EM6,4.5760656,6.3204412,0.0006382,0.0018241,2.198701,pptt1jmatch_run_09_380_319,380.0,319.0,2.85,1.2962199043890008,0.4509178884537364,0.622805756980407,Excluded,Excluded
EM7,11.1453802,16.2971505,0.0001287,0.0008193,2.198701,pptt1jmatch_run_09_380_319,380.0,319.0,2.85,1.2962199043890008,0.17487719709037478,0.2557113305116321,Excluded,Excluded
EM8,4.4154818,5.0530176,0.0001841,0.0009798,2.198701,pptt1jmatch_run_09_380_319,380.0,319.0,2.85,1.2962199043890008,0.5640194089171587,0.6454561764924498,Excluded,Excluded
EM9,9.1824945,7.8266202,5.33e-05,0.0005271,2.198701,pptt1jmatch_run_09_380_319,380.0,319.0,2.85,1.2962199043890008,0.36414185525445586,0.31037317800734865,Excluded,Excluded
EM10,2.5210774,5.3434187,0.0001248,0.0008068,2.198701,pptt1jmatch_run_09_380_319,380.0,319.0,2.85,1.2962199043890008,0.5333664008025424,1.1304690605691043,Excluded,Included
EM11,-1.0,-1.0,0.0,0.0,2.198701,pptt1jmatch_run_09_380_319,380.0,319.0,2.85,1.2962199043890008,-2.85,-2.85,Excluded,Excluded
EM12,-1.0,-1.0,0.0,0.0,2.198701,pptt1jmatch_run_09_380_319,380.0,319.0,2.85,1.2962199043890008,-2.85,-2.85,Excluded,Excluded
IM0,11.2918917,14.3082184,0.0499435,0.0169353,1.89846,pptt1jmatch_run_10_390_320,390.0,320.0,2.47,1.30105453894209,0.17262806108690654,0.21874102813083127,Excluded,Excluded
IM1,6.4447795,8.1244008,0.035054,0.0142988,1.89846,pptt1jmatch_run_10_390_320,390.0,320.0,2.47,1.30105453894209,0.30402242095195503,0.3832559360642207,Excluded,Excluded
IM2,5.0354061,6.9399287,0.0224046,0.0115061,1.89846,pptt1jmatch_run_10_390_320,390.0,320.0,2.47,1.30105453894209,0.3559114375339332,0.4905264741209254,Excluded,Excluded
IM3,4.0297603,5.9547894,0.0140773,0.0091593,1.89846,pptt1jmatch_run_10_390_320,390.0,320.0,2.47,1.30105453894209,0.4147921671251716,0.6129396827895693,Excluded,Excluded
IM4,3.4714479,5.5434448,0.0094535,0.0075234,1.89846,pptt1jmatch_run_10_390_320,390.0,320.0,2.47,1.30105453894209,0.4455713169543964,0.7115186720791634,Excluded,Excluded
IM5,3.5942572,5.4490674,0.004018,0.0049182,1.89846,pptt1jmatch_run_10_390_320,390.0,320.0,2.47,1.30105453894209,0.4532885755826768,0.6872073595623597,Excluded,Excluded
IM6,5.1121229,7.4496089,0.0014322,0.0029401,1.89846,pptt1jmatch_run_10_390_320,390.0,320.0,2.47,1.30105453894209,0.33156103000252807,0.48316522280792584,Excluded,Excluded
IM7,5.1423133,6.0587919,0.0006997,0.0020557,1.89846,pptt1jmatch_run_10_390_320,390.0,320.0,2.47,1.30105453894209,0.40767203111894307,0.48032857118993516,Excluded,Excluded
IM8,5.2074306,5.6138078,0.0003842,0.0015235,1.89846,pptt1jmatch_run_10_390_320,390.0,320.0,2.47,1.30105453894209,0.439986563131,0.47432221180249623,Excluded,Excluded
IM9,-1.0,-1.0,0.0,0.0,1.89846,pptt1jmatch_run_10_390_320,390.0,320.0,2.47,1.30105453894209,-2.47,-2.47,Excluded,Excluded
IM10,-1.0,-1.0,0.0,0.0,1.89846,pptt1jmatch_run_10_390_320,390.0,320.0,2.47,1.30105453894209,-2.47,-2.47,Excluded,Excluded
IM11,-1.0,-1.0,0.0,0.0,1.89846,pptt1jmatch_run_10_390_320,390.0,320.0,2.47,1.30105453894209,-2.47,-2.47,Excluded,Excluded
IM12,-1.0,-1.0,0.0,0.0,1.89846,pptt1jmatch_run_10_390_320,390.0,320.0,2.47,1.30105453894209,-2.47,-2.47,Excluded,Excluded
EM0,24.5973851,27.598311,0.0148895,0.0094159,1.89846,pptt1jmatch_run_10_390_320,390.0,320.0,2.47,1.30105453894209,0.08949823052577385,0.10041717808451112,Excluded,Excluded
EM1,-1.0,9.8267252,0.0126494,0.0086886,1.89846,pptt1jmatch_run_10_390_320,390.0,320.0,2.47,1.30105453894209,0.2513553548846568,-2.47,Excluded,Excluded
EM2,5.9959727,5.9432618,0.0083273,0.007065,1.89846,pptt1jmatch_run_10_390_320,390.0,320.0,2.47,1.30105453894209,0.4155967014611404,0.41194316978794787,Excluded,Excluded
EM3,5.0142875,6.0583526,0.0046238,0.0052744,1.89846,pptt1jmatch_run_10_390_320,390.0,320.0,2.47,1.30105453894209,0.40770159201364414,0.49259241716794266,Excluded,Excluded
EM4,3.2172313,4.5497829,0.0054355,0.0057163,1.89846,pptt1jmatch_run_10_390_320,390.0,320.0,2.47,1.30105453894209,0.5428830461339156,0.7677408832868188,Excluded,Excluded
EM5,2.367477,2.8946083,0.0025858,0.0039484,1.89846,pptt1jmatch_run_10_390_320,390.0,320.0,2.47,1.30105453894209,0.8533106189186289,1.0433047501623036,Excluded,Included
EM6,3.9678784,5.5187784,0.0007325,0.0021034,1.89846,pptt1jmatch_run_10_390_320,390.0,320.0,2.47,1.30105453894209,0.4475628157129846,0.6224989152893395,Excluded,Excluded
EM7,4.5497656,6.6650335,0.0003155,0.0013807,1.89846,pptt1jmatch_run_10_390_320,390.0,320.0,2.47,1.30105453894209,0.37059078547767244,0.5428851103889837,Excluded,Excluded
EM8,2.1067689,2.4294277,0.0003842,0.0015235,1.89846,pptt1jmatch_run_10_390_320,390.0,320.0,2.47,1.30105453894209,1.0167003529267407,1.1724114590831487,Included,Included
EM9,-1.0,-1.0,0.0,0.0,1.89846,pptt1jmatch_run_10_390_320,390.0,320.0,2.47,1.30105453894209,-2.47,-2.47,Excluded,Excluded
EM10,-1.0,-1.0,0.0,0.0,1.89846,pptt1jmatch_run_10_390_320,390.0,320.0,2.47,1.30105453894209,-2.47,-2.47,Excluded,Excluded
EM11,-1.0,-1.0,0.0,0.0,1.89846,pptt1jmatch_run_10_390_320,390.0,320.0,2.47,1.30105453894209,-2.47,-2.47,Excluded,Excluded
EM12,-1.0,-1.0,0.0,0.0,1.89846,pptt1jmatch_run_10_390_320,390.0,320.0,2.47,1.30105453894209,-2.47,-2.47,Excluded,Excluded
IM0,11.8715043,15.0104956,0.0476647,0.0176895,1.647755,pptt1jmatch_run_11_400_319,400.0,319.0,2.15,1.304805629477683,0.14323311216986065,0.1811059445937277,Excluded,Excluded
IM1,6.8126404,8.5641444,0.0332742,0.0148911,1.647755,pptt1jmatch_run_11_400_319,400.0,319.0,2.15,1.304805629477683,0.25104667782107926,0.3155898262294895,Excluded,Excluded
IM2,5.4115094,7.4012051,0.0210264,0.0119121,1.647755,pptt1jmatch_run_11_400_319,400.0,319.0,2.15,1.304805629477683,0.29049323332493515,0.3973013518187735,Excluded,Excluded
IM3,4.3273497,6.3759534,0.0131577,0.009461,1.647755,pptt1jmatch_run_11_400_319,400.0,319.0,2.15,1.304805629477683,0.3372044720402128,0.49683990179947785,Excluded,Excluded
IM4,3.5669423,5.6976887,0.0091898,0.0079226,1.647755,pptt1jmatch_run_11_400_319,400.0,319.0,2.15,1.304805629477683,0.3773459929462275,0.6027571570193327,Excluded,Excluded
IM5,3.8023072,5.7473503,0.0038044,0.0051114,1.647755,pptt1jmatch_run_11_400_319,400.0,319.0,2.15,1.304805629477683,0.37408542854957005,0.565446158584977,Excluded,Excluded
IM6,4.8415273,7.0656089,0.0015062,0.0032198,1.647755,pptt1jmatch_run_11_400_319,400.0,319.0,2.15,1.304805629477683,0.3042908304760542,0.4440747447608113,Excluded,Excluded
IM7,5.1368135,6.0736786,0.000697,0.0021912,1.647755,pptt1jmatch_run_11_400_319,400.0,319.0,2.15,1.304805629477683,0.35398646217466956,0.4185474127102337,Excluded,Excluded
IM8,4.5720262,4.8904762,0.000437,0.0017352,1.647755,pptt1jmatch_run_11_400_319,400.0,319.0,2.15,1.304805629477683,0.4396299894067575,0.4702510234958846,Excluded,Excluded
IM9,4.0608416,3.8426816,0.0003104,0.0014627,1.647755,pptt1jmatch_run_11_400_319,400.0,319.0,2.15,1.304805629477683,0.5595051122632695,0.5294469008591717,Excluded,Excluded
IM10,4.9373061,7.6348954,0.0001888,0.0011407,1.647755,pptt1jmatch_run_11_400_319,400.0,319.0,2.15,1.304805629477683,0.28160176235027395,0.43546013888018814,Excluded,Excluded
IM11,9.0946264,8.1077359,6.2e-05,0.0006539,1.647755,pptt1jmatch_run_11_400_319,400.0,319.0,2.15,1.304805629477683,0.26517883987809715,0.236403333731224,Excluded,Excluded
IM12,5.608242,4.4712586,6.2e-05,0.0006539,1.647755,pptt1jmatch_run_11_400_319,400.0,319.0,2.15,1.304805629477683,0.4808489493316267,0.38336434126772706,Excluded,Excluded
EM0,25.5598876,28.4989461,0.0143905,0.0098881,1.647755,pptt1jmatch_run_11_400_319,400.0,319.0,2.15,1.304805629477683,0.07544138623427903,0.08411617584734606,Excluded,Excluded
EM1,10.4488753,10.1610291,0.0122478,0.0091322,1.647755,pptt1jmatch_run_11_400_319,400.0,319.0,2.15,1.304805629477683,0.21159274113288384,0.20576377248946592,Excluded,Excluded
EM2,6.3098617,6.3058545,0.0078687,0.007336,1.647755,pptt1jmatch_run_11_400_319,400.0,319.0,2.15,1.304805629477683,0.3409529985190746,0.34073646970741056,Excluded,Excluded
EM3,5.8373612,7.085379,0.0039679,0.0052196,1.647755,pptt1jmatch_run_11_400_319,400.0,319.0,2.15,1.304805629477683,0.3034417777792832,0.3683171087648302,Excluded,Excluded
EM4,3.2501994,4.5803443,0.0053854,0.0060766,1.647755,pptt1jmatch_run_11_400_319,400.0,319.0,2.15,1.304805629477683,0.46939702764265995,0.6614978760995401,Excluded,Excluded
EM5,2.6744979,3.2549314,0.0022982,0.0039757,1.647755,pptt1jmatch_run_11_400_319,400.0,319.0,2.15,1.304805629477683,0.6605361944033598,0.8038892085127455,Excluded,Excluded
EM6,3.6047903,4.9837706,0.0008092,0.0023608,1.647755,pptt1jmatch_run_11_400_319,400.0,319.0,2.15,1.304805629477683,0.43140027351981247,0.5964285911444003,Excluded,Excluded
EM7,5.510895,8.0657389,0.00026,0.0013387,1.647755,pptt1jmatch_run_11_400_319,400.0,319.0,2.15,1.304805629477683,0.26655958327636914,0.390136266432222,Excluded,Excluded
EM8,6.4235355,7.3609088,0.0001265,0.0009338,1.647755,pptt1jmatch_run_11_400_319,400.0,319.0,2.15,1.304805629477683,0.2920834992548746,0.33470664247126836,Excluded,Excluded
EM9,4.0045528,3.4396408,0.0001217,0.0009157,1.647755,pptt1jmatch_run_11_400_319,400.0,319.0,2.15,1.304805629477683,0.6250652684431467,0.5368889130391789,Excluded,Excluded
EM10,2.4668401,5.2652636,0.0001268,0.0009348,1.647755,pptt1jmatch_run_11_400_319,400.0,319.0,2.15,1.304805629477683,0.40833663104730406,0.8715603415073396,Excluded,Excluded
EM11,-1.0,-1.0,0.0,0.0,1.647755,pptt1jmatch_run_11_400_319,400.0,319.0,2.15,1.304805629477683,-2.15,-2.15,Excluded,Excluded
EM12,4.0987543,3.3004063,6.2e-05,0.0006539,1.647755,pptt1jmatch_run_11_400_319,400.0,319.0,2.15,1.304805629477683,0.6514349460549751,0.5245496174288856,Excluded,Excluded
IM0,6.4115186,8.136841,0.0880716,0.0177956,2.928856,pptt1jmatch_run_12_361_329,361.0,329.0,3.7560000000000002,1.2824119724561398,0.4616042024171296,0.5858206509765097,Excluded,Excluded
IM1,3.5738454,4.4602793,0.0635644,0.01532,2.928856,pptt1jmatch_run_12_361_329,361.0,329.0,3.7560000000000002,1.2824119724561398,0.8420997312881281,1.0509687968035772,Excluded,Included
IM2,2.5988377,3.5751996,0.0435934,0.0128217,2.928856,pptt1jmatch_run_12_361_329,361.0,329.0,3.7560000000000002,1.2824119724561398,1.0505707149888919,1.4452614720803842,Included,Included
IM3,2.0385215,3.0141076,0.0278724,0.0103363,2.928856,pptt1jmatch_run_12_361_329,361.0,329.0,3.7560000000000002,1.2824119724561398,1.2461399851816835,1.8425118400762512,Included,Included
IM4,1.7676608,2.8145814,0.018573,0.0084778,2.928856,pptt1jmatch_run_12_361_329,361.0,329.0,3.7560000000000002,1.2824119724561398,1.334479080974528,2.124842051144654,Included,Included
IM5,1.8724931,2.8431552,0.0076926,0.0054862,2.928856,pptt1jmatch_run_12_361_329,361.0,329.0,3.7560000000000002,1.2824119724561398,1.3210675238551872,2.0058818908331357,Included,Included
IM6,1.9483641,2.863099,0.0037277,0.0038267,2.928856,pptt1jmatch_run_12_361_329,361.0,329.0,3.7560000000000002,1.2824119724561398,1.311865220168775,1.9277710978148281,Included,Included
IM7,1.977524,2.335952,0.0018171,0.0026743,2.928856,pptt1jmatch_run_12_361_329,361.0,329.0,3.7560000000000002,1.2824119724561398,1.6079097515702379,1.899344837281368,Included,Included
IM8,2.4806836,2.6448696,0.0008067,0.0017828,2.928856,pptt1jmatch_run_12_361_329,361.0,329.0,3.7560000000000002,1.2824119724561398,1.4201078193042107,1.5140987750312052,Included,Included
IM9,2.8887598,2.7300272,0.0004378,0.0013136,2.928856,pptt1jmatch_run_12_361_329,361.0,329.0,3.7560000000000002,1.2824119724561398,1.3758104681154826,1.3002119456245549,Included,Included
IM10,7.146167,11.081859,0.0001303,0.0007168,2.928856,pptt1jmatch_run_12_361_329,361.0,329.0,3.7560000000000002,1.2824119724561398,0.33893230368659266,0.5255964491174079,Excluded,Excluded
IM11,4.3115609,3.8673067,0.0001303,0.0007168,2.928856,pptt1jmatch_run_12_361_329,361.0,329.0,3.7560000000000002,1.2824119724561398,0.9712185485573203,0.8711462245610401,Excluded,Excluded
IM12,2.6649419,2.1198543,0.0001303,0.0007168,2.928856,pptt1jmatch_run_12_361_329,361.0,329.0,3.7560000000000002,1.2824119724561398,1.7718198840363697,1.4094115897986368,Included,Included
EM0,15.0005997,16.6971766,0.0245073,0.009709,2.928856,pptt1jmatch_run_12_361_329,361.0,329.0,3.7560000000000002,1.2824119724561398,0.22494821070527576,0.25038998940822343,Excluded,Excluded
EM1,6.3635963,6.2136506,0.019971,0.0087848,2.928856,pptt1jmatch_run_12_361_329,361.0,329.0,3.7560000000000002,1.2824119724561398,0.604475571896495,0.5902322873624148,Excluded,Excluded
EM2,3.1898945,3.1556132,0.015721,0.0078111,2.928856,pptt1jmatch_run_12_361_329,361.0,329.0,3.7560000000000002,1.2824119724561398,1.1902599469415327,1.1774684084379592,Included,Included
EM3,2.4928758,3.006862,0.0092994,0.0060272,2.928856,pptt1jmatch_run_12_361_329,361.0,329.0,3.7560000000000002,1.2824119724561398,1.2491427940490785,1.5066935946026672,Included,Included
EM4,1.614139,2.2657111,0.0108804,0.0065142,2.928856,pptt1jmatch_run_12_361_329,361.0,329.0,3.7560000000000002,1.2824119724561398,1.6577576902898168,2.3269371472964844,Included,Included
EM5,1.5445964,1.8989298,0.0039649,0.0039461,2.928856,pptt1jmatch_run_12_361_329,361.0,329.0,3.7560000000000002,1.2824119724561398,1.977956215127068,2.4317031944396605,Included,Included
EM6,1.5246447,2.1111215,0.0019105,0.0027421,2.928856,pptt1jmatch_run_12_361_329,361.0,329.0,3.7560000000000002,1.2824119724561398,1.7791491394502874,2.4635247805603493,Included,Included
EM7,1.4226938,2.0832284,0.0010104,0.001995,2.928856,pptt1jmatch_run_12_361_329,361.0,329.0,3.7560000000000002,1.2824119724561398,1.8029708120338606,2.6400621131546367,Included,Included
EM8,2.2015739,2.5159779,0.0003689,0.0012059,2.928856,pptt1jmatch_run_12_361_329,361.0,329.0,3.7560000000000002,1.2824119724561398,1.4928588999132304,1.7060522020178381,Included,Included
EM9,1.588267,1.3611008,0.0003075,0.0011009,2.928856,pptt1jmatch_run_12_361_329,361.0,329.0,3.7560000000000002,1.2824119724561398,2.759531108937707,2.3648416796420246,Included,Included
EM10,-1.0,-1.0,0.0,0.0,2.928856,pptt1jmatch_run_12_361_329,361.0,329.0,3.7560000000000002,1.2824119724561398,-3.756,-3.756,Excluded,Excluded
EM11,-1.0,-1.0,0.0,0.0,2.928856,pptt1jmatch_run_12_361_329,361.0,329.0,3.7560000000000002,1.2824119724561398,-3.756,-3.756,Excluded,Excluded
EM12,1.9523301,1.577291,0.0001303,0.0007168,2.928856,pptt1jmatch_run_12_361_329,361.0,329.0,3.7560000000000002,1.2824119724561398,2.3812980610426355,1.923854987432709,Included,Included
IM0,6.6499748,8.436108,0.0852463,0.0181021,2.747774,pptt1jmatch_run_13_365_330,365.0,330.0,3.54,1.2883155601588776,0.41962478431997313,0.532332844328974,Excluded,Excluded
IM1,3.6690684,4.6309528,0.0613651,0.0155578,2.747774,pptt1jmatch_run_13_365_330,365.0,330.0,3.54,1.2883155601588776,0.7644215246590291,0.9648225691295371,Excluded,Excluded
IM2,2.7561047,3.7774771,0.0410402,0.0128601,2.747774,pptt1jmatch_run_13_365_330,365.0,330.0,3.54,1.2883155601588776,0.9371334110801095,1.284421451768505,Excluded,Included
IM3,2.1421578,3.1824305,0.0264123,0.0103951,2.747774,pptt1jmatch_run_13_365_330,365.0,330.0,3.54,1.2883155601588776,1.112357363342263,1.6525393227333671,Included,Included
IM4,1.8801193,2.9946782,0.0174794,0.0084952,2.747774,pptt1jmatch_run_13_365_330,365.0,330.0,3.54,1.2883155601588776,1.1820969612027095,1.8828592419640604,Included,Included
IM5,1.9251157,2.9264215,0.0074652,0.00558,2.747774,pptt1jmatch_run_13_365_330,365.0,330.0,3.54,1.2883155601588776,1.2096685320279392,1.8388505168806217,Included,Included
IM6,2.0060658,2.9278174,0.0036456,0.0039069,2.747774,pptt1jmatch_run_13_365_330,365.0,330.0,3.54,1.2883155601588776,1.2090917965034296,1.7646479990835795,Included,Included
IM7,2.143383,2.5218282,0.0016844,0.0026583,2.747774,pptt1jmatch_run_13_365_330,365.0,330.0,3.54,1.2883155601588776,1.4037435222589707,1.6515946986609487,Included,Included
IM8,3.2429385,3.4664603,0.0006175,0.0016104,2.747774,pptt1jmatch_run_13_365_330,365.0,330.0,3.54,1.2883155601588776,1.0212146378829148,1.091602569706456,Included,Included
IM9,10.7503283,10.0961734,0.0001178,0.0007037,2.747774,pptt1jmatch_run_13_365_330,365.0,330.0,3.54,1.2883155601588776,0.3506278923458268,0.3292922691486548,Excluded,Excluded
IM10,17.3784035,26.8495412,5.36e-05,0.0004747,2.747774,pptt1jmatch_run_13_365_330,365.0,330.0,3.54,1.2883155601588776,0.13184582833765518,0.2037011052252297,Excluded,Excluded
IM11,10.5121487,9.3842286,5.36e-05,0.0004747,2.747774,pptt1jmatch_run_13_365_330,365.0,330.0,3.54,1.2883155601588776,0.3772286621406473,0.336753227244588,Excluded,Excluded
IM12,6.551989,5.140763,5.36e-05,0.0004747,2.747774,pptt1jmatch_run_13_365_330,365.0,330.0,3.54,1.2883155601588776,0.6886137330197872,0.5402939473799483,Excluded,Excluded
EM0,15.3703563,17.1889478,0.0238812,0.0098973,2.747774,pptt1jmatch_run_13_365_330,365.0,330.0,3.54,1.2883155601588776,0.20594628834698073,0.23031346384598775,Excluded,Excluded
EM1,6.2368601,6.1043153,0.0203249,0.0091473,2.747774,pptt1jmatch_run_13_365_330,365.0,330.0,3.54,1.2883155601588776,0.5799176199171757,0.567593299070473,Excluded,Excluded
EM2,3.4242872,3.3987576,0.0146278,0.0077827,2.747774,pptt1jmatch_run_13_365_330,365.0,330.0,3.54,1.2883155601588776,1.04155706779442,1.0337917917632609,Included,Included
EM3,2.5950197,3.13637,0.008933,0.0060994,2.747774,pptt1jmatch_run_13_365_330,365.0,330.0,3.54,1.2883155601588776,1.1286933620714392,1.3641514937246912,Included,Included
EM4,1.7417944,2.4649604,0.0100142,0.0064545,2.747774,pptt1jmatch_run_13_365_330,365.0,330.0,3.54,1.2883155601588776,1.4361285479474641,2.0323868305007755,Included,Included
EM5,1.6076239,1.9609779,0.0038196,0.0039987,2.747774,pptt1jmatch_run_13_365_330,365.0,330.0,3.54,1.2883155601588776,1.8052217722596466,2.2020075715470515,Included,Included
EM6,1.4804612,2.0518046,0.0019612,0.002868,2.747774,pptt1jmatch_run_13_365_330,365.0,330.0,3.54,1.2883155601588776,1.7253104900924776,2.3911467588613604,Included,Included
EM7,1.3474726,1.9657972,0.0010669,0.0021163,2.747774,pptt1jmatch_run_13_365_330,365.0,330.0,3.54,1.2883155601588776,1.800796135023491,2.6271406186663833,Included,Included
EM8,1.6309718,1.8554506,0.0004997,0.0014487,2.747774,pptt1jmatch_run_13_365_330,365.0,330.0,3.54,1.2883155601588776,1.907892347012634,2.1704851058736883,Included,Included
EM9,7.6263921,6.4996364,6.42e-05,0.0005195,2.747774,pptt1jmatch_run_13_365_330,365.0,330.0,3.54,1.2883155601588776,0.5446458512663878,0.4641775499583873,Excluded,Excluded
EM10,-1.0,-1.0,0.0,0.0,2.747774,pptt1jmatch_run_13_365_330,365.0,330.0,3.54,1.2883155601588776,-3.54,-3.54,Excluded,Excluded
EM11,-1.0,-1.0,0.0,0.0,2.747774,pptt1jmatch_run_13_365_330,365.0,330.0,3.54,1.2883155601588776,-3.54,-3.54,Excluded,Excluded
EM12,4.7688664,3.7867551,5.36e-05,0.0004747,2.747774,pptt1jmatch_run_13_365_330,365.0,330.0,3.54,1.2883155601588776,0.93483732285724,0.7423147773651196,Excluded,Excluded
IM0,7.4054805,9.390094,0.0764576,0.0178093,2.554883,pptt1jmatch_run_14_370_329,370.0,329.0,3.29,1.287730201343858,0.3503692295306096,0.44426556791284505,Excluded,Excluded
IM1,4.0834552,5.1272415,0.055503,0.015345,2.554883,pptt1jmatch_run_14_370_329,370.0,329.0,3.29,1.287730201343858,0.641670574713518,0.805690239971287,Excluded,Excluded
IM2,3.0039867,4.125127,0.0377644,0.0127759,2.554883,pptt1jmatch_run_14_370_329,370.0,329.0,3.29,1.287730201343858,0.7975512026660028,1.0952112404492338,Excluded,Included
IM3,2.2219906,3.2540563,0.0256519,0.0105956,2.554883,pptt1jmatch_run_14_370_329,370.0,329.0,3.29,1.287730201343858,1.0110458138047582,1.4806543286006701,Included,Included
IM4,2.0093073,3.1891903,0.0164466,0.008524,2.554883,pptt1jmatch_run_14_370_329,370.0,329.0,3.29,1.287730201343858,1.0316098101765832,1.6373802056061808,Included,Included
IM5,1.7499932,2.642119,0.0082833,0.0060744,2.554883,pptt1jmatch_run_14_370_329,370.0,329.0,3.29,1.287730201343858,1.2452126493924005,1.880007305171243,Included,Included
IM6,1.9626,2.8840471,0.0036988,0.0040685,2.554883,pptt1jmatch_run_14_370_329,370.0,329.0,3.29,1.287730201343858,1.1407580687569214,1.6763477020279223,Included,Included
IM7,1.8473482,2.1838293,0.0019399,0.002949,2.554883,pptt1jmatch_run_14_370_329,370.0,329.0,3.29,1.287730201343858,1.5065280056458623,1.7809311747509213,Included,Included
IM8,1.7496828,1.8764418,0.0011421,0.0022637,2.554883,pptt1jmatch_run_14_370_329,370.0,329.0,3.29,1.287730201343858,1.7533184349229483,1.8803408252055744,Included,Included
IM9,1.9747265,1.8624206,0.0006395,0.0016943,2.554883,pptt1jmatch_run_14_370_329,370.0,329.0,3.29,1.287730201343858,1.7665182612348682,1.666053501586169,Included,Included
IM10,3.6097924,5.5768591,0.000258,0.0010764,2.554883,pptt1jmatch_run_14_370_329,370.0,329.0,3.29,1.287730201343858,0.5899378020864827,0.9114097530927263,Excluded,Excluded
IM11,8.6863086,7.7520628,6.52e-05,0.0005412,2.554883,pptt1jmatch_run_14_370_329,370.0,329.0,3.29,1.287730201343858,0.4244031665997339,0.37875697853976775,Excluded,Excluded
IM12,-1.0,-1.0,0.0,0.0,2.554883,pptt1jmatch_run_14_370_329,370.0,329.0,3.29,1.287730201343858,-3.29,-3.29,Excluded,Excluded
EM0,17.4821449,19.5372547,0.0209546,0.0095995,2.554883,pptt1jmatch_run_14_370_329,370.0,329.0,3.29,1.287730201343858,0.1683962281558422,0.18819201069543817,Excluded,Excluded
EM1,7.1773022,7.0239505,0.0177386,0.0088467,2.554883,pptt1jmatch_run_14_370_329,370.0,329.0,3.29,1.287730201343858,0.46839737836990736,0.45838950462473216,Excluded,Excluded
EM2,4.147669,4.0907704,0.0121125,0.0073313,2.554883,pptt1jmatch_run_14_370_329,370.0,329.0,3.29,1.287730201343858,0.8042494880670887,0.7932166236023175,Excluded,Excluded
EM3,2.5153288,3.0378405,0.0092053,0.0064006,2.554883,pptt1jmatch_run_14_370_329,370.0,329.0,3.29,1.287730201343858,1.0830061683620322,1.307980093894683,Included,Included
EM4,2.144492,3.0241097,0.0081633,0.0060306,2.554883,pptt1jmatch_run_14_370_329,370.0,329.0,3.29,1.287730201343858,1.0879234969551534,1.5341628693415503,Included,Included
EM5,1.3388723,1.6303476,0.0045844,0.0045274,2.554883,pptt1jmatch_run_14_370_329,370.0,329.0,3.29,1.287730201343858,2.0179745718029705,2.457291856736449,Included,Included
EM6,1.6653629,2.2948302,0.0017589,0.0028083,2.554883,pptt1jmatch_run_14_370_329,370.0,329.0,3.29,1.287730201343858,1.4336572701544543,1.9755453901368885,Included,Included
EM7,1.793632,2.6343487,0.0007978,0.0018923,2.554883,pptt1jmatch_run_14_370_329,370.0,329.0,3.29,1.287730201343858,1.2488855404753365,1.8342670068330629,Included,Included
EM8,1.6217213,1.8532292,0.0005026,0.0015021,2.554883,pptt1jmatch_run_14_370_329,370.0,329.0,3.29,1.287730201343858,1.7752796038396115,2.0287086319949057,Included,Included
EM9,1.2779602,1.0941725,0.0003815,0.0013088,2.554883,pptt1jmatch_run_14_370_329,370.0,329.0,3.29,1.287730201343858,3.006838501241806,2.5744150717682754,Included,Included
EM10,1.6225311,3.4656347,0.0001928,0.0009305,2.554883,pptt1jmatch_run_14_370_329,370.0,329.0,3.29,1.287730201343858,0.9493210579868675,2.0276961101084594,Excluded,Included
EM11,3.3576845,3.785102,6.52e-05,0.0005412,2.554883,pptt1jmatch_run_14_370_329,370.0,329.0,3.29,1.287730201343858,0.8691971841181558,0.9798419118889818,Excluded,Excluded
EM12,-1.0,-1.0,0.0,0.0,2.554883,pptt1jmatch_run_14_370_329,370.0,329.0,3.29,1.287730201343858,-3.29,-3.29,Excluded,Excluded
IM0,7.9952105,10.1466957,0.0706882,0.0179168,2.371126,pptt1jmatch_run_15_375_329,375.0,329.0,3.06,1.2905261044752578,0.30157600961660846,0.3827291351490996,Excluded,Excluded
IM1,4.5363901,5.7282222,0.0497727,0.0152025,2.371126,pptt1jmatch_run_15_375_329,375.0,329.0,3.06,1.2905261044752578,0.53419715457267,0.6745451631243089,Excluded,Excluded
IM2,3.4520198,4.7446632,0.0328358,0.0124574,2.371126,pptt1jmatch_run_15_375_329,375.0,329.0,3.06,1.2905261044752578,0.6449351347003935,0.8864375575134302,Excluded,Excluded
IM3,2.6462396,3.9316991,0.0213985,0.0101158,2.371126,pptt1jmatch_run_15_375_329,375.0,329.0,3.06,1.2905261044752578,0.7782894677774299,1.1563578747744536,Excluded,Included
IM4,2.4205785,3.8361029,0.0136087,0.0080991,2.371126,pptt1jmatch_run_15_375_329,375.0,329.0,3.06,1.2905261044752578,0.7976845459489629,1.2641606128452352,Excluded,Included
IM5,2.5064598,3.8111049,0.0057428,0.0052822,2.371126,pptt1jmatch_run_15_375_329,375.0,329.0,3.06,1.2905261044752578,0.8029167604386853,1.2208454330685854,Excluded,Included
IM6,3.3898766,4.9656499,0.002147,0.0032356,2.371126,pptt1jmatch_run_15_375_329,375.0,329.0,3.06,1.2905261044752578,0.6162335367219506,0.9026877261549875,Excluded,Excluded
IM7,3.1252581,3.6726277,0.001151,0.0023702,2.371126,pptt1jmatch_run_15_375_329,375.0,329.0,3.06,1.2905261044752578,0.8331909057920572,0.979119132592601,Excluded,Excluded
IM8,5.2017209,5.5539792,0.0003862,0.0013735,2.371126,pptt1jmatch_run_15_375_329,375.0,329.0,3.06,1.2905261044752578,0.5509563305530565,0.5882668560706515,Excluded,Excluded
IM9,10.0151622,9.4518331,0.0001263,0.0007857,2.371126,pptt1jmatch_run_15_375_329,375.0,329.0,3.06,1.2905261044752578,0.32374672379688973,0.3055367390854638,Excluded,Excluded
IM10,14.7877152,22.8783271,6.31e-05,0.0005553,2.371126,pptt1jmatch_run_15_375_329,375.0,329.0,3.06,1.2905261044752578,0.1337510381167686,0.2069285186125305,Excluded,Excluded
IM11,8.9586613,7.9838933,6.31e-05,0.0005553,2.371126,pptt1jmatch_run_15_375_329,375.0,329.0,3.06,1.2905261044752578,0.38327165519609335,0.3415688904323239,Excluded,Excluded
IM12,-1.0,-1.0,0.0,0.0,2.371126,pptt1jmatch_run_15_375_329,375.0,329.0,3.06,1.2905261044752578,-3.06,-3.06,Excluded,Excluded
EM0,17.543777,19.6346831,0.0209155,0.0100034,2.371126,pptt1jmatch_run_15_375_329,375.0,329.0,3.06,1.2905261044752578,0.15584667113878706,0.17442082169649104,Excluded,Excluded
EM1,7.5098391,7.3356685,0.0169369,0.0090201,2.371126,pptt1jmatch_run_15_375_329,375.0,329.0,3.06,1.2905261044752578,0.41713989665699863,0.407465454219918,Excluded,Excluded
EM2,4.3672019,4.3429592,0.0114373,0.0074331,2.371126,pptt1jmatch_run_15_375_329,375.0,329.0,3.06,1.2905261044752578,0.7045887053233196,0.7006774749754527,Excluded,Excluded
EM3,2.9841199,3.5906584,0.0077898,0.0061457,2.371126,pptt1jmatch_run_15_375_329,375.0,329.0,3.06,1.2905261044752578,0.8522113938769558,1.0254279662154326,Excluded,Included
EM4,2.2277208,3.1350955,0.0078658,0.0061754,2.371126,pptt1jmatch_run_15_375_329,375.0,329.0,3.06,1.2905261044752578,0.9760468221781442,1.3736012160949433,Excluded,Included
EM5,1.7087334,2.078682,0.0035958,0.0041843,2.371126,pptt1jmatch_run_15_375_329,375.0,329.0,3.06,1.2905261044752578,1.4720866395148464,1.790800133010802,Included,Included
EM6,2.9113361,4.0582563,0.000996,0.0022051,2.371126,pptt1jmatch_run_15_375_329,375.0,329.0,3.06,1.2905261044752578,0.7540184191915134,1.0510638053778814,Excluded,Included
EM7,1.880661,2.7444077,0.0007648,0.0019325,2.371126,pptt1jmatch_run_15_375_329,375.0,329.0,3.06,1.2905261044752578,1.1149946853741883,1.6270874974277663,Included,Included
EM8,3.1272917,3.5842622,0.0002598,0.0011267,2.371126,pptt1jmatch_run_15_375_329,375.0,329.0,3.06,1.2905261044752578,0.853732185106324,0.9784824357766179,Excluded,Excluded
EM9,7.7479072,6.6171601,6.32e-05,0.0005559,2.371126,pptt1jmatch_run_15_375_329,375.0,329.0,3.06,1.2905261044752578,0.4624340281565803,0.39494536021288434,Excluded,Excluded
EM10,-1.0,-1.0,0.0,0.0,2.371126,pptt1jmatch_run_15_375_329,375.0,329.0,3.06,1.2905261044752578,-3.06,-3.06,Excluded,Excluded
EM11,3.4968383,3.8966549,6.31e-05,0.0005553,2.371126,pptt1jmatch_run_15_375_329,375.0,329.0,3.06,1.2905261044752578,0.7852889410350401,0.8750762081277822,Excluded,Excluded
EM12,-1.0,-1.0,0.0,0.0,2.371126,pptt1jmatch_run_15_375_329,375.0,329.0,3.06,1.2905261044752578,-3.06,-3.06,Excluded,Excluded
IM0,8.5377596,10.8220666,0.0661614,0.0179585,2.201494,pptt1jmatch_run_16_380_330,380.0,330.0,2.85,1.2945754110617609,0.2633508095394645,0.3338112260738754,Excluded,Excluded
IM1,4.8958725,6.1576159,0.046243,0.0151731,2.201494,pptt1jmatch_run_16_380_330,380.0,330.0,2.85,1.2945754110617609,0.46284147083613975,0.5821230025904474,Excluded,Excluded
IM2,3.9009596,5.3504739,0.0290379,0.0121316,2.201494,pptt1jmatch_run_16_380_330,380.0,330.0,2.85,1.2945754110617609,0.5326630973753559,0.7305894682939039,Excluded,Excluded
IM3,3.1405061,4.6121012,0.0181295,0.0096395,2.201494,pptt1jmatch_run_16_380_330,380.0,330.0,2.85,1.2945754110617609,0.6179396063555588,0.9074970432313442,Excluded,Excluded
IM4,2.60198,4.141133,0.0126343,0.0080695,2.201494,pptt1jmatch_run_16_380_330,380.0,330.0,2.85,1.2945754110617609,0.6882174516008059,1.0953197180608614,Excluded,Included
IM5,2.597625,3.9430571,0.0055394,0.0053624,2.201494,pptt1jmatch_run_16_380_330,380.0,330.0,2.85,1.2945754110617609,0.7227894315808919,1.097156056012704,Excluded,Included
IM6,3.8531311,5.6282813,0.001894,0.0031413,2.201494,pptt1jmatch_run_16_380_330,380.0,330.0,2.85,1.2945754110617609,0.5063712789195522,0.7396581964210872,Excluded,Excluded
IM7,4.4010999,5.2018502,0.0008153,0.0020621,2.201494,pptt1jmatch_run_16_380_330,380.0,330.0,2.85,1.2945754110617609,0.5478819824530895,0.6475653960956442,Excluded,Excluded
IM8,7.9939344,8.5370949,0.0002506,0.0011435,2.201494,pptt1jmatch_run_16_380_330,380.0,330.0,2.85,1.2945754110617609,0.33383721668597127,0.3565203137018488,Excluded,Excluded
IM9,20.2794334,19.0159869,6.26e-05,0.0005716,2.201494,pptt1jmatch_run_16_380_330,380.0,330.0,2.85,1.2945754110617609,0.1498738937393778,0.14053647080692108,Excluded,Excluded
IM10,-1.0,-1.0,0.0,0.0,2.201494,pptt1jmatch_run_16_380_330,380.0,330.0,2.85,1.2945754110617609,-2.85,-2.85,Excluded,Excluded
IM11,-1.0,-1.0,0.0,0.0,2.201494,pptt1jmatch_run_16_380_330,380.0,330.0,2.85,1.2945754110617609,-2.85,-2.85,Excluded,Excluded
IM12,-1.0,-1.0,0.0,0.0,2.201494,pptt1jmatch_run_16_380_330,380.0,330.0,2.85,1.2945754110617609,-2.85,-2.85,Excluded,Excluded
EM0,18.4032139,20.646816,0.0199184,0.0100947,2.201494,pptt1jmatch_run_16_380_330,380.0,330.0,2.85,1.2945754110617609,0.1380358114297139,0.15486425444416532,Excluded,Excluded
EM1,7.413513,7.2194485,0.0172051,0.0093949,2.201494,pptt1jmatch_run_16_380_330,380.0,330.0,2.85,1.2945754110617609,0.3947669963986861,0.3844331290711974,Excluded,Excluded
EM2,4.604177,4.5370269,0.0109083,0.0075046,2.201494,pptt1jmatch_run_16_380_330,380.0,330.0,2.85,1.2945754110617609,0.6281646688054682,0.6190031356309716,Excluded,Excluded
EM3,4.2174762,5.0972031,0.0054953,0.0053411,2.201494,pptt1jmatch_run_16_380_330,380.0,330.0,2.85,1.2945754110617609,0.55913016297114,0.6757595929053494,Excluded,Excluded
EM4,2.4715428,3.4668205,0.0070948,0.006064,2.201494,pptt1jmatch_run_16_380_330,380.0,330.0,2.85,1.2945754110617609,0.8220789048639814,1.1531258936725677,Excluded,Included
EM5,1.6806338,2.0538847,0.0036455,0.0043543,2.201494,pptt1jmatch_run_16_380_330,380.0,330.0,2.85,1.2945754110617609,1.3876144069820475,1.6957888149101845,Included,Included
EM6,2.6998655,3.7453776,0.0010787,0.0023717,2.201494,pptt1jmatch_run_16_380_330,380.0,330.0,2.85,1.2945754110617609,0.7609379625701825,1.0556081404795905,Excluded,Included
EM7,2.5399636,3.7145424,0.0005647,0.0017164,2.201494,pptt1jmatch_run_16_380_330,380.0,330.0,2.85,1.2945754110617609,0.7672546691080979,1.122063324057085,Excluded,Included
EM8,4.307796,4.955658,0.000188,0.0009905,2.201494,pptt1jmatch_run_16_380_330,380.0,330.0,2.85,1.2945754110617609,0.5751002187802307,0.6615912174114095,Excluded,Excluded
EM9,7.833621,6.643764,6.26e-05,0.0005716,2.201494,pptt1jmatch_run_16_380_330,380.0,330.0,2.85,1.2945754110617609,0.42897369623604936,0.36381642665633174,Excluded,Excluded
EM10,-1.0,-1.0,0.0,0.0,2.201494,pptt1jmatch_run_16_380_330,380.0,330.0,2.85,1.2945754110617609,-2.85,-2.85,Excluded,Excluded
EM11,-1.0,-1.0,0.0,0.0,2.201494,pptt1jmatch_run_16_380_330,380.0,330.0,2.85,1.2945754110617609,-2.85,-2.85,Excluded,Excluded
EM12,-1.0,-1.0,0.0,0.0,2.201494,pptt1jmatch_run_16_380_330,380.0,330.0,2.85,1.2945754110617609,-2.85,-2.85,Excluded,Excluded
IM0,9.1106427,11.5714806,0.0618409,0.0179208,2.048067,pptt1jmatch_run_17_385_329,385.0,329.0,2.65,1.2939029826660944,0.22901131597628052,0.29086861237572187,Excluded,Excluded
IM1,5.2959179,6.6506422,0.0426774,0.0150387,2.048067,pptt1jmatch_run_17_385_329,385.0,329.0,2.65,1.2939029826660944,0.39845776096630187,0.500385400612045,Excluded,Excluded
IM2,4.1429026,5.6689444,0.0274075,0.0121474,2.048067,pptt1jmatch_run_17_385_329,385.0,329.0,2.65,1.2939029826660944,0.4674591622383878,0.6396481539295661,Excluded,Excluded
IM3,3.3548427,4.9298769,0.0170018,0.0096185,2.048067,pptt1jmatch_run_17_385_329,385.0,329.0,2.65,1.2939029826660944,0.5375387770838659,0.7899029066251005,Excluded,Excluded
IM4,2.905263,4.6321317,0.0113076,0.0078668,2.048067,pptt1jmatch_run_17_385_329,385.0,329.0,2.65,1.2939029826660944,0.5720908151208222,0.912137730732123,Excluded,Excluded
IM5,3.2857943,4.9874089,0.0043899,0.0049187,2.048067,pptt1jmatch_run_17_385_329,385.0,329.0,2.65,1.2939029826660944,0.5313380260439443,0.8065020990510574,Excluded,Excluded
IM6,3.7632691,5.5019356,0.001943,0.0032764,2.048067,pptt1jmatch_run_17_385_329,385.0,329.0,2.65,1.2939029826660944,0.4816486765130438,0.7041749950860543,Excluded,Excluded
IM7,3.9394821,4.6363365,0.0009133,0.0022474,2.048067,pptt1jmatch_run_17_385_329,385.0,329.0,2.65,1.2939029826660944,0.5715719728281154,0.6726772536928141,Excluded,Excluded
IM8,3.6828273,3.932863,0.0005456,0.0017375,2.048067,pptt1jmatch_run_17_385_329,385.0,329.0,2.65,1.2939029826660944,0.6738093851730914,0.719555869481037,Excluded,Excluded
IM9,4.2506956,4.0133536,0.0002977,0.0012835,2.048067,pptt1jmatch_run_17_385_329,385.0,329.0,2.65,1.2939029826660944,0.6602956689388146,0.6234273750395112,Excluded,Excluded
IM10,8.1294754,12.6046185,0.0001144,0.0007959,2.048067,pptt1jmatch_run_17_385_329,385.0,329.0,2.65,1.2939029826660944,0.21024039720043886,0.3259742934950021,Excluded,Excluded
IM11,4.9475304,4.3705223,0.0001144,0.0007959,2.048067,pptt1jmatch_run_17_385_329,385.0,329.0,2.65,1.2939029826660944,0.606334853845729,0.5356207614206878,Excluded,Excluded
IM12,6.6211131,5.2827424,5.26e-05,0.0005398,2.048067,pptt1jmatch_run_17_385_329,385.0,329.0,2.65,1.2939029826660944,0.5016333940492725,0.4002348185231876,Excluded,Excluded
EM0,19.1732289,21.3552598,0.0191634,0.0102004,2.048067,pptt1jmatch_run_17_385_329,385.0,329.0,2.65,1.2939029826660944,0.12409120866794605,0.13821354837108316,Excluded,Excluded
EM1,8.357063,8.1260254,0.0152699,0.0091235,2.048067,pptt1jmatch_run_17_385_329,385.0,329.0,2.65,1.2939029826660944,0.3261126897289787,0.31709704713246745,Excluded,Excluded
EM2,4.7824585,4.7540075,0.0104057,0.00755,2.048067,pptt1jmatch_run_17_385_329,385.0,329.0,2.65,1.2939029826660944,0.5574244466379155,0.5541083106105364,Excluded,Excluded
EM3,4.0566217,4.9212593,0.0056942,0.0055983,2.048067,pptt1jmatch_run_17_385_329,385.0,329.0,2.65,1.2939029826660944,0.5384800593620417,0.6532529271832274,Excluded,Excluded
EM4,2.5274863,3.5635692,0.0069177,0.0061668,2.048067,pptt1jmatch_run_17_385_329,385.0,329.0,2.65,1.2939029826660944,0.7436364642505048,1.048472547605896,Excluded,Included
EM5,2.500537,3.0683041,0.0024468,0.0036758,2.048067,pptt1jmatch_run_17_385_329,385.0,329.0,2.65,1.2939029826660944,0.8636692823243953,1.0597723608968792,Excluded,Included
EM6,2.8186716,3.9165575,0.0010298,0.0023863,2.048067,pptt1jmatch_run_17_385_329,385.0,329.0,2.65,1.2939029826660944,0.6766146035134171,0.9401591870439961,Excluded,Excluded
EM7,3.9124128,5.6890967,0.0003676,0.0014263,2.048067,pptt1jmatch_run_17_385_329,385.0,329.0,2.65,1.2939029826660944,0.46580329703307727,0.6773313899801167,Excluded,Excluded
EM8,3.2677679,3.7529348,0.000248,0.0011715,2.048067,pptt1jmatch_run_17_385_329,385.0,329.0,2.65,1.2939029826660944,0.7061140523944088,0.8109511082473146,Excluded,Excluded
EM9,2.6631127,2.2758982,0.0001832,0.001007,2.048067,pptt1jmatch_run_17_385_329,385.0,329.0,2.65,1.2939029826660944,1.1643754540515037,0.9950761753342244,Included,Excluded
EM10,-1.0,-1.0,0.0,0.0,2.048067,pptt1jmatch_run_17_385_329,385.0,329.0,2.65,1.2939029826660944,-2.65,-2.65,Excluded,Excluded
EM11,3.5400666,3.9748179,6.18e-05,0.0005848,2.048067,pptt1jmatch_run_17_385_329,385.0,329.0,2.65,1.2939029826660944,0.666697208946352,0.7485734872897589,Excluded,Excluded
EM12,4.8318297,3.8949179,5.26e-05,0.0005398,2.048067,pptt1jmatch_run_17_385_329,385.0,329.0,2.65,1.2939029826660944,0.6803737762996237,0.548446481878283,Excluded,Excluded
IM0,9.1746617,11.6775528,0.0613321,0.0185747,1.89966,pptt1jmatch_run_18_390_330,390.0,330.0,2.47,1.3002326732152072,0.2115169198806791,0.26921973591680226,Excluded,Excluded
IM1,5.2893387,6.6639559,0.0426438,0.0156418,1.89966,pptt1jmatch_run_18_390_330,390.0,330.0,2.47,1.3002326732152072,0.37065071213931655,0.466977091105926,Excluded,Excluded
IM2,3.9803624,5.4666516,0.0284638,0.0128736,1.89966,pptt1jmatch_run_18_390_330,390.0,330.0,2.47,1.3002326732152072,0.45183051358165943,0.6205465110413062,Excluded,Excluded
IM3,3.080305,4.5532634,0.0184539,0.0104189,1.89966,pptt1jmatch_run_18_390_330,390.0,330.0,2.47,1.3002326732152072,0.5424680680673999,0.8018686461243286,Excluded,Excluded
IM4,2.6981005,4.2829629,0.0122023,0.0084992,1.89966,pptt1jmatch_run_18_390_330,390.0,330.0,2.47,1.3002326732152072,0.5767035712590459,0.9154588570737081,Excluded,Excluded
IM5,2.7834725,4.2258551,0.0051771,0.0055557,1.89966,pptt1jmatch_run_18_390_330,390.0,330.0,2.47,1.3002326732152072,0.5844970879384861,0.8873807806615659,Excluded,Excluded
IM6,3.4855419,5.1029576,0.0020903,0.0035356,1.89966,pptt1jmatch_run_18_390_330,390.0,330.0,2.47,1.3002326732152072,0.48403302429947687,0.7086416031894496,Excluded,Excluded
IM7,3.1852706,3.7608544,0.0011258,0.002596,1.89966,pptt1jmatch_run_18_390_330,390.0,330.0,2.47,1.3002326732152072,0.6567656541024296,0.7754443217477348,Excluded,Excluded
IM8,3.5732666,3.8098726,0.0005628,0.001836,1.89966,pptt1jmatch_run_18_390_330,390.0,330.0,2.47,1.3002326732152072,0.6483156418406223,0.691244252527925,Excluded,Excluded
IM9,2.8829885,2.7201493,0.000439,0.0016216,1.89966,pptt1jmatch_run_18_390_330,390.0,330.0,2.47,1.3002326732152072,0.9080383933337777,0.8567498621655966,Excluded,Excluded
IM10,4.9028787,7.5673755,0.0001905,0.0010684,1.89966,pptt1jmatch_run_18_390_330,390.0,330.0,2.47,1.3002326732152072,0.3264011413203957,0.5037856637162981,Excluded,Excluded
IM11,4.5795029,4.0496358,0.0001237,0.0008611,1.89966,pptt1jmatch_run_18_390_330,390.0,330.0,2.47,1.3002326732152072,0.6099313918550404,0.5393598506073662,Excluded,Excluded
IM12,2.8025406,2.2414886,0.0001237,0.0008611,1.89966,pptt1jmatch_run_18_390_330,390.0,330.0,2.47,1.3002326732152072,1.1019462690999189,0.8813431641275777,Included,Excluded
EM0,19.6247235,21.9336989,0.0186883,0.0104836,1.89966,pptt1jmatch_run_18_390_330,390.0,330.0,2.47,1.3002326732152072,0.11261210483745632,0.12586164589783902,Excluded,Excluded
EM1,8.9963765,8.8051322,0.0141799,0.0091529,1.89966,pptt1jmatch_run_18_390_330,390.0,330.0,2.47,1.3002326732152072,0.2805182186816003,0.2745549833313446,Excluded,Excluded
EM2,4.9889488,4.9477687,0.0100099,0.0077064,1.89966,pptt1jmatch_run_18_390_330,390.0,330.0,2.47,1.3002326732152072,0.4992149289436267,0.4950942771751837,Excluded,Excluded
EM3,3.7058659,4.4849875,0.0062516,0.0061018,1.89966,pptt1jmatch_run_18_390_330,390.0,330.0,2.47,1.3002326732152072,0.5507261725924544,0.6665108956047223,Excluded,Excluded
EM4,2.497095,3.5078132,0.0070252,0.0064658,1.89966,pptt1jmatch_run_18_390_330,390.0,330.0,2.47,1.3002326732152072,0.7041423984606706,0.9891493915930313,Excluded,Excluded
EM5,1.9776629,2.433204,0.0030869,0.0042945,1.89966,pptt1jmatch_run_18_390_330,390.0,330.0,2.47,1.3002326732152072,1.0151224476040646,1.2489489487819185,Included,Included
EM6,3.0097658,4.1820795,0.0009645,0.002403,1.89966,pptt1jmatch_run_18_390_330,390.0,330.0,2.47,1.3002326732152072,0.5906152668785947,0.82066186013543,Excluded,Excluded
EM7,2.5609202,3.727411,0.000563,0.0018363,1.89966,pptt1jmatch_run_18_390_330,390.0,330.0,2.47,1.3002326732152072,0.6626583438209525,0.9644970585182624,Excluded,Excluded
EM8,6.5582811,7.4871715,0.0001238,0.0008614,1.89966,pptt1jmatch_run_18_390_330,390.0,330.0,2.47,1.3002326732152072,0.32989761220241853,0.3766230758239381,Excluded,Excluded
EM9,1.9780679,1.6631372,0.0002485,0.0012202,1.89966,pptt1jmatch_run_18_390_330,390.0,330.0,2.47,1.3002326732152072,1.4851450619948854,1.2486932324213946,Included,Included
EM10,4.7077114,-1.0,6.68e-05,0.0006325,1.89966,pptt1jmatch_run_18_390_330,390.0,330.0,2.47,1.3002326732152072,-2.47,0.524671074781687,Excluded,Excluded
EM11,-1.0,-1.0,0.0,0.0,1.89966,pptt1jmatch_run_18_390_330,390.0,330.0,2.47,1.3002326732152072,-2.47,-2.47,Excluded,Excluded
EM12,2.0615343,1.6529889,0.0001237,0.0008611,1.89966,pptt1jmatch_run_18_390_330,390.0,330.0,2.47,1.3002326732152072,1.49426290763356,1.1981367469850006,Included,Included
IM0,-1.0,12.6179604,0.0566713,0.0191723,1.647812,pptt1jmatch_run_19_400_330,400.0,330.0,2.15,1.3047604945224334,0.17039203895425128,-2.15,Excluded,Excluded
IM1,5.6244508,7.0632664,0.0402059,0.016289,1.647812,pptt1jmatch_run_19_400_330,400.0,330.0,2.15,1.3047604945224334,0.3043917471384061,0.38225954434520076,Excluded,Excluded
IM2,4.2974727,5.9207117,0.0262842,0.0132655,1.647812,pptt1jmatch_run_19_400_330,400.0,330.0,2.15,1.3047604945224334,0.36313202009143597,0.5002940449162132,Excluded,Excluded
IM3,3.4920378,5.1734986,0.0162424,0.0104817,1.647812,pptt1jmatch_run_19_400_330,400.0,330.0,2.15,1.3047604945224334,0.4155795074536214,0.6156863479541945,Excluded,Excluded
IM4,3.1561887,5.0248495,0.0104103,0.0084163,1.647812,pptt1jmatch_run_19_400_330,400.0,330.0,2.15,1.3047604945224334,0.4278735114355166,0.6812013489561001,Excluded,Excluded
IM5,3.6075299,5.4764618,0.0039792,0.0052203,1.647812,pptt1jmatch_run_19_400_330,400.0,330.0,2.15,1.3047604945224334,0.3925892443913331,0.5959756563625432,Excluded,Excluded
IM6,4.133262,6.0586449,0.0017613,0.0034769,1.647812,pptt1jmatch_run_19_400_330,400.0,330.0,2.15,1.3047604945224334,0.3548648312430392,0.5201702674546157,Excluded,Excluded
IM7,3.882842,4.5671564,0.0009251,0.0025209,1.647812,pptt1jmatch_run_19_400_330,400.0,330.0,2.15,1.3047604945224334,0.4707524358044756,0.5537181270832034,Excluded,Excluded
IM8,4.6453208,4.9395592,0.000433,0.001725,1.647812,pptt1jmatch_run_19_400_330,400.0,330.0,2.15,1.3047604945224334,0.43526151078420117,0.4628313291086376,Excluded,Excluded
IM9,5.0002822,4.7203056,0.0002528,0.0013181,1.647812,pptt1jmatch_run_19_400_330,400.0,330.0,2.15,1.3047604945224334,0.4554789842420372,0.42997573216967633,Excluded,Excluded
IM10,4.884732,7.5603528,0.0001907,0.0011451,1.647812,pptt1jmatch_run_19_400_330,400.0,330.0,2.15,1.3047604945224334,0.28437826340590877,0.44014697223921395,Excluded,Excluded
IM11,2.9552938,2.6522299,0.0001907,0.0011451,1.647812,pptt1jmatch_run_19_400_330,400.0,330.0,2.15,1.3047604945224334,0.8106386252564304,0.7275080399789692,Excluded,Excluded
IM12,2.7506397,2.1991708,0.0001267,0.0009332,1.647812,pptt1jmatch_run_19_400_330,400.0,330.0,2.15,1.3047604945224334,0.9776412091320964,0.7816363589895107,Excluded,Excluded
EM0,22.4019992,25.0798657,0.0164654,0.0105522,1.647812,pptt1jmatch_run_19_400_330,400.0,330.0,2.15,1.3047604945224334,0.08572613688278242,0.09597357721537639,Excluded,Excluded
EM1,9.1200578,8.9169638,0.0139218,0.0097155,1.647812,pptt1jmatch_run_19_400_330,400.0,330.0,2.15,1.3047604945224334,0.24111346061537225,0.23574411995502922,Excluded,Excluded
EM2,4.9484998,4.9160326,0.0100418,0.0082675,1.647812,pptt1jmatch_run_19_400_330,400.0,330.0,2.15,1.3047604945224334,0.4373445367306962,0.4344751110225366,Excluded,Excluded
EM3,3.9822328,4.8092457,0.005832,0.006314,1.647812,pptt1jmatch_run_19_400_330,400.0,330.0,2.15,1.3047604945224334,0.44705555384704093,0.5398981194670487,Excluded,Excluded
EM4,2.724021,3.8419348,0.0064311,0.0066283,1.647812,pptt1jmatch_run_19_400_330,400.0,330.0,2.15,1.3047604945224334,0.5596138695534343,0.7892743851827867,Excluded,Excluded
EM5,2.7685691,3.3879602,0.0022179,0.0039008,1.647812,pptt1jmatch_run_19_400_330,400.0,330.0,2.15,1.3047604945224334,0.634600134913037,0.7765744405657059,Excluded,Excluded
EM6,3.4854822,4.8198229,0.0008362,0.0023968,1.647812,pptt1jmatch_run_19_400_330,400.0,330.0,2.15,1.3047604945224334,0.44607448128436417,0.6168443493987719,Excluded,Excluded
EM7,2.9160308,4.2627541,0.0004921,0.001839,1.647812,pptt1jmatch_run_19_400_330,400.0,330.0,2.15,1.3047604945224334,0.5043687600933865,0.7373035977534942,Excluded,Excluded
EM8,4.4913685,5.1641778,0.0001802,0.0011131,1.647812,pptt1jmatch_run_19_400_330,400.0,330.0,2.15,1.3047604945224334,0.4163295849341206,0.478695969836365,Excluded,Excluded
EM9,7.8894268,6.6923558,6.2e-05,0.000653,1.647812,pptt1jmatch_run_19_400_330,400.0,330.0,2.15,1.3047604945224334,0.32126205842193867,0.27251662947173805,Excluded,Excluded
EM10,-1.0,-1.0,0.0,0.0,1.647812,pptt1jmatch_run_19_400_330,400.0,330.0,2.15,1.3047604945224334,-2.15,-2.15,Excluded,Excluded
EM11,3.4147021,3.8638795,6.41e-05,0.0006637,1.647812,pptt1jmatch_run_19_400_330,400.0,330.0,2.15,1.3047604945224334,0.5564355720720586,0.6296303270496129,Excluded,Excluded
EM12,2.0173568,1.5994578,0.0001267,0.0009332,1.647812,pptt1jmatch_run_19_400_330,400.0,330.0,2.15,1.3047604945224334,1.3442055176447918,1.0657509866375645,Included,Included
IM0,5.7982533,7.3505739,0.0974962,0.0207104,2.370479,pptt1jmatch_run_20_375_349,375.0,349.0,3.06,1.2908783414660074,0.4162940256950549,0.5277451400752017,Excluded,Excluded
IM1,3.1063978,3.9151644,0.0725408,0.0181096,2.370479,pptt1jmatch_run_20_375_349,375.0,349.0,3.06,1.2908783414660074,0.7815763751836321,0.9850637931819293,Excluded,Excluded
IM2,2.3176117,3.1731411,0.0489916,0.0150704,2.370479,pptt1jmatch_run_20_375_349,375.0,349.0,3.06,1.2908783414660074,0.9643441320652271,1.3203247118574695,Excluded,Included
IM3,1.6810684,2.4835501,0.0338159,0.0126201,2.370479,pptt1jmatch_run_20_375_349,375.0,349.0,3.06,1.2908783414660074,1.2321072161982962,1.8202709657739091,Included,Included
IM4,1.501945,2.3932499,0.0218735,0.0102124,2.370479,pptt1jmatch_run_20_375_349,375.0,349.0,3.06,1.2908783414660074,1.278596104819643,2.0373582255009337,Included,Included
IM5,1.5614469,2.3645968,0.0092185,0.0066725,2.370479,pptt1jmatch_run_20_375_349,375.0,349.0,3.06,1.2908783414660074,1.2940895462600641,1.9597208204774688,Included,Included
IM6,1.5546844,2.2779909,0.0046625,0.0047563,2.370479,pptt1jmatch_run_20_375_349,375.0,349.0,3.06,1.2908783414660074,1.343288948169196,1.9682451306515973,Included,Included
IM7,1.6246757,1.9240463,0.0022083,0.0032773,2.370479,pptt1jmatch_run_20_375_349,375.0,349.0,3.06,1.2908783414660074,1.5903983183772656,1.883452802303869,Included,Included
IM8,1.7491715,1.8709394,0.0011483,0.0023645,2.370479,pptt1jmatch_run_20_375_349,375.0,349.0,3.06,1.2908783414660074,1.6355420170209682,1.7493996443459088,Included,Included
IM9,1.7924885,1.6843093,0.0007075,0.0018564,2.370479,pptt1jmatch_run_20_375_349,375.0,349.0,3.06,1.2908783414660074,1.8167684522076795,1.707123922970775,Included,Included
IM10,2.0756776,3.2018183,0.0004497,0.0014802,2.370479,pptt1jmatch_run_20_375_349,375.0,349.0,3.06,1.2908783414660074,0.9557069493918503,1.4742173832776342,Excluded,Included
IM11,2.2007111,1.954881,0.0002572,0.0011196,2.370479,pptt1jmatch_run_20_375_349,375.0,349.0,3.06,1.2908783414660074,1.5653126712060734,1.390459656426507,Included,Included
IM12,2.6988216,2.1478711,0.0001297,0.000795,2.370479,pptt1jmatch_run_20_375_349,375.0,349.0,3.06,1.2908783414660074,1.4246664988415738,1.1338281863462187,Included,Included
EM0,14.6487111,16.4675519,0.0249554,0.0108909,2.370479,pptt1jmatch_run_20_375_349,375.0,349.0,3.06,1.2908783414660074,0.1858199699980906,0.20889209836352088,Excluded,Excluded
EM1,5.4173966,5.2836157,0.0235493,0.0105873,2.370479,pptt1jmatch_run_20_375_349,375.0,349.0,3.06,1.2908783414660074,0.5791488582335766,0.5648469598847535,Excluded,Excluded
EM2,3.2949926,3.2674602,0.0151757,0.0085354,2.370479,pptt1jmatch_run_20_375_349,375.0,349.0,3.06,1.2908783414660074,0.9365071990777425,0.9286819035648214,Excluded,Excluded
EM3,1.9404713,2.3489137,0.0119424,0.0075842,2.370479,pptt1jmatch_run_20_375_349,375.0,349.0,3.06,1.2908783414660074,1.3027298533786065,1.5769364896043554,Included,Included
EM4,1.3819727,1.9453934,0.012655,0.0078043,2.370479,pptt1jmatch_run_20_375_349,375.0,349.0,3.06,1.2908783414660074,1.5729466338273792,2.214226084205571,Included,Included
EM5,1.3528915,1.6419369,0.004556,0.0047019,2.370479,pptt1jmatch_run_20_375_349,375.0,349.0,3.06,1.2908783414660074,1.8636526166139515,2.2618221786447767,Included,Included
EM6,1.1847294,1.6427968,0.0024542,0.0034546,2.370479,pptt1jmatch_run_20_375_349,375.0,349.0,3.06,1.2908783414660074,1.8626771125923791,2.5828682904298654,Included,Included
EM7,1.353067,1.9825853,0.00106,0.0022719,2.370479,pptt1jmatch_run_20_375_349,375.0,349.0,3.06,1.2908783414660074,1.5434392658918636,2.2615288082556146,Included,Included
EM8,1.8486356,2.1065866,0.0004408,0.0014655,2.370479,pptt1jmatch_run_20_375_349,375.0,349.0,3.06,1.2908783414660074,1.4525868530636243,1.6552748416183265,Included,Included
EM9,1.8976153,1.6048028,0.0002578,0.0011209,2.370479,pptt1jmatch_run_20_375_349,375.0,349.0,3.06,1.2908783414660074,1.9067763341389983,1.6125502360778816,Included,Included
EM10,1.6236135,3.4643488,0.0001924,0.0009684,2.370479,pptt1jmatch_run_20_375_349,375.0,349.0,3.06,1.2908783414660074,0.8832828842176631,1.884684994304371,Excluded,Included
EM11,1.717227,1.934882,0.0001276,0.0007885,2.370479,pptt1jmatch_run_20_375_349,375.0,349.0,3.06,1.2908783414660074,1.5814917912306798,1.7819426319292673,Included,Included
EM12,1.9672413,1.5734575,0.0001297,0.000795,2.370479,pptt1jmatch_run_20_375_349,375.0,349.0,3.06,1.2908783414660074,1.9447617746268966,1.5554777138930542,Included,Included
IM0,5.9714583,7.590073,0.0947813,0.0212258,2.199363,pptt1jmatch_run_21_380_349,380.0,349.0,2.85,1.2958297470676738,0.37549045970967604,0.4772703511971272,Excluded,Excluded
IM1,3.2007614,4.0337727,0.0707785,0.0185839,2.199363,pptt1jmatch_run_21_380_349,380.0,349.0,2.85,1.2958297470676738,0.7065346046890545,0.890413137324138,Excluded,Excluded
IM2,2.337907,3.1930216,0.0488314,0.0156173,2.199363,pptt1jmatch_run_21_380_349,380.0,349.0,2.85,1.2958297470676738,0.8925714752446399,1.2190390806819946,Excluded,Included
IM3,1.7451393,2.5894926,0.0324663,0.0128433,2.199363,pptt1jmatch_run_21_380_349,380.0,349.0,2.85,1.2958297470676738,1.100601716336243,1.6331074545166682,Included,Included
IM4,1.4636049,2.3243434,0.0225002,0.0107468,2.199363,pptt1jmatch_run_21_380_349,380.0,349.0,2.85,1.2958297470676738,1.2261527276907533,1.9472468287035662,Included,Included
IM5,1.4421217,2.1784061,0.0100224,0.0072181,2.199363,pptt1jmatch_run_21_380_349,380.0,349.0,2.85,1.2958297470676738,1.3082960059650952,1.97625484728508,Included,Included
IM6,1.4429754,2.1084885,0.0050442,0.0051336,2.199363,pptt1jmatch_run_21_380_349,380.0,349.0,2.85,1.2958297470676738,1.351679176813153,1.9750856459507211,Included,Included
IM7,1.3547874,1.5945772,0.0026572,0.0037304,2.199363,pptt1jmatch_run_21_380_349,380.0,349.0,2.85,1.2958297470676738,1.7873076323930883,2.103651096843682,Included,Included
IM8,1.3148503,1.4018527,0.0015268,0.0028293,2.199363,pptt1jmatch_run_21_380_349,380.0,349.0,2.85,1.2958297470676738,2.033023869055572,2.167547134453253,Included,Included
IM9,1.3956567,1.3199485,0.000905,0.002179,2.199363,pptt1jmatch_run_21_380_349,380.0,349.0,2.85,1.2958297470676738,2.15917514963652,2.0420494524190658,Included,Included
IM10,4.7858985,7.4188653,0.0001948,0.0010112,2.199363,pptt1jmatch_run_21_380_349,380.0,349.0,2.85,1.2958297470676738,0.38415578188217003,0.595499465774295,Excluded,Excluded
IM11,2.8913048,2.5867292,0.0001948,0.0010112,2.199363,pptt1jmatch_run_21_380_349,380.0,349.0,2.85,1.2958297470676738,1.1017774879566056,0.9857141315574892,Included,Excluded
IM12,-1.0,-1.0,0.0,0.0,2.199363,pptt1jmatch_run_21_380_349,380.0,349.0,2.85,1.2958297470676738,-2.85,-2.85,Excluded,Excluded
EM0,15.2797943,17.1491055,0.0240029,0.0110913,2.199363,pptt1jmatch_run_21_380_349,380.0,349.0,2.85,1.2958297470676738,0.16618942603157932,0.18652083555863053,Excluded,Excluded
EM1,5.8408679,5.6464569,0.021947,0.0106168,2.199363,pptt1jmatch_run_21_380_349,380.0,349.0,2.85,1.2958297470676738,0.504741300690704,0.48794118422024235,Excluded,Excluded
EM2,3.0560718,3.0376144,0.0163652,0.009194,2.199363,pptt1jmatch_run_21_380_349,380.0,349.0,2.85,1.2958297470676738,0.9382362685665436,0.9325697125309688,Excluded,Excluded
EM3,2.3275131,2.8099786,0.0099661,0.007198,2.199363,pptt1jmatch_run_21_380_349,380.0,349.0,2.85,1.2958297470676738,1.0142425995699753,1.2244829040919254,Included,Included
EM4,1.4076993,1.976237,0.0124778,0.008044,2.199363,pptt1jmatch_run_21_380_349,380.0,349.0,2.85,1.2958297470676738,1.4421347237198778,2.024580107413565,Included,Included
EM5,1.2390118,1.4991555,0.0049782,0.0051001,2.199363,pptt1jmatch_run_21_380_349,380.0,349.0,2.85,1.2958297470676738,1.9010703025803526,2.30022022389133,Included,Included
EM6,1.2162253,1.6954302,0.002387,0.0035362,2.199363,pptt1jmatch_run_21_380_349,380.0,349.0,2.85,1.2958297470676738,1.6809892851973498,2.3433158313677573,Included,Included
EM7,1.268349,1.8590701,0.0011304,0.002435,2.199363,pptt1jmatch_run_21_380_349,380.0,349.0,2.85,1.2958297470676738,1.5330244943426286,2.2470156084800004,Included,Included
EM8,1.2981597,1.4987095,0.0006218,0.0018064,2.199363,pptt1jmatch_run_21_380_349,380.0,349.0,2.85,1.2958297470676738,1.901636040873832,2.1954155563448783,Included,Included
EM9,0.6878276,0.5864061,0.0007103,0.0019306,2.199363,pptt1jmatch_run_21_380_349,380.0,349.0,2.85,1.2958297470676738,4.860113153666035,4.143480139500072,Included,Included
EM10,-1.0,-1.0,0.0,0.0,2.199363,pptt1jmatch_run_21_380_349,380.0,349.0,2.85,1.2958297470676738,-2.85,-2.85,Excluded,Excluded
EM11,1.128156,1.2687489,0.0001948,0.0010112,2.199363,pptt1jmatch_run_21_380_349,380.0,349.0,2.85,1.2958297470676738,2.246307366256633,2.5262463701828475,Included,Included
EM12,-1.0,-1.0,0.0,0.0,2.199363,pptt1jmatch_run_21_380_349,380.0,349.0,2.85,1.2958297470676738,-2.85,-2.85,Excluded,Excluded
IM0,6.3284507,8.0139568,0.089407,0.0211032,2.104403,pptt1jmatch_run_22_383_349,383.0,349.0,2.73,1.2972800361907866,0.3406556920795979,0.43138520459675855,Excluded,Excluded
IM1,3.5609915,4.4576171,0.0638519,0.0180826,2.104403,pptt1jmatch_run_22_383_349,383.0,349.0,2.73,1.2972800361907866,0.6124348365408055,0.7666404146148622,Excluded,Excluded
IM2,2.6280844,3.6240774,0.0430435,0.0150107,2.104403,pptt1jmatch_run_22_383_349,383.0,349.0,2.73,1.2972800361907866,0.7532951696892566,1.0387794242833297,Excluded,Included
IM3,1.9679757,2.8887348,0.0290017,0.0124114,2.104403,pptt1jmatch_run_22_383_349,383.0,349.0,2.73,1.2972800361907866,0.9450504075348142,1.3872122506390703,Excluded,Included
IM4,1.6768434,2.6773954,0.0195401,0.0102372,2.104403,pptt1jmatch_run_22_383_349,383.0,349.0,2.73,1.2972800361907866,1.0196476769923486,1.628059006583441,Included,Included
IM5,1.5288071,2.3096914,0.0094799,0.007167,2.104403,pptt1jmatch_run_22_383_349,383.0,349.0,2.73,1.2972800361907866,1.1819760856363755,1.7857059926003744,Included,Included
IM6,1.5938839,2.3287842,0.0045821,0.004995,2.104403,pptt1jmatch_run_22_383_349,383.0,349.0,2.73,1.2972800361907866,1.1722855213462888,1.712797274632111,Included,Included
IM7,1.6761215,1.9800355,0.0021392,0.0034171,2.104403,pptt1jmatch_run_22_383_349,383.0,349.0,2.73,1.2972800361907866,1.3787631585393292,1.6287602062261,Included,Included
IM8,2.4722541,2.6379068,0.0008113,0.0021058,2.104403,pptt1jmatch_run_22_383_349,383.0,349.0,2.73,1.2972800361907866,1.0349114684415688,1.104255424230058,Included,Included
IM9,2.5062088,2.3747036,0.0005034,0.0016591,2.104403,pptt1jmatch_run_22_383_349,383.0,349.0,2.73,1.2972800361907866,1.1496171564316489,1.089294714789925,Included,Included
IM10,2.4788196,3.8230894,0.0003768,0.0014355,2.104403,pptt1jmatch_run_22_383_349,383.0,349.0,2.73,1.2972800361907866,0.7140821765768804,1.1013306494752584,Excluded,Included
IM11,2.282927,2.0360515,0.0002467,0.0011616,2.104403,pptt1jmatch_run_22_383_349,383.0,349.0,2.73,1.2972800361907866,1.3408305241787841,1.19583324390136,Included,Included
IM12,1.4142405,1.1268744,0.0002467,0.0011616,2.104403,pptt1jmatch_run_22_383_349,383.0,349.0,2.73,1.2972800361907866,2.4226302416666847,1.9303647434789202,Included,Included
EM0,14.3826321,16.0780392,0.025555,0.0116713,2.104403,pptt1jmatch_run_22_383_349,383.0,349.0,2.73,1.2972800361907866,0.1697968244784476,0.18981226669908355,Excluded,Excluded
EM1,6.1125287,5.9926386,0.0208085,0.0105573,2.104403,pptt1jmatch_run_22_383_349,383.0,349.0,2.73,1.2972800361907866,0.45555892524538355,0.4466236698406013,Excluded,Excluded
EM2,3.5737251,3.5309059,0.0140418,0.0087025,2.104403,pptt1jmatch_run_22_383_349,383.0,349.0,2.73,1.2972800361907866,0.773172686363576,0.7639087852616308,Excluded,Excluded
EM3,2.4498118,2.9668182,0.0094616,0.0071601,2.104403,pptt1jmatch_run_22_383_349,383.0,349.0,2.73,1.2972800361907866,0.9201777176639944,1.1143713161966156,Excluded,Included
EM4,1.7450432,2.451146,0.0100602,0.0073809,2.104403,pptt1jmatch_run_22_383_349,383.0,349.0,2.73,1.2972800361907866,1.1137647451437,1.5644311842824292,Included,Included
EM5,1.2530632,1.5306112,0.0048978,0.0051634,2.104403,pptt1jmatch_run_22_383_349,383.0,349.0,2.73,1.2972800361907866,1.7836012176050977,2.178661060351944,Included,Included
EM6,1.1869718,1.6532153,0.0024429,0.0036511,2.104403,pptt1jmatch_run_22_383_349,383.0,349.0,2.73,1.2972800361907866,1.6513275675588048,2.299970395252861,Included,Included
EM7,1.0890243,1.5770665,0.0013279,0.0026933,2.104403,pptt1jmatch_run_22_383_349,383.0,349.0,2.73,1.2972800361907866,1.7310620699888053,2.506831114787797,Included,Included
EM8,2.6492772,3.022021,0.0003079,0.0012976,2.104403,pptt1jmatch_run_22_383_349,383.0,349.0,2.73,1.2972800361907866,0.9033689706325667,1.030469744728864,Excluded,Included
EM9,3.8574083,3.2874803,0.0001266,0.0008321,2.104403,pptt1jmatch_run_22_383_349,383.0,349.0,2.73,1.2972800361907866,0.8304232271749279,0.7077290729114676,Excluded,Excluded
EM10,2.4072052,5.1334253,0.0001301,0.0008436,2.104403,pptt1jmatch_run_22_383_349,383.0,349.0,2.73,1.2972800361907866,0.5318086541553454,1.1340952570225422,Excluded,Included
EM11,-1.0,-1.0,0.0,0.0,2.104403,pptt1jmatch_run_22_383_349,383.0,349.0,2.73,1.2972800361907866,-2.73,-2.73,Excluded,Excluded
EM12,1.0351796,0.8274494,0.0002467,0.0011616,2.104403,pptt1jmatch_run_22_383_349,383.0,349.0,2.73,1.2972800361907866,3.2992954010239175,2.637223531066493,Included,Included
IM0,6.4612134,8.1929361,0.0873524,0.0212454,2.019424,pptt1jmatch_run_23_386_349,386.0,349.0,2.614,1.2944285103078899,0.3190553384152477,0.4045679717063671,Excluded,Excluded
IM1,3.5372158,4.4280447,0.0640336,0.0184209,2.019424,pptt1jmatch_run_23_386_349,386.0,349.0,2.614,1.2944285103078899,0.590328277399729,0.7389992999578935,Excluded,Excluded
IM2,2.6116302,3.5978386,0.0433501,0.0153232,2.019424,pptt1jmatch_run_23_386_349,386.0,349.0,2.614,1.2944285103078899,0.7265473220505222,1.000907402587089,Excluded,Included
IM3,1.9854371,2.9324384,0.0287359,0.0125707,2.019424,pptt1jmatch_run_23_386_349,386.0,349.0,2.614,1.2944285103078899,0.8914083242123687,1.3165866599349836,Excluded,Included
IM4,1.6597615,2.6554954,0.019698,0.0104561,2.019424,pptt1jmatch_run_23_386_349,386.0,349.0,2.614,1.2944285103078899,0.9843737631780496,1.574925072066077,Excluded,Included
IM5,1.5174025,2.3058746,0.0095003,0.0072991,2.019424,pptt1jmatch_run_23_386_349,386.0,349.0,2.614,1.2944285103078899,1.1336262605087024,1.7226806994189083,Included,Included
IM6,1.4302534,2.0867143,0.0051006,0.0053601,2.019424,pptt1jmatch_run_23_386_349,386.0,349.0,2.614,1.2944285103078899,1.2526870592682475,1.8276481636051345,Included,Included
IM7,1.6649857,1.9554322,0.0021601,0.0034934,2.019424,pptt1jmatch_run_23_386_349,386.0,349.0,2.614,1.2944285103078899,1.3367888694888015,1.5699834539119466,Included,Included
IM8,1.6418164,1.7629851,0.0012218,0.0026286,2.019424,pptt1jmatch_run_23_386_349,386.0,349.0,2.614,1.2944285103078899,1.4827124744276057,1.5921390479471396,Included,Included
IM9,1.8619214,1.7501993,0.0006813,0.0019634,2.019424,pptt1jmatch_run_23_386_349,386.0,349.0,2.614,1.2944285103078899,1.4935441923671207,1.403926073356265,Included,Included
IM10,2.9671993,4.583183,0.0003143,0.0013339,2.019424,pptt1jmatch_run_23_386_349,386.0,349.0,2.614,1.2944285103078899,0.5703459800754191,0.880965427566662,Excluded,Excluded
IM11,1.7877253,1.6031411,0.0003143,0.0013339,2.019424,pptt1jmatch_run_23_386_349,386.0,349.0,2.614,1.2944285103078899,1.6305489267289073,1.4621933246679453,Included,Included
IM12,2.7759708,2.2017589,0.000126,0.0008447,2.019424,pptt1jmatch_run_23_386_349,386.0,349.0,2.614,1.2944285103078899,1.1872326256975727,0.9416525562876957,Included,Excluded
EM0,15.7881324,17.5400091,0.0233188,0.0113555,2.019424,pptt1jmatch_run_23_386_349,386.0,349.0,2.614,1.2944285103078899,0.14903070945385086,0.1655673979526546,Excluded,Excluded
EM1,6.1584072,6.0193668,0.0206835,0.010709,2.019424,pptt1jmatch_run_23_386_349,386.0,349.0,2.614,1.2944285103078899,0.43426494627308637,0.4244604026833432,Excluded,Excluded
EM2,3.42545,3.3991906,0.0146141,0.0090296,2.019424,pptt1jmatch_run_23_386_349,386.0,349.0,2.614,1.2944285103078899,0.7690065982178228,0.7631114160183333,Excluded,Excluded
EM3,2.5779108,3.1069911,0.0090379,0.007121,2.019424,pptt1jmatch_run_23_386_349,386.0,349.0,2.614,1.2944285103078899,0.8413284479636906,1.0139993982724305,Excluded,Included
EM4,1.7133875,2.4211218,0.0101977,0.0075597,2.019424,pptt1jmatch_run_23_386_349,386.0,349.0,2.614,1.2944285103078899,1.0796648066198073,1.5256327013007855,Included,Included
EM5,1.4003932,1.70116,0.0043997,0.00498,2.019424,pptt1jmatch_run_23_386_349,386.0,349.0,2.614,1.2944285103078899,1.5365985562792446,1.8666186039749408,Included,Included
EM6,0.9942429,1.3737966,0.0029405,0.0040742,2.019424,pptt1jmatch_run_23_386_349,386.0,349.0,2.614,1.2944285103078899,1.9027562013183028,2.6291362000171183,Included,Included
EM7,1.528922,2.2403066,0.0009382,0.0023037,2.019424,pptt1jmatch_run_23_386_349,386.0,349.0,2.614,1.2944285103078899,1.166804579337489,1.7097013451307523,Included,Included
EM8,1.4966293,1.7152335,0.0005405,0.0017489,2.019424,pptt1jmatch_run_23_386_349,386.0,349.0,2.614,1.2944285103078899,1.523990756943588,1.7465914906249664,Included,Included
EM9,1.3309466,1.136971,0.000367,0.0014412,2.019424,pptt1jmatch_run_23_386_349,386.0,349.0,2.614,1.2944285103078899,2.299091181745181,1.964015686279224,Included,Included
EM10,-1.0,-1.0,0.0,0.0,2.019424,pptt1jmatch_run_23_386_349,386.0,349.0,2.614,1.2944285103078899,-2.614,-2.614,Excluded,Excluded
EM11,1.1655062,1.3076231,0.0001883,0.0010324,2.019424,pptt1jmatch_run_23_386_349,386.0,349.0,2.614,1.2944285103078899,1.999046973091864,2.242802311991133,Included,Included
EM12,2.0103838,1.6113821,0.000126,0.0008447,2.019424,pptt1jmatch_run_23_386_349,386.0,349.0,2.614,1.2944285103078899,1.6222099029150194,1.3002492359916549,Included,Included
IM0,6.758167,8.5703188,0.0835287,0.0212146,1.93162,pptt1jmatch_run_24_389_349,389.0,349.0,2.5060000000000002,1.2973566229382594,0.2924045252552332,0.37081060589358034,Excluded,Excluded
IM1,3.6683177,4.5883352,0.0618235,0.0184661,1.93162,pptt1jmatch_run_24_389_349,389.0,349.0,2.5060000000000002,1.2973566229382594,0.5461675947302194,0.6831469368097535,Excluded,Excluded
IM2,2.6028842,3.5750192,0.0436253,0.0156617,1.93162,pptt1jmatch_run_24_389_349,389.0,349.0,2.5060000000000002,1.2973566229382594,0.7009752563007215,0.9627781366531789,Excluded,Excluded
IM3,1.9463758,2.8592062,0.0291976,0.0129091,1.93162,pptt1jmatch_run_24_389_349,389.0,349.0,2.5060000000000002,1.2973566229382594,0.876467041796426,1.2875211457109157,Excluded,Included
IM4,1.7613316,2.8175957,0.0185915,0.0103571,1.93162,pptt1jmatch_run_24_389_349,389.0,349.0,2.5060000000000002,1.2973566229382594,0.8894107838111763,1.4227871685263582,Excluded,Included
IM5,1.7333649,2.6344257,0.0083115,0.0069612,1.93162,pptt1jmatch_run_24_389_349,389.0,349.0,2.5060000000000002,1.2973566229382594,0.951250969044221,1.4457429015667735,Excluded,Included
IM6,2.3807511,3.4877915,0.0030589,0.0042342,1.93162,pptt1jmatch_run_24_389_349,389.0,349.0,2.5060000000000002,1.2973566229382594,0.718506252452304,1.0526089854584129,Excluded,Included
IM7,3.0400784,3.5804845,0.0011822,0.0026348,1.93162,pptt1jmatch_run_24_389_349,389.0,349.0,2.5060000000000002,1.2973566229382594,0.6999052781823243,0.8243208464623808,Excluded,Excluded
IM8,4.0308493,4.2914859,0.000498,0.0017107,1.93162,pptt1jmatch_run_24_389_349,389.0,349.0,2.5060000000000002,1.2973566229382594,0.5839469261683932,0.6217052073864434,Excluded,Excluded
IM9,4.9401077,4.6654507,0.0002553,0.001225,1.93162,pptt1jmatch_run_24_389_349,389.0,349.0,2.5060000000000002,1.2973566229382594,0.5371399594898731,0.5072763899459115,Excluded,Excluded
IM10,4.8527067,7.5174459,0.0001917,0.0010615,1.93162,pptt1jmatch_run_24_389_349,389.0,349.0,2.5060000000000002,1.2973566229382594,0.3333579028483597,0.5164128299779586,Excluded,Excluded
IM11,9.2865864,8.2793943,6.09e-05,0.0005985,1.93162,pptt1jmatch_run_24_389_349,389.0,349.0,2.5060000000000002,1.2973566229382594,0.3026791464684802,0.2698515786166594,Excluded,Excluded
IM12,5.7265829,4.5196676,6.09e-05,0.0005985,1.93162,pptt1jmatch_run_24_389_349,389.0,349.0,2.5060000000000002,1.2973566229382594,0.554465554059772,0.43760826373438166,Excluded,Excluded
EM0,16.9127661,18.9249895,0.0217052,0.0111731,1.93162,pptt1jmatch_run_24_389_349,389.0,349.0,2.5060000000000002,1.2973566229382594,0.1324175107204155,0.14817209587023145,Excluded,Excluded
EM1,6.999086,6.8111854,0.0181982,0.010249,1.93162,pptt1jmatch_run_24_389_349,389.0,349.0,2.5060000000000002,1.2973566229382594,0.36792420890495803,0.3580467506757311,Excluded,Excluded
EM2,3.46847,3.4329721,0.0144277,0.0091432,1.93162,pptt1jmatch_run_24_389_349,389.0,349.0,2.5060000000000002,1.2973566229382594,0.7299797164095799,0.7225087718792437,Excluded,Excluded
EM3,2.1884918,2.6516074,0.0106061,0.0078545,1.93162,pptt1jmatch_run_24_389_349,389.0,349.0,2.5060000000000002,1.2973566229382594,0.9450871196090342,1.1450808268964043,Excluded,Included
EM4,1.7014884,2.4059831,0.01028,0.0077341,1.93162,pptt1jmatch_run_24_389_349,389.0,349.0,2.5060000000000002,1.2973566229382594,1.0415700758662854,1.4728281427014138,Included,Included
EM5,1.1654856,1.426887,0.0052526,0.0055424,1.93162,pptt1jmatch_run_24_389_349,389.0,349.0,2.5060000000000002,1.2973566229382594,1.7562708189225917,2.1501767160400784,Included,Included
EM6,1.5436091,2.1533266,0.0018767,0.0033185,1.93162,pptt1jmatch_run_24_389_349,389.0,349.0,2.5060000000000002,1.2973566229382594,1.163780728849957,1.6234680140198707,Included,Included
EM7,2.1008076,3.0710923,0.0006842,0.0020049,1.93162,pptt1jmatch_run_24_389_349,389.0,349.0,2.5060000000000002,1.2973566229382594,0.8159963150570239,1.1928745878489777,Excluded,Included
EM8,3.3398155,3.8450935,0.0002427,0.0011944,1.93162,pptt1jmatch_run_24_389_349,389.0,349.0,2.5060000000000002,1.2973566229382594,0.6517396781118587,0.7503408496666958,Excluded,Excluded
EM9,7.6805372,6.570522,6.36e-05,0.0006116,1.93162,pptt1jmatch_run_24_389_349,389.0,349.0,2.5060000000000002,1.2973566229382594,0.3814004427654302,0.3262792607787904,Excluded,Excluded
EM10,2.3872125,5.1191739,0.0001307,0.0008767,1.93162,pptt1jmatch_run_24_389_349,389.0,349.0,2.5060000000000002,1.2973566229382594,0.48953210985858486,1.0497599187336697,Excluded,Included
EM11,-1.0,-1.0,0.0,0.0,1.93162,pptt1jmatch_run_24_389_349,389.0,349.0,2.5060000000000002,1.2973566229382594,-2.5060000000000002,-2.5060000000000002,Excluded,Excluded
EM12,4.1850632,3.3643487,6.09e-05,0.0005985,1.93162,pptt1jmatch_run_24_389_349,389.0,349.0,2.5060000000000002,1.2973566229382594,0.7448692818315772,0.5987962141169099,Excluded,Excluded
IM0,7.4028227,9.3843632,0.0763822,0.0213256,1.769996,pptt1jmatch_run_25_395_349,395.0,349.0,2.31,1.3050876951134354,0.24615415567036028,0.31204313457351884,Excluded,Excluded
IM1,3.9994079,5.0516387,0.0563795,0.018519,1.769996,pptt1jmatch_run_25_395_349,395.0,349.0,2.31,1.3050876951134354,0.457277358335227,0.5775854970932073,Excluded,Excluded
IM2,2.9769061,4.0795219,0.038122,0.0153747,1.769996,pptt1jmatch_run_25_395_349,395.0,349.0,2.31,1.3050876951134354,0.5662428236995125,0.775973417502151,Excluded,Excluded
IM3,2.1388816,3.1778208,0.0264556,0.0128853,1.769996,pptt1jmatch_run_25_395_349,395.0,349.0,2.31,1.3050876951134354,0.7269132356361945,1.0800036804281266,Excluded,Included
IM4,1.7942375,2.8529397,0.0183244,0.0107686,1.769996,pptt1jmatch_run_25_395_349,395.0,349.0,2.31,1.3050876951134354,0.8096911406855182,1.2874549773929038,Excluded,Included
IM5,1.7574872,2.6640781,0.0082095,0.0072448,1.769996,pptt1jmatch_run_25_395_349,395.0,349.0,2.31,1.3050876951134354,0.8670916967486803,1.3143765712774467,Excluded,Included
IM6,1.8662226,2.7455856,0.0038891,0.0049973,1.769996,pptt1jmatch_run_25_395_349,395.0,349.0,2.31,1.3050876951134354,0.8413505665239503,1.2377944624612305,Excluded,Included
IM7,2.204404,2.6054329,0.0016247,0.0032337,1.769996,pptt1jmatch_run_25_395_349,395.0,349.0,2.31,1.3050876951134354,0.8866089009622932,1.0479022901428232,Excluded,Included
IM8,1.8986177,2.034931,0.0010547,0.0026061,1.769996,pptt1jmatch_run_25_395_349,395.0,349.0,2.31,1.3050876951134354,1.1351736250516604,1.2166746365000178,Included,Included
IM9,2.2082023,2.0939625,0.00057,0.0019163,1.769996,pptt1jmatch_run_25_395_349,395.0,349.0,2.31,1.3050876951134354,1.1031716184029083,1.046099807069307,Included,Included
IM10,2.9805683,4.6126243,0.0003138,0.0014221,1.769996,pptt1jmatch_run_25_395_349,395.0,349.0,2.31,1.3050876951134354,0.5007995123296731,0.7750199852826725,Excluded,Excluded
IM11,8.2604275,7.3678748,6.83e-05,0.0006637,1.769996,pptt1jmatch_run_25_395_349,395.0,349.0,2.31,1.3050876951134354,0.31352324282166144,0.2796465437170171,Excluded,Excluded
IM12,5.0974555,4.0373546,6.83e-05,0.0006637,1.769996,pptt1jmatch_run_25_395_349,395.0,349.0,2.31,1.3050876951134354,0.5721568276415454,0.45316727139648405,Excluded,Excluded
EM0,18.3888603,20.5271097,0.0200027,0.0112413,1.769996,pptt1jmatch_run_25_395_349,395.0,349.0,2.31,1.3050876951134354,0.11253410897882034,0.12561953064595308,Excluded,Excluded
EM1,6.9544963,6.8323785,0.0182575,0.0107493,1.769996,pptt1jmatch_run_25_395_349,395.0,349.0,2.31,1.3050876951134354,0.33809602322236687,0.3321592104377135,Excluded,Excluded
EM2,4.2901583,4.2297213,0.0116663,0.0086214,1.769996,pptt1jmatch_run_25_395_349,395.0,349.0,2.31,1.3050876951134354,0.5461352737354114,0.5384416700894231,Excluded,Excluded
EM3,2.8575638,3.4520114,0.0081312,0.0072105,1.769996,pptt1jmatch_run_25_395_349,395.0,349.0,2.31,1.3050876951134354,0.669175078622278,0.80838090124182,Excluded,Excluded
EM4,1.7348174,2.4315564,0.0101149,0.008034,1.769996,pptt1jmatch_run_25_395_349,395.0,349.0,2.31,1.3050876951134354,0.9500088091725942,1.3315522429046422,Excluded,Included
EM5,1.4180833,1.7327533,0.0043204,0.005266,1.769996,pptt1jmatch_run_25_395_349,395.0,349.0,2.31,1.3050876951134354,1.3331384219553932,1.628959314308264,Included,Included
EM6,1.2826738,1.7848278,0.0022644,0.0038163,1.769996,pptt1jmatch_run_25_395_349,395.0,349.0,2.31,1.3050876951134354,1.2942425033944451,1.8009255353933324,Included,Included
EM7,2.5289663,3.6756515,0.00057,0.0019163,1.769996,pptt1jmatch_run_25_395_349,395.0,349.0,2.31,1.3050876951134354,0.6284600158638544,0.9134166793760755,Excluded,Excluded
EM8,1.668659,1.9199409,0.0004848,0.0017673,1.769996,pptt1jmatch_run_25_395_349,395.0,349.0,2.31,1.3050876951134354,1.2031620348313847,1.384345153803144,Included,Included
EM9,1.906747,1.6200966,0.0002561,0.0012848,1.769996,pptt1jmatch_run_25_395_349,395.0,349.0,2.31,1.3050876951134354,1.4258409035609358,1.2114874181000417,Included,Included
EM10,1.2798677,2.7206034,0.0002455,0.0012579,1.769996,pptt1jmatch_run_25_395_349,395.0,349.0,2.31,1.3050876951134354,0.8490763482836198,1.8048740506538292,Excluded,Included
EM11,-1.0,-1.0,0.0,0.0,1.769996,pptt1jmatch_run_25_395_349,395.0,349.0,2.31,1.3050876951134354,-2.31,-2.31,Excluded,Excluded
EM12,3.721707,3.0128924,6.83e-05,0.0006637,1.769996,pptt1jmatch_run_25_395_349,395.0,349.0,2.31,1.3050876951134354,0.7667051103451288,0.620682928559395,Excluded,Excluded
IM0,7.5985308,9.6298334,0.0742807,0.0216227,1.671875,pptt1jmatch_run_26_399_349,399.0,349.0,2.182,1.3051214953271029,0.22658751292623605,0.2871607758699879,Excluded,Excluded
IM1,4.3301958,5.4542662,0.0522393,0.0183476,1.671875,pptt1jmatch_run_26_399_349,399.0,349.0,2.182,1.3051214953271029,0.4000538147551361,0.5039033107925511,Excluded,Excluded
IM2,3.1579689,4.3586133,0.0357982,0.0153196,1.671875,pptt1jmatch_run_26_399_349,399.0,349.0,2.182,1.3051214953271029,0.5006179373609492,0.6909504396955903,Excluded,Excluded
IM3,2.4503242,3.5991508,0.0233459,0.0124511,1.671875,pptt1jmatch_run_26_399_349,399.0,349.0,2.182,1.3051214953271029,0.6062541197217965,0.8904944088623049,Excluded,Excluded
IM4,2.1645183,3.4494462,0.0151885,0.0100848,1.671875,pptt1jmatch_run_26_399_349,399.0,349.0,2.182,1.3051214953271029,0.632565308599392,1.0080764851930335,Excluded,Included
IM5,1.9343919,2.9214511,0.0074773,0.0071035,1.671875,pptt1jmatch_run_26_399_349,399.0,349.0,2.182,1.3051214953271029,0.7468891058967236,1.1280030690781946,Excluded,Included
IM6,2.1793782,3.1926556,0.0033361,0.0047547,1.671875,pptt1jmatch_run_26_399_349,399.0,349.0,2.182,1.3051214953271029,0.683443588465978,1.0012030036824264,Excluded,Included
IM7,1.8173204,2.1461673,0.0019782,0.0036639,1.671875,pptt1jmatch_run_26_399_349,399.0,349.0,2.182,1.3051214953271029,1.0166961354783477,1.2006688528891218,Included,Included
IM8,2.9062976,3.1180881,0.0006861,0.0021591,1.671875,pptt1jmatch_run_26_399_349,399.0,349.0,2.182,1.3051214953271029,0.6997877962460394,0.7507834022228144,Excluded,Excluded
IM9,3.3901689,3.1842402,0.0003741,0.0015947,1.671875,pptt1jmatch_run_26_399_349,399.0,349.0,2.182,1.3051214953271029,0.6852498124984415,0.6436257497377196,Excluded,Excluded
IM10,7.5377719,11.5999207,0.0001241,0.0009186,1.671875,pptt1jmatch_run_26_399_349,399.0,349.0,2.182,1.3051214953271029,0.18810473419874327,0.2894754615750577,Excluded,Excluded
IM11,4.5610182,4.0358157,0.0001241,0.0009186,1.671875,pptt1jmatch_run_26_399_349,399.0,349.0,2.182,1.3051214953271029,0.5406589800421263,0.47840194981024187,Excluded,Excluded
IM12,-1.0,-1.0,0.0,0.0,1.671875,pptt1jmatch_run_26_399_349,399.0,349.0,2.182,1.3051214953271029,-2.182,-2.182,Excluded,Excluded
EM0,16.6383902,18.7101402,0.0220415,0.0121063,1.671875,pptt1jmatch_run_26_399_349,399.0,349.0,2.182,1.3051214953271029,0.11662125332444061,0.1311424947829388,Excluded,Excluded
EM1,7.722792,7.5813772,0.0164411,0.0104857,1.671875,pptt1jmatch_run_26_399_349,399.0,349.0,2.182,1.3051214953271029,0.2878105049304234,0.2825403040765568,Excluded,Excluded
EM2,3.996538,3.9699965,0.0124523,0.009144,1.671875,pptt1jmatch_run_26_399_349,399.0,349.0,2.182,1.3051214953271029,0.5496226508008256,0.5459725392327058,Excluded,Excluded
EM3,2.8549691,3.4326235,0.0081574,0.007417,1.671875,pptt1jmatch_run_26_399_349,399.0,349.0,2.182,1.3051214953271029,0.6356654028616887,0.7642814768117806,Excluded,Excluded
EM4,2.2728651,3.194095,0.0077112,0.007213,1.671875,pptt1jmatch_run_26_399_349,399.0,349.0,2.182,1.3051214953271029,0.6831355986594012,0.960021780439147,Excluded,Excluded
EM5,1.4804155,1.8063535,0.0041412,0.0052953,1.671875,pptt1jmatch_run_26_399_349,399.0,349.0,2.182,1.3051214953271029,1.207958464386954,1.4739105339007865,Included,Included
EM6,2.1373397,2.9689408,0.0013579,0.0030364,1.671875,pptt1jmatch_run_26_399_349,399.0,349.0,2.182,1.3051214953271029,0.7349422393333003,1.0208952746257414,Excluded,Included
EM7,1.1156811,1.620874,0.0012921,0.0029621,1.671875,pptt1jmatch_run_26_399_349,399.0,349.0,2.182,1.3051214953271029,1.3461873038866685,1.95575599514951,Included,Included
EM8,2.5985442,2.983456,0.000312,0.0014562,1.671875,pptt1jmatch_run_26_399_349,399.0,349.0,2.182,1.3051214953271029,0.7313665762122854,0.8397009371632008,Excluded,Excluded
EM9,1.9464044,1.6613343,0.00025,0.0013037,1.671875,pptt1jmatch_run_26_399_349,399.0,349.0,2.182,1.3051214953271029,1.3134021250268533,1.1210414444192585,Included,Included
EM10,-1.0,-1.0,0.0,0.0,1.671875,pptt1jmatch_run_26_399_349,399.0,349.0,2.182,1.3051214953271029,-2.182,-2.182,Excluded,Excluded
EM11,1.7639448,1.9921995,0.0001241,0.0009186,1.671875,pptt1jmatch_run_26_399_349,399.0,349.0,2.182,1.3051214953271029,1.0952718339704433,1.2370001600957128,Included,Included
EM12,-1.0,-1.0,0.0,0.0,1.671875,pptt1jmatch_run_26_399_349,399.0,349.0,2.182,1.3051214953271029,-2.182,-2.182,Excluded,Excluded
IM0,8.8416727,11.1413782,0.0643114,0.0216317,1.435482,pptt1jmatch_run_27_410_349,410.0,349.0,1.88,1.3096646283269313,0.1687403448883909,0.21262944962891467,Excluded,Excluded
IM1,4.964454,6.218578,0.045857,0.0184455,1.435482,pptt1jmatch_run_27_410_349,410.0,349.0,1.88,1.3096646283269313,0.30231991944139,0.37869219857813163,Excluded,Excluded
IM2,3.6887116,5.0441718,0.0307791,0.0152307,1.435482,pptt1jmatch_run_27_410_349,410.0,349.0,1.88,1.3096646283269313,0.37270736892823514,0.5096630487458006,Excluded,Excluded
IM3,2.9348407,4.3113922,0.0194373,0.0121741,1.435482,pptt1jmatch_run_27_410_349,410.0,349.0,1.88,1.3096646283269313,0.43605404305365675,0.6405799129063461,Excluded,Excluded
IM4,2.5195374,4.0123466,0.0130436,0.0100053,1.435482,pptt1jmatch_run_27_410_349,410.0,349.0,1.88,1.3096646283269313,0.46855373860274185,0.7461687212898686,Excluded,Excluded
IM5,2.5760671,3.9206902,0.0055913,0.0065754,1.435482,pptt1jmatch_run_27_410_349,410.0,349.0,1.88,1.3096646283269313,0.4795074091801489,0.7297946548053814,Excluded,Excluded
IM6,3.8412709,5.6316628,0.0018931,0.0038332,1.435482,pptt1jmatch_run_27_410_349,410.0,349.0,1.88,1.3096646283269313,0.33382680511340274,0.4894213527090734,Excluded,Excluded
IM7,2.5509468,3.0115436,0.0014108,0.0033099,1.435482,pptt1jmatch_run_27_410_349,410.0,349.0,1.88,1.3096646283269313,0.6242645797988778,0.7369812651522171,Excluded,Excluded
IM8,2.4783888,2.6524095,0.0008061,0.0025027,1.435482,pptt1jmatch_run_27_410_349,410.0,349.0,1.88,1.3096646283269313,0.7087894987557539,0.7585573337000232,Excluded,Excluded
IM9,4.0736519,3.8019395,0.0003122,0.0015579,1.435482,pptt1jmatch_run_27_410_349,410.0,349.0,1.88,1.3096646283269313,0.49448445983951084,0.4615023684277,Excluded,Excluded
IM10,7.351517,11.3032049,0.0001275,0.0009956,1.435482,pptt1jmatch_run_27_410_349,410.0,349.0,1.88,1.3096646283269313,0.16632450854712894,0.25572953174154395,Excluded,Excluded
IM11,8.9704691,8.0430342,6.27e-05,0.0006984,1.435482,pptt1jmatch_run_27_410_349,410.0,349.0,1.88,1.3096646283269313,0.2337426340919948,0.20957655380586504,Excluded,Excluded
IM12,5.5287202,4.3670416,6.27e-05,0.0006984,1.435482,pptt1jmatch_run_27_410_349,410.0,349.0,1.88,1.3096646283269313,0.430497387522024,0.34004252919147543,Excluded,Excluded
EM0,19.8844592,22.2100366,0.0184544,0.0118682,1.435482,pptt1jmatch_run_27_410_349,410.0,349.0,1.88,1.3096646283269313,0.08464641611621658,0.09454619716285771,Excluded,Excluded
EM1,8.4215555,8.255757,0.0150779,0.0107461,1.435482,pptt1jmatch_run_27_410_349,410.0,349.0,1.88,1.3096646283269313,0.22771988080560027,0.22323666928277083,Excluded,Excluded
EM2,4.3902956,4.3608879,0.0113418,0.0093378,1.435482,pptt1jmatch_run_27_410_349,410.0,349.0,1.88,1.3096646283269313,0.4311048674284886,0.4282171797270325,Excluded,Excluded
EM3,3.621881,4.3894824,0.0063937,0.0070285,1.435482,pptt1jmatch_run_27_410_349,410.0,349.0,1.88,1.3096646283269313,0.4282965116798281,0.5190673023216389,Excluded,Excluded
EM4,2.3547943,3.3060656,0.0074523,0.0075841,1.435482,pptt1jmatch_run_27_410_349,410.0,349.0,1.88,1.3096646283269313,0.5686517533106421,0.7983712207898583,Excluded,Excluded
EM5,1.659253,2.0208328,0.0036982,0.0053527,1.435482,pptt1jmatch_run_27_410_349,410.0,349.0,1.88,1.3096646283269313,0.9303095238755031,1.1330399884767421,Excluded,Included
EM6,6.0442609,8.3683577,0.0004823,0.0019362,1.435482,pptt1jmatch_run_27_410_349,410.0,349.0,1.88,1.3096646283269313,0.22465578879354067,0.31103885671116543,Excluded,Excluded
EM7,2.3859543,3.4634135,0.0006047,0.0021677,1.435482,pptt1jmatch_run_27_410_349,410.0,349.0,1.88,1.3096646283269313,0.5428170791619308,0.7879446810863058,Excluded,Excluded
EM8,1.6403958,1.8907495,0.0004939,0.0019594,1.435482,pptt1jmatch_run_27_410_349,410.0,349.0,1.88,1.3096646283269313,0.9943146884344012,1.1460648704416336,Excluded,Included
EM9,2.6430159,2.2653787,0.0001847,0.0011984,1.435482,pptt1jmatch_run_27_410_349,410.0,349.0,1.88,1.3096646283269313,0.8298833214949889,0.7113086228501312,Excluded,Excluded
EM10,4.841117,10.2861344,6.47e-05,0.0007095,1.435482,pptt1jmatch_run_27_410_349,410.0,349.0,1.88,1.3096646283269313,0.18277031262589763,0.38834012894131664,Excluded,Excluded
EM11,-1.0,-1.0,0.0,0.0,1.435482,pptt1jmatch_run_27_410_349,410.0,349.0,1.88,1.3096646283269313,-1.88,-1.88,Excluded,Excluded
EM12,4.0585361,3.2305786,6.27e-05,0.0006984,1.435482,pptt1jmatch_run_27_410_349,410.0,349.0,1.88,1.3096646283269313,0.5819390990827463,0.46322120924340177,Excluded,Excluded
IM0,9.5744803,12.1171798,0.059105,0.0224791,1.247931,pptt1jmatch_run_28_420_349,420.0,349.0,1.64,1.3141752228288264,0.13534502475567786,0.17128867036260967,Excluded,Excluded
IM1,5.3393556,6.7264966,0.0424274,0.0192134,1.247931,pptt1jmatch_run_28_420_349,420.0,349.0,1.64,1.3141752228288264,0.24381191243001593,0.3071531703189051,Excluded,Excluded
IM2,4.1059164,5.6269256,0.0276213,0.0156219,1.247931,pptt1jmatch_run_28_420_349,420.0,349.0,1.64,1.3141752228288264,0.2914557818216043,0.3994236219714556,Excluded,Excluded
IM3,3.0754014,4.5488399,0.0184438,0.0128256,1.247931,pptt1jmatch_run_28_420_349,420.0,349.0,1.64,1.3141752228288264,0.3605314840823481,0.5332637229078454,Excluded,Excluded
IM4,2.810816,4.4707088,0.0117031,0.0102515,1.247931,pptt1jmatch_run_28_420_349,420.0,349.0,1.64,1.3141752228288264,0.36683221237759883,0.5834604613037637,Excluded,Excluded
IM5,2.9002894,4.3997057,0.0049745,0.0067064,1.247931,pptt1jmatch_run_28_420_349,420.0,349.0,1.64,1.3141752228288264,0.372752204766787,0.5654608122899735,Excluded,Excluded
IM6,3.295405,4.8063252,0.0022176,0.0044839,1.247931,pptt1jmatch_run_28_420_349,420.0,349.0,1.64,1.3141752228288264,0.34121702792811437,0.49766265451439196,Excluded,Excluded
IM7,2.5514289,2.985094,0.0014137,0.0035816,1.247931,pptt1jmatch_run_28_420_349,420.0,349.0,1.64,1.3141752228288264,0.5493964344171406,0.6427770728786524,Excluded,Excluded
IM8,3.2559912,3.4871021,0.0006143,0.0023618,1.247931,pptt1jmatch_run_28_420_349,420.0,349.0,1.64,1.3141752228288264,0.4703045546042371,0.5036868650013551,Excluded,Excluded
IM9,21.3395193,20.3094024,5.92e-05,0.0007334,1.247931,pptt1jmatch_run_28_420_349,420.0,349.0,1.64,1.3141752228288264,0.08075077580815475,0.07685271523431177,Excluded,Excluded
IM10,15.754739,24.4017732,5.92e-05,0.0007334,1.247931,pptt1jmatch_run_28_420_349,420.0,349.0,1.64,1.3141752228288264,0.06720823058875082,0.10409566289863639,Excluded,Excluded
IM11,-1.0,-1.0,0.0,0.0,1.247931,pptt1jmatch_run_28_420_349,420.0,349.0,1.64,1.3141752228288264,-1.64,-1.64,Excluded,Excluded
IM12,-1.0,-1.0,0.0,0.0,1.247931,pptt1jmatch_run_28_420_349,420.0,349.0,1.64,1.3141752228288264,-1.64,-1.64,Excluded,Excluded
EM0,21.9667054,24.5675899,0.0166776,0.012207,1.247931,pptt1jmatch_run_28_420_349,420.0,349.0,1.64,1.3141752228288264,0.06675461478620659,0.0746584419527928,Excluded,Excluded
EM1,8.5950657,8.4234602,0.0148062,0.0115127,1.247931,pptt1jmatch_run_28_420_349,420.0,349.0,1.64,1.3141752228288264,0.19469433713238177,0.19080715113090993,Excluded,Excluded
EM2,5.4214784,5.394405,0.0091774,0.0090898,1.247931,pptt1jmatch_run_28_420_349,420.0,349.0,1.64,1.3141752228288264,0.30401870085764787,0.30250051351306684,Excluded,Excluded
EM3,3.4378729,4.1640445,0.0067408,0.0077998,1.247931,pptt1jmatch_run_28_420_349,420.0,349.0,1.64,1.3141752228288264,0.3938478563329474,0.477039159882845,Excluded,Excluded
EM4,2.6152079,3.6588219,0.0067286,0.0077928,1.247931,pptt1jmatch_run_28_420_349,420.0,349.0,1.64,1.3141752228288264,0.44823171086846286,0.6271011952816447,Excluded,Excluded
EM5,2.2190154,2.7192061,0.0027569,0.0049981,1.247931,pptt1jmatch_run_28_420_349,420.0,349.0,1.64,1.3141752228288264,0.6031172113066383,0.7390665247298419,Excluded,Excluded
EM6,3.5966868,5.0196309,0.0008039,0.0027016,1.247931,pptt1jmatch_run_28_420_349,420.0,349.0,1.64,1.3141752228288264,0.3267172492702601,0.45597520473564723,Excluded,Excluded
EM7,1.791334,2.6266427,0.0007995,0.0026941,1.247931,pptt1jmatch_run_28_420_349,420.0,349.0,1.64,1.3141752228288264,0.6243711792243383,0.9155188256349737,Excluded,Excluded
EM8,1.4589473,1.6765525,0.0005551,0.0022452,1.247931,pptt1jmatch_run_28_420_349,420.0,349.0,1.64,1.3141752228288264,0.9781978196328478,1.1240981768155711,Excluded,Included
EM9,-1.0,-1.0,0.0,0.0,1.247931,pptt1jmatch_run_28_420_349,420.0,349.0,1.64,1.3141752228288264,-1.64,-1.64,Excluded,Excluded
EM10,5.2941329,11.2770573,5.92e-05,0.0007334,1.247931,pptt1jmatch_run_28_420_349,420.0,349.0,1.64,1.3141752228288264,0.14542800984082965,0.3097768852761516,Excluded,Excluded
EM11,-1.0,-1.0,0.0,0.0,1.247931,pptt1jmatch_run_28_420_349,420.0,349.0,1.64,1.3141752228288264,-1.64,-1.64,Excluded,Excluded
EM12,-1.0,-1.0,0.0,0.0,1.247931,pptt1jmatch_run_28_420_349,420.0,349.0,1.64,1.3141752228288264,-1.64,-1.64,Excluded,Excluded
IM0,5.3480008,6.7847332,0.1056848,0.0238085,1.904905,pptt1jmatch_run_29_390_364,390.0,364.0,2.47,1.2966525889742533,0.364052635113198,0.46185482993944205,Excluded,Excluded
IM1,2.8199319,3.5446765,0.0801369,0.0210261,1.904905,pptt1jmatch_run_29_390_364,390.0,364.0,2.47,1.2966525889742533,0.6968195828307605,0.8759076770612795,Excluded,Excluded
IM2,2.0298887,2.7790083,0.0560585,0.0178145,1.904905,pptt1jmatch_run_29_390_364,390.0,364.0,2.47,1.2966525889742533,0.888806269488292,1.2168154835287277,Excluded,Included
IM3,1.476786,2.1785599,0.0385147,0.0149027,1.904905,pptt1jmatch_run_29_390_364,390.0,364.0,2.47,1.2966525889742533,1.1337764915254338,1.6725510669792376,Included,Included
IM4,1.2215464,1.9413261,0.0270548,0.0125645,1.904905,pptt1jmatch_run_29_390_364,390.0,364.0,2.47,1.2966525889742533,1.2723261692097996,2.0220271616370855,Included,Included
IM5,1.1921631,1.8145613,0.0120498,0.0084496,1.904905,pptt1jmatch_run_29_390_364,390.0,364.0,2.47,1.2966525889742533,1.3612105581663183,2.071864160197544,Included,Included
IM6,1.3105412,1.9080502,0.0055863,0.005772,1.904905,pptt1jmatch_run_29_390_364,390.0,364.0,2.47,1.2966525889742533,1.2945152071994752,1.884717550276176,Included,Included
IM7,1.272327,1.5114057,0.0028102,0.0040996,1.904905,pptt1jmatch_run_29_390_364,390.0,364.0,2.47,1.2966525889742533,1.634240230799712,1.9413248323740675,Included,Included
IM8,1.4046083,1.504832,0.0014281,0.0029245,1.904905,pptt1jmatch_run_29_390_364,390.0,364.0,2.47,1.2966525889742533,1.6413792370178202,1.7584973689818009,Included,Included
IM9,1.8639883,1.7560345,0.0006781,0.0020159,1.904905,pptt1jmatch_run_29_390_364,390.0,364.0,2.47,1.2966525889742533,1.40657828761337,1.3251156136548712,Included,Included
IM10,2.9536214,4.5500344,0.0003171,0.0013789,1.904905,pptt1jmatch_run_29_390_364,390.0,364.0,2.47,1.2966525889742533,0.5428530386495539,0.8362615465881986,Excluded,Excluded
IM11,4.4605173,3.9684048,0.0001268,0.0008718,1.904905,pptt1jmatch_run_29_390_364,390.0,364.0,2.47,1.2966525889742533,0.6224163422037994,0.5537474319402371,Excluded,Excluded
IM12,5.4390206,4.2847863,6.44e-05,0.0006217,1.904905,pptt1jmatch_run_29_390_364,390.0,364.0,2.47,1.2966525889742533,0.5764581538173794,0.45412587700072327,Excluded,Excluded
EM0,14.3656486,16.0596332,0.0255479,0.0122191,1.904905,pptt1jmatch_run_29_390_364,390.0,364.0,2.47,1.2966525889742533,0.15380176927079506,0.17193793811718325,Excluded,Excluded
EM1,5.3093764,5.1675619,0.0240784,0.0118714,1.904905,pptt1jmatch_run_29_390_364,390.0,364.0,2.47,1.2966525889742533,0.4779816957780419,0.46521470958434974,Excluded,Excluded
EM2,2.8574182,2.8161348,0.0175439,0.0101672,1.904905,pptt1jmatch_run_29_390_364,390.0,364.0,2.47,1.2966525889742533,0.8770886961803108,0.8644166961629908,Excluded,Excluded
EM3,2.0194075,2.4405279,0.0114599,0.0082427,1.904905,pptt1jmatch_run_29_390_364,390.0,364.0,2.47,1.2966525889742533,1.0120761168106294,1.2231310421497397,Included,Included
EM4,1.1652118,1.6481455,0.015005,0.0094149,1.904905,pptt1jmatch_run_29_390_364,390.0,364.0,2.47,1.2966525889742533,1.4986540933430939,2.1197862912133227,Included,Included
EM5,0.9459831,1.1575555,0.0064635,0.0062059,1.904905,pptt1jmatch_run_29_390_364,390.0,364.0,2.47,1.2966525889742533,2.1338069751299185,2.611040302939873,Included,Included
EM6,1.0491683,1.4540003,0.0027761,0.0040747,1.904905,pptt1jmatch_run_29_390_364,390.0,364.0,2.47,1.2966525889742533,1.6987616852623761,2.354245739220295,Included,Included
EM7,1.0394113,1.5155737,0.0013821,0.002877,1.904905,pptt1jmatch_run_29_390_364,390.0,364.0,2.47,1.2966525889742533,1.6297458843472938,2.376345148450859,Included,Included
EM8,1.0782665,1.2415917,0.0007501,0.0021201,1.904905,pptt1jmatch_run_29_390_364,390.0,364.0,2.47,1.2966525889742533,1.9893818555649172,2.2907138448611732,Included,Included
EM9,1.3526747,1.1539315,0.0003609,0.001471,1.904905,pptt1jmatch_run_29_390_364,390.0,364.0,2.47,1.2966525889742533,2.140508340399755,1.8260118267902847,Included,Included
EM10,1.6450658,3.5114183,0.0001904,0.0010684,1.904905,pptt1jmatch_run_29_390_364,390.0,364.0,2.47,1.2966525889742533,0.7034194701326243,1.5014596984509678,Excluded,Included
EM11,3.5382956,3.9409092,6.23e-05,0.0006113,1.904905,pptt1jmatch_run_29_390_364,390.0,364.0,2.47,1.2966525889742533,0.6267589215199376,0.6980762150002391,Excluded,Excluded
EM12,3.9512676,3.1496074,6.44e-05,0.0006217,1.904905,pptt1jmatch_run_29_390_364,390.0,364.0,2.47,1.2966525889742533,0.7842247259134584,0.6251158488987181,Excluded,Excluded
IM0,5.7769606,7.3296622,0.0979615,0.023798,1.773491,pptt1jmatch_run_30_395_365,395.0,365.0,2.31,1.3025157725638303,0.3151577708451557,0.3998642469536663,Excluded,Excluded
IM1,3.1138389,3.900254,0.0728007,0.0207996,1.773491,pptt1jmatch_run_30_395_365,395.0,365.0,2.31,1.3025157725638303,0.5922691188830266,0.7418495542592136,Excluded,Excluded
IM2,2.2197501,3.0303436,0.0510767,0.0176249,1.773491,pptt1jmatch_run_30_395_365,395.0,365.0,2.31,1.3025157725638303,0.7622897944642317,1.040657684844794,Excluded,Included
IM3,1.6127494,2.3797124,0.0353239,0.0147783,1.773491,pptt1jmatch_run_30_395_365,395.0,365.0,2.31,1.3025157725638303,0.9707055356773365,1.4323366048066737,Excluded,Included
IM4,1.3391857,2.131622,0.024591,0.0123988,1.773491,pptt1jmatch_run_30_395_365,395.0,365.0,2.31,1.3025157725638303,1.0836818160067778,1.7249288130839509,Included,Included
IM5,1.2565172,1.8987392,0.0115202,0.0085431,1.773491,pptt1jmatch_run_30_395_365,395.0,365.0,2.31,1.3025157725638303,1.2165967816959802,1.838414945692745,Included,Included
IM6,1.3326546,1.9474488,0.0054711,0.0059053,1.773491,pptt1jmatch_run_30_395_365,395.0,365.0,2.31,1.3025157725638303,1.1861672563612455,1.7333823782996736,Included,Included
IM7,1.3239747,1.5616946,0.0027214,0.0041706,1.773491,pptt1jmatch_run_30_395_365,395.0,365.0,2.31,1.3025157725638303,1.4791624431562995,1.7447463308777729,Included,Included
IM8,1.699374,1.8107039,0.0011797,0.002748,1.773491,pptt1jmatch_run_30_395_365,395.0,365.0,2.31,1.3025157725638303,1.2757469622725173,1.3593240805143543,Included,Included
IM9,2.2282798,2.1000695,0.0005667,0.0019052,1.773491,pptt1jmatch_run_30_395_365,395.0,365.0,2.31,1.3025157725638303,1.0999635964428796,1.0366741196505034,Included,Included
IM10,3.793155,5.8504756,0.0002465,0.0012567,1.773491,pptt1jmatch_run_30_395_365,395.0,365.0,2.31,1.3025157725638303,0.39483969474208214,0.6089917232488522,Excluded,Excluded
IM11,3.0595597,2.715546,0.0001849,0.0010886,1.773491,pptt1jmatch_run_30_395_365,395.0,365.0,2.31,1.3025157725638303,0.8506576577969956,0.7550105984204198,Excluded,Excluded
IM12,2.8636551,2.2779585,0.0001217,0.0008832,1.773491,pptt1jmatch_run_30_395_365,395.0,365.0,2.31,1.3025157725638303,1.01406588399218,0.8066613887964371,Included,Excluded
EM0,14.5819275,16.3066675,0.0251608,0.012538,1.773491,pptt1jmatch_run_30_395_365,395.0,365.0,2.31,1.3025157725638303,0.14165984558156963,0.15841527123214677,Excluded,Excluded
EM1,5.8726066,5.7217958,0.021724,0.0116708,1.773491,pptt1jmatch_run_30_395_365,395.0,365.0,2.31,1.3025157725638303,0.40371940571524767,0.39335173583737076,Excluded,Excluded
EM2,3.1775782,3.1512881,0.0157528,0.0099685,1.773491,pptt1jmatch_run_30_395_365,395.0,365.0,2.31,1.3025157725638303,0.7330335807760643,0.7269687336097661,Excluded,Excluded
EM3,2.1604739,2.6169874,0.0107329,0.0082493,1.773491,pptt1jmatch_run_30_395_365,395.0,365.0,2.31,1.3025157725638303,0.8826943530564954,1.0692098617807881,Excluded,Included
EM4,1.3368804,1.8867948,0.0130708,0.0090927,1.773491,pptt1jmatch_run_30_395_365,395.0,365.0,2.31,1.3025157725638303,1.2242984769726946,1.7279032589601881,Included,Included
EM5,1.0124414,1.2357869,0.0060491,0.0062077,1.773491,pptt1jmatch_run_30_395_365,395.0,365.0,2.31,1.3025157725638303,1.8692543188473678,2.281613533385735,Included,Included
EM6,1.0591738,1.4671415,0.0027497,0.0041922,1.773491,pptt1jmatch_run_30_395_365,395.0,365.0,2.31,1.3025157725638303,1.5744902587787204,2.180945185766491,Included,Included
EM7,0.9286194,1.3577745,0.0015417,0.003141,1.773491,pptt1jmatch_run_30_395_365,395.0,365.0,2.31,1.3025157725638303,1.7013134360676239,2.4875637963195687,Included,Included
EM8,1.3252497,1.5211303,0.000613,0.0019815,1.773491,pptt1jmatch_run_30_395_365,395.0,365.0,2.31,1.3025157725638303,1.518607577536257,1.7430677403662116,Included,Included
EM9,1.5343803,1.3066138,0.0003202,0.0014323,1.773491,pptt1jmatch_run_30_395_365,395.0,365.0,2.31,1.3025157725638303,1.7679286718079972,1.5054937814308487,Included,Included
EM10,5.0791185,10.8493911,6.16e-05,0.0006281,1.773491,pptt1jmatch_run_30_395_365,395.0,365.0,2.31,1.3025157725638303,0.21291517456680126,0.45480332856971145,Excluded,Excluded
EM11,3.4695642,3.8998455,6.32e-05,0.0006365,1.773491,pptt1jmatch_run_30_395_365,395.0,365.0,2.31,1.3025157725638303,0.5923311577343257,0.6657896689157675,Excluded,Excluded
EM12,2.0826288,1.6810424,0.0001217,0.0008832,1.773491,pptt1jmatch_run_30_395_365,395.0,365.0,2.31,1.3025157725638303,1.374147374272059,1.1091750963973992,Included,Included
IM0,5.9544753,7.5824806,0.0948316,0.0238434,1.722151,pptt1jmatch_run_31_397_365,397.0,365.0,2.246,1.3041829665342934,0.29620913240450625,0.37719528368855604,Excluded,Excluded
IM1,3.3122603,4.1429228,0.0685374,0.0205624,1.722151,pptt1jmatch_run_31_397_365,397.0,365.0,2.246,1.3041829665342934,0.5421293392191618,0.6780868037454665,Excluded,Excluded
IM2,2.3226199,3.1974031,0.048673,0.017512,1.722151,pptt1jmatch_run_31_397_365,397.0,365.0,2.246,1.3041829665342934,0.702445056114445,0.9670114339414728,Excluded,Excluded
IM3,1.7246794,2.5317292,0.032994,0.0145365,1.722151,pptt1jmatch_run_31_397_365,397.0,365.0,2.246,1.3041829665342934,0.887140694194308,1.3022710191818838,Excluded,Included
IM4,1.4870732,2.3523703,0.0222209,0.0119958,1.722151,pptt1jmatch_run_31_397_365,397.0,365.0,2.246,1.3041829665342934,0.9547816515112437,1.5103493224139874,Excluded,Included
IM5,1.4263149,2.1579721,0.010173,0.0081664,1.722151,pptt1jmatch_run_31_397_365,397.0,365.0,2.246,1.3041829665342934,1.040791954631851,1.574687328864054,Included,Included
IM6,1.812476,2.6527327,0.004021,0.0051501,1.722151,pptt1jmatch_run_31_397_365,397.0,365.0,2.246,1.3041829665342934,0.8466740731171294,1.2391888223623375,Excluded,Included
IM7,1.7128976,2.0075982,0.0021053,0.0037302,1.722151,pptt1jmatch_run_31_397_365,397.0,365.0,2.246,1.3041829665342934,1.1187497577951604,1.3112284120194926,Included,Included
IM8,3.2960848,3.5255874,0.0006084,0.0020067,1.722151,pptt1jmatch_run_31_397_365,397.0,365.0,2.246,1.3041829665342934,0.6370569624795006,0.6814145072966569,Excluded,Excluded
IM9,4.0146458,3.7911616,0.0003153,0.0014448,1.722151,pptt1jmatch_run_31_397_365,397.0,365.0,2.246,1.3041829665342934,0.5924305627066913,0.5594515959539942,Excluded,Excluded
IM10,4.8787028,7.5528799,0.0001911,0.0011249,1.722151,pptt1jmatch_run_31_397_365,397.0,365.0,2.246,1.3041829665342934,0.2973700137877209,0.4603682765836853,Excluded,Excluded
IM11,9.2052269,8.2189901,6.13e-05,0.0006373,1.722151,pptt1jmatch_run_31_397_365,397.0,365.0,2.246,1.3041829665342934,0.27326958332751855,0.24399181295574585,Excluded,Excluded
IM12,-1.0,-1.0,0.0,0.0,1.722151,pptt1jmatch_run_31_397_365,397.0,365.0,2.246,1.3041829665342934,-2.246,-2.246,Excluded,Excluded
EM0,13.9657163,15.6150706,0.0262941,0.0130218,1.722151,pptt1jmatch_run_31_397_365,397.0,365.0,2.246,1.3041829665342934,0.14383540475314918,0.16082239906305415,Excluded,Excluded
EM1,6.4080949,6.2418491,0.0198644,0.0113555,1.722151,pptt1jmatch_run_31_397_365,397.0,365.0,2.246,1.3041829665342934,0.3598292691824287,0.3504941850970403,Excluded,Excluded
EM2,3.1966065,3.1607479,0.015679,0.0101101,1.722151,pptt1jmatch_run_31_397_365,397.0,365.0,2.246,1.3041829665342934,0.7105913128978113,0.7026201066662412,Excluded,Excluded
EM3,2.1449687,2.5990553,0.0107731,0.0084013,1.722151,pptt1jmatch_run_31_397_365,397.0,365.0,2.246,1.3041829665342934,0.8641601431104602,1.0471015264698267,Excluded,Included
EM4,1.4506284,2.0408418,0.0120479,0.0088787,1.722151,pptt1jmatch_run_31_397_365,397.0,365.0,2.246,1.3041829665342934,1.1005262632311823,1.548294518430771,Included,Included
EM5,1.0,1.2189651,0.006152,0.0063635,1.722151,pptt1jmatch_run_31_397_365,397.0,365.0,2.246,1.3041829665342934,1.8425465995704062,2.246,Included,Included
EM6,1.5199852,2.1008014,0.0019157,0.0035585,1.722151,pptt1jmatch_run_31_397_365,397.0,365.0,2.246,1.3041829665342934,1.069115814564861,1.477645966552832,Included,Included
EM7,0.9570775,1.4014697,0.0014969,0.0031463,1.722151,pptt1jmatch_run_31_397_365,397.0,365.0,2.246,1.3041829665342934,1.6026033242102915,2.346727407132651,Included,Included
EM8,2.7702613,3.176378,0.0002931,0.0013931,1.722151,pptt1jmatch_run_31_397_365,397.0,365.0,2.246,1.3041829665342934,0.7070946845746948,0.8107538447726934,Excluded,Excluded
EM9,3.9494183,3.3663741,0.0001242,0.0009069,1.722151,pptt1jmatch_run_31_397_365,397.0,365.0,2.246,1.3041829665342934,0.6671866920554077,0.5686913437353547,Excluded,Excluded
EM10,2.4176619,5.130308,0.0001298,0.000927,1.722151,pptt1jmatch_run_31_397_365,397.0,365.0,2.246,1.3041829665342934,0.4377904796359205,0.9289967302706801,Excluded,Excluded
EM11,3.5803251,4.0119696,6.13e-05,0.0006373,1.722151,pptt1jmatch_run_31_397_365,397.0,365.0,2.246,1.3041829665342934,0.5598247803273485,0.6273173349537449,Excluded,Excluded
EM12,-1.0,-1.0,0.0,0.0,1.722151,pptt1jmatch_run_31_397_365,397.0,365.0,2.246,1.3041829665342934,-2.246,-2.246,Excluded,Excluded
IM0,6.1188936,7.7714123,0.0922566,0.0239745,1.649179,pptt1jmatch_run_32_400_365,400.0,365.0,2.15,1.3036789820874508,0.2766549910110933,0.3513707118554897,Excluded,Excluded
IM1,3.3693786,4.2421501,0.0672293,0.0207461,1.649179,pptt1jmatch_run_32_400_365,400.0,365.0,2.15,1.3036789820874508,0.5068184645328792,0.6380998561574528,Excluded,Excluded
IM2,2.3974642,3.3011018,0.0472561,0.0175787,1.649179,pptt1jmatch_run_32_400_365,400.0,365.0,2.15,1.3036789820874508,0.651297697029519,0.8967808570405348,Excluded,Excluded
IM3,1.8259805,2.6831546,0.0312057,0.0144046,1.649179,pptt1jmatch_run_32_400_365,400.0,365.0,2.15,1.3036789820874508,0.8012956092802107,1.177449594888883,Excluded,Included
IM4,1.6036848,2.5597785,0.0204599,0.0117282,1.649179,pptt1jmatch_run_32_400_365,400.0,365.0,2.15,1.3036789820874508,0.8399164224560836,1.3406624543675913,Excluded,Included
IM5,1.4248686,2.1743321,0.0100875,0.0082786,1.649179,pptt1jmatch_run_32_400_365,400.0,365.0,2.15,1.3036789820874508,0.9888093911689019,1.5089110673082415,Excluded,Included
IM6,1.5062936,2.2113897,0.0048248,0.0057406,1.649179,pptt1jmatch_run_32_400_365,400.0,365.0,2.15,1.3036789820874508,0.9722393117775668,1.427344576117166,Excluded,Included
IM7,1.2095242,1.4349657,0.0029549,0.0044967,1.649179,pptt1jmatch_run_32_400_365,400.0,365.0,2.15,1.3036789820874508,1.498293652593926,1.7775584812606477,Included,Included
IM8,1.7043116,1.8213453,0.0011743,0.0028373,1.649179,pptt1jmatch_run_32_400_365,400.0,365.0,2.15,1.3036789820874508,1.1804461240820179,1.261506405284104,Included,Included
IM9,2.2488021,2.117956,0.000563,0.0019652,1.649179,pptt1jmatch_run_32_400_365,400.0,365.0,2.15,1.3036789820874508,1.0151296816364457,0.9560645643296046,Included,Excluded
IM10,2.9032446,4.4974021,0.0003202,0.0014821,1.649179,pptt1jmatch_run_32_400_365,400.0,365.0,2.15,1.3036789820874508,0.47805376352717044,0.7405507617236247,Excluded,Excluded
IM11,4.2913862,3.8526709,0.0001314,0.0009496,1.649179,pptt1jmatch_run_32_400_365,400.0,365.0,2.15,1.3036789820874508,0.5580544136276991,0.5010036151022716,Excluded,Excluded
IM12,5.3712458,4.2847521,6.46e-05,0.000666,1.649179,pptt1jmatch_run_32_400_365,400.0,365.0,2.15,1.3036789820874508,0.5017793211420563,0.4002795775981803,Excluded,Excluded
EM0,14.730337,16.3908935,0.0250273,0.0129411,1.649179,pptt1jmatch_run_32_400_365,400.0,365.0,2.15,1.3036789820874508,0.13117039653756518,0.14595728529496643,Excluded,Excluded
EM1,6.3878326,6.2442771,0.0199732,0.0115908,1.649179,pptt1jmatch_run_32_400_365,400.0,365.0,2.15,1.3036789820874508,0.34431527710389404,0.3365773862013854,Excluded,Excluded
EM2,3.1121001,3.0929645,0.0160505,0.0104112,1.649179,pptt1jmatch_run_32_400_365,400.0,365.0,2.15,1.3036789820874508,0.6951259867353796,0.6908518141816838,Excluded,Excluded
EM3,2.1560118,2.6117535,0.0107457,0.0085416,1.649179,pptt1jmatch_run_32_400_365,400.0,365.0,2.15,1.3036789820874508,0.8232017301785945,0.997211610808438,Excluded,Excluded
EM4,1.6919122,2.3745666,0.0103724,0.0083935,1.649179,pptt1jmatch_run_32_400_365,400.0,365.0,2.15,1.3036789820874508,0.9054283842786299,1.2707515200847892,Excluded,Included
EM5,1.1636195,1.4161025,0.0052627,0.0059941,1.649179,pptt1jmatch_run_32_400_365,400.0,365.0,2.15,1.3036789820874508,1.5182516802279495,1.8476830269688673,Included,Included
EM6,1.5540336,2.1623162,0.0018699,0.0035791,1.649179,pptt1jmatch_run_32_400_365,400.0,365.0,2.15,1.3036789820874508,0.9943041632856472,1.3834964700891925,Excluded,Included
EM7,0.8086979,1.1784317,0.0017806,0.0034927,1.649179,pptt1jmatch_run_32_400_365,400.0,365.0,2.15,1.3036789820874508,1.8244587276462436,2.658594760787681,Included,Included
EM8,1.3244932,1.5233055,0.0006112,0.0020476,1.649179,pptt1jmatch_run_32_400_365,400.0,365.0,2.15,1.3036789820874508,1.4114043440399842,1.6232623919851004,Included,Included
EM9,2.0106279,1.7067993,0.0002429,0.0012909,1.649179,pptt1jmatch_run_32_400_365,400.0,365.0,2.15,1.3036789820874508,1.259667730119177,1.069317699212271,Included,Included
EM10,1.6541942,3.5357375,0.0001888,0.0011381,1.649179,pptt1jmatch_run_32_400_365,400.0,365.0,2.15,1.3036789820874508,0.6080768156572709,1.2997264770968244,Excluded,Included
EM11,3.285901,3.681674,6.68e-05,0.000677,1.649179,pptt1jmatch_run_32_400_365,400.0,365.0,2.15,1.3036789820874508,0.5839734859740433,0.6543106441733941,Excluded,Excluded
EM12,3.9513658,3.1659478,6.46e-05,0.000666,1.649179,pptt1jmatch_run_32_400_365,400.0,365.0,2.15,1.3036789820874508,0.6791015316171669,0.5441156574266042,Excluded,Excluded
IM0,7.0724999,8.939912,0.0801605,0.0234001,1.516297,pptt1jmatch_run_33_406_365,406.0,365.0,1.9839999999999998,1.3084507850374958,0.22192612186786626,0.28052315702401065,Excluded,Excluded
IM1,3.9506569,4.9525114,0.0574838,0.0200585,1.516297,pptt1jmatch_run_33_406_365,406.0,365.0,1.9839999999999998,1.3084507850374958,0.400604832530017,0.5021949640830617,Excluded,Excluded
IM2,2.8475581,3.8879965,0.0400211,0.016891,1.516297,pptt1jmatch_run_33_406_365,406.0,365.0,1.9839999999999998,1.3084507850374958,0.5102885252082917,0.6967373203026128,Excluded,Excluded
IM3,2.0363766,3.0021138,0.027947,0.0142034,1.516297,pptt1jmatch_run_33_406_365,406.0,365.0,1.9839999999999998,1.3084507850374958,0.6608676859618046,0.9742795119527496,Excluded,Excluded
IM4,1.7124107,2.7295897,0.0191755,0.0118182,1.516297,pptt1jmatch_run_33_406_365,406.0,365.0,1.9839999999999998,1.3084507850374958,0.7268491671110863,1.158600562353412,Excluded,Included
IM5,1.6410147,2.4755551,0.0088386,0.0080658,1.516297,pptt1jmatch_run_33_406_365,406.0,365.0,1.9839999999999998,1.3084507850374958,0.8014364131907223,1.2090080606834295,Excluded,Included
IM6,1.8090897,2.6401173,0.0040431,0.0054684,1.516297,pptt1jmatch_run_33_406_365,406.0,365.0,1.9839999999999998,1.3084507850374958,0.7514817618141435,1.0966841500451856,Excluded,Included
IM7,1.7701237,2.0931455,0.0020222,0.0038713,1.516297,pptt1jmatch_run_33_406_365,406.0,365.0,1.9839999999999998,1.3084507850374958,0.9478557510693834,1.120825623655567,Excluded,Included
IM8,3.0763264,3.2838827,0.000653,0.0022015,1.516297,pptt1jmatch_run_33_406_365,406.0,365.0,1.9839999999999998,1.3084507850374958,0.6041628709819629,0.6449250638683852,Excluded,Excluded
IM9,5.1760314,4.8926455,0.000244,0.0013458,1.516297,pptt1jmatch_run_33_406_365,406.0,365.0,1.9839999999999998,1.3084507850374958,0.4055065914748983,0.38330524810958444,Excluded,Excluded
IM10,15.5862239,24.1225769,5.98e-05,0.0006663,1.516297,pptt1jmatch_run_33_406_365,406.0,365.0,1.9839999999999998,1.3084507850374958,0.082246602766556,0.12729189653178277,Excluded,Excluded
IM11,9.4592955,8.4475064,5.98e-05,0.0006663,1.516297,pptt1jmatch_run_33_406_365,406.0,365.0,1.9839999999999998,1.3084507850374958,0.23486220738465494,0.20974077826408952,Excluded,Excluded
IM12,5.8093679,4.564376,5.98e-05,0.0006663,1.516297,pptt1jmatch_run_33_406_365,406.0,365.0,1.9839999999999998,1.3084507850374958,0.43467058804971365,0.34151736198356447,Excluded,Excluded
EM0,16.2107462,18.0798017,0.0226766,0.0128289,1.516297,pptt1jmatch_run_33_406_365,406.0,365.0,1.9839999999999998,1.3084507850374958,0.10973571684693863,0.12238795028448474,Excluded,Excluded
EM1,7.3256695,7.1408901,0.0174627,0.0112879,1.516297,pptt1jmatch_run_33_406_365,406.0,365.0,1.9839999999999998,1.3084507850374958,0.2778365122857723,0.27082848878181026,Excluded,Excluded
EM2,4.1356066,4.1158392,0.0120742,0.0094118,1.516297,pptt1jmatch_run_33_406_365,406.0,365.0,1.9839999999999998,1.3084507850374958,0.48204021187222273,0.4797361528536103,Excluded,Excluded
EM3,2.6465671,3.2004398,0.0087715,0.0080353,1.516297,pptt1jmatch_run_33_406_365,406.0,365.0,1.9839999999999998,1.3084507850374958,0.6199148004596118,0.7496503678293287,Excluded,Excluded
EM4,1.6907824,2.3861107,0.0103369,0.008716,1.516297,pptt1jmatch_run_33_406_365,406.0,365.0,1.9839999999999998,1.3084507850374958,0.8314786065876992,1.1734212516051739,Excluded,Included
EM5,1.2815171,1.5670364,0.0047955,0.0059532,1.516297,pptt1jmatch_run_33_406_365,406.0,365.0,1.9839999999999998,1.3084507850374958,1.26608418285625,1.5481650615508757,Included,Included
EM6,1.4371921,2.0002021,0.0020209,0.0038701,1.516297,pptt1jmatch_run_33_406_365,406.0,365.0,1.9839999999999998,1.3084507850374958,0.99189976852839,1.3804695976272063,Excluded,Included
EM7,1.0535497,1.5307262,0.0013692,0.0031865,1.516297,pptt1jmatch_run_33_406_365,406.0,365.0,1.9839999999999998,1.3084507850374958,1.2961168365707727,1.883157481797014,Included,Included
EM8,1.9772461,2.2756504,0.0004091,0.0017426,1.516297,pptt1jmatch_run_33_406_365,406.0,365.0,1.9839999999999998,1.3084507850374958,0.8718386620370158,1.0034158115168363,Excluded,Included
EM9,2.6499992,2.270332,0.0001842,0.0011694,1.516297,pptt1jmatch_run_33_406_365,406.0,365.0,1.9839999999999998,1.3084507850374958,0.87388100066422,0.748679471299463,Excluded,Excluded
EM10,-1.0,-1.0,0.0,0.0,1.516297,pptt1jmatch_run_33_406_365,406.0,365.0,1.9839999999999998,1.3084507850374958,-1.9839999999999998,-1.9839999999999998,Excluded,Excluded
EM11,-1.0,-1.0,0.0,0.0,1.516297,pptt1jmatch_run_33_406_365,406.0,365.0,1.9839999999999998,1.3084507850374958,-1.9839999999999998,-1.9839999999999998,Excluded,Excluded
EM12,4.2602935,3.4426474,5.98e-05,0.0006663,1.516297,pptt1jmatch_run_33_406_365,406.0,365.0,1.9839999999999998,1.3084507850374958,0.5763006690722959,0.4656956146331232,Excluded,Excluded
IM0,6.943165,8.8036461,0.0812644,0.0242714,1.436027,pptt1jmatch_run_34_410_365,410.0,365.0,1.88,1.3091675852891345,0.21354788443847145,0.27076988664391527,Excluded,Excluded
IM1,3.8885895,4.8924607,0.0582716,0.0208085,1.436027,pptt1jmatch_run_34_410_365,410.0,365.0,1.88,1.3091675852891345,0.3842647116204735,0.48346579138785406,Excluded,Excluded
IM2,2.8026712,3.8342129,0.0406279,0.017537,1.436027,pptt1jmatch_run_34_410_365,410.0,365.0,1.88,1.3091675852891345,0.4903222770962979,0.6707886390669016,Excluded,Excluded
IM3,2.1635747,3.1728492,0.0264371,0.0142507,1.436027,pptt1jmatch_run_34_410_365,410.0,365.0,1.88,1.3091675852891345,0.5925273725583933,0.8689323275965466,Excluded,Excluded
IM4,1.9032442,3.041865,0.0172623,0.0115696,1.436027,pptt1jmatch_run_34_410_365,410.0,365.0,1.88,1.3091675852891345,0.6180418920629285,0.9877870637934952,Excluded,Excluded
IM5,1.917455,2.9018839,0.0075401,0.0076841,1.436027,pptt1jmatch_run_34_410_365,410.0,365.0,1.88,1.3091675852891345,0.6478550020557334,0.980466295167292,Excluded,Excluded
IM6,2.3555325,3.4342957,0.0031046,0.0049417,1.436027,pptt1jmatch_run_34_410_365,410.0,365.0,1.88,1.3091675852891345,0.5474193733521548,0.7981210193448828,Excluded,Excluded
IM7,2.1022337,2.4801451,0.0017029,0.0036625,1.436027,pptt1jmatch_run_34_410_365,410.0,365.0,1.88,1.3091675852891345,0.7580201658362649,0.8942868721018028,Excluded,Excluded
IM8,2.987958,3.1968584,0.0006709,0.0023001,1.436027,pptt1jmatch_run_34_410_365,410.0,365.0,1.88,1.3091675852891345,0.5880773449333884,0.6291922443354291,Excluded,Excluded
IM9,5.1350531,4.8462467,0.0002453,0.0013912,1.436027,pptt1jmatch_run_34_410_365,410.0,365.0,1.88,1.3091675852891345,0.38792907509227703,0.366111111879252,Excluded,Excluded
IM10,15.2504122,23.5338431,6.11e-05,0.0006945,1.436027,pptt1jmatch_run_34_410_365,410.0,365.0,1.88,1.3091675852891345,0.07988495512660233,0.12327535645233248,Excluded,Excluded
IM11,9.2075297,8.2768458,6.11e-05,0.0006945,1.436027,pptt1jmatch_run_34_410_365,410.0,365.0,1.88,1.3091675852891345,0.22713966714228262,0.2041807152682874,Excluded,Excluded
IM12,-1.0,-1.0,0.0,0.0,1.436027,pptt1jmatch_run_34_410_365,410.0,365.0,1.88,1.3091675852891345,-1.88,-1.88,Excluded,Excluded
EM0,15.9801432,17.9067576,0.0229928,0.0133135,1.436027,pptt1jmatch_run_34_410_365,410.0,365.0,1.88,1.3091675852891345,0.10498829782562087,0.11764600457397652,Excluded,Excluded
EM1,7.2405362,7.0781772,0.0176437,0.0116944,1.436027,pptt1jmatch_run_34_410_365,410.0,365.0,1.88,1.3091675852891345,0.26560510522398334,0.2596492784608963,Excluded,Excluded
EM2,3.5130002,3.4832512,0.0141908,0.0105063,1.436027,pptt1jmatch_run_34_410_365,410.0,365.0,1.88,1.3091675852891345,0.5397256448228597,0.5351551075915111,Excluded,Excluded
EM3,2.5217296,3.0520629,0.0091748,0.0084693,1.436027,pptt1jmatch_run_34_410_365,410.0,365.0,1.88,1.3091675852891345,0.6159768201369636,0.7455200589309813,Excluded,Excluded
EM4,1.8095927,2.5331698,0.0097222,0.0087159,1.436027,pptt1jmatch_run_34_410_365,410.0,365.0,1.88,1.3091675852891345,0.7421531710981237,1.038907816106906,Excluded,Included
EM5,1.3859006,1.6911545,0.0044355,0.0059027,1.436027,pptt1jmatch_run_34_410_365,410.0,365.0,1.88,1.3091675852891345,1.111666615912384,1.3565186421017494,Included,Included
EM6,2.0764982,2.882179,0.0014017,0.0033233,1.436027,pptt1jmatch_run_34_410_365,410.0,365.0,1.88,1.3091675852891345,0.6522842613175657,0.905370397142651,Excluded,Excluded
EM7,1.4022507,2.0299929,0.001032,0.0028521,1.436027,pptt1jmatch_run_34_410_365,410.0,365.0,1.88,1.3091675852891345,0.9261116134938207,1.3407017732278543,Excluded,Included
EM8,1.9084937,2.1895738,0.0004256,0.0018321,1.436027,pptt1jmatch_run_34_410_365,410.0,365.0,1.88,1.3091675852891345,0.858614585176348,0.9850700581301368,Excluded,Excluded
EM9,2.6678042,2.26713,0.0001842,0.0012055,1.436027,pptt1jmatch_run_34_410_365,410.0,365.0,1.88,1.3091675852891345,0.8292422578325901,0.7046993928564922,Excluded,Excluded
EM10,-1.0,-1.0,0.0,0.0,1.436027,pptt1jmatch_run_34_410_365,410.0,365.0,1.88,1.3091675852891345,-1.88,-1.88,Excluded,Excluded
EM11,3.5857569,4.0321223,6.11e-05,0.0006945,1.436027,pptt1jmatch_run_34_410_365,410.0,365.0,1.88,1.3091675852891345,0.466255698642871,0.5242965578620234,Excluded,Excluded
EM12,-1.0,-1.0,0.0,0.0,1.436027,pptt1jmatch_run_34_410_365,410.0,365.0,1.88,1.3091675852891345,-1.88,-1.88,Excluded,Excluded
IM0,7.6753157,9.7723336,0.0735823,0.024102,1.324023,pptt1jmatch_run_35_416_365,416.0,365.0,1.736,1.3111554708641768,0.17764436531311212,0.22617962151055235,Excluded,Excluded
IM1,4.3519659,5.449058,0.0521673,0.0205271,1.324023,pptt1jmatch_run_35_416_365,416.0,365.0,1.736,1.3111554708641768,0.3185871759852804,0.398900184397125,Excluded,Excluded
IM2,3.2430648,4.4820346,0.0347357,0.0169034,1.324023,pptt1jmatch_run_35_416_365,416.0,365.0,1.736,1.3111554708641768,0.38732409607011953,0.5352961186591153,Excluded,Excluded
IM3,2.3564311,3.4649587,0.024198,0.0141851,1.324023,pptt1jmatch_run_35_416_365,416.0,365.0,1.736,1.3111554708641768,0.5010160727168264,0.7367073028360558,Excluded,Excluded
IM4,2.1364435,3.4222978,0.0153343,0.0113433,1.324023,pptt1jmatch_run_35_416_365,416.0,365.0,1.736,1.3111554708641768,0.5072615246984059,0.8125653685669666,Excluded,Excluded
IM5,2.1578782,3.2903827,0.0066561,0.0075063,1.324023,pptt1jmatch_run_35_416_365,416.0,365.0,1.736,1.3111554708641768,0.5275982030904794,0.804493970048912,Excluded,Excluded
IM6,2.3280718,3.4144811,0.003133,0.005159,1.324023,pptt1jmatch_run_35_416_365,416.0,365.0,1.736,1.3111554708641768,0.5084227878725116,0.7456814691024564,Excluded,Excluded
IM7,2.3261666,2.7321214,0.0015508,0.0036324,1.324023,pptt1jmatch_run_35_416_365,416.0,365.0,1.736,1.3111554708641768,0.6354036830135,0.7462922045222384,Excluded,Excluded
IM8,2.3893546,2.5552754,0.0008356,0.0026674,1.324023,pptt1jmatch_run_35_416_365,416.0,365.0,1.736,1.3111554708641768,0.6793788254682841,0.7265560331647718,Excluded,Excluded
IM9,4.3561167,4.131431,0.0002894,0.0015702,1.324023,pptt1jmatch_run_35_416_365,416.0,365.0,1.736,1.3111554708641768,0.42019339061937616,0.39852008556152774,Excluded,Excluded
IM10,7.5950597,11.7809743,0.0001226,0.001022,1.324023,pptt1jmatch_run_35_416_365,416.0,365.0,1.736,1.3111554708641768,0.14735623351627208,0.22856963191480903,Excluded,Excluded
IM11,9.3957467,8.4305306,5.99e-05,0.0007145,1.324023,pptt1jmatch_run_35_416_365,416.0,365.0,1.736,1.3111554708641768,0.2059182372222218,0.18476445304767528,Excluded,Excluded
IM12,-1.0,-1.0,0.0,0.0,1.324023,pptt1jmatch_run_35_416_365,416.0,365.0,1.736,1.3111554708641768,-1.736,-1.736,Excluded,Excluded
EM0,17.1593268,19.2273513,0.021415,0.0133635,1.324023,pptt1jmatch_run_35_416_365,416.0,365.0,1.736,1.3111554708641768,0.0902880471113044,0.10116947012163671,Excluded,Excluded
EM1,7.2876648,7.1489844,0.0174316,0.0120813,1.324023,pptt1jmatch_run_35_416_365,416.0,365.0,1.736,1.3111554708641768,0.24283169508664756,0.2382107365860186,Excluded,Excluded
EM2,4.739629,4.7035363,0.0105377,0.0094262,1.324023,pptt1jmatch_run_35_416_365,416.0,365.0,1.736,1.3111554708641768,0.36908400175416956,0.36627339397239744,Excluded,Excluded
EM3,2.6046847,3.1597256,0.0088637,0.0086524,1.324023,pptt1jmatch_run_35_416_365,416.0,365.0,1.736,1.3111554708641768,0.5494147972849288,0.6664914183279074,Excluded,Excluded
EM4,2.0143362,2.8307721,0.0086782,0.0085622,1.324023,pptt1jmatch_run_35_416_365,416.0,365.0,1.736,1.3111554708641768,0.6132602479726291,0.8618223710619907,Excluded,Excluded
EM5,1.7412162,2.1204563,0.0035231,0.0054697,1.324023,pptt1jmatch_run_35_416_365,416.0,365.0,1.736,1.3111554708641768,0.8186917127223985,0.9970042778145528,Excluded,Excluded
EM6,1.8411237,2.544332,0.0015822,0.0036691,1.324023,pptt1jmatch_run_35_416_365,416.0,365.0,1.736,1.3111554708641768,0.6823008946945603,0.9429024242097367,Excluded,Excluded
EM7,2.0210246,2.9313603,0.0007151,0.0024677,1.324023,pptt1jmatch_run_35_416_365,416.0,365.0,1.736,1.3111554708641768,0.5922165214559261,0.8589702470717081,Excluded,Excluded
EM8,1.4785074,1.713895,0.0005462,0.0021569,1.324023,pptt1jmatch_run_35_416_365,416.0,365.0,1.736,1.3111554708641768,1.0128975228937596,1.1741571263018364,Included,Included
EM9,2.9239562,2.5088185,0.0001668,0.0011922,1.324023,pptt1jmatch_run_35_416_365,416.0,365.0,1.736,1.3111554708641768,0.6919591831772606,0.593716143901198,Excluded,Excluded
EM10,5.0014535,10.6628051,6.27e-05,0.0007308,1.324023,pptt1jmatch_run_35_416_365,416.0,365.0,1.736,1.3111554708641768,0.1628089403978696,0.3470990982921265,Excluded,Excluded
EM11,3.6718866,4.1129936,5.99e-05,0.0007145,1.324023,pptt1jmatch_run_35_416_365,416.0,365.0,1.736,1.3111554708641768,0.422077000071189,0.47278148513627843,Excluded,Excluded
EM12,-1.0,-1.0,0.0,0.0,1.324023,pptt1jmatch_run_35_416_365,416.0,365.0,1.736,1.3111554708641768,-1.736,-1.736,Excluded,Excluded
IM0,7.905167,-1.0,0.0715724,0.0244195,1.247934,pptt1jmatch_run_36_420_365,420.0,365.0,1.64,1.3141720635866958,-1.6399999999999997,0.20745924785649686,Excluded,Excluded
IM1,4.324284,5.4384812,0.0521944,0.0210699,1.247934,pptt1jmatch_run_36_420_365,420.0,365.0,1.64,1.3141720635866958,0.3015547796690002,0.37925353653922816,Excluded,Excluded
IM2,3.2057015,4.4008762,0.0353157,0.0174851,1.247934,pptt1jmatch_run_36_420_365,420.0,365.0,1.64,1.3141720635866958,0.37265306395121944,0.5115884931894001,Excluded,Excluded
IM3,2.4629394,3.6390393,0.0230295,0.0142093,1.247934,pptt1jmatch_run_36_420_365,420.0,365.0,1.64,1.3141720635866958,0.45066839481508203,0.6658710319872263,Excluded,Excluded
IM4,2.2279343,3.5343234,0.0148011,0.0114393,1.247934,pptt1jmatch_run_36_420_365,420.0,365.0,1.64,1.3141720635866958,0.4640209212320524,0.7361078825349562,Excluded,Excluded
IM5,2.0957223,3.1434395,0.0069353,0.0078616,1.247934,pptt1jmatch_run_36_420_365,420.0,365.0,1.64,1.3141720635866958,0.5217215091939895,0.7825464280262704,Excluded,Excluded
IM6,2.5519525,3.7288047,0.0028559,0.0050553,1.247934,pptt1jmatch_run_36_420_365,420.0,365.0,1.64,1.3141720635866958,0.439819226788681,0.6426451903003679,Excluded,Excluded
IM7,2.9769598,3.5149026,0.0012036,0.0032845,1.247934,pptt1jmatch_run_36_420_365,420.0,365.0,1.64,1.3141720635866958,0.4665847639704155,0.5508975969376542,Excluded,Excluded
IM8,5.5633574,5.939405,0.0003603,0.0017977,1.247934,pptt1jmatch_run_36_420_365,420.0,365.0,1.64,1.3141720635866958,0.27612193477292757,0.29478602255537273,Excluded,Excluded
IM9,20.460237,19.3692589,6.17e-05,0.0007438,1.247934,pptt1jmatch_run_36_420_365,420.0,365.0,1.64,1.3141720635866958,0.08467025034189614,0.08015547424988283,Excluded,Excluded
IM10,-1.0,-1.0,0.0,0.0,1.247934,pptt1jmatch_run_36_420_365,420.0,365.0,1.64,1.3141720635866958,-1.6399999999999997,-1.6399999999999997,Excluded,Excluded
IM11,-1.0,-1.0,0.0,0.0,1.247934,pptt1jmatch_run_36_420_365,420.0,365.0,1.64,1.3141720635866958,-1.6399999999999997,-1.6399999999999997,Excluded,Excluded
IM12,-1.0,-1.0,0.0,0.0,1.247934,pptt1jmatch_run_36_420_365,420.0,365.0,1.64,1.3141720635866958,-1.6399999999999997,-1.6399999999999997,Excluded,Excluded
EM0,18.941729,21.2242299,0.0193781,0.0130586,1.247934,pptt1jmatch_run_36_420_365,420.0,365.0,1.64,1.3141720635866958,0.07727017694997733,0.08658132528450807,Excluded,Excluded
EM1,7.5119412,7.383073,0.0168786,0.0122029,1.247934,pptt1jmatch_run_36_420_365,420.0,365.0,1.64,1.3141720635866958,0.2221297283664945,0.2183190677797105,Excluded,Excluded
EM2,4.0681474,4.017871,0.0122862,0.0104355,1.247934,pptt1jmatch_run_36_420_365,420.0,365.0,1.64,1.3141720635866958,0.40817637002283036,0.4031319022511327,Excluded,Excluded
EM3,2.7934998,3.3951837,0.0082284,0.0085577,1.247934,pptt1jmatch_run_36_420_365,420.0,365.0,1.64,1.3141720635866958,0.48303719177256876,0.5870771854001922,Excluded,Excluded
EM4,2.2294506,3.1358824,0.0078658,0.0083685,1.247934,pptt1jmatch_run_36_420_365,420.0,365.0,1.64,1.3141720635866958,0.522978795378296,0.7356072388417128,Excluded,Excluded
EM5,1.5075828,1.8334966,0.0040794,0.0060381,1.247934,pptt1jmatch_run_36_420_365,420.0,365.0,1.64,1.3141720635866958,0.8944657983003621,1.0878341143186296,Excluded,Included
EM6,1.7671365,2.4383615,0.0016524,0.0038476,1.247934,pptt1jmatch_run_36_420_365,420.0,365.0,1.64,1.3141720635866958,0.6725827979157314,0.9280550766734769,Excluded,Excluded
EM7,1.709121,2.4848527,0.0008433,0.0027498,1.247934,pptt1jmatch_run_36_420_365,420.0,365.0,1.64,1.3141720635866958,0.6599988804165333,0.9595575737469727,Excluded,Excluded
EM8,2.7005803,3.1174502,0.0002986,0.0016367,1.247934,pptt1jmatch_run_36_420_365,420.0,365.0,1.64,1.3141720635866958,0.5260709537557328,0.6072768878599906,Excluded,Excluded
EM9,7.9242646,6.7853659,6.17e-05,0.0007438,1.247934,pptt1jmatch_run_36_420_365,420.0,365.0,1.64,1.3141720635866958,0.2416966194851776,0.2069592678669513,Excluded,Excluded
EM10,-1.0,-1.0,0.0,0.0,1.247934,pptt1jmatch_run_36_420_365,420.0,365.0,1.64,1.3141720635866958,-1.6399999999999997,-1.6399999999999997,Excluded,Excluded
EM11,-1.0,-1.0,0.0,0.0,1.247934,pptt1jmatch_run_36_420_365,420.0,365.0,1.64,1.3141720635866958,-1.6399999999999997,-1.6399999999999997,Excluded,Excluded
EM12,-1.0,-1.0,0.0,0.0,1.247934,pptt1jmatch_run_36_420_365,420.0,365.0,1.64,1.3141720635866958,-1.6399999999999997,-1.6399999999999997,Excluded,Excluded
IM0,9.073573,11.5001042,0.0622082,0.0244156,1.091643,pptt1jmatch_run_37_430_364,430.0,364.0,1.44,1.319112567020537,0.1252162567361781,0.15870264117564273,Excluded,Excluded
IM1,4.9890861,6.2684527,0.0453628,0.0210358,1.091643,pptt1jmatch_run_37_430_364,430.0,364.0,1.44,1.319112567020537,0.22972176211842515,0.28863001582594455,Excluded,Excluded
IM2,3.9431257,5.3961597,0.0288284,0.0169141,1.091643,pptt1jmatch_run_37_430_364,430.0,364.0,1.44,1.319112567020537,0.266856446075901,0.3651925171951784,Excluded,Excluded
IM3,3.1930407,4.7221984,0.0178631,0.0133892,1.091643,pptt1jmatch_run_37_430_364,430.0,364.0,1.44,1.319112567020537,0.30494271481689544,0.4509807845543591,Excluded,Excluded
IM4,2.7619993,4.3678296,0.0119563,0.0109869,1.091643,pptt1jmatch_run_37_430_364,430.0,364.0,1.44,1.319112567020537,0.3296831909376684,0.5213614645014574,Excluded,Excluded
IM5,3.0783189,4.6973496,0.00466,0.0068844,1.091643,pptt1jmatch_run_37_430_364,430.0,364.0,1.44,1.319112567020537,0.30655585013301967,0.4677877915767596,Excluded,Excluded
IM6,3.7039626,5.4173843,0.0019672,0.0044791,1.091643,pptt1jmatch_run_37_430_364,430.0,364.0,1.44,1.319112567020537,0.26581093757738394,0.3887728240020566,Excluded,Excluded
IM7,3.6909927,4.3358374,0.0009742,0.0031535,1.091643,pptt1jmatch_run_37_430_364,430.0,364.0,1.44,1.319112567020537,0.33211577537478687,0.39013894554708817,Excluded,Excluded
IM8,3.6654947,3.913713,0.0005481,0.002366,1.091643,pptt1jmatch_run_37_430_364,430.0,364.0,1.44,1.319112567020537,0.3679370459714343,0.3928528392088522,Excluded,Excluded
IM9,6.6674623,6.3034495,0.0001897,0.0013921,1.091643,pptt1jmatch_run_37_430_364,430.0,364.0,1.44,1.319112567020537,0.22844634513213755,0.21597422455617032,Excluded,Excluded
IM10,-1.0,-1.0,0.0,0.0,1.091643,pptt1jmatch_run_37_430_364,430.0,364.0,1.44,1.319112567020537,-1.44,-1.44,Excluded,Excluded
IM11,-1.0,-1.0,0.0,0.0,1.091643,pptt1jmatch_run_37_430_364,430.0,364.0,1.44,1.319112567020537,-1.44,-1.44,Excluded,Excluded
IM12,-1.0,-1.0,0.0,0.0,1.091643,pptt1jmatch_run_37_430_364,430.0,364.0,1.44,1.319112567020537,-1.44,-1.44,Excluded,Excluded
EM0,21.7444733,24.3365691,0.0168455,0.0130089,1.091643,pptt1jmatch_run_37_430_364,430.0,364.0,1.44,1.319112567020537,0.059170213931264454,0.0662237240761311,Excluded,Excluded
EM1,7.7249492,7.534291,0.0165343,0.0128903,1.091643,pptt1jmatch_run_37_430_364,430.0,364.0,1.44,1.319112567020537,0.19112614577801681,0.18640899282548032,Excluded,Excluded
EM2,4.5580521,4.5369338,0.0109653,0.010527,1.091643,pptt1jmatch_run_37_430_364,430.0,364.0,1.44,1.319112567020537,0.3173949771980363,0.3159244274544382,Excluded,Excluded
EM3,3.9148259,4.7421966,0.0059068,0.0077461,1.091643,pptt1jmatch_run_37_430_364,430.0,364.0,1.44,1.319112567020537,0.3036567484359463,0.3678324494583527,Excluded,Excluded
EM4,2.3977478,3.3844702,0.0072963,0.008603,1.091643,pptt1jmatch_run_37_430_364,430.0,364.0,1.44,1.319112567020537,0.4254727963035396,0.6005635788718063,Excluded,Excluded
EM5,2.2747077,2.7689679,0.0026928,0.0052385,1.091643,pptt1jmatch_run_37_430_364,430.0,364.0,1.44,1.319112567020537,0.5200493656860378,0.633048369247618,Excluded,Excluded
EM6,2.9487441,4.0602283,0.000993,0.0031839,1.091643,pptt1jmatch_run_37_430_364,430.0,364.0,1.44,1.319112567020537,0.35465985989014454,0.4883434951171246,Excluded,Excluded
EM7,3.381206,4.925609,0.000426,0.002086,1.091643,pptt1jmatch_run_37_430_364,430.0,364.0,1.44,1.319112567020537,0.2923496363596867,0.42588354569345965,Excluded,Excluded
EM8,2.2701592,2.6013102,0.0003585,0.0019135,1.091643,pptt1jmatch_run_37_430_364,430.0,364.0,1.44,1.319112567020537,0.5535671985601717,0.6343167474774456,Excluded,Excluded
EM9,2.5784161,2.1877747,0.0001897,0.0013921,1.091643,pptt1jmatch_run_37_430_364,430.0,364.0,1.44,1.319112567020537,0.658203059026142,0.5584823954519986,Excluded,Excluded
EM10,-1.0,-1.0,0.0,0.0,1.091643,pptt1jmatch_run_37_430_364,430.0,364.0,1.44,1.319112567020537,-1.44,-1.44,Excluded,Excluded
EM11,-1.0,-1.0,0.0,0.0,1.091643,pptt1jmatch_run_37_430_364,430.0,364.0,1.44,1.319112567020537,-1.44,-1.44,Excluded,Excluded
EM12,-1.0,-1.0,0.0,0.0,1.091643,pptt1jmatch_run_37_430_364,430.0,364.0,1.44,1.319112567020537,-1.44,-1.44,Excluded,Excluded
IM0,4.9296401,6.2283862,0.1144304,0.0265879,1.625899,pptt1jmatch_run_38_401_380,401.0,380.0,2.122,1.3051241190258436,0.34069820525901234,0.43045738775128833,Excluded,Excluded
IM1,2.6575035,3.3430574,0.0851235,0.0233082,1.625899,pptt1jmatch_run_38_401_380,401.0,380.0,2.122,1.3051241190258436,0.6347482995655414,0.7984937743261674,Excluded,Excluded
IM2,1.9051249,2.6083922,0.0597228,0.0197925,1.625899,pptt1jmatch_run_38_401_380,401.0,380.0,2.122,1.3051241190258436,0.8135279656180538,1.1138377331585976,Excluded,Included
IM3,1.2958231,1.9164479,0.0437794,0.017089,1.625899,pptt1jmatch_run_38_401_380,401.0,380.0,2.122,1.3051241190258436,1.1072568161127676,1.6375692021542136,Included,Included
IM4,1.0209397,1.6253714,0.0321701,0.0147376,1.625899,pptt1jmatch_run_38_401_380,401.0,380.0,2.122,1.3051241190258436,1.3055477658829238,2.0784773086990347,Included,Included
IM5,0.8753777,1.3276098,0.0164817,0.010634,1.625899,pptt1jmatch_run_38_401_380,401.0,380.0,2.122,1.3051241190258436,1.5983612052276202,2.424096478582902,Included,Included
IM6,0.8253341,1.2142233,0.0087974,0.0077994,1.625899,pptt1jmatch_run_38_401_380,401.0,380.0,2.122,1.3051241190258436,1.7476192393936105,2.5710800026316614,Included,Included
IM7,0.9445515,1.114465,0.0038057,0.0051427,1.625899,pptt1jmatch_run_38_401_380,401.0,380.0,2.122,1.3051241190258436,1.904052617175057,2.246568874222316,Included,Included
IM8,0.9864875,1.0639062,0.0020304,0.0037597,1.625899,pptt1jmatch_run_38_401_380,401.0,380.0,2.122,1.3051241190258436,1.9945367364152968,2.1510662831510787,Included,Included
IM9,1.2020133,1.1379952,0.001051,0.0027063,1.625899,pptt1jmatch_run_38_401_380,401.0,380.0,2.122,1.3051241190258436,1.8646827332839364,1.765371481330531,Included,Included
IM10,3.0821792,4.791821,0.0003018,0.0014509,1.625899,pptt1jmatch_run_38_401_380,401.0,380.0,2.122,1.3051241190258436,0.4428379106815551,0.6884739213086636,Excluded,Excluded
IM11,1.8716582,1.6637277,0.0003018,0.0014509,1.625899,pptt1jmatch_run_38_401_380,401.0,380.0,2.122,1.3051241190258436,1.275449101436491,1.1337540155569004,Included,Included
IM12,1.4583918,1.1525526,0.0002382,0.001289,1.625899,pptt1jmatch_run_38_401_380,401.0,380.0,2.122,1.3051241190258436,1.8411307214959214,1.4550273801594331,Included,Included
EM0,12.4911816,13.9607943,0.0293069,0.0140873,1.625899,pptt1jmatch_run_38_401_380,401.0,380.0,2.122,1.3051241190258436,0.15199708228635672,0.16987984547434645,Excluded,Excluded
EM1,5.0524356,4.8674871,0.0254007,0.0131413,1.625899,pptt1jmatch_run_38_401_380,401.0,380.0,2.122,1.3051241190258436,0.43595390319575783,0.4199954572404644,Excluded,Excluded
EM2,3.1406829,3.0924835,0.0159434,0.0104617,1.625899,pptt1jmatch_run_38_401_380,401.0,380.0,2.122,1.3051241190258436,0.6861798939266773,0.6756492353939967,Excluded,Excluded
EM3,2.0021706,2.4198986,0.0116093,0.0089468,1.625899,pptt1jmatch_run_38_401_380,401.0,380.0,2.122,1.3051241190258436,0.8768962468096804,1.0598497450716737,Excluded,Included
EM4,1.1145372,1.5696674,0.0156884,0.0103791,1.625899,pptt1jmatch_run_38_401_380,401.0,380.0,2.122,1.3051241190258436,1.3518787483259191,1.9039292721678558,Included,Included
EM5,0.8027935,0.974885,0.0076844,0.0072934,1.625899,pptt1jmatch_run_38_401_380,401.0,380.0,2.122,1.3051241190258436,2.176666991491304,2.6432700314588993,Included,Included
EM6,0.5819072,0.8087189,0.0049917,0.0058863,1.625899,pptt1jmatch_run_38_401_380,401.0,380.0,2.122,1.3051241190258436,2.6239030644640553,3.6466295656764514,Included,Included
EM7,0.8058868,1.1799006,0.0017753,0.003516,1.625899,pptt1jmatch_run_38_401_380,401.0,380.0,2.122,1.3051241190258436,1.7984565818510472,2.6331241558988183,Included,Included
EM8,0.8279856,0.9474044,0.0009794,0.0026125,1.625899,pptt1jmatch_run_38_401_380,401.0,380.0,2.122,1.3051241190258436,2.2398038261169146,2.562846503610691,Included,Included
EM9,0.6522565,0.5584599,0.0007492,0.0022852,1.625899,pptt1jmatch_run_38_401_380,401.0,380.0,2.122,1.3051241190258436,3.7997356658911405,3.25332135440582,Included,Included
EM10,-1.0,-1.0,0.0,0.0,1.625899,pptt1jmatch_run_38_401_380,401.0,380.0,2.122,1.3051241190258436,-2.122,-2.122,Excluded,Excluded
EM11,3.4621151,3.8759129,6.36e-05,0.0006662,1.625899,pptt1jmatch_run_38_401_380,401.0,380.0,2.122,1.3051241190258436,0.547483923077838,0.6129201192646656,Excluded,Excluded
EM12,1.0671101,0.8583804,0.0002382,0.001289,1.625899,pptt1jmatch_run_38_401_380,401.0,380.0,2.122,1.3051241190258436,2.4720974523649417,1.9885483231767742,Included,Included
IM0,5.2946246,6.7545203,0.1061377,0.0265787,1.538554,pptt1jmatch_run_39_405_379,405.0,379.0,2.01,1.3064214840688073,0.2975784971732189,0.37963031411141024,Excluded,Excluded
IM1,2.8293877,3.5400821,0.0800585,0.0234179,1.538554,pptt1jmatch_run_39_405_379,405.0,379.0,2.01,1.3064214840688073,0.5677834420845776,0.7104010524962697,Excluded,Excluded
IM2,2.0473686,2.8104222,0.0553768,0.0197359,1.538554,pptt1jmatch_run_39_405_379,405.0,379.0,2.01,1.3064214840688073,0.7151950336856859,0.9817479861711271,Excluded,Excluded
IM3,1.5016991,2.20845,0.0380339,0.0165055,1.538554,pptt1jmatch_run_39_405_379,405.0,379.0,2.01,1.3064214840688073,0.9101405963458533,1.3384838547216282,Excluded,Included
IM4,1.2387499,1.9788145,0.0264532,0.0138478,1.538554,pptt1jmatch_run_39_405_379,405.0,379.0,2.01,1.3064214840688073,1.0157596884397198,1.6226035618650705,Included,Included
IM5,1.1672565,1.7706967,0.0123349,0.0095244,1.538554,pptt1jmatch_run_39_405_379,405.0,379.0,2.01,1.3064214840688073,1.1351464087553784,1.72198655565422,Included,Included
IM6,1.1896596,1.7401261,0.0061069,0.0067227,1.538554,pptt1jmatch_run_39_405_379,405.0,379.0,2.01,1.3064214840688073,1.155088703054336,1.6895589292937239,Included,Included
IM7,1.188634,1.4062709,0.0030108,0.0047277,1.538554,pptt1jmatch_run_39_405_379,405.0,379.0,2.01,1.3064214840688073,1.429312090579418,1.6910167469549078,Included,Included
IM8,1.1069082,1.184677,0.001804,0.0036618,1.538554,pptt1jmatch_run_39_405_379,405.0,379.0,2.01,1.3064214840688073,1.696664998138733,1.815868741418665,Included,Included
IM9,1.2650488,1.1892206,0.0010002,0.0027276,1.538554,pptt1jmatch_run_39_405_379,405.0,379.0,2.01,1.3064214840688073,1.6901826288579256,1.5888715123084578,Included,Included
IM10,2.1298075,3.2821755,0.0004396,0.0018089,1.538554,pptt1jmatch_run_39_405_379,405.0,379.0,2.01,1.3064214840688073,0.6123986971446225,0.9437472635437708,Excluded,Excluded
IM11,8.8430838,7.8990722,6.37e-05,0.0006884,1.538554,pptt1jmatch_run_39_405_379,405.0,379.0,2.01,1.3064214840688073,0.2544602643333226,0.2272962741798285,Excluded,Excluded
IM12,-1.0,-1.0,0.0,0.0,1.538554,pptt1jmatch_run_39_405_379,405.0,379.0,2.01,1.3064214840688073,-2.01,-2.01,Excluded,Excluded
EM0,14.0113659,15.7353862,0.0260792,0.0137522,1.538554,pptt1jmatch_run_39_405_379,405.0,379.0,2.01,1.3064214840688073,0.12773757024152352,0.14345496465837065,Excluded,Excluded
EM1,5.1810017,5.0387198,0.0246817,0.0133883,1.538554,pptt1jmatch_run_39_405_379,405.0,379.0,2.01,1.3064214840688073,0.3989108503314671,0.38795586575468594,Excluded,Excluded
EM2,2.87843,2.8594908,0.0173429,0.0112649,1.538554,pptt1jmatch_run_39_405_379,405.0,379.0,2.01,1.3064214840688073,0.7029223524691878,0.6982973357003645,Excluded,Excluded
EM3,1.9896609,2.428849,0.0115807,0.0092321,1.538554,pptt1jmatch_run_39_405_379,405.0,379.0,2.01,1.3064214840688073,0.8275524744436561,1.0102223951830183,Excluded,Included
EM4,1.2416852,1.7473263,0.0141183,0.0101804,1.538554,pptt1jmatch_run_39_405_379,405.0,379.0,2.01,1.3064214840688073,1.1503289339833092,1.6187677842983066,Included,Included
EM5,0.9859739,1.2028279,0.006228,0.0067886,1.538554,pptt1jmatch_run_39_405_379,405.0,379.0,2.01,1.3064214840688073,1.6710620031344467,2.0385935165220905,Included,Included
EM6,0.9366832,1.3020951,0.0030961,0.004794,1.538554,pptt1jmatch_run_39_405_379,405.0,379.0,2.01,1.3064214840688073,1.5436660501986372,2.145869596038447,Included,Included
EM7,1.1903727,1.7389957,0.0012068,0.0029958,1.538554,pptt1jmatch_run_39_405_379,405.0,379.0,2.01,1.3064214840688073,1.1558395457792103,1.6885467887494394,Included,Included
EM8,1.0,1.1605202,0.0008038,0.0024455,1.538554,pptt1jmatch_run_39_405_379,405.0,379.0,2.01,1.3064214840688073,1.7319819163854278,2.01,Included,Included
EM9,0.8714692,0.7385263,0.0005606,0.0020424,1.538554,pptt1jmatch_run_39_405_379,405.0,379.0,2.01,1.3064214840688073,2.7216363181649723,2.306449843551556,Included,Included
EM10,0.8334804,1.7763718,0.000376,0.0016729,1.538554,pptt1jmatch_run_39_405_379,405.0,379.0,2.01,1.3064214840688073,1.1315198766384378,2.4115744053489436,Included,Included
EM11,3.4460432,3.8878091,6.37e-05,0.0006884,1.538554,pptt1jmatch_run_39_405_379,405.0,379.0,2.01,1.3064214840688073,0.517000693269636,0.5832776559504534,Excluded,Excluded
EM12,-1.0,-1.0,0.0,0.0,1.538554,pptt1jmatch_run_39_405_379,405.0,379.0,2.01,1.3064214840688073,-2.01,-2.01,Excluded,Excluded
IM0,5.5986801,7.1436708,0.1008062,0.0266693,1.434744,pptt1jmatch_run_40_410_379,410.0,379.0,1.88,1.3103382903152059,0.26317002177647936,0.3357934310267164,Excluded,Excluded
IM1,2.9522944,3.7068366,0.0768066,0.0235878,1.434744,pptt1jmatch_run_40_410_379,410.0,379.0,1.88,1.3103382903152059,0.5071709931859418,0.6367928618500918,Excluded,Excluded
IM2,2.1845004,2.9906834,0.0520909,0.0196837,1.434744,pptt1jmatch_run_40_410_379,410.0,379.0,1.88,1.3103382903152059,0.6286188635012318,0.8606086773891182,Excluded,Excluded
IM3,1.5716302,2.3133092,0.0363555,0.01658,1.434744,pptt1jmatch_run_40_410_379,410.0,379.0,1.88,1.3103382903152059,0.8126885934660182,1.196210151726532,Excluded,Included
IM4,1.3086128,2.0826943,0.0251436,0.0138684,1.434744,pptt1jmatch_run_40_410_379,410.0,379.0,1.88,1.3103382903152059,0.9026768834965361,1.436635802431399,Excluded,Included
IM5,1.1350016,1.7202234,0.0126921,0.0099159,1.434744,pptt1jmatch_run_40_410_379,410.0,379.0,1.88,1.3103382903152059,1.092881308323093,1.6563853302057014,Included,Included
IM6,1.1848253,1.7271592,0.0061588,0.0069303,1.434744,pptt1jmatch_run_40_410_379,410.0,379.0,1.88,1.3103382903152059,1.088492595239628,1.5867318160744877,Included,Included
IM7,1.0583524,1.2448347,0.0034034,0.0051589,1.434744,pptt1jmatch_run_40_410_379,410.0,379.0,1.88,1.3103382903152059,1.510240676934857,1.7763459505548433,Included,Included
IM8,1.0655401,1.139153,0.0018793,0.0038365,1.434744,pptt1jmatch_run_40_410_379,410.0,379.0,1.88,1.3103382903152059,1.6503489873616621,1.7643634434781006,Included,Included
IM9,1.4004371,1.3139276,0.0009074,0.0026672,1.434744,pptt1jmatch_run_40_410_379,410.0,379.0,1.88,1.3103382903152059,1.4308246512212695,1.34243801453132,Included,Included
IM10,2.1746686,3.3442107,0.0004306,0.0018376,1.434744,pptt1jmatch_run_40_410_379,410.0,379.0,1.88,1.3103382903152059,0.5621655358019158,0.8644995379985713,Excluded,Excluded
IM11,4.5894583,4.1337539,0.0001223,0.0009794,1.434744,pptt1jmatch_run_40_410_379,410.0,379.0,1.88,1.3103382903152059,0.4547924345472041,0.40963440064375345,Excluded,Excluded
IM12,2.8621485,2.3004366,0.0001223,0.0009794,1.434744,pptt1jmatch_run_40_410_379,410.0,379.0,1.88,1.3103382903152059,0.8172361716032512,0.6568492165937581,Excluded,Excluded
EM0,15.3012338,17.0889182,0.0239996,0.0135571,1.434744,pptt1jmatch_run_40_410_379,410.0,379.0,1.88,1.3103382903152059,0.11001281520558744,0.12286590902231685,Excluded,Excluded
EM1,5.1524004,5.0347619,0.0247157,0.0137529,1.434744,pptt1jmatch_run_40_410_379,410.0,379.0,1.88,1.3103382903152059,0.373403953819544,0.36487847489492464,Excluded,Excluded
EM2,3.1702992,3.1303534,0.0157354,0.0110239,1.434744,pptt1jmatch_run_40_410_379,410.0,379.0,1.88,1.3103382903152059,0.6005711687376893,0.5930039663133371,Excluded,Excluded
EM3,2.0602983,2.4951968,0.0112119,0.0093268,1.434744,pptt1jmatch_run_40_410_379,410.0,379.0,1.88,1.3103382903152059,0.7534475837737528,0.9124892254679818,Excluded,Excluded
EM4,1.4106435,1.9883294,0.0124516,0.0098227,1.434744,pptt1jmatch_run_40_410_379,410.0,379.0,1.88,1.3103382903152059,0.9455173775532362,1.3327251002822469,Excluded,Included
EM5,0.9411191,1.1467251,0.0065332,0.0071365,1.434744,pptt1jmatch_run_40_410_379,410.0,379.0,1.88,1.3103382903152059,1.639451338424527,1.9976217675318668,Included,Included
EM6,1.0489786,1.4658717,0.0027554,0.0046434,1.434744,pptt1jmatch_run_40_410_379,410.0,379.0,1.88,1.3103382903152059,1.2825133331928023,1.7922195934216385,Included,Included
EM7,0.9432955,1.3766732,0.0015241,0.0034556,1.434744,pptt1jmatch_run_40_410_379,410.0,379.0,1.88,1.3103382903152059,1.3656109525485058,1.9930127939760125,Included,Included
EM8,0.8348783,0.9589595,0.0009719,0.0027602,1.434744,pptt1jmatch_run_40_410_379,410.0,379.0,1.88,1.3103382903152059,1.9604581841047508,2.251825206140823,Included,Included
EM9,1.0292486,0.8754077,0.0004769,0.0019339,1.434744,pptt1jmatch_run_40_410_379,410.0,379.0,1.88,1.3103382903152059,2.147570783304739,1.8265752316787214,Included,Included
EM10,1.0183018,2.1673526,0.0003083,0.0015551,1.434744,pptt1jmatch_run_40_410_379,410.0,379.0,1.88,1.3103382903152059,0.8674176965944533,1.8462110152412574,Excluded,Included
EM11,-1.0,-1.0,0.0,0.0,1.434744,pptt1jmatch_run_40_410_379,410.0,379.0,1.88,1.3103382903152059,-1.8799999999999997,-1.8799999999999997,Excluded,Excluded
EM12,2.0811347,1.6685455,0.0001223,0.0009794,1.434744,pptt1jmatch_run_40_410_379,410.0,379.0,1.88,1.3103382903152059,1.1267298374542376,0.9033533485362576,Included,Excluded
IM0,5.9835525,7.5791545,0.0942689,0.0269631,1.319985,pptt1jmatch_run_41_416_379,416.0,379.0,1.736,1.315166460224927,0.2290492956701173,0.29012864849100933,Excluded,Excluded
IM1,3.323466,4.1665079,0.0682545,0.0232702,1.319985,pptt1jmatch_run_41_416_379,416.0,379.0,1.736,1.315166460224927,0.4166558762555088,0.5223462493673774,Excluded,Excluded
IM2,2.3589639,3.2233328,0.0481918,0.0197627,1.319985,pptt1jmatch_run_41_416_379,416.0,379.0,1.736,1.315166460224927,0.5385729950069071,0.7359163063071885,Excluded,Excluded
IM3,1.7054518,2.4996412,0.0335761,0.0166221,1.319985,pptt1jmatch_run_41_416_379,416.0,379.0,1.736,1.315166460224927,0.6944996745932976,1.017912086404318,Excluded,Included
IM4,1.4385281,2.2915995,0.0227883,0.0137701,1.319985,pptt1jmatch_run_41_416_379,416.0,379.0,1.736,1.315166460224927,0.7575494758137276,1.2067890783641972,Excluded,Included
IM5,1.3540081,2.0587888,0.0106036,0.0094514,1.319985,pptt1jmatch_run_41_416_379,416.0,379.0,1.736,1.315166460224927,0.8432142238193642,1.2821193610289334,Excluded,Included
IM6,1.332423,1.9360864,0.0054987,0.0068236,1.319985,pptt1jmatch_run_41_416_379,416.0,379.0,1.736,1.315166460224927,0.89665419890352,1.302889547838787,Excluded,Included
IM7,1.3463031,1.5974162,0.0026577,0.0047507,1.319985,pptt1jmatch_run_41_416_379,416.0,379.0,1.736,1.315166460224927,1.0867549734377302,1.2894570323725763,Included,Included
IM8,1.8215778,1.9406503,0.0011012,0.0030604,1.319985,pptt1jmatch_run_41_416_379,416.0,379.0,1.736,1.315166460224927,0.8945455036386515,0.9530199588510576,Excluded,Excluded
IM9,2.070479,1.9572672,0.0006104,0.0022791,1.319985,pptt1jmatch_run_41_416_379,416.0,379.0,1.736,1.315166460224927,0.8869509487514019,0.8384533240858757,Excluded,Excluded
IM10,2.1844479,3.3793748,0.0004276,0.0019077,1.319985,pptt1jmatch_run_41_416_379,416.0,379.0,1.736,1.315166460224927,0.5137044875874673,0.7947088140669321,Excluded,Excluded
IM11,2.2503612,2.0086526,0.0002502,0.0014594,1.319985,pptt1jmatch_run_41_416_379,416.0,379.0,1.736,1.315166460224927,0.8642609478612678,0.7714317150508994,Excluded,Excluded
IM12,5.601982,4.4379776,6.25e-05,0.0007292,1.319985,pptt1jmatch_run_41_416_379,416.0,379.0,1.736,1.315166460224927,0.391169166784438,0.3098903209614026,Excluded,Excluded
EM0,14.0697473,15.8224594,0.0260145,0.0146882,1.319985,pptt1jmatch_run_41_416_379,416.0,379.0,1.736,1.315166460224927,0.10971745644043177,0.12338530060166752,Excluded,Excluded
EM1,6.3383899,6.1897071,0.0200627,0.0129384,1.319985,pptt1jmatch_run_41_416_379,416.0,379.0,1.736,1.315166460224927,0.28046561363137845,0.2738865906624015,Excluded,Excluded
EM2,3.4112916,3.3935704,0.0146156,0.0110738,1.319985,pptt1jmatch_run_41_416_379,416.0,379.0,1.736,1.315166460224927,0.5115556170574802,0.5088981545875468,Excluded,Excluded
EM3,2.1422633,2.605917,0.0107878,0.0095323,1.319985,pptt1jmatch_run_41_416_379,416.0,379.0,1.736,1.315166460224927,0.6661762442932757,0.8103579051183857,Excluded,Excluded
EM4,1.4354055,2.024199,0.0121847,0.0101235,1.319985,pptt1jmatch_run_41_416_379,416.0,379.0,1.736,1.315166460224927,0.8576231882339632,1.20941434319431,Excluded,Included
EM5,1.1980295,1.4666048,0.0051049,0.0065761,1.319985,pptt1jmatch_run_41_416_379,416.0,379.0,1.736,1.315166460224927,1.1836862936763877,1.4490461211514407,Included,Included
EM6,1.025902,1.418205,0.002841,0.0049114,1.319985,pptt1jmatch_run_41_416_379,416.0,379.0,1.736,1.315166460224927,1.2240825550607988,1.6921694274891752,Included,Included
EM7,0.9250847,1.3477318,0.0015565,0.0036376,1.319985,pptt1jmatch_run_41_416_379,416.0,379.0,1.736,1.315166460224927,1.288090108135758,1.876584922440075,Included,Included
EM8,1.6557917,1.8965559,0.0004908,0.0020438,1.319985,pptt1jmatch_run_41_416_379,416.0,379.0,1.736,1.315166460224927,0.9153434391256277,1.0484410569276317,Excluded,Included
EM9,2.672509,2.265186,0.0001828,0.0012475,1.319985,pptt1jmatch_run_41_416_379,416.0,379.0,1.736,1.315166460224927,0.7663829813534077,0.6495768583005708,Excluded,Excluded
EM10,1.7596945,3.7683637,0.0001774,0.0012288,1.319985,pptt1jmatch_run_41_416_379,416.0,379.0,1.736,1.315166460224927,0.46067740223694437,0.9865348786394457,Excluded,Excluded
EM11,1.1686527,1.3141118,0.0001877,0.0012643,1.319985,pptt1jmatch_run_41_416_379,416.0,379.0,1.736,1.315166460224927,1.3210443738500788,1.4854712610512943,Included,Included
EM12,4.0628705,3.2776883,6.25e-05,0.0007292,1.319985,pptt1jmatch_run_41_416_379,416.0,379.0,1.736,1.315166460224927,0.5296415769614212,0.4272841086123715,Excluded,Excluded
IM0,6.2656029,7.9616675,0.090163,0.0271097,1.247605,pptt1jmatch_run_42_420_379,420.0,379.0,1.64,1.3145186176714583,0.2059869995826879,0.2617465591379881,Excluded,Excluded
IM1,3.4110424,4.266364,0.0665054,0.0235837,1.247605,pptt1jmatch_run_42_420_379,420.0,379.0,1.64,1.3145186176714583,0.38440226853592424,0.4807914436947485,Excluded,Excluded
IM2,2.4087427,3.3077338,0.0471456,0.0200614,1.247605,pptt1jmatch_run_42_420_379,420.0,379.0,1.64,1.3145186176714583,0.4958077339839137,0.680853127235217,Excluded,Excluded
IM3,1.7983842,2.660267,0.0315697,0.01655,1.247605,pptt1jmatch_run_42_420_379,420.0,379.0,1.64,1.3145186176714583,0.6164794736768903,0.9119297200231185,Excluded,Excluded
IM4,1.4584935,2.3190535,0.0225356,0.014048,1.247605,pptt1jmatch_run_42_420_379,420.0,379.0,1.64,1.3145186176714583,0.7071850649413651,1.1244479320614043,Excluded,Included
IM5,1.2701484,1.935322,0.0113372,0.0100209,1.247605,pptt1jmatch_run_42_420_379,420.0,379.0,1.64,1.3145186176714583,0.8474042045716423,1.291187706885274,Excluded,Included
IM6,1.4672939,2.1501889,0.0049597,0.0066493,1.247605,pptt1jmatch_run_42_420_379,420.0,379.0,1.64,1.3145186176714583,0.7627236844167505,1.117703821981404,Excluded,Included
IM7,1.5775003,1.8613943,0.0022688,0.0045033,1.247605,pptt1jmatch_run_42_420_379,420.0,379.0,1.64,1.3145186176714583,0.8810599667141991,1.0396194536381387,Excluded,Included
IM8,1.4641353,1.5632914,0.0013733,0.0035052,1.247605,pptt1jmatch_run_42_420_379,420.0,379.0,1.64,1.3145186176714583,1.0490686509245812,1.120115060404595,Included,Included
IM9,1.2483794,1.1792458,0.0010133,0.0030115,1.247605,pptt1jmatch_run_42_420_379,420.0,379.0,1.64,1.3145186176714583,1.3907193903086192,1.3137031899116567,Included,Included
IM10,2.2508894,3.4872324,0.0004135,0.0019244,1.247605,pptt1jmatch_run_42_420_379,420.0,379.0,1.64,1.3145186176714583,0.47028698173370953,0.7286008810561726,Excluded,Excluded
IM11,4.8758783,4.3375813,0.0001159,0.001019,1.247605,pptt1jmatch_run_42_420_379,420.0,379.0,1.64,1.3145186176714583,0.3780908959562325,0.33634965827592533,Excluded,Excluded
IM12,3.0109437,2.3832017,0.0001159,0.001019,1.247605,pptt1jmatch_run_42_420_379,420.0,379.0,1.64,1.3145186176714583,0.6881498951599438,0.5446797294814911,Excluded,Excluded
EM0,15.5317401,17.3282214,0.0236576,0.0143852,1.247605,pptt1jmatch_run_42_420_379,420.0,379.0,1.64,1.3145186176714583,0.0946432967436577,0.10559022939097468,Excluded,Excluded
EM1,6.5624439,6.4016241,0.0193597,0.0130417,1.247605,pptt1jmatch_run_42_420_379,420.0,379.0,1.64,1.3145186176714583,0.2561849890561365,0.2499068982517321,Excluded,Excluded
EM2,3.2024116,3.1750008,0.0155759,0.0117205,1.247605,pptt1jmatch_run_42_420_379,420.0,379.0,1.64,1.3145186176714583,0.5165353029202386,0.5121140580430074,Excluded,Excluded
EM3,2.5686366,3.1145512,0.0090341,0.0089557,1.247605,pptt1jmatch_run_42_420_379,420.0,379.0,1.64,1.3145186176714583,0.5265606165023069,0.6384710083162406,Excluded,Excluded
EM4,1.5678705,2.1981357,0.0111984,0.0099601,1.247605,pptt1jmatch_run_42_420_379,420.0,379.0,1.64,1.3145186176714583,0.7460867861797613,1.0460047561326016,Excluded,Included
EM5,0.9623873,1.1741843,0.0063775,0.0075347,1.247605,pptt1jmatch_run_42_420_379,420.0,379.0,1.64,1.3145186176714583,1.3967142977469549,1.7040956380035355,Included,Included
EM6,1.0812221,1.4984242,0.0026909,0.0049033,1.247605,pptt1jmatch_run_42_420_379,420.0,379.0,1.64,1.3145186176714583,1.0944831243382214,1.5168021445362614,Included,Included
EM7,1.6073597,2.3491112,0.0008955,0.0028312,1.247605,pptt1jmatch_run_42_420_379,420.0,379.0,1.64,1.3145186176714583,0.6981363845185362,1.020306780118974,Excluded,Included
EM8,2.2559264,2.5858507,0.00036,0.0017955,1.247605,pptt1jmatch_run_42_420_379,420.0,379.0,1.64,1.3145186176714583,0.634220684125344,0.726974071494531,Excluded,Excluded
EM9,0.8185918,0.6966416,0.0005998,0.0023174,1.247605,pptt1jmatch_run_42_420_379,420.0,379.0,1.64,1.3145186176714583,2.35415169005124,2.0034405426489736,Included,Included
EM10,1.0487958,2.2445023,0.0002976,0.0016326,1.247605,pptt1jmatch_run_42_420_379,420.0,379.0,1.64,1.3145186176714583,0.7306742345507954,1.5636981002402945,Excluded,Included
EM11,-1.0,-1.0,0.0,0.0,1.247605,pptt1jmatch_run_42_420_379,420.0,379.0,1.64,1.3145186176714583,-1.64,-1.64,Excluded,Excluded
EM12,2.1941386,1.7680398,0.0001159,0.001019,1.247605,pptt1jmatch_run_42_420_379,420.0,379.0,1.64,1.3145186176714583,0.9275809288908541,0.7474459453017234,Excluded,Excluded
IM0,6.4694739,8.2063015,0.087122,0.0276267,1.165501,pptt1jmatch_run_43_425_380,425.0,380.0,1.54,1.3213201876274667,0.18766066540450652,0.2380409943380404,Excluded,Excluded
IM1,3.5594062,4.4802483,0.063537,0.0238955,1.165501,pptt1jmatch_run_43_425_380,425.0,380.0,1.54,1.3213201876274667,0.3437309490190532,0.4326564357841485,Excluded,Excluded
IM2,2.6332523,3.6217677,0.0429086,0.0198521,1.165501,pptt1jmatch_run_43_425_380,425.0,380.0,1.54,1.3213201876274667,0.4252067298518345,0.5848281230021142,Excluded,Excluded
IM3,1.8612811,2.7239964,0.0306728,0.0168916,1.165501,pptt1jmatch_run_43_425_380,425.0,380.0,1.54,1.3213201876274667,0.5653458279166595,0.8273871152508883,Excluded,Excluded
IM4,1.5964401,2.5568775,0.0205445,0.0138963,1.165501,pptt1jmatch_run_43_425_380,425.0,380.0,1.54,1.3213201876274667,0.6022971378175137,0.96464627767744,Excluded,Excluded
IM5,1.5226281,2.317973,0.0094483,0.0094771,1.165501,pptt1jmatch_run_43_425_380,425.0,380.0,1.54,1.3213201876274667,0.6643735712193369,1.0114091549998323,Excluded,Included
IM6,1.4546691,2.1310511,0.0050104,0.0069168,1.165501,pptt1jmatch_run_43_425_380,425.0,380.0,1.54,1.3213201876274667,0.7226480866648387,1.0586600072827559,Excluded,Included
IM7,1.5385636,1.807896,0.0023437,0.0047369,1.165501,pptt1jmatch_run_43_425_380,425.0,380.0,1.54,1.3213201876274667,0.8518189099372974,1.0009335980651044,Excluded,Included
IM8,1.7679209,1.886643,0.001134,0.003297,1.165501,pptt1jmatch_run_43_425_380,425.0,380.0,1.54,1.3213201876274667,0.8162646563234274,0.8710796959298349,Excluded,Excluded
IM9,1.3437266,1.2539483,0.0009506,0.003019,1.165501,pptt1jmatch_run_43_425_380,425.0,380.0,1.54,1.3213201876274667,1.2281208084894728,1.1460664691760958,Included,Included
IM10,1.9823383,3.0558594,0.0004712,0.002126,1.165501,pptt1jmatch_run_43_425_380,425.0,380.0,1.54,1.3213201876274667,0.5039498872232145,0.7768603371079497,Excluded,Excluded
IM11,2.4106722,2.1504729,0.0002355,0.0015031,1.165501,pptt1jmatch_run_43_425_380,425.0,380.0,1.54,1.3213201876274667,0.716121556333028,0.6388259672965906,Excluded,Excluded
IM12,1.99,1.5782897,0.0001758,0.0012989,1.165501,pptt1jmatch_run_43_425_380,425.0,380.0,1.54,1.3213201876274667,0.9757397517071803,0.7738693467336684,Excluded,Excluded
EM0,15.580563,17.3814446,0.0235849,0.0148659,1.165501,pptt1jmatch_run_43_425_380,425.0,380.0,1.54,1.3213201876274667,0.08860023061604444,0.09884110092812436,Excluded,Excluded
EM1,6.1752602,5.9857868,0.0206284,0.013924,1.165501,pptt1jmatch_run_43_425_380,425.0,380.0,1.54,1.3213201876274667,0.2572761194902565,0.2493822041701174,Excluded,Excluded
EM2,4.1030227,4.0539582,0.0122358,0.0107696,1.165501,pptt1jmatch_run_43_425_380,425.0,380.0,1.54,1.3213201876274667,0.3798756484464985,0.37533304409941476,Excluded,Excluded
EM3,2.2857097,2.7741139,0.0101283,0.0098088,1.165501,pptt1jmatch_run_43_425_380,425.0,380.0,1.54,1.3213201876274667,0.5551322171739235,0.6737513517136494,Excluded,Excluded
EM4,1.5679757,2.2255492,0.0110962,0.0102618,1.165501,pptt1jmatch_run_43_425_380,425.0,380.0,1.54,1.3213201876274667,0.6919640329676827,0.9821580780875622,Excluded,Excluded
EM5,1.3872088,1.6861812,0.004438,0.0065116,1.165501,pptt1jmatch_run_43_425_380,425.0,380.0,1.54,1.3213201876274667,0.9133063516542588,1.1101428999008658,Excluded,Included
EM6,1.0826354,1.5181505,0.0026667,0.005052,1.165501,pptt1jmatch_run_43_425_380,425.0,380.0,1.54,1.3213201876274667,1.0143921831201848,1.4224548726191661,Included,Included
EM7,1.1833944,1.7360064,0.0012096,0.0034051,1.165501,pptt1jmatch_run_43_425_380,425.0,380.0,1.54,1.3213201876274667,0.887093503802751,1.3013412941619462,Excluded,Included
EM8,4.4263748,5.0733855,0.0001834,0.0013265,1.165501,pptt1jmatch_run_43_425_380,425.0,380.0,1.54,1.3213201876274667,0.30354484199948933,0.3479145055678521,Excluded,Excluded
EM9,1.0174526,0.8687196,0.0004794,0.0021444,1.165501,pptt1jmatch_run_43_425_380,425.0,380.0,1.54,1.3213201876274667,1.7727239030867958,1.5135840234719535,Included,Included
EM10,1.3339841,2.8400573,0.0002357,0.0015039,1.165501,pptt1jmatch_run_43_425_380,425.0,380.0,1.54,1.3213201876274667,0.5422425808099013,1.1544365483816488,Excluded,Included
EM11,3.6961343,4.1333721,5.96e-05,0.0007566,1.165501,pptt1jmatch_run_43_425_380,425.0,380.0,1.54,1.3213201876274667,0.3725771507481749,0.4166515269750885,Excluded,Excluded
EM12,1.4470531,1.1598067,0.0001758,0.0012989,1.165501,pptt1jmatch_run_43_425_380,425.0,380.0,1.54,1.3213201876274667,1.3278074699861624,1.0642318516162261,Included,Included
IM0,8.0136142,10.1739597,0.0704818,0.0276535,0.955211,pptt1jmatch_run_44_440_380,440.0,380.0,1.26,1.3190802869732445,0.12384558590299902,0.1572324257886036,Excluded,Excluded
IM1,4.3553324,5.4731324,0.0520596,0.0240006,0.955211,pptt1jmatch_run_44_440_380,440.0,380.0,1.26,1.3190802869732445,0.2302155160726607,0.289300536510141,Excluded,Excluded
IM2,3.2263562,4.4307683,0.0351446,0.0198949,0.955211,pptt1jmatch_run_44_440_380,440.0,380.0,1.26,1.3190802869732445,0.2843750597385108,0.3905334445093198,Excluded,Excluded
IM3,2.3642843,3.4862702,0.0239868,0.0165309,0.955211,pptt1jmatch_run_44_440_380,440.0,380.0,1.26,1.3190802869732445,0.3614177696266916,0.5329308323876278,Excluded,Excluded
IM4,2.0712753,3.284404,0.0159086,0.0135181,0.955211,pptt1jmatch_run_44_440_380,440.0,380.0,1.26,1.3190802869732445,0.3836312463387574,0.6083208736182969,Excluded,Excluded
IM5,2.1329799,3.2426298,0.0067509,0.0088469,0.955211,pptt1jmatch_run_44_440_380,440.0,380.0,1.26,1.3190802869732445,0.38857349673403974,0.5907228661648429,Excluded,Excluded
IM6,2.5558157,3.7187343,0.0028647,0.0057743,0.955211,pptt1jmatch_run_44_440_380,440.0,380.0,1.26,1.3190802869732445,0.3388249598794945,0.49299329368702133,Excluded,Excluded
IM7,2.6511341,3.131299,0.0013559,0.0039756,0.955211,pptt1jmatch_run_44_440_380,440.0,380.0,1.26,1.3190802869732445,0.4023889127164158,0.4752683012149404,Excluded,Excluded
IM8,2.4475732,2.6196491,0.0008228,0.0030978,0.955211,pptt1jmatch_run_44_440_380,440.0,380.0,1.26,1.3190802869732445,0.4809804488700414,0.5147956351213521,Excluded,Excluded
IM9,3.0226277,2.8630448,0.0004177,0.0022077,0.955211,pptt1jmatch_run_44_440_380,440.0,380.0,1.26,1.3190802869732445,0.4400909130028283,0.41685583705859636,Excluded,Excluded
IM10,3.9981603,6.1512146,0.0002342,0.001653,0.955211,pptt1jmatch_run_44_440_380,440.0,380.0,1.26,1.3190802869732445,0.20483759418830874,0.31514494303792673,Excluded,Excluded
IM11,3.271651,2.9249416,0.0001723,0.0014181,0.955211,pptt1jmatch_run_44_440_380,440.0,380.0,1.26,1.3190802869732445,0.43077783159841554,0.385126653179083,Excluded,Excluded
IM12,-1.0,-1.0,0.0,0.0,0.955211,pptt1jmatch_run_44_440_380,440.0,380.0,1.26,1.3190802869732445,-1.26,-1.26,Excluded,Excluded
EM0,20.101827,22.2327781,0.0184222,0.0145283,0.955211,pptt1jmatch_run_44_440_380,440.0,380.0,1.26,1.3190802869732445,0.056673079465494235,0.0626808697537791,Excluded,Excluded
EM1,7.5135821,7.3454008,0.016915,0.013932,0.955211,pptt1jmatch_run_44_440_380,440.0,380.0,1.26,1.3190802869732445,0.17153590856471712,0.1676963109247186,Excluded,Excluded
EM2,4.4682065,4.4392168,0.0111578,0.0113484,0.955211,pptt1jmatch_run_44_440_380,440.0,380.0,1.26,1.3190802869732445,0.28383385105228476,0.2819923385367261,Excluded,Excluded
EM3,2.8772366,3.4701042,0.0080781,0.0096711,0.955211,pptt1jmatch_run_44_440_380,440.0,380.0,1.26,1.3190802869732445,0.3631014884221632,0.43792019050501446,Excluded,Excluded
EM4,1.9173549,2.6956492,0.0091577,0.0102915,0.955211,pptt1jmatch_run_44_440_380,440.0,380.0,1.26,1.3190802869732445,0.46741987050837325,0.6571553341533172,Excluded,Excluded
EM5,1.5773556,1.9336679,0.0038862,0.006722,0.955211,pptt1jmatch_run_44_440_380,440.0,380.0,1.26,1.3190802869732445,0.6516113754590434,0.7988052915905582,Excluded,Excluded
EM6,1.9335331,2.6744209,0.0015088,0.0041935,0.955211,pptt1jmatch_run_44_440_380,440.0,380.0,1.26,1.3190802869732445,0.4711300304301391,0.6516568038064618,Excluded,Excluded
EM7,2.6917464,3.9336176,0.0005331,0.0024938,0.955211,pptt1jmatch_run_44_440_380,440.0,380.0,1.26,1.3190802869732445,0.3203158334455286,0.4680975889853517,Excluded,Excluded
EM8,2.0005372,2.3024921,0.0004051,0.002174,0.955211,pptt1jmatch_run_44_440_380,440.0,380.0,1.26,1.3190802869732445,0.5472331479443513,0.6298308274397496,Excluded,Excluded
EM9,2.661094,2.2786187,0.0001836,0.0014637,0.955211,pptt1jmatch_run_44_440_380,440.0,380.0,1.26,1.3190802869732445,0.5529665845365002,0.4734894746296073,Excluded,Excluded
EM10,5.0667936,10.7890152,6.18e-05,0.0008496,0.955211,pptt1jmatch_run_44_440_380,440.0,380.0,1.26,1.3190802869732445,0.11678545044593135,0.24867798048848883,Excluded,Excluded
EM11,1.2734669,1.4341713,0.0001723,0.0014181,0.955211,pptt1jmatch_run_44_440_380,440.0,380.0,1.26,1.3190802869732445,0.8785561390051523,0.9894250097902034,Excluded,Excluded
EM12,-1.0,-1.0,0.0,0.0,0.955211,pptt1jmatch_run_44_440_380,440.0,380.0,1.26,1.3190802869732445,-1.26,-1.26,Excluded,Excluded
IM0,8.4687543,10.7507553,0.0666381,0.0287632,0.8376114,pptt1jmatch_run_45_450_379,450.0,379.0,1.11,1.325196863366473,0.10324855966166396,0.131070044150413,Excluded,Excluded
IM1,4.7277317,5.9443818,0.0478659,0.0246214,0.8376114,pptt1jmatch_run_45_450_379,450.0,379.0,1.11,1.325196863366473,0.18673093979259542,0.23478489695174543,Excluded,Excluded
IM2,3.5458991,4.8560065,0.0320015,0.020299,0.8376114,pptt1jmatch_run_45_450_379,450.0,379.0,1.11,1.325196863366473,0.2285828900764445,0.3130376721661369,Excluded,Excluded
IM3,2.6135006,3.8794474,0.0216361,0.01678,0.8376114,pptt1jmatch_run_45_450_379,450.0,379.0,1.11,1.325196863366473,0.2861232246633889,0.42471771385856966,Excluded,Excluded
IM4,2.2520749,3.5851456,0.014564,0.0138167,0.8376114,pptt1jmatch_run_45_450_379,450.0,379.0,1.11,1.325196863366473,0.3096108565297878,0.49287881144628004,Excluded,Excluded
IM5,2.5050833,3.7859062,0.0057669,0.0087331,0.8376114,pptt1jmatch_run_45_450_379,450.0,379.0,1.11,1.325196863366473,0.2931926839603158,0.44309903786432975,Excluded,Excluded
IM6,2.5023231,3.6398723,0.0029311,0.0062349,0.8376114,pptt1jmatch_run_45_450_379,450.0,379.0,1.11,1.325196863366473,0.3049557535301445,0.4435878004722892,Excluded,Excluded
IM7,2.4845644,2.9528752,0.00144,0.0043735,0.8376114,pptt1jmatch_run_45_450_379,450.0,379.0,1.11,1.325196863366473,0.37590481304458795,0.44675839354375363,Excluded,Excluded
IM8,3.0603708,3.2696748,0.0006534,0.0029471,0.8376114,pptt1jmatch_run_45_450_379,450.0,379.0,1.11,1.325196863366473,0.3394833027431352,0.36270114719432045,Excluded,Excluded
IM9,4.2061533,3.9885645,0.0003002,0.0019981,0.8376114,pptt1jmatch_run_45_450_379,450.0,379.0,1.11,1.325196863366473,0.2782956123688109,0.26389908327877637,Excluded,Excluded
IM10,8.3544116,12.8950888,0.0001117,0.001219,0.8376114,pptt1jmatch_run_45_450_379,450.0,379.0,1.11,1.325196863366473,0.08607928314537858,0.13286393502565758,Excluded,Excluded
IM11,10.9344762,9.6978776,5.17e-05,0.0008292,0.8376114,pptt1jmatch_run_45_450_379,450.0,379.0,1.11,1.325196863366473,0.11445803358046096,0.10151377895906893,Excluded,Excluded
IM12,-1.0,-1.0,0.0,0.0,0.8376114,pptt1jmatch_run_45_450_379,450.0,379.0,1.11,1.325196863366473,-1.11,-1.11,Excluded,Excluded
EM0,19.6815106,21.794721,0.0187722,0.0156529,0.8376114,pptt1jmatch_run_45_450_379,450.0,379.0,1.11,1.325196863366473,0.05092976413875636,0.05639811001092569,Excluded,Excluded
EM1,8.0199777,7.8376736,0.0158643,0.0144108,0.8376114,pptt1jmatch_run_45_450_379,450.0,379.0,1.11,1.325196863366473,0.14162365730565765,0.13840437486503238,Excluded,Excluded
EM2,4.8255324,4.7761483,0.0103654,0.011681,0.8376114,pptt1jmatch_run_45_450_379,450.0,379.0,1.11,1.325196863366473,0.23240484387806803,0.23002643190210476,Excluded,Excluded
EM3,3.2738034,3.9518093,0.0070722,0.0096646,0.8376114,pptt1jmatch_run_45_450_379,450.0,379.0,1.11,1.325196863366473,0.28088399913427,0.3390551796726707,Excluded,Excluded
EM4,1.9907835,2.805995,0.008797,0.0107696,0.8376114,pptt1jmatch_run_45_450_379,450.0,379.0,1.11,1.325196863366473,0.39558160296080364,0.5575694192763804,Excluded,Excluded
EM5,2.1685667,2.6390128,0.0028358,0.006133,0.8376114,pptt1jmatch_run_45_450_379,450.0,379.0,1.11,1.325196863366473,0.4206118287868858,0.5118588236183835,Excluded,Excluded
EM6,1.9656348,2.7045728,0.0014911,0.0044502,0.8376114,pptt1jmatch_run_45_450_379,450.0,379.0,1.11,1.325196863366473,0.4104160183819049,0.5647030669176187,Excluded,Excluded
EM7,1.8236255,2.6660506,0.0007867,0.0032335,0.8376114,pptt1jmatch_run_45_450_379,450.0,379.0,1.11,1.325196863366473,0.4163461863777079,0.6086776040365744,Excluded,Excluded
EM8,2.301616,2.6362344,0.0003531,0.0021669,0.8376114,pptt1jmatch_run_45_450_379,450.0,379.0,1.11,1.325196863366473,0.4210551231711414,0.48226984866285255,Excluded,Excluded
EM9,2.6003233,2.2025741,0.0001885,0.0015833,0.8376114,pptt1jmatch_run_45_450_379,450.0,379.0,1.11,1.325196863366473,0.5039558033484549,0.4268699972807228,Excluded,Excluded
EM10,5.2015719,11.1182147,6e-05,0.0008936,0.8376114,pptt1jmatch_run_45_450_379,450.0,379.0,1.11,1.325196863366473,0.09983617243872797,0.2133970310013402,Excluded,Excluded
EM11,4.245013,4.7791365,5.17e-05,0.0008292,0.8376114,pptt1jmatch_run_45_450_379,450.0,379.0,1.11,1.325196863366473,0.23225953056582505,0.26148329816657806,Excluded,Excluded
EM12,-1.0,-1.0,0.0,0.0,0.8376114,pptt1jmatch_run_45_450_379,450.0,379.0,1.11,1.325196863366473,-1.11,-1.11,Excluded,Excluded
IM0,4.3038904,5.4512267,0.1313609,0.0299398,1.434503,pptt1jmatch_run_46_410_400,410.0,400.0,1.88,1.3105584303413793,0.34487650275120635,0.43681409731065635,Excluded,Excluded
IM1,2.2221046,2.811621,0.10128,0.0267405,1.434503,pptt1jmatch_run_46_410_400,410.0,400.0,1.88,1.3105584303413793,0.6686534209269314,0.846044781150266,Excluded,Excluded
IM2,1.4903805,2.0561658,0.0758308,0.0234636,1.434503,pptt1jmatch_run_46_410_400,410.0,400.0,1.88,1.3105584303413793,0.9143231542903786,1.2614228379933845,Excluded,Included
IM3,1.0407334,1.5335037,0.0546924,0.0201533,1.434503,pptt1jmatch_run_46_410_400,410.0,400.0,1.88,1.3105584303413793,1.22595074273378,1.8064184353072552,Included,Included
IM4,0.8311261,1.3152247,0.039716,0.0173092,1.434503,pptt1jmatch_run_46_410_400,410.0,400.0,1.88,1.3105584303413793,1.4294135443168,2.2619912910928917,Included,Included
IM5,0.7372415,1.1205075,0.0194593,0.0122431,1.434503,pptt1jmatch_run_46_410_400,410.0,400.0,1.88,1.3105584303413793,1.6778111703848477,2.550046355230952,Included,Included
IM6,0.7373039,1.0800364,0.009861,0.008758,1.434503,pptt1jmatch_run_46_410_400,410.0,400.0,1.88,1.3105584303413793,1.7406820733078994,2.549830537991186,Included,Included
IM7,0.6993295,0.8198594,0.0051538,0.0063466,1.434503,pptt1jmatch_run_46_410_400,410.0,400.0,1.88,1.3105584303413793,2.2930761054883306,2.688289282805887,Included,Included
IM8,0.7092167,0.7542564,0.0028294,0.0047079,1.434503,pptt1jmatch_run_46_410_400,410.0,400.0,1.88,1.3105584303413793,2.492521110858323,2.650811804064963,Included,Included
IM9,0.7677126,0.7239065,0.0016431,0.0035898,1.434503,pptt1jmatch_run_46_410_400,410.0,400.0,1.88,1.3105584303413793,2.5970204715664242,2.4488330659155517,Included,Included
IM10,1.095028,1.6993774,0.0008507,0.002584,1.434503,pptt1jmatch_run_46_410_400,410.0,400.0,1.88,1.3105584303413793,1.1062875144744186,1.7168510759542221,Included,Included
IM11,0.934175,0.8357459,0.0006048,0.002179,1.434503,pptt1jmatch_run_46_410_400,410.0,400.0,1.88,1.3105584303413793,2.2494875535734002,2.0124708967805813,Included,Included
IM12,1.1418291,0.9083146,0.0003043,0.0015458,1.434503,pptt1jmatch_run_46_410_400,410.0,400.0,1.88,1.3105584303413793,2.06976745722242,1.6464810714668243,Included,Included
EM0,12.1904832,13.6157534,0.0300808,0.0151394,1.434503,pptt1jmatch_run_46_410_400,410.0,400.0,1.88,1.3105584303413793,0.13807535615326286,0.15421866132426973,Excluded,Excluded
EM1,4.9863803,4.8723951,0.0254493,0.0139584,1.434503,pptt1jmatch_run_46_410_400,410.0,400.0,1.88,1.3105584303413793,0.38584719863953554,0.37702699892344743,Excluded,Excluded
EM2,2.3666024,2.3644084,0.0211383,0.0127495,1.434503,pptt1jmatch_run_46_410_400,410.0,400.0,1.88,1.3105584303413793,0.7951249031258727,0.7943877687270154,Excluded,Excluded
EM3,1.5427938,1.8669582,0.0149765,0.0107652,1.434503,pptt1jmatch_run_46_410_400,410.0,400.0,1.88,1.3105584303413793,1.0069855875723408,1.2185685475272194,Included,Included
EM4,0.8613046,1.2169925,0.0202567,0.0124864,1.434503,pptt1jmatch_run_46_410_400,410.0,400.0,1.88,1.3105584303413793,1.5447917715187232,2.182735352858907,Included,Included
EM5,0.6388395,0.7797778,0.0095983,0.0086417,1.434503,pptt1jmatch_run_46_410_400,410.0,400.0,1.88,1.3105584303413793,2.410943219978819,2.942836189684576,Included,Included
EM6,0.61969,0.8590419,0.0047072,0.0060667,1.434503,pptt1jmatch_run_46_410_400,410.0,400.0,1.88,1.3105584303413793,2.188484636197605,3.033774951992125,Included,Included
EM7,0.6195059,0.9021502,0.0023244,0.0042682,1.434503,pptt1jmatch_run_46_410_400,410.0,400.0,1.88,1.3105584303413793,2.083910195885341,3.034676505905754,Included,Included
EM8,0.6830252,0.7849603,0.0011864,0.003051,1.434503,pptt1jmatch_run_46_410_400,410.0,400.0,1.88,1.3105584303413793,2.3950255828224685,2.7524606705579817,Included,Included
EM9,0.615856,0.5236846,0.0007924,0.002494,1.434503,pptt1jmatch_run_46_410_400,410.0,400.0,1.88,1.3105584303413793,3.589947078833328,3.0526616611675452,Included,Included
EM10,1.2815373,2.713097,0.0002459,0.0013898,1.434503,pptt1jmatch_run_46_410_400,410.0,400.0,1.88,1.3105584303413793,0.692935048028139,1.4669881243409766,Excluded,Included
EM11,0.7314937,0.8210287,0.0003005,0.0015362,1.434503,pptt1jmatch_run_46_410_400,410.0,400.0,1.88,1.3105584303413793,2.289810331843454,2.5700836521216788,Included,Included
EM12,0.8420819,0.6770461,0.0003043,0.0015458,1.434503,pptt1jmatch_run_46_410_400,410.0,400.0,1.88,1.3105584303413793,2.7767680812281466,2.2325619396403122,Included,Included
IM0,4.7854702,6.1140605,0.11759,0.0307268,1.230739,pptt1jmatch_run_47_421_399,421.0,399.0,1.6199999999999999,1.3162823311847596,0.2649630307060259,0.3385247284582401,Excluded,Excluded
IM1,2.554985,3.2024532,0.0886361,0.0271111,1.230739,pptt1jmatch_run_47_421_399,421.0,399.0,1.6199999999999999,1.3162823311847596,0.5058621933959878,0.6340546030602919,Excluded,Excluded
IM2,1.7489503,2.4053902,0.0647208,0.0234687,1.230739,pptt1jmatch_run_47_421_399,421.0,399.0,1.6199999999999999,1.3162823311847596,0.6734874034158782,0.9262698888584769,Excluded,Excluded
IM3,1.2215816,1.8069365,0.0466381,0.0201139,1.230739,pptt1jmatch_run_47_421_399,421.0,399.0,1.6199999999999999,1.3162823311847596,0.8965450639798355,1.3261496407607973,Excluded,Included
IM4,0.9673394,1.5376119,0.0340745,0.0173055,1.230739,pptt1jmatch_run_47_421_399,421.0,399.0,1.6199999999999999,1.3162823311847596,1.0535818563839159,1.6746965956312747,Included,Included
IM5,0.8379404,1.274074,0.0171782,0.0123943,1.230739,pptt1jmatch_run_47_421_399,421.0,399.0,1.6199999999999999,1.3162823311847596,1.2715117018320756,1.9333117247957012,Included,Included
IM6,0.8140338,1.1865206,0.0089695,0.0089934,1.230739,pptt1jmatch_run_47_421_399,421.0,399.0,1.6199999999999999,1.3162823311847596,1.3653365984543377,1.9900893550120398,Included,Included
IM7,0.7321448,0.8603452,0.0049167,0.0066721,1.230739,pptt1jmatch_run_47_421_399,421.0,399.0,1.6199999999999999,1.3162823311847596,1.8829651167926547,2.212677055139912,Included,Included
IM8,0.8413268,0.9026524,0.0023851,0.004653,1.230739,pptt1jmatch_run_47_421_399,421.0,399.0,1.6199999999999999,1.3162823311847596,1.7947107878957613,1.925530008077717,Included,Included
IM9,1.4240301,1.3382295,0.0008907,0.0028456,1.230739,pptt1jmatch_run_47_421_399,421.0,399.0,1.6199999999999999,1.3162823311847596,1.2105546918521823,1.137616402911708,Included,Included
IM10,1.2131566,1.8721235,0.0007704,0.0026466,1.230739,pptt1jmatch_run_47_421_399,421.0,399.0,1.6199999999999999,1.3162823311847596,0.8653275278046559,1.3353593427262398,Excluded,Included
IM11,1.0276363,0.9280717,0.0005475,0.0022313,1.230739,pptt1jmatch_run_47_421_399,421.0,399.0,1.6199999999999999,1.3162823311847596,1.7455547884931732,1.5764332186397074,Included,Included
IM12,1.4166174,1.1192977,0.0002469,0.0014986,1.230739,pptt1jmatch_run_47_421_399,421.0,399.0,1.6199999999999999,1.3162823311847596,1.4473361287171411,1.1435691810646966,Included,Included
EM0,12.6533551,14.1739054,0.0289539,0.0159945,1.230739,pptt1jmatch_run_47_421_399,421.0,399.0,1.6199999999999999,1.3162823311847596,0.11429454016251582,0.12802928450178402,Excluded,Excluded
EM1,5.3398752,5.1807899,0.0239154,0.014574,1.230739,pptt1jmatch_run_47_421_399,421.0,399.0,1.6199999999999999,1.3162823311847596,0.3126936299810189,0.3033778766964441,Excluded,Excluded
EM2,2.7599912,2.739564,0.0180827,0.0127106,1.230739,pptt1jmatch_run_47_421_399,421.0,399.0,1.6199999999999999,1.3162823311847596,0.5913349715502174,0.5869583932006739,Excluded,Excluded
EM3,1.8476173,2.2306908,0.0125636,0.0106245,1.230739,pptt1jmatch_run_47_421_399,421.0,399.0,1.6199999999999999,1.3162823311847596,0.7262324298822588,0.876804953060355,Excluded,Excluded
EM4,1.0356587,1.4619268,0.0168963,0.012294,1.230739,pptt1jmatch_run_47_421_399,421.0,399.0,1.6199999999999999,1.3162823311847596,1.1081266175570486,1.5642218812046864,Included,Included
EM5,0.7494229,0.912373,0.0082087,0.0086068,1.230739,pptt1jmatch_run_47_421_399,421.0,399.0,1.6199999999999999,1.3162823311847596,1.7755895889071684,2.1616633278753556,Included,Included
EM6,0.7168602,0.9967179,0.0040528,0.0060602,1.230739,pptt1jmatch_run_47_421_399,421.0,399.0,1.6199999999999999,1.3162823311847596,1.6253345103965724,2.2598548503599445,Included,Included
EM7,0.569815,0.82693,0.0025316,0.0047934,1.230739,pptt1jmatch_run_47_421_399,421.0,399.0,1.6199999999999999,1.3162823311847596,1.959053366064842,2.843028000315892,Included,Included
EM8,0.5446411,0.622548,0.0014944,0.0036847,1.230739,pptt1jmatch_run_47_421_399,421.0,399.0,1.6199999999999999,1.3162823311847596,2.6022089862950324,2.974435825720828,Included,Included
EM9,4.0633423,3.451153,0.0001203,0.0010461,1.230739,pptt1jmatch_run_47_421_399,421.0,399.0,1.6199999999999999,1.3162823311847596,0.46940833976355145,0.39868656893611937,Excluded,Excluded
EM10,1.4062629,2.9945392,0.000223,0.0014242,1.230739,pptt1jmatch_run_47_421_399,421.0,399.0,1.6199999999999999,1.3162823311847596,0.5409847364829954,1.15198943241694,Excluded,Included
EM11,0.731071,0.8207934,0.0003006,0.0016535,1.230739,pptt1jmatch_run_47_421_399,421.0,399.0,1.6199999999999999,1.3162823311847596,1.9737000809217031,2.215927044021716,Included,Included
EM12,1.0374824,0.831889,0.0002469,0.0014986,1.230739,pptt1jmatch_run_47_421_399,421.0,399.0,1.6199999999999999,1.3162823311847596,1.9473751906804873,1.5614722717223923,Included,Included
IM0,5.413126,6.8758374,0.1042569,0.0309568,1.092991,pptt1jmatch_run_48_430_399,430.0,399.0,1.44,1.3174856883542498,0.2094290362363717,0.2660200409153602,Excluded,Excluded
IM1,2.9239779,3.6577246,0.0778012,0.0271342,1.092991,pptt1jmatch_run_48_430_399,430.0,399.0,1.44,1.3174856883542498,0.39368737602606824,0.49247978242243207,Excluded,Excluded
IM2,2.091695,2.8828571,0.0539526,0.0228862,1.092991,pptt1jmatch_run_48_430_399,430.0,399.0,1.44,1.3174856883542498,0.49950446728698417,0.688436889699502,Excluded,Excluded
IM3,1.5508328,2.2932375,0.0365836,0.0190179,1.092991,pptt1jmatch_run_48_430_399,430.0,399.0,1.44,1.3174856883542498,0.627933216686017,0.928533366072732,Excluded,Excluded
IM4,1.3315819,2.1189493,0.0247062,0.0157247,1.092991,pptt1jmatch_run_48_430_399,430.0,399.0,1.44,1.3174856883542498,0.6795820928797116,1.081420526968713,Excluded,Included
IM5,1.154905,1.7444006,0.0125416,0.0112732,1.092991,pptt1jmatch_run_48_430_399,430.0,399.0,1.44,1.3174856883542498,0.8254984548847323,1.2468558019923714,Excluded,Included
IM6,1.253615,1.8342801,0.0058187,0.0077047,1.092991,pptt1jmatch_run_48_430_399,430.0,399.0,1.44,1.3174856883542498,0.7850491318092585,1.14867802315703,Excluded,Included
IM7,1.3148212,1.5422445,0.0027434,0.0052986,1.092991,pptt1jmatch_run_48_430_399,430.0,399.0,1.44,1.3174856883542498,0.9337040916663991,1.0952059489153354,Excluded,Included
IM8,1.1715821,1.2563573,0.0017106,0.0041862,1.092991,pptt1jmatch_run_48_430_399,430.0,399.0,1.44,1.3174856883542498,1.1461707589075179,1.2291072046935507,Included,Included
IM9,2.3028093,2.1814249,0.00055,0.002375,1.092991,pptt1jmatch_run_48_430_399,430.0,399.0,1.44,1.3174856883542498,0.6601189891982987,0.6253231650575669,Excluded,Excluded
IM10,5.067334,7.8210109,0.0001846,0.001376,1.092991,pptt1jmatch_run_48_430_399,430.0,399.0,1.44,1.3174856883542498,0.18411942118633282,0.28417309772752297,Excluded,Excluded
IM11,3.0573657,2.7166716,0.0001846,0.001376,1.092991,pptt1jmatch_run_48_430_399,430.0,399.0,1.44,1.3174856883542498,0.5300603871296037,0.4709937054634975,Excluded,Excluded
IM12,1.8960894,1.4923188,0.0001846,0.001376,1.092991,pptt1jmatch_run_48_430_399,430.0,399.0,1.44,1.3174856883542498,0.9649412712618778,0.7594578610059209,Excluded,Excluded
EM0,13.8595183,15.5203645,0.0264556,0.0162573,1.092991,pptt1jmatch_run_48_430_399,430.0,399.0,1.44,1.3174856883542498,0.09278132610867483,0.1038997148984608,Excluded,Excluded
EM1,5.3366155,5.2079996,0.0238487,0.0154562,1.092991,pptt1jmatch_run_48_430_399,430.0,399.0,1.44,1.3174856883542498,0.27649771708891835,0.2698339425053201,Excluded,Excluded
EM2,2.8772157,2.8629012,0.0173689,0.0132341,1.092991,pptt1jmatch_run_48_430_399,430.0,399.0,1.44,1.3174856883542498,0.5029862714088771,0.5004838531918201,Excluded,Excluded
EM3,1.9580811,2.3640664,0.0118774,0.0109743,1.092991,pptt1jmatch_run_48_430_399,430.0,399.0,1.44,1.3174856883542498,0.6091199468847406,0.7354138702426575,Excluded,Excluded
EM4,1.4499615,2.0299239,0.0121646,0.0111046,1.092991,pptt1jmatch_run_48_430_399,430.0,399.0,1.44,1.3174856883542498,0.7093861991575152,0.9931298175848118,Excluded,Excluded
EM5,0.9165483,1.1174043,0.0067229,0.008278,1.092991,pptt1jmatch_run_48_430_399,430.0,399.0,1.44,1.3174856883542498,1.2887009652638708,1.5711119643121918,Included,Included
EM6,0.9434776,1.314803,0.0030753,0.005609,1.092991,pptt1jmatch_run_48_430_399,430.0,399.0,1.44,1.3174856883542498,1.0952211091699668,1.5262683501971852,Included,Included
EM7,1.392006,2.0312807,0.0010328,0.0032538,1.092991,pptt1jmatch_run_48_430_399,430.0,399.0,1.44,1.3174856883542498,0.7089123625306931,1.0344782996625013,Excluded,Included
EM8,0.6998022,0.8023992,0.0011607,0.0034492,1.092991,pptt1jmatch_run_48_430_399,430.0,399.0,1.44,1.3174856883542498,1.794617940795554,2.0577243112410906,Included,Included
EM9,1.3313912,1.1325766,0.0003654,0.0019361,1.092991,pptt1jmatch_run_48_430_399,430.0,399.0,1.44,1.3174856883542498,1.2714371813791667,1.0815754227607932,Included,Included
EM10,-1.0,-1.0,0.0,0.0,1.092991,pptt1jmatch_run_48_430_399,430.0,399.0,1.44,1.3174856883542498,-1.44,-1.44,Excluded,Excluded
EM11,-1.0,-1.0,0.0,0.0,1.092991,pptt1jmatch_run_48_430_399,430.0,399.0,1.44,1.3174856883542498,-1.44,-1.44,Excluded,Excluded
EM12,1.383391,1.1118932,0.0001846,0.001376,1.092991,pptt1jmatch_run_48_430_399,430.0,399.0,1.44,1.3174856883542498,1.2950884131677396,1.0409204628337179,Included,Included
IM0,6.0661388,7.7078452,0.0931102,0.031083,0.9697945,pptt1jmatch_run_49_439_400,439.0,400.0,1.278,1.317804957648244,0.16580509426940748,0.21067767193193798,Excluded,Excluded
IM1,3.2712188,4.1339384,0.0688339,0.0270808,0.9697945,pptt1jmatch_run_49_439_400,439.0,400.0,1.278,1.317804957648244,0.30914829306600217,0.3906800731274838,Excluded,Excluded
IM2,2.3779193,3.2899331,0.0474449,0.0227398,0.9697945,pptt1jmatch_run_49_439_400,439.0,400.0,1.278,1.317804957648244,0.3884577470587472,0.5374446475117974,Excluded,Excluded
IM3,1.7902731,2.6243495,0.0319171,0.0188025,0.9697945,pptt1jmatch_run_49_439_400,439.0,400.0,1.278,1.317804957648244,0.48697782059897127,0.7138575673175227,Excluded,Excluded
IM4,1.5186015,2.4174812,0.0216343,0.0155621,0.9697945,pptt1jmatch_run_49_439_400,439.0,400.0,1.278,1.317804957648244,0.528649405836124,0.8415637677165472,Excluded,Excluded
IM5,1.4124318,2.153315,0.010189,0.0107421,0.9697945,pptt1jmatch_run_49_439_400,439.0,400.0,1.278,1.317804957648244,0.5935035050608016,0.9048224487723938,Excluded,Excluded
IM6,1.5563574,2.2772723,0.0046778,0.0072988,0.9697945,pptt1jmatch_run_49_439_400,439.0,400.0,1.278,1.317804957648244,0.5611977100849995,0.8211481501613961,Excluded,Excluded
IM7,1.3832049,1.6247934,0.0026058,0.0054532,0.9697945,pptt1jmatch_run_49_439_400,439.0,400.0,1.278,1.317804957648244,0.7865615406857266,0.9239412035049905,Excluded,Excluded
IM8,1.6821956,1.8026035,0.0011894,0.0036868,0.9697945,pptt1jmatch_run_49_439_400,439.0,400.0,1.278,1.317804957648244,0.7089745470925802,0.7597214021960348,Excluded,Excluded
IM9,3.4557231,3.2552948,0.0003675,0.0020502,0.9697945,pptt1jmatch_run_49_439_400,439.0,400.0,1.278,1.317804957648244,0.39259117177344427,0.3698212973140122,Excluded,Excluded
IM10,3.7974683,5.8771023,0.0002451,0.0016744,0.9697945,pptt1jmatch_run_49_439_400,439.0,400.0,1.278,1.317804957648244,0.21745410148807517,0.3365400048237401,Excluded,Excluded
IM11,4.6687762,4.1782914,0.0001208,0.0011758,0.9697945,pptt1jmatch_run_49_439_400,439.0,400.0,1.278,1.317804957648244,0.305866651617453,0.2737334036272718,Excluded,Excluded
IM12,-1.0,-1.0,0.0,0.0,0.9697945,pptt1jmatch_run_49_439_400,439.0,400.0,1.278,1.317804957648244,-1.278,-1.278,Excluded,Excluded
EM0,15.2143305,16.9142959,0.0242763,0.0164627,0.9697945,pptt1jmatch_run_49_439_400,439.0,400.0,1.278,1.317804957648244,0.07555738693208035,0.08399975273312223,Excluded,Excluded
EM1,5.9449306,5.8361317,0.021389,0.0154756,0.9697945,pptt1jmatch_run_49_439_400,439.0,400.0,1.278,1.317804957648244,0.2189806648811575,0.21497307302460353,Excluded,Excluded
EM2,3.2253179,3.1897413,0.0155278,0.0132252,0.9697945,pptt1jmatch_run_49_439_400,439.0,400.0,1.278,1.317804957648244,0.4006594515987864,0.3962400109458978,Excluded,Excluded
EM3,2.2556415,2.7351798,0.0102828,0.0107909,0.9697945,pptt1jmatch_run_49_439_400,439.0,400.0,1.278,1.317804957648244,0.4672453342921003,0.5665793965929427,Excluded,Excluded
EM4,1.5358738,2.1559298,0.0114454,0.0113779,0.9697945,pptt1jmatch_run_49_439_400,439.0,400.0,1.278,1.317804957648244,0.5927836796912405,0.8320996165179717,Excluded,Excluded
EM5,1.1138859,1.3548698,0.0055112,0.007919,0.9697945,pptt1jmatch_run_49_439_400,439.0,400.0,1.278,1.317804957648244,0.9432640686212064,1.1473347494568338,Excluded,Included
EM6,1.400511,1.9472081,0.002072,0.0048639,0.9697945,pptt1jmatch_run_49_439_400,439.0,400.0,1.278,1.317804957648244,0.6563243034989429,0.9125240715710194,Excluded,Excluded
EM7,1.0181814,1.4839795,0.0014164,0.0040229,0.9697945,pptt1jmatch_run_49_439_400,439.0,400.0,1.278,1.317804957648244,0.8611978804289413,1.2551790869485535,Excluded,Included
EM8,0.9916727,1.1285645,0.0008219,0.0030654,0.9697945,pptt1jmatch_run_49_439_400,439.0,400.0,1.278,1.317804957648244,1.1324120154408543,1.288731655111611,Included,Included
EM9,3.9931441,3.4062966,0.0001224,0.0011833,0.9697945,pptt1jmatch_run_49_439_400,439.0,400.0,1.278,1.317804957648244,0.37518752770971264,0.3200485552224374,Excluded,Excluded
EM10,2.526184,5.3751768,0.0001243,0.0011923,0.9697945,pptt1jmatch_run_49_439_400,439.0,400.0,1.278,1.317804957648244,0.23775962122771477,0.5059013911892404,Excluded,Excluded
EM11,1.8201995,2.040483,0.0001208,0.0011758,0.9697945,pptt1jmatch_run_49_439_400,439.0,400.0,1.278,1.317804957648244,0.6263222972208051,0.7021208389519941,Excluded,Excluded
EM12,-1.0,-1.0,0.0,0.0,0.9697945,pptt1jmatch_run_49_439_400,439.0,400.0,1.278,1.317804957648244,-1.278,-1.278,Excluded,Excluded
IM0,6.8918619,8.7941642,0.0817305,0.0314144,0.8384169,pptt1jmatch_run_50_450_400,450.0,400.0,1.11,1.3239236947633093,0.1262200676216621,0.1610595244225657,Excluded,Excluded
IM1,3.777414,4.7609855,0.0595884,0.0271451,0.8384169,pptt1jmatch_run_50_450_400,450.0,400.0,1.11,1.3239236947633093,0.2331450074779686,0.2938518256140312,Excluded,Excluded
IM2,2.7487372,3.7752847,0.0412627,0.0228076,0.8384169,pptt1jmatch_run_50_450_400,450.0,400.0,1.11,1.3239236947633093,0.29401756111267585,0.4038217986062837,Excluded,Excluded
IM3,2.0355232,2.9918738,0.0281433,0.0189645,0.8384169,pptt1jmatch_run_50_450_400,450.0,400.0,1.11,1.3239236947633093,0.3710049534843348,0.5453143447345626,Excluded,Excluded
IM4,1.6978975,2.689671,0.0193929,0.0158132,0.8384169,pptt1jmatch_run_50_450_400,450.0,400.0,1.11,1.3239236947633093,0.4126898791710957,0.6537497110396829,Excluded,Excluded
IM5,1.8713808,2.8309416,0.007707,0.010028,0.8384169,pptt1jmatch_run_50_450_400,450.0,400.0,1.11,1.3239236947633093,0.3920956899993981,0.5931449120350065,Excluded,Excluded
IM6,2.1108296,3.0822247,0.0034584,0.0067319,0.8384169,pptt1jmatch_run_50_450_400,450.0,400.0,1.11,1.3239236947633093,0.3601294869903548,0.5258595956774531,Excluded,Excluded
IM7,1.7814112,2.0929686,0.0020184,0.0051466,0.8384169,pptt1jmatch_run_50_450_400,450.0,400.0,1.11,1.3239236947633093,0.5303471824660916,0.6231015051437871,Excluded,Excluded
IM8,2.2375644,2.3866739,0.000897,0.0034328,0.8384169,pptt1jmatch_run_50_450_400,450.0,400.0,1.11,1.3239236947633093,0.4650823893452726,0.4960751073801496,Excluded,Excluded
IM9,2.3685517,2.2372304,0.0005349,0.0026514,0.8384169,pptt1jmatch_run_50_450_400,450.0,400.0,1.11,1.3239236947633093,0.49614916729184444,0.46864081539786534,Excluded,Excluded
IM10,3.1623271,4.8688737,0.0002965,0.0019744,0.8384169,pptt1jmatch_run_50_450_400,450.0,400.0,1.11,1.3239236947633093,0.227978803393483,0.35100733254317684,Excluded,Excluded
IM11,3.1987636,2.8387701,0.0001769,0.0015248,0.8384169,pptt1jmatch_run_50_450_400,450.0,400.0,1.11,1.3239236947633093,0.3910144044422618,0.3470090756315972,Excluded,Excluded
IM12,2.976991,2.3671078,0.0001174,0.0012424,0.8384169,pptt1jmatch_run_50_450_400,450.0,400.0,1.11,1.3239236947633093,0.46892667921587694,0.3728597096867273,Excluded,Excluded
EM0,16.5813746,18.5664089,0.0221421,0.0168732,0.8384169,pptt1jmatch_run_50_450_400,450.0,400.0,1.11,1.3239236947633093,0.059785390162337755,0.06694258026110815,Excluded,Excluded
EM1,6.9572075,6.7968247,0.0183257,0.0153803,0.8384169,pptt1jmatch_run_50_450_400,450.0,400.0,1.11,1.3239236947633093,0.16331155340816722,0.15954677217834887,Excluded,Excluded
EM2,3.8157311,3.7850176,0.0131194,0.0130479,0.8384169,pptt1jmatch_run_50_450_400,450.0,400.0,1.11,1.3239236947633093,0.2932615161419593,0.29090100190760304,Excluded,Excluded
EM3,2.6404226,3.2058774,0.0087504,0.0106796,0.8384169,pptt1jmatch_run_50_450_400,450.0,400.0,1.11,1.3239236947633093,0.3462390670335678,0.42038725164676294,Excluded,Excluded
EM4,1.5046924,2.1116498,0.0116859,0.0123234,0.8384169,pptt1jmatch_run_50_450_400,450.0,400.0,1.11,1.3239236947633093,0.5256553430403091,0.737692301762141,Excluded,Excluded
EM5,1.4432971,1.7650738,0.0042486,0.0074585,0.8384169,pptt1jmatch_run_50_450_400,450.0,400.0,1.11,1.3239236947633093,0.628868889221516,0.7690724245202183,Excluded,Excluded
EM6,2.0244907,2.796936,0.00144,0.0043483,0.8384169,pptt1jmatch_run_50_450_400,450.0,400.0,1.11,1.3239236947633093,0.3968628527788981,0.5482860454730665,Excluded,Excluded
EM7,1.2768487,1.8736808,0.0011215,0.003838,0.8384169,pptt1jmatch_run_50_450_400,450.0,400.0,1.11,1.3239236947633093,0.5924168086687979,0.8693277441563751,Excluded,Excluded
EM8,2.235873,2.5687325,0.0003621,0.0021816,0.8384169,pptt1jmatch_run_50_450_400,450.0,400.0,1.11,1.3239236947633093,0.43211973220255523,0.49645037978454054,Excluded,Excluded
EM9,2.0556098,1.7434444,0.0002384,0.0017702,0.8384169,pptt1jmatch_run_50_450_400,450.0,400.0,1.11,1.3239236947633093,0.6366707191809501,0.5399857502138782,Excluded,Excluded
EM10,2.6172719,5.5847037,0.0001197,0.0012544,0.8384169,pptt1jmatch_run_50_450_400,450.0,400.0,1.11,1.3239236947633093,0.19875718742249476,0.4241057262716954,Excluded,Excluded
EM11,3.7019263,4.1526383,5.95e-05,0.0008842,0.8384169,pptt1jmatch_run_50_450_400,450.0,400.0,1.11,1.3239236947633093,0.267299947601986,0.2998438947852636,Excluded,Excluded
EM12,2.1693136,1.757859,0.0001174,0.0012424,0.8384169,pptt1jmatch_run_50_450_400,450.0,400.0,1.11,1.3239236947633093,0.6314499627103198,0.5116825893683605,Excluded,Excluded
IM0,4.3644273,5.5344161,0.1291745,0.034117,1.078346,pptt1jmatch_run_51_431_420,431.0,420.0,1.422,1.3186862101774384,0.2569376740574313,0.3258159438238323,Excluded,Excluded
IM1,2.3121483,2.9045533,0.0980705,0.0302532,1.078346,pptt1jmatch_run_51_431_420,431.0,420.0,1.422,1.3186862101774384,0.489576142396836,0.6150124540021935,Excluded,Excluded
IM2,1.6049338,2.1982092,0.0707859,0.0260884,1.078346,pptt1jmatch_run_51_431_420,431.0,420.0,1.422,1.3186862101774384,0.6468902049904987,0.8860178531974341,Excluded,Excluded
IM3,1.0956845,1.6054302,0.0521406,0.022614,1.078346,pptt1jmatch_run_51_431_420,431.0,420.0,1.422,1.3186862101774384,0.8857438959351829,1.2978188520509326,Excluded,Included
IM4,0.8642296,1.3729099,0.0379777,0.0194435,1.078346,pptt1jmatch_run_51_431_420,431.0,420.0,1.422,1.3186862101774384,1.0357562429989031,1.6453960845590105,Included,Included
IM5,0.7077718,1.0772182,0.0203479,0.0143619,1.078346,pptt1jmatch_run_51_431_420,431.0,420.0,1.422,1.3186862101774384,1.3200668165465457,2.009122149257713,Included,Included
IM6,0.6835685,1.0,0.0106526,0.0104428,1.078346,pptt1jmatch_run_51_431_420,431.0,420.0,1.422,1.3186862101774384,1.422,2.080259695992428,Included,Included
IM7,0.6125321,0.7211308,0.0058722,0.0077721,1.078346,pptt1jmatch_run_51_431_420,431.0,420.0,1.422,1.3186862101774384,1.9719030167620077,2.3215109869343986,Included,Included
IM8,0.6673807,0.7138864,0.0030021,0.0055651,1.078346,pptt1jmatch_run_51_431_420,431.0,420.0,1.422,1.3186862101774384,1.9919135593562223,2.1307178945989893,Included,Included
IM9,0.8761323,0.827268,0.0014401,0.0038574,1.078346,pptt1jmatch_run_51_431_420,431.0,420.0,1.422,1.3186862101774384,1.7189109212492202,1.623042547341309,Included,Included
IM10,1.1168552,1.7383958,0.0008314,0.0029319,1.078346,pptt1jmatch_run_51_431_420,431.0,420.0,1.422,1.3186862101774384,0.8179955335833186,1.2732178710364601,Excluded,Included
IM11,1.8986629,1.6867595,0.0002989,0.0017584,1.078346,pptt1jmatch_run_51_431_420,431.0,420.0,1.422,1.3186862101774384,0.8430366036177653,0.7489481150129388,Excluded,Excluded
IM12,6.7326051,5.282688,5.18e-05,0.0007322,1.078346,pptt1jmatch_run_51_431_420,431.0,420.0,1.422,1.3186862101774384,0.269181144144799,0.21121096200934167,Excluded,Excluded
EM0,11.7900462,13.1718088,0.031104,0.0176589,1.078346,pptt1jmatch_run_51_431_420,431.0,420.0,1.422,1.3186862101774384,0.10795783795464749,0.12061021440272217,Excluded,Excluded
EM1,4.6666699,4.5478615,0.0272846,0.0165717,1.078346,pptt1jmatch_run_51_431_420,431.0,420.0,1.422,1.3186862101774384,0.31267442950934193,0.3047140745909626,Excluded,Excluded
EM2,2.6913687,2.6580232,0.0186453,0.0137598,1.078346,pptt1jmatch_run_51_431_420,431.0,420.0,1.422,1.3186862101774384,0.5349840437811076,0.528355702434973,Excluded,Excluded
EM3,1.6211831,1.9860449,0.0141629,0.0120197,1.078346,pptt1jmatch_run_51_431_420,431.0,420.0,1.422,1.3186862101774384,0.7159958971723146,0.8771371969026817,Excluded,Excluded
EM4,-1.0,1.3963505,0.0176299,0.0133869,1.078346,pptt1jmatch_run_51_431_420,431.0,420.0,1.422,1.3186862101774384,1.0183689553589874,-1.422,Included,Excluded
EM5,0.6325535,0.7726853,0.0096953,0.0099674,1.078346,pptt1jmatch_run_51_431_420,431.0,420.0,1.422,1.3186862101774384,1.8403352567985956,2.248031194199384,Included,Included
EM6,0.6069152,0.8425358,0.0047804,0.0070163,1.078346,pptt1jmatch_run_51_431_420,431.0,420.0,1.422,1.3186862101774384,1.6877621105239682,2.342996187935316,Included,Included
EM7,0.4989325,0.7317962,0.0028701,0.0054418,1.078346,pptt1jmatch_run_51_431_420,431.0,420.0,1.422,1.3186862101774384,1.9431639573968817,2.850084931328386,Included,Included
EM8,0.5176717,0.5954609,0.001562,0.0040172,1.078346,pptt1jmatch_run_51_431_420,431.0,420.0,1.422,1.3186862101774384,2.3880661181951663,2.746914695162977,Included,Included
EM9,0.7961803,0.686724,0.0006086,0.0025088,1.078346,pptt1jmatch_run_51_431_420,431.0,420.0,1.422,1.3186862101774384,2.070700892935153,1.7860276120873626,Included,Included
EM10,0.586685,1.2564529,0.0005325,0.0023467,1.078346,pptt1jmatch_run_51_431_420,431.0,420.0,1.422,1.3186862101774384,1.1317575055937235,2.4237878929919803,Included,Included
EM11,0.8866996,0.997146,0.0002471,0.0015988,1.078346,pptt1jmatch_run_51_431_420,431.0,420.0,1.422,1.3186862101774384,1.426070003790819,1.6036998325024618,Included,Included
EM12,4.8925355,3.9344061,5.18e-05,0.0007322,1.078346,pptt1jmatch_run_51_431_420,431.0,420.0,1.422,1.3186862101774384,0.36142684915011697,0.29064684354359815,Excluded,Excluded
IM0,4.4661134,5.6635604,0.1263602,0.0346065,1.021621,pptt1jmatch_run_52_435_421,435.0,421.0,1.35,1.3214293754729007,0.23836595792286425,0.30227624762058214,Excluded,Excluded
IM1,2.3345739,2.9318129,0.0969774,0.0308227,1.021621,pptt1jmatch_run_52_435_421,435.0,421.0,1.35,1.3214293754729007,0.46046594583167294,0.578263982133956,Excluded,Excluded
IM2,1.5617576,2.1384777,0.0727357,0.0270497,1.021621,pptt1jmatch_run_52_435_421,435.0,421.0,1.35,1.3214293754729007,0.6312901930190808,0.864410712648365,Excluded,Excluded
IM3,1.0990401,1.6286621,0.0517449,0.0230719,1.021621,pptt1jmatch_run_52_435_421,435.0,421.0,1.35,1.3214293754729007,0.8289012189821328,1.228344625459981,Excluded,Included
IM4,0.9035659,1.4382455,0.0363293,0.0194885,1.021621,pptt1jmatch_run_52_435_421,435.0,421.0,1.35,1.3214293754729007,0.9386436460256612,1.494080287890457,Excluded,Included
IM5,0.7835374,1.1824551,0.0184349,0.0140109,1.021621,pptt1jmatch_run_52_435_421,435.0,421.0,1.35,1.3214293754729007,1.1416923991447963,1.722955407106285,Included,Included
IM6,0.6871244,1.0,0.0106407,0.0106868,1.021621,pptt1jmatch_run_52_435_421,435.0,421.0,1.35,1.3214293754729007,1.35,1.9647097381493077,Included,Included
IM7,0.6238156,0.7333852,0.0057603,0.0078823,1.021621,pptt1jmatch_run_52_435_421,435.0,421.0,1.35,1.3214293754729007,1.8407788976379673,2.1641010580690834,Included,Included
IM8,0.5886483,0.6276464,0.0034067,0.006069,1.021621,pptt1jmatch_run_52_435_421,435.0,421.0,1.35,1.3214293754729007,2.150892604498329,2.29338978809588,Included,Included
IM9,0.6413217,0.6057572,0.0019683,0.0046164,1.021621,pptt1jmatch_run_52_435_421,435.0,421.0,1.35,1.3214293754729007,2.228615689586521,2.1050277887057307,Included,Included
IM10,0.8270682,1.2718609,0.0011299,0.0034992,1.021621,pptt1jmatch_run_52_435_421,435.0,421.0,1.35,1.3214293754729007,1.0614368285085263,1.6322716796510857,Included,Included
IM11,1.0481112,0.9321788,0.0005389,0.0024174,1.021621,pptt1jmatch_run_52_435_421,435.0,421.0,1.35,1.3214293754729007,1.4482200195928079,1.288031269964485,Included,Included
IM12,1.912793,1.5187187,0.0001824,0.0014067,1.021621,pptt1jmatch_run_52_435_421,435.0,421.0,1.35,1.3214293754729007,0.8889072084251021,0.7057742264845177,Excluded,Excluded
EM0,12.4648953,14.0663381,0.0293828,0.0175896,1.021621,pptt1jmatch_run_52_435_421,435.0,421.0,1.35,1.3214293754729007,0.09597380571991229,0.10830415880027489,Excluded,Excluded
EM1,5.2563468,5.1274776,0.0242417,0.0160191,1.021621,pptt1jmatch_run_52_435_421,435.0,421.0,1.35,1.3214293754729007,0.26328735205006065,0.256832368823153,Excluded,Excluded
EM2,2.3849588,2.3633678,0.0209909,0.0149312,1.021621,pptt1jmatch_run_52_435_421,435.0,421.0,1.35,1.3214293754729007,0.571218749785793,0.5660475141121935,Excluded,Excluded
EM3,1.5015846,1.8169127,0.0154156,0.012832,1.021621,pptt1jmatch_run_52_435_421,435.0,421.0,1.35,1.3214293754729007,0.7430186381547116,0.8990502433229537,Excluded,Excluded
EM4,0.9801723,1.3761193,0.0178944,0.0138078,1.021621,pptt1jmatch_run_52_435_421,435.0,421.0,1.35,1.3214293754729007,0.9810195961934405,1.3773088670226654,Excluded,Included
EM5,0.785184,0.9588213,0.0077941,0.0091595,1.021621,pptt1jmatch_run_52_435_421,435.0,421.0,1.35,1.3214293754729007,1.4079787338892034,1.719342217875046,Included,Included
EM6,0.5992891,0.8260217,0.0048805,0.0072587,1.021621,pptt1jmatch_run_52_435_421,435.0,421.0,1.35,1.3214293754729007,1.6343396305448152,2.2526690373644374,Included,Included
EM7,0.6121422,0.8923832,0.0023535,0.005047,1.021621,pptt1jmatch_run_52_435_421,435.0,421.0,1.35,1.3214293754729007,1.5128030200478897,2.205369928751849,Included,Included
EM8,0.5676296,0.6502349,0.0014384,0.0039475,1.021621,pptt1jmatch_run_52_435_421,435.0,421.0,1.35,1.3214293754729007,2.0761727800214973,2.3783114904508156,Included,Included
EM9,0.5803228,0.4955562,0.0008384,0.0030145,1.021621,pptt1jmatch_run_52_435_421,435.0,421.0,1.35,1.3214293754729007,2.724211703939937,2.3262915053484026,Included,Included
EM10,0.5307329,1.1296227,0.000591,0.0025313,1.021621,pptt1jmatch_run_52_435_421,435.0,421.0,1.35,1.3214293754729007,1.1950892984002535,2.5436523720312048,Included,Included
EM11,0.6156573,0.6953455,0.0003565,0.0019663,1.021621,pptt1jmatch_run_52_435_421,435.0,421.0,1.35,1.3214293754729007,1.941480889715976,2.1927783525022773,Included,Included
EM12,1.3924947,1.1144041,0.0001824,0.0014067,1.021621,pptt1jmatch_run_52_435_421,435.0,421.0,1.35,1.3214293754729007,1.2114097570172258,0.9694830436338465,Included,Excluded
IM0,5.105671,6.4752092,0.1106108,0.0362035,0.8377459,pptt1jmatch_run_53_450_420,450.0,420.0,1.11,1.3249841031749603,0.17142303294231792,0.21740531264157054,Excluded,Excluded
IM1,2.778079,3.4907142,0.0815495,0.0315896,0.8377459,pptt1jmatch_run_53_450_420,450.0,420.0,1.11,1.3249841031749603,0.31798650259021494,0.39955667207448026,Excluded,Excluded
IM2,1.9540534,2.6997193,0.0578009,0.0269367,0.8377459,pptt1jmatch_run_53_450_420,450.0,420.0,1.11,1.3249841031749603,0.4111538558842025,0.5680499826667992,Excluded,Excluded
IM3,1.3847252,2.0393506,0.0411158,0.0229189,0.8377459,pptt1jmatch_run_53_450_420,450.0,420.0,1.11,1.3249841031749603,0.5442909129994618,0.8016030906348783,Excluded,Excluded
IM4,1.1086504,1.7513092,0.029852,0.0196432,0.8377459,pptt1jmatch_run_53_450_420,450.0,420.0,1.11,1.3249841031749603,0.6338115508101027,1.0012173359609127,Excluded,Included
IM5,0.9611507,1.4485186,0.0150372,0.0140475,0.8377459,pptt1jmatch_run_53_450_420,450.0,420.0,1.11,1.3249841031749603,0.7663001358767503,1.1548657250106567,Excluded,Included
IM6,0.9095904,1.3339974,0.0079953,0.0102797,0.8377459,pptt1jmatch_run_53_450_420,450.0,420.0,1.11,1.3249841031749603,0.832085579776992,1.2203295021583342,Excluded,Included
IM7,0.8327708,0.9902123,0.0042955,0.0075488,0.8377459,pptt1jmatch_run_53_450_420,450.0,420.0,1.11,1.3249841031749603,1.1209717350511603,1.3328997606544322,Included,Included
IM8,1.0300849,1.0985307,0.0019367,0.0050748,0.8377459,pptt1jmatch_run_53_450_420,450.0,420.0,1.11,1.3249841031749603,1.010440582133936,1.0775810809380857,Included,Included
IM9,2.1763669,2.0554808,0.0005794,0.0027776,0.8377459,pptt1jmatch_run_53_450_420,450.0,420.0,1.11,1.3249841031749603,0.5400196392007164,0.5100242978332377,Excluded,Excluded
IM10,3.9095245,6.0588048,0.000238,0.0017805,0.8377459,pptt1jmatch_run_53_450_420,450.0,420.0,1.11,1.3249841031749603,0.18320444982812453,0.2839219961404514,Excluded,Excluded
IM11,3.1791352,2.8592574,0.0001772,0.0015364,0.8377459,pptt1jmatch_run_53_450_420,450.0,420.0,1.11,1.3249841031749603,0.38821268767198086,0.34915155542928783,Excluded,Excluded
IM12,-1.0,-1.0,0.0,0.0,0.8377459,pptt1jmatch_run_53_450_420,450.0,420.0,1.11,1.3249841031749603,-1.11,-1.11,Excluded,Excluded
EM0,12.565045,14.1178878,0.0290613,0.0193892,0.8377459,pptt1jmatch_run_53_450_420,450.0,420.0,1.11,1.3249841031749603,0.0786236592700503,0.08834031235065215,Excluded,Excluded
EM1,5.36578,5.2373428,0.0237485,0.0175754,0.8377459,pptt1jmatch_run_53_450_420,450.0,420.0,1.11,1.3249841031749603,0.21193953544534072,0.20686647607617162,Excluded,Excluded
EM2,2.998252,2.9727826,0.0166851,0.0147849,0.8377459,pptt1jmatch_run_53_450_420,450.0,420.0,1.11,1.3249841031749603,0.37338754606542707,0.3702157123550656,Excluded,Excluded
EM3,2.0553415,2.5026244,0.0112639,0.0121812,0.8377459,pptt1jmatch_run_53_450_420,450.0,420.0,1.11,1.3249841031749603,0.4435343953331551,0.5400562388294111,Excluded,Excluded
EM4,1.1859557,1.659455,0.0148148,0.0139448,0.8377459,pptt1jmatch_run_53_450_420,450.0,420.0,1.11,1.3249841031749603,0.6688943056605935,0.9359540158203211,Excluded,Excluded
EM5,0.8706346,1.0641615,0.0070419,0.009652,0.8377459,pptt1jmatch_run_53_450_420,450.0,420.0,1.11,1.3249841031749603,1.0430747588594402,1.2749321012512023,Included,Included
EM6,0.7868405,1.0905843,0.0036998,0.0070079,0.8377459,pptt1jmatch_run_53_450_420,450.0,420.0,1.11,1.3249841031749603,1.017803025405739,1.410705219164494,Included,Included
EM7,0.6076477,0.8906168,0.0023588,0.0055994,0.8377459,pptt1jmatch_run_53_450_420,450.0,420.0,1.11,1.3249841031749603,1.2463272644306733,1.826716368711673,Included,Included
EM8,0.5966504,0.6853398,0.0013573,0.0042496,0.8377459,pptt1jmatch_run_53_450_420,450.0,420.0,1.11,1.3249841031749603,1.619634522903821,1.8603859144316337,Included,Included
EM9,1.4379765,1.2207917,0.0003414,0.0021324,0.8377459,pptt1jmatch_run_53_450_420,450.0,420.0,1.11,1.3249841031749603,0.909246024526543,0.7719180389943786,Excluded,Excluded
EM10,5.1354676,10.9932408,6.08e-05,0.0008999,0.8377459,pptt1jmatch_run_53_450_420,450.0,420.0,1.11,1.3249841031749603,0.10097113491773964,0.21614390089813829,Excluded,Excluded
EM11,1.2364835,1.3923773,0.0001772,0.0015364,0.8377459,pptt1jmatch_run_53_450_420,450.0,420.0,1.11,1.3249841031749603,0.7971977135795019,0.8977070862652029,Excluded,Excluded
EM12,-1.0,-1.0,0.0,0.0,0.8377459,pptt1jmatch_run_53_450_420,450.0,420.0,1.11,1.3249841031749603,-1.11,-1.11,Excluded,Excluded
IM0,5.8901187,7.4681372,0.0956271,0.0361956,0.7289722,pptt1jmatch_run_54_461_420,461.0,420.0,0.9714,1.332561104524974,0.13007259695228954,0.16492027571532644,Excluded,Excluded
IM1,3.220725,4.0520213,0.0701715,0.0314393,0.7289722,pptt1jmatch_run_54_461_420,461.0,420.0,0.9714,1.332561104524974,0.2397322047640767,0.30160910975013394,Excluded,Excluded
IM2,2.2860406,3.1559625,0.0493393,0.0266563,0.7289722,pptt1jmatch_run_54_461_420,461.0,420.0,0.9714,1.332561104524974,0.30779833410568097,0.424926836382521,Excluded,Excluded
IM3,1.5952291,2.3534941,0.0355938,0.0228039,0.7289722,pptt1jmatch_run_54_461_420,461.0,420.0,0.9714,1.332561104524974,0.4127480073138914,0.6089407471315563,Excluded,Excluded
IM4,1.3179139,2.0862308,0.0250763,0.0192446,0.7289722,pptt1jmatch_run_54_461_420,461.0,420.0,0.9714,1.332561104524974,0.4656244170108121,0.737073946939933,Excluded,Excluded
IM5,1.173245,1.7823724,0.0122817,0.0135562,0.7289722,pptt1jmatch_run_54_461_420,461.0,420.0,0.9714,1.332561104524974,0.5450039509139617,0.8279600594931154,Excluded,Excluded
IM6,1.2753553,1.8680864,0.0057176,0.0092801,0.7289722,pptt1jmatch_run_54_461_420,461.0,420.0,0.9714,1.332561104524974,0.5199973620063827,0.7616701008730666,Excluded,Excluded
IM7,1.2066529,1.4270852,0.0029649,0.0066919,0.7289722,pptt1jmatch_run_54_461_420,461.0,420.0,0.9714,1.332561104524974,0.6806881607349022,0.8050368088453608,Excluded,Excluded
IM8,1.2805116,1.3639903,0.0015647,0.0048649,0.7289722,pptt1jmatch_run_54_461_420,461.0,420.0,0.9714,1.332561104524974,0.7121751525652347,0.7586030458451138,Excluded,Excluded
IM9,1.7474387,1.6573416,0.000723,0.0033084,0.7289722,pptt1jmatch_run_54_461_420,461.0,420.0,0.9714,1.332561104524974,0.5861193612710862,0.5558993285429699,Excluded,Excluded
IM10,2.2185718,3.4379317,0.0004196,0.0025208,0.7289722,pptt1jmatch_run_54_461_420,461.0,420.0,0.9714,1.332561104524974,0.28255360628601206,0.43784925058544427,Excluded,Excluded
IM11,2.3578522,2.0915148,0.0002405,0.0019085,0.7289722,pptt1jmatch_run_54_461_420,461.0,420.0,0.9714,1.332561104524974,0.46444806414948636,0.4119851108563973,Excluded,Excluded
IM12,1.4495421,1.1448704,0.0002405,0.0019085,0.7289722,pptt1jmatch_run_54_461_420,461.0,420.0,0.9714,1.332561104524974,0.8484803170734435,0.6701426609134017,Excluded,Excluded
EM0,14.4532201,16.1166265,0.0254556,0.0193858,0.7289722,pptt1jmatch_run_54_461_420,461.0,420.0,0.9714,1.332561104524974,0.060273159522558906,0.0672099361442645,Excluded,Excluded
EM1,6.1144403,5.9404011,0.0208322,0.0175787,0.7289722,pptt1jmatch_run_54_461_420,461.0,420.0,0.9714,1.332561104524974,0.1635243115149245,0.15886981511619308,Excluded,Excluded
EM2,3.629592,3.606507,0.0137454,0.0143306,0.7289722,pptt1jmatch_run_54_461_420,461.0,420.0,0.9714,1.332561104524974,0.26934648955346546,0.2676333868930723,Excluded,Excluded
EM3,2.213141,2.6654587,0.0105176,0.0125561,0.7289722,pptt1jmatch_run_54_461_420,461.0,420.0,0.9714,1.332561104524974,0.3644400868038211,0.4389236835791304,Excluded,Excluded
EM4,1.3730001,1.9311826,0.0127945,0.0138327,0.7289722,pptt1jmatch_run_54_461_420,461.0,420.0,0.9714,1.332561104524974,0.5030078460731783,0.7075017693006724,Excluded,Excluded
EM5,0.9390713,1.1404209,0.0065642,0.0099392,0.7289722,pptt1jmatch_run_54_461_420,461.0,420.0,0.9714,1.332561104524974,0.8517907730382704,1.0344262464415643,Excluded,Included
EM6,1.0661701,1.466574,0.0027527,0.0064487,0.7289722,pptt1jmatch_run_54_461_420,461.0,420.0,0.9714,1.332561104524974,0.662360030929227,0.9111116509457545,Excluded,Excluded
EM7,1.0239099,1.4958168,0.0014001,0.0046023,0.7289722,pptt1jmatch_run_54_461_420,461.0,420.0,0.9714,1.332561104524974,0.6494110776132479,0.9487162884156117,Excluded,Excluded
EM8,0.9668668,1.1031747,0.0008417,0.0035693,0.7289722,pptt1jmatch_run_54_461_420,461.0,420.0,0.9714,1.332561104524974,0.8805495630021247,1.0046885465505695,Excluded,Included
EM9,1.6206142,1.3651472,0.0003034,0.0021436,0.7289722,pptt1jmatch_run_54_461_420,461.0,420.0,0.9714,1.332561104524974,0.7115716165992944,0.5994023747292848,Excluded,Excluded
EM10,1.7514795,3.7238459,0.0001791,0.0016471,0.7289722,pptt1jmatch_run_54_461_420,461.0,420.0,0.9714,1.332561104524974,0.26085934436760666,0.5546168253753471,Excluded,Excluded
EM11,-1.0,-1.0,0.0,0.0,0.7289722,pptt1jmatch_run_54_461_420,461.0,420.0,0.9714,1.332561104524974,-0.9714000000000002,-0.9714000000000002,Excluded,Excluded
EM12,1.0606471,0.8530643,0.0002405,0.0019085,0.7289722,pptt1jmatch_run_54_461_420,461.0,420.0,0.9714,1.332561104524974,1.1387183826588454,0.9158559901780716,Included,Excluded
IM0,6.1461201,7.8361958,0.0913279,0.037523,0.651493,pptt1jmatch_run_55_470_421,470.0,421.0,0.87,1.335394240613483,0.11102325952600622,0.14155271713613274,Excluded,Excluded
IM1,3.450333,4.341186,0.065551,0.0322374,0.651493,pptt1jmatch_run_55_470_421,470.0,421.0,0.87,1.335394240613483,0.20040606414929002,0.2521495751279659,Excluded,Excluded
IM2,2.4872547,3.3922387,0.0458921,0.0272559,0.651493,pptt1jmatch_run_55_470_421,470.0,421.0,0.87,1.335394240613483,0.25646780104242073,0.34978323691578506,Excluded,Excluded
IM3,1.7600946,2.5972832,0.0323668,0.0230514,0.651493,pptt1jmatch_run_55_470_421,470.0,421.0,0.87,1.335394240613483,0.3349653976894009,0.4942916136439484,Excluded,Excluded
IM4,1.5098886,2.3993004,0.0217649,0.0190061,0.651493,pptt1jmatch_run_55_470_421,470.0,421.0,0.87,1.335394240613483,0.3626056995614221,0.5762014495638949,Excluded,Excluded
IM5,1.2738222,1.9240138,0.0113668,0.0138079,0.651493,pptt1jmatch_run_55_470_421,470.0,421.0,0.87,1.335394240613483,0.4521797088981378,0.6829838575587707,Excluded,Excluded
IM6,1.3365479,1.9459404,0.0054678,0.0096052,0.651493,pptt1jmatch_run_55_470_421,470.0,421.0,0.87,1.335394240613483,0.4470846075244647,0.6509306550105686,Excluded,Excluded
IM7,1.3243061,1.5653554,0.0027083,0.0067694,0.651493,pptt1jmatch_run_55_470_421,470.0,421.0,0.87,1.335394240613483,0.5557843285940048,0.6569478159165769,Excluded,Excluded
IM8,1.2398295,1.3149261,0.0016243,0.0052453,0.651493,pptt1jmatch_run_55_470_421,470.0,421.0,0.87,1.335394240613483,0.6616341405041697,0.701709388266693,Excluded,Excluded
IM9,1.7209665,1.6316435,0.0007314,0.0035213,0.651493,pptt1jmatch_run_55_470_421,470.0,421.0,0.87,1.335394240613483,0.5332047104652455,0.5055298868397495,Excluded,Excluded
IM10,3.8412962,5.947899,0.0002421,0.0020265,0.651493,pptt1jmatch_run_55_470_421,470.0,421.0,0.87,1.335394240613483,0.14627013673231504,0.2264860491622593,Excluded,Excluded
IM11,3.1413593,2.7831766,0.0001804,0.0017494,0.651493,pptt1jmatch_run_55_470_421,470.0,421.0,0.87,1.335394240613483,0.3125924528109355,0.27695017249379905,Excluded,Excluded
IM12,5.6064171,4.4477552,6.22e-05,0.0010276,0.651493,pptt1jmatch_run_55_470_421,470.0,421.0,0.87,1.335394240613483,0.19560429045195651,0.15517932121033234,Excluded,Excluded
EM0,14.2843825,15.9049109,0.0257768,0.0206413,0.651493,pptt1jmatch_run_55_470_421,470.0,421.0,0.87,1.335394240613483,0.05470008637395132,0.06090567793182519,Excluded,Excluded
EM1,6.4943555,6.327852,0.0196589,0.0180826,0.651493,pptt1jmatch_run_55_470_421,470.0,421.0,0.87,1.335394240613483,0.13748741279031176,0.1339624848069989,Excluded,Excluded
EM2,3.7044853,3.6668637,0.0135254,0.0150456,0.651493,pptt1jmatch_run_55_470_421,470.0,421.0,0.87,1.335394240613483,0.23725997778428468,0.2348504392769489,Excluded,Excluded
EM3,2.2020945,2.6457858,0.0106019,0.0133404,0.651493,pptt1jmatch_run_55_470_421,470.0,421.0,0.87,1.335394240613483,0.3288248050919314,0.395078412847405,Excluded,Excluded
EM4,1.6823721,2.3681404,0.0103981,0.013213,0.651493,pptt1jmatch_run_55_470_421,470.0,421.0,0.87,1.335394240613483,0.3673768666756413,0.5171269780329808,Excluded,Excluded
EM5,1.0404193,1.2726086,0.005899,0.0099746,0.651493,pptt1jmatch_run_55_470_421,470.0,421.0,0.87,1.335394240613483,0.6836351726681713,0.8362013276762551,Excluded,Excluded
EM6,1.0580268,1.4674481,0.0027595,0.006833,0.651493,pptt1jmatch_run_55_470_421,470.0,421.0,0.87,1.335394240613483,0.5928659419028175,0.8222854090274462,Excluded,Excluded
EM7,1.3257152,1.9331053,0.001084,0.0042862,0.651493,pptt1jmatch_run_55_470_421,470.0,421.0,0.87,1.335394240613483,0.4500530829851844,0.6562495474141051,Excluded,Excluded
EM8,0.907199,1.0408508,0.0008929,0.0038904,0.651493,pptt1jmatch_run_55_470_421,470.0,421.0,0.87,1.335394240613483,0.8358546681234235,0.9589957660888073,Excluded,Excluded
EM9,-1.0,0.8487875,0.0004893,0.0028805,0.651493,pptt1jmatch_run_55_470_421,470.0,421.0,0.87,1.335394240613483,1.0249915320383487,-0.8699999999999999,Included,Excluded
EM10,5.0644745,10.8196339,6.17e-05,0.001023,0.651493,pptt1jmatch_run_55_470_421,470.0,421.0,0.87,1.335394240613483,0.08040937503439927,0.17178485151815848,Excluded,Excluded
EM11,1.852819,2.0897164,0.0001182,0.0014159,0.651493,pptt1jmatch_run_55_470_421,470.0,421.0,0.87,1.335394240613483,0.41632443522001356,0.4695547703256497,Excluded,Excluded
EM12,4.0829733,3.2873492,6.22e-05,0.0010276,0.651493,pptt1jmatch_run_55_470_421,470.0,421.0,0.87,1.335394240613483,0.26465092299899257,0.21308001205885915,Excluded,Excluded
IM0,4.1700129,5.2738605,0.1358187,0.0408583,0.7760616,pptt1jmatch_run_56_456_449,456.0,449.0,1.0366,1.3357187109889215,0.1965543077978646,0.2485843628924985,Excluded,Excluded
IM1,2.1562908,2.7246774,0.1047019,0.036514,0.7760616,pptt1jmatch_run_56_456_449,456.0,449.0,1.0366,1.3357187109889215,0.38044870926737967,0.48073293268236367,Excluded,Excluded
IM2,1.4575636,1.999761,0.0777164,0.0319291,0.7760616,pptt1jmatch_run_56_456_449,456.0,449.0,1.0366,1.3357187109889215,0.5183619442523382,0.7111868051589653,Excluded,Excluded
IM3,0.9882902,1.4652692,0.0574445,0.0277508,0.7760616,pptt1jmatch_run_56_456_449,456.0,449.0,1.0366,1.3357187109889215,0.7074467954420934,1.0488822007948677,Excluded,Included
IM4,0.7906252,1.2543611,0.0415802,0.0238078,0.7760616,pptt1jmatch_run_56_456_449,456.0,449.0,1.0366,1.3357187109889215,0.8263968007298697,1.3111142928406532,Excluded,Included
IM5,0.657511,-1.0,0.0218788,0.0174464,0.7760616,pptt1jmatch_run_56_456_449,456.0,449.0,1.0366,1.3357187109889215,-1.0366,1.576551571000333,Excluded,Included
IM6,0.5910844,0.8647672,0.0123199,0.0131556,0.7760616,pptt1jmatch_run_56_456_449,456.0,449.0,1.0366,1.3357187109889215,1.1987041136620353,1.7537258638529456,Included,Included
IM7,0.5400538,0.6362529,0.0066657,0.0097044,0.7760616,pptt1jmatch_run_56_456_449,456.0,449.0,1.0366,1.3357187109889215,1.6292263658051696,1.9194383966930701,Included,Included
IM8,0.4979968,0.5321093,0.0040218,0.007548,0.7760616,pptt1jmatch_run_56_456_449,456.0,449.0,1.0366,1.3357187109889215,1.9480960020807754,2.0815394797717572,Included,Included
IM9,0.4888551,0.4620056,0.0025861,0.0060571,0.7760616,pptt1jmatch_run_56_456_449,456.0,449.0,1.0366,1.3357187109889215,2.243695747410854,2.120464734846788,Included,Included
IM10,0.6959929,1.0811168,0.0013342,0.0043533,0.7760616,pptt1jmatch_run_56_456_449,456.0,449.0,1.0366,1.3357187109889215,0.9588233204774914,1.4893830095105853,Excluded,Included
IM11,0.7676519,0.6871232,0.0007331,0.0032278,0.7760616,pptt1jmatch_run_56_456_449,456.0,449.0,1.0366,1.3357187109889215,1.5086086454365097,1.3503516372459965,Included,Included
IM12,0.6321498,0.5070217,0.0005489,0.0027934,0.7760616,pptt1jmatch_run_56_456_449,456.0,449.0,1.0366,1.3357187109889215,2.0444884311657665,1.6398011990195995,Included,Included
EM0,11.8221848,13.2066662,0.0311168,0.0207077,0.7760616,pptt1jmatch_run_56_456_449,456.0,449.0,1.0366,1.3357187109889215,0.0784906640557024,0.0876826083787829,Excluded,Excluded
EM1,4.741714,4.5866942,0.0269856,0.0193252,0.7760616,pptt1jmatch_run_56_456_449,456.0,449.0,1.0366,1.3357187109889215,0.22600155031046107,0.21861293194823644,Excluded,Excluded
EM2,2.467232,2.4410486,0.0202719,0.0168073,0.7760616,pptt1jmatch_run_56_456_449,456.0,449.0,1.0366,1.3357187109889215,0.4246535689621256,0.4201469501044085,Excluded,Excluded
EM3,1.4643671,1.7678329,0.0158643,0.0149017,0.7760616,pptt1jmatch_run_56_456_449,456.0,449.0,1.0366,1.3357187109889215,0.5863676368959985,0.7078826067589199,Excluded,Excluded
EM4,0.8907052,1.2517862,0.0197013,0.0165739,0.7760616,pptt1jmatch_run_56_456_449,456.0,449.0,1.0366,1.3357187109889215,0.8280966829639119,1.1637969554909975,Excluded,Included
EM5,0.6405069,0.781993,0.009559,0.0116043,0.7760616,pptt1jmatch_run_56_456_449,456.0,449.0,1.0366,1.3357187109889215,1.3255873134414244,1.6184056721324938,Included,Included
EM6,0.5136248,0.714401,0.0056542,0.0089424,0.7760616,pptt1jmatch_run_56_456_449,456.0,449.0,1.0366,1.3357187109889215,1.4510058076626433,2.0182047284321163,Included,Included
EM7,0.5415385,0.7934642,0.0026439,0.0061241,0.7760616,pptt1jmatch_run_56_456_449,456.0,449.0,1.0366,1.3357187109889215,1.3064231505340758,1.9141760004136361,Included,Included
EM8,0.5666789,0.6461466,0.0014356,0.0045155,0.7760616,pptt1jmatch_run_56_456_449,456.0,449.0,1.0366,1.3357187109889215,1.6042798956150197,1.8292546272677526,Included,Included
EM9,0.391894,0.3344667,0.0012519,0.0042171,0.7760616,pptt1jmatch_run_56_456_449,456.0,449.0,1.0366,1.3357187109889215,3.099262198598545,2.6451030125493116,Included,Included
EM10,0.5197252,1.1135553,0.0006012,0.0029232,0.7760616,pptt1jmatch_run_56_456_449,456.0,449.0,1.0366,1.3357187109889215,0.9308922511526818,1.9945155632245655,Excluded,Included
EM11,1.1899487,1.3399047,0.0001842,0.0016183,0.7760616,pptt1jmatch_run_56_456_449,456.0,449.0,1.0366,1.3357187109889215,0.7736371101616406,0.8711299907298524,Excluded,Excluded
EM12,0.4626711,0.3726925,0.0005489,0.0027934,0.7760616,pptt1jmatch_run_56_456_449,456.0,449.0,1.0366,1.3357187109889215,2.78138143375571,2.24046844507902,Included,Included
IM0,4.0650146,5.1489444,0.1391383,0.0424581,0.7294646,pptt1jmatch_run_57_461_449,461.0,449.0,0.9714,1.3316616049634211,0.18866002903430068,0.23896593138927474,Excluded,Excluded
IM1,2.0930206,2.6238,0.108328,0.0381279,0.7294646,pptt1jmatch_run_57_461_449,461.0,449.0,0.9714,1.3316616049634211,0.3702263892064944,0.46411392224233244,Excluded,Excluded
IM2,1.4286875,1.9571259,0.0794017,0.0331681,0.7294646,pptt1jmatch_run_57_461_449,461.0,449.0,0.9714,1.3316616049634211,0.4963400668296301,0.6799247561135657,Excluded,Excluded
IM3,0.9744834,1.4336369,0.0584446,0.0287783,0.7294646,pptt1jmatch_run_57_461_449,461.0,449.0,0.9714,1.3316616049634211,0.6775774256368541,0.9968358619551652,Excluded,Excluded
IM4,0.7753245,1.2327867,0.0423905,0.0247172,0.7294646,pptt1jmatch_run_57_461_449,461.0,449.0,0.9714,1.3316616049634211,0.7879708630860474,1.2528947556797188,Excluded,Included
IM5,0.6574261,0.9951537,0.0219837,0.0179884,0.7294646,pptt1jmatch_run_57_461_449,461.0,449.0,0.9714,1.3316616049634211,0.9761306218325873,1.4775805219780596,Excluded,Included
IM6,0.594239,0.8716802,0.0122297,0.0134836,0.7294646,pptt1jmatch_run_57_461_449,461.0,449.0,0.9714,1.3316616049634211,1.1143995240456306,1.6346958042134563,Included,Included
IM7,0.5413727,0.6402996,0.0066101,0.0099411,0.7294646,pptt1jmatch_run_57_461_449,461.0,449.0,0.9714,1.3316616049634211,1.517102306482778,1.7943276415674452,Included,Included
IM8,0.4750664,0.5084846,0.0042168,0.0079496,0.7294646,pptt1jmatch_run_57_461_449,461.0,449.0,0.9714,1.3316616049634211,1.9103823399961377,2.0447667947049086,Included,Included
IM9,0.5524472,0.5175952,0.0022983,0.0058745,0.7294646,pptt1jmatch_run_57_461_449,461.0,449.0,0.9714,1.3316616049634211,1.8767561986664483,1.7583580838132584,Included,Included
IM10,0.5943161,0.9206523,0.0015663,0.0048514,0.7294646,pptt1jmatch_run_57_461_449,461.0,449.0,0.9714,1.3316616049634211,1.055121461164003,1.6344837368531662,Included,Included
IM11,0.5182455,0.4622885,0.0010881,0.0040445,0.7294646,pptt1jmatch_run_57_461_449,461.0,449.0,0.9714,1.3316616049634211,2.1012852363837733,1.8744012249020976,Included,Included
IM12,0.476642,0.376395,0.0007319,0.0033177,0.7294646,pptt1jmatch_run_57_461_449,461.0,449.0,0.9714,1.3316616049634211,2.580799426134779,2.038007561230441,Included,Included
EM0,11.9345019,13.3063773,0.0308103,0.0211993,0.7294646,pptt1jmatch_run_57_461_449,461.0,449.0,0.9714,1.3316616049634211,0.07300258951773449,0.08139426413765957,Excluded,Excluded
EM1,4.4282762,4.3221199,0.0289263,0.0205609,0.7294646,pptt1jmatch_run_57_461_449,461.0,449.0,0.9714,1.3316616049634211,0.22475082192884102,0.2193630108257475,Excluded,Excluded
EM2,2.3862869,2.3714712,0.0209571,0.0175726,0.7294646,pptt1jmatch_run_57_461_449,461.0,449.0,0.9714,1.3316616049634211,0.4096191427498677,0.40707594715455214,Excluded,Excluded
EM3,1.4415184,1.7511532,0.0160541,0.0154187,0.7294646,pptt1jmatch_run_57_461_449,461.0,449.0,0.9714,1.3316616049634211,0.5547201695431331,0.6738727719327064,Excluded,Excluded
EM4,0.8569289,1.2101022,0.0204068,0.0173452,0.7294646,pptt1jmatch_run_57_461_449,461.0,449.0,0.9714,1.3316616049634211,0.8027421155006578,1.1335829612001649,Excluded,Included
EM5,0.6338621,0.7700493,0.009754,0.0120568,0.7294646,pptt1jmatch_run_57_461_449,461.0,449.0,0.9714,1.3316616049634211,1.2614776742216374,1.5325099891601028,Included,Included
EM6,0.5183535,0.7171633,0.0056196,0.0091706,0.7294646,pptt1jmatch_run_57_461_449,461.0,449.0,0.9714,1.3316616049634211,1.354503221232877,1.874010689616256,Included,Included
EM7,0.5999766,0.8773218,0.0023933,0.0059945,0.7294646,pptt1jmatch_run_57_461_449,461.0,449.0,0.9714,1.3316616049634211,1.1072334005606608,1.6190631434625953,Included,Included
EM8,0.4233736,0.4848496,0.0019185,0.0053683,0.7294646,pptt1jmatch_run_57_461_449,461.0,449.0,0.9714,1.3316616049634211,2.0035078919318488,2.2944274276903425,Included,Included
EM9,0.6706218,0.5659583,0.0007319,0.0033178,0.7294646,pptt1jmatch_run_57_461_449,461.0,449.0,0.9714,1.3316616049634211,1.7163808711701904,1.4485064458089492,Included,Included
EM10,0.6554702,1.3929932,0.0004782,0.0026822,0.7294646,pptt1jmatch_run_57_461_449,461.0,449.0,0.9714,1.3316616049634211,0.6973472663039562,1.4819895702352297,Excluded,Included
EM11,0.6184563,0.6928253,0.0003562,0.0023148,0.7294646,pptt1jmatch_run_57_461_449,461.0,449.0,0.9714,1.3316616049634211,1.4020850566513665,1.5706849457269658,Included,Included
EM12,0.3485461,0.2796581,0.0007319,0.0033177,0.7294646,pptt1jmatch_run_57_461_449,461.0,449.0,0.9714,1.3316616049634211,3.473527139031553,2.7870057934947488,Included,Included
IM0,4.3066437,5.454657,0.1308409,0.0438742,0.6516501,pptt1jmatch_run_58_470_450,470.0,450.0,0.87,1.3350723033726228,0.15949673829170194,0.20201346120181707,Excluded,Excluded
IM1,2.2451409,2.8238377,0.1004666,0.0391117,0.6516501,pptt1jmatch_run_58_470_450,470.0,450.0,0.87,1.3350723033726228,0.30809136091638695,0.38750351926687543,Excluded,Excluded
IM2,1.5215543,2.0967678,0.0742071,0.034101,0.6516501,pptt1jmatch_run_58_470_450,470.0,450.0,0.87,1.3350723033726228,0.4149243421231479,0.5717837345666862,Excluded,Excluded
IM3,1.0797447,1.5852284,0.0529725,0.0291403,0.6516501,pptt1jmatch_run_58_470_450,470.0,450.0,0.87,1.3350723033726228,0.5488168140313409,0.8057460249631232,Excluded,Excluded
IM4,0.8535887,1.3576668,0.0385585,0.0250501,0.6516501,pptt1jmatch_run_58_470_450,470.0,450.0,0.87,1.3350723033726228,0.6408052402842876,1.0192262385853983,Excluded,Included
IM5,0.7040892,1.0755973,0.0203777,0.0183821,0.6516501,pptt1jmatch_run_58_470_450,470.0,450.0,0.87,1.3350723033726228,0.8088529043351075,1.23563889348111,Excluded,Included
IM6,0.6703342,0.9800452,0.0108659,0.013488,0.6516501,pptt1jmatch_run_58_470_450,470.0,450.0,0.87,1.3350723033726228,0.8877141584898329,1.2978600823290831,Excluded,Included
IM7,0.5618726,0.6620986,0.0064,0.0103749,0.6516501,pptt1jmatch_run_58_470_450,470.0,450.0,0.87,1.3350723033726228,1.3140036846475738,1.5483937106027237,Included,Included
IM8,0.5449795,0.5793613,0.0036855,0.0078838,0.6516501,pptt1jmatch_run_58_470_450,470.0,450.0,0.87,1.3350723033726228,1.5016536313350581,1.5963903229387528,Included,Included
IM9,0.6887638,0.6509911,0.0018425,0.0055795,0.6516501,pptt1jmatch_run_58_470_450,470.0,450.0,0.87,1.3350723033726228,1.3364238005711597,1.2631325862363847,Included,Included
IM10,1.0191643,1.5718198,0.0009144,0.0039324,0.6516501,pptt1jmatch_run_58_470_450,470.0,450.0,0.87,1.3350723033726228,0.5534985626214913,0.8536405759110676,Excluded,Excluded
IM11,1.1670442,1.0424271,0.0004824,0.0028568,0.6516501,pptt1jmatch_run_58_470_450,470.0,450.0,0.87,1.3350723033726228,0.8345907354096991,0.7454730506351002,Excluded,Excluded
IM12,0.9657128,0.7628047,0.0003604,0.0024695,0.6516501,pptt1jmatch_run_58_470_450,470.0,450.0,0.87,1.3350723033726228,1.1405278441519828,0.9008889599475123,Included,Excluded
EM0,12.0908445,13.5179761,0.0303742,0.0223276,0.6516501,pptt1jmatch_run_58_470_450,470.0,450.0,0.87,1.3350723033726228,0.06435874672096809,0.0719552716106803,Excluded,Excluded
EM1,4.8460099,4.785722,0.0262595,0.0208043,0.6516501,pptt1jmatch_run_58_470_450,470.0,450.0,0.87,1.3350723033726228,0.18179075174028078,0.17952914210926393,Excluded,Excluded
EM2,2.3542676,2.3421294,0.0212346,0.0187564,0.6516501,pptt1jmatch_run_58_470_450,470.0,450.0,0.87,1.3350723033726228,0.37145684606495266,0.369541678269709,Excluded,Excluded
EM3,1.6101295,1.9468537,0.0144139,0.0155069,0.6516501,pptt1jmatch_run_58_470_450,470.0,450.0,0.87,1.3350723033726228,0.44687487303231876,0.5403292095449466,Excluded,Excluded
EM4,0.9638762,1.3547924,0.0181809,0.0173824,0.6516501,pptt1jmatch_run_58_470_450,470.0,450.0,0.87,1.3350723033726228,0.6421648069475442,0.9026055420810266,Excluded,Excluded
EM5,0.6465555,0.7878734,0.0095118,0.0126282,0.6516501,pptt1jmatch_run_58_470_450,470.0,450.0,0.87,1.3350723033726228,1.1042383205220534,1.3455921417418923,Included,Included
EM6,0.6492078,0.9054209,0.0044659,0.008675,0.6516501,pptt1jmatch_run_58_470_450,470.0,450.0,0.87,1.3350723033726228,0.9608790784484873,1.3400948047759131,Excluded,Included
EM7,0.5310301,0.7730979,0.0027145,0.0067693,0.6516501,pptt1jmatch_run_58_470_450,470.0,450.0,0.87,1.3350723033726228,1.125342598912764,1.6383252098139072,Included,Included
EM8,0.4406251,0.5059953,0.001843,0.0055802,0.6516501,pptt1jmatch_run_58_470_450,470.0,450.0,0.87,1.3350723033726228,1.7193835594915603,1.9744676370002525,Included,Included
EM9,0.5268019,0.4484974,0.0009281,0.0039617,0.6516501,pptt1jmatch_run_58_470_450,470.0,450.0,0.87,1.3350723033726228,1.9398105763823825,1.6514746814694479,Included,Included
EM10,0.7240907,1.5437249,0.000432,0.0027037,0.6516501,pptt1jmatch_run_58_470_450,470.0,450.0,0.87,1.3350723033726228,0.563571916213828,1.201506938288256,Excluded,Included
EM11,1.8161569,2.0157204,0.000122,0.0014367,0.6516501,pptt1jmatch_run_58_470_450,470.0,450.0,0.87,1.3350723033726228,0.4316074788943942,0.479033502006352,Excluded,Excluded
EM12,0.7088628,0.5667807,0.0003604,0.0024695,0.6516501,pptt1jmatch_run_58_470_450,470.0,450.0,0.87,1.3350723033726228,1.5349852244439515,1.2273178956492004,Included,Included
IM0,4.6064979,5.879501,0.1221141,0.0450812,0.5764049,pptt1jmatch_run_59_480_450,480.0,450.0,0.771,1.337601397906229,0.1311335774923756,0.1673722677698388,Excluded,Excluded
IM1,2.4763899,3.0932275,0.0912961,0.039658,0.5764049,pptt1jmatch_run_59_480_450,480.0,450.0,0.771,1.337601397906229,0.2492542174799623,0.31134031034450593,Excluded,Excluded
IM2,1.6906172,2.3135772,0.0672256,0.0344786,0.5764049,pptt1jmatch_run_59_480_450,480.0,450.0,0.771,1.337601397906229,0.3332501720711978,0.45604646634377083,Excluded,Excluded
IM3,1.2217512,1.7860782,0.0469512,0.0291256,0.5764049,pptt1jmatch_run_59_480_450,480.0,450.0,0.771,1.337601397906229,0.43167202869392846,0.6310613814007304,Excluded,Excluded
IM4,0.9655781,1.5381936,0.034035,0.0249653,0.5764049,pptt1jmatch_run_59_480_450,480.0,450.0,0.771,1.337601397906229,0.501237295487382,0.7984853840409181,Excluded,Excluded
IM5,0.832867,1.2553897,0.0174003,0.0180036,0.5764049,pptt1jmatch_run_59_480_450,480.0,450.0,0.771,1.337601397906229,0.614151924298885,0.9257180318106012,Excluded,Excluded
IM6,0.8132592,1.1822219,0.0090132,0.0130127,0.5764049,pptt1jmatch_run_59_480_450,480.0,450.0,0.771,1.337601397906229,0.6521618318862136,0.9480372309344918,Excluded,Excluded
IM7,0.8523604,1.005,0.0042147,0.0089199,0.5764049,pptt1jmatch_run_59_480_450,480.0,450.0,0.771,1.337601397906229,0.7671641791044778,0.9045469498582994,Excluded,Excluded
IM8,1.02449,1.0994438,0.0019557,0.0060831,0.5764049,pptt1jmatch_run_59_480_450,480.0,450.0,0.771,1.337601397906229,0.7012636753238319,0.7525695712012808,Excluded,Excluded
IM9,1.134182,1.0679791,0.001121,0.0046073,0.5764049,pptt1jmatch_run_59_480_450,480.0,450.0,0.771,1.337601397906229,0.7219242399031965,0.6797850785852712,Excluded,Excluded
IM10,1.2994748,2.0142102,0.0007155,0.0036818,0.5764049,pptt1jmatch_run_59_480_450,480.0,450.0,0.771,1.337601397906229,0.38278030763621396,0.5933166229926121,Excluded,Excluded
IM11,1.1791406,1.0608678,0.0004767,0.0030056,0.5764049,pptt1jmatch_run_59_480_450,480.0,450.0,0.771,1.337601397906229,0.7267635043687819,0.6538660444734072,Excluded,Excluded
IM12,1.1751491,0.9293972,0.0002986,0.0023787,0.5764049,pptt1jmatch_run_59_480_450,480.0,450.0,0.771,1.337601397906229,0.8295699621216849,0.6560869595185836,Excluded,Excluded
EM0,11.9130126,13.2950278,0.030818,0.0237957,0.5764049,pptt1jmatch_run_59_480_450,480.0,450.0,0.771,1.337601397906229,0.05799160495173993,0.06471914585232622,Excluded,Excluded
EM1,5.3030603,5.1791228,0.0240705,0.0211031,0.5764049,pptt1jmatch_run_59_480_450,480.0,450.0,0.771,1.337601397906229,0.14886690850427411,0.1453877490323842,Excluded,Excluded
EM2,2.4630585,2.4451491,0.0202744,0.0194053,0.5764049,pptt1jmatch_run_59_480_450,480.0,450.0,0.771,1.337601397906229,0.3153181947064087,0.31302545189243375,Excluded,Excluded
EM3,1.7873749,2.1769997,0.0129162,0.0155467,0.5764049,pptt1jmatch_run_59_480_450,480.0,450.0,0.771,1.337601397906229,0.3541571457267541,0.4313588604159094,Excluded,Excluded
EM4,1.056851,1.4829887,0.0166348,0.01761,0.5764049,pptt1jmatch_run_59_480_450,480.0,450.0,0.771,1.337601397906229,0.5198960720334552,0.7295257325772507,Excluded,Excluded
EM5,0.728742,0.8943803,0.008387,0.0125565,0.5764049,pptt1jmatch_run_59_480_450,480.0,450.0,0.771,1.337601397906229,0.8620493988966439,1.0579876005499889,Excluded,Included
EM6,0.6046592,0.8388623,0.0047985,0.0095149,0.5764049,pptt1jmatch_run_59_480_450,480.0,450.0,0.771,1.337601397906229,0.9191019789541145,1.2750984356146406,Excluded,Included
EM7,0.6391963,0.9309014,0.002259,0.0065367,0.5764049,pptt1jmatch_run_59_480_450,480.0,450.0,0.771,1.337601397906229,0.82822949884918,1.206202226139294,Excluded,Included
EM8,0.9750861,1.116206,0.0008347,0.0039764,0.5764049,pptt1jmatch_run_59_480_450,480.0,450.0,0.771,1.337601397906229,0.6907327142122511,0.7906994059293841,Excluded,Excluded
EM9,1.203357,1.0302076,0.0004054,0.0027718,0.5764049,pptt1jmatch_run_59_480_450,480.0,450.0,0.771,1.337601397906229,0.7483928481987514,0.6407076204318419,Excluded,Excluded
EM10,1.3187442,2.7971359,0.0002388,0.0021274,0.5764049,pptt1jmatch_run_59_480_450,480.0,450.0,0.771,1.337601397906229,0.27563909211561727,0.5846471211020302,Excluded,Excluded
EM11,1.2406931,1.3880761,0.0001782,0.0018378,0.5764049,pptt1jmatch_run_59_480_450,480.0,450.0,0.771,1.337601397906229,0.5554450508873398,0.6214268460105081,Excluded,Excluded
EM12,0.8532515,0.6813698,0.0002986,0.0023787,0.5764049,pptt1jmatch_run_59_480_450,480.0,450.0,0.771,1.337601397906229,1.1315441335967635,0.903602279046682,Included,Excluded
IM0,5.090359,6.46224,0.1106819,0.0443706,0.5417428,pptt1jmatch_run_60_485_450,485.0,450.0,0.727,1.341965227779677,0.11249969050979226,0.1428190035319709,Excluded,Excluded
IM1,2.6603797,3.3437355,0.0851514,0.0394729,0.5417428,pptt1jmatch_run_60_485_450,485.0,450.0,0.727,1.341965227779677,0.21742150358483794,0.27326926303038623,Excluded,Excluded
IM2,1.8121001,2.4955273,0.0622746,0.0341761,0.5417428,pptt1jmatch_run_60_485_450,485.0,450.0,0.727,1.341965227779677,0.29132119692699815,0.40119196505755944,Excluded,Excluded
IM3,1.273033,1.8829046,0.044584,0.0291887,0.5417428,pptt1jmatch_run_60_485_450,485.0,450.0,0.727,1.341965227779677,0.38610559451604715,0.5710771048354598,Excluded,Excluded
IM4,1.0655123,1.6951812,0.030812,0.0244395,0.5417428,pptt1jmatch_run_60_485_450,485.0,450.0,0.727,1.341965227779677,0.42886270801021154,0.6823008988258512,Excluded,Excluded
IM5,0.910472,1.3768178,0.0158579,0.0176677,0.5417428,pptt1jmatch_run_60_485_450,485.0,450.0,0.727,1.341965227779677,0.5280291989252318,0.7984869386428138,Excluded,Excluded
IM6,0.86954,1.2796741,0.0083405,0.0128619,0.5417428,pptt1jmatch_run_60_485_450,485.0,450.0,0.727,1.341965227779677,0.5681133969969385,0.8360742461531384,Excluded,Excluded
IM7,0.814833,0.9573801,0.0044209,0.0093825,0.5417428,pptt1jmatch_run_60_485_450,485.0,450.0,0.727,1.341965227779677,0.7593640185334958,0.8922073602811864,Excluded,Excluded
IM8,0.9293661,0.9946798,0.0021577,0.0065623,0.5417428,pptt1jmatch_run_60_485_450,485.0,450.0,0.727,1.341965227779677,0.730888472853274,0.7822536242714254,Excluded,Excluded
IM9,1.0796762,1.0168605,0.0011716,0.0048379,0.5417428,pptt1jmatch_run_60_485_450,485.0,450.0,0.727,1.341965227779677,0.7149456587211324,0.6733500284622371,Excluded,Excluded
IM10,1.3175513,2.0487383,0.0007062,0.003757,0.5417428,pptt1jmatch_run_60_485_450,485.0,450.0,0.727,1.341965227779677,0.3548525451005626,0.551781171632558,Excluded,Excluded
IM11,1.5787691,1.4089136,0.0003566,0.0026704,0.5417428,pptt1jmatch_run_60_485_450,485.0,450.0,0.727,1.341965227779677,0.5160004133681441,0.4604853236613258,Excluded,Excluded
IM12,1.9265407,1.5325137,0.0001807,0.0019009,0.5417428,pptt1jmatch_run_60_485_450,485.0,450.0,0.727,1.341965227779677,0.4743840136633036,0.3773603121906534,Excluded,Excluded
EM0,14.4305635,15.9750631,0.0255305,0.0223071,0.5417428,pptt1jmatch_run_60_485_450,485.0,450.0,0.727,1.341965227779677,0.04550842744402055,0.05037918304437661,Excluded,Excluded
EM1,5.5936776,5.4507969,0.0228768,0.0211447,0.5417428,pptt1jmatch_run_60_485_450,485.0,450.0,0.727,1.341965227779677,0.13337499329685168,0.12996816262703448,Excluded,Excluded
EM2,2.8307869,2.7963387,0.0176906,0.0186434,0.5417428,pptt1jmatch_run_60_485_450,485.0,450.0,0.727,1.341965227779677,0.2599828125255356,0.2568190491484894,Excluded,Excluded
EM3,1.6905484,2.0351627,0.013772,0.0164822,0.5417428,pptt1jmatch_run_60_485_450,485.0,450.0,0.727,1.341965227779677,0.3572195972341671,0.4300379687443436,Excluded,Excluded
EM4,1.1692569,1.6466556,0.0149541,0.0171647,0.5417428,pptt1jmatch_run_60_485_450,485.0,450.0,0.727,1.341965227779677,0.44150094288083064,0.6217624202174903,Excluded,Excluded
EM5,0.8172716,-1.0,0.0075174,0.0122159,0.5417428,pptt1jmatch_run_60_485_450,485.0,450.0,0.727,1.341965227779677,-0.727,0.8895451646674128,Excluded,Excluded
EM6,0.7428665,1.0340178,0.0039196,0.0088368,0.5417428,pptt1jmatch_run_60_485_450,485.0,450.0,0.727,1.341965227779677,0.703082674205415,0.9786415190347122,Excluded,Excluded
EM7,0.6332394,0.9266988,0.0022631,0.0067204,0.5417428,pptt1jmatch_run_60_485_450,485.0,450.0,0.727,1.341965227779677,0.7845051703962496,1.148065013010877,Excluded,Included
EM8,0.8216778,0.9461536,0.0009862,0.004439,0.5417428,pptt1jmatch_run_60_485_450,485.0,450.0,0.727,1.341965227779677,0.768374183642064,0.8847750298231253,Excluded,Excluded
EM9,1.0524671,0.8971936,0.0004654,0.0030502,0.5417428,pptt1jmatch_run_60_485_450,485.0,450.0,0.727,1.341965227779677,0.8103044872366454,0.6907579343810366,Excluded,Excluded
EM10,0.8973932,1.9091194,0.0003495,0.0026436,0.5417428,pptt1jmatch_run_60_485_450,485.0,450.0,0.727,1.341965227779677,0.38080384076553825,0.8101242576832541,Excluded,Excluded
EM11,1.2476337,1.4020329,0.000176,0.0018759,0.5417428,pptt1jmatch_run_60_485_450,485.0,450.0,0.727,1.341965227779677,0.518532767669004,0.5827030802390156,Excluded,Excluded
EM12,1.4057162,1.1369533,0.0001807,0.0019009,0.5417428,pptt1jmatch_run_60_485_450,485.0,450.0,0.727,1.341965227779677,0.639428198150267,0.5171740924661749,Excluded,Excluded
IM0,5.3051383,6.7700829,0.1059428,0.0451023,0.5090401,pptt1jmatch_run_61_490_450,490.0,450.0,0.685,1.3456700169593714,0.10118044492483246,0.12912010229780438,Excluded,Excluded
IM1,2.8246721,3.5543569,0.0799368,0.0397432,0.5090401,pptt1jmatch_run_61_490_450,490.0,450.0,0.685,1.3456700169593714,0.19272122053922047,0.2425060239735437,Excluded,Excluded
IM2,1.9817041,2.7230056,0.0571503,0.0340182,0.5090401,pptt1jmatch_run_61_490_450,490.0,450.0,0.685,1.3456700169593714,0.2515602612054856,0.3456620996040731,Excluded,Excluded
IM3,1.3945401,2.0574509,0.0407426,0.0289716,0.5090401,pptt1jmatch_run_61_490_450,490.0,450.0,0.685,1.3456700169593714,0.3329362562187997,0.49120136452153657,Excluded,Excluded
IM4,1.1327015,1.8075119,0.0289527,0.0245723,0.5090401,pptt1jmatch_run_61_490_450,490.0,450.0,0.685,1.3456700169593714,0.37897399181714936,0.6047489122244475,Excluded,Excluded
IM5,-1.0,1.5164469,0.0143903,0.0174529,0.5090401,pptt1jmatch_run_61_490_450,490.0,450.0,0.685,1.3456700169593714,0.45171380547515383,-0.685,Excluded,Excluded
IM6,1.0928976,1.6054574,0.0066601,0.0119198,0.5090401,pptt1jmatch_run_61_490_450,490.0,450.0,0.685,1.3456700169593714,0.4266696830448445,0.6267741826864659,Excluded,Excluded
IM7,0.9932414,1.1658149,0.0036164,0.0087969,0.5090401,pptt1jmatch_run_61_490_450,490.0,450.0,0.685,1.3456700169593714,0.5875718349456677,0.6896611438065309,Excluded,Excluded
IM8,1.1425509,1.2227357,0.0017494,0.0061241,0.5090401,pptt1jmatch_run_61_490_450,490.0,450.0,0.685,1.3456700169593714,0.5602191871882043,0.5995356530724365,Excluded,Excluded
IM9,1.4437953,1.3574532,0.0008829,0.0043526,0.5090401,pptt1jmatch_run_61_490_450,490.0,450.0,0.685,1.3456700169593714,0.5046214484595123,0.4744439880085495,Excluded,Excluded
IM10,1.6056748,2.4759339,0.000584,0.0035405,0.5090401,pptt1jmatch_run_61_490_450,490.0,450.0,0.685,1.3456700169593714,0.2766632824890843,0.42661191419333483,Excluded,Excluded
IM11,2.3331801,2.092428,0.0002415,0.0022773,0.5090401,pptt1jmatch_run_61_490_450,490.0,450.0,0.685,1.3456700169593714,0.3273708820566347,0.29359070909271,Excluded,Excluded
IM12,5.7331772,4.5668023,6.06e-05,0.0011404,0.5090401,pptt1jmatch_run_61_490_450,490.0,450.0,0.685,1.3456700169593714,0.14999554502282703,0.11947999793203672,Excluded,Excluded
EM0,14.1196659,15.7109306,0.026006,0.0233236,0.5090401,pptt1jmatch_run_61_490_450,490.0,450.0,0.685,1.3456700169593714,0.04360021805455624,0.04851389578559363,Excluded,Excluded
EM1,5.5970861,5.4816695,0.0227866,0.0218683,0.5090401,pptt1jmatch_run_61_490_450,490.0,450.0,0.685,1.3456700169593714,0.12496192993758563,0.12238511035233138,Excluded,Excluded
EM2,3.0568629,3.0305453,0.0164076,0.0186171,0.5090401,pptt1jmatch_run_61_490_450,490.0,450.0,0.685,1.3456700169593714,0.22603192897331054,0.22408594117845457,Excluded,Excluded
EM3,1.9729543,2.3826975,0.0117899,0.0158183,0.5090401,pptt1jmatch_run_61_490_450,490.0,450.0,0.685,1.3456700169593714,0.28748928472875807,0.3471950668092008,Excluded,Excluded
EM4,1.1976115,1.6878233,0.0145624,0.0175555,0.5090401,pptt1jmatch_run_61_490_450,490.0,450.0,0.685,1.3456700169593714,0.40584817142884566,0.5719717955280156,Excluded,Excluded
EM5,0.7928621,0.9693118,0.0077302,0.0128348,0.5090401,pptt1jmatch_run_61_490_450,490.0,450.0,0.685,1.3456700169593714,0.7066869504735216,0.8639585622770972,Excluded,Excluded
EM6,0.9567978,1.3265354,0.0030437,0.0080727,0.5090401,pptt1jmatch_run_61_490_450,490.0,450.0,0.685,1.3456700169593714,0.5163827516400995,0.7159297398050037,Excluded,Excluded
EM7,0.7698945,1.122456,0.001867,0.0063262,0.5090401,pptt1jmatch_run_61_490_450,490.0,450.0,0.685,1.3456700169593714,0.6102689103180883,0.8897322944896996,Excluded,Excluded
EM8,0.9389796,1.0726373,0.0008665,0.0043119,0.5090401,pptt1jmatch_run_61_490_450,490.0,450.0,0.685,1.3456700169593714,0.6386128843365787,0.7295153164136899,Excluded,Excluded
EM9,1.6357495,1.399153,0.0002989,0.0025333,0.5090401,pptt1jmatch_run_61_490_450,490.0,450.0,0.685,1.3456700169593714,0.48958191134207624,0.41876827717202425,Excluded,Excluded
EM10,0.9188416,1.9526668,0.0003425,0.0027116,0.5090401,pptt1jmatch_run_61_490_450,490.0,450.0,0.685,1.3456700169593714,0.35080229765774684,0.7455039040461381,Excluded,Excluded
EM11,1.2104093,1.3530108,0.000181,0.0019713,0.5090401,pptt1jmatch_run_61_490_450,490.0,450.0,0.685,1.3456700169593714,0.5062782943048201,0.5659242704100176,Excluded,Excluded
EM12,4.2075751,3.3810725,6.06e-05,0.0011404,0.5090401,pptt1jmatch_run_61_490_450,490.0,450.0,0.685,1.3456700169593714,0.202598435851346,0.16280160988689188,Excluded,Excluded
IM0,3.9645048,5.0405008,0.1421223,0.0500719,0.5280068,pptt1jmatch_run_62_487_480,487.0,480.0,0.7102,1.3450584348534906,0.14089869800238897,0.1791396494210324,Excluded,Excluded
IM1,2.0267159,2.5290396,0.1121439,0.045249,0.5280068,pptt1jmatch_run_62_487_480,487.0,480.0,0.7102,1.3450584348534906,0.2808180623189926,0.3504191189302852,Excluded,Excluded
IM2,1.308054,1.7874451,0.0871494,0.0404466,0.5280068,pptt1jmatch_run_62_487_480,487.0,480.0,0.7102,1.3450584348534906,0.3973268885293316,0.5429439457392432,Excluded,Excluded
IM3,0.8691817,1.2834882,0.0653929,0.0354511,0.5280068,pptt1jmatch_run_62_487_480,487.0,480.0,0.7102,1.3450584348534906,0.5533358234224515,0.8170903736238351,Excluded,Excluded
IM4,0.6763686,1.0802137,0.0484921,0.0308029,0.5280068,pptt1jmatch_run_62_487_480,487.0,480.0,0.7102,1.3450584348534906,0.6574625002441646,1.0500191759345423,Excluded,Included
IM5,0.5234673,0.7930432,0.0275758,0.0234824,0.5280068,pptt1jmatch_run_62_487_480,487.0,480.0,0.7102,1.3450584348534906,0.895537594925472,1.3567227599508127,Excluded,Included
IM6,0.4693891,0.6845338,0.0155695,0.0177533,0.5280068,pptt1jmatch_run_62_487_480,487.0,480.0,0.7102,1.3450584348534906,1.0374944232118268,1.5130304474475442,Included,Included
IM7,0.4216276,0.4932231,0.0085852,0.0132298,0.5280068,pptt1jmatch_run_62_487_480,487.0,480.0,0.7102,1.3450584348534906,1.4399163380628361,1.6844248336683842,Included,Included
IM8,0.4737392,0.508584,0.0042141,0.0092893,0.5280068,pptt1jmatch_run_62_487_480,487.0,480.0,0.7102,1.3450584348534906,1.3964261557579476,1.4991370779534394,Included,Included
IM9,0.5502815,0.517519,0.0022924,0.006858,0.5280068,pptt1jmatch_run_62_487_480,487.0,480.0,0.7102,1.3450584348534906,1.3723167651815684,1.2906121684992138,Included,Included
IM10,0.7217149,1.1140275,0.0012942,0.0051556,0.5280068,pptt1jmatch_run_62_487_480,487.0,480.0,0.7102,1.3450584348534906,0.6375067042779465,0.9840450848389024,Excluded,Excluded
IM11,0.6756226,0.6003918,0.0008354,0.0041431,0.5280068,pptt1jmatch_run_62_487_480,487.0,480.0,0.7102,1.3450584348534906,1.1828942367300819,1.051178572179202,Included,Included
IM12,0.5826217,0.4620997,0.0006011,0.0035147,0.5280068,pptt1jmatch_run_62_487_480,487.0,480.0,0.7102,1.3450584348534906,1.536897773359299,1.2189727914356778,Included,Included
EM0,12.2587686,13.7244615,0.0299784,0.0244537,0.5280068,pptt1jmatch_run_62_487_480,487.0,480.0,0.7102,1.3450584348534906,0.051747021185494235,0.057934040781224966,Excluded,Excluded
EM1,5.1002964,4.9676801,0.0249945,0.022386,0.5280068,pptt1jmatch_run_62_487_480,487.0,480.0,0.7102,1.3450584348534906,0.1429641171942614,0.13924680926386945,Excluded,Excluded
EM2,2.2931431,2.2757959,0.0217565,0.0209203,0.5280068,pptt1jmatch_run_62_487_480,487.0,480.0,0.7102,1.3450584348534906,0.3120666488589772,0.3097059228445011,Excluded,Excluded
EM3,1.3728028,1.6602652,0.0169008,0.0184843,0.5280068,pptt1jmatch_run_62_487_480,487.0,480.0,0.7102,1.3450584348534906,0.42776298629881543,0.5173357746647953,Excluded,Excluded
EM4,0.8401974,1.1815189,0.0209164,0.0205212,0.5280068,pptt1jmatch_run_62_487_480,487.0,480.0,0.7102,1.3450584348534906,0.601090680817717,0.8452775502518813,Excluded,Excluded
EM5,0.5097087,0.6254477,0.0120063,0.0156182,0.5280068,pptt1jmatch_run_62_487_480,487.0,480.0,0.7102,1.3450584348534906,1.1355066139023295,1.3933448654103806,Included,Included
EM6,0.4158346,0.5772458,0.0069843,0.0119423,0.5280068,pptt1jmatch_run_62_487_480,487.0,480.0,0.7102,1.3450584348534906,1.2303251058734426,1.707890589190991,Included,Included
EM7,0.3293647,0.4797064,0.0043711,0.0094601,0.5280068,pptt1jmatch_run_62_487_480,487.0,480.0,0.7102,1.3450584348534906,1.4804888990432483,2.156272363128168,Included,Included
EM8,0.4235363,0.4842789,0.0019216,0.0062801,0.5280068,pptt1jmatch_run_62_487_480,487.0,480.0,0.7102,1.3450584348534906,1.4665103104843098,1.6768338392718642,Included,Included
EM9,0.4892716,0.4159058,0.0009982,0.0045283,0.5280068,pptt1jmatch_run_62_487_480,487.0,480.0,0.7102,1.3450584348534906,1.7075982109410355,1.451545521955495,Included,Included
EM10,0.680317,1.4554193,0.0004588,0.0030709,0.5280068,pptt1jmatch_run_62_487_480,487.0,480.0,0.7102,1.3450584348534906,0.4879693432676068,1.0439251113819001,Excluded,Included
EM11,0.9382264,1.0574823,0.0002344,0.0021951,0.5280068,pptt1jmatch_run_62_487_480,487.0,480.0,0.7102,1.3450584348534906,0.6715951652334985,0.7569601537539341,Excluded,Excluded
EM12,0.4251522,0.3413937,0.0006011,0.0035147,0.5280068,pptt1jmatch_run_62_487_480,487.0,480.0,0.7102,1.3450584348534906,2.0802961507491204,1.6704606021090802,Included,Included
IM0,3.9086439,4.9599332,0.1440635,0.0515106,0.5045465,pptt1jmatch_run_63_491_480,491.0,480.0,0.6772,1.3421954170725592,0.13653409687049817,0.1732570214441894,Excluded,Excluded
IM1,2.000196,2.5173085,0.1133058,0.0464956,0.5045465,pptt1jmatch_run_63_491_480,491.0,480.0,0.6772,1.3421954170725592,0.26901748434885914,0.33856682045159575,Excluded,Excluded
IM2,1.3395809,1.8354799,0.084758,0.0408561,0.5045465,pptt1jmatch_run_63_491_480,491.0,480.0,0.6772,1.3421954170725592,0.36894983159445116,0.5055312448841276,Excluded,Excluded
IM3,0.8886852,1.3129118,0.0639307,0.0358845,0.5045465,pptt1jmatch_run_63_491_480,491.0,480.0,0.6772,1.3421954170725592,0.5158000712614511,0.7620246179412012,Excluded,Excluded
IM4,0.7245856,1.1509103,0.0454549,0.0305553,0.5045465,pptt1jmatch_run_63_491_480,491.0,480.0,0.6772,1.3421954170725592,0.5884038052313895,0.9346031717991635,Excluded,Excluded
IM5,0.574071,0.8699766,0.0251279,0.0229589,0.5045465,pptt1jmatch_run_63_491_480,491.0,480.0,0.6772,1.3421954170725592,0.7784117411893607,1.179645026486271,Excluded,Included
IM6,0.5110825,0.7492187,0.0142115,0.0173624,0.5045465,pptt1jmatch_run_63_491_480,491.0,480.0,0.6772,1.3421954170725592,0.9038749299770548,1.325030694653016,Excluded,Included
IM7,0.4968153,0.5858569,0.007239,0.0124354,0.5045465,pptt1jmatch_run_63_491_480,491.0,480.0,0.6772,1.3421954170725592,1.1559136710688225,1.3630820145836893,Included,Included
IM8,0.4459138,0.4733636,0.0045255,0.0098457,0.5045465,pptt1jmatch_run_63_491_480,491.0,480.0,0.6772,1.3421954170725592,1.430612746734223,1.518679170727616,Included,Included
IM9,0.3999948,0.3756289,0.0031671,0.0082422,0.5045465,pptt1jmatch_run_63_491_480,491.0,480.0,0.6772,1.3421954170725592,1.8028431784668326,1.6930220092861208,Included,Included
IM10,0.5654492,0.8756767,0.0016483,0.0059505,0.5045465,pptt1jmatch_run_63_491_480,491.0,480.0,0.6772,1.3421954170725592,0.773344774389909,1.197631900443046,Excluded,Included
IM11,0.5694248,0.5081435,0.0009912,0.0046161,0.5045465,pptt1jmatch_run_63_491_480,491.0,480.0,0.6772,1.3421954170725592,1.332694406206121,1.1892702952172087,Included,Included
IM12,0.6551092,0.5259615,0.0005296,0.0033749,0.5045465,pptt1jmatch_run_63_491_480,491.0,480.0,0.6772,1.3421954170725592,1.2875467120692294,1.0337207903659422,Included,Included
EM0,11.9461181,13.283667,0.0307577,0.0253275,0.5045465,pptt1jmatch_run_63_491_480,491.0,480.0,0.6772,1.3421954170725592,0.05097989884871399,0.05668787084902501,Excluded,Excluded
EM1,4.4515408,4.3493625,0.0285478,0.0244284,0.5045465,pptt1jmatch_run_63_491_480,491.0,480.0,0.6772,1.3421954170725592,0.15570097916648706,0.15212710169925883,Excluded,Excluded
EM2,2.3945639,2.3844706,0.0208274,0.0209481,0.5045465,pptt1jmatch_run_63_491_480,491.0,480.0,0.6772,1.3421954170725592,0.2840043404183721,0.2828072368417481,Excluded,Excluded
EM3,1.2525782,1.5139905,0.0184758,0.0197538,0.5045465,pptt1jmatch_run_63_491_480,491.0,480.0,0.6772,1.3421954170725592,0.4472947485469691,0.5406448874808775,Excluded,Excluded
EM4,0.8617719,1.2115824,0.020327,0.0207003,0.5045465,pptt1jmatch_run_63_491_480,491.0,480.0,0.6772,1.3421954170725592,0.5589384593239387,0.785822791390622,Excluded,Excluded
EM5,0.5638778,0.6872372,0.0109164,0.0152424,0.5045465,pptt1jmatch_run_63_491_480,491.0,480.0,0.6772,1.3421954170725592,0.9853948534799921,1.2009694299013014,Excluded,Included
EM6,0.418401,0.5774913,0.0069725,0.012206,0.5045465,pptt1jmatch_run_63_491_480,491.0,480.0,0.6772,1.3421954170725592,1.1726583586627193,1.6185429767137267,Included,Included
EM7,0.529286,0.7721031,0.0027135,0.0076309,0.5045465,pptt1jmatch_run_63_491_480,491.0,480.0,0.6772,1.3421954170725592,0.877084938526992,1.2794594982674772,Excluded,Included
EM8,0.5964651,0.6841479,0.0013583,0.0054026,0.5045465,pptt1jmatch_run_63_491_480,491.0,480.0,0.6772,1.3421954170725592,0.9898444473775334,1.1353556142681274,Excluded,Included
EM9,0.3209233,0.2739319,0.0015189,0.0057125,0.5045465,pptt1jmatch_run_63_491_480,491.0,480.0,0.6772,1.3421954170725592,2.472147274559845,2.1101615245761214,Included,Included
EM10,0.4776041,1.0178956,0.000657,0.0037588,0.5045465,pptt1jmatch_run_63_491_480,491.0,480.0,0.6772,1.3421954170725592,0.6652941617981255,1.4179107758915805,Excluded,Included
EM11,0.4757674,0.5367599,0.0004616,0.0031509,0.5045465,pptt1jmatch_run_63_491_480,491.0,480.0,0.6772,1.3421954170725592,1.2616441727483743,1.4233846202997515,Included,Included
EM12,0.4795318,0.3827386,0.0005296,0.0033749,0.5045465,pptt1jmatch_run_63_491_480,491.0,480.0,0.6772,1.3421954170725592,1.769353809623592,1.4122108273111398,Included,Included
IM0,4.1021189,5.1882223,0.1377721,0.05335,0.4517551,pptt1jmatch_run_64_500_480,500.0,480.0,0.609,1.348075539158274,0.11738124636640955,0.14845986058570854,Excluded,Excluded
IM1,2.0751943,2.6137891,0.1088033,0.0482004,0.4517551,pptt1jmatch_run_64_500_480,500.0,480.0,0.609,1.348075539158274,0.23299507982491777,0.2934664961252062,Excluded,Excluded
IM2,1.4410777,1.9765762,0.0787207,0.0416853,0.4517551,pptt1jmatch_run_64_500_480,500.0,480.0,0.609,1.348075539158274,0.3081085363670776,0.422600391359883,Excluded,Excluded
IM3,0.9982611,1.468268,0.0571794,0.0359399,0.4517551,pptt1jmatch_run_64_500_480,500.0,480.0,0.609,1.348075539158274,0.41477441448019026,0.6100608347856087,Excluded,Excluded
IM4,0.7892086,1.2549933,0.0415683,0.0308962,0.4517551,pptt1jmatch_run_64_500_480,500.0,480.0,0.609,1.348075539158274,0.4852615547828024,0.7716591025490599,Excluded,Excluded
IM5,0.6568668,0.9942677,0.0219912,0.0227007,0.4517551,pptt1jmatch_run_64_500_480,500.0,480.0,0.609,1.348075539158274,0.6125110973634164,0.9271286050687902,Excluded,Excluded
IM6,0.6449534,0.9384604,0.0113371,0.0163877,0.4517551,pptt1jmatch_run_64_500_480,500.0,480.0,0.609,1.348075539158274,0.6489352134623901,0.9442542670524723,Excluded,Excluded
IM7,0.5440963,0.6384861,0.0066126,0.0125455,0.4517551,pptt1jmatch_run_64_500_480,500.0,480.0,0.609,1.348075539158274,0.9538187283951836,1.1192871556009478,Excluded,Included
IM8,0.5679534,0.6076078,0.0035257,0.0091748,0.4517551,pptt1jmatch_run_64_500_480,500.0,480.0,0.609,1.348075539158274,1.0022912806583457,1.072271070126528,Included,Included
IM9,0.5567004,0.5247089,0.0022702,0.0073668,0.4517551,pptt1jmatch_run_64_500_480,500.0,480.0,0.609,1.348075539158274,1.1606435492136686,1.0939456842495532,Included,Included
IM10,0.7315839,1.1311377,0.0012751,0.0055239,0.4517551,pptt1jmatch_run_64_500_480,500.0,480.0,0.609,1.348075539158274,0.5383959883929251,0.8324404077235708,Excluded,Excluded
IM11,0.6541561,0.5842837,0.0008651,0.0045507,0.4517551,pptt1jmatch_run_64_500_480,500.0,480.0,0.609,1.348075539158274,1.0423018817742136,0.9309704518539229,Included,Excluded
IM12,1.0092012,0.7954022,0.0003456,0.0028771,0.4517551,pptt1jmatch_run_64_500_480,500.0,480.0,0.609,1.348075539158274,0.7656503841704235,0.6034475583263278,Excluded,Excluded
EM0,12.6195542,14.1568896,0.0289688,0.0259612,0.4517551,pptt1jmatch_run_64_500_480,500.0,480.0,0.609,1.348075539158274,0.04301792393719027,0.04825844006438833,Excluded,Excluded
EM1,4.2568183,4.1408672,0.0300826,0.0264404,0.4517551,pptt1jmatch_run_64_500_480,500.0,480.0,0.609,1.348075539158274,0.14707064259389918,0.143064598270497,Excluded,Excluded
EM2,2.3245478,2.2997419,0.0215413,0.0224724,0.4517551,pptt1jmatch_run_64_500_480,500.0,480.0,0.609,1.348075539158274,0.2648123252439763,0.26198643882478995,Excluded,Excluded
EM3,1.4854089,1.7997998,0.0156111,0.0191885,0.4517551,pptt1jmatch_run_64_500_480,500.0,480.0,0.609,1.348075539158274,0.33837096770429687,0.40998811842314936,Excluded,Excluded
EM4,0.8911806,1.2638535,0.0195771,0.0214449,0.4517551,pptt1jmatch_run_64_500_480,500.0,480.0,0.609,1.348075539158274,0.4818596459162395,0.6833631701587759,Excluded,Excluded
EM5,0.5778915,0.7025603,0.0106541,0.0158919,0.4517551,pptt1jmatch_run_64_500_480,500.0,480.0,0.609,1.348075539158274,0.8668295091538761,1.0538310392175694,Excluded,Included
EM6,0.615363,0.8573648,0.0047245,0.0106143,0.4517551,pptt1jmatch_run_64_500_480,500.0,480.0,0.609,1.348075539158274,0.7103160754908528,0.9896597617991332,Excluded,Excluded
EM7,0.464864,0.6789963,0.0030869,0.0085869,0.4517551,pptt1jmatch_run_64_500_480,500.0,480.0,0.609,1.348075539158274,0.8969121039392998,1.3100605768568871,Excluded,Included
EM8,0.6476367,0.7424863,0.0012555,0.0054812,0.4517551,pptt1jmatch_run_64_500_480,500.0,480.0,0.609,1.348075539158274,0.8202171541751005,0.9403420158246129,Excluded,Excluded
EM9,0.4898343,0.4183,0.0009951,0.0048803,0.4517551,pptt1jmatch_run_64_500_480,500.0,480.0,0.609,1.348075539158274,1.455892899832656,1.243277573661134,Included,Included
EM10,0.7649878,1.6281807,0.0004101,0.0031339,0.4517551,pptt1jmatch_run_64_500_480,500.0,480.0,0.609,1.348075539158274,0.37403710779767874,0.7960911272049044,Excluded,Excluded
EM11,0.4202729,0.4738507,0.0005195,0.003527,0.4517551,pptt1jmatch_run_64_500_480,500.0,480.0,0.609,1.348075539158274,1.2852149421748242,1.4490584570168574,Included,Included
EM12,0.7366277,0.5919409,0.0003456,0.0028771,0.4517551,pptt1jmatch_run_64_500_480,500.0,480.0,0.609,1.348075539158274,1.0288189243216679,0.8267405637881932,Included,Excluded
IM0,3.9036959,4.9581212,0.1446629,0.0549863,0.4418699,pptt1jmatch_run_65_502_490,502.0,490.0,0.5953999999999999,1.3474554388067619,0.12008580992332336,0.1525221265314237,Excluded,Excluded
IM1,1.9939389,2.5149772,0.1131138,0.0495107,0.4418699,pptt1jmatch_run_65_502_490,502.0,490.0,0.5953999999999999,1.3474554388067619,0.2367417088313961,0.2986049371924084,Excluded,Excluded
IM2,1.311102,1.7972278,0.0865451,0.0439513,0.4418699,pptt1jmatch_run_65_502_490,502.0,490.0,0.5953999999999999,1.3474554388067619,0.33128799810463644,0.4541217998294564,Excluded,Excluded
IM3,0.8891446,1.3057868,0.0642081,0.038317,0.4418699,pptt1jmatch_run_65_502_490,502.0,490.0,0.5953999999999999,1.3474554388067619,0.45597030081786705,0.6696323635098272,Excluded,Excluded
IM4,0.6797188,1.0748611,0.0486058,0.0336149,0.4418699,pptt1jmatch_run_65_502_490,502.0,490.0,0.5953999999999999,1.3474554388067619,0.5539320382884821,0.8759504665752955,Excluded,Excluded
IM5,0.532132,0.8095725,0.0270254,0.025348,0.4418699,pptt1jmatch_run_65_502_490,502.0,490.0,0.5953999999999999,1.3474554388067619,0.7354498824997142,1.1188953116895806,Excluded,Included
IM6,0.4945955,0.7254065,0.0146917,0.0188074,0.4418699,pptt1jmatch_run_65_502_490,502.0,490.0,0.5953999999999999,1.3474554388067619,0.8207811757959158,1.203812003950703,Excluded,Included
IM7,0.4116888,0.4846251,0.0087231,0.0145359,0.4418699,pptt1jmatch_run_65_502_490,502.0,490.0,0.5953999999999999,1.3474554388067619,1.2285785445285438,1.4462380322223969,Included,Included
IM8,0.4059792,0.4310768,0.0049476,0.010968,0.4418699,pptt1jmatch_run_65_502_490,502.0,490.0,0.5953999999999999,1.3474554388067619,1.381192400054932,1.4665775980641371,Included,Included
IM9,0.4559121,0.4309859,0.002772,0.0082187,0.4418699,pptt1jmatch_run_65_502_490,502.0,490.0,0.5953999999999999,1.3474554388067619,1.381483709791898,1.3059534941055522,Included,Included
IM10,0.602475,0.9247471,0.0015582,0.0061657,0.4418699,pptt1jmatch_run_65_502_490,502.0,490.0,0.5953999999999999,1.3474554388067619,0.6438517082129805,0.9882567741400057,Excluded,Excluded
IM11,0.8181375,0.7315716,0.000689,0.0041017,0.4418699,pptt1jmatch_run_65_502_490,502.0,490.0,0.5953999999999999,1.3474554388067619,0.813864288881635,0.7277505309315365,Excluded,Excluded
IM12,0.9699653,0.7713663,0.0003599,0.0029649,0.4418699,pptt1jmatch_run_65_502_490,502.0,490.0,0.5953999999999999,1.3474554388067619,0.7718771224514216,0.6138363918791733,Excluded,Excluded
EM0,11.6575027,13.0299706,0.0315492,0.0273237,0.4418699,pptt1jmatch_run_65_502_490,502.0,490.0,0.5953999999999999,1.3474554388067619,0.04569465413836006,0.05107440378289597,Excluded,Excluded
EM1,4.7910678,4.6896203,0.0265686,0.0251388,0.4418699,pptt1jmatch_run_65_502_490,502.0,490.0,0.5953999999999999,1.3474554388067619,0.1269612382051485,0.12427292304233305,Excluded,Excluded
EM2,2.2361727,2.2214103,0.022337,0.0231001,0.4418699,pptt1jmatch_run_65_502_490,502.0,490.0,0.5953999999999999,1.3474554388067619,0.26802792802392245,0.2662585049893507,Excluded,Excluded
EM3,1.4819338,1.7882343,0.0156023,0.0193725,0.4418699,pptt1jmatch_run_65_502_490,502.0,490.0,0.5953999999999999,1.3474554388067619,0.3329541324646328,0.40177233288018666,Excluded,Excluded
EM4,0.8132657,1.143864,0.0215804,0.0227143,0.4418699,pptt1jmatch_run_65_502_490,502.0,490.0,0.5953999999999999,1.3474554388067619,0.5205164250295489,0.732110059479946,Excluded,Excluded
EM5,0.4967018,0.60933,0.0123337,0.0172528,0.4418699,pptt1jmatch_run_65_502_490,502.0,490.0,0.5953999999999999,1.3474554388067619,0.9771388246106377,1.198707151856506,Excluded,Included
EM6,0.4889805,0.6746938,0.0059686,0.0120405,0.4418699,pptt1jmatch_run_65_502_490,502.0,490.0,0.5953999999999999,1.3474554388067619,0.8824743906050417,1.217635468081038,Excluded,Included
EM7,0.380223,0.5567123,0.0037755,0.0095868,0.4418699,pptt1jmatch_run_65_502_490,502.0,490.0,0.5953999999999999,1.3474554388067619,1.0694931655003848,1.5659231556218323,Included,Included
EM8,0.3746018,0.4271987,0.0021755,0.0072831,0.4418699,pptt1jmatch_run_65_502_490,502.0,490.0,0.5953999999999999,1.3474554388067619,1.3937308329824036,1.5894210866044955,Included,Included
EM9,0.4005925,0.3438795,0.0012138,0.0054428,0.4418699,pptt1jmatch_run_65_502_490,502.0,490.0,0.5953999999999999,1.3474554388067619,1.7314204539671598,1.4862984204646865,Included,Included
EM10,0.3599975,0.7696431,0.0008692,0.0046066,0.4418699,pptt1jmatch_run_65_502_490,502.0,490.0,0.5953999999999999,1.3474554388067619,0.773605324337995,1.6539003743081546,Excluded,Included
EM11,0.668593,0.7501447,0.0003291,0.0028353,0.4418699,pptt1jmatch_run_65_502_490,502.0,490.0,0.5953999999999999,1.3474554388067619,0.7937135328690583,0.8905268227456763,Excluded,Excluded
EM12,0.707509,0.5681199,0.0003599,0.0029649,0.4418699,pptt1jmatch_run_65_502_490,502.0,490.0,0.5953999999999999,1.3474554388067619,1.0480182088323255,0.8415440651638352,Included,Excluded
IM0,3.9624977,5.0252003,0.1430347,0.0593363,0.3739598,pptt1jmatch_run_66_516_501,516.0,501.0,0.5072,1.3562955162560253,0.10093130019115855,0.1280000742965731,Excluded,Excluded
IM1,2.064876,2.6012353,0.1094795,0.0529184,0.3739598,pptt1jmatch_run_66_516_501,516.0,501.0,0.5072,1.3562955162560253,0.19498428304429052,0.24563218324005898,Excluded,Excluded
IM2,1.385262,1.9028551,0.0817457,0.0464336,0.3739598,pptt1jmatch_run_66_516_501,516.0,501.0,0.5072,1.3562955162560253,0.2665468327041822,0.36614012367335563,Excluded,Excluded
IM3,0.9149828,1.3527644,0.0617816,0.0408038,0.3739598,pptt1jmatch_run_66_516_501,516.0,501.0,0.5072,1.3562955162560253,0.3749359459784719,0.5543273600334345,Excluded,Excluded
IM4,0.7221038,1.1475325,0.0455933,0.0353538,0.3739598,pptt1jmatch_run_66_516_501,516.0,501.0,0.5072,1.3562955162560253,0.4419918390110955,0.7023920937682366,Excluded,Excluded
IM5,0.5844109,0.8854256,0.0246584,0.0262833,0.3739598,pptt1jmatch_run_66_516_501,516.0,501.0,0.5072,1.3562955162560253,0.5728318675222401,0.8678825121160472,Excluded,Excluded
IM6,0.5300968,0.7753455,0.0137447,0.0197324,0.3739598,pptt1jmatch_run_66_516_501,516.0,501.0,0.5072,1.3562955162560253,0.6541599841618994,0.9568063795140811,Excluded,Excluded
IM7,0.5156626,0.6099411,0.0069497,0.0140795,0.3739598,pptt1jmatch_run_66_516_501,516.0,501.0,0.5072,1.3562955162560253,0.831555702673586,0.9835888815671333,Excluded,Excluded
IM8,0.5371869,0.572962,0.0037264,0.0103265,0.3739598,pptt1jmatch_run_66_516_501,516.0,501.0,0.5072,1.3562955162560253,0.8852245000541048,0.9441779015832291,Excluded,Excluded
IM9,0.7518094,0.7059678,0.0016781,0.0069369,0.3739598,pptt1jmatch_run_66_516_501,516.0,501.0,0.5072,1.3562955162560253,0.7184463654008015,0.6746390774044592,Excluded,Excluded
IM10,0.7407052,1.1358484,0.0012664,0.0060273,0.3739598,pptt1jmatch_run_66_516_501,516.0,501.0,0.5072,1.3562955162560253,0.44653846411193604,0.6847528544419561,Excluded,Excluded
IM11,0.7516718,0.670998,0.000752,0.0046458,0.3739598,pptt1jmatch_run_66_516_501,516.0,501.0,0.5072,1.3562955162560253,0.7558889892369277,0.674762575900812,Excluded,Excluded
IM12,0.7569407,0.5987276,0.0004611,0.0036386,0.3739598,pptt1jmatch_run_66_516_501,516.0,501.0,0.5072,1.3562955162560253,0.8471298132907185,0.6700656999947288,Excluded,Excluded
EM0,10.8744964,12.2708466,0.0335553,0.0305202,0.3739598,pptt1jmatch_run_66_516_501,516.0,501.0,0.5072,1.3562955162560253,0.041333741389938,0.046641240324471485,Excluded,Excluded
EM1,4.5926972,4.4905086,0.0277338,0.0278301,0.3739598,pptt1jmatch_run_66_516_501,516.0,501.0,0.5072,1.3562955162560253,0.1129493438671958,0.11043619422591151,Excluded,Excluded
EM2,2.5120064,2.4739378,0.0199641,0.0237063,0.3739598,pptt1jmatch_run_66_516_501,516.0,501.0,0.5072,1.3562955162560253,0.20501728054763543,0.20191031360429654,Excluded,Excluded
EM3,1.4375602,1.7390278,0.0161883,0.0213883,0.3739598,pptt1jmatch_run_66_516_501,516.0,501.0,0.5072,1.3562955162560253,0.29165721215037504,0.35282000712039746,Excluded,Excluded
EM4,0.8351302,1.1778965,0.0209349,0.0242638,0.3739598,pptt1jmatch_run_66_516_501,516.0,501.0,0.5072,1.3562955162560253,0.4305981043325963,0.6073304497909428,Excluded,Excluded
EM5,0.5642395,0.6878601,0.0109137,0.0176085,0.3739598,pptt1jmatch_run_66_516_501,516.0,501.0,0.5072,1.3562955162560253,0.7373592391825023,0.8989090625523382,Excluded,Excluded
EM6,0.4277852,0.5934984,0.006795,0.013923,0.3739598,pptt1jmatch_run_66_516_501,516.0,501.0,0.5072,1.3562955162560253,0.8545937107833821,1.1856417660078002,Excluded,Included
EM7,0.4462009,0.6515916,0.0032232,0.0096064,0.3739598,pptt1jmatch_run_66_516_501,516.0,501.0,0.5072,1.3562955162560253,0.7784016859640301,1.1367077027410746,Excluded,Included
EM8,0.3942947,0.4514808,0.0020483,0.0076625,0.3739598,pptt1jmatch_run_66_516_501,516.0,501.0,0.5072,1.3562955162560253,1.1234143290257304,1.286347495921198,Included,Included
EM9,1.1901824,1.007086,0.0004118,0.0034384,0.3739598,pptt1jmatch_run_66_516_501,516.0,501.0,0.5072,1.3562955162560253,0.5036312688290772,0.4261531677833582,Excluded,Excluded
EM10,0.6089954,1.2981716,0.0005144,0.0038428,0.3739598,pptt1jmatch_run_66_516_501,516.0,501.0,0.5072,1.3562955162560253,0.3907033553961587,0.8328470132943533,Excluded,Excluded
EM11,0.7516358,0.8494484,0.0002908,0.0028899,0.3739598,pptt1jmatch_run_66_516_501,516.0,501.0,0.5072,1.3562955162560253,0.5970933608209751,0.6747948940164904,Excluded,Excluded
EM12,0.5520483,0.4409476,0.0004611,0.0036386,0.3739598,pptt1jmatch_run_66_516_501,516.0,501.0,0.5072,1.3562955162560253,1.150250052387177,0.9187601881936779,Included,Excluded
IM0,3.9133293,4.9748239,0.1440969,0.0608988,0.3570135,pptt1jmatch_run_67_520_501,520.0,501.0,0.484,1.3556910312915338,0.0972898759290756,0.1236798549000208,Excluded,Excluded
IM1,1.9977121,2.5224401,0.1128075,0.0548589,0.3570135,pptt1jmatch_run_67_520_501,520.0,501.0,0.484,1.3556910312915338,0.19187769810668645,0.24227715294911614,Excluded,Excluded
IM2,1.3417279,1.8477968,0.0842435,0.0481646,0.3570135,pptt1jmatch_run_67_520_501,520.0,501.0,0.484,1.3556910312915338,0.2619335632576049,0.3607288780385352,Excluded,Excluded
IM3,0.9156716,1.3508163,0.0621746,0.0418733,0.3570135,pptt1jmatch_run_67_520_501,520.0,501.0,0.484,1.3556910312915338,0.35830186532395264,0.528573781255201,Excluded,Excluded
IM4,0.7163751,1.1444291,0.0457353,0.0362268,0.3570135,pptt1jmatch_run_67_520_501,520.0,501.0,0.484,1.3556910312915338,0.422918291749135,0.6756237060724193,Excluded,Excluded
IM5,0.5926374,0.8946733,0.0244662,0.0267901,0.3570135,pptt1jmatch_run_67_520_501,520.0,501.0,0.484,1.3556910312915338,0.5409795955685723,0.816688248159836,Excluded,Excluded
IM6,0.536369,0.7847158,0.013601,0.0200855,0.3570135,pptt1jmatch_run_67_520_501,520.0,501.0,0.484,1.3556910312915338,0.6167838088643047,0.9023638577173551,Excluded,Excluded
IM7,0.4418876,0.5214154,0.0081308,0.0155727,0.3570135,pptt1jmatch_run_67_520_501,520.0,501.0,0.484,1.3556910312915338,0.9282426257452312,1.0953011580320424,Excluded,Included
IM8,0.5043249,0.540717,0.0039679,0.0109015,0.3570135,pptt1jmatch_run_67_520_501,520.0,501.0,0.484,1.3556910312915338,0.8951077920612815,0.9596987973427448,Excluded,Excluded
IM9,0.5703219,0.5401853,0.0022152,0.0081526,0.3570135,pptt1jmatch_run_67_520_501,520.0,501.0,0.484,1.3556910312915338,0.8959888393852998,0.8486435467408843,Excluded,Excluded
IM10,0.8542269,1.3177446,0.0010902,0.0057224,0.3570135,pptt1jmatch_run_67_520_501,520.0,501.0,0.484,1.3556910312915338,0.367294238959507,0.5665941917773837,Excluded,Excluded
IM11,1.0767738,0.9645635,0.0005225,0.0039626,0.3570135,pptt1jmatch_run_67_520_501,520.0,501.0,0.484,1.3556910312915338,0.5017813757207276,0.44949087728546144,Excluded,Excluded
IM12,1.1667799,0.9338585,0.0002984,0.0029952,0.3570135,pptt1jmatch_run_67_520_501,520.0,501.0,0.484,1.3556910312915338,0.5182798036319206,0.41481688191577515,Excluded,Excluded
EM0,11.7343987,13.1458673,0.0312894,0.0301901,0.3570135,pptt1jmatch_run_67_520_501,520.0,501.0,0.484,1.3556910312915338,0.036817654473052526,0.041246254910360255,Excluded,Excluded
EM1,4.4760413,4.3673378,0.028564,0.0288859,0.3570135,pptt1jmatch_run_67_520_501,520.0,501.0,0.484,1.3556910312915338,0.11082266180555121,0.10813126322136482,Excluded,Excluded
EM2,2.2652576,2.2540009,0.0220689,0.025475,0.3570135,pptt1jmatch_run_67_520_501,520.0,501.0,0.484,1.3556910312915338,0.21472928426958482,0.2136622342642179,Excluded,Excluded
EM3,1.4041288,1.700108,0.0164394,0.0220502,0.3570135,pptt1jmatch_run_67_520_501,520.0,501.0,0.484,1.3556910312915338,0.28468779630470537,0.3446977228869602,Excluded,Excluded
EM4,0.8207325,1.1558051,0.0212691,0.0250193,0.3570135,pptt1jmatch_run_67_520_501,520.0,501.0,0.484,1.3556910312915338,0.4187557227425281,0.5897171124574694,Excluded,Excluded
EM5,0.5636743,0.68903,0.0108652,0.0179769,0.3570135,pptt1jmatch_run_67_520_501,520.0,501.0,0.484,1.3556910312915338,0.7024367589219627,0.8586518846078312,Excluded,Excluded
EM6,0.5317612,0.7372913,0.0054702,0.0127903,0.3570135,pptt1jmatch_run_67_520_501,520.0,501.0,0.484,1.3556910312915338,0.6564569526318838,0.9101829919144157,Excluded,Excluded
EM7,0.3443346,0.5035004,0.0041629,0.0111651,0.3570135,pptt1jmatch_run_67_520_501,520.0,501.0,0.484,1.3556910312915338,0.9612703386134351,1.4056095437403038,Excluded,Included
EM8,0.4631887,0.531829,0.0017526,0.0072533,0.3570135,pptt1jmatch_run_67_520_501,520.0,501.0,0.484,1.3556910312915338,0.9100669576123153,1.0449305002475233,Excluded,Included
EM9,0.4334027,0.3751229,0.0011251,0.0058132,0.3570135,pptt1jmatch_run_67_520_501,520.0,501.0,0.484,1.3556910312915338,1.290243810761753,1.1167443119297595,Included,Included
EM10,0.5506058,1.1774132,0.0005677,0.0041306,0.3570135,pptt1jmatch_run_67_520_501,520.0,501.0,0.484,1.3556910312915338,0.41107064198023263,0.879031786443223,Excluded,Excluded
EM11,0.9831393,1.0971941,0.000224,0.0025952,0.3570135,pptt1jmatch_run_67_520_501,520.0,501.0,0.484,1.3556910312915338,0.4411252302578003,0.49230053157268755,Excluded,Excluded
EM12,0.8488758,0.6863605,0.0002984,0.0029952,0.3570135,pptt1jmatch_run_67_520_501,520.0,501.0,0.484,1.3556910312915338,0.7051687852083562,0.5701658593636431,Excluded,Excluded
IM0,3.7087729,4.7165437,0.1522718,0.0659411,0.3153741,pptt1jmatch_run_68_531_520,531.0,520.0,0.42819999999999997,1.3577525865313607,0.09078681917014783,0.11545597736653003,Excluded,Excluded
IM1,1.8552685,2.3392374,0.1217652,0.0600185,0.3153741,pptt1jmatch_run_68_531_520,531.0,520.0,0.42819999999999997,1.3577525865313607,0.18305110887847464,0.23080217230012798,Excluded,Excluded
IM2,1.2593648,1.7150369,0.0905187,0.0526604,0.3153741,pptt1jmatch_run_68_531_520,531.0,520.0,0.42819999999999997,1.3577525865313607,0.24967392829856894,0.3400126794079047,Excluded,Excluded
IM3,0.8336998,1.223257,0.0684558,0.0463474,0.3153741,pptt1jmatch_run_68_531_520,531.0,520.0,0.42819999999999997,1.3577525865313607,0.3500490902565855,0.5136141330488504,Excluded,Excluded
IM4,0.6383079,1.015697,0.0514363,0.0405402,0.3153741,pptt1jmatch_run_68_531_520,531.0,520.0,0.42819999999999997,1.3577525865313607,0.4215824207416187,0.6708361278310984,Excluded,Excluded
IM5,0.4952471,0.7466694,0.0292392,0.0309213,0.3153741,pptt1jmatch_run_68_531_520,531.0,520.0,0.42819999999999997,1.3577525865313607,0.5734800435105549,0.8646188942852971,Excluded,Excluded
IM6,0.4590488,0.6723665,0.0158744,0.0229399,0.3153741,pptt1jmatch_run_68_531_520,531.0,520.0,0.42819999999999997,1.3577525865313607,0.6368550485486709,0.9327984301451174,Excluded,Excluded
IM7,0.3776379,0.4445577,0.0095274,0.017829,0.3153741,pptt1jmatch_run_68_531_520,531.0,520.0,0.42819999999999997,1.3577525865313607,0.9632045514001893,1.1338904278410613,Excluded,Included
IM8,0.3806874,0.4076681,0.0052653,0.0132826,0.3153741,pptt1jmatch_run_68_531_520,531.0,520.0,0.42819999999999997,1.3577525865313607,1.0503642546473466,1.1248073878988376,Included,Included
IM9,0.4643039,0.4394285,0.0027306,0.0095775,0.3153741,pptt1jmatch_run_68_531_520,531.0,520.0,0.42819999999999997,1.3577525865313607,0.9744474925954961,0.9222407996142181,Excluded,Excluded
IM10,0.49528,0.7662389,0.0018812,0.007953,0.3153741,pptt1jmatch_run_68_531_520,531.0,520.0,0.42819999999999997,1.3577525865313607,0.5588335439508487,0.8645614601841382,Excluded,Excluded
IM11,0.4709141,0.4183044,0.0011979,0.0063484,0.3153741,pptt1jmatch_run_68_531_520,531.0,520.0,0.42819999999999997,1.3577525865313607,1.023656456876858,0.909295347070729,Included,Excluded
IM12,0.5092668,0.4033827,0.0006859,0.0048051,0.3153741,pptt1jmatch_run_68_531_520,531.0,520.0,0.42819999999999997,1.3577525865313607,1.0615229656601535,0.8408166407077782,Included,Excluded
EM0,12.0646603,13.4471798,0.0305066,0.0315637,0.3153741,pptt1jmatch_run_68_531_520,531.0,520.0,0.42819999999999997,1.3577525865313607,0.03184310809914209,0.03549208923851756,Excluded,Excluded
EM1,4.0619945,3.9878432,0.0312464,0.0319319,0.3153741,pptt1jmatch_run_68_531_520,531.0,520.0,0.42819999999999997,1.3577525865313607,0.107376338166957,0.1054161939411784,Excluded,Excluded
EM2,2.2611907,2.2422273,0.022063,0.0269591,0.3153741,pptt1jmatch_run_68_531_520,531.0,520.0,0.42819999999999997,1.3577525865313607,0.19097082619589903,0.18936925576423072,Excluded,Excluded
EM3,1.3609761,1.6473372,0.0170195,0.0237391,0.3153741,pptt1jmatch_run_68_531_520,531.0,520.0,0.42819999999999997,1.3577525865313607,0.25993463876126877,0.31462712680994176,Excluded,Excluded
EM4,0.7886721,1.1128388,0.0221971,0.0270391,0.3153741,pptt1jmatch_run_68_531_520,531.0,520.0,0.42819999999999997,1.3577525865313607,0.3847816952464274,0.5429379332678308,Excluded,Excluded
EM5,0.4591741,0.5584604,0.0133648,0.0210755,0.3153741,pptt1jmatch_run_68_531_520,531.0,520.0,0.42819999999999997,1.3577525865313607,0.7667508743681737,0.9325438869483275,Excluded,Excluded
EM6,0.4583255,0.6350872,0.006347,0.0145753,0.3153741,pptt1jmatch_run_68_531_520,531.0,520.0,0.42819999999999997,1.3577525865313607,0.6742381203715018,0.9342705129869492,Excluded,Excluded
EM7,0.3383215,0.4914589,0.0042621,0.0119565,0.3153741,pptt1jmatch_run_68_531_520,531.0,520.0,0.42819999999999997,1.3577525865313607,0.8712834379436408,1.2656600304739722,Excluded,Included
EM8,0.3206741,0.3671677,0.0025347,0.0092285,0.3153741,pptt1jmatch_run_68_531_520,531.0,520.0,0.42819999999999997,1.3577525865313607,1.1662245889276208,1.3353120816430137,Included,Included
EM9,0.5748206,0.4888857,0.0008494,0.0053466,0.3153741,pptt1jmatch_run_68_531_520,531.0,520.0,0.42819999999999997,1.3577525865313607,0.8758693494205292,0.7449280697316693,Excluded,Excluded
EM10,0.4578546,0.9765331,0.0006833,0.0047961,0.3153741,pptt1jmatch_run_68_531_520,531.0,520.0,0.42819999999999997,1.3577525865313607,0.4384900010045742,0.9352314031572468,Excluded,Excluded
EM11,0.4270114,0.4829366,0.000512,0.0041517,0.3153741,pptt1jmatch_run_68_531_520,531.0,520.0,0.42819999999999997,1.3577525865313607,0.8866588285087524,1.002783532242933,Excluded,Included
EM12,0.372408,0.2975401,0.0006859,0.0048051,0.3153741,pptt1jmatch_run_68_531_520,531.0,520.0,0.42819999999999997,1.3577525865313607,1.4391337503751596,1.1498141822946875,Included,Included
IM0,3.8497509,4.8797302,0.1471832,0.0666725,0.3003277,pptt1jmatch_run_69_535_520,535.0,520.0,0.409,1.361845743832487,0.08381610934145496,0.10624064014115821,Excluded,Excluded
IM1,1.9525548,2.4612473,0.11549,0.0601469,0.3003277,pptt1jmatch_run_69_535_520,535.0,520.0,0.409,1.361845743832487,0.16617590601318277,0.2094691529272315,Excluded,Excluded
IM2,1.2744156,1.752508,0.0887884,0.0535276,0.3003277,pptt1jmatch_run_69_535_520,535.0,520.0,0.409,1.361845743832487,0.23337981909355046,0.32093141358282173,Excluded,Excluded
IM3,0.8694086,1.2801933,0.0655164,0.0465641,0.3003277,pptt1jmatch_run_69_535_520,535.0,520.0,0.409,1.361845743832487,0.31948300307461375,0.4704347299992201,Excluded,Excluded
IM4,0.6675417,1.0592922,0.0493613,0.0407653,0.3003277,pptt1jmatch_run_69_535_520,535.0,520.0,0.409,1.361845743832487,0.3861068740051139,0.6126958061196774,Excluded,Excluded
IM5,0.5066726,0.7700548,0.0284455,0.0312846,0.3003277,pptt1jmatch_run_69_535_520,535.0,520.0,0.409,1.361845743832487,0.5311310311941434,0.8072273890476807,Excluded,Excluded
IM6,0.4516215,0.6586212,0.0161682,0.0237345,0.3003277,pptt1jmatch_run_69_535_520,535.0,520.0,0.409,1.361845743832487,0.6209942832086182,0.9056256179123445,Excluded,Excluded
IM7,0.4141214,0.4860813,0.0086854,0.0174619,0.3003277,pptt1jmatch_run_69_535_520,535.0,520.0,0.409,1.361845743832487,0.8414230294397252,0.9876330950296216,Excluded,Excluded
IM8,0.4041169,0.4327213,0.0049545,0.0132133,0.3003277,pptt1jmatch_run_69_535_520,535.0,520.0,0.409,1.361845743832487,0.945181113109061,1.0120833847829673,Excluded,Included
IM9,0.4527629,0.4250859,0.0027884,0.0099234,0.3003277,pptt1jmatch_run_69_535_520,535.0,520.0,0.409,1.361845743832487,0.962158471970018,0.9033425662747542,Excluded,Excluded
IM10,0.5714981,0.8849811,0.0016321,0.0075964,0.3003277,pptt1jmatch_run_69_535_520,535.0,520.0,0.409,1.361845743832487,0.46215676244385323,0.7156629217140003,Excluded,Excluded
IM11,0.5702602,0.5094153,0.0009872,0.00591,0.3003277,pptt1jmatch_run_69_535_520,535.0,520.0,0.409,1.361845743832487,0.8028812640688254,0.7172164566280443,Excluded,Excluded
IM12,0.5341101,0.4239488,0.0006513,0.0048013,0.3003277,pptt1jmatch_run_69_535_520,535.0,520.0,0.409,1.361845743832487,0.9647391383110411,0.765759718829507,Excluded,Excluded
EM0,11.5543364,12.9493776,0.0316933,0.032967,0.3003277,pptt1jmatch_run_69_535_520,535.0,520.0,0.409,1.361845743832487,0.031584529591599825,0.035397965390725504,Excluded,Excluded
EM1,4.7842896,4.652935,0.0267015,0.0303376,0.3003277,pptt1jmatch_run_69_535_520,535.0,520.0,0.409,1.361845743832487,0.08790150732817026,0.08548813600246939,Excluded,Excluded
EM2,2.1461655,2.1287225,0.023272,0.0283723,0.3003277,pptt1jmatch_run_69_535_520,535.0,520.0,0.409,1.361845743832487,0.1921340146496314,0.1905724418736579,Excluded,Excluded
EM3,1.430287,1.7417318,0.0161551,0.0237251,0.3003277,pptt1jmatch_run_69_535_520,535.0,520.0,0.409,1.361845743832487,0.23482375415089737,0.2859565947253942,Excluded,Excluded
EM4,0.8421631,1.1778363,0.0209158,0.0269301,0.3003277,pptt1jmatch_run_69_535_520,535.0,520.0,0.409,1.361845743832487,0.3472468967037269,0.4856541446662765,Excluded,Excluded
EM5,0.5000393,0.6093887,0.0122773,0.0207233,0.3003277,pptt1jmatch_run_69_535_520,535.0,520.0,0.409,1.361845743832487,0.671164398027072,0.817935710253174,Excluded,Excluded
EM6,0.3886726,0.5401655,0.0074827,0.0162177,0.3003277,pptt1jmatch_run_69_535_520,535.0,520.0,0.409,1.361845743832487,0.7571753471852607,1.0522995446553216,Excluded,Included
EM7,0.3860544,0.5618923,0.0037309,0.0114732,0.3003277,pptt1jmatch_run_69_535_520,535.0,520.0,0.409,1.361845743832487,0.7278974992182664,1.0594361830871502,Excluded,Included
EM8,0.3749303,0.430107,0.0021662,0.0087491,0.3003277,pptt1jmatch_run_69_535_520,535.0,520.0,0.409,1.361845743832487,0.9509261648845517,1.090869422930075,Excluded,Included
EM9,0.422947,0.3609953,0.0011563,0.0063954,0.3003277,pptt1jmatch_run_69_535_520,535.0,520.0,0.409,1.361845743832487,1.1329787396123991,0.9670242370793501,Included,Excluded
EM10,0.4879914,1.0356828,0.0006448,0.0047772,0.3003277,pptt1jmatch_run_69_535_520,535.0,520.0,0.409,1.361845743832487,0.39490855694426896,0.8381295244137497,Excluded,Excluded
EM11,0.6539897,0.7362105,0.0003359,0.0034484,0.3003277,pptt1jmatch_run_69_535_520,535.0,520.0,0.409,1.361845743832487,0.5555476320970699,0.6253921124445843,Excluded,Excluded
EM12,0.3897059,0.3146086,0.0006513,0.0048013,0.3003277,pptt1jmatch_run_69_535_520,535.0,520.0,0.409,1.361845743832487,1.300028034834394,1.0495093864373106,Included,Included
IM0,3.8531413,4.8933116,0.1462321,0.0685182,0.2845473,pptt1jmatch_run_70_540_520,540.0,520.0,0.387,1.3600550769590856,0.07908754472124768,0.10043753132022436,Excluded,Excluded
IM1,1.9901511,2.500168,0.1139112,0.0616079,0.2845473,pptt1jmatch_run_70_540_520,540.0,520.0,0.387,1.3600550769590856,0.15478959813900506,0.19445759671212903,Excluded,Excluded
IM2,1.3165215,1.8063794,0.0860745,0.0543886,0.2845473,pptt1jmatch_run_70_540_520,540.0,520.0,0.387,1.3600550769590856,0.21424070712941037,0.29395646026289735,Excluded,Excluded
IM3,0.8699776,1.2889091,0.0652423,0.0478883,0.2845473,pptt1jmatch_run_70_540_520,540.0,520.0,0.387,1.3600550769590856,0.30025391239770133,0.4448390395338915,Excluded,Excluded
IM4,0.684772,1.0929945,0.0478826,0.0414046,0.2845473,pptt1jmatch_run_70_540_520,540.0,520.0,0.387,1.3600550769590856,0.354073144924334,0.5651516125075208,Excluded,Excluded
IM5,0.5428278,0.8210421,0.0266514,0.0312326,0.2845473,pptt1jmatch_run_70_540_520,540.0,520.0,0.387,1.3600550769590856,0.4713521998445634,0.7129332727616383,Excluded,Excluded
IM6,0.5003597,0.7276676,0.0146362,0.0232877,0.2845473,pptt1jmatch_run_70_540_520,540.0,520.0,0.387,1.3600550769590856,0.531836239513756,0.7734435846851776,Excluded,Excluded
IM7,0.4039772,0.4758888,0.0088782,0.0181903,0.2845473,pptt1jmatch_run_70_540_520,540.0,520.0,0.387,1.3600550769590856,0.8132151880859563,0.9579748560067252,Excluded,Excluded
IM8,0.3780176,0.4052738,0.0052746,0.0140463,0.2845473,pptt1jmatch_run_70_540_520,540.0,520.0,0.387,1.3600550769590856,0.9549099892467758,1.0237618565908042,Excluded,Included
IM9,0.3893444,0.3665097,0.003251,0.0110387,0.2845473,pptt1jmatch_run_70_540_520,540.0,520.0,0.387,1.3600550769590856,1.0559065694577798,0.9939785958138861,Included,Excluded
IM10,0.5354413,0.8259376,0.0017465,0.0080969,0.2845473,pptt1jmatch_run_70_540_520,540.0,520.0,0.387,1.3600550769590856,0.4685583995691684,0.7227683034536185,Excluded,Excluded
IM11,0.5682187,0.5072026,0.0009934,0.0061088,0.2845473,pptt1jmatch_run_70_540_520,540.0,520.0,0.387,1.3600550769590856,0.763008706974294,0.6810757900083191,Excluded,Excluded
IM12,0.5395973,0.4260651,0.0006473,0.0049319,0.2845473,pptt1jmatch_run_70_540_520,540.0,520.0,0.387,1.3600550769590856,0.9083118988154628,0.7172015130542723,Excluded,Excluded
EM0,11.3228009,12.7160465,0.0323208,0.0342943,0.2845473,pptt1jmatch_run_70_540_520,540.0,520.0,0.387,1.3600550769590856,0.030433987481879688,0.03417882230888648,Excluded,Excluded
EM1,4.5819322,4.4871535,0.0278367,0.0319002,0.2845473,pptt1jmatch_run_70_540_520,540.0,520.0,0.387,1.3600550769590856,0.08624621377450092,0.08446218387954323,Excluded,Excluded
EM2,2.3977074,2.376224,0.0208322,0.0276956,0.2845473,pptt1jmatch_run_70_540_520,540.0,520.0,0.387,1.3600550769590856,0.1628634337503535,0.1614041813442291,Excluded,Excluded
EM3,1.3314838,1.6145837,0.0173597,0.025327,0.2845473,pptt1jmatch_run_70_540_520,540.0,520.0,0.387,1.3600550769590856,0.23969026814775846,0.29065317955802394,Excluded,Excluded
EM4,0.8259337,1.1642942,0.0212312,0.0279539,0.2845473,pptt1jmatch_run_70_540_520,540.0,520.0,0.387,1.3600550769590856,0.3323902154627241,0.46856061206849897,Excluded,Excluded
EM5,0.5117156,0.6242083,0.0120152,0.0211279,0.2845473,pptt1jmatch_run_70_540_520,540.0,520.0,0.387,1.3600550769590856,0.6199853478398156,0.7562794646088569,Excluded,Excluded
EM6,0.5045115,0.701144,0.005758,0.0146722,0.2845473,pptt1jmatch_run_70_540_520,540.0,520.0,0.387,1.3600550769590856,0.5519550905377497,0.7670786493469426,Excluded,Excluded
EM7,0.4012644,0.5822368,0.0036036,0.0116198,0.2845473,pptt1jmatch_run_70_540_520,540.0,520.0,0.387,1.3600550769590856,0.6646780141688056,0.9644513692218896,Excluded,Excluded
EM8,0.401793,0.4595615,0.0020236,0.0087144,0.2845473,pptt1jmatch_run_70_540_520,540.0,520.0,0.387,1.3600550769590856,0.8421070955682755,0.9631825342900449,Excluded,Excluded
EM9,0.3262926,0.27837,0.0015045,0.007516,0.2845473,pptt1jmatch_run_70_540_520,540.0,520.0,0.387,1.3600550769590856,1.3902360168121566,1.1860520281489682,Included,Included
EM10,0.4160745,0.8871692,0.0007531,0.0053197,0.2845473,pptt1jmatch_run_70_540_520,540.0,520.0,0.387,1.3600550769590856,0.43621893095477166,0.9301218892289722,Excluded,Excluded
EM11,0.6351373,0.7122212,0.0003461,0.0036069,0.2845473,pptt1jmatch_run_70_540_520,540.0,520.0,0.387,1.3600550769590856,0.5433705146659493,0.609317072072448,Excluded,Excluded
EM12,0.392402,0.3177063,0.0006473,0.0049319,0.2845473,pptt1jmatch_run_70_540_520,540.0,520.0,0.387,1.3600550769590856,1.2181061565351397,0.9862335054357522,Included,Excluded
IM0,3.6536066,4.6233726,0.1544104,0.0719553,0.2656263,pptt1jmatch_run_71_546_540,546.0,540.0,0.363,1.366581547083252,0.07851411326874239,0.09935388227074037,Excluded,Excluded
IM1,1.8208582,2.2900887,0.12458,0.0657623,0.2656263,pptt1jmatch_run_71_546_540,546.0,540.0,0.363,1.366581547083252,0.1585091442091304,0.19935654517194146,Excluded,Excluded
IM2,1.1757841,1.6290991,0.0959633,0.058653,0.2656263,pptt1jmatch_run_71_546_540,546.0,540.0,0.363,1.366581547083252,0.22282254038443702,0.30873014867270276,Excluded,Excluded
IM3,0.7766346,1.1513939,0.0732106,0.0518707,0.2656263,pptt1jmatch_run_71_546_540,546.0,540.0,0.363,1.366581547083252,0.31527003921073404,0.4674012721040242,Excluded,Excluded
IM4,0.6067002,0.9613421,0.0542509,0.0451062,0.2656263,pptt1jmatch_run_71_546_540,546.0,540.0,0.363,1.366581547083252,0.3775971113716959,0.5983185764567079,Excluded,Excluded
IM5,0.4914062,0.74493,0.0293711,0.0336226,0.2656263,pptt1jmatch_run_71_546_540,546.0,540.0,0.363,1.366581547083252,0.4872941081712376,0.7386964185637055,Excluded,Excluded
IM6,0.4180444,0.6094437,0.017462,0.0260835,0.2656263,pptt1jmatch_run_71_546_540,546.0,540.0,0.363,1.366581547083252,0.5956251578283605,0.8683288186613671,Excluded,Excluded
IM7,0.3402012,0.3991564,0.0105763,0.0203705,0.2656263,pptt1jmatch_run_71_546_540,546.0,540.0,0.363,1.366581547083252,0.9094179624828763,1.0670156366291477,Excluded,Included
IM8,0.3210528,0.3433772,0.0062525,0.0156968,0.2656263,pptt1jmatch_run_71_546_540,546.0,540.0,0.363,1.366581547083252,1.0571464849733763,1.1306551445743502,Included,Included
IM9,0.3296777,0.3116976,0.0038295,0.0122994,0.2656263,pptt1jmatch_run_71_546_540,546.0,540.0,0.363,1.366581547083252,1.1645902952092027,1.1010753836246734,Included,Included
IM10,0.3568782,0.5510372,0.0026147,0.0101692,0.2656263,pptt1jmatch_run_71_546_540,546.0,540.0,0.363,1.366581547083252,0.6587577027467474,1.0171537516160976,Excluded,Included
IM11,0.4118829,0.3683515,0.0013657,0.0073542,0.2656263,pptt1jmatch_run_71_546_540,546.0,540.0,0.363,1.366581547083252,0.9854717572753199,0.8813184524047976,Excluded,Excluded
IM12,0.3593027,0.2847673,0.0009704,0.0062002,0.2656263,pptt1jmatch_run_71_546_540,546.0,540.0,0.363,1.366581547083252,1.2747250123170744,1.0102902093415942,Included,Included
EM0,12.3195682,13.7584341,0.0298303,0.0338764,0.2656263,pptt1jmatch_run_71_546_540,546.0,540.0,0.363,1.366581547083252,0.02638381645481007,0.029465318435430227,Excluded,Excluded
EM1,4.4328356,4.3513172,0.0286167,0.0332009,0.2656263,pptt1jmatch_run_71_546_540,546.0,540.0,0.363,1.366581547083252,0.08342301498957602,0.08188889296954753,Excluded,Excluded
EM2,2.1911021,2.1752794,0.0227528,0.0296937,0.2656263,pptt1jmatch_run_71_546_540,546.0,540.0,0.363,1.366581547083252,0.16687511498522903,0.16567005252744724,Excluded,Excluded
EM3,1.2209715,1.4758837,0.0189596,0.0271584,0.2656263,pptt1jmatch_run_71_546_540,546.0,540.0,0.363,1.366581547083252,0.24595433908511896,0.2973042368310808,Excluded,Excluded
EM4,0.7031461,0.9916908,0.0248799,0.0310169,0.2656263,pptt1jmatch_run_71_546_540,546.0,540.0,0.363,1.366581547083252,0.3660415121326123,0.516251174542531,Excluded,Excluded
EM5,0.5155434,0.6289326,0.0119091,0.0216014,0.2656263,pptt1jmatch_run_71_546_540,546.0,540.0,0.363,1.366581547083252,0.5771683643048556,0.7041114288341195,Excluded,Excluded
EM6,0.4230735,0.5862262,0.0068857,0.0164672,0.2656263,pptt1jmatch_run_71_546_540,546.0,540.0,0.363,1.366581547083252,0.6192149037351111,0.8580069420561676,Excluded,Excluded
EM7,0.3331467,0.4850324,0.0043237,0.0130657,0.2656263,pptt1jmatch_run_71_546_540,546.0,540.0,0.363,1.366581547083252,0.748403611799954,1.0896100726796933,Excluded,Included
EM8,0.3355596,0.383417,0.002423,0.0097903,0.2656263,pptt1jmatch_run_71_546_540,546.0,540.0,0.363,1.366581547083252,0.9467498832863436,1.0817750408571234,Excluded,Included
EM9,0.403022,0.3436291,0.0012148,0.0069365,0.2656263,pptt1jmatch_run_71_546_540,546.0,540.0,0.363,1.366581547083252,1.0563715354724033,0.9006952474058488,Included,Excluded
EM10,0.2518333,0.5342672,0.0012489,0.0070331,0.2656263,pptt1jmatch_run_71_546_540,546.0,540.0,0.363,1.366581547083252,0.679435308774336,1.4414297076677312,Excluded,Included
EM11,0.5535238,0.623331,0.0003954,0.0039587,0.2656263,pptt1jmatch_run_71_546_540,546.0,540.0,0.363,1.366581547083252,0.5823551211154266,0.6557983595285334,Excluded,Excluded
EM12,0.2626377,0.2125718,0.0009704,0.0062002,0.2656263,pptt1jmatch_run_71_546_540,546.0,540.0,0.363,1.366581547083252,1.7076583065110236,1.382132115838663,Included,Included
IM0,3.7028212,4.6891632,0.1527827,0.0732793,0.2543213,pptt1jmatch_run_72_550_540,550.0,540.0,0.347,1.3644158000136049,0.07400041013714344,0.09371232939899987,Excluded,Excluded
IM1,1.8737786,2.3588712,0.1206603,0.0663449,0.2543213,pptt1jmatch_run_72_550_540,550.0,540.0,0.347,1.3644158000136049,0.14710425902016186,0.18518730014314388,Excluded,Excluded
IM2,1.211323,1.6655795,0.0934467,0.0592824,0.2543213,pptt1jmatch_run_72_550_540,550.0,540.0,0.347,1.3644158000136049,0.2083358975059431,0.2864636434708166,Excluded,Excluded
IM3,0.8142196,1.1981257,0.0699214,0.0519412,0.2543213,pptt1jmatch_run_72_550_540,550.0,540.0,0.347,1.3644158000136049,0.2896190274526287,0.4261749532926989,Excluded,Excluded
IM4,0.6189644,0.9870612,0.0529779,0.045622,0.2543213,pptt1jmatch_run_72_550_540,550.0,540.0,0.347,1.3644158000136049,0.35154861724885955,0.5606138252862362,Excluded,Excluded
IM5,0.4918643,0.744448,0.0293829,0.0343968,0.2543213,pptt1jmatch_run_72_550_540,550.0,540.0,0.347,1.3644158000136049,0.4661171767537826,0.7054791331674204,Excluded,Excluded
IM6,0.4350233,0.634092,0.0167799,0.0261617,0.2543213,pptt1jmatch_run_72_550_540,550.0,540.0,0.347,1.3644158000136049,0.5472392018823766,0.7976584242729067,Excluded,Excluded
IM7,0.3621827,0.4262755,0.0099578,0.0202235,0.2543213,pptt1jmatch_run_72_550_540,550.0,540.0,0.347,1.3644158000136049,0.8140275479120898,0.9580799966425784,Excluded,Excluded
IM8,0.3397055,0.3624354,0.0059034,0.0156031,0.2543213,pptt1jmatch_run_72_550_540,550.0,540.0,0.347,1.3644158000136049,0.9574119967310035,1.021473011181744,Excluded,Included
IM9,0.363042,0.3420886,0.0034928,0.0120164,0.2543213,pptt1jmatch_run_72_550_540,550.0,540.0,0.347,1.3644158000136049,1.014357099301175,0.9558122751637551,Included,Excluded
IM10,0.388735,0.599906,0.0024018,0.00997,0.2543213,pptt1jmatch_run_72_550_540,550.0,540.0,0.347,1.3644158000136049,0.5784239530859834,0.892638944267946,Excluded,Excluded
IM11,0.3519265,0.3149062,0.0016033,0.0081491,0.2543213,pptt1jmatch_run_72_550_540,550.0,540.0,0.347,1.3644158000136049,1.1019154275146057,0.9860013383476379,Included,Excluded
IM12,0.3620651,0.2866918,0.0009627,0.0063168,0.2543213,pptt1jmatch_run_72_550_540,550.0,540.0,0.347,1.3644158000136049,1.2103589987575507,0.9583911843477871,Included,Excluded
EM0,11.4196003,12.8509819,0.0321224,0.0359138,0.2543213,pptt1jmatch_run_72_550_540,550.0,540.0,0.347,1.3644158000136049,0.027001827774732135,0.030386352489062157,Excluded,Excluded
EM1,4.6818443,4.565526,0.0272136,0.0331397,0.2543213,pptt1jmatch_run_72_550_540,550.0,540.0,0.347,1.3644158000136049,0.07600438591303608,0.07411609138731931,Excluded,Excluded
EM2,2.1201529,2.1046385,0.0235252,0.0308706,0.2543213,pptt1jmatch_run_72_550_540,550.0,540.0,0.347,1.3644158000136049,0.1648739201530334,0.1636674411548337,Excluded,Excluded
EM3,1.3609475,1.6518498,0.0169435,0.0262868,0.2543213,pptt1jmatch_run_72_550_540,550.0,540.0,0.347,1.3644158000136049,0.21006752550988594,0.2549694238756455,Excluded,Excluded
EM4,0.7433685,1.048498,0.023595,0.0309152,0.2543213,pptt1jmatch_run_72_550_540,550.0,540.0,0.347,1.3644158000136049,0.33094960600783213,0.4667940597429135,Excluded,Excluded
EM5,0.4894244,0.5930408,0.012603,0.0227211,0.2543213,pptt1jmatch_run_72_550_540,550.0,540.0,0.347,1.3644158000136049,0.5851199445299546,0.7089961187059738,Excluded,Excluded
EM6,0.4256964,0.5931663,0.006822,0.0167655,0.2543213,pptt1jmatch_run_72_550_540,550.0,540.0,0.347,1.3644158000136049,0.584996146949009,0.8151349177488934,Excluded,Excluded
EM7,0.3533382,0.5173863,0.0040545,0.0129429,0.2543213,pptt1jmatch_run_72_550_540,550.0,540.0,0.347,1.3644158000136049,0.6706787558928407,0.9820619451845285,Excluded,Excluded
EM8,0.3356417,0.3873748,0.0024105,0.009988,0.2543213,pptt1jmatch_run_72_550_540,550.0,540.0,0.347,1.3644158000136049,0.8957732924289343,1.0338405508016435,Excluded,Included
EM9,0.4483523,0.3828397,0.001091,0.0067239,0.2543213,pptt1jmatch_run_72_550_540,550.0,540.0,0.347,1.3644158000136049,0.9063845781929094,0.7739449535554964,Excluded,Excluded
EM10,0.3923965,0.8350045,0.0007985,0.0057533,0.2543213,pptt1jmatch_run_72_550_540,550.0,540.0,0.347,1.3644158000136049,0.4155666226948477,0.8843096204986538,Excluded,Excluded
EM11,0.3421357,0.3850901,0.0006406,0.0051533,0.2543213,pptt1jmatch_run_72_550_540,550.0,540.0,0.347,1.3644158000136049,0.9010878233431604,1.014217458160607,Excluded,Included
EM12,0.2640148,0.2106252,0.0009627,0.0063168,0.2543213,pptt1jmatch_run_72_550_540,550.0,540.0,0.347,1.3644158000136049,1.647476180438048,1.3143202578037292,Included,Included
