Signal Region,Sigma_95_exp (pb),Sigma_95_obs (pb),Efficiency,Stat,Sigma_theoretical (pb),SAF File,mMed (GeV),mchi (GeV),Signal Strength Obs,Signal Strength Exp,Status Obs,Status Exp
IM0,14.7451988,18.8199014,0.0382129,4.06e-05,4.614322,spin1_run_01_mzp_20_mx_100,20.0,100.0,0.24518311238336243,0.31293725249740273,Excluded,Excluded
IM1,9.6783566,12.1462745,0.0234409,3.2e-05,4.614322,spin1_run_01_mzp_20_mx_100,20.0,100.0,0.37989607430657024,0.47676709907547726,Excluded,Excluded
IM2,7.9331285,10.8611467,0.0142755,2.51e-05,4.614322,spin1_run_01_mzp_20_mx_100,20.0,100.0,0.42484666927480125,0.5816522447606893,Excluded,Excluded
IM3,6.386068,9.3957799,0.0089339,1.99e-05,4.614322,spin1_run_01_mzp_20_mx_100,20.0,100.0,0.4911057995302763,0.7225607369041481,Excluded,Excluded
IM4,5.609225,8.9281958,0.0058543,1.61e-05,4.614322,spin1_run_01_mzp_20_mx_100,20.0,100.0,0.5168258070684337,0.8226309338634124,Excluded,Excluded
IM5,5.4641502,8.3299186,0.0026255,1.08e-05,4.614322,spin1_run_01_mzp_20_mx_100,20.0,100.0,0.553945629192583,0.8444720278736115,Excluded,Excluded
IM6,7.2274848,10.568476,0.0010087,6.7e-06,4.614322,spin1_run_01_mzp_20_mx_100,20.0,100.0,0.43661186343234343,0.6384409137740421,Excluded,Excluded
IM7,7.3036658,8.5863945,0.0004915,4.7e-06,4.614322,spin1_run_01_mzp_20_mx_100,20.0,100.0,0.5373992541339673,0.6317816458688457,Excluded,Excluded
IM8,9.460164,10.1164739,0.0002114,3.1e-06,4.614322,spin1_run_01_mzp_20_mx_100,20.0,100.0,0.45611959716517425,0.48776342566577063,Excluded,Excluded
IM9,9.0166237,8.5326214,0.0001401,2.5e-06,4.614322,spin1_run_01_mzp_20_mx_100,20.0,100.0,0.5407859769800638,0.5117571891128161,Excluded,Excluded
IM10,8.8777106,13.7547337,0.0001048,2.2e-06,4.614322,spin1_run_01_mzp_20_mx_100,20.0,100.0,0.33547156205575973,0.5197648591969195,Excluded,Excluded
IM11,16.7076836,14.7759453,3.37e-05,1.2e-06,4.614322,spin1_run_01_mzp_20_mx_100,20.0,100.0,0.3122860775614809,0.27617963749325486,Excluded,Excluded
IM12,10.3407992,8.2531385,3.37e-05,1.2e-06,4.614322,spin1_run_01_mzp_20_mx_100,20.0,100.0,0.5590990627383752,0.44622489139910965,Excluded,Excluded
EM0,24.8758409,27.8461669,0.0147721,2.55e-05,4.614322,spin1_run_01_mzp_20_mx_100,20.0,100.0,0.16570761845142856,0.18549411127645538,Excluded,Excluded
EM1,13.9409873,13.5762099,0.0091654,2.02e-05,4.614322,spin1_run_01_mzp_20_mx_100,20.0,100.0,0.3398829300657763,0.33098961362657575,Excluded,Excluded
EM2,9.3608645,9.2677434,0.0053416,1.54e-05,4.614322,spin1_run_01_mzp_20_mx_100,20.0,100.0,0.49789056524806236,0.49293759139446996,Excluded,Excluded
EM3,7.5126291,9.1251415,0.0030795,1.17e-05,4.614322,spin1_run_01_mzp_20_mx_100,20.0,100.0,0.5056712819192996,0.6142086796218916,Excluded,Excluded
EM4,5.4358834,7.6400721,0.0032289,1.2e-05,4.614322,spin1_run_01_mzp_20_mx_100,20.0,100.0,0.6039631484629575,0.8488633144706526,Excluded,Excluded
EM5,3.7943433,4.6156145,0.0016168,8.5e-06,4.614322,spin1_run_01_mzp_20_mx_100,20.0,100.0,0.9997199722810471,1.2161055643014693,Excluded,Included
EM6,5.6077866,7.7982085,0.0005172,4.8e-06,4.614322,spin1_run_01_mzp_20_mx_100,20.0,100.0,0.5917156485364554,0.8228419390994657,Excluded,Excluded
EM7,5.1493394,7.4793539,0.0002801,3.5e-06,4.614322,spin1_run_01_mzp_20_mx_100,20.0,100.0,0.6169412574527325,0.8960997987431164,Excluded,Excluded
EM8,11.3454452,13.0870328,7.13e-05,1.8e-06,4.614322,spin1_run_01_mzp_20_mx_100,20.0,100.0,0.3525873336238601,0.406711408733436,Excluded,Excluded
EM9,13.898324,11.7746128,3.53e-05,1.3e-06,4.614322,spin1_run_01_mzp_20_mx_100,20.0,100.0,0.39188736635144383,0.3320056432703684,Excluded,Excluded
EM10,4.4069854,9.4100016,7.11e-05,1.8e-06,4.614322,spin1_run_01_mzp_20_mx_100,20.0,100.0,0.49036357230800043,1.0470472627388328,Excluded,Included
EM11,-1.0,-1.0,0.0,0.0,4.614322,spin1_run_01_mzp_20_mx_100,20.0,100.0,-4.614322,-4.614322,Excluded,Excluded
EM12,7.5697034,6.0850253,3.37e-05,1.2e-06,4.614322,spin1_run_01_mzp_20_mx_100,20.0,100.0,0.7583077756472105,0.6095776487094593,Excluded,Excluded
IM0,7.0702824,8.9436847,0.0801446,0.0001749,0.4863154,spin1_run_02_mzp_20_mx_200,20.0,200.0,0.054375284495438436,0.06878302343340628,Excluded,Excluded
IM1,4.2794561,5.3767155,0.0527964,0.000144,0.4863154,spin1_run_02_mzp_20_mx_200,20.0,200.0,0.09044841595208078,0.1136395347062913,Excluded,Excluded
IM2,3.3714086,4.6297602,0.0337084,0.0001162,0.4863154,spin1_run_02_mzp_20_mx_200,20.0,200.0,0.10504116390304621,0.14424694770013935,Excluded,Excluded
IM3,2.6771603,3.9655613,0.0212396,9.29e-05,0.4863154,spin1_run_02_mzp_20_mx_200,20.0,200.0,0.12263469486652495,0.18165344824514243,Excluded,Excluded
IM4,2.4354103,3.86687,0.0134997,7.43e-05,0.4863154,spin1_run_02_mzp_20_mx_200,20.0,200.0,0.12576461065409492,0.19968520294095823,Excluded,Excluded
IM5,2.5139666,3.8039952,0.0057455,4.87e-05,0.4863154,spin1_run_02_mzp_20_mx_200,20.0,200.0,0.12784332640587978,0.1934454499117053,Excluded,Excluded
IM6,2.2318973,3.2591188,0.0032705,3.68e-05,0.4863154,spin1_run_02_mzp_20_mx_200,20.0,200.0,0.14921683738561478,0.21789326955142604,Excluded,Excluded
IM7,2.147395,2.5265266,0.0016782,2.64e-05,0.4863154,spin1_run_02_mzp_20_mx_200,20.0,200.0,0.1924837838635857,0.22646760377108077,Excluded,Excluded
IM8,2.0973099,2.2462703,0.0009579,1.99e-05,0.4863154,spin1_run_02_mzp_20_mx_200,20.0,200.0,0.21649905623557414,0.23187579479789802,Excluded,Excluded
IM9,2.1650061,2.0382654,0.0005836,1.56e-05,0.4863154,spin1_run_02_mzp_20_mx_200,20.0,200.0,0.23859277599472575,0.22462541791452692,Excluded,Excluded
IM10,3.3453557,5.1957973,0.0002785,1.07e-05,0.4863154,spin1_run_02_mzp_20_mx_200,20.0,200.0,0.09359783916127752,0.14537031144401177,Excluded,Excluded
IM11,3.2361312,2.8858144,0.0001742,8.5e-06,0.4863154,spin1_run_02_mzp_20_mx_200,20.0,200.0,0.16851929216237885,0.15027678729465604,Excluded,Excluded
IM12,4.9890039,3.9566535,6.98e-05,5.4e-06,0.4863154,spin1_run_02_mzp_20_mx_200,20.0,200.0,0.12291078811930335,0.09747745436719342,Excluded,Excluded
EM0,13.4105696,14.9847554,0.0273483,0.000105,0.4863154,spin1_run_02_mzp_20_mx_200,20.0,200.0,0.032454009893281274,0.03626359017591617,Excluded,Excluded
EM1,6.6865038,6.5274634,0.0190879,8.81e-05,0.4863154,spin1_run_02_mzp_20_mx_200,20.0,200.0,0.07450296848849432,0.07273089413334365,Excluded,Excluded
EM2,4.003497,3.9839745,0.0124688,7.15e-05,0.4863154,spin1_run_02_mzp_20_mx_200,20.0,200.0,0.12206789978198906,0.12147265253352256,Excluded,Excluded
EM3,2.9833275,3.6180002,0.0077399,5.64e-05,0.4863154,spin1_run_02_mzp_20_mx_200,20.0,200.0,0.1344155260135143,0.1630110673400758,Excluded,Excluded
EM4,2.2630721,3.1849669,0.0077542,5.65e-05,0.4863154,spin1_run_02_mzp_20_mx_200,20.0,200.0,0.1526908803981605,0.2148916952314511,Excluded,Excluded
EM5,2.47973,3.0255221,0.002475,3.2e-05,0.4863154,spin1_run_02_mzp_20_mx_200,20.0,200.0,0.16073767896126095,0.19611627072302226,Excluded,Excluded
EM6,1.8369156,2.5332214,0.0015923,2.57e-05,0.4863154,spin1_run_02_mzp_20_mx_200,20.0,200.0,0.19197508753084117,0.2647456420970022,Excluded,Excluded
EM7,1.9961282,2.9142533,0.0007203,1.73e-05,0.4863154,spin1_run_02_mzp_20_mx_200,20.0,200.0,0.16687478744555254,0.24362934204326156,Excluded,Excluded
EM8,2.1744685,2.4892822,0.0003743,1.25e-05,0.4863154,spin1_run_02_mzp_20_mx_200,20.0,200.0,0.19536370765837638,0.22364793971492342,Excluded,Excluded
EM9,1.6063257,1.3637561,0.0003051,1.12e-05,0.4863154,spin1_run_02_mzp_20_mx_200,20.0,200.0,0.3565999814776264,0.3027501832287188,Excluded,Excluded
EM10,2.9934468,6.391953,0.0001044,6.6e-06,0.4863154,spin1_run_02_mzp_20_mx_200,20.0,200.0,0.07608244303423382,0.16246001098132093,Excluded,Excluded
EM11,2.1017926,2.3699148,0.0001043,6.6e-06,0.4863154,spin1_run_02_mzp_20_mx_200,20.0,200.0,0.20520374825289078,0.23138125046210553,Excluded,Excluded
EM12,3.6510559,2.9337339,6.98e-05,5.4e-06,0.4863154,spin1_run_02_mzp_20_mx_200,20.0,200.0,0.16576670433538637,0.13319856318825468,Excluded,Excluded
IM0,5.0614895,6.4324714,0.1113826,0.0004217,0.1107424,spin1_run_03_mzp_20_mx_300,20.0,300.0,0.01721615116703045,0.021879409213434106,Excluded,Excluded
IM1,2.9275241,3.6888547,0.0770651,0.0003575,0.1107424,spin1_run_03_mzp_20_mx_300,20.0,300.0,0.03002080835550395,0.037828006266455674,Excluded,Excluded
IM2,2.178939,3.0027347,0.0519098,0.0002974,0.1107424,spin1_run_03_mzp_20_mx_300,20.0,300.0,0.03688051428586082,0.05082400195691573,Excluded,Excluded
IM3,1.6479276,2.4147954,0.0346451,0.0002451,0.1107424,spin1_run_03_mzp_20_mx_300,20.0,300.0,0.045859951530469206,0.06720101052983153,Excluded,Excluded
IM4,1.4253791,2.2707608,0.023093,0.0002013,0.1107424,spin1_run_03_mzp_20_mx_300,20.0,300.0,0.04876885315265263,0.07769329576952545,Excluded,Excluded
IM5,1.2458419,1.8988331,0.0115281,0.0001431,0.1107424,spin1_run_03_mzp_20_mx_300,20.0,300.0,0.05832129216622567,0.08888960950823696,Excluded,Excluded
IM6,1.239806,1.816057,0.0058727,0.0001024,0.1107424,spin1_run_03_mzp_20_mx_300,20.0,300.0,0.060979583790596883,0.0893223617243343,Excluded,Excluded
IM7,1.0304689,1.2173081,0.0034766,7.89e-05,0.1107424,spin1_run_03_mzp_20_mx_300,20.0,300.0,0.09097318912114362,0.10746796919344194,Excluded,Excluded
IM8,1.0774193,1.1515427,0.0018649,5.78e-05,0.1107424,spin1_run_03_mzp_20_mx_300,20.0,300.0,0.09616873086859914,0.10278486750701421,Excluded,Excluded
IM9,1.3695691,1.2959661,0.0009218,4.07e-05,0.1107424,spin1_run_03_mzp_20_mx_300,20.0,300.0,0.08545161790883266,0.08085930092902943,Excluded,Excluded
IM10,1.8148866,2.8099501,0.0005132,3.04e-05,0.1107424,spin1_run_03_mzp_20_mx_300,20.0,300.0,0.03941080661895028,0.06101890883981402,Excluded,Excluded
IM11,2.3351819,2.0798327,0.000242,2.08e-05,0.1107424,spin1_run_03_mzp_20_mx_300,20.0,300.0,0.05324582116628901,0.04742345767582389,Excluded,Excluded
IM12,2.5113878,1.9777667,0.0001389,1.58e-05,0.1107424,spin1_run_03_mzp_20_mx_300,20.0,300.0,0.055993661942027845,0.04409609698669397,Excluded,Excluded
EM0,10.7123389,11.950033,0.0343175,0.000244,0.1107424,spin1_run_03_mzp_20_mx_300,20.0,300.0,0.00926712085230225,0.010337835745655881,Excluded,Excluded
EM1,5.0773243,4.9515099,0.0251553,0.0002099,0.1107424,spin1_run_03_mzp_20_mx_300,20.0,300.0,0.022365379901593253,0.02181117325911209,Excluded,Excluded
EM2,2.911727,2.891585,0.0172647,0.0001746,0.1107424,spin1_run_03_mzp_20_mx_300,20.0,300.0,0.03829816519313802,0.03803323594554023,Excluded,Excluded
EM3,2.0098637,2.4438166,0.0115521,0.0001432,0.1107424,spin1_run_03_mzp_20_mx_300,20.0,300.0,0.04531534813209797,0.0550994577393482,Excluded,Excluded
EM4,1.5198156,2.1253213,0.011565,0.0001433,0.1107424,spin1_run_03_mzp_20_mx_300,20.0,300.0,0.05210619213198494,0.07286568186298391,Excluded,Excluded
EM5,1.0881397,1.322368,0.0056554,0.0001005,0.1107424,spin1_run_03_mzp_20_mx_300,20.0,300.0,0.08374552318265416,0.10177222648893337,Excluded,Excluded
EM6,1.2117578,1.6860065,0.0023961,6.55e-05,0.1107424,spin1_run_03_mzp_20_mx_300,20.0,300.0,0.06568325804200636,0.09138988005688926,Excluded,Excluded
EM7,0.8929091,1.2993648,0.0016117,5.38e-05,0.1107424,spin1_run_03_mzp_20_mx_300,20.0,300.0,0.08522810530191367,0.1240242707796348,Excluded,Excluded
EM8,0.8617554,0.9886683,0.0009431,4.11e-05,0.1107424,spin1_run_03_mzp_20_mx_300,20.0,300.0,0.11201168278582412,0.12850792695932048,Excluded,Excluded
EM9,1.1935662,1.0222639,0.0004087,2.71e-05,0.1107424,spin1_run_03_mzp_20_mx_300,20.0,300.0,0.10833053969723475,0.09278278825254938,Excluded,Excluded
EM10,1.1577335,2.4648391,0.0002712,2.21e-05,0.1107424,spin1_run_03_mzp_20_mx_300,20.0,300.0,0.04492885559953995,0.09565448352319425,Excluded,Excluded
EM11,2.1409691,2.3968638,0.0001031,1.36e-05,0.1107424,spin1_run_03_mzp_20_mx_300,20.0,300.0,0.04620304249244366,0.05172536119274211,Excluded,Excluded
EM12,1.8359036,1.4795879,0.0001389,1.58e-05,0.1107424,spin1_run_03_mzp_20_mx_300,20.0,300.0,0.07484678673027807,0.06032037847738847,Excluded,Excluded
IM0,3.6746878,4.6538555,0.1541795,0.0013863,0.01323799,spin1_run_04_mzp_20_mx_500,20.0,500.0,0.002844521064308937,0.003602480188929247,Excluded,Excluded
IM1,1.8986987,2.3962192,0.1186038,0.0012412,0.01323799,spin1_run_04_mzp_20_mx_500,20.0,500.0,0.005524532146307817,0.00697213833874748,Excluded,Excluded
IM2,1.3221076,1.8065821,0.0859274,0.0010759,0.01323799,spin1_run_04_mzp_20_mx_500,20.0,500.0,0.007327643731220408,0.010012793209871874,Excluded,Excluded
IM3,0.9303824,1.3706503,0.0613141,0.000921,0.01323799,spin1_run_04_mzp_20_mx_500,20.0,500.0,0.009658181959322519,0.014228547315598403,Excluded,Excluded
IM4,0.7688915,1.2210492,0.0427381,0.0007765,0.01323799,spin1_run_04_mzp_20_mx_500,20.0,500.0,0.010841487795905358,0.017216980549271257,Excluded,Excluded
IM5,0.6723493,1.0146491,0.0215212,0.0005571,0.01323799,spin1_run_04_mzp_20_mx_500,20.0,500.0,0.013046865167475141,0.019689155621936395,Excluded,Excluded
IM6,0.6190805,0.9024613,0.0118025,0.0004146,0.01323799,spin1_run_04_mzp_20_mx_500,20.0,500.0,0.014668761973505124,0.02138330960190153,Excluded,Excluded
IM7,0.5174429,0.6098277,0.0069329,0.0003185,0.01323799,spin1_run_04_mzp_20_mx_500,20.0,500.0,0.02170775450180436,0.025583479839031514,Excluded,Excluded
IM8,0.5062348,0.5380439,0.0039569,0.000241,0.01323799,spin1_run_04_mzp_20_mx_500,20.0,500.0,0.024603921724602767,0.02614990119209505,Excluded,Excluded
IM9,0.5293491,0.4997135,0.0023863,0.0001873,0.01323799,spin1_run_04_mzp_20_mx_500,20.0,500.0,0.02649115943435589,0.02500805234201777,Excluded,Excluded
IM10,0.5310011,0.8207821,0.0017557,0.0001607,0.01323799,spin1_run_04_mzp_20_mx_500,20.0,500.0,0.016128507188448677,0.024930249673682407,Excluded,Excluded
IM11,0.5048892,0.4506553,0.0011143,0.0001281,0.01323799,spin1_run_04_mzp_20_mx_500,20.0,500.0,0.029374979058273586,0.026219594318911948,Excluded,Excluded
IM12,0.6083021,0.4846755,0.0005723,9.18e-05,0.01323799,spin1_run_04_mzp_20_mx_500,20.0,500.0,0.027313099176665627,0.021762196776897533,Excluded,Excluded
EM0,10.3393442,11.4986,0.0355757,0.0007111,0.01323799,spin1_run_04_mzp_20_mx_500,20.0,500.0,0.0011512697197919746,0.0012803510303874012,Excluded,Excluded
EM1,3.8980024,3.7966491,0.0326764,0.0006825,0.01323799,spin1_run_04_mzp_20_mx_500,20.0,500.0,0.003486756255667662,0.003396095907996362,Excluded,Excluded
EM2,2.0260826,2.012778,0.0246134,0.0005948,0.01323799,spin1_run_04_mzp_20_mx_500,20.0,500.0,0.006576974708586839,0.006533785937453882,Excluded,Excluded
EM3,1.2445459,1.5128858,0.018576,0.0005183,0.01323799,spin1_run_04_mzp_20_mx_500,20.0,500.0,0.00875015814148034,0.010636803351326777,Excluded,Excluded
EM4,0.8289107,1.1560692,0.0212169,0.0005532,0.01323799,spin1_run_04_mzp_20_mx_500,20.0,500.0,0.011450862976022543,0.015970345177110153,Excluded,Excluded
EM5,0.6295905,0.7692364,0.0097187,0.0003766,0.01323799,spin1_run_04_mzp_20_mx_500,20.0,500.0,0.01720926102820927,0.021026349666966065,Excluded,Excluded
EM6,0.5957714,0.8282513,0.0048696,0.0002672,0.01323799,spin1_run_04_mzp_20_mx_500,20.0,500.0,0.015983059730784604,0.022219915222516557,Excluded,Excluded
EM7,0.4819703,0.7051922,0.002976,0.0002091,0.01323799,spin1_run_04_mzp_20_mx_500,20.0,500.0,0.018772173033110687,0.02746640197539143,Excluded,Excluded
EM8,0.5180593,0.591576,0.0015707,0.000152,0.01323799,spin1_run_04_mzp_20_mx_500,20.0,500.0,0.02237749672062423,0.02555303997052075,Excluded,Excluded
EM9,0.7793247,0.6581878,0.0006305,9.64e-05,0.01323799,spin1_run_04_mzp_20_mx_500,20.0,500.0,0.020112785439049465,0.016986488430303825,Excluded,Excluded
EM10,0.4862701,1.0384753,0.0006414,9.72e-05,0.01323799,spin1_run_04_mzp_20_mx_500,20.0,500.0,0.012747525145759366,0.027223532765020923,Excluded,Excluded
EM11,0.4054157,0.4533132,0.0005421,8.94e-05,0.01323799,spin1_run_04_mzp_20_mx_500,20.0,500.0,0.029202745474872557,0.0326528795012132,Excluded,Excluded
EM12,0.4448449,0.3556553,0.0005723,9.18e-05,0.01323799,spin1_run_04_mzp_20_mx_500,20.0,500.0,0.03722140510769838,0.029758664199589564,Excluded,Excluded
IM0,320.4646995,406.5036015,0.0017622,1e-07,27782.81,spin1_run_05_mzp_55_mx_0,55.0,0.0,68.3457905353884,86.69538343333195,Included,Included
IM1,243.6054235,305.4076076,0.0009296,1e-07,27782.81,spin1_run_05_mzp_55_mx_0,55.0,0.0,90.9696068749795,114.04840500195186,Included,Included
IM2,275.503257,376.6349456,0.0004124,1e-07,27782.81,spin1_run_05_mzp_55_mx_0,55.0,0.0,73.76588477667805,100.84385318174296,Included,Included
IM3,168.3945075,247.2585617,0.0003386,1e-07,27782.81,spin1_run_05_mzp_55_mx_0,55.0,0.0,112.36338919462379,164.98643817109058,Included,Included
IM4,285.0745836,455.1075593,0.0001152,0.0,27782.81,spin1_run_05_mzp_55_mx_0,55.0,0.0,61.046689803906325,97.45803939850077,Included,Included
IM5,124.5481856,190.2417249,0.0001152,0.0,27782.81,spin1_run_05_mzp_55_mx_0,55.0,0.0,146.03951900984893,223.0687654433402,Included,Included
IM6,182.0566457,266.6472021,4e-05,0.0,27782.81,spin1_run_05_mzp_55_mx_0,55.0,0.0,104.19314277890186,152.60530530580903,Included,Included
IM7,-1.0,-1.0,0.0,0.0,27782.81,spin1_run_05_mzp_55_mx_0,55.0,0.0,-27782.81,-27782.81,Excluded,Excluded
IM8,-1.0,-1.0,0.0,0.0,27782.81,spin1_run_05_mzp_55_mx_0,55.0,0.0,-27782.81,-27782.81,Excluded,Excluded
IM9,-1.0,-1.0,0.0,0.0,27782.81,spin1_run_05_mzp_55_mx_0,55.0,0.0,-27782.81,-27782.81,Excluded,Excluded
IM10,-1.0,-1.0,0.0,0.0,27782.81,spin1_run_05_mzp_55_mx_0,55.0,0.0,-27782.81,-27782.81,Excluded,Excluded
IM11,-1.0,-1.0,0.0,0.0,27782.81,spin1_run_05_mzp_55_mx_0,55.0,0.0,-27782.81,-27782.81,Excluded,Excluded
IM12,-1.0,-1.0,0.0,0.0,27782.81,spin1_run_05_mzp_55_mx_0,55.0,0.0,-27782.81,-27782.81,Excluded,Excluded
EM0,440.0516919,493.8231393,0.0008326,1e-07,27782.81,spin1_run_05_mzp_55_mx_0,55.0,0.0,56.26064837581823,63.13533276066471,Included,Included
EM1,246.5519486,240.1583126,0.0005173,1e-07,27782.81,spin1_run_05_mzp_55_mx_0,55.0,0.0,115.68539809935358,112.68542048748586,Included,Included
EM2,678.5168277,672.2614758,7.37e-05,0.0,27782.81,spin1_run_05_mzp_55_mx_0,55.0,0.0,41.32738673882524,40.94638314892894,Included,Included
EM3,103.6139083,125.5215637,0.0002235,0.0,27782.81,spin1_run_05_mzp_55_mx_0,55.0,0.0,221.33894114322607,268.13784419325873,Included,Included
EM4,-1.0,-1.0,0.0,0.0,27782.81,spin1_run_05_mzp_55_mx_0,55.0,0.0,-27782.81,-27782.81,Excluded,Excluded
EM5,81.8162947,99.4710229,7.52e-05,0.0,27782.81,spin1_run_05_mzp_55_mx_0,55.0,0.0,279.3055624644632,339.575510011455,Included,Included
EM6,72.8492335,100.9651941,4e-05,0.0,27782.81,spin1_run_05_mzp_55_mx_0,55.0,0.0,275.1721545989679,381.3740881707424,Included,Included
EM7,-1.0,-1.0,0.0,0.0,27782.81,spin1_run_05_mzp_55_mx_0,55.0,0.0,-27782.81,-27782.81,Excluded,Excluded
EM8,-1.0,-1.0,0.0,0.0,27782.81,spin1_run_05_mzp_55_mx_0,55.0,0.0,-27782.81,-27782.81,Excluded,Excluded
EM9,-1.0,-1.0,0.0,0.0,27782.81,spin1_run_05_mzp_55_mx_0,55.0,0.0,-27782.81,-27782.81,Excluded,Excluded
EM10,-1.0,-1.0,0.0,0.0,27782.81,spin1_run_05_mzp_55_mx_0,55.0,0.0,-27782.81,-27782.81,Excluded,Excluded
EM11,-1.0,-1.0,0.0,0.0,27782.81,spin1_run_05_mzp_55_mx_0,55.0,0.0,-27782.81,-27782.81,Excluded,Excluded
EM12,-1.0,-1.0,0.0,0.0,27782.81,spin1_run_05_mzp_55_mx_0,55.0,0.0,-27782.81,-27782.81,Excluded,Excluded
IM0,263.8989877,333.5594499,0.0021462,2e-07,13994.76,spin1_run_06_mzp_55_mx_20,55.0,20.0,41.95581928257641,53.030745293760745,Included,Included
IM1,219.0103972,275.268297,0.0010349,1e-07,13994.76,spin1_run_06_mzp_55_mx_20,55.0,20.0,50.84043514099264,63.899979996018196,Included,Included
IM2,177.5166531,245.2363289,0.0006356,1e-07,13994.76,spin1_run_06_mzp_55_mx_20,55.0,20.0,57.06642267388794,78.83632186393446,Included,Included
IM3,150.8190809,222.5372548,0.0003772,1e-07,13994.76,spin1_run_06_mzp_55_mx_20,55.0,20.0,62.88726807822562,92.7917072328479,Included,Included
IM4,143.9051656,228.8290072,0.0002288,1e-07,13994.76,spin1_run_06_mzp_55_mx_20,55.0,20.0,61.15815547706488,97.2498794025223,Included,Included
IM5,93.4584202,141.5763629,0.0001547,1e-07,13994.76,spin1_run_06_mzp_55_mx_20,55.0,20.0,98.8495516718773,149.7431688878473,Included,Included
IM6,62.276298,91.1192968,0.0001169,0.0,13994.76,spin1_run_06_mzp_55_mx_20,55.0,20.0,153.58722566436663,224.72048675725716,Included,Included
IM7,30.7270665,36.1818429,0.0001169,0.0,13994.76,spin1_run_06_mzp_55_mx_20,55.0,20.0,386.7895850048036,455.45382602664006,Included,Included
IM8,25.4684616,27.4035138,7.84e-05,0.0,13994.76,spin1_run_06_mzp_55_mx_20,55.0,20.0,510.692172622038,549.4937314941708,Included,Included
IM9,31.8142649,30.107353,3.97e-05,0.0,13994.76,spin1_run_06_mzp_55_mx_20,55.0,20.0,464.8286416942732,439.8894660614962,Included,Included
IM10,23.5126164,36.4365457,3.97e-05,0.0,13994.76,spin1_run_06_mzp_55_mx_20,55.0,20.0,384.0858053676586,595.202157085334,Included,Included
IM11,14.2956297,12.6982172,3.97e-05,0.0,13994.76,spin1_run_06_mzp_55_mx_20,55.0,20.0,1102.1043174470192,978.9537287748857,Included,Included
IM12,-1.0,-1.0,0.0,0.0,13994.76,spin1_run_06_mzp_55_mx_20,55.0,20.0,-13994.76,-13994.76,Excluded,Excluded
EM0,329.6948465,369.3054653,0.0011113,1e-07,13994.76,spin1_run_06_mzp_55_mx_20,55.0,20.0,37.894808809914466,42.447615267774594,Included,Included
EM1,320.467417,313.3964784,0.0003993,1e-07,13994.76,spin1_run_06_mzp_55_mx_20,55.0,20.0,44.6551284540535,43.66983742375282,Included,Included
EM2,192.617756,191.6231723,0.0002584,1e-07,13994.76,spin1_run_06_mzp_55_mx_20,55.0,20.0,73.03271223424997,72.65560709782123,Included,Included
EM3,156.0648171,188.6624743,0.0001484,0.0,13994.76,spin1_run_06_mzp_55_mx_20,55.0,20.0,74.1788214743031,89.67274149325229,Included,Included
EM4,237.3604176,333.223497,7.41e-05,0.0,13994.76,spin1_run_06_mzp_55_mx_20,55.0,20.0,41.99811875811387,58.95995693597061,Included,Included
EM5,162.616463,198.4999479,3.78e-05,0.0,13994.76,spin1_run_06_mzp_55_mx_20,55.0,20.0,70.50258777423085,86.05992125163858,Included,Included
EM6,-1.0,-1.0,0.0,0.0,13994.76,spin1_run_06_mzp_55_mx_20,55.0,20.0,-13994.76,-13994.76,Excluded,Excluded
EM7,37.2303959,54.2874246,3.85e-05,0.0,13994.76,spin1_run_06_mzp_55_mx_20,55.0,20.0,257.7900886460545,375.89608333979606,Included,Included
EM8,20.9592909,23.9382956,3.87e-05,0.0,13994.76,spin1_run_06_mzp_55_mx_20,55.0,20.0,584.6180627830496,667.7115207175258,Included,Included
EM9,-1.0,-1.0,0.0,0.0,13994.76,spin1_run_06_mzp_55_mx_20,55.0,20.0,-13994.76,-13994.76,Excluded,Excluded
EM10,-1.0,-1.0,0.0,0.0,13994.76,spin1_run_06_mzp_55_mx_20,55.0,20.0,-13994.76,-13994.76,Excluded,Excluded
EM11,5.5209029,6.23456,3.97e-05,0.0,13994.76,spin1_run_06_mzp_55_mx_20,55.0,20.0,2244.7069239850125,2534.8679832786047,Included,Included
EM12,-1.0,-1.0,0.0,0.0,13994.76,spin1_run_06_mzp_55_mx_20,55.0,20.0,-13994.76,-13994.76,Excluded,Excluded
IM0,13.6795679,17.3651392,0.0412668,4.1e-05,4.867488,spin1_run_07_mzp_55_mx_100,55.0,100.0,0.28030227364949656,0.35582176539362764,Excluded,Excluded
IM1,8.9219008,11.258735,0.0252402,3.23e-05,4.867488,spin1_run_07_mzp_55_mx_100,55.0,100.0,0.43232991983557656,0.5455662542224187,Excluded,Excluded
IM2,7.8317375,10.645043,0.0146092,2.47e-05,4.867488,spin1_run_07_mzp_55_mx_100,55.0,100.0,0.457253953788632,0.6215080625467848,Excluded,Excluded
IM3,6.1692127,9.0393528,0.0092741,1.98e-05,4.867488,spin1_run_07_mzp_55_mx_100,55.0,100.0,0.5384774892290961,0.7889966251285192,Excluded,Excluded
IM4,5.7488473,9.1013518,0.0057408,1.56e-05,4.867488,spin1_run_07_mzp_55_mx_100,55.0,100.0,0.5348093455743574,0.8466893876273248,Excluded,Excluded
IM5,6.562668,9.9600482,0.0021996,9.7e-06,4.867488,spin1_run_07_mzp_55_mx_100,55.0,100.0,0.48870124945780885,0.7416934697900305,Excluded,Excluded
IM6,7.2791327,10.6705141,0.0010006,6.5e-06,4.867488,spin1_run_07_mzp_55_mx_100,55.0,100.0,0.45616246362487817,0.6686906532147711,Excluded,Excluded
IM7,10.289492,12.128991,0.0003495,3.9e-06,4.867488,spin1_run_07_mzp_55_mx_100,55.0,100.0,0.4013102161589534,0.4730542576834697,Excluded,Excluded
IM8,9.5166248,10.1431072,0.0002112,3e-06,4.867488,spin1_run_07_mzp_55_mx_100,55.0,100.0,0.47988135233353346,0.5114720925006941,Excluded,Excluded
IM9,17.9381544,16.9965172,7.04e-05,1.7e-06,4.867488,spin1_run_07_mzp_55_mx_100,55.0,100.0,0.2863814946746855,0.2713483166361864,Excluded,Excluded
IM10,26.0738628,40.5509954,3.56e-05,1.2e-06,4.867488,spin1_run_07_mzp_55_mx_100,55.0,100.0,0.12003374891260993,0.1866807399170636,Excluded,Excluded
IM11,15.8825044,14.161077,3.56e-05,1.2e-06,4.867488,spin1_run_07_mzp_55_mx_100,55.0,100.0,0.3437230092033254,0.3064685440918247,Excluded,Excluded
IM12,9.8011646,7.7943333,3.56e-05,1.2e-06,4.867488,spin1_run_07_mzp_55_mx_100,55.0,100.0,0.6244906155090905,0.4966234318725756,Excluded,Excluded
EM0,22.9030258,25.6455596,0.0160265,2.59e-05,4.867488,spin1_run_07_mzp_55_mx_100,55.0,100.0,0.18979847099924466,0.21252597986419766,Excluded,Excluded
EM1,12.0317766,11.6964793,0.010631,2.11e-05,4.867488,spin1_run_07_mzp_55_mx_100,55.0,100.0,0.4161498409183693,0.4045527241587913,Excluded,Excluded
EM2,9.389169,9.3017582,0.0053351,1.5e-05,4.867488,spin1_run_07_mzp_55_mx_100,55.0,100.0,0.5232868770981383,0.5184152079912503,Excluded,Excluded
EM3,6.5231538,7.9344967,0.0035334,1.22e-05,4.867488,spin1_run_07_mzp_55_mx_100,55.0,100.0,0.6134589481901227,0.7461863002524943,Excluded,Excluded
EM4,4.9541608,6.9681821,0.0035412,1.22e-05,4.867488,spin1_run_07_mzp_55_mx_100,55.0,100.0,0.6985305392636051,0.9825050490892422,Excluded,Excluded
EM5,5.1117654,6.2546414,0.001199,7.1e-06,4.867488,spin1_run_07_mzp_55_mx_100,55.0,100.0,0.7782201550355868,0.9522127130482161,Excluded,Excluded
EM6,4.466664,6.2143632,0.0006511,5.3e-06,4.867488,spin1_run_07_mzp_55_mx_100,55.0,100.0,0.7832641645406242,1.0897367699921015,Excluded,Included
EM7,10.3866859,15.1527544,0.0001383,2.4e-06,4.867488,spin1_run_07_mzp_55_mx_100,55.0,100.0,0.3212279346387347,0.4686276303012109,Excluded,Excluded
EM8,5.7716344,6.626852,0.0001408,2.4e-06,4.867488,spin1_run_07_mzp_55_mx_100,55.0,100.0,0.7345098396644439,0.8433465570861522,Excluded,Excluded
EM9,14.0556494,11.9298281,3.49e-05,1.2e-06,4.867488,spin1_run_07_mzp_55_mx_100,55.0,100.0,0.4080099025064745,0.3463011819290256,Excluded,Excluded
EM10,-1.0,-1.0,0.0,0.0,4.867488,spin1_run_07_mzp_55_mx_100,55.0,100.0,-4.867488,-4.867488,Excluded,Excluded
EM11,-1.0,-1.0,0.0,0.0,4.867488,spin1_run_07_mzp_55_mx_100,55.0,100.0,-4.867488,-4.867488,Excluded,Excluded
EM12,7.1680207,5.7371289,3.56e-05,1.2e-06,4.867488,spin1_run_07_mzp_55_mx_100,55.0,100.0,0.8484187970746133,0.6790560747125075,Excluded,Excluded
IM0,5.0827704,6.4396632,0.1112514,0.0004202,0.1114166,spin1_run_08_mzp_55_mx_300,55.0,300.0,0.017301619128155647,0.021920447164011186,Excluded,Excluded
IM1,2.8713185,3.5976468,0.0788349,0.0003601,0.1114166,spin1_run_08_mzp_55_mx_300,55.0,300.0,0.030969299154102622,0.03880328845441563,Excluded,Excluded
IM2,2.1647469,2.9680632,0.0523654,0.0002977,0.1114166,spin1_run_08_mzp_55_mx_300,55.0,300.0,0.03753848637724426,0.05146864975300346,Excluded,Excluded
IM3,1.6513005,2.4170524,0.0346678,0.0002444,0.1114166,spin1_run_08_mzp_55_mx_300,55.0,300.0,0.046096063122173105,0.06747203189243872,Excluded,Excluded
IM4,1.3718104,2.1895969,0.023918,0.0002042,0.1114166,spin1_run_08_mzp_55_mx_300,55.0,300.0,0.05088452582299509,0.0812186582052447,Excluded,Excluded
IM5,1.3436159,2.0343586,0.0107468,0.0001378,0.1114166,spin1_run_08_mzp_55_mx_300,55.0,300.0,0.054767433824105545,0.08292295439492789,Excluded,Excluded
IM6,1.3155914,1.9221074,0.0055418,9.92e-05,0.1114166,spin1_run_08_mzp_55_mx_300,55.0,300.0,0.057965855602033475,0.08468936479821927,Excluded,Excluded
IM7,1.3110337,1.5454445,0.0027386,6.98e-05,0.1114166,spin1_run_08_mzp_55_mx_300,55.0,300.0,0.07209356272580478,0.08498378035591304,Excluded,Excluded
IM8,1.3154632,1.4054923,0.0015265,5.22e-05,0.1114166,spin1_run_08_mzp_55_mx_300,55.0,300.0,0.07927229483932428,0.08469761829901437,Excluded,Excluded
IM9,1.4326258,1.3528012,0.000884,3.97e-05,0.1114166,spin1_run_08_mzp_55_mx_300,55.0,300.0,0.08235992102904699,0.07777090151524564,Excluded,Excluded
IM10,1.8207517,2.8296249,0.0005106,3.02e-05,0.1114166,spin1_run_08_mzp_55_mx_300,55.0,300.0,0.03937504225383371,0.06119263818344918,Excluded,Excluded
IM11,1.8109513,1.6202074,0.0003122,2.36e-05,0.1114166,spin1_run_08_mzp_55_mx_300,55.0,300.0,0.06876687515437839,0.0615237969127055,Excluded,Excluded
IM12,2.5199673,1.992958,0.0001384,1.57e-05,0.1114166,spin1_run_08_mzp_55_mx_300,55.0,300.0,0.0559051420049996,0.04421351023086689,Excluded,Excluded
EM0,11.2907719,12.6307178,0.0324165,0.0002366,0.1114166,spin1_run_08_mzp_55_mx_300,55.0,300.0,0.00882108220326164,0.00986793471578325,Excluded,Excluded
EM1,4.8250127,4.672873,0.0264695,0.0002145,0.1114166,spin1_run_08_mzp_55_mx_300,55.0,300.0,0.023843275860482405,0.023091462536461303,Excluded,Excluded
EM2,2.8176311,2.8064582,0.0176975,0.0001762,0.1114166,spin1_run_08_mzp_55_mx_300,55.0,300.0,0.03970007463499724,0.03954264985221096,Excluded,Excluded
EM3,2.1476652,2.6127182,0.0107498,0.0001378,0.1114166,spin1_run_08_mzp_55_mx_300,55.0,300.0,0.042643940705124644,0.05187801152619133,Excluded,Excluded
EM4,1.3191741,1.8719653,0.0131712,0.0001523,0.1114166,spin1_run_08_mzp_55_mx_300,55.0,300.0,0.059518517784490986,0.08445935983734067,Excluded,Excluded
EM5,1.187842,1.4441402,0.005205,9.61e-05,0.1114166,spin1_run_08_mzp_55_mx_300,55.0,300.0,0.07715081956724146,0.09379749158558125,Excluded,Excluded
EM6,1.0351575,1.4395903,0.0028032,7.06e-05,0.1114166,spin1_run_08_mzp_55_mx_300,55.0,300.0,0.07739465874422743,0.10763251002866714,Excluded,Excluded
EM7,1.192402,1.7314184,0.001212,4.65e-05,0.1114166,spin1_run_08_mzp_55_mx_300,55.0,300.0,0.06434989948125769,0.09343878993829263,Excluded,Excluded
EM8,1.263908,1.4447723,0.0006425,3.39e-05,0.1114166,spin1_run_08_mzp_55_mx_300,55.0,300.0,0.07711706543653973,0.08815246046389452,Excluded,Excluded
EM9,1.3141612,1.1149594,0.0003734,2.58e-05,0.1114166,spin1_run_08_mzp_55_mx_300,55.0,300.0,0.09992884045822654,0.0847815321286308,Excluded,Excluded
EM10,1.5803178,3.3628507,0.0001984,1.88e-05,0.1114166,spin1_run_08_mzp_55_mx_300,55.0,300.0,0.03313159278822578,0.07050265459263953,Excluded,Excluded
EM11,1.2674198,1.4152388,0.0001738,1.76e-05,0.1114166,spin1_run_08_mzp_55_mx_300,55.0,300.0,0.07872636052657686,0.08790820531602868,Excluded,Excluded
EM12,1.8370485,1.4796394,0.0001384,1.57e-05,0.1114166,spin1_run_08_mzp_55_mx_300,55.0,300.0,0.07529983318908648,0.06064978687280167,Excluded,Excluded
IM0,3.7619889,4.8057037,0.1498554,0.0013672,0.01329793,spin1_run_09_mzp_55_mx_500,55.0,500.0,0.002767114002471688,0.0035348137257927583,Excluded,Excluded
IM1,1.9860364,2.5048926,0.1137216,0.0012161,0.01329793,spin1_run_09_mzp_55_mx_500,55.0,500.0,0.0053087825002956215,0.006695713129930549,Excluded,Excluded
IM2,1.3579075,1.8592521,0.0836215,0.0010604,0.01329793,spin1_run_09_mzp_55_mx_500,55.0,500.0,0.0071523006482015,0.009792957178600162,Excluded,Excluded
IM3,0.9484452,1.3969958,0.0600829,0.0009103,0.01329793,spin1_run_09_mzp_55_mx_500,55.0,500.0,0.009518947730551517,0.014020767884111806,Excluded,Excluded
IM4,0.770644,1.2214214,0.0427533,0.0007749,0.01329793,spin1_run_09_mzp_55_mx_500,55.0,500.0,0.010887258074895363,0.017255606998821765,Excluded,Excluded
IM5,0.6585034,0.9985552,0.0219285,0.000561,0.01329793,spin1_run_09_mzp_55_mx_500,55.0,500.0,0.01331717064815245,0.020194170599574734,Excluded,Excluded
IM6,0.6777253,0.9834602,0.0108023,0.000396,0.01329793,spin1_run_09_mzp_55_mx_500,55.0,500.0,0.013521574131825568,0.019621415933564822,Excluded,Excluded
IM7,0.5964505,0.7025743,0.0060252,0.0002964,0.01329793,spin1_run_09_mzp_55_mx_500,55.0,500.0,0.018927435859808706,0.022295110826464223,Excluded,Excluded
IM8,0.6576591,0.7012154,0.0030552,0.0002114,0.01329793,spin1_run_09_mzp_55_mx_500,55.0,500.0,0.018964115733910006,0.020220095791269366,Excluded,Excluded
IM9,0.5919337,0.5611888,0.0021256,0.0001764,0.01329793,spin1_run_09_mzp_55_mx_500,55.0,500.0,0.023696000347833025,0.02246523554918397,Excluded,Excluded
IM10,0.8305339,1.2819551,0.0011225,0.0001283,0.01329793,spin1_run_09_mzp_55_mx_500,55.0,500.0,0.01037316361548076,0.016011303090698644,Excluded,Excluded
IM11,0.870916,0.7736068,0.0006495,9.76e-05,0.01329793,spin1_run_09_mzp_55_mx_500,55.0,500.0,0.017189520567813,0.01526890078951357,Excluded,Excluded
IM12,1.2592972,0.9980213,0.0002763,6.37e-05,0.01329793,spin1_run_09_mzp_55_mx_500,55.0,500.0,0.013324294782085312,0.010559802721708584,Excluded,Excluded
EM0,10.1567248,11.3879071,0.0361338,0.0007149,0.01329793,spin1_run_09_mzp_55_mx_500,55.0,500.0,0.0011677237865770787,0.0013092734382248892,Excluded,Excluded
EM1,4.2280738,4.1284306,0.0301001,0.0006545,0.01329793,spin1_run_09_mzp_55_mx_500,55.0,500.0,0.003221061775871926,0.0031451508722482565,Excluded,Excluded
EM2,2.1315922,2.097663,0.0235386,0.0005807,0.01329793,spin1_run_09_mzp_55_mx_500,55.0,500.0,0.006339402468365987,0.006238496275225627,Excluded,Excluded
EM3,1.3384817,1.6263129,0.0173295,0.0004999,0.01329793,spin1_run_09_mzp_55_mx_500,55.0,500.0,0.00817673523957167,0.009935085403110106,Excluded,Excluded
EM4,0.8410901,1.1850105,0.0208248,0.000547,0.01329793,spin1_run_09_mzp_55_mx_500,55.0,500.0,0.011221782423024943,0.015810351352369977,Excluded,Excluded
EM5,0.5540921,0.673805,0.0111263,0.0004018,0.01329793,spin1_run_09_mzp_55_mx_500,55.0,500.0,0.01973557631659011,0.023999493946944922,Excluded,Excluded
EM6,0.6092559,0.8460441,0.0047771,0.0002641,0.01329793,spin1_run_09_mzp_55_mx_500,55.0,500.0,0.01571777404983972,0.02182651000999744,Excluded,Excluded
EM7,0.4847753,0.7048769,0.0029699,0.0002084,0.01329793,spin1_run_09_mzp_55_mx_500,55.0,500.0,0.018865606178894496,0.027431121181297806,Excluded,Excluded
EM8,0.869126,1.0,0.0009297,0.0001167,0.01329793,spin1_run_09_mzp_55_mx_500,55.0,500.0,0.01329793,0.015300347705626112,Excluded,Excluded
EM9,0.4876156,0.4140501,0.0010031,0.0001213,0.01329793,spin1_run_09_mzp_55_mx_500,55.0,500.0,0.03211671727648417,0.027271338324696748,Excluded,Excluded
EM10,0.6604025,1.4117038,0.000473,8.33e-05,0.01329793,spin1_run_09_mzp_55_mx_500,55.0,500.0,0.009419773468060368,0.020136098818523553,Excluded,Excluded
EM11,0.5887594,0.6616219,0.0003732,7.4e-05,0.01329793,spin1_run_09_mzp_55_mx_500,55.0,500.0,0.020098987049854303,0.022586357007633336,Excluded,Excluded
EM12,0.9229736,0.7439079,0.0002763,6.37e-05,0.01329793,spin1_run_09_mzp_55_mx_500,55.0,500.0,0.017875774675870496,0.014407703535615754,Excluded,Excluded
IM0,3.5791984,4.5539796,0.1575144,0.0002,0.6419211,spin1_run_100_mzp_1750_mx_300,1750.0,300.0,0.1409582730673629,0.17934772769232352,Excluded,Excluded
IM1,1.8618165,2.3461932,0.1208778,0.000179,0.6419211,spin1_run_100_mzp_1750_mx_300,1750.0,300.0,0.2736011254316141,0.344782152269034,Excluded,Excluded
IM2,1.2805853,1.7536688,0.0884181,0.0001559,0.6419211,spin1_run_100_mzp_1750_mx_300,1750.0,300.0,0.36604466020037535,0.5012716450829164,Excluded,Excluded
IM3,0.9127199,1.3551429,0.0621632,0.0001326,0.6419211,spin1_run_100_mzp_1750_mx_300,1750.0,300.0,0.4736925530141508,0.7033056910449745,Excluded,Excluded
IM4,0.7409747,1.1822941,0.0443579,0.0001131,0.6419211,spin1_run_100_mzp_1750_mx_300,1750.0,300.0,0.5429453635943883,0.8663198622031225,Excluded,Excluded
IM5,0.6277548,0.9511856,0.022988,8.23e-05,0.6419211,spin1_run_100_mzp_1750_mx_300,1750.0,300.0,0.6748641905428342,1.0225666135886178,Excluded,Included
IM6,0.5939458,0.8694287,0.0122575,6.04e-05,0.6419211,spin1_run_100_mzp_1750_mx_300,1750.0,300.0,0.7383251783613768,1.08077386859205,Excluded,Included
IM7,0.5756329,0.6829546,0.0062408,4.32e-05,0.6419211,spin1_run_100_mzp_1750_mx_300,1750.0,300.0,0.9399176753476732,1.1151570731971714,Excluded,Included
IM8,0.5778838,0.619166,0.0034738,3.23e-05,0.6419211,spin1_run_100_mzp_1750_mx_300,1750.0,300.0,1.0367512104992846,1.1108134541926942,Included,Included
IM9,0.570739,0.5389196,0.0022109,2.58e-05,0.6419211,spin1_run_100_mzp_1750_mx_300,1750.0,300.0,1.1911259119171023,1.1247191798703084,Included,Included
IM10,0.6611763,1.02609,0.0014131,2.06e-05,0.6419211,spin1_run_100_mzp_1750_mx_300,1750.0,300.0,0.6255992164430021,0.970877359034194,Excluded,Excluded
IM11,0.7233062,0.6384247,0.0007825,1.54e-05,0.6419211,spin1_run_100_mzp_1750_mx_300,1750.0,300.0,1.0054766051501454,0.8874818161381722,Included,Excluded
IM12,0.5336685,0.4212848,0.0006509,1.4e-05,0.6419211,spin1_run_100_mzp_1750_mx_300,1750.0,300.0,1.5237224319510223,1.2028461488733175,Included,Included
EM0,10.018399,11.2121845,0.0366366,0.0001032,0.6419211,spin1_run_100_mzp_1750_mx_300,1750.0,300.0,0.057252099267542385,0.06407421984291102,Excluded,Excluded
EM1,3.923043,3.8319022,0.0324597,9.73e-05,0.6419211,spin1_run_100_mzp_1750_mx_300,1750.0,300.0,0.16752022011417725,0.16362836196289463,Excluded,Excluded
EM2,1.9053556,1.8963806,0.0262548,8.78e-05,0.6419211,spin1_run_100_mzp_1750_mx_300,1750.0,300.0,0.3384980314605623,0.3369035680268817,Excluded,Excluded
EM3,1.3016891,1.5715026,0.0178053,7.26e-05,0.6419211,spin1_run_100_mzp_1750_mx_300,1750.0,300.0,0.4084760025214085,0.4931447148170789,Excluded,Excluded
EM4,0.8212836,1.1553233,0.0213699,7.94e-05,0.6419211,spin1_run_100_mzp_1750_mx_300,1750.0,300.0,0.5556203185722992,0.7816071086771975,Excluded,Excluded
EM5,0.5725166,0.700085,0.0107305,5.66e-05,0.6419211,spin1_run_100_mzp_1750_mx_300,1750.0,300.0,0.916918802716813,1.1212270526304389,Excluded,Included
EM6,0.4833945,0.6702156,0.0060166,4.25e-05,0.6419211,spin1_run_100_mzp_1750_mx_300,1750.0,300.0,0.9577829880414601,1.3279445670151397,Excluded,Included
EM7,0.5181769,0.7586614,0.0027671,2.88e-05,0.6419211,spin1_run_100_mzp_1750_mx_300,1750.0,300.0,0.846123316673288,1.23880686306163,Excluded,Included
EM8,0.6375979,0.7363254,0.0012629,1.95e-05,0.6419211,spin1_run_100_mzp_1750_mx_300,1750.0,300.0,0.8717899722052234,1.0067804489318424,Excluded,Included
EM9,0.6117954,0.523057,0.0007978,1.55e-05,0.6419211,spin1_run_100_mzp_1750_mx_300,1750.0,300.0,1.2272488466840135,1.0492414620966422,Included,Included
EM10,0.4964144,1.0582974,0.0006306,1.38e-05,0.6419211,spin1_run_100_mzp_1750_mx_300,1750.0,300.0,0.6065602164382148,1.2931153890781575,Excluded,Included
EM11,1.671502,1.8753072,0.0001316,6.3e-06,0.6419211,spin1_run_100_mzp_1750_mx_300,1750.0,300.0,0.3423018372669822,0.3840384875399491,Excluded,Excluded
EM12,0.3908327,0.3125565,0.0006509,1.4e-05,0.6419211,spin1_run_100_mzp_1750_mx_300,1750.0,300.0,2.053776197263535,1.6424447084391864,Included,Included
IM0,3.5362443,4.4928467,0.1598018,0.0002075,0.6040296,spin1_run_101_mzp_1750_mx_350,1750.0,350.0,0.13444251280596778,0.17081104945153255,Excluded,Excluded
IM1,1.8323929,2.3122107,0.1232931,0.0001861,0.6040296,spin1_run_101_mzp_1750_mx_350,1750.0,350.0,0.26123467035248993,0.3296397841314491,Excluded,Excluded
IM2,1.2977575,1.7742264,0.0875685,0.00016,0.6040296,spin1_run_101_mzp_1750_mx_350,1750.0,350.0,0.34044674343702697,0.4654410396395321,Excluded,Excluded
IM3,0.8894836,1.3206092,0.0635917,0.0001382,0.6040296,spin1_run_101_mzp_1750_mx_350,1750.0,350.0,0.4573870907456953,0.6790789622203265,Excluded,Excluded
IM4,0.7357583,1.1676319,0.0448238,0.0001172,0.6040296,spin1_run_101_mzp_1750_mx_350,1750.0,350.0,0.5173116630335297,0.8209619925456499,Excluded,Excluded
IM5,0.6247797,0.9493724,0.0230763,8.5e-05,0.6040296,spin1_run_101_mzp_1750_mx_350,1750.0,350.0,0.6362409524439514,0.9667881334812894,Excluded,Excluded
IM6,0.6189449,0.9057936,0.0117644,6.1e-05,0.6040296,spin1_run_101_mzp_1750_mx_350,1750.0,350.0,0.666851256180216,0.9759020552556456,Excluded,Excluded
IM7,0.5664085,0.6656003,0.0063675,4.5e-05,0.6040296,spin1_run_101_mzp_1750_mx_350,1750.0,350.0,0.9074959852031317,1.066420436840196,Excluded,Included
IM8,0.5836915,0.6240117,0.003424,3.31e-05,0.6040296,spin1_run_101_mzp_1750_mx_350,1750.0,350.0,0.9679780042585742,1.0348439201187614,Excluded,Included
IM9,0.5499517,0.5181173,0.0023047,2.72e-05,0.6040296,spin1_run_101_mzp_1750_mx_350,1750.0,350.0,1.1658163122520713,1.098332089890803,Included,Included
IM10,0.729288,1.1331414,0.001276,2.02e-05,0.6040296,spin1_run_101_mzp_1750_mx_350,1750.0,350.0,0.5330575689847711,0.8282456313555139,Excluded,Excluded
IM11,0.831289,0.7376131,0.0006785,1.47e-05,0.6040296,spin1_run_101_mzp_1750_mx_350,1750.0,350.0,0.8188976036352934,0.7266180594233775,Excluded,Excluded
IM12,0.6852382,0.5462899,0.0005077,1.28e-05,0.6040296,spin1_run_101_mzp_1750_mx_350,1750.0,350.0,1.1056942476879035,0.8814885101268436,Included,Excluded
EM0,-1.0,11.2357105,0.0365087,0.0001062,0.6040296,spin1_run_101_mzp_1750_mx_350,1750.0,350.0,0.053759804509025046,-0.6040296,Excluded,Excluded
EM1,3.5711798,3.4671406,0.0357246,0.0001051,0.6040296,spin1_run_101_mzp_1750_mx_350,1750.0,350.0,0.17421549042458792,0.16914006962068953,Excluded,Excluded
EM2,2.0838327,2.0698272,0.0239768,8.66e-05,0.6040296,spin1_run_101_mzp_1750_mx_350,1750.0,350.0,0.29182610026576133,0.28986472858401735,Excluded,Excluded
EM3,1.2319402,1.4914029,0.0187679,7.68e-05,0.6040296,spin1_run_101_mzp_1750_mx_350,1750.0,350.0,0.4050076609077266,0.4903075652535733,Excluded,Excluded
EM4,0.8046499,1.1353051,0.0217475,8.26e-05,0.6040296,spin1_run_101_mzp_1750_mx_350,1750.0,350.0,0.5320416511825764,0.7506738023580194,Excluded,Excluded
EM5,0.5452081,0.6593915,0.0113119,5.99e-05,0.6040296,spin1_run_101_mzp_1750_mx_350,1750.0,350.0,0.9160409256109611,1.1078881623365464,Excluded,Included
EM6,0.5369804,0.7482708,0.0053969,4.15e-05,0.6040296,spin1_run_101_mzp_1750_mx_350,1750.0,350.0,0.8072339586149828,1.1248634028355597,Excluded,Included
EM7,0.4881316,0.71277,0.0029435,3.07e-05,0.6040296,spin1_run_101_mzp_1750_mx_350,1750.0,350.0,0.8474397070583779,1.2374318728801825,Excluded,Included
EM8,0.7241654,0.8312426,0.0011193,1.89e-05,0.6040296,spin1_run_101_mzp_1750_mx_350,1750.0,350.0,0.726658619276731,0.8341044739226703,Excluded,Excluded
EM9,0.4768073,0.4057878,0.0010287,1.82e-05,0.6040296,spin1_run_101_mzp_1750_mx_350,1750.0,350.0,1.4885356336489173,1.2668212084840145,Included,Included
EM10,0.5257456,1.117953,0.0005975,1.38e-05,0.6040296,spin1_run_101_mzp_1750_mx_350,1750.0,350.0,0.5402996369257027,1.1489009132934256,Excluded,Included
EM11,1.2883593,1.4418133,0.0001708,7.4e-06,0.6040296,spin1_run_101_mzp_1750_mx_350,1750.0,350.0,0.4189374588235523,0.4688362943473921,Excluded,Excluded
EM12,0.500239,0.4043481,0.0005077,1.28e-05,0.6040296,spin1_run_101_mzp_1750_mx_350,1750.0,350.0,1.4938356332081195,1.2074820235927228,Included,Included
IM0,3.4009105,4.328463,0.1660963,0.0002179,0.5649649,spin1_run_102_mzp_1750_mx_400,1750.0,400.0,0.13052321343627055,0.16612166065528627,Excluded,Excluded
IM1,1.7898849,2.2649093,0.1260692,0.0001943,0.5649649,spin1_run_102_mzp_1750_mx_400,1750.0,400.0,0.24944261564911233,0.3156431455452806,Excluded,Excluded
IM2,1.2365152,1.6994941,0.0917157,0.000169,0.5649649,spin1_run_102_mzp_1750_mx_400,1750.0,400.0,0.3324312217382808,0.45690089373749715,Excluded,Excluded
IM3,0.8934547,1.3147187,0.0637716,0.0001431,0.5649649,spin1_run_102_mzp_1750_mx_400,1750.0,400.0,0.4297230274430568,0.6323374872839104,Excluded,Excluded
IM4,0.6995337,1.1180948,0.0468657,0.0001237,0.5649649,spin1_run_102_mzp_1750_mx_400,1750.0,400.0,0.5052924850379413,0.8076307117155327,Excluded,Excluded
IM5,0.5878314,0.8937677,0.0244961,9.05e-05,0.5649649,spin1_run_102_mzp_1750_mx_400,1750.0,400.0,0.6321160408907146,0.9611002406472332,Excluded,Excluded
IM6,0.5663047,0.827961,0.012884,6.6e-05,0.5649649,spin1_run_102_mzp_1750_mx_400,1750.0,400.0,0.6823568984529464,0.9976341358282917,Excluded,Excluded
IM7,0.4830966,0.5704768,0.0074201,5.02e-05,0.5649649,spin1_run_102_mzp_1750_mx_400,1750.0,400.0,0.9903380821095616,1.1694656927827685,Excluded,Included
IM8,0.5125119,0.5459374,0.0039173,3.66e-05,0.5649649,spin1_run_102_mzp_1750_mx_400,1750.0,400.0,1.0348528970537647,1.1023449406735726,Included,Included
IM9,0.5338628,0.504013,0.0023692,2.85e-05,0.5649649,spin1_run_102_mzp_1750_mx_400,1750.0,400.0,1.1209331902153317,1.0582586012735857,Included,Included
IM10,0.6961208,1.0756,0.0013419,2.14e-05,0.5649649,spin1_run_102_mzp_1750_mx_400,1750.0,400.0,0.5252555782818892,0.8115903159336713,Excluded,Excluded
IM11,0.7999878,0.716174,0.0007045,1.55e-05,0.5649649,spin1_run_102_mzp_1750_mx_400,1750.0,400.0,0.7888654153878806,0.7062168948076458,Excluded,Excluded
IM12,0.9344795,0.7361146,0.0003745,1.13e-05,0.5649649,spin1_run_102_mzp_1750_mx_400,1750.0,400.0,0.767495849151749,0.6045770934514882,Excluded,Excluded
EM0,9.1773894,10.2569961,0.0400271,0.0001148,0.5649649,spin1_run_102_mzp_1750_mx_400,1750.0,400.0,0.05508093154096061,0.06156052395466624,Excluded,Excluded
EM1,3.6989645,3.6155425,0.0343535,0.0001066,0.5649649,spin1_run_102_mzp_1750_mx_400,1750.0,400.0,0.15626006332383038,0.15273596164548212,Excluded,Excluded
EM2,1.77852,1.77109,0.0279442,9.65e-05,0.5649649,spin1_run_102_mzp_1750_mx_400,1750.0,400.0,0.3189927671659825,0.31766013314441216,Excluded,Excluded
EM3,1.3712189,1.6628051,0.0169059,7.55e-05,0.5649649,spin1_run_102_mzp_1750_mx_400,1750.0,400.0,0.339766157801657,0.4120165642407642,Excluded,Excluded
EM4,0.7815742,1.1017464,0.0223696,8.66e-05,0.5649649,spin1_run_102_mzp_1750_mx_400,1750.0,400.0,0.5127903299706721,0.7228551044801632,Excluded,Excluded
EM5,0.5290054,0.6482293,0.0116121,6.27e-05,0.5649649,spin1_run_102_mzp_1750_mx_400,1750.0,400.0,0.8715510082620456,1.067975676618802,Excluded,Included
EM6,0.5310529,0.7378331,0.0054639,4.32e-05,0.5649649,spin1_run_102_mzp_1750_mx_400,1750.0,400.0,0.76570826112301,1.0638580450271526,Excluded,Included
EM7,0.4096742,0.598237,0.0035028,3.46e-05,0.5649649,spin1_run_102_mzp_1750_mx_400,1750.0,400.0,0.9443830789469725,1.3790590181173235,Excluded,Included
EM8,0.5254151,0.601843,0.0015481,2.3e-05,0.5649649,spin1_run_102_mzp_1750_mx_400,1750.0,400.0,0.9387247172435336,1.0752734361840761,Excluded,Included
EM9,0.474865,0.4103294,0.0010273,1.88e-05,0.5649649,spin1_run_102_mzp_1750_mx_400,1750.0,400.0,1.3768569836818907,1.1897379255156728,Included,Included
EM10,0.4887037,1.0447243,0.0006374,1.48e-05,0.5649649,spin1_run_102_mzp_1750_mx_400,1750.0,400.0,0.5407789404343328,1.1560479284277978,Excluded,Included
EM11,0.6672294,0.7466004,0.00033,1.06e-05,0.5649649,spin1_run_102_mzp_1750_mx_400,1750.0,400.0,0.7567165782391758,0.8467326229929317,Excluded,Excluded
EM12,0.6816284,0.5451983,0.0003745,1.13e-05,0.5649649,spin1_run_102_mzp_1750_mx_400,1750.0,400.0,1.0362557990367909,0.8288458931582076,Included,Excluded
IM0,3.4439463,4.3890138,0.1633291,0.0002254,0.5210817,spin1_run_103_mzp_1750_mx_450,1750.0,450.0,0.11872409697139709,0.15130366579757645,Excluded,Excluded
IM1,1.78848,2.256201,0.1261617,0.0002025,0.5210817,spin1_run_103_mzp_1750_mx_450,1750.0,450.0,0.23095535371183684,0.2913545021470746,Excluded,Excluded
IM2,1.2239321,1.6787457,0.0925628,0.0001767,0.5210817,spin1_run_103_mzp_1750_mx_450,1750.0,450.0,0.3103994249992718,0.425743960796518,Excluded,Excluded
IM3,0.840191,1.2365224,0.0677411,0.0001532,0.5210817,spin1_run_103_mzp_1750_mx_450,1750.0,450.0,0.42140902582921264,0.6201943367639025,Excluded,Excluded
IM4,0.6759207,1.0741912,0.0485116,0.000131,0.5210817,spin1_run_103_mzp_1750_mx_450,1750.0,450.0,0.4850921325737913,0.7709213521645364,Excluded,Excluded
IM5,0.5510815,0.8347997,0.0261876,9.74e-05,0.5210817,spin1_run_103_mzp_1750_mx_450,1750.0,450.0,0.6241996732868974,0.9455619540848313,Excluded,Excluded
IM6,0.5059355,0.7428982,0.0143501,7.25e-05,0.5210817,spin1_run_103_mzp_1750_mx_450,1750.0,450.0,0.7014173678170172,1.0299370176633187,Excluded,Included
IM7,0.4367291,0.5142515,0.0082346,5.51e-05,0.5210817,spin1_run_103_mzp_1750_mx_450,1750.0,450.0,1.0132818280549498,1.1931462776352664,Included,Included
IM8,0.4078276,0.4378834,0.0048874,4.25e-05,0.5210817,spin1_run_103_mzp_1750_mx_450,1750.0,450.0,1.1900010368056884,1.2777009206831513,Included,Included
IM9,0.4661533,0.4393317,0.0027216,3.18e-05,0.5210817,spin1_run_103_mzp_1750_mx_450,1750.0,450.0,1.1860780817773906,1.1178333393756947,Included,Included
IM10,0.6396582,0.9954716,0.0014501,2.32e-05,0.5210817,spin1_run_103_mzp_1750_mx_450,1750.0,450.0,0.5234521004918673,0.8146252170299702,Excluded,Excluded
IM11,0.5342505,0.4800948,0.0010509,1.98e-05,0.5210817,spin1_run_103_mzp_1750_mx_450,1750.0,450.0,1.085372513928499,0.975350888768471,Included,Excluded
IM12,0.6059009,0.4787562,0.000578,1.47e-05,0.5210817,spin1_run_103_mzp_1750_mx_450,1750.0,450.0,1.0884072101833877,0.8600114309122169,Included,Excluded
EM0,9.8733065,11.0437797,0.0371673,0.0001153,0.5210817,spin1_run_103_mzp_1750_mx_450,1750.0,450.0,0.047183275486743004,0.052776817978860475,Excluded,Excluded
EM1,3.7843115,3.7184283,0.0335989,0.0001099,0.5210817,spin1_run_103_mzp_1750_mx_450,1750.0,450.0,0.1401349328155662,0.13769524522492402,Excluded,Excluded
EM2,2.0143134,1.9957071,0.0248217,9.49e-05,0.5210817,spin1_run_103_mzp_1750_mx_450,1750.0,450.0,0.2611012908657788,0.2586894869487539,Excluded,Excluded
EM3,1.2126884,1.4583596,0.0192295,8.37e-05,0.5210817,spin1_run_103_mzp_1750_mx_450,1750.0,450.0,0.3573067301096382,0.42969133703266227,Excluded,Excluded
EM4,0.7847473,1.1048565,0.022324,9.01e-05,0.5210817,spin1_run_103_mzp_1750_mx_450,1750.0,450.0,0.47162839699092146,0.6640120966328905,Excluded,Excluded
EM5,0.5191922,0.6314178,0.0118376,6.59e-05,0.5210817,spin1_run_103_mzp_1750_mx_450,1750.0,450.0,0.8252565892187391,1.0036393073701801,Excluded,Included
EM6,0.4770822,0.6568432,0.0061155,4.75e-05,0.5210817,spin1_run_103_mzp_1750_mx_450,1750.0,450.0,0.7933121633899841,1.0922262452885476,Excluded,Included
EM7,0.4292853,0.6285988,0.0033471,3.52e-05,0.5210817,spin1_run_103_mzp_1750_mx_450,1750.0,450.0,0.8289575163045172,1.2138354143503167,Excluded,Included
EM8,0.3737115,0.4310241,0.0021659,2.83e-05,0.5210817,spin1_run_103_mzp_1750_mx_450,1750.0,450.0,1.2089386649145604,1.3943421596605938,Included,Included
EM9,0.3837748,0.3268561,0.0012715,2.17e-05,0.5210817,spin1_run_103_mzp_1750_mx_450,1750.0,450.0,1.594223574227313,1.3577798750725685,Included,Included
EM10,0.7823667,1.6739006,0.0003992,1.22e-05,0.5210817,spin1_run_103_mzp_1750_mx_450,1750.0,450.0,0.311297875154594,0.6660325650363187,Excluded,Excluded
EM11,0.4631798,0.5190178,0.0004729,1.33e-05,0.5210817,spin1_run_103_mzp_1750_mx_450,1750.0,450.0,1.003976549551865,1.1250095535254345,Included,Included
EM12,0.4407289,0.3516429,0.000578,1.47e-05,0.5210817,spin1_run_103_mzp_1750_mx_450,1750.0,450.0,1.4818490576661723,1.1823179737022012,Included,Included
IM0,3.4460088,4.3888562,0.1641366,0.0002375,0.4712315,spin1_run_104_mzp_1750_mx_500,1750.0,500.0,0.10737000223429512,0.13674703906734076,Excluded,Excluded
IM1,1.7825647,2.2411925,0.1271153,0.0002136,0.4712315,spin1_run_104_mzp_1750_mx_500,1750.0,500.0,0.21025927045534912,0.26435590248140783,Excluded,Excluded
IM2,1.2286703,1.6894999,0.0923259,0.0001856,0.4712315,spin1_run_104_mzp_1750_mx_500,1750.0,500.0,0.27891774364709937,0.3835296580376363,Excluded,Excluded
IM3,0.8783418,1.289314,0.0650439,0.0001581,0.4712315,spin1_run_104_mzp_1750_mx_500,1750.0,500.0,0.3654900978349727,0.5365012800256119,Excluded,Excluded
IM4,0.7032573,1.1236145,0.046493,0.000135,0.4712315,spin1_run_104_mzp_1750_mx_500,1750.0,500.0,0.4193889452298809,0.6700698307717532,Excluded,Excluded
IM5,0.599421,0.9070156,0.0241193,9.84e-05,0.4712315,spin1_run_104_mzp_1750_mx_500,1750.0,500.0,0.5195406782419177,0.7861444627398774,Excluded,Excluded
IM6,0.570161,0.8348402,0.0127558,7.2e-05,0.4712315,spin1_run_104_mzp_1750_mx_500,1750.0,500.0,0.5644571260463979,0.8264884830775868,Excluded,Excluded
IM7,0.5162912,0.6098095,0.0069388,5.32e-05,0.4712315,spin1_run_104_mzp_1750_mx_500,1750.0,500.0,0.7727519823813831,0.9127242532896166,Excluded,Excluded
IM8,0.502042,0.5350537,0.0039975,4.05e-05,0.4712315,spin1_run_104_mzp_1750_mx_500,1750.0,500.0,0.8807181410015482,0.9386296365642716,Excluded,Excluded
IM9,0.5394581,0.5096052,0.0023474,3.1e-05,0.4712315,spin1_run_104_mzp_1750_mx_500,1750.0,500.0,0.9246991592707453,0.8735275269756817,Excluded,Excluded
IM10,0.6465505,0.9979392,0.0014458,2.44e-05,0.4712315,spin1_run_104_mzp_1750_mx_500,1750.0,500.0,0.47220461927941104,0.728839433269327,Excluded,Excluded
IM11,0.6913653,0.619843,0.0008157,1.83e-05,0.4712315,spin1_run_104_mzp_1750_mx_500,1750.0,500.0,0.7602433196793381,0.6815955327812953,Excluded,Excluded
IM12,0.6816654,0.5408825,0.0005115,1.45e-05,0.4712315,spin1_run_104_mzp_1750_mx_500,1750.0,500.0,0.871227114946407,0.6912944385911329,Excluded,Excluded
EM0,9.9710779,11.0944674,0.0370213,0.0001211,0.4712315,spin1_run_104_mzp_1750_mx_500,1750.0,500.0,0.042474458936172105,0.04725983536845099,Excluded,Excluded
EM1,3.6692647,3.5680894,0.0347894,0.0001175,0.4712315,spin1_run_104_mzp_1750_mx_500,1750.0,500.0,0.13206829963397218,0.12842668450711667,Excluded,Excluded
EM2,1.8366814,1.8165846,0.027282,0.0001045,0.4712315,spin1_run_104_mzp_1750_mx_500,1750.0,500.0,0.25940520469016415,0.2565668166509445,Excluded,Excluded
EM3,1.2455428,1.5123865,0.018551,8.65e-05,0.4712315,spin1_run_104_mzp_1750_mx_500,1750.0,500.0,0.31158139800904067,0.3783342491321856,Excluded,Excluded
EM4,0.7837654,1.1049162,0.0223737,9.48e-05,0.4712315,spin1_run_104_mzp_1750_mx_500,1750.0,500.0,0.42648618963139473,0.6012404987512846,Excluded,Excluded
EM5,0.5432316,0.6601088,0.0113635,6.8e-05,0.4712315,spin1_run_104_mzp_1750_mx_500,1750.0,500.0,0.7138694409164065,0.8674596617722533,Excluded,Excluded
EM6,0.5005449,0.6936192,0.005817,4.88e-05,0.4712315,spin1_run_104_mzp_1750_mx_500,1750.0,500.0,0.6793807034176679,0.941437021933497,Excluded,Excluded
EM7,0.4888158,0.7131547,0.0029414,3.47e-05,0.4712315,spin1_run_104_mzp_1750_mx_500,1750.0,500.0,0.6607703770303974,0.9640267356333408,Excluded,Excluded
EM8,0.4889596,0.5627408,0.00165,2.6e-05,0.4712315,spin1_run_104_mzp_1750_mx_500,1750.0,500.0,0.8373864130697471,0.9637432213213526,Excluded,Excluded
EM9,0.5408524,0.4594072,0.0009016,1.92e-05,0.4712315,spin1_run_104_mzp_1750_mx_500,1750.0,500.0,1.025738168666055,0.8712756012546122,Included,Excluded
EM10,0.4930559,1.059824,0.0006301,1.61e-05,0.4712315,spin1_run_104_mzp_1750_mx_500,1750.0,500.0,0.4446318445326771,0.9557364590911498,Excluded,Excluded
EM11,0.7240855,0.8107754,0.0003042,1.12e-05,0.4712315,spin1_run_104_mzp_1750_mx_500,1750.0,500.0,0.581210900084043,0.650795382589487,Excluded,Excluded
EM12,0.4978002,0.4028463,0.0005115,1.45e-05,0.4712315,spin1_run_104_mzp_1750_mx_500,1750.0,500.0,1.1697550653934268,0.9466277835967121,Included,Excluded
IM0,3.3748653,4.3105247,0.1663396,0.0002539,0.4167072,spin1_run_105_mzp_1750_mx_550,1750.0,550.0,0.096672036237259,0.12347372797367645,Excluded,Excluded
IM1,1.7627878,2.2091858,0.1282377,0.000228,0.4167072,spin1_run_105_mzp_1750_mx_550,1750.0,550.0,0.1886247865616373,0.236391016547766,Excluded,Excluded
IM2,1.190727,1.6348744,0.0951193,0.0002001,0.4167072,spin1_run_105_mzp_1750_mx_550,1750.0,550.0,0.254886369252586,0.34996031836012786,Excluded,Excluded
IM3,0.8216599,1.2140896,0.0691461,0.000173,0.4167072,spin1_run_105_mzp_1750_mx_550,1750.0,550.0,0.3432260683231287,0.5071528986628165,Excluded,Excluded
IM4,0.6636873,1.0583552,0.0494539,0.0001479,0.4167072,spin1_run_105_mzp_1750_mx_550,1750.0,550.0,0.3937309515746698,0.6278667679794385,Excluded,Excluded
IM5,0.5667356,0.8597592,0.0255149,0.0001075,0.4167072,spin1_run_105_mzp_1750_mx_550,1750.0,550.0,0.48467896592441234,0.7352762028713213,Excluded,Excluded
IM6,0.5433002,0.7961964,0.0133594,7.83e-05,0.4167072,spin1_run_105_mzp_1750_mx_550,1750.0,550.0,0.5233723739519546,0.7669925392996358,Excluded,Excluded
IM7,0.5087911,0.6014576,0.0070465,5.7e-05,0.4167072,spin1_run_105_mzp_1750_mx_550,1750.0,550.0,0.6928288876888412,0.8190143263119185,Excluded,Excluded
IM8,0.4966234,0.5291215,0.0040526,4.33e-05,0.4167072,spin1_run_105_mzp_1750_mx_550,1750.0,550.0,0.7875453936383231,0.8390808810056071,Excluded,Excluded
IM9,0.539001,0.5059053,0.0023571,3.31e-05,0.4167072,spin1_run_105_mzp_1750_mx_550,1750.0,550.0,0.8236861720958448,0.7731102539698442,Excluded,Excluded
IM10,0.5294318,0.8175619,0.001764,2.86e-05,0.4167072,spin1_run_105_mzp_1750_mx_550,1750.0,550.0,0.5096949845632484,0.7870838132503564,Excluded,Excluded
IM11,0.4380157,0.3918459,0.0012891,2.45e-05,0.4167072,spin1_run_105_mzp_1750_mx_550,1750.0,550.0,1.0634466253187795,0.9513522003891641,Included,Excluded
IM12,0.4662844,0.3691716,0.000749,1.87e-05,0.4167072,spin1_run_105_mzp_1750_mx_550,1750.0,550.0,1.1287628842522015,0.8936760483516069,Included,Excluded
EM0,9.6401075,10.7526165,0.0381019,0.0001306,0.4167072,spin1_run_105_mzp_1750_mx_550,1750.0,550.0,0.038754027914973066,0.04322640592960193,Excluded,Excluded
EM1,3.852795,3.7551279,0.0331184,0.000122,0.4167072,spin1_run_105_mzp_1750_mx_550,1750.0,550.0,0.11097017494397461,0.10815711710589325,Excluded,Excluded
EM2,1.9237975,1.9048869,0.0259732,0.0001085,0.4167072,spin1_run_105_mzp_1750_mx_550,1750.0,550.0,0.21875692462371388,0.21660658151390674,Excluded,Excluded
EM3,1.182779,1.4287097,0.0196922,9.47e-05,0.4167072,spin1_run_105_mzp_1750_mx_550,1750.0,550.0,0.29166680956950175,0.35231197036809075,Excluded,Excluded
EM4,0.7335,1.0297279,0.0239391,0.0001042,0.4167072,spin1_run_105_mzp_1750_mx_550,1750.0,550.0,0.4046770025363011,0.5681079754601227,Excluded,Excluded
EM5,0.5039961,0.6179967,0.0121554,7.47e-05,0.4167072,spin1_run_105_mzp_1750_mx_550,1750.0,550.0,0.6742870957077927,0.8268063979066506,Excluded,Excluded
EM6,0.459966,0.6396519,0.006313,5.4e-05,0.4167072,spin1_run_105_mzp_1750_mx_550,1750.0,550.0,0.6514593328027322,0.9059521790741055,Excluded,Excluded
EM7,0.4788888,0.6995761,0.0029938,3.73e-05,0.4167072,spin1_run_105_mzp_1750_mx_550,1750.0,550.0,0.5956567126864396,0.8701544074532542,Excluded,Excluded
EM8,0.4794177,0.548498,0.0016955,2.81e-05,0.4167072,spin1_run_105_mzp_1750_mx_550,1750.0,550.0,0.7597241922486498,0.869194441506853,Excluded,Excluded
EM9,0.8281736,0.6999794,0.0005932,1.66e-05,0.4167072,spin1_run_105_mzp_1750_mx_550,1750.0,550.0,0.595313519226423,0.5031640709146006,Excluded,Excluded
EM10,0.6565604,1.4072317,0.0004749,1.49e-05,0.4167072,spin1_run_105_mzp_1750_mx_550,1750.0,550.0,0.29611840040271975,0.6346822013633475,Excluded,Excluded
EM11,0.4046918,0.4537418,0.0005401,1.58e-05,0.4167072,spin1_run_105_mzp_1750_mx_550,1750.0,550.0,0.9183795718181574,1.029690248233347,Excluded,Included
EM12,0.3402373,0.2719506,0.000749,1.87e-05,0.4167072,spin1_run_105_mzp_1750_mx_550,1750.0,550.0,1.5322900556203958,1.2247546050947382,Included,Included
IM0,3.3670081,4.2749314,0.1676861,0.0002756,0.356348,spin1_run_106_mzp_1750_mx_600,1750.0,600.0,0.08335759493123095,0.1058352072274492,Excluded,Excluded
IM1,1.7640689,2.2079769,0.1287484,0.000247,0.356348,spin1_run_106_mzp_1750_mx_600,1750.0,600.0,0.16139118122114413,0.20200344782451524,Excluded,Excluded
IM2,1.2088157,1.6595018,0.0937551,0.000215,0.356348,spin1_run_106_mzp_1750_mx_600,1750.0,600.0,0.21473191532543082,0.29479100908434597,Excluded,Excluded
IM3,0.8372526,1.2345183,0.0680481,0.0001857,0.356348,spin1_run_106_mzp_1750_mx_600,1750.0,600.0,0.2886534772307547,0.4256158774544265,Excluded,Excluded
IM4,0.6745383,1.0666964,0.0489159,0.0001591,0.356348,spin1_run_106_mzp_1750_mx_600,1750.0,600.0,0.33406693788410646,0.5282843094306134,Excluded,Excluded
IM5,0.559272,0.8475874,0.0257968,0.0001169,0.356348,spin1_run_106_mzp_1750_mx_600,1750.0,600.0,0.42042625928606303,0.6371640275214923,Excluded,Excluded
IM6,0.5255002,0.7695682,0.0138611,8.62e-05,0.356348,spin1_run_106_mzp_1750_mx_600,1750.0,600.0,0.4630492788033601,0.6781120159421443,Excluded,Excluded
IM7,0.471931,0.5581412,0.0075936,6.4e-05,0.356348,spin1_run_106_mzp_1750_mx_600,1750.0,600.0,0.638454928609463,0.7550849594538185,Excluded,Excluded
IM8,0.4964041,0.5301065,0.00405,4.68e-05,0.356348,spin1_run_106_mzp_1750_mx_600,1750.0,600.0,0.6722196388838846,0.7178586961711234,Excluded,Excluded
IM9,0.573497,0.5427534,0.0022096,3.46e-05,0.356348,spin1_run_106_mzp_1750_mx_600,1750.0,600.0,0.656555997622493,0.6213598327454197,Excluded,Excluded
IM10,0.7479191,1.1635622,0.0012419,2.6e-05,0.356348,spin1_run_106_mzp_1750_mx_600,1750.0,600.0,0.3062560815399469,0.47645260028791886,Excluded,Excluded
IM11,0.8782507,0.7835179,0.0006418,1.87e-05,0.356348,spin1_run_106_mzp_1750_mx_600,1750.0,600.0,0.4548051805836216,0.4057474705115521,Excluded,Excluded
IM12,0.9410187,0.7448471,0.0003722,1.42e-05,0.356348,spin1_run_106_mzp_1750_mx_600,1750.0,600.0,0.47841765108570605,0.3786832291430553,Excluded,Excluded
EM0,9.4273049,10.5290908,0.0389376,0.0001427,0.356348,spin1_run_106_mzp_1750_mx_600,1750.0,600.0,0.03384413780532693,0.037799562417886796,Excluded,Excluded
EM1,3.6274447,3.5537246,0.0349934,0.0001355,0.356348,spin1_run_106_mzp_1750_mx_600,1750.0,600.0,0.10027451198666323,0.09823664575782506,Excluded,Excluded
EM2,1.9468488,1.9339654,0.0257069,0.0001167,0.356348,spin1_run_106_mzp_1750_mx_600,1750.0,600.0,0.18425769147679685,0.18303835408276184,Excluded,Excluded
EM3,1.207229,1.4632739,0.0191322,0.000101,0.356348,spin1_run_106_mzp_1750_mx_600,1750.0,600.0,0.24352788633761596,0.29517846241268225,Excluded,Excluded
EM4,0.7596482,1.0653384,0.0231191,0.0001108,0.356348,spin1_run_106_mzp_1750_mx_600,1750.0,600.0,0.33449277713072206,0.46909608947931425,Excluded,Excluded
EM5,0.515369,0.626162,0.0119357,8.01e-05,0.356348,spin1_run_106_mzp_1750_mx_600,1750.0,600.0,0.5690987316381384,0.6914424422113088,Excluded,Excluded
EM6,0.4650383,0.6418896,0.0062675,5.82e-05,0.356348,spin1_run_106_mzp_1750_mx_600,1750.0,600.0,0.5551546558785188,0.7662766701151281,Excluded,Excluded
EM7,0.4043038,0.5932643,0.0035435,4.38e-05,0.356348,spin1_run_106_mzp_1750_mx_600,1750.0,600.0,0.600656402213988,0.8813867195905654,Excluded,Excluded
EM8,0.4408812,0.5076299,0.0018404,3.16e-05,0.356348,spin1_run_106_mzp_1750_mx_600,1750.0,600.0,0.7019838665925707,0.8082630876526375,Excluded,Excluded
EM9,0.5059612,0.4292895,0.0009677,2.29e-05,0.356348,spin1_run_106_mzp_1750_mx_600,1750.0,600.0,0.830087854466508,0.704299064829477,Excluded,Excluded
EM10,0.524263,1.1151225,0.0006002,1.81e-05,0.356348,spin1_run_106_mzp_1750_mx_600,1750.0,600.0,0.31955951027801877,0.6797122818127542,Excluded,Excluded
EM11,0.8154383,0.9168063,0.0002696,1.21e-05,0.356348,spin1_run_106_mzp_1750_mx_600,1750.0,600.0,0.38868406554361595,0.43700179400452493,Excluded,Excluded
EM12,0.6835041,0.5494701,0.0003722,1.42e-05,0.356348,spin1_run_106_mzp_1750_mx_600,1750.0,600.0,0.6485302839954349,0.5213545902650767,Excluded,Excluded
IM0,3.3980266,4.3181977,0.1663282,0.0003034,0.292187,spin1_run_107_mzp_1750_mx_650,1750.0,650.0,0.06766410903326635,0.08598726095905193,Excluded,Excluded
IM1,1.7523163,2.1975549,0.1290893,0.0002732,0.292187,spin1_run_107_mzp_1750_mx_650,1750.0,650.0,0.13296004573082565,0.16674329857001272,Excluded,Excluded
IM2,1.1906396,1.62446,0.0956789,0.0002396,0.292187,spin1_run_107_mzp_1750_mx_650,1750.0,650.0,0.17986715585486868,0.2454033949483958,Excluded,Excluded
IM3,0.8222668,1.2099953,0.0693484,0.000207,0.292187,spin1_run_107_mzp_1750_mx_650,1750.0,650.0,0.24147779747574222,0.3553433021982646,Excluded,Excluded
IM4,0.6674552,1.0637061,0.0494052,0.0001766,0.292187,spin1_run_107_mzp_1750_mx_650,1750.0,650.0,0.2746877168420863,0.4377627142615714,Excluded,Excluded
IM5,0.5511262,0.833056,0.0262403,0.0001302,0.292187,spin1_run_107_mzp_1750_mx_650,1750.0,650.0,0.35074112664694806,0.5301635088297381,Excluded,Excluded
IM6,0.5597051,0.8191756,0.0129993,9.23e-05,0.292187,spin1_run_107_mzp_1750_mx_650,1750.0,650.0,0.35668420787923855,0.5220374086282222,Excluded,Excluded
IM7,0.4941149,0.5826984,0.0072663,6.92e-05,0.292187,spin1_run_107_mzp_1750_mx_650,1750.0,650.0,0.5014377935480859,0.5913341208694576,Excluded,Excluded
IM8,0.4792825,0.5106125,0.0041923,5.26e-05,0.292187,spin1_run_107_mzp_1750_mx_650,1750.0,650.0,0.5722284511248744,0.6096341927777459,Excluded,Excluded
IM9,0.4556252,0.4316812,0.0027668,4.28e-05,0.292187,spin1_run_107_mzp_1750_mx_650,1750.0,650.0,0.6768582926474445,0.6412880586938562,Excluded,Excluded
IM10,0.5774509,0.896291,0.0016081,3.26e-05,0.292187,spin1_run_107_mzp_1750_mx_650,1750.0,650.0,0.325995686668727,0.5059945356393072,Excluded,Excluded
IM11,0.759976,0.6743998,0.0007458,2.22e-05,0.292187,spin1_run_107_mzp_1750_mx_650,1750.0,650.0,0.43325487344450575,0.3844687200648441,Excluded,Excluded
IM12,1.1523905,0.9153922,0.0003023,1.42e-05,0.292187,spin1_run_107_mzp_1750_mx_650,1750.0,650.0,0.3191932376089724,0.25354860179774125,Excluded,Excluded
EM0,9.80663,11.0459476,0.0372389,0.0001543,0.292187,spin1_run_107_mzp_1750_mx_650,1750.0,650.0,0.026451963252116094,0.02979484287670688,Excluded,Excluded
EM1,3.8079848,3.7291493,0.0334105,0.0001464,0.292187,spin1_run_107_mzp_1750_mx_650,1750.0,650.0,0.07835218611386784,0.07673008568731682,Excluded,Excluded
EM2,1.9047371,1.8893578,0.0263305,0.0001304,0.292187,spin1_run_107_mzp_1750_mx_650,1750.0,650.0,0.15464884417340113,0.15340017265374836,Excluded,Excluded
EM3,1.1598703,1.4005868,0.0199432,0.0001139,0.292187,spin1_run_107_mzp_1750_mx_650,1750.0,650.0,0.20861755944008611,0.25191351136415857,Excluded,Excluded
EM4,0.756536,1.0627391,0.0231649,0.0001226,0.292187,spin1_run_107_mzp_1750_mx_650,1750.0,650.0,0.2749376587348673,0.38621691499148747,Excluded,Excluded
EM5,0.4644649,0.5674703,0.013241,9.31e-05,0.292187,spin1_run_107_mzp_1750_mx_650,1750.0,650.0,0.5148939072229859,0.6290830588059506,Excluded,Excluded
EM6,0.5071055,0.7032741,0.005733,6.15e-05,0.292187,spin1_run_107_mzp_1750_mx_650,1750.0,650.0,0.41546674333663075,0.5761858232655729,Excluded,Excluded
EM7,0.4678226,0.6845845,0.003074,4.51e-05,0.292187,spin1_run_107_mzp_1750_mx_650,1750.0,650.0,0.4268092543725427,0.6245679451997402,Excluded,Excluded
EM8,0.5712156,0.652545,0.0014254,3.07e-05,0.292187,spin1_run_107_mzp_1750_mx_650,1750.0,650.0,0.44776528821767075,0.5115178927186161,Excluded,Excluded
EM9,0.4222341,0.3608415,0.0011587,2.77e-05,0.292187,spin1_run_107_mzp_1750_mx_650,1750.0,650.0,0.809737793463335,0.6920023749858194,Excluded,Excluded
EM10,0.3635528,0.7733631,0.0008624,2.39e-05,0.292187,spin1_run_107_mzp_1750_mx_650,1750.0,650.0,0.37781347467961685,0.8036989400164157,Excluded,Excluded
EM11,0.49402,0.5560551,0.0004435,1.72e-05,0.292187,spin1_run_107_mzp_1750_mx_650,1750.0,650.0,0.5254641131787119,0.5914477146674223,Excluded,Excluded
EM12,0.8410646,0.678081,0.0003023,1.42e-05,0.292187,spin1_run_107_mzp_1750_mx_650,1750.0,650.0,0.43090279774835155,0.3474013767789061,Excluded,Excluded
IM0,3.429987,4.3333602,0.1653725,0.0003473,0.221962,spin1_run_108_mzp_1750_mx_700,1750.0,700.0,0.05122168242556895,0.06471219861766239,Excluded,Excluded
IM1,1.7385548,2.1923415,0.1294826,0.0003138,0.221962,spin1_run_108_mzp_1750_mx_700,1750.0,700.0,0.101244263268291,0.12767040762822085,Excluded,Excluded
IM2,1.1633209,1.6032313,0.0972225,0.0002769,0.221962,spin1_run_108_mzp_1750_mx_700,1750.0,700.0,0.13844664834076031,0.19080032001488154,Excluded,Excluded
IM3,0.7990982,1.1787971,0.0712437,0.0002405,0.221962,spin1_run_108_mzp_1750_mx_700,1750.0,700.0,0.188295339376047,0.2777656112853214,Excluded,Excluded
IM4,0.6196066,0.9903078,0.0528466,0.0002091,0.221962,spin1_run_108_mzp_1750_mx_700,1750.0,700.0,0.22413435499548726,0.3582305288549218,Excluded,Excluded
IM5,0.5485043,0.8336664,0.0262949,0.0001496,0.221962,spin1_run_108_mzp_1750_mx_700,1750.0,700.0,0.26624798600495353,0.4046677482747173,Excluded,Excluded
IM6,0.5452514,0.7978515,0.0133637,0.0001073,0.221962,spin1_run_108_mzp_1750_mx_700,1750.0,700.0,0.2781996399079277,0.4070819442187585,Excluded,Excluded
IM7,0.481742,0.5700441,0.0074388,8.03e-05,0.221962,spin1_run_108_mzp_1750_mx_700,1750.0,700.0,0.3893768920685259,0.46074869951135666,Excluded,Excluded
IM8,0.4745701,0.50689,0.0042444,6.08e-05,0.221962,spin1_run_108_mzp_1750_mx_700,1750.0,700.0,0.43788987748821245,0.467711724779964,Excluded,Excluded
IM9,0.5675079,0.5342739,0.0022346,4.41e-05,0.221962,spin1_run_108_mzp_1750_mx_700,1750.0,700.0,0.4154460848639621,0.3911170223357243,Excluded,Excluded
IM10,0.6171532,0.9525302,0.0015143,3.63e-05,0.221962,spin1_run_108_mzp_1750_mx_700,1750.0,700.0,0.23302358287432776,0.3596546206031177,Excluded,Excluded
IM11,0.557132,0.5004015,0.0010114,2.97e-05,0.221962,spin1_run_108_mzp_1750_mx_700,1750.0,700.0,0.4435678150445192,0.39840109704701937,Excluded,Excluded
IM12,0.6431231,0.5096367,0.0005411,2.17e-05,0.221962,spin1_run_108_mzp_1750_mx_700,1750.0,700.0,0.4355298588190371,0.34513143751172987,Excluded,Excluded
EM0,10.2382216,11.4496989,0.0358899,0.0001739,0.221962,spin1_run_108_mzp_1750_mx_700,1750.0,700.0,0.019385837299179982,0.021679741723894707,Excluded,Excluded
EM1,3.9563162,3.8420806,0.0322602,0.0001652,0.221962,spin1_run_108_mzp_1750_mx_700,1750.0,700.0,0.057771302351127145,0.05610320024471249,Excluded,Excluded
EM2,1.930621,1.9125561,0.0259788,0.0001487,0.221962,spin1_run_108_mzp_1750_mx_700,1750.0,700.0,0.11605515780687427,0.11496922492814489,Excluded,Excluded
EM3,1.2610524,1.5212376,0.0183971,0.0001256,0.221962,spin1_run_108_mzp_1750_mx_700,1750.0,700.0,0.14590883107280544,0.17601330444317775,Excluded,Excluded
EM4,0.6612077,0.9291688,0.0265517,0.0001503,0.221962,spin1_run_108_mzp_1750_mx_700,1750.0,700.0,0.23888232148991656,0.3356917954827205,Excluded,Excluded
EM5,0.4776988,0.5785404,0.0129312,0.0001056,0.221962,spin1_run_108_mzp_1750_mx_700,1750.0,700.0,0.38365860015998887,0.4646484353739218,Excluded,Excluded
EM6,0.4927503,0.6802984,0.0059249,7.17e-05,0.221962,spin1_run_108_mzp_1750_mx_700,1750.0,700.0,0.3262715302578986,0.4504553320414011,Excluded,Excluded
EM7,0.4506388,0.6552841,0.0031944,5.27e-05,0.221962,spin1_run_108_mzp_1750_mx_700,1750.0,700.0,0.33872636311486876,0.4925496872439745,Excluded,Excluded
EM8,0.4038373,0.4655518,0.0020097,4.19e-05,0.221962,spin1_run_108_mzp_1750_mx_700,1750.0,700.0,0.47677186512864944,0.5496322405087395,Excluded,Excluded
EM9,0.6832179,0.5786374,0.0007203,2.51e-05,0.221962,spin1_run_108_mzp_1750_mx_700,1750.0,700.0,0.38359428547135044,0.32487731951987786,Excluded,Excluded
EM10,0.6210945,1.331427,0.0005029,2.1e-05,0.221962,spin1_run_108_mzp_1750_mx_700,1750.0,700.0,0.16670985341291714,0.35737234833024606,Excluded,Excluded
EM11,0.4665014,0.5247266,0.0004703,2.03e-05,0.221962,spin1_run_108_mzp_1750_mx_700,1750.0,700.0,0.423005046818667,0.4758013587954934,Excluded,Excluded
EM12,0.4675256,0.3773066,0.0005411,2.17e-05,0.221962,spin1_run_108_mzp_1750_mx_700,1750.0,700.0,0.5882801944095333,0.474759029238185,Excluded,Excluded
IM0,3.4058628,4.3370575,0.1655449,0.0004227,0.1499633,spin1_run_109_mzp_1750_mx_750,1750.0,750.0,0.034577198941909346,0.04403092808083755,Excluded,Excluded
IM1,1.7654738,2.2153024,0.1285032,0.0003806,0.1499633,spin1_run_109_mzp_1750_mx_750,1750.0,750.0,0.06769427957104185,0.08494224043426755,Excluded,Excluded
IM2,1.1803486,1.6257954,0.0957339,0.0003346,0.1499633,spin1_run_109_mzp_1750_mx_750,1750.0,750.0,0.09223995836130426,0.12705000878554013,Excluded,Excluded
IM3,0.8170343,1.1992097,0.0700213,0.0002902,0.1499633,spin1_run_109_mzp_1750_mx_750,1750.0,750.0,0.12505177368061648,0.1835459049883218,Excluded,Excluded
IM4,0.6618603,1.0481031,0.0496614,0.0002471,0.1499633,spin1_run_109_mzp_1750_mx_750,1750.0,750.0,0.14308067593731952,0.2265784788723542,Excluded,Excluded
IM5,0.5345122,0.8084521,0.0270245,0.0001844,0.1499633,spin1_run_109_mzp_1750_mx_750,1750.0,750.0,0.18549435396358052,0.28056104238593615,Excluded,Excluded
IM6,0.5056253,0.742594,0.0143836,0.0001354,0.1499633,spin1_run_109_mzp_1750_mx_750,1750.0,750.0,0.20194520828339577,0.29658978694301885,Excluded,Excluded
IM7,0.45723,0.5394357,0.0078383,0.0001003,0.1499633,spin1_run_109_mzp_1750_mx_750,1750.0,750.0,0.2780003251546014,0.32798219714366944,Excluded,Excluded
IM8,0.4910994,0.5272165,0.0040696,7.24e-05,0.1499633,spin1_run_109_mzp_1750_mx_750,1750.0,750.0,0.28444348763743166,0.305362417465792,Excluded,Excluded
IM9,0.4954401,0.465001,0.0025516,5.74e-05,0.1499633,spin1_run_109_mzp_1750_mx_750,1750.0,750.0,0.3225010268795121,0.30268704531587165,Excluded,Excluded
IM10,0.5751171,0.8912142,0.0016225,4.58e-05,0.1499633,spin1_run_109_mzp_1750_mx_750,1750.0,750.0,0.16826852624206393,0.2607526362892009,Excluded,Excluded
IM11,0.5316125,0.4770581,0.0010583,3.7e-05,0.1499633,spin1_run_109_mzp_1750_mx_750,1750.0,750.0,0.3143501808270313,0.2820913729455195,Excluded,Excluded
IM12,0.5664221,0.4513471,0.0006149,2.82e-05,0.1499633,spin1_run_109_mzp_1750_mx_750,1750.0,750.0,0.33225714754786284,0.2647553829555732,Excluded,Excluded
EM0,9.886188,11.0510445,0.0370418,0.0002148,0.1499633,spin1_run_109_mzp_1750_mx_750,1750.0,750.0,0.013570056658445271,0.015168971093812902,Excluded,Excluded
EM1,3.8924919,3.7924692,0.0327692,0.0002025,0.1499633,spin1_run_109_mzp_1750_mx_750,1750.0,750.0,0.03954239101005751,0.038526297254465706,Excluded,Excluded
EM2,1.9344957,1.927626,0.0257126,0.00018,0.1499633,spin1_run_109_mzp_1750_mx_750,1750.0,750.0,0.07779688591044112,0.07752061687188035,Excluded,Excluded
EM3,1.137576,1.3788574,0.02036,0.0001606,0.1499633,spin1_run_109_mzp_1750_mx_750,1750.0,750.0,0.10875910735947024,0.13182706034585823,Excluded,Excluded
EM4,0.7682888,1.0881037,0.0226369,0.0001692,0.1499633,spin1_run_109_mzp_1750_mx_750,1750.0,750.0,0.13782077939814008,0.19519131347482874,Excluded,Excluded
EM5,0.4849416,0.5918937,0.0126409,0.0001271,0.1499633,spin1_run_109_mzp_1750_mx_750,1750.0,750.0,0.25336187899955687,0.30923991672399315,Excluded,Excluded
EM6,0.4450569,0.6187537,0.0065453,9.17e-05,0.1499633,spin1_run_109_mzp_1750_mx_750,1750.0,750.0,0.24236348000828117,0.3369530952109719,Excluded,Excluded
EM7,0.3824141,0.5563537,0.0037687,6.97e-05,0.1499633,spin1_run_109_mzp_1750_mx_750,1750.0,750.0,0.26954669304796575,0.3921489819543788,Excluded,Excluded
EM8,0.5359371,0.61423,0.001518,4.43e-05,0.1499633,spin1_run_109_mzp_1750_mx_750,1750.0,750.0,0.24414844602184846,0.2798151126316875,Excluded,Excluded
EM9,0.5265348,0.4511847,0.0009291,3.46e-05,0.1499633,spin1_run_109_mzp_1750_mx_750,1750.0,750.0,0.33237674061199324,0.28481175413287024,Excluded,Excluded
EM10,0.5544013,1.1816125,0.0005642,2.7e-05,0.1499633,spin1_run_109_mzp_1750_mx_750,1750.0,750.0,0.1269141110135514,0.27049593859177457,Excluded,Excluded
EM11,0.4971751,0.5568861,0.0004434,2.39e-05,0.1499633,spin1_run_109_mzp_1750_mx_750,1750.0,750.0,0.26928899823500707,0.301630753430733,Excluded,Excluded
EM12,0.41614,0.3327963,0.0006149,2.82e-05,0.1499633,spin1_run_109_mzp_1750_mx_750,1750.0,750.0,0.4506158872559581,0.3603674244244725,Excluded,Excluded
IM0,32.7913225,41.5627167,0.0172832,1.6e-06,1363.602,spin1_run_10_mzp_200_mx_0,200.0,0.0,32.80829811589289,41.58423314582692,Included,Included
IM1,23.5458633,29.6361851,0.0095954,1.2e-06,1363.602,spin1_run_10_mzp_200_mx_0,200.0,0.0,46.01138761277342,57.912593079566555,Included,Included
IM2,22.472515,30.8939813,0.0050388,9e-07,1363.602,spin1_run_10_mzp_200_mx_0,200.0,0.0,44.13811178166279,60.67865568228567,Included,Included
IM3,20.3945595,30.1285623,0.0027843,7e-07,1363.602,spin1_run_10_mzp_200_mx_0,200.0,0.0,45.259444722989656,66.86106655061612,Included,Included
IM4,23.7986104,37.5313691,0.0013916,5e-07,1363.602,spin1_run_10_mzp_200_mx_0,200.0,0.0,36.33232766880332,57.297547087034964,Included,Included
IM5,31.4128633,47.7663675,0.000458,3e-07,1363.602,spin1_run_10_mzp_200_mx_0,200.0,0.0,28.54732464217632,43.40903237560009,Included,Included
IM6,41.4507297,60.3312696,0.0001764,2e-07,1363.602,spin1_run_10_mzp_200_mx_0,200.0,0.0,22.60191123178353,32.89693594947739,Included,Included
IM7,33.742086,39.886573,0.0001062,1e-07,1363.602,spin1_run_10_mzp_200_mx_0,200.0,0.0,34.186993201947935,40.412498504093676,Included,Included
IM8,55.5201588,59.1451912,3.62e-05,1e-07,1363.602,spin1_run_10_mzp_200_mx_0,200.0,0.0,23.05516259790196,24.560484506395184,Included,Included
IM9,35.012468,32.9953949,3.62e-05,1e-07,1363.602,spin1_run_10_mzp_200_mx_0,200.0,0.0,41.3270398530675,38.94618339958212,Included,Included
IM10,-1.0,-1.0,0.0,0.0,1363.602,spin1_run_10_mzp_200_mx_0,200.0,0.0,-1363.602,-1363.602,Excluded,Excluded
IM11,-1.0,-1.0,0.0,0.0,1363.602,spin1_run_10_mzp_200_mx_0,200.0,0.0,-1363.602,-1363.602,Excluded,Excluded
IM12,-1.0,-1.0,0.0,0.0,1363.602,spin1_run_10_mzp_200_mx_0,200.0,0.0,-1363.602,-1363.602,Excluded,Excluded
EM0,47.7333943,53.3803139,0.0076879,1.1e-06,1363.602,spin1_run_10_mzp_200_mx_0,200.0,0.0,25.545035245661982,28.56704451876786,Included,Included
EM1,27.8765769,27.3080887,0.0045566,8e-07,1363.602,spin1_run_10_mzp_200_mx_0,200.0,0.0,49.93399629612306,48.91569021876571,Included,Included
EM2,22.0666061,22.0134592,0.0022545,6e-07,1363.602,spin1_run_10_mzp_200_mx_0,200.0,0.0,61.944012870089956,61.79482217702704,Included,Included
EM3,16.6353955,20.1455577,0.0013928,5e-07,1363.602,spin1_run_10_mzp_200_mx_0,200.0,0.0,67.68747831686983,81.96991769747825,Included,Included
EM4,18.7060569,26.4370905,0.0009336,4e-07,1363.602,spin1_run_10_mzp_200_mx_0,200.0,0.0,51.57912516886078,72.89628205931524,Included,Included
EM5,21.7698996,26.657005,0.0002815,2e-07,1363.602,spin1_run_10_mzp_200_mx_0,200.0,0.0,51.15360859181292,62.63703669078934,Included,Included
EM6,41.4654255,57.513128,7.02e-05,1e-07,1363.602,spin1_run_10_mzp_200_mx_0,200.0,0.0,23.709404225066667,32.885276915824726,Included,Included
EM7,20.511227,29.9685286,7e-05,1e-07,1363.602,spin1_run_10_mzp_200_mx_0,200.0,0.0,45.50113281170568,66.48076197489307,Included,Included
EM8,-1.0,-1.0,0.0,0.0,1363.602,spin1_run_10_mzp_200_mx_0,200.0,0.0,-1363.602,-1363.602,Excluded,Excluded
EM9,13.5225306,11.5942207,3.62e-05,1e-07,1363.602,spin1_run_10_mzp_200_mx_0,200.0,0.0,117.61049192379097,100.83926155064498,Included,Included
EM10,-1.0,-1.0,0.0,0.0,1363.602,spin1_run_10_mzp_200_mx_0,200.0,0.0,-1363.602,-1363.602,Excluded,Excluded
EM11,-1.0,-1.0,0.0,0.0,1363.602,spin1_run_10_mzp_200_mx_0,200.0,0.0,-1363.602,-1363.602,Excluded,Excluded
EM12,-1.0,-1.0,0.0,0.0,1363.602,spin1_run_10_mzp_200_mx_0,200.0,0.0,-1363.602,-1363.602,Excluded,Excluded
IM0,3.3421353,4.2407365,0.1689728,0.0005827,0.08017321,spin1_run_110_mzp_1750_mx_800,1750.0,800.0,0.018905492005928688,0.023988618892837762,Excluded,Excluded
IM1,1.710825,2.1591256,0.1316699,0.0005258,0.08017321,spin1_run_110_mzp_1750_mx_800,1750.0,800.0,0.03713225854021646,0.046862309119869064,Excluded,Excluded
IM2,1.1488918,1.57348,0.0986747,0.0004638,0.08017321,spin1_run_110_mzp_1750_mx_800,1750.0,800.0,0.050952798891628744,0.06978308140070283,Excluded,Excluded
IM3,0.7938452,1.1704473,0.0716679,0.0004011,0.08017321,spin1_run_110_mzp_1750_mx_800,1750.0,800.0,0.06849792382792459,0.1009935060387088,Excluded,Excluded
IM4,0.6150244,0.9773914,0.0535956,0.0003502,0.08017321,spin1_run_110_mzp_1750_mx_800,1750.0,800.0,0.08202774241721382,0.13035777117135514,Excluded,Excluded
IM5,0.4873258,0.7408629,0.0295584,0.0002634,0.08017321,spin1_run_110_mzp_1750_mx_800,1750.0,800.0,0.10821598706049392,0.16451665395101184,Excluded,Excluded
IM6,0.463052,0.6769701,0.015736,0.0001935,0.08017321,spin1_run_110_mzp_1750_mx_800,1750.0,800.0,0.11842946978012765,0.17314083515458306,Excluded,Excluded
IM7,0.4302255,0.5047042,0.0083656,0.0001416,0.08017321,spin1_run_110_mzp_1750_mx_800,1750.0,800.0,0.15885187799110842,0.1863515993356972,Excluded,Excluded
IM8,0.4106249,0.4408367,0.0048789,0.0001084,0.08017321,spin1_run_110_mzp_1750_mx_800,1750.0,800.0,0.18186600616509468,0.19524682989268305,Excluded,Excluded
IM9,0.4196426,0.3979012,0.0030046,8.51e-05,0.08017321,spin1_run_110_mzp_1750_mx_800,1750.0,800.0,0.20149024431190454,0.1910511706866748,Excluded,Excluded
IM10,0.5271264,0.8172262,0.0017675,6.53e-05,0.08017321,spin1_run_110_mzp_1750_mx_800,1750.0,800.0,0.0981040622535107,0.15209484859798333,Excluded,Excluded
IM11,0.5201316,0.4618012,0.0010869,5.12e-05,0.08017321,spin1_run_110_mzp_1750_mx_800,1750.0,800.0,0.173609791399416,0.15414024066217086,Excluded,Excluded
IM12,0.6364188,0.5086935,0.0005461,3.63e-05,0.08017321,spin1_run_110_mzp_1750_mx_800,1750.0,800.0,0.15760612235068855,0.12597555257638524,Excluded,Excluded
EM0,9.8612569,10.9959955,0.037303,0.0002947,0.08017321,spin1_run_110_mzp_1750_mx_800,1750.0,800.0,0.007291127938348101,0.008130120816546214,Excluded,Excluded
EM1,3.8539069,3.7434155,0.0329952,0.0002778,0.08017321,spin1_run_110_mzp_1750_mx_800,1750.0,800.0,0.02141712828832386,0.020803099836168848,Excluded,Excluded
EM2,1.8550417,1.8318477,0.0270068,0.0002521,0.08017321,spin1_run_110_mzp_1750_mx_800,1750.0,800.0,0.04376630764664551,0.04321908774341838,Excluded,Excluded
EM3,1.2848763,1.5545638,0.0180723,0.0002072,0.08017321,spin1_run_110_mzp_1750_mx_800,1750.0,800.0,0.0515728013221458,0.06239760979325402,Excluded,Excluded
EM4,0.7299477,1.0235943,0.0240371,0.0002382,0.08017321,spin1_run_110_mzp_1750_mx_800,1750.0,800.0,0.07832518215468764,0.10983418401071747,Excluded,Excluded
EM5,0.4438789,0.5434733,0.0138224,0.0001816,0.08017321,spin1_run_110_mzp_1750_mx_800,1750.0,800.0,0.14752005296304344,0.18061955636999188,Excluded,Excluded
EM6,0.3945157,0.5463079,0.0073704,0.000133,0.08017321,spin1_run_110_mzp_1750_mx_800,1750.0,800.0,0.14675462317129223,0.20321931421233677,Excluded,Excluded
EM7,0.410713,0.6008164,0.0034868,9.17e-05,0.08017321,spin1_run_110_mzp_1750_mx_800,1750.0,800.0,0.13344044869614077,0.19520494846766476,Excluded,Excluded
EM8,0.4336013,0.4942866,0.0018743,6.73e-05,0.08017321,spin1_run_110_mzp_1750_mx_800,1750.0,800.0,0.16219984519102884,0.1849007602145104,Excluded,Excluded
EM9,0.3971794,0.3363733,0.0012371,5.47e-05,0.08017321,spin1_run_110_mzp_1750_mx_800,1750.0,800.0,0.2383459388720805,0.20185641551399694,Excluded,Excluded
EM10,0.4601143,0.9807398,0.0006806,4.06e-05,0.08017321,spin1_run_110_mzp_1750_mx_800,1750.0,800.0,0.08174768679725243,0.17424629054128507,Excluded,Excluded
EM11,0.4054633,0.4576302,0.0005408,3.62e-05,0.08017321,spin1_run_110_mzp_1750_mx_800,1750.0,800.0,0.17519213111372456,0.1977323471692752,Excluded,Excluded
EM12,0.4639496,0.3757889,0.0005461,3.63e-05,0.08017321,spin1_run_110_mzp_1750_mx_800,1750.0,800.0,0.21334640272770164,0.17280586080901889,Excluded,Excluded
IM0,3.5770828,4.5611723,0.1570392,0.0002481,0.4137806,spin1_run_111_mzp_2000_mx_0,2000.0,0.0,0.09071803755363506,0.11567543250606332,Excluded,Excluded
IM1,1.8867618,2.3724982,0.120096,0.0002217,0.4137806,spin1_run_111_mzp_2000_mx_0,2000.0,0.0,0.17440712916030876,0.21930728086608495,Excluded,Excluded
IM2,1.2961804,1.7881241,0.087101,0.0001923,0.4137806,spin1_run_111_mzp_2000_mx_0,2000.0,0.0,0.23140485607234978,0.31923071819323917,Excluded,Excluded
IM3,0.9170488,1.3623872,0.0618412,0.0001643,0.4137806,spin1_run_111_mzp_2000_mx_0,2000.0,0.0,0.30371732793731476,0.4512089214881476,Excluded,Excluded
IM4,0.7346312,1.1695374,0.04466,0.0001409,0.4137806,spin1_run_111_mzp_2000_mx_0,2000.0,0.0,0.35379851896997905,0.563249423656387,Excluded,Excluded
IM5,0.6532741,0.9906293,0.0220854,0.0001002,0.4137806,spin1_run_111_mzp_2000_mx_0,2000.0,0.0,0.41769469164701667,0.6333950787272907,Excluded,Excluded
IM6,0.5699034,0.8330817,0.0128007,7.67e-05,0.4137806,spin1_run_111_mzp_2000_mx_0,2000.0,0.0,0.49668669951578576,0.7260539242264566,Excluded,Excluded
IM7,0.5125136,0.6035067,0.0070019,5.69e-05,0.4137806,spin1_run_111_mzp_2000_mx_0,2000.0,0.0,0.6856271852491448,0.8073553560334789,Excluded,Excluded
IM8,0.5202591,0.5596748,0.0038493,4.22e-05,0.4137806,spin1_run_111_mzp_2000_mx_0,2000.0,0.0,0.7393232641526829,0.795335631803461,Excluded,Excluded
IM9,0.5432094,0.5146882,0.0023299,3.29e-05,0.4137806,spin1_run_111_mzp_2000_mx_0,2000.0,0.0,0.8039442132149134,0.7617331364295243,Excluded,Excluded
IM10,0.7525115,1.1670162,0.0012388,2.4e-05,0.4137806,spin1_run_111_mzp_2000_mx_0,2000.0,0.0,0.35456285868182463,0.5498661482249773,Excluded,Excluded
IM11,0.8806995,0.7794943,0.0006441,1.73e-05,0.4137806,spin1_run_111_mzp_2000_mx_0,2000.0,0.0,0.5308321048659368,0.4698317644099946,Excluded,Excluded
IM12,0.7360453,0.5824634,0.0004752,1.49e-05,0.4137806,spin1_run_111_mzp_2000_mx_0,2000.0,0.0,0.7103975975142817,0.562167301387564,Excluded,Excluded
EM0,9.9373084,11.1058562,0.0369432,0.0001286,0.4137806,spin1_run_111_mzp_2000_mx_0,2000.0,0.0,0.0372578748138302,0.041639102193909976,Excluded,Excluded
EM1,3.8591017,3.7791245,0.032995,0.0001218,0.4137806,spin1_run_111_mzp_2000_mx_0,2000.0,0.0,0.1094911268469721,0.10722199935803713,Excluded,Excluded
EM2,1.9716918,1.9671147,0.0252597,0.000107,0.4137806,spin1_run_111_mzp_2000_mx_0,2000.0,0.0,0.21034899490100908,0.209860689180733,Excluded,Excluded
EM3,1.3604878,1.6328483,0.0171812,8.86e-05,0.4137806,spin1_run_111_mzp_2000_mx_0,2000.0,0.0,0.25341031374439377,0.3041413528294778,Excluded,Excluded
EM4,0.7741046,1.0954077,0.0225745,0.0001013,0.4137806,spin1_run_111_mzp_2000_mx_0,2000.0,0.0,0.3777411825752183,0.5345280211485631,Excluded,Excluded
EM5,0.6594296,0.8066109,0.0092847,6.54e-05,0.4137806,spin1_run_111_mzp_2000_mx_0,2000.0,0.0,0.5129866209345795,0.6274826001137953,Excluded,Excluded
EM6,0.5034391,0.6954387,0.0057988,5.18e-05,0.4137806,spin1_run_111_mzp_2000_mx_0,2000.0,0.0,0.5949921970117568,0.8219079527196039,Excluded,Excluded
EM7,0.4548112,0.6654546,0.0031526,3.82e-05,0.4137806,spin1_run_111_mzp_2000_mx_0,2000.0,0.0,0.6218013971201041,0.9097854230502679,Excluded,Excluded
EM8,0.5325276,0.611687,0.0015194,2.66e-05,0.4137806,spin1_run_111_mzp_2000_mx_0,2000.0,0.0,0.6764580577975338,0.7770124966292827,Excluded,Excluded
EM9,0.4472121,0.3809343,0.0010911,2.25e-05,0.4137806,spin1_run_111_mzp_2000_mx_0,2000.0,0.0,1.086225629983963,0.9252446434253456,Included,Excluded
EM10,0.527373,1.1240604,0.0005947,1.66e-05,0.4137806,spin1_run_111_mzp_2000_mx_0,2000.0,0.0,0.36811242527536775,0.7846070997187948,Excluded,Excluded
EM11,1.2938011,1.4591859,0.0001689,8.9e-06,0.4137806,spin1_run_111_mzp_2000_mx_0,2000.0,0.0,0.28356948898697554,0.31981778342899847,Excluded,Excluded
EM12,0.5351918,0.4326552,0.0004752,1.49e-05,0.4137806,spin1_run_111_mzp_2000_mx_0,2000.0,0.0,0.9563749609388723,0.7731445063246485,Excluded,Excluded
IM0,3.6396099,4.6185384,0.1549746,0.0002491,0.4057546,spin1_run_112_mzp_2000_mx_50,2000.0,50.0,0.08785346463721076,0.11148299162500905,Excluded,Excluded
IM1,1.938064,2.442963,0.1166646,0.000221,0.4057546,spin1_run_112_mzp_2000_mx_50,2000.0,50.0,0.16609117698466985,0.20936078478316505,Excluded,Excluded
IM2,1.3262811,1.8112641,0.0857044,0.0001927,0.4057546,spin1_run_112_mzp_2000_mx_50,2000.0,50.0,0.22401735892628802,0.3059340889348419,Excluded,Excluded
IM3,0.9081121,1.338963,0.0625382,0.0001667,0.4057546,spin1_run_112_mzp_2000_mx_50,2000.0,50.0,0.30303645433070225,0.44681113708318615,Excluded,Excluded
IM4,0.7199788,1.1450661,0.0455366,0.0001435,0.4057546,spin1_run_112_mzp_2000_mx_50,2000.0,50.0,0.3543503733103268,0.5635646494035658,Excluded,Excluded
IM5,0.5875535,0.8918398,0.0245587,0.0001066,0.4057546,spin1_run_112_mzp_2000_mx_50,2000.0,50.0,0.4549635483861564,0.6905832405049073,Excluded,Excluded
IM6,0.559812,0.8156662,0.0130558,7.81e-05,0.4057546,spin1_run_112_mzp_2000_mx_50,2000.0,50.0,0.49745177622905057,0.7248051131451274,Excluded,Excluded
IM7,0.515297,0.6091181,0.0069572,5.72e-05,0.4057546,spin1_run_112_mzp_2000_mx_50,2000.0,50.0,0.6661345312181661,0.7874189059901378,Excluded,Excluded
IM8,0.489927,0.5261626,0.0040826,4.39e-05,0.4057546,spin1_run_112_mzp_2000_mx_50,2000.0,50.0,0.771158193303743,0.8281939962484207,Excluded,Excluded
IM9,0.5176464,0.4932333,0.0024338,3.39e-05,0.4057546,spin1_run_112_mzp_2000_mx_50,2000.0,50.0,0.8226423479517706,0.7838451112574144,Excluded,Excluded
IM10,0.6211177,0.9574487,0.0015054,2.67e-05,0.4057546,spin1_run_112_mzp_2000_mx_50,2000.0,50.0,0.42378730056242175,0.653265234592413,Excluded,Excluded
IM11,0.562227,0.5043815,0.0010027,2.18e-05,0.4057546,spin1_run_112_mzp_2000_mx_50,2000.0,50.0,0.8044597194782124,0.7216917721845447,Excluded,Excluded
IM12,0.8012009,0.6320951,0.000436,1.44e-05,0.4057546,spin1_run_112_mzp_2000_mx_50,2000.0,50.0,0.6419201794160404,0.5064330307167654,Excluded,Excluded
EM0,9.615335,10.6572044,0.0383099,0.0001321,0.4057546,spin1_run_112_mzp_2000_mx_50,2000.0,50.0,0.038073268070189216,0.042198696145272115,Excluded,Excluded
EM1,4.105487,4.0117457,0.0309603,0.0001192,0.4057546,spin1_run_112_mzp_2000_mx_50,2000.0,50.0,0.10114165511537784,0.09883227008147877,Excluded,Excluded
EM2,2.1692213,2.1409946,0.0231662,0.0001036,0.4057546,spin1_run_112_mzp_2000_mx_50,2000.0,50.0,0.18951687220509572,0.18705080943101565,Excluded,Excluded
EM3,1.3583841,1.6468879,0.0170016,8.9e-05,0.4057546,spin1_run_112_mzp_2000_mx_50,2000.0,50.0,0.24637657487191447,0.2987038791163707,Excluded,Excluded
EM4,0.8347234,1.1795825,0.020978,9.87e-05,0.4057546,spin1_run_112_mzp_2000_mx_50,2000.0,50.0,0.34398153584001123,0.4860946751942021,Excluded,Excluded
EM5,0.5332715,0.6482131,0.0115029,7.34e-05,0.4057546,spin1_run_112_mzp_2000_mx_50,2000.0,50.0,0.6259586546461342,0.7608780893034787,Excluded,Excluded
EM6,0.4782303,0.6606789,0.0060986,5.36e-05,0.4057546,spin1_run_112_mzp_2000_mx_50,2000.0,50.0,0.6141479620432861,0.8484502132131737,Excluded,Excluded
EM7,0.5012698,0.7325095,0.0028746,3.69e-05,0.4057546,spin1_run_112_mzp_2000_mx_50,2000.0,50.0,0.5539240105418428,0.8094535118612771,Excluded,Excluded
EM8,0.4933212,0.5644182,0.0016488,2.79e-05,0.4057546,spin1_run_112_mzp_2000_mx_50,2000.0,50.0,0.7188900003578907,0.8224957694905469,Excluded,Excluded
EM9,0.5253887,0.4489052,0.0009284,2.1e-05,0.4057546,spin1_run_112_mzp_2000_mx_50,2000.0,50.0,0.9038759185681076,0.7722941129110694,Excluded,Excluded
EM10,0.6248404,1.3286365,0.0005027,1.54e-05,0.4057546,spin1_run_112_mzp_2000_mx_50,2000.0,50.0,0.30539173054481045,0.64937318393625,Excluded,Excluded
EM11,0.38678,0.4374778,0.0005667,1.64e-05,0.4057546,spin1_run_112_mzp_2000_mx_50,2000.0,50.0,0.9274861490114471,1.0490578623506903,Excluded,Included
EM12,0.5845024,0.4661031,0.000436,1.44e-05,0.4057546,spin1_run_112_mzp_2000_mx_50,2000.0,50.0,0.8705254266706229,0.6941880820335383,Excluded,Excluded
IM0,3.5465647,4.4797605,0.1597017,0.0002547,0.3976132,spin1_run_113_mzp_2000_mx_100,2000.0,100.0,0.08875769139890402,0.11211220818839143,Excluded,Excluded
IM1,1.8463212,2.3186532,0.1229974,0.0002284,0.3976132,spin1_run_113_mzp_2000_mx_100,2000.0,100.0,0.17148454973775293,0.21535429479984305,Excluded,Excluded
IM2,1.2315736,1.68814,0.0918152,0.0002008,0.3976132,spin1_run_113_mzp_2000_mx_100,2000.0,100.0,0.23553330884879217,0.3228497265612059,Excluded,Excluded
IM3,0.8564452,1.2655978,0.0662942,0.000173,0.3976132,spin1_run_113_mzp_2000_mx_100,2000.0,100.0,0.3141702679950929,0.464259943309858,Excluded,Excluded
IM4,0.6875935,1.0951186,0.0478241,0.0001484,0.3976132,spin1_run_113_mzp_2000_mx_100,2000.0,100.0,0.3630777524918306,0.5782678283026236,Excluded,Excluded
IM5,0.5780336,0.8799395,0.0248608,0.0001083,0.3976132,spin1_run_113_mzp_2000_mx_100,2000.0,100.0,0.45186424748519644,0.6878721236966155,Excluded,Excluded
IM6,0.5586038,0.8171114,0.0130299,7.89e-05,0.3976132,spin1_run_113_mzp_2000_mx_100,2000.0,100.0,0.48660831313820857,0.7117982369615101,Excluded,Excluded
IM7,0.5344287,0.6294199,0.0067158,5.68e-05,0.3976132,spin1_run_113_mzp_2000_mx_100,2000.0,100.0,0.6317137414943506,0.7439967202360203,Excluded,Excluded
IM8,0.5366824,0.5757327,0.0037227,4.23e-05,0.3976132,spin1_run_113_mzp_2000_mx_100,2000.0,100.0,0.6906211858384976,0.7408724415035782,Excluded,Excluded
IM9,0.6101268,0.5752578,0.0020705,3.16e-05,0.3976132,spin1_run_113_mzp_2000_mx_100,2000.0,100.0,0.6911913232641087,0.6516894520942205,Excluded,Excluded
IM10,0.8192878,1.2669633,0.0011392,2.35e-05,0.3976132,spin1_run_113_mzp_2000_mx_100,2000.0,100.0,0.31383166347438796,0.4853156607482743,Excluded,Excluded
IM11,1.0489383,0.9339709,0.0005408,1.62e-05,0.3976132,spin1_run_113_mzp_2000_mx_100,2000.0,100.0,0.42572332821076114,0.3790625244592556,Excluded,Excluded
IM12,1.1463034,0.9201904,0.0003034,1.21e-05,0.3976132,spin1_run_113_mzp_2000_mx_100,2000.0,100.0,0.4320988351975852,0.34686558549856866,Excluded,Excluded
EM0,9.9810311,11.1758776,0.0367043,0.0001308,0.3976132,spin1_run_113_mzp_2000_mx_100,2000.0,100.0,0.03557780554074787,0.03983688619104694,Excluded,Excluded
EM1,4.0835444,3.9897604,0.0311822,0.0001209,0.3976132,spin1_run_113_mzp_2000_mx_100,2000.0,100.0,0.09965841557803821,0.09736962820827906,Excluded,Excluded
EM2,1.9609764,1.9453529,0.0255209,0.0001097,0.3976132,spin1_run_113_mzp_2000_mx_100,2000.0,100.0,0.20439129579008516,0.2027628685383465,Excluded,Excluded
EM3,1.251267,1.5127971,0.0184701,9.36e-05,0.3976132,spin1_run_113_mzp_2000_mx_100,2000.0,100.0,0.2628331320836086,0.31776846987893076,Excluded,Excluded
EM4,0.7630332,1.0737337,0.0229634,0.0001042,0.3976132,spin1_run_113_mzp_2000_mx_100,2000.0,100.0,0.37030895090654226,0.5210955434180322,Excluded,Excluded
EM5,0.51898,0.6341052,0.0118309,7.52e-05,0.3976132,spin1_run_113_mzp_2000_mx_100,2000.0,100.0,0.6270461115915782,0.7661435893483372,Excluded,Excluded
EM6,0.4608928,0.6405913,0.006314,5.51e-05,0.3976132,spin1_run_113_mzp_2000_mx_100,2000.0,100.0,0.6206971590154284,0.8627021294322671,Excluded,Excluded
EM7,0.4792155,0.7010153,0.0029932,3.8e-05,0.3976132,spin1_run_113_mzp_2000_mx_100,2000.0,100.0,0.5671961795983625,0.8297169018948677,Excluded,Excluded
EM8,0.4905806,0.563306,0.0016522,2.82e-05,0.3976132,spin1_run_113_mzp_2000_mx_100,2000.0,100.0,0.7058564971791531,0.8104951561476341,Excluded,Excluded
EM9,0.5246867,0.443977,0.0009313,2.12e-05,0.3976132,spin1_run_113_mzp_2000_mx_100,2000.0,100.0,0.8955716174486515,0.7578107087524804,Excluded,Excluded
EM10,0.5239542,1.1135477,0.0005984,1.7e-05,0.3976132,spin1_run_113_mzp_2000_mx_100,2000.0,100.0,0.35706885300019026,0.7588701455203527,Excluded,Excluded
EM11,0.924975,1.0334944,0.0002373,1.07e-05,0.3976132,spin1_run_113_mzp_2000_mx_100,2000.0,100.0,0.3847269999721334,0.4298637260466499,Excluded,Excluded
EM12,0.8350517,0.6705307,0.0003034,1.21e-05,0.3976132,spin1_run_113_mzp_2000_mx_100,2000.0,100.0,0.5929828417997863,0.47615399142352505,Excluded,Excluded
IM0,3.515044,4.4943091,0.1598143,0.000258,0.3879102,spin1_run_114_mzp_2000_mx_150,2000.0,150.0,0.08631141992436613,0.11035713919939551,Excluded,Excluded
IM1,1.8270588,2.3059385,0.1236726,0.0002318,0.3879102,spin1_run_114_mzp_2000_mx_150,2000.0,150.0,0.16822226611854565,0.21231402076386374,Excluded,Excluded
IM2,1.2639649,1.7268725,0.0899821,0.0002015,0.3879102,spin1_run_114_mzp_2000_mx_150,2000.0,150.0,0.2246316389889815,0.30689950330108057,Excluded,Excluded
IM3,0.859221,1.2686925,0.0660862,0.0001749,0.3879102,spin1_run_114_mzp_2000_mx_150,2000.0,150.0,0.3057558864736727,0.4514673174887485,Excluded,Excluded
IM4,0.683926,1.0870767,0.0480595,0.0001506,0.3879102,spin1_run_114_mzp_2000_mx_150,2000.0,150.0,0.35683793057104435,0.5671815371838473,Excluded,Excluded
IM5,0.5502902,0.8347231,0.0261714,0.0001124,0.3879102,spin1_run_114_mzp_2000_mx_150,2000.0,150.0,0.46471722179486824,0.7049193316544616,Excluded,Excluded
IM6,0.5324632,0.778554,0.0136582,8.17e-05,0.3879102,spin1_run_114_mzp_2000_mx_150,2000.0,150.0,0.49824443776539584,0.7285202057156249,Excluded,Excluded
IM7,0.4439441,0.523078,0.008086,6.31e-05,0.3879102,spin1_run_114_mzp_2000_mx_150,2000.0,150.0,0.7415915026057298,0.8737816315162201,Excluded,Excluded
IM8,0.4366547,0.4674094,0.0045844,4.76e-05,0.3879102,spin1_run_114_mzp_2000_mx_150,2000.0,150.0,0.8299152734198328,0.8883683148263376,Excluded,Excluded
IM9,0.4461301,0.4211626,0.0028353,3.74e-05,0.3879102,spin1_run_114_mzp_2000_mx_150,2000.0,150.0,0.9210461707663501,0.8695001749489667,Excluded,Excluded
IM10,0.5049269,0.7835355,0.0018404,3.02e-05,0.3879102,spin1_run_114_mzp_2000_mx_150,2000.0,150.0,0.49507673870552127,0.7682502160213687,Excluded,Excluded
IM11,0.4012428,0.3583287,0.0014092,2.64e-05,0.3879102,spin1_run_114_mzp_2000_mx_150,2000.0,150.0,1.0825540906994053,0.9667717402031887,Included,Excluded
IM12,0.3836234,0.306311,0.0009075,2.12e-05,0.3879102,spin1_run_114_mzp_2000_mx_150,2000.0,150.0,1.2663933061496322,1.0111745008255493,Included,Included
EM0,10.1650644,11.3941215,0.0361417,0.0001314,0.3879102,spin1_run_114_mzp_2000_mx_150,2000.0,150.0,0.03404476597866715,0.03816111583119926,Excluded,Excluded
EM1,3.7918498,3.6852515,0.0336905,0.000127,0.3879102,spin1_run_114_mzp_2000_mx_150,2000.0,150.0,0.10526017016749059,0.10230104578509412,Excluded,Excluded
EM2,2.1072607,2.0800395,0.0238959,0.0001075,0.3879102,spin1_run_114_mzp_2000_mx_150,2000.0,150.0,0.18649174691153703,0.18408268136922973,Excluded,Excluded
EM3,1.2851183,1.5576637,0.0180268,9.37e-05,0.3879102,spin1_run_114_mzp_2000_mx_150,2000.0,150.0,0.24903334397533947,0.301847853228765,Excluded,Excluded
EM4,0.8009605,1.1255275,0.0218881,0.000103,0.3879102,spin1_run_114_mzp_2000_mx_150,2000.0,150.0,0.34464746529960394,0.48430627977284774,Excluded,Excluded
EM5,0.4897086,0.5967497,0.0125132,7.83e-05,0.3879102,spin1_run_114_mzp_2000_mx_150,2000.0,150.0,0.6500383661692666,0.7921245410025473,Excluded,Excluded
EM6,0.5234715,0.725256,0.0055722,5.24e-05,0.3879102,spin1_run_114_mzp_2000_mx_150,2000.0,150.0,0.5348596909229293,0.7410340391024153,Excluded,Excluded
EM7,0.4102381,0.5991831,0.0035016,4.16e-05,0.3879102,spin1_run_114_mzp_2000_mx_150,2000.0,150.0,0.6473984329664839,0.9455733146189981,Excluded,Excluded
EM8,0.4626241,0.5316605,0.0017491,2.94e-05,0.3879102,spin1_run_114_mzp_2000_mx_150,2000.0,150.0,0.7296201241205619,0.8384997668733644,Excluded,Excluded
EM9,0.493194,0.4188082,0.0009949,2.22e-05,0.3879102,spin1_run_114_mzp_2000_mx_150,2000.0,150.0,0.9262239851082189,0.7865266000802928,Excluded,Excluded
EM10,0.7262345,1.5497047,0.0004312,1.46e-05,0.3879102,spin1_run_114_mzp_2000_mx_150,2000.0,150.0,0.25031233369815553,0.5341390418659537,Excluded,Excluded
EM11,0.4373973,0.4914312,0.0005017,1.58e-05,0.3879102,spin1_run_114_mzp_2000_mx_150,2000.0,150.0,0.7893479290692166,0.886860069780952,Excluded,Excluded
EM12,0.280332,0.2258054,0.0009075,2.12e-05,0.3879102,spin1_run_114_mzp_2000_mx_150,2000.0,150.0,1.7178960290586496,1.3837528359231195,Included,Included
IM0,3.3600295,4.254475,0.1683431,0.0002677,0.3755982,spin1_run_115_mzp_2000_mx_200,2000.0,200.0,0.08828309015801009,0.11178419713279303,Excluded,Excluded
IM1,1.7458455,2.1904459,0.1297502,0.0002404,0.3755982,spin1_run_115_mzp_2000_mx_200,2000.0,200.0,0.17147111462556552,0.21513828113656105,Excluded,Excluded
IM2,1.1664546,1.6087666,0.0966799,0.0002114,0.3755982,spin1_run_115_mzp_2000_mx_200,2000.0,200.0,0.23346966551891368,0.32199984465747744,Excluded,Excluded
IM3,0.8127984,1.1982194,0.0698076,0.0001823,0.3755982,spin1_run_115_mzp_2000_mx_200,2000.0,200.0,0.3134636277796871,0.46210499430116986,Excluded,Excluded
IM4,0.6566658,1.0536765,0.0496574,0.0001554,0.3755982,spin1_run_115_mzp_2000_mx_200,2000.0,200.0,0.3564644366653333,0.5719777092091594,Excluded,Excluded
IM5,0.5506892,0.8345143,0.0261754,0.0001142,0.3755982,spin1_run_115_mzp_2000_mx_200,2000.0,200.0,0.4500800046206518,0.6820511460911164,Excluded,Excluded
IM6,0.4921599,0.7239242,0.0147429,8.62e-05,0.3755982,spin1_run_115_mzp_2000_mx_200,2000.0,200.0,0.5188363643596939,0.7631629476517693,Excluded,Excluded
IM7,0.4479517,0.5301468,0.0080131,6.38e-05,0.3755982,spin1_run_115_mzp_2000_mx_200,2000.0,200.0,0.7084796135711844,0.8384792378285426,Excluded,Excluded
IM8,0.4564291,0.4888213,0.0043815,4.73e-05,0.3755982,spin1_run_115_mzp_2000_mx_200,2000.0,200.0,0.7683752733360841,0.8229059014861235,Excluded,Excluded
IM9,0.4816973,0.4540013,0.0026291,3.66e-05,0.3755982,spin1_run_115_mzp_2000_mx_200,2000.0,200.0,0.8273064416335372,0.7797390601940264,Excluded,Excluded
IM10,0.506301,0.7845743,0.0018394,3.07e-05,0.3755982,spin1_run_115_mzp_2000_mx_200,2000.0,200.0,0.47872865578186796,0.7418476360899939,Excluded,Excluded
IM11,0.4802147,0.4308419,0.0011758,2.45e-05,0.3755982,spin1_run_115_mzp_2000_mx_200,2000.0,200.0,0.8717773271355456,0.7821464024320788,Excluded,Excluded
IM12,0.4929144,0.3952252,0.0007067,1.9e-05,0.3755982,spin1_run_115_mzp_2000_mx_200,2000.0,200.0,0.9503397050592928,0.7619947804324646,Excluded,Excluded
EM0,9.5515329,10.6526877,0.0385928,0.0001378,0.3755982,spin1_run_115_mzp_2000_mx_200,2000.0,200.0,0.03525853855642459,0.03932334253908082,Excluded,Excluded
EM1,3.864087,3.7563035,0.0330703,0.0001279,0.3755982,spin1_run_115_mzp_2000_mx_200,2000.0,200.0,0.09999144105368482,0.0972023145441601,Excluded,Excluded
EM2,1.863102,1.8408662,0.0268723,0.0001157,0.3755982,spin1_run_115_mzp_2000_mx_200,2000.0,200.0,0.20403340557830874,0.20159830218635372,Excluded,Excluded
EM3,1.1459693,1.3888125,0.0201502,0.0001005,0.3755982,spin1_run_115_mzp_2000_mx_200,2000.0,200.0,0.2704455785068179,0.3277559006161858,Excluded,Excluded
EM4,0.7444712,1.0484103,0.023482,0.0001083,0.3755982,spin1_run_115_mzp_2000_mx_200,2000.0,200.0,0.3582549694523222,0.5045167630393224,Excluded,Excluded
EM5,0.5352086,0.6572337,0.0114325,7.61e-05,0.3755982,spin1_run_115_mzp_2000_mx_200,2000.0,200.0,0.5714834768819675,0.701779082025214,Excluded,Excluded
EM6,0.4325475,0.6013617,0.0067298,5.85e-05,0.3755982,spin1_run_115_mzp_2000_mx_200,2000.0,200.0,0.6245795167866527,0.8683397777122744,Excluded,Excluded
EM7,0.3958513,0.5767444,0.0036316,4.3e-05,0.3755982,spin1_run_115_mzp_2000_mx_200,2000.0,200.0,0.6512385729276261,0.9488365959641916,Excluded,Excluded
EM8,0.4633784,0.5317257,0.0017524,2.99e-05,0.3755982,spin1_run_115_mzp_2000_mx_200,2000.0,200.0,0.7063758625923103,0.8105647565790722,Excluded,Excluded
EM9,0.6196105,0.5287643,0.0007897,2.01e-05,0.3755982,spin1_run_115_mzp_2000_mx_200,2000.0,200.0,0.710331994803734,0.6061843690512023,Excluded,Excluded
EM10,0.4698511,1.0069037,0.0006636,1.84e-05,0.3755982,spin1_run_115_mzp_2000_mx_200,2000.0,200.0,0.3730229613815104,0.7993983625876367,Excluded,Excluded
EM11,0.4678648,0.5264609,0.000469,1.55e-05,0.3755982,spin1_run_115_mzp_2000_mx_200,2000.0,200.0,0.7134398774913768,0.802792174149455,Excluded,Excluded
EM12,0.3598342,0.2899408,0.0007067,1.9e-05,0.3755982,spin1_run_115_mzp_2000_mx_200,2000.0,200.0,1.2954306534299416,1.0438090653973413,Included,Included
IM0,3.3855345,4.3053169,0.1666292,0.0002718,0.3614103,spin1_run_116_mzp_2000_mx_250,2000.0,250.0,0.08394510982455206,0.10675132685843255,Excluded,Excluded
IM1,1.7580497,2.1956721,0.1292247,0.0002446,0.3614103,spin1_run_116_mzp_2000_mx_250,2000.0,250.0,0.16460121709430112,0.20557456367701096,Excluded,Excluded
IM2,1.1976691,1.6439605,0.0947016,0.0002135,0.3614103,spin1_run_116_mzp_2000_mx_250,2000.0,250.0,0.21984123097848157,0.3017613963656573,Excluded,Excluded
IM3,0.8375042,1.2328963,0.0680591,0.0001837,0.3614103,spin1_run_116_mzp_2000_mx_250,2000.0,250.0,0.29313925266869567,0.43153252246376794,Excluded,Excluded
IM4,0.6727979,1.0673203,0.0489181,0.0001573,0.3614103,spin1_run_116_mzp_2000_mx_250,2000.0,250.0,0.33861465953566144,0.5371751308974062,Excluded,Excluded
IM5,0.5456072,0.8319865,0.0262959,0.0001167,0.3614103,spin1_run_116_mzp_2000_mx_250,2000.0,250.0,0.43439442827497804,0.6624001662734657,Excluded,Excluded
IM6,0.5149364,0.7571364,0.0140973,8.6e-05,0.3614103,spin1_run_116_mzp_2000_mx_250,2000.0,250.0,0.47733842937679394,0.701854248408153,Excluded,Excluded
IM7,0.4518429,0.53347,0.0079514,6.48e-05,0.3614103,spin1_run_116_mzp_2000_mx_250,2000.0,250.0,0.677470710630401,0.7998583135864258,Excluded,Excluded
IM8,0.4998991,0.5391305,0.003983,4.59e-05,0.3614103,spin1_run_116_mzp_2000_mx_250,2000.0,250.0,0.6703577334244678,0.7229664946386182,Excluded,Excluded
IM9,0.5656649,0.5352727,0.0022415,3.45e-05,0.3614103,spin1_run_116_mzp_2000_mx_250,2000.0,250.0,0.6751891138853149,0.638912366667969,Excluded,Excluded
IM10,0.6455053,0.998623,0.0014448,2.77e-05,0.3614103,spin1_run_116_mzp_2000_mx_250,2000.0,250.0,0.3619086482085832,0.5598874246268777,Excluded,Excluded
IM11,0.6979949,0.6237904,0.0008063,2.07e-05,0.3614103,spin1_run_116_mzp_2000_mx_250,2000.0,250.0,0.5793777845891825,0.5177835826594149,Excluded,Excluded
IM12,0.7949924,0.6334251,0.0004363,1.52e-05,0.3614103,spin1_run_116_mzp_2000_mx_250,2000.0,250.0,0.5705651702150736,0.45460849688625954,Excluded,Excluded
EM0,9.8059968,10.9712462,0.0374045,0.0001384,0.3614103,spin1_run_116_mzp_2000_mx_250,2000.0,250.0,0.03294159053690729,0.036856049147395195,Excluded,Excluded
EM1,3.7005784,3.6024026,0.0345231,0.0001332,0.3614103,spin1_run_116_mzp_2000_mx_250,2000.0,250.0,0.10032479434697278,0.09766319232690761,Excluded,Excluded
EM2,1.885998,1.865229,0.0266426,0.0001174,0.3614103,spin1_run_116_mzp_2000_mx_250,2000.0,250.0,0.19376189197144159,0.1916281459471325,Excluded,Excluded
EM3,1.2085207,1.4671927,0.019141,9.99e-05,0.3614103,spin1_run_116_mzp_2000_mx_250,2000.0,250.0,0.2463277659437646,0.29905180771831213,Excluded,Excluded
EM4,0.7760099,1.0886466,0.0226222,0.0001084,0.3614103,spin1_run_116_mzp_2000_mx_250,2000.0,250.0,0.3319812875914002,0.4657289810349069,Excluded,Excluded
EM5,0.5047012,0.6149746,0.0121986,8.01e-05,0.3614103,spin1_run_116_mzp_2000_mx_250,2000.0,250.0,0.5876832961881677,0.7160876574099686,Excluded,Excluded
EM6,0.4750419,0.6574901,0.006146,5.7e-05,0.3614103,spin1_run_116_mzp_2000_mx_250,2000.0,250.0,0.5496817366527649,0.7607966791981928,Excluded,Excluded
EM7,0.3635085,0.5275431,0.0039683,4.59e-05,0.3614103,spin1_run_116_mzp_2000_mx_250,2000.0,250.0,0.6850820340556061,0.9942279203925081,Excluded,Excluded
EM8,0.4671717,0.5338047,0.0017415,3.04e-05,0.3614103,spin1_run_116_mzp_2000_mx_250,2000.0,250.0,0.6770459308432466,0.7736134273544395,Excluded,Excluded
EM9,0.6133844,0.5196938,0.0007967,2.06e-05,0.3614103,spin1_run_116_mzp_2000_mx_250,2000.0,250.0,0.6954293085659287,0.5892068660370234,Excluded,Excluded
EM10,0.4899001,1.0453463,0.0006385,1.84e-05,0.3614103,spin1_run_116_mzp_2000_mx_250,2000.0,250.0,0.34573260554899365,0.7377224458619217,Excluded,Excluded
EM11,0.5924177,0.6698857,0.00037,1.4e-05,0.3614103,spin1_run_116_mzp_2000_mx_250,2000.0,250.0,0.5395103970722169,0.6100599289994205,Excluded,Excluded
EM12,0.5856023,0.4684871,0.0004363,1.52e-05,0.3614103,spin1_run_116_mzp_2000_mx_250,2000.0,250.0,0.7714413054276201,0.6171599735861694,Excluded,Excluded
IM0,3.4048441,4.2821642,0.1666843,0.0002772,0.3475202,spin1_run_117_mzp_2000_mx_300,2000.0,300.0,0.08115527190666812,0.10206640591855586,Excluded,Excluded
IM1,1.7530997,2.2042897,0.1288688,0.0002492,0.3475202,spin1_run_117_mzp_2000_mx_300,2000.0,300.0,0.15765631894936497,0.1982318518450491,Excluded,Excluded
IM2,1.1977119,1.6558809,0.0942803,0.0002174,0.3475202,spin1_run_117_mzp_2000_mx_300,2000.0,300.0,0.2098702871686001,0.29015341669394784,Excluded,Excluded
IM3,0.8311561,1.2179601,0.0686199,0.000188,0.3475202,spin1_run_117_mzp_2000_mx_300,2000.0,300.0,0.2853297082556317,0.4181166449960483,Excluded,Excluded
IM4,0.6602713,1.0482835,0.0498475,0.0001619,0.3475202,spin1_run_117_mzp_2000_mx_300,2000.0,300.0,0.33151356479425653,0.5263294042918418,Excluded,Excluded
IM5,0.5670883,0.8593679,0.0254948,0.0001172,0.3475202,spin1_run_117_mzp_2000_mx_300,2000.0,300.0,0.40439048281882534,0.6128149707902631,Excluded,Excluded
IM6,0.5353522,0.7813864,0.0136013,8.62e-05,0.3475202,spin1_run_117_mzp_2000_mx_300,2000.0,300.0,0.44474820652112707,0.6491431248437944,Excluded,Excluded
IM7,0.48347,0.5666989,0.0074584,6.4e-05,0.3475202,spin1_run_117_mzp_2000_mx_300,2000.0,300.0,0.6132360588665339,0.7188040622996256,Excluded,Excluded
IM8,0.460216,0.4943035,0.0043501,4.9e-05,0.3475202,spin1_run_117_mzp_2000_mx_300,2000.0,300.0,0.7030502515155163,0.7551241156326595,Excluded,Excluded
IM9,0.5821646,0.5487716,0.002179,3.47e-05,0.3475202,spin1_run_117_mzp_2000_mx_300,2000.0,300.0,0.6332692872590345,0.5969449190143131,Excluded,Excluded
IM10,0.728116,1.1288468,0.001279,2.66e-05,0.3475202,spin1_run_117_mzp_2000_mx_300,2000.0,300.0,0.30785417472060866,0.4772868608848041,Excluded,Excluded
IM11,0.7201836,0.642205,0.000781,2.08e-05,0.3475202,spin1_run_117_mzp_2000_mx_300,2000.0,300.0,0.541135930115773,0.4825438957510279,Excluded,Excluded
IM12,0.602251,0.4781124,0.0005785,1.79e-05,0.3475202,spin1_run_117_mzp_2000_mx_300,2000.0,300.0,0.7268587888538344,0.5770354885255483,Excluded,Excluded
EM0,9.6940462,10.8404638,0.0378155,0.0001419,0.3475202,spin1_run_117_mzp_2000_mx_300,2000.0,300.0,0.032057687421086174,0.03584882853147533,Excluded,Excluded
EM1,3.6996157,3.5967993,0.0345885,0.0001359,0.3475202,spin1_run_117_mzp_2000_mx_300,2000.0,300.0,0.09661929149063168,0.09393413483459917,Excluded,Excluded
EM2,1.9469359,1.9210441,0.0256604,0.0001176,0.3475202,spin1_run_117_mzp_2000_mx_300,2000.0,300.0,0.1809017294293244,0.17849596383733024,Excluded,Excluded
EM3,1.2333745,1.4924131,0.0187723,0.000101,0.3475202,spin1_run_117_mzp_2000_mx_300,2000.0,300.0,0.23285791313410475,0.28176373031873125,Excluded,Excluded
EM4,0.7217566,1.0109575,0.0243527,0.0001147,0.3475202,spin1_run_117_mzp_2000_mx_300,2000.0,300.0,0.3437535207958792,0.48149223713368194,Excluded,Excluded
EM5,0.5171918,0.6309065,0.0118935,8.06e-05,0.3475202,spin1_run_117_mzp_2000_mx_300,2000.0,300.0,0.5508267865365153,0.6719367940481655,Excluded,Excluded
EM6,0.4742823,0.6578695,0.0061429,5.81e-05,0.3475202,spin1_run_117_mzp_2000_mx_300,2000.0,300.0,0.5282509677071212,0.7327285880160402,Excluded,Excluded
EM7,0.4608476,0.6756066,0.0031083,4.14e-05,0.3475202,spin1_run_117_mzp_2000_mx_300,2000.0,300.0,0.5143824823499357,0.7540892043269836,Excluded,Excluded
EM8,0.3753775,0.4285786,0.0021711,3.46e-05,0.3475202,spin1_run_117_mzp_2000_mx_300,2000.0,300.0,0.8108668981605708,0.9257885728366778,Excluded,Excluded
EM9,0.5454838,0.461085,0.0009,2.23e-05,0.3475202,spin1_run_117_mzp_2000_mx_300,2000.0,300.0,0.7537009445113156,0.6370861976102682,Excluded,Excluded
EM10,0.6271649,1.339941,0.000498,1.66e-05,0.3475202,spin1_run_117_mzp_2000_mx_300,2000.0,300.0,0.2593548521912532,0.554112961359923,Excluded,Excluded
EM11,1.0797533,1.2124113,0.0002025,1.06e-05,0.3475202,spin1_run_117_mzp_2000_mx_300,2000.0,300.0,0.2866355666595981,0.3218514821857919,Excluded,Excluded
EM12,0.4379508,0.3540215,0.0005785,1.79e-05,0.3475202,spin1_run_117_mzp_2000_mx_300,2000.0,300.0,0.9816358610988316,0.7935142486324949,Excluded,Excluded
IM0,3.3120608,4.2126909,0.1698713,0.0002864,0.3304588,spin1_run_118_mzp_2000_mx_350,2000.0,350.0,0.07844363800819092,0.09977437612256394,Excluded,Excluded
IM1,1.7310468,2.1750918,0.1307621,0.0002572,0.3304588,spin1_run_118_mzp_2000_mx_350,2000.0,350.0,0.15192866802219565,0.19090113565964825,Excluded,Excluded
IM2,1.1882692,1.6234467,0.0958787,0.0002246,0.3304588,spin1_run_118_mzp_2000_mx_350,2000.0,350.0,0.2035538339509391,0.2781009555747132,Excluded,Excluded
IM3,0.812812,1.1956339,0.070147,0.0001948,0.3304588,spin1_run_118_mzp_2000_mx_350,2000.0,350.0,0.27638794784925386,0.4065624031141273,Excluded,Excluded
IM4,0.6528187,1.0445276,0.050242,0.0001666,0.3304588,spin1_run_118_mzp_2000_mx_350,2000.0,350.0,0.3163715348450343,0.5062030239023484,Excluded,Excluded
IM5,0.5339835,0.8078179,0.0270483,0.0001237,0.3304588,spin1_run_118_mzp_2000_mx_350,2000.0,350.0,0.4090758573188339,0.618855826069532,Excluded,Excluded
IM6,0.5201159,0.7590287,0.0140079,8.96e-05,0.3304588,spin1_run_118_mzp_2000_mx_350,2000.0,350.0,0.43537062564300927,0.6353560812118991,Excluded,Excluded
IM7,0.4638019,0.5478162,0.0077193,6.68e-05,0.3304588,spin1_run_118_mzp_2000_mx_350,2000.0,350.0,0.603229331297614,0.7124998841100048,Excluded,Excluded
IM8,0.426618,0.4577288,0.0047003,5.22e-05,0.3304588,spin1_run_118_mzp_2000_mx_350,2000.0,350.0,0.7219532614071913,0.7746011654454337,Excluded,Excluded
IM9,0.4629386,0.4366609,0.0027253,3.98e-05,0.3304588,spin1_run_118_mzp_2000_mx_350,2000.0,350.0,0.7567858720576996,0.7138285725148,Excluded,Excluded
IM10,0.6051619,0.9309518,0.0015458,3e-05,0.3304588,spin1_run_118_mzp_2000_mx_350,2000.0,350.0,0.3549687534843372,0.5460667632909474,Excluded,Excluded
IM11,0.602433,0.5361491,0.0009397,2.34e-05,0.3304588,spin1_run_118_mzp_2000_mx_350,2000.0,350.0,0.6163561591355837,0.5485403356057852,Excluded,Excluded
IM12,0.5156276,0.4081164,0.0006741,1.98e-05,0.3304588,spin1_run_118_mzp_2000_mx_350,2000.0,350.0,0.8097170317095809,0.6408865623174556,Excluded,Excluded
EM0,9.3690785,10.5035515,0.0391092,0.0001479,0.3304588,spin1_run_118_mzp_2000_mx_350,2000.0,350.0,0.03146162514650402,0.035271216907831436,Excluded,Excluded
EM1,3.6609505,3.5735355,0.0348835,0.00014,0.3304588,spin1_run_118_mzp_2000_mx_350,2000.0,350.0,0.09247390994156907,0.09026584762618341,Excluded,Excluded
EM2,1.9469136,1.920068,0.0257317,0.0001208,0.3304588,spin1_run_118_mzp_2000_mx_350,2000.0,350.0,0.17210786284652418,0.16973470214600175,Excluded,Excluded
EM3,1.1634117,1.4056877,0.0199049,0.0001065,0.3304588,spin1_run_118_mzp_2000_mx_350,2000.0,350.0,0.23508692578017149,0.28404287149596313,Excluded,Excluded
EM4,0.7549251,1.0619485,0.0231937,0.0001148,0.3304588,spin1_run_118_mzp_2000_mx_350,2000.0,350.0,0.3111815685977239,0.4377372006838824,Excluded,Excluded
EM5,0.4708909,0.574596,0.0130404,8.65e-05,0.3304588,spin1_run_118_mzp_2000_mx_350,2000.0,350.0,0.5751150373479802,0.7017735955398586,Excluded,Excluded
EM6,0.4642608,0.6404368,0.0062886,6.03e-05,0.3304588,spin1_run_118_mzp_2000_mx_350,2000.0,350.0,0.5159897120215453,0.711795611432195,Excluded,Excluded
EM7,0.4769149,0.6937594,0.003019,4.18e-05,0.3304588,spin1_run_118_mzp_2000_mx_350,2000.0,350.0,0.4763305549445528,0.6929093639137717,Excluded,Excluded
EM8,0.4126088,0.4717157,0.001975,3.39e-05,0.3304588,spin1_run_118_mzp_2000_mx_350,2000.0,350.0,0.7005465368229211,0.8009009987183986,Excluded,Excluded
EM9,0.4158676,0.3516871,0.0011795,2.62e-05,0.3304588,spin1_run_118_mzp_2000_mx_350,2000.0,350.0,0.939638673127334,0.7946250200785058,Excluded,Excluded
EM10,0.5181901,1.1017568,0.0006061,1.88e-05,0.3304588,spin1_run_118_mzp_2000_mx_350,2000.0,350.0,0.29993806255609223,0.6377173164828892,Excluded,Excluded
EM11,0.824705,0.9281237,0.0002656,1.24e-05,0.3304588,spin1_run_118_mzp_2000_mx_350,2000.0,350.0,0.356050384232188,0.40069940160420997,Excluded,Excluded
EM12,0.3771119,0.3032742,0.0006741,1.98e-05,0.3304588,spin1_run_118_mzp_2000_mx_350,2000.0,350.0,1.0896370347362223,0.876288443827946,Included,Excluded
IM0,3.3349295,4.2414917,0.1692008,0.0003549,0.2441353,spin1_run_119_mzp_2000_mx_400,2000.0,400.0,0.0575588300691476,0.07320553552931179,Excluded,Excluded
IM1,1.7169273,2.1620291,0.131471,0.0003199,0.2441353,spin1_run_119_mzp_2000_mx_400,2000.0,400.0,0.11291952545874614,0.14219314935466398,Excluded,Excluded
IM2,1.1531746,1.5775589,0.0987613,0.0002824,0.2441353,spin1_run_119_mzp_2000_mx_400,2000.0,400.0,0.15475510930209957,0.21170714304668173,Excluded,Excluded
IM3,0.8044998,1.1847982,0.0707077,0.0002426,0.2441353,spin1_run_119_mzp_2000_mx_400,2000.0,400.0,0.20605644066643586,0.30346222584517735,Excluded,Excluded
IM4,0.6346595,1.0093835,0.0517509,0.0002097,0.2441353,spin1_run_119_mzp_2000_mx_400,2000.0,400.0,0.24186575270945088,0.38467130800058924,Excluded,Excluded
IM5,0.5595417,0.8456841,0.0258188,0.0001501,0.2441353,spin1_run_119_mzp_2000_mx_400,2000.0,400.0,0.28868380048767617,0.43631296827385696,Excluded,Excluded
IM6,0.518245,0.754996,0.0141176,0.0001117,0.2441353,spin1_run_119_mzp_2000_mx_400,2000.0,400.0,0.32335972640914656,0.4710808594390684,Excluded,Excluded
IM7,0.5003947,0.5929121,0.0071516,7.98e-05,0.2441353,spin1_run_119_mzp_2000_mx_400,2000.0,400.0,0.41175631261362344,0.4878854632153378,Excluded,Excluded
IM8,0.4473288,0.4775347,0.0044814,6.32e-05,0.2441353,spin1_run_119_mzp_2000_mx_400,2000.0,400.0,0.5112409632221491,0.5457625352984202,Excluded,Excluded
IM9,0.4450558,0.4219339,0.0028371,5.03e-05,0.2441353,spin1_run_119_mzp_2000_mx_400,2000.0,400.0,0.578610298911749,0.5485498672301315,Excluded,Excluded
IM10,0.5582936,0.862039,0.0016733,3.87e-05,0.2441353,spin1_run_119_mzp_2000_mx_400,2000.0,400.0,0.28320679226809925,0.4372883729994398,Excluded,Excluded
IM11,0.5708341,0.5132871,0.0009827,2.97e-05,0.2441353,spin1_run_119_mzp_2000_mx_400,2000.0,400.0,0.47563108443598134,0.4276817029676398,Excluded,Excluded
IM12,0.6398291,0.5048028,0.000546,2.21e-05,0.2441353,spin1_run_119_mzp_2000_mx_400,2000.0,400.0,0.4836250908275469,0.38156329557377117,Excluded,Excluded
EM0,9.7190937,10.8380175,0.0377298,0.0001804,0.2441353,spin1_run_119_mzp_2000_mx_400,2000.0,400.0,0.0225258263330909,0.02511914253897974,Excluded,Excluded
EM1,3.9087157,3.7908142,0.0327098,0.0001684,0.2441353,spin1_run_119_mzp_2000_mx_400,2000.0,400.0,0.06440181109377506,0.06245921134658118,Excluded,Excluded
EM2,1.7920462,1.7597252,0.0280536,0.0001563,0.2441353,spin1_run_119_mzp_2000_mx_400,2000.0,400.0,0.1387349001991902,0.13623270426845022,Excluded,Excluded
EM3,1.2242527,1.4835519,0.0189568,0.0001291,0.2441353,spin1_run_119_mzp_2000_mx_400,2000.0,400.0,0.16456134766838965,0.19941577421066745,Excluded,Excluded
EM4,0.6774234,0.952108,0.0259321,0.0001504,0.2441353,spin1_run_119_mzp_2000_mx_400,2000.0,400.0,0.25641555369768976,0.3603880527303899,Excluded,Excluded
EM5,0.5260383,0.6408578,0.0117012,0.0001018,0.2441353,spin1_run_119_mzp_2000_mx_400,2000.0,400.0,0.38095081311329904,0.4641017583700655,Excluded,Excluded
EM6,0.4184454,0.5789244,0.0069659,7.87e-05,0.2441353,spin1_run_119_mzp_2000_mx_400,2000.0,400.0,0.4217049756410336,0.583434063321045,Excluded,Excluded
EM7,0.5375814,0.7846429,0.0026702,4.88e-05,0.2441353,spin1_run_119_mzp_2000_mx_400,2000.0,400.0,0.31114192201318586,0.4541364340358502,Excluded,Excluded
EM8,0.4938626,0.5661274,0.0016443,3.84e-05,0.2441353,spin1_run_119_mzp_2000_mx_400,2000.0,400.0,0.43123738578984167,0.4943385062970956,Excluded,Excluded
EM9,0.4203394,0.3555977,0.0011638,3.23e-05,0.2441353,spin1_run_119_mzp_2000_mx_400,2000.0,400.0,0.686549153720623,0.580805177910993,Excluded,Excluded
EM10,0.4534313,0.9655352,0.0006906,2.49e-05,0.2441353,spin1_run_119_mzp_2000_mx_400,2000.0,400.0,0.2528497148524466,0.5384173964170538,Excluded,Excluded
EM11,0.5051254,0.5652116,0.0004367,1.98e-05,0.2441353,spin1_run_119_mzp_2000_mx_400,2000.0,400.0,0.4319361102992224,0.4833162220707967,Excluded,Excluded
EM12,0.4656768,0.377452,0.000546,2.21e-05,0.2441353,spin1_run_119_mzp_2000_mx_400,2000.0,400.0,0.6467982683890932,0.5242590998735603,Excluded,Excluded
IM0,32.6769143,41.4462747,0.0172599,1.8e-06,1061.176,spin1_run_11_mzp_200_mx_50,200.0,50.0,25.603652141986117,32.47479215012661,Included,Included
IM1,26.4683846,33.2737122,0.0085502,1.3e-06,1061.176,spin1_run_11_mzp_200_mx_50,200.0,50.0,31.892323694498987,40.092208725121814,Included,Included
IM2,26.2681923,36.1004981,0.0043045,9e-07,1061.176,spin1_run_11_mzp_200_mx_50,200.0,50.0,29.39505147714291,40.3977551207435,Included,Included
IM3,24.0672818,35.5768001,0.0023579,7e-07,1061.176,spin1_run_11_mzp_200_mx_50,200.0,50.0,29.82775283379125,44.09205862209167,Included,Included
IM4,26.1271961,41.5743039,0.0012591,5e-07,1061.176,spin1_run_11_mzp_200_mx_50,200.0,50.0,25.524804998599148,40.61576282194322,Included,Included
IM5,37.1107132,56.2042866,0.0003885,3e-07,1061.176,spin1_run_11_mzp_200_mx_50,200.0,50.0,18.88069512477363,28.59486947289388,Included,Included
IM6,101.0250192,148.484074,7.2e-05,1e-07,1061.176,spin1_run_11_mzp_200_mx_50,200.0,50.0,7.146732786978892,10.504091049952505,Included,Included
IM7,-1.0,-1.0,0.0,0.0,1061.176,spin1_run_11_mzp_200_mx_50,200.0,50.0,-1061.176,-1061.176,Excluded,Excluded
IM8,-1.0,-1.0,0.0,0.0,1061.176,spin1_run_11_mzp_200_mx_50,200.0,50.0,-1061.176,-1061.176,Excluded,Excluded
IM9,-1.0,-1.0,0.0,0.0,1061.176,spin1_run_11_mzp_200_mx_50,200.0,50.0,-1061.176,-1061.176,Excluded,Excluded
IM10,-1.0,-1.0,0.0,0.0,1061.176,spin1_run_11_mzp_200_mx_50,200.0,50.0,-1061.176,-1061.176,Excluded,Excluded
IM11,-1.0,-1.0,0.0,0.0,1061.176,spin1_run_11_mzp_200_mx_50,200.0,50.0,-1061.176,-1061.176,Excluded,Excluded
IM12,-1.0,-1.0,0.0,0.0,1061.176,spin1_run_11_mzp_200_mx_50,200.0,50.0,-1061.176,-1061.176,Excluded,Excluded
EM0,42.182444,47.0726406,0.0087097,1.3e-06,1061.176,spin1_run_11_mzp_200_mx_50,200.0,50.0,22.54337097885263,25.156816423439096,Included,Included
EM1,30.0797856,29.4115718,0.0042457,9e-07,1061.176,spin1_run_11_mzp_200_mx_50,200.0,50.0,36.08022064295115,35.278708901435785,Included,Included
EM2,25.8015828,25.4548913,0.0019466,6e-07,1061.176,spin1_run_11_mzp_200_mx_50,200.0,50.0,41.688490730266835,41.128329537984776,Included,Included
EM3,21.1076667,25.5036294,0.0010988,5e-07,1061.176,spin1_run_11_mzp_200_mx_50,200.0,50.0,41.608822938746115,50.27443417040501,Included,Included
EM4,20.1640948,28.3497813,0.0008707,4e-07,1061.176,spin1_run_11_mzp_200_mx_50,200.0,50.0,37.43154096218724,52.62700907357368,Included,Included
EM5,19.4131909,23.739242,0.0003164,3e-07,1061.176,spin1_run_11_mzp_200_mx_50,200.0,50.0,44.70134303361497,54.66262632795724,Included,Included
EM6,40.3198778,55.8923002,7.2e-05,1e-07,1061.176,spin1_run_11_mzp_200_mx_50,200.0,50.0,18.986085671958083,26.318928972547628,Included,Included
EM7,-1.0,-1.0,0.0,0.0,1061.176,spin1_run_11_mzp_200_mx_50,200.0,50.0,-1061.176,-1061.176,Excluded,Excluded
EM8,-1.0,-1.0,0.0,0.0,1061.176,spin1_run_11_mzp_200_mx_50,200.0,50.0,-1061.176,-1061.176,Excluded,Excluded
EM9,-1.0,-1.0,0.0,0.0,1061.176,spin1_run_11_mzp_200_mx_50,200.0,50.0,-1061.176,-1061.176,Excluded,Excluded
EM10,-1.0,-1.0,0.0,0.0,1061.176,spin1_run_11_mzp_200_mx_50,200.0,50.0,-1061.176,-1061.176,Excluded,Excluded
EM11,-1.0,-1.0,0.0,0.0,1061.176,spin1_run_11_mzp_200_mx_50,200.0,50.0,-1061.176,-1061.176,Excluded,Excluded
EM12,-1.0,-1.0,0.0,0.0,1061.176,spin1_run_11_mzp_200_mx_50,200.0,50.0,-1061.176,-1061.176,Excluded,Excluded
IM0,3.3591581,4.2569894,0.167878,0.0004565,0.01323402,spin1_run_120_mzp_2000_mx_450,2000.0,450.0,0.0031087744780383996,0.003939683577263005,Excluded,Excluded
IM1,1.764512,2.2131461,0.1283396,0.0004086,0.01323402,spin1_run_120_mzp_2000_mx_450,2000.0,450.0,0.00597973174929572,0.007500102011207632,Excluded,Excluded
IM2,1.2125393,1.6556674,0.0938826,0.0003563,0.01323402,spin1_run_120_mzp_2000_mx_450,2000.0,450.0,0.007993163361191989,0.010914301911698863,Excluded,Excluded
IM3,0.8591746,1.266674,0.0663339,0.000304,0.01323402,spin1_run_120_mzp_2000_mx_450,2000.0,450.0,0.010447850038762934,0.015403178818368234,Excluded,Excluded
IM4,0.6841502,1.0964211,0.0478732,0.0002608,0.01323402,spin1_run_120_mzp_2000_mx_450,2000.0,450.0,0.012070198211252959,0.019343734752982605,Excluded,Excluded
IM5,0.5435196,0.8277115,0.0264568,0.000196,0.01323402,spin1_run_120_mzp_2000_mx_450,2000.0,450.0,0.015988686879425985,0.02434874473708032,Excluded,Excluded
IM6,0.4965538,0.7248446,0.0146989,0.000147,0.01323402,spin1_run_120_mzp_2000_mx_450,2000.0,450.0,0.018257734140531643,0.026651734414276963,Excluded,Excluded
IM7,0.4423963,0.5196798,0.0081239,0.0001096,0.01323402,spin1_run_120_mzp_2000_mx_450,2000.0,450.0,0.025465719468026275,0.029914400278664176,Excluded,Excluded
IM8,0.4377951,0.4702938,0.0045787,8.25e-05,0.01323402,spin1_run_120_mzp_2000_mx_450,2000.0,450.0,0.02813989893126382,0.030228798814788016,Excluded,Excluded
IM9,0.4243155,0.4000067,0.0029799,6.66e-05,0.01323402,spin1_run_120_mzp_2000_mx_450,2000.0,450.0,0.03308449583469477,0.031189103391226578,Excluded,Excluded
IM10,0.6084542,0.9357372,0.0015406,4.79e-05,0.01323402,spin1_run_120_mzp_2000_mx_450,2000.0,450.0,0.014142881142269432,0.021750231981306073,Excluded,Excluded
IM11,0.735407,0.6554357,0.0007683,3.38e-05,0.01323402,spin1_run_120_mzp_2000_mx_450,2000.0,450.0,0.020191179699244336,0.01799550453014453,Excluded,Excluded
IM12,0.6444274,0.5105124,0.0005409,2.84e-05,0.01323402,spin1_run_120_mzp_2000_mx_450,2000.0,450.0,0.02592301381905709,0.020536091420073076,Excluded,Excluded
EM0,9.2657198,10.3408724,0.0395384,0.000238,0.01323402,spin1_run_120_mzp_2000_mx_450,2000.0,450.0,0.001279777903458126,0.0014282775958754982,Excluded,Excluded
EM1,3.6862238,3.6114263,0.034457,0.0002228,0.01323402,spin1_run_120_mzp_2000_mx_450,2000.0,450.0,0.0036644856908750983,0.0035901292808103516,Excluded,Excluded
EM2,1.8085863,1.805488,0.0275487,0.0001999,0.01323402,spin1_run_120_mzp_2000_mx_450,2000.0,450.0,0.007329885327401789,0.007317328457038517,Excluded,Excluded
EM3,1.2564999,1.5249743,0.0184607,0.0001644,0.01323402,spin1_run_120_mzp_2000_mx_450,2000.0,450.0,0.008678192150516897,0.010532448112411311,Excluded,Excluded
EM4,0.8195344,1.1523831,0.0214164,0.0001768,0.01323402,spin1_run_120_mzp_2000_mx_450,2000.0,450.0,0.011484045540063891,0.016148217817336285,Excluded,Excluded
EM5,0.5231694,0.6400029,0.0117579,0.0001317,0.01323402,spin1_run_120_mzp_2000_mx_450,2000.0,450.0,0.020678062552529058,0.025295860193658117,Excluded,Excluded
EM6,0.44495,0.6138098,0.006575,9.87e-05,0.01323402,spin1_run_120_mzp_2000_mx_450,2000.0,450.0,0.021560457327334952,0.02974271266434431,Excluded,Excluded
EM7,0.4054978,0.5909507,0.0035452,7.26e-05,0.01323402,spin1_run_120_mzp_2000_mx_450,2000.0,450.0,0.022394456931855735,0.03263647792910344,Excluded,Excluded
EM8,0.5075221,0.5835319,0.0015988,4.88e-05,0.01323402,spin1_run_120_mzp_2000_mx_450,2000.0,450.0,0.022679171438613727,0.026075751184037113,Excluded,Excluded
EM9,0.3388566,0.2901458,0.0014394,4.63e-05,0.01323402,spin1_run_120_mzp_2000_mx_450,2000.0,450.0,0.0456116200889346,0.03905492765966489,Excluded,Excluded
EM10,0.4052347,0.8627707,0.0007722,3.39e-05,0.01323402,spin1_run_120_mzp_2000_mx_450,2000.0,450.0,0.01533897708858217,0.03265766727281746,Excluded,Excluded
EM11,0.9628274,1.0874547,0.0002274,1.84e-05,0.01323402,spin1_run_120_mzp_2000_mx_450,2000.0,450.0,0.012169720724918473,0.01374495574180793,Excluded,Excluded
EM12,0.4710882,0.3763618,0.0005409,2.84e-05,0.01323402,spin1_run_120_mzp_2000_mx_450,2000.0,450.0,0.035163026640854626,0.028092446382651914,Excluded,Excluded
IM0,3.3369751,4.2156632,0.1696686,0.0005851,0.002166729,spin1_run_121_mzp_2000_mx_500,2000.0,500.0,0.0005139710876333765,0.0006493093100994371,Excluded,Excluded
IM1,1.6953735,2.1369635,0.1332819,0.0005298,0.002166729,spin1_run_121_mzp_2000_mx_500,2000.0,500.0,0.0010139288761834258,0.0012780245768852705,Excluded,Excluded
IM2,1.1060301,1.5245268,0.102666,0.0004732,0.002166729,spin1_run_121_mzp_2000_mx_500,2000.0,500.0,0.0014212469075650228,0.0019590144969834004,Excluded,Excluded
IM3,0.7591736,1.123828,0.0745582,0.0004095,0.002166729,spin1_run_121_mzp_2000_mx_500,2000.0,500.0,0.00192798987033603,0.002854062628099818,Excluded,Excluded
IM4,0.5914519,0.9390569,0.0555022,0.0003569,0.002166729,spin1_run_121_mzp_2000_mx_500,2000.0,500.0,0.002307345806201946,0.0036634069482235155,Excluded,Excluded
IM5,0.4954381,0.7530466,0.0290482,0.0002618,0.002166729,spin1_run_121_mzp_2000_mx_500,2000.0,500.0,0.0028772840883950607,0.004373359658855465,Excluded,Excluded
IM6,0.4559635,0.665134,0.0160358,0.0001958,0.002166729,spin1_run_121_mzp_2000_mx_500,2000.0,500.0,0.003257582682587268,0.004751979050954736,Excluded,Excluded
IM7,0.3419801,0.4056139,0.0104537,0.0001586,0.002166729,spin1_run_121_mzp_2000_mx_500,2000.0,500.0,0.0053418509572773516,0.006335833576281193,Excluded,Excluded
IM8,0.3092524,0.3311821,0.006481,0.0001251,0.002166729,spin1_run_121_mzp_2000_mx_500,2000.0,500.0,0.0065424097498023,0.00700634497905271,Excluded,Excluded
IM9,0.3290401,0.309766,0.0038446,9.65e-05,0.002166729,spin1_run_121_mzp_2000_mx_500,2000.0,500.0,0.006994728278765262,0.00658499982221012,Excluded,Excluded
IM10,0.4972788,0.7689687,0.0018724,6.74e-05,0.002166729,spin1_run_121_mzp_2000_mx_500,2000.0,500.0,0.0028177076648243293,0.004357171470008373,Excluded,Excluded
IM11,0.485964,0.4307826,0.0011623,5.31e-05,0.002166729,spin1_run_121_mzp_2000_mx_500,2000.0,500.0,0.005029750505243248,0.004458620391633948,Excluded,Excluded
IM12,0.4252361,0.3374733,0.0008207,4.46e-05,0.002166729,spin1_run_121_mzp_2000_mx_500,2000.0,500.0,0.006420445706371438,0.005095355262641154,Excluded,Excluded
EM0,10.0856054,11.3187643,0.0363867,0.0002919,0.002166729,spin1_run_121_mzp_2000_mx_500,2000.0,500.0,0.00019142805191199185,0.00021483380660520387,Excluded,Excluded
EM1,4.1718234,4.0659328,0.0306159,0.0002686,0.002166729,spin1_run_121_mzp_2000_mx_500,2000.0,500.0,0.0005328983794321441,0.0005193721766841808,Excluded,Excluded
EM2,1.77389,1.7665503,0.0281077,0.0002577,0.002166729,spin1_run_121_mzp_2000_mx_500,2000.0,500.0,0.001226531166420792,0.0012214562346030476,Excluded,Excluded
EM3,1.213828,1.4673691,0.0190561,0.0002131,0.002166729,spin1_run_121_mzp_2000_mx_500,2000.0,500.0,0.001476608032702883,0.0017850379131145436,Excluded,Excluded
EM4,0.6632063,0.9336409,0.026454,0.0002502,0.002166729,spin1_run_121_mzp_2000_mx_500,2000.0,500.0,0.002320730593529054,0.003267051293089345,Excluded,Excluded
EM5,0.4711758,0.577588,0.0130124,0.0001767,0.002166729,spin1_run_121_mzp_2000_mx_500,2000.0,500.0,0.0037513400555413204,0.004598557481093044,Excluded,Excluded
EM6,0.519157,0.7229203,0.005582,0.0001161,0.002166729,spin1_run_121_mzp_2000_mx_500,2000.0,500.0,0.002997189316719976,0.004173552509163895,Excluded,Excluded
EM7,0.3637662,0.5287053,0.0039727,9.81e-05,0.002166729,spin1_run_121_mzp_2000_mx_500,2000.0,500.0,0.004098179080103793,0.005956378025226094,Excluded,Excluded
EM8,0.3068837,0.3532491,0.0026364,7.99e-05,0.002166729,spin1_run_121_mzp_2000_mx_500,2000.0,500.0,0.0061337141410976,0.007060423867412965,Excluded,Excluded
EM9,0.2469898,0.2094918,0.0019722,6.92e-05,0.002166729,spin1_run_121_mzp_2000_mx_500,2000.0,500.0,0.010342786686638808,0.008772544453252725,Excluded,Excluded
EM10,0.4404527,0.9375944,0.0007101,4.15e-05,0.002166729,spin1_run_121_mzp_2000_mx_500,2000.0,500.0,0.0023109449032545416,0.0049193227785866685,Excluded,Excluded
EM11,0.6395619,0.722943,0.0003417,2.88e-05,0.002166729,spin1_run_121_mzp_2000_mx_500,2000.0,500.0,0.002997095206676045,0.0033878331401542214,Excluded,Excluded
EM12,0.3093172,0.2480761,0.0008207,4.46e-05,0.002166729,spin1_run_121_mzp_2000_mx_500,2000.0,500.0,0.008734130373703877,0.007004877194026067,Excluded,Excluded
IM0,3.2245263,4.0793561,0.1756311,0.0007979,0.05217761,spin1_run_122_mzp_2000_mx_550,2000.0,550.0,0.01279064850455198,0.016181480672060267,Excluded,Excluded
IM1,1.6797546,2.1119006,0.1347676,0.0007161,0.05217761,spin1_run_122_mzp_2000_mx_550,2000.0,550.0,0.024706470560214817,0.031062638554465036,Excluded,Excluded
IM2,1.1307202,1.5629676,0.0998587,0.0006287,0.05217761,spin1_run_122_mzp_2000_mx_550,2000.0,550.0,0.033383679866428456,0.04614546551834839,Excluded,Excluded
IM3,0.772013,1.1326009,0.0741533,0.0005495,0.05217761,spin1_run_122_mzp_2000_mx_550,2000.0,550.0,0.046068840312593784,0.06758643960658695,Excluded,Excluded
IM4,0.6092945,0.9707518,0.0539336,0.0004737,0.05217761,spin1_run_122_mzp_2000_mx_550,2000.0,550.0,0.05374969173376758,0.08563610864696793,Excluded,Excluded
IM5,0.525309,0.7955911,0.0274894,0.0003429,0.05217761,spin1_run_122_mzp_2000_mx_550,2000.0,550.0,0.06558345109692655,0.09932746250302202,Excluded,Excluded
IM6,0.5149216,0.7545222,0.0141364,0.0002476,0.05217761,spin1_run_122_mzp_2000_mx_550,2000.0,550.0,0.0691531806486277,0.10133117352233816,Excluded,Excluded
IM7,0.526592,0.619087,0.0068242,0.0001726,0.05217761,spin1_run_122_mzp_2000_mx_550,2000.0,550.0,0.08428154685851907,0.09908545895114244,Excluded,Excluded
IM8,0.4411559,0.4682319,0.0045667,0.0001414,0.05217761,spin1_run_122_mzp_2000_mx_550,2000.0,550.0,0.11143540198777573,0.1182747640913337,Excluded,Excluded
IM9,0.6627483,0.6240947,0.001907,9.15e-05,0.05217761,spin1_run_122_mzp_2000_mx_550,2000.0,550.0,0.08360527657100757,0.07872914951271848,Excluded,Excluded
IM10,0.9712312,1.5066427,0.0009588,6.49e-05,0.05217761,spin1_run_122_mzp_2000_mx_550,2000.0,550.0,0.034631707968982954,0.053723160870449795,Excluded,Excluded
IM11,0.9888143,0.8837724,0.0005716,5.01e-05,0.05217761,spin1_run_122_mzp_2000_mx_550,2000.0,550.0,0.05903964640669928,0.05276785540014945,Excluded,Excluded
IM12,0.6098904,0.4852791,0.0005716,5.01e-05,0.05217761,spin1_run_122_mzp_2000_mx_550,2000.0,550.0,0.10752082667479394,0.0855524369624444,Excluded,Excluded
EM0,8.9996909,10.0316161,0.0408634,0.0004152,0.05217761,spin1_run_122_mzp_2000_mx_550,2000.0,550.0,0.0052013164658484086,0.005797711341397292,Excluded,Excluded
EM1,3.6420522,3.5604643,0.0349089,0.0003849,0.05217761,spin1_run_122_mzp_2000_mx_550,2000.0,550.0,0.014654720734034603,0.014326431125836142,Excluded,Excluded
EM2,1.939772,1.9229423,0.0257055,0.0003319,0.05217761,spin1_run_122_mzp_2000_mx_550,2000.0,550.0,0.02713425670650648,0.026898836564297247,Excluded,Excluded
EM3,1.1476864,1.3889825,0.0202197,0.0002952,0.05217761,spin1_run_122_mzp_2000_mx_550,2000.0,550.0,0.03756534729559228,0.045463299033603605,Excluded,Excluded
EM4,0.6632835,0.9336469,0.0264442,0.0003365,0.05217761,spin1_run_122_mzp_2000_mx_550,2000.0,550.0,0.055885806507792186,0.07866562337220812,Excluded,Excluded
EM5,0.4586099,0.5590491,0.0133531,0.0002407,0.05217761,spin1_run_122_mzp_2000_mx_550,2000.0,550.0,0.09333278597532847,0.11377340524048869,Excluded,Excluded
EM6,0.3977471,0.5522673,0.0073122,0.0001787,0.05217761,spin1_run_122_mzp_2000_mx_550,2000.0,550.0,0.0944789054140993,0.13118287977461054,Excluded,Excluded
EM7,0.6371021,0.9274457,0.0022574,9.95e-05,0.05217761,spin1_run_122_mzp_2000_mx_550,2000.0,550.0,0.05625947696991856,0.08189834878899316,Excluded,Excluded
EM8,0.3056453,0.3494632,0.0026598,0.000108,0.05217761,spin1_run_122_mzp_2000_mx_550,2000.0,550.0,0.14930788134487408,0.1707129473281611,Excluded,Excluded
EM9,0.5149481,0.4369146,0.0009482,6.45e-05,0.05217761,spin1_run_122_mzp_2000_mx_550,2000.0,550.0,0.11942290324012976,0.10132595886847626,Excluded,Excluded
EM10,0.8104833,1.7176764,0.0003872,4.13e-05,0.05217761,spin1_run_122_mzp_2000_mx_550,2000.0,550.0,0.030376856781638265,0.06437839002975138,Excluded,Excluded
EM11,-1.0,-1.0,0.0,0.0,0.05217761,spin1_run_122_mzp_2000_mx_550,2000.0,550.0,-0.05217761,-0.05217761,Excluded,Excluded
EM12,0.4450726,0.3576432,0.0005716,5.01e-05,0.05217761,spin1_run_122_mzp_2000_mx_550,2000.0,550.0,0.14589291785779793,0.11723392992514031,Excluded,Excluded
IM0,3.1021621,3.9582879,0.1810837,0.0009301,0.05214483,spin1_run_123_mzp_2000_mx_600,2000.0,600.0,0.013173581941828941,0.01680918930703202,Excluded,Excluded
IM1,1.5818221,1.9881303,0.1430362,0.0008457,0.05214483,spin1_run_123_mzp_2000_mx_600,2000.0,600.0,0.02622807468906842,0.03296504075900824,Excluded,Excluded
IM2,1.1089874,1.5213565,0.1022175,0.0007317,0.05214483,spin1_run_123_mzp_2000_mx_600,2000.0,600.0,0.034275220830883496,0.04702021862466607,Excluded,Excluded
IM3,0.747096,1.1031426,0.0764506,0.0006418,0.05214483,spin1_run_123_mzp_2000_mx_600,2000.0,600.0,0.0472693466828314,0.0697966927945003,Excluded,Excluded
IM4,0.5926073,0.9385719,0.0556218,0.0005536,0.05214483,spin1_run_123_mzp_2000_mx_600,2000.0,600.0,0.05555762962858786,0.0879922167681701,Excluded,Excluded
IM5,0.4674042,0.7078919,0.0308983,0.000418,0.05214483,spin1_run_123_mzp_2000_mx_600,2000.0,600.0,0.07366213683190895,0.11156260470059962,Excluded,Excluded
IM6,0.513868,0.7531846,0.0141468,0.0002852,0.05214483,spin1_run_123_mzp_2000_mx_600,2000.0,600.0,0.06923246970264661,0.10147514536807119,Excluded,Excluded
IM7,0.6206236,0.7379383,0.0057369,0.0001824,0.05214483,spin1_run_123_mzp_2000_mx_600,2000.0,600.0,0.07066285894091688,0.08402005660113472,Excluded,Excluded
IM8,0.540983,0.5757862,0.003716,0.000147,0.05214483,spin1_run_123_mzp_2000_mx_600,2000.0,600.0,0.09056283391300451,0.09638903625437399,Excluded,Excluded
IM9,0.5954202,0.5643131,0.0021218,0.0001111,0.05214483,spin1_run_123_mzp_2000_mx_600,2000.0,600.0,0.09240407497185517,0.08757652158929106,Excluded,Excluded
IM10,1.2977165,1.9986805,0.0007222,6.49e-05,0.05214483,spin1_run_123_mzp_2000_mx_600,2000.0,600.0,0.0260896276318301,0.0401819889012739,Excluded,Excluded
IM11,2.2732093,2.0320272,0.0002484,3.81e-05,0.05214483,spin1_run_123_mzp_2000_mx_600,2000.0,600.0,0.025661482287244977,0.022938860051294002,Excluded,Excluded
IM12,1.4062979,1.118513,0.0002484,3.81e-05,0.05214483,spin1_run_123_mzp_2000_mx_600,2000.0,600.0,0.04661978001149741,0.03707950498966116,Excluded,Excluded
EM0,9.6530815,10.8060554,0.0380474,0.0004621,0.05214483,spin1_run_123_mzp_2000_mx_600,2000.0,600.0,0.004825519402760049,0.005401884362003988,Excluded,Excluded
EM1,3.1117638,3.0552957,0.0408187,0.0004779,0.05214483,spin1_run_123_mzp_2000_mx_600,2000.0,600.0,0.01706703216975038,0.016757322647689393,Excluded,Excluded
EM2,1.9387504,1.9246902,0.0257669,0.0003827,0.05214483,spin1_run_123_mzp_2000_mx_600,2000.0,600.0,0.027092583523311963,0.02689610276805101,Excluded,Excluded
EM3,1.1099611,1.3461146,0.0208288,0.0003449,0.05214483,spin1_run_123_mzp_2000_mx_600,2000.0,600.0,0.038737288786556516,0.04697897070446883,Excluded,Excluded
EM4,0.7091265,-1.0,0.0247235,0.0003751,0.05214483,spin1_run_123_mzp_2000_mx_600,2000.0,600.0,-0.05214483,0.07353388993360141,Excluded,Excluded
EM5,0.3682757,0.4465996,0.0167515,0.00031,0.05214483,spin1_run_123_mzp_2000_mx_600,2000.0,600.0,0.11675968809645151,0.14159182916494356,Excluded,Excluded
EM6,0.3460019,0.4788114,0.0084099,0.0002206,0.05214483,spin1_run_123_mzp_2000_mx_600,2000.0,600.0,0.1089047378571187,0.15070677357552084,Excluded,Excluded
EM7,0.7138369,1.0347063,0.0020209,0.0001085,0.05214483,spin1_run_123_mzp_2000_mx_600,2000.0,600.0,0.05039577897612105,0.0730486613959015,Excluded,Excluded
EM8,0.5086727,0.5859516,0.0015942,9.64e-05,0.05214483,spin1_run_123_mzp_2000_mx_600,2000.0,600.0,0.08899170170369021,0.10251155605559333,Excluded,Excluded
EM9,0.3480618,0.3012078,0.0013996,9.03e-05,0.05214483,spin1_run_123_mzp_2000_mx_600,2000.0,600.0,0.1731191224131646,0.1498148604644348,Excluded,Excluded
EM10,0.6641653,1.4069197,0.0004738,5.26e-05,0.05214483,spin1_run_123_mzp_2000_mx_600,2000.0,600.0,0.03706311739042392,0.07851182529409471,Excluded,Excluded
EM11,-1.0,-1.0,0.0,0.0,0.05214483,spin1_run_123_mzp_2000_mx_600,2000.0,600.0,-0.05214483,-0.05214483,Excluded,Excluded
EM12,1.0224307,0.8240715,0.0002484,3.81e-05,0.05214483,spin1_run_123_mzp_2000_mx_600,2000.0,600.0,0.06327707001152207,0.051000845338466466,Excluded,Excluded
IM0,3.1172242,3.9481784,0.1813499,0.0009878,0.1348303,spin1_run_124_mzp_2000_mx_650,2000.0,650.0,0.0341500019350696,0.04325332133633506,Excluded,Excluded
IM1,1.5801425,1.9940281,0.1429737,0.0008974,0.1348303,spin1_run_124_mzp_2000_mx_650,2000.0,650.0,0.06761705113383307,0.08532793719553773,Excluded,Excluded
IM2,1.0635141,1.4595894,0.1067523,0.0007916,0.1348303,spin1_run_124_mzp_2000_mx_650,2000.0,650.0,0.09237549957542852,0.12677810289492167,Excluded,Excluded
IM3,0.773092,1.1427428,0.0736173,0.0006695,0.1348303,spin1_run_124_mzp_2000_mx_650,2000.0,650.0,0.11798831723113896,0.17440395192292765,Excluded,Excluded
IM4,0.5835171,0.9265231,0.0564232,0.0005915,0.1348303,spin1_run_124_mzp_2000_mx_650,2000.0,650.0,0.14552286931648006,0.23106486510849464,Excluded,Excluded
IM5,0.4766598,0.7218803,0.030264,0.0004392,0.1348303,spin1_run_124_mzp_2000_mx_650,2000.0,650.0,0.18677653345021325,0.2828648440669844,Excluded,Excluded
IM6,0.4257398,0.6215271,0.0171531,0.0003329,0.1348303,spin1_run_124_mzp_2000_mx_650,2000.0,650.0,0.21693390360613396,0.31669648926409977,Excluded,Excluded
IM7,0.4426231,0.5240391,0.0081049,0.0002299,0.1348303,spin1_run_124_mzp_2000_mx_650,2000.0,650.0,0.25729053423685366,0.3046165010366607,Excluded,Excluded
IM8,0.5936555,0.6321168,0.0033835,0.0001489,0.1348303,spin1_run_124_mzp_2000_mx_650,2000.0,650.0,0.2132996623408838,0.2271187582697372,Excluded,Excluded
IM9,0.6986756,0.6612074,0.0018085,0.0001089,0.1348303,spin1_run_124_mzp_2000_mx_650,2000.0,650.0,0.20391529193411928,0.19297983212810066,Excluded,Excluded
IM10,0.8223542,1.2731283,0.0011331,8.62e-05,0.1348303,spin1_run_124_mzp_2000_mx_650,2000.0,650.0,0.10590472303537671,0.16395648006661848,Excluded,Excluded
IM11,1.2569148,1.1247523,0.0004487,5.43e-05,0.1348303,spin1_run_124_mzp_2000_mx_650,2000.0,650.0,0.11987554948765164,0.1072708349046411,Excluded,Excluded
IM12,0.7754957,0.6170172,0.0004487,5.43e-05,0.1348303,spin1_run_124_mzp_2000_mx_650,2000.0,650.0,0.2185195161496308,0.17386337538686544,Excluded,Excluded
EM0,9.6029899,10.7469675,0.0383761,0.0004925,0.1348303,spin1_run_124_mzp_2000_mx_650,2000.0,650.0,0.012545892597144262,0.01404045004775023,Excluded,Excluded
EM1,3.5136087,3.4302696,0.0362215,0.000479,0.1348303,spin1_run_124_mzp_2000_mx_650,2000.0,650.0,0.039306035887091785,0.038373738088706345,Excluded,Excluded
EM2,1.5059445,1.4933716,0.033135,0.0004589,0.1348303,spin1_run_124_mzp_2000_mx_650,2000.0,650.0,0.0902858337469388,0.08953205114796726,Excluded,Excluded
EM3,1.3479664,1.6284786,0.0171941,0.0003332,0.1348303,spin1_run_124_mzp_2000_mx_650,2000.0,650.0,0.08279525441722108,0.10002497094883075,Excluded,Excluded
EM4,0.667974,0.9425996,0.0261592,0.0004092,0.1348303,spin1_run_124_mzp_2000_mx_650,2000.0,650.0,0.14304090517331006,0.20184962288951366,Excluded,Excluded
EM5,0.4663037,0.5727941,0.0131109,0.0002916,0.1348303,spin1_run_124_mzp_2000_mx_650,2000.0,650.0,0.23539051816350762,0.28914696580790583,Excluded,Excluded
EM6,0.3229058,0.4458735,0.0090482,0.0002427,0.1348303,spin1_run_124_mzp_2000_mx_650,2000.0,650.0,0.3023958589151407,0.41755304488181993,Excluded,Excluded
EM7,0.3029254,0.4450524,0.0047214,0.0001757,0.1348303,spin1_run_124_mzp_2000_mx_650,2000.0,650.0,0.3029537645454782,0.4450940726660755,Excluded,Excluded
EM8,0.5179557,0.5883585,0.001575,0.0001017,0.1348303,spin1_run_124_mzp_2000_mx_650,2000.0,650.0,0.2291635117024739,0.2603124166796504,Excluded,Excluded
EM9,0.7219859,0.6148954,0.0006755,6.66e-05,0.1348303,spin1_run_124_mzp_2000_mx_650,2000.0,650.0,0.21927355449398384,0.18674921490849059,Excluded,Excluded
EM10,0.4578153,0.975161,0.0006844,6.7e-05,0.1348303,spin1_run_124_mzp_2000_mx_650,2000.0,650.0,0.1382646557850447,0.29450806908375493,Excluded,Excluded
EM11,-1.0,-1.0,0.0,0.0,0.1348303,spin1_run_124_mzp_2000_mx_650,2000.0,650.0,-0.1348303,-0.1348303,Excluded,Excluded
EM12,0.5667616,0.4543516,0.0004487,5.43e-05,0.1348303,spin1_run_124_mzp_2000_mx_650,2000.0,650.0,0.29675321931297255,0.23789596895767107,Excluded,Excluded
IM0,3.2322242,4.1229537,0.1736439,0.0003963,0.1759318,spin1_run_125_mzp_2000_mx_700,2000.0,700.0,0.042671301402196195,0.05443056827555465,Excluded,Excluded
IM1,1.6863991,2.1274368,0.1339814,0.0003564,0.1759318,spin1_run_125_mzp_2000_mx_700,2000.0,700.0,0.08269660466529488,0.10432394087496845,Excluded,Excluded
IM2,1.1330244,1.5565922,0.0999955,0.0003139,0.1759318,spin1_run_125_mzp_2000_mx_700,2000.0,700.0,0.11302369368162066,0.15527626766025515,Excluded,Excluded
IM3,0.7740284,1.1457312,0.0731909,0.0002725,0.1759318,spin1_run_125_mzp_2000_mx_700,2000.0,700.0,0.1535541669808765,0.2272937272069087,Excluded,Excluded
IM4,0.6135223,0.9710085,0.0538635,0.0002362,0.1759318,spin1_run_125_mzp_2000_mx_700,2000.0,700.0,0.18118461372892203,0.2867569768857628,Excluded,Excluded
IM5,0.4866732,0.7378615,0.0296979,0.0001776,0.1759318,spin1_run_125_mzp_2000_mx_700,2000.0,700.0,0.2384347197949751,0.36149884563193535,Excluded,Excluded
IM6,0.4671448,0.6809784,0.0156433,0.0001298,0.1759318,spin1_run_125_mzp_2000_mx_700,2000.0,700.0,0.25835151305827025,0.37661084956955526,Excluded,Excluded
IM7,0.4484148,0.5287742,0.007999,9.32e-05,0.1759318,spin1_run_125_mzp_2000_mx_700,2000.0,700.0,0.33271630877603336,0.392341644388187,Excluded,Excluded
IM8,0.4406169,0.4717242,0.0045377,7.03e-05,0.1759318,spin1_run_125_mzp_2000_mx_700,2000.0,700.0,0.37295479010828786,0.39928518402267366,Excluded,Excluded
IM9,0.4923645,0.4654108,0.0025685,5.3e-05,0.1759318,spin1_run_125_mzp_2000_mx_700,2000.0,700.0,0.3780140039724046,0.3573202373444877,Excluded,Excluded
IM10,0.6795047,1.0457797,0.0013758,3.88e-05,0.1759318,spin1_run_125_mzp_2000_mx_700,2000.0,700.0,0.1682302687650181,0.2589118220963004,Excluded,Excluded
IM11,0.5375823,0.4832272,0.0010473,3.38e-05,0.1759318,spin1_run_125_mzp_2000_mx_700,2000.0,700.0,0.36407677382399,0.32726486716545544,Excluded,Excluded
IM12,0.6416716,0.5071684,0.0005449,2.44e-05,0.1759318,spin1_run_125_mzp_2000_mx_700,2000.0,700.0,0.34689030310248037,0.27417732061072986,Excluded,Excluded
EM0,9.2489557,10.3645583,0.0396625,0.0002042,0.1759318,spin1_run_125_mzp_2000_mx_700,2000.0,700.0,0.016974365419894447,0.01902180156404036,Excluded,Excluded
EM1,3.7503897,3.6576125,0.0339859,0.0001896,0.1759318,spin1_run_125_mzp_2000_mx_700,2000.0,700.0,0.04810017463577675,0.04691027175122628,Excluded,Excluded
EM2,1.8711043,1.8557779,0.0268046,0.000169,0.1759318,spin1_run_125_mzp_2000_mx_700,2000.0,700.0,0.09480218511062126,0.09402565105536874,Excluded,Excluded
EM3,1.1990876,1.4461119,0.0193274,0.000144,0.1759318,spin1_run_125_mzp_2000_mx_700,2000.0,700.0,0.12165849682863408,0.14672139049724142,Excluded,Excluded
EM4,0.7245759,1.0183819,0.0241656,0.0001607,0.1759318,spin1_run_125_mzp_2000_mx_700,2000.0,700.0,0.1727562125760483,0.2428065852038413,Excluded,Excluded
EM5,0.4359698,0.5321664,0.0140546,0.0001232,0.1759318,spin1_run_125_mzp_2000_mx_700,2000.0,700.0,0.33059546788372957,0.40354125446303846,Excluded,Excluded
EM6,0.3797675,0.5285092,0.0076443,9.11e-05,0.1759318,spin1_run_125_mzp_2000_mx_700,2000.0,700.0,0.3328831361876009,0.46326186416689163,Excluded,Excluded
EM7,0.4169682,0.6068957,0.0034614,6.14e-05,0.1759318,spin1_run_125_mzp_2000_mx_700,2000.0,700.0,0.2898880318314992,0.42193097699057147,Excluded,Excluded
EM8,0.4139223,0.4714064,0.0019691,4.64e-05,0.1759318,spin1_run_125_mzp_2000_mx_700,2000.0,700.0,0.3732062186682234,0.4250358098609328,Excluded,Excluded
EM9,0.4100866,0.3481388,0.0011927,3.61e-05,0.1759318,spin1_run_125_mzp_2000_mx_700,2000.0,700.0,0.5053495904507053,0.42901133565446903,Excluded,Excluded
EM10,0.9518583,2.0325051,0.0003285,1.9e-05,0.1759318,spin1_run_125_mzp_2000_mx_700,2000.0,700.0,0.08655909399686132,0.18482982183377503,Excluded,Excluded
EM11,0.4380555,0.4897479,0.0005024,2.34e-05,0.1759318,spin1_run_125_mzp_2000_mx_700,2000.0,700.0,0.35922930961010757,0.4016198860646653,Excluded,Excluded
EM12,0.4694384,0.3737127,0.0005449,2.44e-05,0.1759318,spin1_run_125_mzp_2000_mx_700,2000.0,700.0,0.47076751740039874,0.3747707899481593,Excluded,Excluded
IM0,3.2877565,4.1274383,0.1728409,0.0004345,0.1458461,spin1_run_126_mzp_2000_mx_750,2000.0,750.0,0.035335743238124245,0.04436037157861296,Excluded,Excluded
IM1,1.6590269,2.0925751,0.1363173,0.0003943,0.1458461,spin1_run_126_mzp_2000_mx_750,2000.0,750.0,0.069696948988832,0.08791063002052589,Excluded,Excluded
IM2,1.1146627,1.5373883,0.1015741,0.0003472,0.1458461,spin1_run_126_mzp_2000_mx_750,2000.0,750.0,0.09486614409645241,0.13084325868264904,Excluded,Excluded
IM3,0.7691817,1.1336419,0.0739932,0.0003008,0.1458461,spin1_run_126_mzp_2000_mx_750,2000.0,750.0,0.12865270770249407,0.18961202535109717,Excluded,Excluded
IM4,0.6077552,0.9635792,0.0541814,0.0002602,0.1458461,spin1_run_126_mzp_2000_mx_750,2000.0,750.0,0.15135870512771551,0.23997507549092134,Excluded,Excluded
IM5,0.4892403,0.7400408,0.029594,0.0001948,0.1458461,spin1_run_126_mzp_2000_mx_750,2000.0,750.0,0.19707845837688948,0.29810729001678726,Excluded,Excluded
IM6,0.4617694,0.6731309,0.0158184,0.0001434,0.1458461,spin1_run_126_mzp_2000_mx_750,2000.0,750.0,0.21666825872946854,0.31584184660135556,Excluded,Excluded
IM7,0.4110116,0.4816616,0.0087868,0.0001073,0.1458461,spin1_run_126_mzp_2000_mx_750,2000.0,750.0,0.30279785642035817,0.3548466758602434,Excluded,Excluded
IM8,0.4054866,0.4343384,0.0049304,8.05e-05,0.1458461,spin1_run_126_mzp_2000_mx_750,2000.0,750.0,0.33578909900667314,0.35968167628720654,Excluded,Excluded
IM9,0.4606567,0.4336862,0.0027477,6.02e-05,0.1458461,spin1_run_126_mzp_2000_mx_750,2000.0,750.0,0.33629407622377655,0.3166047514342025,Excluded,Excluded
IM10,0.7139654,1.108085,0.001305,4.15e-05,0.1458461,spin1_run_126_mzp_2000_mx_750,2000.0,750.0,0.13161995695276085,0.2042761455947305,Excluded,Excluded
IM11,0.6934729,0.6273649,0.0008092,3.27e-05,0.1458461,spin1_run_126_mzp_2000_mx_750,2000.0,750.0,0.23247411514415295,0.2103126163978434,Excluded,Excluded
IM12,0.6091266,0.4846969,0.0005738,2.75e-05,0.1458461,spin1_run_126_mzp_2000_mx_750,2000.0,750.0,0.30090165627219817,0.23943479073151627,Excluded,Excluded
EM0,10.0660388,11.2329896,0.0365236,0.0002156,0.1458461,spin1_run_126_mzp_2000_mx_750,2000.0,750.0,0.012983729638635115,0.014488926865650469,Excluded,Excluded
EM1,3.672879,3.5685392,0.0347432,0.0002105,0.1458461,spin1_run_126_mzp_2000_mx_750,2000.0,750.0,0.04086997278886554,0.03970893133152494,Excluded,Excluded
EM2,1.8081943,1.79872,0.0275809,0.0001882,0.1458461,spin1_run_126_mzp_2000_mx_750,2000.0,750.0,0.08108327032556485,0.08065842260425221,Excluded,Excluded
EM3,1.1684003,1.4131865,0.0198118,0.0001602,0.1458461,spin1_run_126_mzp_2000_mx_750,2000.0,750.0,0.10320371727298557,0.12482545579627119,Excluded,Excluded
EM4,0.7108326,1.0,0.0245874,0.000178,0.1458461,spin1_run_126_mzp_2000_mx_750,2000.0,750.0,0.1458461,0.2051764367588093,Excluded,Excluded
EM5,0.4463505,0.54304,0.0137756,0.000134,0.1458461,spin1_run_126_mzp_2000_mx_750,2000.0,750.0,0.26857340159104304,0.3267524064608419,Excluded,Excluded
EM6,0.4135976,0.5737217,0.0070316,9.6e-05,0.1458461,spin1_run_126_mzp_2000_mx_750,2000.0,750.0,0.25421053448039355,0.35262801331535776,Excluded,Excluded
EM7,0.3721338,0.5443884,0.0038564,7.12e-05,0.1458461,spin1_run_126_mzp_2000_mx_750,2000.0,750.0,0.26790816997570116,0.3919184443874757,Excluded,Excluded
EM8,0.3738201,0.4277114,0.0021826,5.36e-05,0.1458461,spin1_run_126_mzp_2000_mx_750,2000.0,750.0,0.3409918463711746,0.3901505028755811,Excluded,Excluded
EM9,0.3383264,0.2884472,0.0014428,4.36e-05,0.1458461,spin1_run_126_mzp_2000_mx_750,2000.0,750.0,0.5056249462639957,0.4310810507249804,Excluded,Excluded
EM10,0.6335123,1.3503818,0.0004957,2.56e-05,0.1458461,spin1_run_126_mzp_2000_mx_750,2000.0,750.0,0.10800360312912985,0.23021826095562786,Excluded,Excluded
EM11,0.9325831,1.0446278,0.0002354,1.76e-05,0.1458461,spin1_run_126_mzp_2000_mx_750,2000.0,750.0,0.13961537305440272,0.15638938771247302,Excluded,Excluded
EM12,0.4432751,0.35609,0.0005738,2.75e-05,0.1458461,spin1_run_126_mzp_2000_mx_750,2000.0,750.0,0.4095765115560673,0.32901938322274366,Excluded,Excluded
IM0,3.1827418,4.0328506,0.1772502,0.0004954,0.1144683,spin1_run_127_mzp_2000_mx_800,2000.0,800.0,0.028383967410049855,0.03596531141797302,Excluded,Excluded
IM1,1.6424042,2.0660501,0.1376167,0.0004469,0.1144683,spin1_run_127_mzp_2000_mx_800,2000.0,800.0,0.055404416378867095,0.06969557189393451,Excluded,Excluded
IM2,1.0978379,1.5091808,0.1031301,0.0003946,0.1144683,spin1_run_127_mzp_2000_mx_800,2000.0,800.0,0.07584796997152363,0.10426703250088196,Excluded,Excluded
IM3,0.7533482,1.1132441,0.0755543,0.0003429,0.1144683,spin1_run_127_mzp_2000_mx_800,2000.0,800.0,0.102824079642551,0.15194607221468107,Excluded,Excluded
IM4,0.5958991,0.9528242,0.054942,0.0002956,0.1144683,spin1_run_127_mzp_2000_mx_800,2000.0,800.0,0.12013580259611374,0.19209342655493186,Excluded,Excluded
IM5,0.4657735,0.7115048,0.0307657,0.000224,0.1144683,spin1_run_127_mzp_2000_mx_800,2000.0,800.0,0.16088197858960332,0.24575958056866695,Excluded,Excluded
IM6,0.4303891,0.631028,0.0168917,0.0001672,0.1144683,spin1_run_127_mzp_2000_mx_800,2000.0,800.0,0.1813997160189405,0.26596468172637266,Excluded,Excluded
IM7,0.3513911,0.4117286,0.0102329,0.0001306,0.1144683,spin1_run_127_mzp_2000_mx_800,2000.0,800.0,0.278018821136059,0.3257575391067104,Excluded,Excluded
IM8,0.3392181,0.3611486,0.0059275,9.96e-05,0.1144683,spin1_run_127_mzp_2000_mx_800,2000.0,800.0,0.3169562335282485,0.33744750059032813,Excluded,Excluded
IM9,0.3563716,0.3348447,0.0035502,7.72e-05,0.1144683,spin1_run_127_mzp_2000_mx_800,2000.0,800.0,0.3418548957173281,0.32120488838055555,Excluded,Excluded
IM10,0.4730236,0.7317264,0.0019714,5.75e-05,0.1144683,spin1_run_127_mzp_2000_mx_800,2000.0,800.0,0.15643593015094165,0.2419927885204882,Excluded,Excluded
IM11,0.4680626,0.417906,0.0012085,4.51e-05,0.1144683,spin1_run_127_mzp_2000_mx_800,2000.0,800.0,0.2739092044622475,0.2445576724139036,Excluded,Excluded
IM12,0.4909795,0.3884088,0.0007112,3.46e-05,0.1144683,spin1_run_127_mzp_2000_mx_800,2000.0,800.0,0.29471088193676354,0.2331427279550368,Excluded,Excluded
EM0,9.2692063,10.3520083,0.0396335,0.0002531,0.1144683,spin1_run_127_mzp_2000_mx_800,2000.0,800.0,0.011057593529943364,0.012349309778551372,Excluded,Excluded
EM1,3.6893511,3.5910564,0.0344866,0.0002367,0.1144683,spin1_run_127_mzp_2000_mx_800,2000.0,800.0,0.03187594046141965,0.031026675666623323,Excluded,Excluded
EM2,1.7988347,1.7931086,0.0275759,0.0002124,0.1144683,spin1_run_127_mzp_2000_mx_800,2000.0,800.0,0.06383790697339804,0.0636346963953942,Excluded,Excluded
EM3,1.1261811,1.3613714,0.0206123,0.0001843,0.1144683,spin1_run_127_mzp_2000_mx_800,2000.0,800.0,0.0840830797532547,0.10164288851943973,Excluded,Excluded
EM4,0.7245567,1.0176357,0.0241763,0.0001993,0.1144683,spin1_run_127_mzp_2000_mx_800,2000.0,800.0,0.11248455611374482,0.15798390933380368,Excluded,Excluded
EM5,0.4430447,0.5413568,0.0138739,0.0001517,0.1144683,spin1_run_127_mzp_2000_mx_800,2000.0,800.0,0.21144705303415418,0.25836738369740114,Excluded,Excluded
EM6,0.4382108,0.606171,0.0066588,0.0001055,0.1144683,spin1_run_127_mzp_2000_mx_800,2000.0,800.0,0.18883829810400035,0.2612174323407821,Excluded,Excluded
EM7,0.3325094,0.4879786,0.0043054,8.49e-05,0.1144683,spin1_run_127_mzp_2000_mx_800,2000.0,800.0,0.2345764752798586,0.344255831564461,Excluded,Excluded
EM8,0.3411213,0.3926155,0.0023773,6.32e-05,0.1144683,spin1_run_127_mzp_2000_mx_800,2000.0,800.0,0.29155318625983945,0.3355647976247745,Excluded,Excluded
EM9,0.3094743,0.2628388,0.0015788,5.15e-05,0.1144683,spin1_run_127_mzp_2000_mx_800,2000.0,800.0,0.4355076191186385,0.36987982523912327,Excluded,Excluded
EM10,0.4112985,0.8743714,0.0007628,3.58e-05,0.1144683,spin1_run_127_mzp_2000_mx_800,2000.0,800.0,0.13091496359556132,0.27830954890426296,Excluded,Excluded
EM11,0.4396731,0.4950804,0.0004973,2.89e-05,0.1144683,spin1_run_127_mzp_2000_mx_800,2000.0,800.0,0.23121153655042695,0.2603486544889828,Excluded,Excluded
EM12,0.3573603,0.2892375,0.0007112,3.46e-05,0.1144683,spin1_run_127_mzp_2000_mx_800,2000.0,800.0,0.39575884869700506,0.32031621867342286,Excluded,Excluded
IM0,3.4394839,4.3567373,0.1642727,0.0003398,0.2276127,spin1_run_128_mzp_2250_mx_0,2250.0,0.0,0.0522438431162696,0.06617641094351394,Excluded,Excluded
IM1,1.782139,2.2345977,0.1276585,0.000306,0.2276127,spin1_run_128_mzp_2250_mx_0,2250.0,0.0,0.10185846875256338,0.12771882552371056,Excluded,Excluded
IM2,1.2031558,1.6607346,0.0939495,0.0002676,0.2276127,spin1_run_128_mzp_2250_mx_0,2250.0,0.0,0.13705543317999155,0.18917973881686811,Excluded,Excluded
IM3,0.8277756,1.2235185,0.068409,0.0002315,0.2276127,spin1_run_128_mzp_2250_mx_0,2250.0,0.0,0.1860312696538712,0.274969085824709,Excluded,Excluded
IM4,0.6604357,1.0573468,0.0496113,0.0001991,0.2276127,spin1_run_128_mzp_2250_mx_0,2250.0,0.0,0.21526778158310975,0.34464021251425386,Excluded,Excluded
IM5,0.5199587,0.7883889,0.0277067,0.0001505,0.2276127,spin1_run_128_mzp_2250_mx_0,2250.0,0.0,0.2887061195306022,0.43775149834015664,Excluded,Excluded
IM6,0.4568134,0.66603,0.0160183,0.0001151,0.2276127,spin1_run_128_mzp_2250_mx_0,2250.0,0.0,0.3417454168731138,0.4982618723531315,Excluded,Excluded
IM7,0.4087514,0.4795113,0.008848,8.59e-05,0.2276127,spin1_run_128_mzp_2250_mx_0,2250.0,0.0,0.4746764049147539,0.5568487349523451,Excluded,Excluded
IM8,0.3794605,0.401496,0.005314,6.67e-05,0.2276127,spin1_run_128_mzp_2250_mx_0,2250.0,0.0,0.5669115009863112,0.5998323936219976,Excluded,Excluded
IM9,0.3997908,0.3777603,0.0031614,5.15e-05,0.2276127,spin1_run_128_mzp_2250_mx_0,2250.0,0.0,0.6025320818519045,0.5693295093333813,Excluded,Excluded
IM10,0.5220873,0.8124726,0.0017774,3.86e-05,0.2276127,spin1_run_128_mzp_2250_mx_0,2250.0,0.0,0.28014815515009367,0.4359667434928986,Excluded,Excluded
IM11,0.5761028,0.5169226,0.000979,2.87e-05,0.2276127,spin1_run_128_mzp_2250_mx_0,2250.0,0.0,0.4403225937500121,0.39509042483390117,Excluded,Excluded
IM12,0.5133906,0.4085307,0.0006804,2.39e-05,0.2276127,spin1_run_128_mzp_2250_mx_0,2250.0,0.0,0.557149560608297,0.4433519039888926,Excluded,Excluded
EM0,10.0201988,11.1513769,0.0366143,0.0001722,0.2276127,spin1_run_128_mzp_2250_mx_0,2250.0,0.0,0.02041117451603667,0.022715387642808046,Excluded,Excluded
EM1,3.7777806,3.6761914,0.033709,0.0001655,0.2276127,spin1_run_128_mzp_2250_mx_0,2250.0,0.0,0.06191535620261774,0.0602503755776606,Excluded,Excluded
EM2,1.9571654,1.9445469,0.0255405,0.0001447,0.2276127,spin1_run_128_mzp_2250_mx_0,2250.0,0.0,0.11705179237384297,0.11629712031492075,Excluded,Excluded
EM3,1.237757,1.4933836,0.0187977,0.0001245,0.2276127,spin1_run_128_mzp_2250_mx_0,2250.0,0.0,0.1524140883829178,0.18389126460201802,Excluded,Excluded
EM4,0.7997788,1.12282,0.0219046,0.0001342,0.2276127,spin1_run_128_mzp_2250_mx_0,2250.0,0.0,0.20271521704280296,0.28459456539733236,Excluded,Excluded
EM5,0.523019,0.638349,0.0116884,9.86e-05,0.2276127,spin1_run_128_mzp_2250_mx_0,2250.0,0.0,0.35656466916999946,0.435190117376233,Excluded,Excluded
EM6,0.4069521,0.5629485,0.0071704,7.74e-05,0.2276127,spin1_run_128_mzp_2250_mx_0,2250.0,0.0,0.40432242025691517,0.5593107886652999,Excluded,Excluded
EM7,0.4066494,0.5938455,0.0035339,5.44e-05,0.2276127,spin1_run_128_mzp_2250_mx_0,2250.0,0.0,0.38328605672687593,0.5597271261189615,Excluded,Excluded
EM8,0.3770776,0.4320604,0.0021527,4.25e-05,0.2276127,spin1_run_128_mzp_2250_mx_0,2250.0,0.0,0.5268075944937328,0.6036229677923058,Excluded,Excluded
EM9,0.3535803,0.2999868,0.001384,3.41e-05,0.2276127,spin1_run_128_mzp_2250_mx_0,2250.0,0.0,0.7587423846649253,0.6437369389640769,Excluded,Excluded
EM10,0.3930375,0.8375275,0.0007984,2.59e-05,0.2276127,spin1_run_128_mzp_2250_mx_0,2250.0,0.0,0.2717674345021507,0.5791119168018319,Excluded,Excluded
EM11,0.7316858,0.8265971,0.0002986,1.58e-05,0.2276127,spin1_run_128_mzp_2250_mx_0,2250.0,0.0,0.2753611160745664,0.3110798378210975,Excluded,Excluded
EM12,0.3765422,0.2996609,0.0006804,2.39e-05,0.2276127,spin1_run_128_mzp_2250_mx_0,2250.0,0.0,0.7595675645371152,0.604481250707092,Excluded,Excluded
IM0,3.3796212,4.3001901,0.1665615,0.0003436,0.2249258,spin1_run_129_mzp_2250_mx_50,2250.0,50.0,0.05230601316904571,0.06655355339823292,Excluded,Excluded
IM1,1.7662922,2.2189543,0.1280683,0.0003082,0.2249258,spin1_run_129_mzp_2250_mx_50,2250.0,50.0,0.10136567481358223,0.12734348257893002,Excluded,Excluded
IM2,1.1978197,1.641187,0.0945941,0.0002699,0.2249258,spin1_run_129_mzp_2250_mx_50,2250.0,50.0,0.13705068343826757,0.1877793460902338,Excluded,Excluded
IM3,0.8258114,1.2156359,0.0691101,0.0002339,0.2249258,spin1_run_129_mzp_2250_mx_50,2250.0,50.0,0.1850272766705886,0.2723694538486633,Excluded,Excluded
IM4,0.6386074,1.015622,0.0514883,0.0002038,0.2249258,spin1_run_129_mzp_2250_mx_50,2250.0,50.0,0.2214660572535845,0.35221295587868223,Excluded,Excluded
IM5,0.5044331,0.7675221,0.0284925,0.0001534,0.2249258,spin1_run_129_mzp_2250_mx_50,2250.0,50.0,0.2930544931540082,0.44589817757795835,Excluded,Excluded
IM6,0.4865613,0.7112987,0.0149654,0.000112,0.2249258,spin1_run_129_mzp_2250_mx_50,2250.0,50.0,0.31621848880083714,0.46227638737400617,Excluded,Excluded
IM7,0.4295177,0.5042103,0.0083932,8.41e-05,0.2249258,spin1_run_129_mzp_2250_mx_50,2250.0,50.0,0.4460952106690403,0.5236706193947305,Excluded,Excluded
IM8,0.3818561,0.4065715,0.0052549,6.67e-05,0.2249258,spin1_run_129_mzp_2250_mx_50,2250.0,50.0,0.5532256933897236,0.5890328843771254,Excluded,Excluded
IM9,0.3802523,0.3586712,0.0033278,5.31e-05,0.2249258,spin1_run_129_mzp_2250_mx_50,2250.0,50.0,0.6271086164710186,0.5915172636694112,Excluded,Excluded
IM10,0.446259,0.6939599,0.00208,4.2e-05,0.2249258,spin1_run_129_mzp_2250_mx_50,2250.0,50.0,0.3241193042998594,0.5040252409475215,Excluded,Excluded
IM11,0.357485,0.3204047,0.0015734,3.65e-05,0.2249258,spin1_run_129_mzp_2250_mx_50,2250.0,50.0,0.7020053076624657,0.6291894764815307,Excluded,Excluded
IM12,0.348494,0.2744613,0.0010056,2.92e-05,0.2249258,spin1_run_129_mzp_2250_mx_50,2250.0,50.0,0.8195173600066749,0.6454223028230041,Excluded,Excluded
EM0,9.5751648,10.6657906,0.0384931,0.0001774,0.2249258,spin1_run_129_mzp_2250_mx_50,2250.0,50.0,0.02108852577698272,0.023490540862544738,Excluded,Excluded
EM1,3.8114679,3.7151149,0.0334742,0.0001659,0.2249258,spin1_run_129_mzp_2250_mx_50,2250.0,50.0,0.06054343029875065,0.059012906812097254,Excluded,Excluded
EM2,1.9548459,1.9445947,0.0254841,0.0001453,0.2249258,spin1_run_129_mzp_2250_mx_50,2250.0,50.0,0.1156671876149822,0.1150606295872222,Excluded,Excluded
EM3,1.3200866,1.5862627,0.0176218,0.0001213,0.2249258,spin1_run_129_mzp_2250_mx_50,2250.0,50.0,0.14179605937906756,0.17038715490332226,Excluded,Excluded
EM4,0.7627282,1.0696439,0.0229958,0.0001382,0.2249258,spin1_run_129_mzp_2250_mx_50,2250.0,50.0,0.21028101034372282,0.29489639953000296,Excluded,Excluded
EM5,0.4536112,0.5528594,0.0135271,0.0001065,0.2249258,spin1_run_129_mzp_2250_mx_50,2250.0,50.0,0.4068408712956676,0.4958559224287231,Excluded,Excluded
EM6,0.4415255,0.6150696,0.0065722,7.45e-05,0.2249258,spin1_run_129_mzp_2250_mx_50,2250.0,50.0,0.36569162254157905,0.5094287872387891,Excluded,Excluded
EM7,0.4575707,0.6672716,0.0031383,5.16e-05,0.2249258,spin1_run_129_mzp_2250_mx_50,2250.0,50.0,0.3370828310391151,0.49156512862383894,Excluded,Excluded
EM8,0.4217104,0.4831902,0.0019272,4.04e-05,0.2249258,spin1_run_129_mzp_2250_mx_50,2250.0,50.0,0.4655015768117814,0.5333655513357034,Excluded,Excluded
EM9,0.3922906,0.3333236,0.0012477,3.26e-05,0.2249258,spin1_run_129_mzp_2250_mx_50,2250.0,50.0,0.674797104075439,0.5733652552470031,Excluded,Excluded
EM10,0.6204259,1.3226885,0.0005066,2.08e-05,0.2249258,spin1_run_129_mzp_2250_mx_50,2250.0,50.0,0.17005198124879745,0.36253451056766006,Excluded,Excluded
EM11,0.3858264,0.4338391,0.0005678,2.2e-05,0.2249258,spin1_run_129_mzp_2250_mx_50,2250.0,50.0,0.5184544223883925,0.5829715125766407,Excluded,Excluded
EM12,0.2543155,0.2024469,0.0010056,2.92e-05,0.2249258,spin1_run_129_mzp_2250_mx_50,2250.0,50.0,1.1110360296947002,0.8844360646519775,Included,Excluded
IM0,22.6250085,28.8010364,0.0249405,1.34e-05,28.46071,spin1_run_12_mzp_200_mx_100,200.0,100.0,0.9881835363396853,1.2579314611086223,Excluded,Included
IM1,16.09888,20.1722892,0.014147,1.01e-05,28.46071,spin1_run_12_mzp_200_mx_100,200.0,100.0,1.4108815176018792,1.7678689449203917,Included,Included
IM2,14.1174265,19.525028,0.0079553,7.6e-06,28.46071,spin1_run_12_mzp_200_mx_100,200.0,100.0,1.4576527111766497,2.015998454109182,Included,Included
IM3,11.5143869,16.9520456,0.0049479,6e-06,28.46071,spin1_run_12_mzp_200_mx_100,200.0,100.0,1.678895318686495,2.471752099975032,Included,Included
IM4,10.9250621,17.4596351,0.0030067,4.7e-06,28.46071,spin1_run_12_mzp_200_mx_100,200.0,100.0,1.6300861866236827,2.6050845056523753,Included,Included
IM5,12.9935538,19.6900334,0.0011121,2.9e-06,28.46071,spin1_run_12_mzp_200_mx_100,200.0,100.0,1.4454373652814625,2.1903715055999533,Included,Included
IM6,18.9405154,27.8171076,0.0003842,1.7e-06,28.46071,spin1_run_12_mzp_200_mx_100,200.0,100.0,1.0231369274352593,1.5026365122038865,Included,Included
IM7,25.4429503,29.9151441,0.0001411,1e-06,28.46071,spin1_run_12_mzp_200_mx_100,200.0,100.0,0.9513813440062955,1.1186088745376357,Excluded,Included
IM8,28.6410162,30.5923496,7.02e-05,7e-07,28.46071,spin1_run_12_mzp_200_mx_100,200.0,100.0,0.9303211545411995,0.993704615829937,Excluded,Excluded
IM9,36.2377232,34.1272841,3.5e-05,5e-07,28.46071,spin1_run_12_mzp_200_mx_100,200.0,100.0,0.833957660287418,0.7853890224538169,Excluded,Excluded
IM10,-1.0,-1.0,0.0,0.0,28.46071,spin1_run_12_mzp_200_mx_100,200.0,100.0,-28.46071,-28.46071,Excluded,Excluded
IM11,-1.0,-1.0,0.0,0.0,28.46071,spin1_run_12_mzp_200_mx_100,200.0,100.0,-28.46071,-28.46071,Excluded,Excluded
IM12,-1.0,-1.0,0.0,0.0,28.46071,spin1_run_12_mzp_200_mx_100,200.0,100.0,-28.46071,-28.46071,Excluded,Excluded
EM0,33.984709,38.0611989,0.0107935,8.9e-06,28.46071,spin1_run_12_mzp_200_mx_100,200.0,100.0,0.7477617842458452,0.8374563395555336,Excluded,Excluded
EM1,20.5224601,20.1072545,0.0061916,6.7e-06,28.46071,spin1_run_12_mzp_200_mx_100,200.0,100.0,1.4154448584713542,1.3868079100321895,Included,Included
EM2,16.6301541,16.4853029,0.0030074,4.7e-06,28.46071,spin1_run_12_mzp_200_mx_100,200.0,100.0,1.7264293032795897,1.711391838515796,Included,Included
EM3,11.9793496,14.439102,0.0019412,3.8e-06,28.46071,spin1_run_12_mzp_200_mx_100,200.0,100.0,1.9710858750080162,2.375814292956272,Included,Included
EM4,9.1847868,13.04011,0.0018945,3.7e-06,28.46071,spin1_run_12_mzp_200_mx_100,200.0,100.0,2.182551374183193,3.0986794380464007,Included,Included
EM5,8.4205711,10.2976479,0.0007279,2.3e-06,28.46071,spin1_run_12_mzp_200_mx_100,200.0,100.0,2.763806868945286,3.379902581666937,Included,Included
EM6,11.9703193,16.6278105,0.0002431,1.3e-06,28.46071,spin1_run_12_mzp_200_mx_100,200.0,100.0,1.7116330499436472,2.377606585648889,Included,Included
EM7,20.2683354,29.6061577,7.09e-05,7e-07,28.46071,spin1_run_12_mzp_200_mx_100,200.0,100.0,0.961310491161776,1.4041957288707585,Excluded,Included
EM8,22.9175267,26.370945,3.53e-05,5e-07,28.46071,spin1_run_12_mzp_200_mx_100,200.0,100.0,1.079244979654692,1.2418752849102168,Included,Included
EM9,13.9188469,11.8706181,3.5e-05,5e-07,28.46071,spin1_run_12_mzp_200_mx_100,200.0,100.0,2.3975760790417477,2.0447606187837297,Included,Included
EM10,-1.0,-1.0,0.0,0.0,28.46071,spin1_run_12_mzp_200_mx_100,200.0,100.0,-28.46071,-28.46071,Excluded,Excluded
EM11,-1.0,-1.0,0.0,0.0,28.46071,spin1_run_12_mzp_200_mx_100,200.0,100.0,-28.46071,-28.46071,Excluded,Excluded
EM12,-1.0,-1.0,0.0,0.0,28.46071,spin1_run_12_mzp_200_mx_100,200.0,100.0,-28.46071,-28.46071,Excluded,Excluded
IM0,3.3957202,4.3155881,0.1664366,0.0003475,0.2196524,spin1_run_130_mzp_2250_mx_100,2250.0,100.0,0.050897443154966526,0.06468507034236802,Excluded,Excluded
IM1,1.7503375,2.20749,0.1287668,0.0003125,0.2196524,spin1_run_130_mzp_2250_mx_100,2250.0,100.0,0.09950323670775406,0.12549145521935054,Excluded,Excluded
IM2,1.17042,1.6128661,0.096259,0.0002751,0.2196524,spin1_run_130_mzp_2250_mx_100,2250.0,100.0,0.13618762276670085,0.18766972539772048,Excluded,Excluded
IM3,0.7976728,1.1769852,0.0713167,0.0002401,0.2196524,spin1_run_130_mzp_2250_mx_100,2250.0,100.0,0.18662290740784165,0.2753665412685502,Excluded,Excluded
IM4,0.6372096,1.0137352,0.0516847,0.0002065,0.2196524,spin1_run_130_mzp_2250_mx_100,2250.0,100.0,0.21667630758012546,0.3447098097705998,Excluded,Excluded
IM5,0.4998068,0.7567719,0.0289549,0.0001564,0.2196524,spin1_run_130_mzp_2250_mx_100,2250.0,100.0,0.2902491490500638,0.43947461299045953,Excluded,Excluded
IM6,0.4594721,0.6723729,0.0158312,0.0001164,0.2196524,spin1_run_130_mzp_2250_mx_100,2250.0,100.0,0.3266824109062099,0.47805383613063773,Excluded,Excluded
IM7,0.429888,0.5053688,0.0083703,8.5e-05,0.2196524,spin1_run_130_mzp_2250_mx_100,2250.0,100.0,0.4346378328064574,0.510952620217359,Excluded,Excluded
IM8,0.3808735,0.404779,0.0052808,6.76e-05,0.2196524,spin1_run_130_mzp_2250_mx_100,2250.0,100.0,0.5426477164082129,0.5767069643858131,Excluded,Excluded
IM9,0.3802647,0.3558903,0.0033426,5.38e-05,0.2196524,spin1_run_130_mzp_2250_mx_100,2250.0,100.0,0.6171913086701155,0.5776302664959435,Excluded,Excluded
IM10,0.4667839,0.7260178,0.0019912,4.16e-05,0.2196524,spin1_run_130_mzp_2250_mx_100,2250.0,100.0,0.30254409740367244,0.4705655015093708,Excluded,Excluded
IM11,0.413527,0.3681516,0.0013672,3.45e-05,0.2196524,spin1_run_130_mzp_2250_mx_100,2250.0,100.0,0.5966357337575063,0.5311682187620156,Excluded,Excluded
IM12,0.4714649,0.3744607,0.0007384,2.53e-05,0.2196524,spin1_run_130_mzp_2250_mx_100,2250.0,100.0,0.5865833183562388,0.4658934313031574,Excluded,Excluded
EM0,9.7415201,10.8948342,0.0376698,0.0001776,0.2196524,spin1_run_130_mzp_2250_mx_100,2250.0,100.0,0.020161151236243686,0.02254806208324715,Excluded,Excluded
EM1,3.9318801,3.8353544,0.0325078,0.0001654,0.2196524,spin1_run_130_mzp_2250_mx_100,2250.0,100.0,0.05727043112365314,0.05586447053662699,Excluded,Excluded
EM2,2.0066578,1.993106,0.0249422,0.0001455,0.2196524,spin1_run_130_mzp_2250_mx_100,2250.0,100.0,0.11020608035899745,0.10946181257212863,Excluded,Excluded
EM3,1.1765033,1.425924,0.019632,0.0001294,0.2196524,spin1_run_130_mzp_2250_mx_100,2250.0,100.0,0.15404215091407397,0.18669934882460593,Excluded,Excluded
EM4,0.7681613,1.0872039,0.0227298,0.000139,0.2196524,spin1_run_130_mzp_2250_mx_100,2250.0,100.0,0.2020342274342467,0.2859456731288077,Excluded,Excluded
EM5,0.4689854,0.5691284,0.0131237,0.0001062,0.2196524,spin1_run_130_mzp_2250_mx_100,2250.0,100.0,0.3859452453962937,0.4683565842348184,Excluded,Excluded
EM6,0.3905943,0.5430794,0.007461,8.03e-05,0.2196524,spin1_run_130_mzp_2250_mx_100,2250.0,100.0,0.404457248792718,0.5623543405523327,Excluded,Excluded
EM7,0.4655256,0.6817518,0.0030894,5.18e-05,0.2196524,spin1_run_130_mzp_2250_mx_100,2250.0,100.0,0.32218822157858623,0.471837424193213,Excluded,Excluded
EM8,0.4187584,0.4805724,0.0019382,4.1e-05,0.2196524,spin1_run_130_mzp_2250_mx_100,2250.0,100.0,0.4570641177063019,0.5245325228102887,Excluded,Excluded
EM9,0.3631421,0.3097692,0.0013514,3.43e-05,0.2196524,spin1_run_130_mzp_2250_mx_100,2250.0,100.0,0.7090840535469632,0.6048662493277425,Excluded,Excluded
EM10,0.503885,1.0697189,0.0006241,2.33e-05,0.2196524,spin1_run_130_mzp_2250_mx_100,2250.0,100.0,0.20533656084790125,0.43591771932087675,Excluded,Excluded
EM11,0.3486955,0.3912114,0.0006287,2.34e-05,0.2196524,spin1_run_130_mzp_2250_mx_100,2250.0,100.0,0.5614672783052845,0.6299261103168811,Excluded,Excluded
EM12,0.3442,0.2780926,0.0007384,2.53e-05,0.2196524,spin1_run_130_mzp_2250_mx_100,2250.0,100.0,0.7898534516919903,0.6381533991865195,Excluded,Excluded
IM0,3.3463234,4.2497855,0.1684462,0.000354,0.2136794,spin1_run_131_mzp_2250_mx_150,2250.0,150.0,0.05028004354572719,0.06385497588188875,Excluded,Excluded
IM1,1.7294779,2.1814505,0.1308382,0.0003189,0.2136794,spin1_run_131_mzp_2250_mx_150,2250.0,150.0,0.09795289877079494,0.12355139085616532,Excluded,Excluded
IM2,1.1795273,1.6199678,0.0959934,0.0002786,0.2136794,spin1_run_131_mzp_2250_mx_150,2250.0,150.0,0.13190348598286952,0.18115680747702914,Excluded,Excluded
IM3,0.8065029,1.1871114,0.07067,0.0002424,0.2136794,spin1_run_131_mzp_2250_mx_150,2250.0,150.0,0.17999945076763646,0.2649456065192078,Excluded,Excluded
IM4,0.6386884,1.0154517,0.0515095,0.000209,0.2136794,spin1_run_131_mzp_2250_mx_150,2250.0,150.0,0.2104279307425454,0.3345597007867999,Excluded,Excluded
IM5,0.5150774,0.7791733,0.0280376,0.0001561,0.2136794,spin1_run_131_mzp_2250_mx_150,2250.0,150.0,0.27423860648202397,0.41484910811462505,Excluded,Excluded
IM6,0.477881,0.6979332,0.0152828,0.000116,0.2136794,spin1_run_131_mzp_2250_mx_150,2250.0,150.0,0.3061602457083285,0.4471393505914652,Excluded,Excluded
IM7,0.4044504,0.4741684,0.0089334,8.9e-05,0.2136794,spin1_run_131_mzp_2250_mx_150,2250.0,150.0,0.45064032103362434,0.5283204071500486,Excluded,Excluded
IM8,0.4013801,0.4287319,0.0049872,6.66e-05,0.2136794,spin1_run_131_mzp_2250_mx_150,2250.0,150.0,0.49839864959896846,0.5323617189790923,Excluded,Excluded
IM9,0.367763,0.3459284,0.0034479,5.54e-05,0.2136794,spin1_run_131_mzp_2250_mx_150,2250.0,150.0,0.6176983445129107,0.5810247360392427,Excluded,Excluded
IM10,0.4527186,0.6975537,0.0020656,4.29e-05,0.2136794,spin1_run_131_mzp_2250_mx_150,2250.0,150.0,0.30632681039466925,0.47199165220956235,Excluded,Excluded
IM11,0.4834504,0.4280749,0.0011689,3.23e-05,0.2136794,spin1_run_131_mzp_2250_mx_150,2250.0,150.0,0.4991635809527725,0.4419882577406079,Excluded,Excluded
IM12,0.6087793,0.4876748,0.0005727,2.26e-05,0.2136794,spin1_run_131_mzp_2250_mx_150,2250.0,150.0,0.43815960964150696,0.3509964941317814,Excluded,Excluded
EM0,9.7951339,10.8951371,0.0376079,0.0001799,0.2136794,spin1_run_131_mzp_2250_mx_150,2250.0,150.0,0.01961236449241194,0.021814852372768482,Excluded,Excluded
EM1,3.6343098,3.5760148,0.0348449,0.0001734,0.2136794,spin1_run_131_mzp_2250_mx_150,2250.0,150.0,0.059753499901622334,0.05879504273411144,Excluded,Excluded
EM2,1.9826018,1.9571815,0.0253234,0.0001486,0.2136794,spin1_run_131_mzp_2250_mx_150,2250.0,150.0,0.10917709982441588,0.1077772652077689,Excluded,Excluded
EM3,1.2082724,1.4625794,0.0191605,0.0001297,0.2136794,spin1_run_131_mzp_2250_mx_150,2250.0,150.0,0.14609764092123817,0.17684704210739233,Excluded,Excluded
EM4,0.7465688,1.0515686,0.0234719,0.0001432,0.2136794,spin1_run_131_mzp_2250_mx_150,2250.0,150.0,0.2032006280902644,0.28621528250309947,Excluded,Excluded
EM5,0.4816285,0.5885581,0.0127548,0.0001061,0.2136794,spin1_run_131_mzp_2250_mx_150,2250.0,150.0,0.3630557458983234,0.4436602069852594,Excluded,Excluded
EM6,0.4587891,0.634323,0.0063495,7.51e-05,0.2136794,spin1_run_131_mzp_2250_mx_150,2250.0,150.0,0.3368621349060337,0.4657464617184671,Excluded,Excluded
EM7,0.365103,0.5307791,0.0039462,5.93e-05,0.2136794,spin1_run_131_mzp_2250_mx_150,2250.0,150.0,0.4025768912151967,0.5852578587412319,Excluded,Excluded
EM8,0.5260985,0.605347,0.0015392,3.71e-05,0.2136794,spin1_run_131_mzp_2250_mx_150,2250.0,150.0,0.35298663411233555,0.4061585425542935,Excluded,Excluded
EM9,0.3541976,0.3007027,0.0013824,3.51e-05,0.2136794,spin1_run_131_mzp_2250_mx_150,2250.0,150.0,0.7106002041218785,0.6032773796321601,Excluded,Excluded
EM10,0.3486474,0.7451104,0.0008967,2.83e-05,0.2136794,spin1_run_131_mzp_2250_mx_150,2250.0,150.0,0.28677548991397783,0.6128810941943064,Excluded,Excluded
EM11,0.3684052,0.4127839,0.0005962,2.31e-05,0.2136794,spin1_run_131_mzp_2250_mx_150,2250.0,150.0,0.5176543949509659,0.5800118999406089,Excluded,Excluded
EM12,0.4436668,0.357727,0.0005727,2.26e-05,0.2136794,spin1_run_131_mzp_2250_mx_150,2250.0,150.0,0.5973253346825931,0.48162134286360847,Excluded,Excluded
IM0,3.3688349,4.2693098,0.1674669,0.0003577,0.2081875,spin1_run_132_mzp_2250_mx_200,2250.0,200.0,0.04876373693939943,0.06179807149350062,Excluded,Excluded
IM1,1.732642,2.1804854,0.1302579,0.0003225,0.2081875,spin1_run_132_mzp_2250_mx_200,2250.0,200.0,0.09547759411734653,0.12015609687402244,Excluded,Excluded
IM2,1.1627584,1.5861284,0.0977901,0.0002846,0.2081875,spin1_run_132_mzp_2250_mx_200,2250.0,200.0,0.13125513672159203,0.17904622318789526,Excluded,Excluded
IM3,0.8008072,1.1768383,0.0711808,0.0002463,0.2081875,spin1_run_132_mzp_2250_mx_200,2250.0,200.0,0.17690408274441782,0.25997206318824306,Excluded,Excluded
IM4,0.6305794,1.005,0.0521363,0.000213,0.2081875,spin1_run_132_mzp_2250_mx_200,2250.0,200.0,0.20715174129353237,0.3301527135202958,Excluded,Excluded
IM5,0.519369,0.7867282,0.027839,0.0001576,0.2081875,spin1_run_132_mzp_2250_mx_200,2250.0,200.0,0.2646244281061744,0.4008469893274339,Excluded,Excluded
IM6,0.4613335,0.6720036,0.0158472,0.0001196,0.2081875,spin1_run_132_mzp_2250_mx_200,2250.0,200.0,0.3098011677318395,0.45127331962669087,Excluded,Excluded
IM7,0.3961723,0.4676642,0.0090507,9.07e-05,0.2081875,spin1_run_132_mzp_2250_mx_200,2250.0,200.0,0.44516450051126427,0.5254973656664033,Excluded,Excluded
IM8,0.3836366,0.4114503,0.0052125,6.9e-05,0.2081875,spin1_run_132_mzp_2250_mx_200,2250.0,200.0,0.5059845624125198,0.5426685045170352,Excluded,Excluded
IM9,0.4603753,0.4347851,0.0027435,5.01e-05,0.2081875,spin1_run_132_mzp_2250_mx_200,2250.0,200.0,0.47882850631265883,0.4522125752619656,Excluded,Excluded
IM10,0.6397022,0.9864089,0.0014608,3.66e-05,0.2081875,spin1_run_132_mzp_2250_mx_200,2250.0,200.0,0.21105598297014552,0.3254444020983514,Excluded,Excluded
IM11,0.5831115,0.5236803,0.0009666,2.98e-05,0.2081875,spin1_run_132_mzp_2250_mx_200,2250.0,200.0,0.39754693846608324,0.3570286300304487,Excluded,Excluded
IM12,0.5433744,0.4328322,0.0006405,2.42e-05,0.2081875,spin1_run_132_mzp_2250_mx_200,2250.0,200.0,0.4809889375143531,0.3831382192462508,Excluded,Excluded
EM0,9.8696283,11.0362756,0.037209,0.0001813,0.2081875,spin1_run_132_mzp_2250_mx_200,2250.0,200.0,0.01886392724734058,0.02109375284173569,Excluded,Excluded
EM1,3.9323592,3.8138727,0.0324679,0.0001698,0.2081875,spin1_run_132_mzp_2250_mx_200,2250.0,200.0,0.05458690322831174,0.05294213712724921,Excluded,Excluded
EM2,1.8770897,1.8699434,0.0266093,0.0001542,0.2081875,spin1_run_132_mzp_2250_mx_200,2250.0,200.0,0.11133358367959159,0.11090972370686387,Excluded,Excluded
EM3,1.2161323,1.4683887,0.0190445,0.0001309,0.2081875,spin1_run_132_mzp_2250_mx_200,2250.0,200.0,0.14177955741555354,0.17118820049430478,Excluded,Excluded
EM4,0.7219458,1.0148055,0.0242974,0.0001475,0.2081875,spin1_run_132_mzp_2250_mx_200,2250.0,200.0,0.2051501494621383,0.28836998566928435,Excluded,Excluded
EM5,0.510763,0.6250569,0.0119918,0.0001043,0.2081875,spin1_run_132_mzp_2250_mx_200,2250.0,200.0,0.3330696773365753,0.40760098127703065,Excluded,Excluded
EM6,0.42764,0.5951139,0.0067965,7.87e-05,0.2081875,spin1_run_132_mzp_2250_mx_200,2250.0,200.0,0.34982799091064753,0.48682887475446635,Excluded,Excluded
EM7,0.3742613,0.5452414,0.0038382,5.92e-05,0.2081875,spin1_run_132_mzp_2250_mx_200,2250.0,200.0,0.38182628831926557,0.5562624294844271,Excluded,Excluded
EM8,0.3296735,0.3758477,0.002469,4.75e-05,0.2081875,spin1_run_132_mzp_2250_mx_200,2250.0,200.0,0.5539145244203969,0.6314960104466996,Excluded,Excluded
EM9,0.3808419,0.3229814,0.0012827,3.43e-05,0.2081875,spin1_run_132_mzp_2250_mx_200,2250.0,200.0,0.6445804619089521,0.5466507230428165,Excluded,Excluded
EM10,0.6368816,1.3516623,0.0004942,2.13e-05,0.2081875,spin1_run_132_mzp_2250_mx_200,2250.0,200.0,0.1540233089285689,0.3268857194178635,Excluded,Excluded
EM11,0.6754224,0.7556897,0.0003261,1.73e-05,0.2081875,spin1_run_132_mzp_2250_mx_200,2250.0,200.0,0.27549336718497025,0.30823304053877987,Excluded,Excluded
EM12,0.3972281,0.3186266,0.0006405,2.42e-05,0.2081875,spin1_run_132_mzp_2250_mx_200,2250.0,200.0,0.653390206592921,0.5241006363849889,Excluded,Excluded
IM0,3.2360095,4.124265,0.1739135,0.0003703,0.200265,spin1_run_133_mzp_2250_mx_250,2250.0,250.0,0.048557743016028304,0.06188640669936228,Excluded,Excluded
IM1,1.665651,2.0949444,0.1357044,0.0003346,0.200265,spin1_run_133_mzp_2250_mx_250,2250.0,250.0,0.09559442245818074,0.12023226954506076,Excluded,Excluded
IM2,1.1278232,1.5468479,0.1006013,0.0002939,0.200265,spin1_run_133_mzp_2250_mx_250,2250.0,250.0,0.12946651057288827,0.17756772515408445,Excluded,Excluded
IM3,0.7734578,1.1379575,0.0735179,0.000255,0.200265,spin1_run_133_mzp_2250_mx_250,2250.0,250.0,0.17598636152931899,0.2589216890695265,Excluded,Excluded
IM4,0.6070131,0.9637392,0.0542123,0.0002212,0.200265,spin1_run_133_mzp_2250_mx_250,2250.0,250.0,0.2077999940232793,0.32991874475196664,Excluded,Excluded
IM5,0.4984265,0.758349,0.0288991,0.0001637,0.200265,spin1_run_133_mzp_2250_mx_250,2250.0,250.0,0.2640802585616912,0.4017944471251027,Excluded,Excluded
IM6,0.4621677,0.6780321,0.0157484,0.0001216,0.200265,spin1_run_133_mzp_2250_mx_250,2250.0,250.0,0.29536212223580566,0.4333167376257579,Excluded,Excluded
IM7,0.4002859,0.4692953,0.0090143,9.23e-05,0.200265,spin1_run_133_mzp_2250_mx_250,2250.0,250.0,0.4267355756599309,0.5003049070676734,Excluded,Excluded
IM8,0.3886973,0.4187615,0.0051488,6.99e-05,0.200265,spin1_run_133_mzp_2250_mx_250,2250.0,250.0,0.47823164259369594,0.5152209701482361,Excluded,Excluded
IM9,0.4237228,0.4010437,0.0029829,5.33e-05,0.200265,spin1_run_133_mzp_2250_mx_250,2250.0,250.0,0.49935954610432726,0.47263210759487095,Excluded,Excluded
IM10,0.5188728,0.8047217,0.0017951,4.14e-05,0.200265,spin1_run_133_mzp_2250_mx_250,2250.0,250.0,0.24886243281372927,0.38596164609129635,Excluded,Excluded
IM11,0.4361783,0.3858118,0.0013012,3.52e-05,0.200265,spin1_run_133_mzp_2250_mx_250,2250.0,250.0,0.5190743258759841,0.4591356332949163,Excluded,Excluded
IM12,0.4128954,0.3273942,0.0008454,2.84e-05,0.200265,spin1_run_133_mzp_2250_mx_250,2250.0,250.0,0.6116937929871695,0.48502598963320975,Excluded,Excluded
EM0,9.6140665,10.7399866,0.0382092,0.0001873,0.200265,spin1_run_133_mzp_2250_mx_250,2250.0,250.0,0.018646671309627147,0.02083041551668069,Excluded,Excluded
EM1,3.6255235,3.5337473,0.0351031,0.0001798,0.200265,spin1_run_133_mzp_2250_mx_250,2250.0,250.0,0.05667213385631734,0.055237540178680405,Excluded,Excluded
EM2,1.8445188,1.8471138,0.0270834,0.0001586,0.200265,spin1_run_133_mzp_2250_mx_250,2250.0,250.0,0.10842049905100595,0.10857303270641644,Excluded,Excluded
EM3,1.203852,1.458084,0.0193056,0.0001344,0.200265,spin1_run_133_mzp_2250_mx_250,2250.0,250.0,0.137348054021579,0.16635350524815343,Excluded,Excluded
EM4,0.6930391,0.9732903,0.0253132,0.0001534,0.200265,spin1_run_133_mzp_2250_mx_250,2250.0,250.0,0.20576080949332382,0.28896638010755815,Excluded,Excluded
EM5,0.4670427,0.5702703,0.0131506,0.0001113,0.200265,spin1_run_133_mzp_2250_mx_250,2250.0,250.0,0.35117557410933026,0.4287937698201899,Excluded,Excluded
EM6,0.4315964,0.5983892,0.0067342,7.99e-05,0.200265,spin1_run_133_mzp_2250_mx_250,2250.0,250.0,0.33467348675410585,0.46400989442914725,Excluded,Excluded
EM7,0.3720939,0.5418401,0.0038655,6.06e-05,0.200265,spin1_run_133_mzp_2250_mx_250,2250.0,250.0,0.3696016592348923,0.5382109193405213,Excluded,Excluded
EM8,0.3738864,0.4289722,0.0021659,4.54e-05,0.200265,spin1_run_133_mzp_2250_mx_250,2250.0,250.0,0.4668484344673151,0.5356306086554633,Excluded,Excluded
EM9,0.4125027,0.3494495,0.0011878,3.36e-05,0.200265,spin1_run_133_mzp_2250_mx_250,2250.0,250.0,0.5730870984219465,0.48548773135303114,Excluded,Excluded
EM10,0.6322847,1.3500263,0.0004939,2.17e-05,0.200265,spin1_run_133_mzp_2250_mx_250,2250.0,250.0,0.14834155453119693,0.3167323201083309,Excluded,Excluded
EM11,0.4805909,0.5429391,0.0004558,2.09e-05,0.200265,spin1_run_133_mzp_2250_mx_250,2250.0,250.0,0.36885352335096144,0.41670576783705227,Excluded,Excluded
EM12,0.3011814,0.2410614,0.0008454,2.84e-05,0.200265,spin1_run_133_mzp_2250_mx_250,2250.0,250.0,0.8307634486483526,0.6649314997539689,Excluded,Excluded
IM0,3.2432903,4.1116293,0.1739979,0.000376,0.19426,spin1_run_134_mzp_2250_mx_300,2250.0,300.0,0.04724647720552045,0.05989596429280475,Excluded,Excluded
IM1,1.6695726,2.0904898,0.1359242,0.0003399,0.19426,spin1_run_134_mzp_2250_mx_300,2250.0,300.0,0.09292559093089094,0.11635313133433071,Excluded,Excluded
IM2,1.1274976,1.5483618,0.1005459,0.0002983,0.19426,spin1_run_134_mzp_2250_mx_300,2250.0,300.0,0.1254616330627635,0.1722930496703496,Excluded,Excluded
IM3,0.7680214,1.1279437,0.0741333,0.0002599,0.19426,spin1_run_134_mzp_2250_mx_300,2250.0,300.0,0.17222490803397367,0.2529356603865465,Excluded,Excluded
IM4,0.6062501,0.9676047,0.0540101,0.0002242,0.19426,spin1_run_134_mzp_2250_mx_300,2250.0,300.0,0.2007638036483287,0.3204288131251442,Excluded,Excluded
IM5,0.500948,0.7606635,0.0286901,0.0001656,0.19426,spin1_run_134_mzp_2250_mx_300,2250.0,300.0,0.25538230768270065,0.3877847600948602,Excluded,Excluded
IM6,0.4525006,0.6617491,0.0161454,0.000125,0.19426,spin1_run_134_mzp_2250_mx_300,2250.0,300.0,0.2935553671323467,0.4293032981613726,Excluded,Excluded
IM7,0.3838861,0.4534903,0.0093454,9.54e-05,0.19426,spin1_run_134_mzp_2250_mx_300,2250.0,300.0,0.4283663840218853,0.5060355141798569,Excluded,Excluded
IM8,0.376794,0.4037828,0.0053064,7.21e-05,0.19426,spin1_run_134_mzp_2250_mx_300,2250.0,300.0,0.48110023507687794,0.5155602265428855,Excluded,Excluded
IM9,0.3701077,0.3494865,0.0034065,5.78e-05,0.19426,spin1_run_134_mzp_2250_mx_300,2250.0,300.0,0.55584407409156,0.5248742460640511,Excluded,Excluded
IM10,0.4596593,0.7108644,0.0020279,4.46e-05,0.19426,spin1_run_134_mzp_2250_mx_300,2250.0,300.0,0.2732729336284107,0.4226173602927211,Excluded,Excluded
IM11,0.5838928,0.5252842,0.0009665,3.08e-05,0.19426,spin1_run_134_mzp_2250_mx_300,2250.0,300.0,0.3698188523469771,0.332698056903596,Excluded,Excluded
IM12,0.5497913,0.4355035,0.0006338,2.5e-05,0.19426,spin1_run_134_mzp_2250_mx_300,2250.0,300.0,0.4460584128485764,0.35333407422052693,Excluded,Excluded
EM0,9.6236902,10.782155,0.0380737,0.0001898,0.19426,spin1_run_134_mzp_2250_mx_300,2250.0,300.0,0.018016806473288502,0.02018560406277417,Excluded,Excluded
EM1,3.6147168,3.5217189,0.0353784,0.0001832,0.19426,spin1_run_134_mzp_2250_mx_300,2250.0,300.0,0.0551605637803744,0.053741416201678646,Excluded,Excluded
EM2,1.8929981,1.8799375,0.0264126,0.0001591,0.19426,spin1_run_134_mzp_2250_mx_300,2250.0,300.0,0.10333322251404634,0.1026202826088415,Excluded,Excluded
EM3,1.1496477,1.4002121,0.0201232,0.0001393,0.19426,spin1_run_134_mzp_2250_mx_300,2250.0,300.0,0.13873612433430618,0.16897350379598897,Excluded,Excluded
EM4,0.6948992,0.9761797,0.02532,0.0001558,0.19426,spin1_run_134_mzp_2250_mx_300,2250.0,300.0,0.19900024554905207,0.27955133636648305,Excluded,Excluded
EM5,0.4882069,0.5972958,0.0125447,0.0001104,0.19426,spin1_run_134_mzp_2250_mx_300,2250.0,300.0,0.3252324894968288,0.39790506852729857,Excluded,Excluded
EM6,0.4272617,0.5922894,0.0068,8.15e-05,0.19426,spin1_run_134_mzp_2250_mx_300,2250.0,300.0,0.32798155766420944,0.4546627979994462,Excluded,Excluded
EM7,0.3568515,0.5196613,0.0040391,6.29e-05,0.19426,spin1_run_134_mzp_2250_mx_300,2250.0,300.0,0.37382040956292106,0.544372098758167,Excluded,Excluded
EM8,0.4283657,0.4890552,0.0018998,4.32e-05,0.19426,spin1_run_134_mzp_2250_mx_300,2250.0,300.0,0.39721487472170824,0.45349102414128856,Excluded,Excluded
EM9,0.3537297,0.3025643,0.0013787,3.68e-05,0.19426,spin1_run_134_mzp_2250_mx_300,2250.0,300.0,0.6420453437500723,0.549176390899605,Excluded,Excluded
EM10,0.2962608,0.6292531,0.0010613,3.23e-05,0.19426,spin1_run_134_mzp_2250_mx_300,2250.0,300.0,0.30871520537602437,0.6557060535852195,Excluded,Excluded
EM11,0.6597473,0.7433284,0.0003327,1.81e-05,0.19426,spin1_run_134_mzp_2250_mx_300,2250.0,300.0,0.2613380573108736,0.2944460704878974,Excluded,Excluded
EM12,0.40059,0.3206995,0.0006338,2.5e-05,0.19426,spin1_run_134_mzp_2250_mx_300,2250.0,300.0,0.6057383937299559,0.484934721286103,Excluded,Excluded
IM0,3.2390519,4.1121085,0.1741008,0.000384,0.1863322,spin1_run_135_mzp_2250_mx_350,2250.0,350.0,0.04531305533402147,0.05752677195447223,Excluded,Excluded
IM1,1.6605562,2.079782,0.1362346,0.0003474,0.1863322,spin1_run_135_mzp_2250_mx_350,2250.0,350.0,0.08959217841100654,0.11221071590350269,Excluded,Excluded
IM2,1.0834153,1.4887292,0.104053,0.0003092,0.1863322,spin1_run_135_mzp_2250_mx_350,2250.0,350.0,0.12516191661989298,0.17198594112525456,Excluded,Excluded
IM3,0.7385052,1.0888873,0.0770263,0.00027,0.1863322,spin1_run_135_mzp_2250_mx_350,2250.0,350.0,0.17112165786119465,0.2523099363416805,Excluded,Excluded
IM4,0.5825146,0.9253752,0.0564947,0.0002338,0.1863322,spin1_run_135_mzp_2250_mx_350,2250.0,350.0,0.201358540838354,0.31987558766767393,Excluded,Excluded
IM5,0.4507987,0.6867774,0.031874,0.0001779,0.1863322,spin1_run_135_mzp_2250_mx_350,2250.0,350.0,0.2713138201693882,0.4133379266621665,Excluded,Excluded
IM6,0.3894795,0.5674609,0.0187437,0.0001374,0.1863322,spin1_run_135_mzp_2250_mx_350,2250.0,350.0,0.3283613020738521,0.47841336963819664,Excluded,Excluded
IM7,0.3537542,0.4189291,0.0101518,0.0001015,0.1863322,spin1_run_135_mzp_2250_mx_350,2250.0,350.0,0.44478218390653695,0.5267278805453052,Excluded,Excluded
IM8,0.3801751,0.4061011,0.0052747,7.34e-05,0.1863322,spin1_run_135_mzp_2250_mx_350,2250.0,350.0,0.45883204945763506,0.4901220516546192,Excluded,Excluded
IM9,0.4240432,0.4020062,0.0029784,5.52e-05,0.1863322,spin1_run_135_mzp_2250_mx_350,2250.0,350.0,0.4635057867266724,0.4394179649620605,Excluded,Excluded
IM10,0.6093281,0.9425991,0.0015288,3.96e-05,0.1863322,spin1_run_135_mzp_2250_mx_350,2250.0,350.0,0.19767916179847828,0.3057994535292234,Excluded,Excluded
IM11,0.6476183,0.5818337,0.0008682,2.98e-05,0.1863322,spin1_run_135_mzp_2250_mx_350,2250.0,350.0,0.32024992708397604,0.28771917038168937,Excluded,Excluded
IM12,0.7401677,0.5885955,0.0004727,2.2e-05,0.1863322,spin1_run_135_mzp_2250_mx_350,2250.0,350.0,0.31657088781684534,0.2517432198135639,Excluded,Excluded
EM0,9.6890711,10.8003675,0.0378663,0.0001933,0.1863322,spin1_run_135_mzp_2250_mx_350,2250.0,350.0,0.017252394420837994,0.019231172738530117,Excluded,Excluded
EM1,3.9658993,3.8806825,0.0321815,0.0001787,0.1863322,spin1_run_135_mzp_2250_mx_350,2250.0,350.0,0.048015316893355746,0.04698359335548435,Excluded,Excluded
EM2,1.8532287,1.833399,0.0270267,0.0001642,0.1863322,spin1_run_135_mzp_2250_mx_350,2250.0,350.0,0.10163210517732366,0.1005446332662558,Excluded,Excluded
EM3,1.1309191,1.3661979,0.0205316,0.0001436,0.1863322,spin1_run_135_mzp_2250_mx_350,2250.0,350.0,0.13638741502969665,0.16476174113603703,Excluded,Excluded
EM4,0.714153,1.0,0.0246207,0.0001569,0.1863322,spin1_run_135_mzp_2250_mx_350,2250.0,350.0,0.1863322,0.2609135577390279,Excluded,Excluded
EM5,0.4704967,0.5701027,0.0131303,0.0001153,0.1863322,spin1_run_135_mzp_2250_mx_350,2250.0,350.0,0.3268397080034878,0.39603295836081315,Excluded,Excluded
EM6,0.3374363,0.4693072,0.0085919,9.35e-05,0.1863322,spin1_run_135_mzp_2250_mx_350,2250.0,350.0,0.3970367384092978,0.5521996299746056,Excluded,Excluded
EM7,0.2940594,0.4302783,0.0048771,7.06e-05,0.1863322,spin1_run_135_mzp_2250_mx_350,2250.0,350.0,0.43305042341201033,0.6336549690300667,Excluded,Excluded
EM8,0.353286,0.405575,0.0022963,4.85e-05,0.1863322,spin1_run_135_mzp_2250_mx_350,2250.0,350.0,0.4594272329408864,0.52742593819172,Excluded,Excluded
EM9,0.336586,0.2877489,0.0014496,3.85e-05,0.1863322,spin1_run_135_mzp_2250_mx_350,2250.0,350.0,0.647551389423209,0.5535946236623033,Excluded,Excluded
EM10,0.4740728,1.0115763,0.0006606,2.6e-05,0.1863322,spin1_run_135_mzp_2250_mx_350,2250.0,350.0,0.18419984730761288,0.39304554068489056,Excluded,Excluded
EM11,0.5557841,0.6221834,0.0003955,2.01e-05,0.1863322,spin1_run_135_mzp_2250_mx_350,2250.0,350.0,0.2994811497703089,0.33526004072444676,Excluded,Excluded
EM12,0.5389199,0.4328091,0.0004727,2.2e-05,0.1863322,spin1_run_135_mzp_2250_mx_350,2250.0,350.0,0.43051821230191323,0.34575119604972837,Excluded,Excluded
IM0,3.2275751,4.1051579,0.1746234,0.0003929,0.1784737,spin1_run_136_mzp_2250_mx_400,2250.0,400.0,0.043475477520608895,0.0552965289638032,Excluded,Excluded
IM1,1.6334384,2.0484971,0.1384907,0.0003574,0.1784737,spin1_run_136_mzp_2250_mx_400,2250.0,400.0,0.08712421413728143,0.10926258376195884,Excluded,Excluded
IM2,1.1038767,1.5139061,0.1026481,0.0003141,0.1784737,spin1_run_136_mzp_2250_mx_400,2250.0,400.0,0.11788954414015507,0.16167901723081934,Excluded,Excluded
IM3,0.7566888,1.1104948,0.0754512,0.0002733,0.1784737,spin1_run_136_mzp_2250_mx_400,2250.0,400.0,0.16071547566003913,0.2358614267846967,Excluded,Excluded
IM4,0.5961092,0.9459773,0.0552613,0.0002364,0.1784737,spin1_run_136_mzp_2250_mx_400,2250.0,400.0,0.18866594367539263,0.2993976606970669,Excluded,Excluded
IM5,0.4814985,0.7279333,0.0300341,0.0001766,0.1784737,spin1_run_136_mzp_2250_mx_400,2250.0,400.0,0.24517864480165974,0.3706630446408452,Excluded,Excluded
IM6,0.4474151,0.6554365,0.0162728,0.0001309,0.1784737,spin1_run_136_mzp_2250_mx_400,2250.0,400.0,0.27229746893863865,0.39889959011217996,Excluded,Excluded
IM7,0.3840586,0.452566,0.0093322,9.95e-05,0.1784737,spin1_run_136_mzp_2250_mx_400,2250.0,400.0,0.39435949673638765,0.464704344597413,Excluded,Excluded
IM8,0.3812521,0.4068503,0.0052533,7.48e-05,0.1784737,spin1_run_136_mzp_2250_mx_400,2250.0,400.0,0.43867166867027013,0.46812515917945113,Excluded,Excluded
IM9,0.3846489,0.3642413,0.0032859,5.92e-05,0.1784737,spin1_run_136_mzp_2250_mx_400,2250.0,400.0,0.4899875439715376,0.46399118780789445,Excluded,Excluded
IM10,0.6206059,0.9575094,0.0015023,4.01e-05,0.1784737,spin1_run_136_mzp_2250_mx_400,2250.0,400.0,0.18639367926831843,0.2875797668053107,Excluded,Excluded
IM11,0.6432363,0.5729948,0.0008735,3.06e-05,0.1784737,spin1_run_136_mzp_2250_mx_400,2250.0,400.0,0.31147525248047625,0.2774621084040189,Excluded,Excluded
IM12,0.609649,0.4812981,0.0005736,2.48e-05,0.1784737,spin1_run_136_mzp_2250_mx_400,2250.0,400.0,0.37081737908377366,0.29274828630900734,Excluded,Excluded
EM0,10.1550708,11.3454706,0.0361327,0.0001931,0.1784737,spin1_run_136_mzp_2250_mx_400,2250.0,400.0,0.01573083270781205,0.01757483561808353,Excluded,Excluded
EM1,3.5657983,3.467076,0.0358426,0.0001924,0.1784737,spin1_run_136_mzp_2250_mx_400,2250.0,400.0,0.05147671986423142,0.05005154105323344,Excluded,Excluded
EM2,1.8269277,1.8209679,0.0271969,0.0001683,0.1784737,spin1_run_136_mzp_2250_mx_400,2250.0,400.0,0.09801034933125401,0.09769062015973594,Excluded,Excluded
EM3,1.1473832,1.3896107,0.0201899,0.0001455,0.1784737,spin1_run_136_mzp_2250_mx_400,2250.0,400.0,0.1284343161721481,0.1555484688986208,Excluded,Excluded
EM4,0.6968314,0.9743911,0.0252272,0.0001623,0.1784737,spin1_run_136_mzp_2250_mx_400,2250.0,400.0,0.1831643371947876,0.2561217821125742,Excluded,Excluded
EM5,0.447726,0.54522,0.0137613,0.0001206,0.1784737,spin1_run_136_mzp_2250_mx_400,2250.0,400.0,0.3273425406258024,0.3986225950693058,Excluded,Excluded
EM6,0.4195144,0.5810981,0.0069406,8.59e-05,0.1784737,spin1_run_136_mzp_2250_mx_400,2250.0,400.0,0.3071317906563453,0.425429258209015,Excluded,Excluded
EM7,0.3534084,0.5150112,0.0040789,6.6e-05,0.1784737,spin1_run_136_mzp_2250_mx_400,2250.0,400.0,0.3465433373099459,0.5050069551261374,Excluded,Excluded
EM8,0.4135134,0.4740357,0.0019674,4.59e-05,0.1784737,spin1_run_136_mzp_2250_mx_400,2250.0,400.0,0.37649843672111616,0.43160318383878254,Excluded,Excluded
EM9,0.273836,0.2330468,0.0017836,4.37e-05,0.1784737,spin1_run_136_mzp_2250_mx_400,2250.0,400.0,0.7658277221570947,0.6517539695292073,Excluded,Excluded
EM10,0.4993203,1.062866,0.0006288,2.59e-05,0.1784737,spin1_run_136_mzp_2250_mx_400,2250.0,400.0,0.16791740445173708,0.3574332948209797,Excluded,Excluded
EM11,0.7343839,0.8233621,0.0002998,1.79e-05,0.1784737,spin1_run_136_mzp_2250_mx_400,2250.0,400.0,0.21676210260345966,0.24302507176423668,Excluded,Excluded
EM12,0.4432782,0.3552964,0.0005736,2.48e-05,0.1784737,spin1_run_136_mzp_2250_mx_400,2250.0,400.0,0.502323412227087,0.40262232611484167,Excluded,Excluded
IM0,3.1486021,3.9771936,0.1798822,0.0004077,0.1696962,spin1_run_137_mzp_2250_mx_450,2250.0,450.0,0.04266732200313306,0.05389572724988019,Excluded,Excluded
IM1,1.6014348,2.0064789,0.1416811,0.0003701,0.1696962,spin1_run_137_mzp_2250_mx_450,2250.0,450.0,0.08457412634640714,0.1059651007958613,Excluded,Excluded
IM2,1.078878,1.4759863,0.1053045,0.0003258,0.1696962,spin1_run_137_mzp_2250_mx_450,2250.0,450.0,0.11497139234964443,0.15728951744312145,Excluded,Excluded
IM3,0.7278565,1.0744381,0.0781045,0.0002848,0.1696962,spin1_run_137_mzp_2250_mx_450,2250.0,450.0,0.1579394848339797,0.2331451323166036,Excluded,Excluded
IM4,0.5684085,0.8989124,0.0580233,0.0002481,0.1696962,spin1_run_137_mzp_2250_mx_450,2250.0,450.0,0.18877946282641112,0.2985462040064496,Excluded,Excluded
IM5,0.4662666,0.7067744,0.0309066,0.0001837,0.1696962,spin1_run_137_mzp_2250_mx_450,2250.0,450.0,0.24009952822286715,0.3639467206100544,Excluded,Excluded
IM6,0.4415649,0.6433114,0.0165614,0.0001355,0.1696962,spin1_run_137_mzp_2250_mx_450,2250.0,450.0,0.26378546999167124,0.38430636130725065,Excluded,Excluded
IM7,0.3685907,0.4356943,0.0097566,0.0001043,0.1696962,spin1_run_137_mzp_2250_mx_450,2250.0,450.0,0.38948455373412044,0.46039197407856464,Excluded,Excluded
IM8,0.3541921,0.380474,0.0056407,7.95e-05,0.1696962,spin1_run_137_mzp_2250_mx_450,2250.0,450.0,0.44601260532914205,0.47910780618765914,Excluded,Excluded
IM9,0.381118,0.3597659,0.0033074,6.09e-05,0.1696962,spin1_run_137_mzp_2250_mx_450,2250.0,450.0,0.47168505964573065,0.4452589486720648,Excluded,Excluded
IM10,0.4892836,0.7609343,0.0018963,4.62e-05,0.1696962,spin1_run_137_mzp_2250_mx_450,2250.0,450.0,0.2230103177107406,0.3468258490576835,Excluded,Excluded
IM11,0.4582199,0.4114013,0.001233,3.72e-05,0.1696962,spin1_run_137_mzp_2250_mx_450,2250.0,450.0,0.4124833830131309,0.37033790981142456,Excluded,Excluded
IM12,0.4919181,0.3902617,0.0007072,2.82e-05,0.1696962,spin1_run_137_mzp_2250_mx_450,2250.0,450.0,0.43482668168564836,0.34496840022759884,Excluded,Excluded
EM0,9.6151272,10.7623317,0.0382011,0.0002034,0.1696962,spin1_run_137_mzp_2250_mx_450,2250.0,450.0,0.01576760545300792,0.017648877281623482,Excluded,Excluded
EM1,3.5146638,3.4184345,0.0363766,0.0001987,0.1696962,spin1_run_137_mzp_2250_mx_450,2250.0,450.0,0.04964149525170074,0.04828234211192547,Excluded,Excluded
EM2,1.8355174,1.8067995,0.0272,0.0001726,0.1696962,spin1_run_137_mzp_2250_mx_450,2250.0,450.0,0.09392088054042522,0.09245142541280185,Excluded,Excluded
EM3,1.1510919,1.3944864,0.0200813,0.0001489,0.1696962,spin1_run_137_mzp_2250_mx_450,2250.0,450.0,0.1216908246649089,0.14742193911711132,Excluded,Excluded
EM4,0.6450633,0.909131,0.0271167,0.0001724,0.1696962,spin1_run_137_mzp_2250_mx_450,2250.0,450.0,0.18665758840035154,0.2630690662451266,Excluded,Excluded
EM5,0.4302038,0.5224137,0.0143451,0.0001262,0.1696962,spin1_run_137_mzp_2250_mx_450,2250.0,450.0,0.3248310677916754,0.39445537208179005,Excluded,Excluded
EM6,0.4286609,0.5924733,0.0068049,8.73e-05,0.1696962,spin1_run_137_mzp_2250_mx_450,2250.0,450.0,0.28641999563524634,0.39587515446358645,Excluded,Excluded
EM7,0.3486615,0.5083365,0.0041159,6.8e-05,0.1696962,spin1_run_137_mzp_2250_mx_450,2250.0,450.0,0.3338265105889504,0.48670759461540775,Excluded,Excluded
EM8,0.3487061,0.4005654,0.0023333,5.12e-05,0.1696962,spin1_run_137_mzp_2250_mx_450,2250.0,450.0,0.42364168248181194,0.4866453440304026,Excluded,Excluded
EM9,0.3458466,0.2943334,0.0014111,3.98e-05,0.1696962,spin1_run_137_mzp_2250_mx_450,2250.0,450.0,0.5765441502731256,0.4906689844572709,Excluded,Excluded
EM10,0.4693246,1.0071605,0.0006633,2.73e-05,0.1696962,spin1_run_137_mzp_2250_mx_450,2250.0,450.0,0.16848972929339465,0.36157533613196496,Excluded,Excluded
EM11,0.4159053,0.4686622,0.0005259,2.43e-05,0.1696962,spin1_run_137_mzp_2250_mx_450,2250.0,450.0,0.36208638119310665,0.40801644028099665,Excluded,Excluded
EM12,0.3581797,0.2902911,0.0007072,2.82e-05,0.1696962,spin1_run_137_mzp_2250_mx_450,2250.0,450.0,0.584572520480304,0.47377391851073636,Excluded,Excluded
IM0,3.1945431,4.0512178,0.1772327,0.0004617,0.1109943,spin1_run_138_mzp_2250_mx_500,2250.0,500.0,0.027397761729818625,0.03474496869364511,Excluded,Excluded
IM1,1.609621,2.023158,0.1403247,0.00042,0.1109943,spin1_run_138_mzp_2250_mx_500,2250.0,500.0,0.05486190401342851,0.0689567916919573,Excluded,Excluded
IM2,1.061291,1.4645954,0.1061389,0.0003724,0.1109943,spin1_run_138_mzp_2250_mx_500,2250.0,500.0,0.07578495740188723,0.10458422807693649,Excluded,Excluded
IM3,0.7309255,1.0761284,0.0780586,0.0003244,0.1109943,spin1_run_138_mzp_2250_mx_500,2250.0,500.0,0.1031422458509598,0.15185446396383764,Excluded,Excluded
IM4,0.5694481,0.9075296,0.057777,0.0002821,0.1109943,spin1_run_138_mzp_2250_mx_500,2250.0,500.0,0.12230377940289772,0.19491556824932774,Excluded,Excluded
IM5,0.4454906,0.6773443,0.0323314,0.0002139,0.1109943,spin1_run_138_mzp_2250_mx_500,2250.0,500.0,0.1638668842418841,0.2491507115975062,Excluded,Excluded
IM6,0.4349482,0.6369634,0.0167363,0.0001551,0.1109943,spin1_run_138_mzp_2250_mx_500,2250.0,500.0,0.1742553810784105,0.2551896984514478,Excluded,Excluded
IM7,0.4157758,0.4889758,0.0086494,0.000112,0.1109943,spin1_run_138_mzp_2250_mx_500,2250.0,500.0,0.22699344221125053,0.26695709562701825,Excluded,Excluded
IM8,0.3623603,0.3874015,0.0055523,8.98e-05,0.1109943,spin1_run_138_mzp_2250_mx_500,2250.0,500.0,0.2865097321512694,0.3063092176488429,Excluded,Excluded
IM9,0.4648717,0.4366121,0.0027345,6.31e-05,0.1109943,spin1_run_138_mzp_2250_mx_500,2250.0,500.0,0.25421718729279374,0.23876329748616662,Excluded,Excluded
IM10,0.5661735,0.8770378,0.0016441,4.9e-05,0.1109943,spin1_run_138_mzp_2250_mx_500,2250.0,500.0,0.12655589074952073,0.1960429091082504,Excluded,Excluded
IM11,0.6164628,0.5518455,0.0009154,3.66e-05,0.1109943,spin1_run_138_mzp_2250_mx_500,2250.0,500.0,0.20113292579172976,0.18005028040621432,Excluded,Excluded
IM12,0.554763,0.4401263,0.0006261,3.02e-05,0.1109943,spin1_run_138_mzp_2250_mx_500,2250.0,500.0,0.2521873834851496,0.20007516723357543,Excluded,Excluded
EM0,9.9768594,11.1352739,0.036908,0.000228,0.1109943,spin1_run_138_mzp_2250_mx_500,2250.0,500.0,0.00996781049094805,0.011125174320888996,Excluded,Excluded
EM1,3.7345861,3.6357627,0.0341858,0.0002197,0.1109943,spin1_run_138_mzp_2250_mx_500,2250.0,500.0,0.030528477559880352,0.029720642938182627,Excluded,Excluded
EM2,1.7753241,1.7590554,0.0280804,0.0001998,0.1109943,spin1_run_138_mzp_2250_mx_500,2250.0,500.0,0.06309880859920615,0.06252058426965533,Excluded,Excluded
EM3,1.1485071,1.3837336,0.0202816,0.0001704,0.1109943,spin1_run_138_mzp_2250_mx_500,2250.0,500.0,0.08021363360693128,0.09664224104491823,Excluded,Excluded
EM4,0.685139,0.9715207,0.0254456,0.0001904,0.1109943,spin1_run_138_mzp_2250_mx_500,2250.0,500.0,0.1142480031562889,0.16200260093207364,Excluded,Excluded
EM5,0.3942979,0.4802877,0.0155951,0.0001498,0.1109943,spin1_run_138_mzp_2250_mx_500,2250.0,500.0,0.23109960967145318,0.28149858267061534,Excluded,Excluded
EM6,0.3608114,0.5003776,0.0080869,0.0001083,0.1109943,spin1_run_138_mzp_2250_mx_500,2250.0,500.0,0.22182108071984039,0.30762414934783106,Excluded,Excluded
EM7,0.4638229,0.6776568,0.0030971,6.72e-05,0.1109943,spin1_run_138_mzp_2250_mx_500,2250.0,500.0,0.16379131737481276,0.23930319093774802,Excluded,Excluded
EM8,0.2883198,0.3294547,0.0028178,6.41e-05,0.1109943,spin1_run_138_mzp_2250_mx_500,2250.0,500.0,0.33690307043730144,0.38496939856367823,Excluded,Excluded
EM9,0.4489964,0.3822426,0.0010904,3.99e-05,0.1109943,spin1_run_138_mzp_2250_mx_500,2250.0,500.0,0.2903765828298573,0.2472053228043699,Excluded,Excluded
EM10,0.4286456,0.9163219,0.0007287,3.26e-05,0.1109943,spin1_run_138_mzp_2250_mx_500,2250.0,500.0,0.12113024909696037,0.2589418857909658,Excluded,Excluded
EM11,0.7578452,0.8526359,0.0002894,2.06e-05,0.1109943,spin1_run_138_mzp_2250_mx_500,2250.0,500.0,0.13017784027156257,0.14646038531351785,Excluded,Excluded
EM12,0.4053685,0.3269338,0.0006261,3.02e-05,0.1109943,spin1_run_138_mzp_2250_mx_500,2250.0,500.0,0.3395008408430086,0.2738108659158272,Excluded,Excluded
IM0,3.1525359,3.9949897,0.1799741,0.0005924,0.1099859,spin1_run_139_mzp_2250_mx_550,2250.0,550.0,0.027530959591710584,0.034888072170724524,Excluded,Excluded
IM1,1.5996947,2.0071308,0.1416023,0.0005376,0.1099859,spin1_run_139_mzp_2250_mx_550,2250.0,550.0,0.05479757472706811,0.0687543066811436,Excluded,Excluded
IM2,1.0611961,1.4665409,0.1063311,0.0004753,0.1099859,spin1_run_139_mzp_2250_mx_550,2250.0,550.0,0.07499681734072333,0.10364333227383703,Excluded,Excluded
IM3,0.6982015,1.033775,0.0813764,0.0004216,0.1099859,spin1_run_139_mzp_2250_mx_550,2250.0,550.0,0.10639249353099077,0.15752744730568466,Excluded,Excluded
IM4,0.5563461,0.8852924,0.059128,0.0003637,0.1099859,spin1_run_139_mzp_2250_mx_550,2250.0,550.0,0.12423680582822128,0.197693306378889,Excluded,Excluded
IM5,0.4480058,0.6793364,0.0321508,0.000272,0.1099859,spin1_run_139_mzp_2250_mx_550,2250.0,550.0,0.16190196786157787,0.24550106270945599,Excluded,Excluded
IM6,0.4253947,0.6227146,0.0171016,0.0001999,0.1099859,spin1_run_139_mzp_2250_mx_550,2250.0,550.0,0.17662328777902428,0.2585502358162901,Excluded,Excluded
IM7,0.3829301,0.453152,0.0093496,0.0001484,0.1099859,spin1_run_139_mzp_2250_mx_550,2250.0,550.0,0.24271304109879246,0.28722187156350465,Excluded,Excluded
IM8,0.3854209,0.4128358,0.0051873,0.0001108,0.1099859,spin1_run_139_mzp_2250_mx_550,2250.0,550.0,0.2664156063984761,0.2853656872266138,Excluded,Excluded
IM9,0.4011361,0.378602,0.0031503,8.64e-05,0.1099859,spin1_run_139_mzp_2250_mx_550,2250.0,550.0,0.29050533277690027,0.27418599323272075,Excluded,Excluded
IM10,0.4635969,0.7135943,0.0020183,6.92e-05,0.1099859,spin1_run_139_mzp_2250_mx_550,2250.0,550.0,0.15412945422910468,0.23724468390534967,Excluded,Excluded
IM11,0.387592,0.3463677,0.0014564,5.88e-05,0.1099859,spin1_run_139_mzp_2250_mx_550,2250.0,550.0,0.3175408676963816,0.28376720881751943,Excluded,Excluded
IM12,0.4980126,0.3965563,0.0006993,4.08e-05,0.1099859,spin1_run_139_mzp_2250_mx_550,2250.0,550.0,0.2773525474188659,0.22084963312173225,Excluded,Excluded
EM0,9.6146916,10.7090895,0.0383718,0.0002962,0.1099859,spin1_run_139_mzp_2250_mx_550,2250.0,550.0,0.01027033157207249,0.011439358075718204,Excluded,Excluded
EM1,3.6114517,3.5238262,0.0352711,0.0002844,0.1099859,spin1_run_139_mzp_2250_mx_550,2250.0,550.0,0.031212067155865976,0.030454761446761146,Excluded,Excluded
EM2,2.0061894,1.986472,0.0249548,0.0002405,0.1099859,spin1_run_139_mzp_2250_mx_550,2250.0,550.0,0.0553674554687909,0.05482328836948296,Excluded,Excluded
EM3,1.0477491,1.2583284,0.0222484,0.0002274,0.1099859,spin1_run_139_mzp_2250_mx_550,2250.0,550.0,0.08740635592425634,0.10497350940220325,Excluded,Excluded
EM4,0.6483773,0.9157285,0.0269771,0.0002498,0.1099859,spin1_run_139_mzp_2250_mx_550,2250.0,550.0,0.12010754279243248,0.16963255807999444,Excluded,Excluded
EM5,0.4069275,0.4973108,0.0150492,0.0001877,0.1099859,spin1_run_139_mzp_2250_mx_550,2250.0,550.0,0.22116129390312858,0.2702837729079504,Excluded,Excluded
EM6,0.3751781,0.5199856,0.007752,0.0001352,0.1099859,spin1_run_139_mzp_2250_mx_550,2250.0,550.0,0.21151720355332915,0.2931565035379197,Excluded,Excluded
EM7,0.3437074,0.5023909,0.0041624,9.93e-05,0.1099859,spin1_run_139_mzp_2250_mx_550,2250.0,550.0,0.21892494469943624,0.3199986383767123,Excluded,Excluded
EM8,0.3999141,0.4577757,0.002037,6.95e-05,0.1099859,spin1_run_139_mzp_2250_mx_550,2250.0,550.0,0.24026155167257676,0.2750238113634903,Excluded,Excluded
EM9,0.4317315,0.3655333,0.001132,5.18e-05,0.1099859,spin1_run_139_mzp_2250_mx_550,2250.0,550.0,0.3008916013944557,0.2547553282537874,Excluded,Excluded
EM10,0.5587476,1.1914373,0.0005619,3.65e-05,0.1099859,spin1_run_139_mzp_2250_mx_550,2250.0,550.0,0.09231362825387454,0.19684361955201238,Excluded,Excluded
EM11,0.2904631,0.3246576,0.000757,4.24e-05,0.1099859,spin1_run_139_mzp_2250_mx_550,2250.0,550.0,0.33877506640842536,0.37865704800368793,Excluded,Excluded
EM12,0.3636943,0.2943273,0.0006993,4.08e-05,0.1099859,spin1_run_139_mzp_2250_mx_550,2250.0,550.0,0.37368568936690544,0.3024130430419173,Excluded,Excluded
IM0,16.2840291,20.6544486,0.0346804,2.67e-05,9.731747,spin1_run_13_mzp_200_mx_110,200.0,110.0,0.47116953778180265,0.5976252523400366,Excluded,Excluded
IM1,10.7570586,13.4640913,0.0211077,2.1e-05,9.731747,spin1_run_13_mzp_200_mx_110,200.0,110.0,0.7227927071468983,0.9046847620593979,Excluded,Excluded
IM2,9.2003481,12.6119933,0.0123246,1.61e-05,9.731747,spin1_run_13_mzp_200_mx_110,200.0,110.0,0.7716264010384465,1.057758564591703,Excluded,Included
IM3,7.435286,10.9901612,0.0076485,1.27e-05,9.731747,spin1_run_13_mzp_200_mx_110,200.0,110.0,0.8854962928114285,1.3088598071412452,Excluded,Included
IM4,7.0632741,11.2161662,0.0046538,9.9e-06,9.731747,spin1_run_13_mzp_200_mx_110,200.0,110.0,0.8676536016379643,1.3777954617391954,Excluded,Included
IM5,8.0350047,12.191188,0.0017978,6.2e-06,9.731747,spin1_run_13_mzp_200_mx_110,200.0,110.0,0.7982607601490519,1.2111687999385987,Excluded,Included
IM6,10.9617844,15.9774028,0.0006666,3.8e-06,9.731747,spin1_run_13_mzp_200_mx_110,200.0,110.0,0.609094426786311,0.8877885793849403,Excluded,Excluded
IM7,12.5628239,14.7887405,0.0002857,2.5e-06,9.731747,spin1_run_13_mzp_200_mx_110,200.0,110.0,0.6580511031348478,0.7746464550856277,Excluded,Excluded
IM8,8.0465127,8.5384901,0.0002504,2.3e-06,9.731747,spin1_run_13_mzp_200_mx_110,200.0,110.0,1.1397503406369236,1.209436604754256,Included,Included
IM9,17.5535642,16.6325783,7.19e-05,1.2e-06,9.731747,spin1_run_13_mzp_200_mx_110,200.0,110.0,0.585101529328138,0.5544029058212576,Excluded,Excluded
IM10,25.7253734,39.8778977,3.61e-05,9e-07,9.731747,spin1_run_13_mzp_200_mx_110,200.0,110.0,0.2440386169103393,0.37829371215268737,Excluded,Excluded
IM11,15.6007446,13.9361551,3.61e-05,9e-07,9.731747,spin1_run_13_mzp_200_mx_110,200.0,110.0,0.698309320624596,0.6238001614358842,Excluded,Excluded
IM12,-1.0,-1.0,0.0,0.0,9.731747,spin1_run_13_mzp_200_mx_110,200.0,110.0,-9.731747,-9.731747,Excluded,Excluded
EM0,26.9261187,30.0299712,0.0135727,1.69e-05,9.731747,spin1_run_13_mzp_200_mx_110,200.0,110.0,0.32406780996180246,0.3614240547784557,Excluded,Excluded
EM1,14.5338928,14.1394365,0.0087832,1.36e-05,9.731747,spin1_run_13_mzp_200_mx_110,200.0,110.0,0.6882697906666931,0.6695898431286077,Excluded,Excluded
EM2,10.6920865,10.6389539,0.004676,1e-05,9.731747,spin1_run_13_mzp_200_mx_110,200.0,110.0,0.9147278098460413,0.9101822174745781,Excluded,Excluded
EM3,7.7490661,9.3594812,0.0029948,8e-06,9.731747,spin1_run_13_mzp_200_mx_110,200.0,110.0,1.0397741917575518,1.2558606255791263,Included,Included
EM4,6.1363629,8.6550215,0.002856,7.8e-06,9.731747,spin1_run_13_mzp_200_mx_110,200.0,110.0,1.1244047169611306,1.585914516235668,Included,Included
EM5,5.4326136,6.6340995,0.0011312,4.9e-06,9.731747,spin1_run_13_mzp_200_mx_110,200.0,110.0,1.4669281038067037,1.7913563740296201,Included,Included
EM6,7.6394579,10.5746416,0.0003809,2.8e-06,9.731747,spin1_run_13_mzp_200_mx_110,200.0,110.0,0.9202909534068748,1.2738792630822666,Excluded,Included
EM7,40.8234435,59.5566827,3.53e-05,9e-07,9.731747,spin1_run_13_mzp_200_mx_110,200.0,110.0,0.16340310707063607,0.23838623510532617,Excluded,Excluded
EM8,4.5591561,5.1987834,0.0001786,2e-06,9.731747,spin1_run_13_mzp_200_mx_110,200.0,110.0,1.8719277667925154,2.134550076054645,Included,Included
EM9,13.7028532,11.6232893,3.58e-05,9e-07,9.731747,spin1_run_13_mzp_200_mx_110,200.0,110.0,0.8372627359451511,0.7101985884224462,Excluded,Excluded
EM10,-1.0,-1.0,0.0,0.0,9.731747,spin1_run_13_mzp_200_mx_110,200.0,110.0,-9.731747,-9.731747,Excluded,Excluded
EM11,6.0531349,6.839361,3.61e-05,9e-07,9.731747,spin1_run_13_mzp_200_mx_110,200.0,110.0,1.4229029583319261,1.6077201583595966,Included,Included
EM12,-1.0,-1.0,0.0,0.0,9.731747,spin1_run_13_mzp_200_mx_110,200.0,110.0,-9.731747,-9.731747,Excluded,Excluded
IM0,3.0510582,3.8618957,0.1856227,0.0007702,0.0602142,spin1_run_140_mzp_2250_mx_600,2250.0,600.0,0.015591876290185673,0.01973551340318582,Excluded,Excluded
IM1,1.5249865,1.9187312,0.1483718,0.0007042,0.0602142,spin1_run_140_mzp_2250_mx_600,2250.0,600.0,0.031382300970558046,0.03948507085144688,Excluded,Excluded
IM2,1.0394201,1.432093,0.1088,0.0006169,0.0602142,spin1_run_140_mzp_2250_mx_600,2250.0,600.0,0.042046291686363944,0.05793057109440158,Excluded,Excluded
IM3,0.7080029,1.0409784,0.0805562,0.0005391,0.0602142,spin1_run_140_mzp_2250_mx_600,2250.0,600.0,0.057843851515074665,0.08504795672447105,Excluded,Excluded
IM4,0.561322,0.8987651,0.0582597,0.000464,0.0602142,spin1_run_140_mzp_2250_mx_600,2250.0,600.0,0.06699659343692807,0.10727211832067869,Excluded,Excluded
IM5,0.4295793,0.6550854,0.0334794,0.0003563,0.0602142,spin1_run_140_mzp_2250_mx_600,2250.0,600.0,0.09191809190068959,0.1401701618304234,Excluded,Excluded
IM6,0.3952699,0.5765045,0.0184992,0.0002669,0.0602142,spin1_run_140_mzp_2250_mx_600,2250.0,600.0,0.10444705982347059,0.15233692218911685,Excluded,Excluded
IM7,0.3534553,0.4151819,0.0101768,0.0001988,0.0602142,spin1_run_140_mzp_2250_mx_600,2250.0,600.0,0.1450308888706372,0.1703587412609176,Excluded,Excluded
IM8,0.3657044,0.3892417,0.0054917,0.0001464,0.0602142,spin1_run_140_mzp_2250_mx_600,2250.0,600.0,0.15469616950085255,0.16465265389205053,Excluded,Excluded
IM9,0.3712528,0.3502551,0.003417,0.0001156,0.0602142,spin1_run_140_mzp_2250_mx_600,2250.0,600.0,0.17191526975624338,0.1621919080475622,Excluded,Excluded
IM10,0.5181361,0.7968177,0.0018078,8.42e-05,0.0602142,spin1_run_140_mzp_2250_mx_600,2250.0,600.0,0.07556835145604823,0.1162130953623961,Excluded,Excluded
IM11,0.6003925,0.5341331,0.0009393,6.07e-05,0.0602142,spin1_run_140_mzp_2250_mx_600,2250.0,600.0,0.11273257545731578,0.10029139271393298,Excluded,Excluded
IM12,0.53153,0.4233814,0.0006546,5.07e-05,0.0602142,spin1_run_140_mzp_2250_mx_600,2250.0,600.0,0.14222211934676393,0.11328466878633381,Excluded,Excluded
EM0,9.8692912,11.0157668,0.0372509,0.0003751,0.0602142,spin1_run_140_mzp_2250_mx_600,2250.0,600.0,0.005466183252898927,0.006101167629950974,Excluded,Excluded
EM1,3.2252392,3.1575034,0.0395718,0.0003862,0.0602142,spin1_run_140_mzp_2250_mx_600,2250.0,600.0,0.01907019324191385,0.01866968502677259,Excluded,Excluded
EM2,1.7710526,1.756455,0.0282438,0.0003282,0.0602142,spin1_run_140_mzp_2250_mx_600,2250.0,600.0,0.034281663919656355,0.0339991031322277,Excluded,Excluded
EM3,1.0420985,1.2626291,0.0222965,0.0002925,0.0602142,spin1_run_140_mzp_2250_mx_600,2250.0,600.0,0.04768953923206744,0.0577816780275569,Excluded,Excluded
EM4,0.7048141,0.9969286,0.0247803,0.000308,0.0602142,spin1_run_140_mzp_2250_mx_600,2250.0,600.0,0.06039971167443686,0.0854327403495475,Excluded,Excluded
EM5,0.4084176,0.5004371,0.0149802,0.0002406,0.0602142,spin1_run_140_mzp_2250_mx_600,2250.0,600.0,0.12032321344680481,0.14743292159789392,Excluded,Excluded
EM6,0.3500832,0.4859998,0.0083224,0.00018,0.0602142,spin1_run_140_mzp_2250_mx_600,2250.0,600.0,0.12389758185085674,0.17199968464639265,Excluded,Excluded
EM7,0.3065451,0.4481763,0.0046851,0.0001353,0.0602142,spin1_run_140_mzp_2250_mx_600,2250.0,600.0,0.13435382459982823,0.19642851900095615,Excluded,Excluded
EM8,0.3924556,0.450346,0.0020747,9.01e-05,0.0602142,spin1_run_140_mzp_2250_mx_600,2250.0,600.0,0.13370652786968243,0.15342933060453207,Excluded,Excluded
EM9,0.3040868,0.2601675,0.0016092,7.94e-05,0.0602142,spin1_run_140_mzp_2250_mx_600,2250.0,600.0,0.23144397359393468,0.19801648739767724,Excluded,Excluded
EM10,0.360924,0.7698373,0.0008684,5.84e-05,0.0602142,spin1_run_140_mzp_2250_mx_600,2250.0,600.0,0.07821678684574002,0.16683346078398775,Excluded,Excluded
EM11,0.7713275,0.8667604,0.0002847,3.34e-05,0.0602142,spin1_run_140_mzp_2250_mx_600,2250.0,600.0,0.06947040958493259,0.07806567249320165,Excluded,Excluded
EM12,0.3881802,0.3120441,0.0006546,5.07e-05,0.0602142,spin1_run_140_mzp_2250_mx_600,2250.0,600.0,0.19296695563223276,0.15511919464207605,Excluded,Excluded
IM0,3.1273075,3.9524777,0.1814326,0.0010109,0.06496911,spin1_run_141_mzp_2250_mx_650,2250.0,650.0,0.016437565226490713,0.020774775106061683,Excluded,Excluded
IM1,1.5987115,1.9996398,0.1420383,0.0009157,0.06496911,spin1_run_141_mzp_2250_mx_650,2250.0,650.0,0.03249040652221465,0.04063842037791058,Excluded,Excluded
IM2,1.0737793,1.4717147,0.1059417,0.0008073,0.06496911,spin1_run_141_mzp_2250_mx_650,2250.0,650.0,0.04414517976887776,0.0605050870323166,Excluded,Excluded
IM3,0.7275738,1.0712835,0.0783343,0.0007049,0.06496911,spin1_run_141_mzp_2250_mx_650,2250.0,650.0,0.06064604747482809,0.0892955601204991,Excluded,Excluded
IM4,0.5662131,0.8951551,0.0583999,0.0006151,0.06496911,spin1_run_141_mzp_2250_mx_650,2250.0,650.0,0.07257860676881582,0.11474321240536468,Excluded,Excluded
IM5,0.500739,0.7602251,0.0288543,0.0004391,0.06496911,spin1_run_141_mzp_2250_mx_650,2250.0,650.0,0.08546035904365694,0.1297464547398944,Excluded,Excluded
IM6,0.4386664,0.64085,0.0166186,0.0003353,0.06496911,spin1_run_141_mzp_2250_mx_650,2250.0,650.0,0.10137958960755246,0.14810596389420297,Excluded,Excluded
IM7,0.385166,0.4544631,0.0093479,0.0002524,0.06496911,spin1_run_141_mzp_2250_mx_650,2250.0,650.0,0.1429579431201345,0.1686782062798897,Excluded,Excluded
IM8,0.4178068,0.4469811,0.0047781,0.0001809,0.06496911,spin1_run_141_mzp_2250_mx_650,2250.0,650.0,0.14535091081032284,0.1555003652405849,Excluded,Excluded
IM9,0.4859856,0.4572578,0.0026023,0.0001336,0.06496911,spin1_run_141_mzp_2250_mx_650,2250.0,650.0,0.14208420282825138,0.13368525734095824,Excluded,Excluded
IM10,0.7527888,1.1604542,0.0012419,9.24e-05,0.06496911,spin1_run_141_mzp_2250_mx_650,2250.0,650.0,0.05598593206005028,0.08630456510511314,Excluded,Excluded
IM11,0.9182508,0.8158531,0.000614,6.5e-05,0.06496911,spin1_run_141_mzp_2250_mx_650,2250.0,650.0,0.07963334330653397,0.0707531210427478,Excluded,Excluded
IM12,1.1222972,0.8924697,0.0003116,4.63e-05,0.06496911,spin1_run_141_mzp_2250_mx_650,2250.0,650.0,0.07279699243570957,0.05788939863700987,Excluded,Excluded
EM0,9.3236627,10.4357032,0.0393944,0.0005103,0.06496911,spin1_run_141_mzp_2250_mx_650,2250.0,650.0,0.006225657126776084,0.006968196093151246,Excluded,Excluded
EM1,3.5307495,3.461371,0.0360966,0.0004893,0.06496911,spin1_run_141_mzp_2250_mx_650,2250.0,650.0,0.01876976203937688,0.01840094008368478,Excluded,Excluded
EM2,1.8151935,1.7955244,0.0276074,0.0004298,0.06496911,spin1_run_141_mzp_2250_mx_650,2250.0,650.0,0.036183919305134475,0.03579183706861004,Excluded,Excluded
EM3,1.1563393,1.4107305,0.0199344,0.0003667,0.06496911,spin1_run_141_mzp_2250_mx_650,2250.0,650.0,0.046053523334187496,0.05618516122387261,Excluded,Excluded
EM4,0.5930854,0.8362651,0.0295456,0.0004442,0.06496911,spin1_run_141_mzp_2250_mx_650,2250.0,650.0,0.07768961062706073,0.10954427473682542,Excluded,Excluded
EM5,0.5017449,0.6122163,0.0122357,0.0002884,0.06496911,spin1_run_141_mzp_2250_mx_650,2250.0,650.0,0.10612116991984694,0.1294863385756387,Excluded,Excluded
EM6,0.3997975,0.5572589,0.0072707,0.0002229,0.06496911,spin1_run_141_mzp_2250_mx_650,2250.0,650.0,0.11658694010988428,0.16250504317810893,Excluded,Excluded
EM7,0.3141475,0.459958,0.0045698,0.0001769,0.06496911,spin1_run_141_mzp_2250_mx_650,2250.0,650.0,0.14125009239974085,0.20681084522397916,Excluded,Excluded
EM8,0.373521,0.4289422,0.0021758,0.0001222,0.06496911,spin1_run_141_mzp_2250_mx_650,2250.0,650.0,0.15146355383079585,0.17393696739942333,Excluded,Excluded
EM9,0.3581731,0.3061707,0.0013604,9.67e-05,0.06496911,spin1_run_141_mzp_2250_mx_650,2250.0,650.0,0.21219897919689895,0.18139025515874865,Excluded,Excluded
EM10,0.4998048,1.0635554,0.0006279,6.57e-05,0.06496911,spin1_run_141_mzp_2250_mx_650,2250.0,650.0,0.06108671913094513,0.12998896769298734,Excluded,Excluded
EM11,0.7267485,0.8157376,0.0003024,4.56e-05,0.06496911,spin1_run_141_mzp_2250_mx_650,2250.0,650.0,0.07964461856361654,0.08939696469961754,Excluded,Excluded
EM12,0.8156311,0.6610756,0.0003116,4.63e-05,0.06496911,spin1_run_141_mzp_2250_mx_650,2250.0,650.0,0.09827788228759313,0.07965501805902202,Excluded,Excluded
IM0,9.9275312,12.5361433,0.0572192,7.48e-05,1.968703,spin1_run_14_mzp_200_mx_150,200.0,150.0,0.15704215825292936,0.1983074100034055,Excluded,Excluded
IM1,6.2367144,7.8335571,0.036375,6.03e-05,1.968703,spin1_run_14_mzp_200_mx_150,200.0,150.0,0.2513166081345089,0.31566348460657423,Excluded,Excluded
IM2,4.786751,6.5867839,0.0236663,4.89e-05,1.968703,spin1_run_14_mzp_200_mx_150,200.0,150.0,0.2988868361082865,0.41128168145784066,Excluded,Excluded
IM3,3.8728754,5.7124462,0.0146773,3.87e-05,1.968703,spin1_run_14_mzp_200_mx_150,200.0,150.0,0.34463396784375844,0.508331096838282,Excluded,Excluded
IM4,3.3730535,5.368556,0.0097607,3.17e-05,1.968703,spin1_run_14_mzp_200_mx_150,200.0,150.0,0.3667099681925643,0.583656025615959,Excluded,Excluded
IM5,3.8827628,5.905903,0.0037026,1.96e-05,1.968703,spin1_run_14_mzp_200_mx_150,200.0,150.0,0.3333449601187151,0.5070366389623389,Excluded,Excluded
IM6,4.364264,6.3769099,0.0016731,1.32e-05,1.968703,spin1_run_14_mzp_200_mx_150,200.0,150.0,0.3087236656738713,0.45109622149347517,Excluded,Excluded
IM7,4.7552149,5.5818665,0.000757,8.9e-06,1.968703,spin1_run_14_mzp_200_mx_150,200.0,150.0,0.352696181465465,0.4140092596025471,Excluded,Excluded
IM8,6.4290783,6.8708497,0.0003115,5.7e-06,1.968703,spin1_run_14_mzp_200_mx_150,200.0,150.0,0.2865297722929378,0.30621854457737746,Excluded,Excluded
IM9,12.3339813,11.7121607,0.0001023,3.3e-06,1.968703,spin1_run_14_mzp_200_mx_150,200.0,150.0,0.16809050442759038,0.15961618167849825,Excluded,Excluded
IM10,-1.0,-1.0,0.0,0.0,1.968703,spin1_run_14_mzp_200_mx_150,200.0,150.0,-1.968703,-1.968703,Excluded,Excluded
IM11,-1.0,-1.0,0.0,0.0,1.968703,spin1_run_14_mzp_200_mx_150,200.0,150.0,-1.968703,-1.968703,Excluded,Excluded
IM12,-1.0,-1.0,0.0,0.0,1.968703,spin1_run_14_mzp_200_mx_150,200.0,150.0,-1.968703,-1.968703,Excluded,Excluded
EM0,17.5915879,19.6748408,0.0208442,4.6e-05,1.968703,spin1_run_14_mzp_200_mx_150,200.0,150.0,0.10006195323318703,0.11191161430060557,Excluded,Excluded
EM1,10.0439132,9.7944013,0.0127088,3.61e-05,1.968703,spin1_run_14_mzp_200_mx_150,200.0,150.0,0.2010028933570447,0.19600955930204575,Excluded,Excluded
EM2,5.5557029,5.5465152,0.008989,3.04e-05,1.968703,spin1_run_14_mzp_200_mx_150,200.0,150.0,0.3549441278011823,0.3543571417398868,Excluded,Excluded
EM3,4.6972483,5.6920205,0.0049166,2.25e-05,1.968703,spin1_run_14_mzp_200_mx_150,200.0,150.0,0.34587067984031333,0.41911835914656675,Excluded,Excluded
EM4,2.9008857,4.0725246,0.0060581,2.5e-05,1.968703,spin1_run_14_mzp_200_mx_150,200.0,150.0,0.4834109534906185,0.678655832596231,Excluded,Excluded
EM5,3.0319615,3.6850042,0.0020295,1.45e-05,1.968703,spin1_run_14_mzp_200_mx_150,200.0,150.0,0.5342471522827573,0.6493166222592207,Excluded,Excluded
EM6,3.175914,4.4005217,0.0009161,9.7e-06,1.968703,spin1_run_14_mzp_200_mx_150,200.0,150.0,0.44737945503143417,0.6198854880831156,Excluded,Excluded
EM7,3.22238,4.6990621,0.0004455,6.8e-06,1.968703,spin1_run_14_mzp_200_mx_150,200.0,150.0,0.4189565828466068,0.6109468777735712,Excluded,Excluded
EM8,3.8865888,4.4594048,0.0002092,4.7e-06,1.968703,spin1_run_14_mzp_200_mx_150,200.0,150.0,0.4414721444440299,0.5065375066176283,Excluded,Excluded
EM9,4.7943977,4.0377838,0.0001023,3.3e-06,1.968703,spin1_run_14_mzp_200_mx_150,200.0,150.0,0.4875701863977958,0.410625718429658,Excluded,Excluded
EM10,-1.0,-1.0,0.0,0.0,1.968703,spin1_run_14_mzp_200_mx_150,200.0,150.0,-1.968703,-1.968703,Excluded,Excluded
EM11,-1.0,-1.0,0.0,0.0,1.968703,spin1_run_14_mzp_200_mx_150,200.0,150.0,-1.968703,-1.968703,Excluded,Excluded
EM12,-1.0,-1.0,0.0,0.0,1.968703,spin1_run_14_mzp_200_mx_150,200.0,150.0,-1.968703,-1.968703,Excluded,Excluded
IM0,5.148449,6.5531446,0.1093639,0.0003972,0.1228929,spin1_run_15_mzp_200_mx_300,200.0,300.0,0.018753271520973305,0.02386988780504575,Excluded,Excluded
IM1,2.9328698,3.6849263,0.0773402,0.00034,0.1228929,spin1_run_15_mzp_200_mx_300,200.0,300.0,0.033350164968021206,0.041901928275165846,Excluded,Excluded
IM2,2.1791947,2.9930592,0.0519293,0.0002824,0.1228929,spin1_run_15_mzp_200_mx_300,200.0,300.0,0.04105929478441322,0.0563937219560969,Excluded,Excluded
IM3,1.6439936,2.4142392,0.0346988,0.0002329,0.1228929,spin1_run_15_mzp_200_mx_300,200.0,300.0,0.05090336533347649,0.0747526632707086,Excluded,Excluded
IM4,1.4532809,2.294127,0.0227945,0.0001899,0.1228929,spin1_run_15_mzp_200_mx_300,200.0,300.0,0.053568481605421145,0.08456238570258509,Excluded,Excluded
IM5,1.2876283,1.9547404,0.0111813,0.0001338,0.1228929,spin1_run_15_mzp_200_mx_300,200.0,300.0,0.06286916666786035,0.0954412853460894,Excluded,Excluded
IM6,1.2154925,1.782456,0.0059972,9.83e-05,0.1228929,spin1_run_15_mzp_200_mx_300,200.0,300.0,0.0689458253106949,0.10110543668512968,Excluded,Excluded
IM7,1.0222045,1.2022392,0.0035172,7.53e-05,0.1228929,spin1_run_15_mzp_200_mx_300,200.0,300.0,0.10222000746606832,0.12022339952524178,Excluded,Excluded
IM8,1.1099005,1.1909688,0.0017942,5.39e-05,0.1228929,spin1_run_15_mzp_200_mx_300,200.0,300.0,0.10318733790507358,0.1107242496061584,Excluded,Excluded
IM9,1.4899838,1.4205632,0.0008465,3.7e-05,0.1228929,spin1_run_15_mzp_200_mx_300,200.0,300.0,0.08650998420907989,0.08247935313122196,Excluded,Excluded
IM10,2.0975704,3.2469293,0.0004439,2.68e-05,0.1228929,spin1_run_15_mzp_200_mx_300,200.0,300.0,0.03784896086280659,0.05858821234319478,Excluded,Excluded
IM11,2.0478184,1.8241737,0.0002766,2.12e-05,0.1228929,spin1_run_15_mzp_200_mx_300,200.0,300.0,0.06736907784604065,0.06001162017100735,Excluded,Excluded
IM12,2.0205693,1.6001469,0.0001734,1.68e-05,0.1228929,spin1_run_15_mzp_200_mx_300,200.0,300.0,0.07680101120715854,0.06082092804240864,Excluded,Excluded
EM0,11.4609885,12.8529719,0.0320237,0.0002241,0.1228929,spin1_run_15_mzp_200_mx_300,200.0,300.0,0.00956143847167362,0.010722713839212037,Excluded,Excluded
EM1,5.0393034,4.9023889,0.0254108,0.0002003,0.1228929,spin1_run_15_mzp_200_mx_300,200.0,300.0,0.02506796227447398,0.02438688252031025,Excluded,Excluded
EM2,2.9007842,2.887374,0.0172305,0.0001656,0.1228929,spin1_run_15_mzp_200_mx_300,200.0,300.0,0.042562168946592996,0.04236540587886545,Excluded,Excluded
EM3,1.9514565,2.3572361,0.0119043,0.000138,0.1228929,spin1_run_15_mzp_200_mx_300,200.0,300.0,0.05213431951088819,0.06297496254720512,Excluded,Excluded
EM4,1.5066667,2.1269011,0.0116132,0.0001364,0.1228929,spin1_run_15_mzp_200_mx_300,200.0,300.0,0.05778026068066823,0.08156608226623711,Excluded,Excluded
EM5,1.1854707,1.4353526,0.0051841,9.14e-05,0.1228929,spin1_run_15_mzp_200_mx_300,200.0,300.0,0.0856186138513979,0.10366591093310025,Excluded,Excluded
EM6,1.1745428,1.6258343,0.0024801,6.33e-05,0.1228929,spin1_run_15_mzp_200_mx_300,200.0,300.0,0.07558759216729528,0.10463041448979127,Excluded,Excluded
EM7,0.8329535,1.219446,0.001723,5.28e-05,0.1228929,spin1_run_15_mzp_200_mx_300,200.0,300.0,0.10077764821074488,0.1475387281522918,Excluded,Excluded
EM8,0.8556566,0.9844946,0.0009477,3.92e-05,0.1228929,spin1_run_15_mzp_200_mx_300,200.0,300.0,0.12482841449815976,0.1436240893835214,Excluded,Excluded
EM9,1.208002,1.0273858,0.0004027,2.55e-05,0.1228929,spin1_run_15_mzp_200_mx_300,200.0,300.0,0.11961709028876981,0.10173236468151542,Excluded,Excluded
EM10,1.8732806,3.995471,0.0001673,1.65e-05,0.1228929,spin1_run_15_mzp_200_mx_300,200.0,300.0,0.03075805080302172,0.06560303886134304,Excluded,Excluded
EM11,2.127497,2.3823778,0.0001032,1.29e-05,0.1228929,spin1_run_15_mzp_200_mx_300,200.0,300.0,0.051584135815906276,0.05776407675310471,Excluded,Excluded
EM12,1.467457,1.1759951,0.0001734,1.68e-05,0.1228929,spin1_run_15_mzp_200_mx_300,200.0,300.0,0.10450120072779215,0.08374548623911979,Excluded,Excluded
IM0,3.6689646,4.6646073,0.1536706,0.0013598,0.01372616,spin1_run_16_mzp_200_mx_500,200.0,500.0,0.0029426185565503016,0.003741153566867339,Excluded,Excluded
IM1,1.9312831,2.4327316,0.1173702,0.0012136,0.01372616,spin1_run_16_mzp_200_mx_500,200.0,500.0,0.005642282938241112,0.0071072749510416155,Excluded,Excluded
IM2,1.3495337,1.8545338,0.0838054,0.0010448,0.01372616,spin1_run_16_mzp_200_mx_500,200.0,500.0,0.00740140729707919,0.010171039078164553,Excluded,Excluded
IM3,0.9705507,1.427684,0.0587912,0.0008869,0.01372616,spin1_run_16_mzp_200_mx_500,200.0,500.0,0.009614284393465221,0.014142651177316135,Excluded,Excluded
IM4,0.7886739,1.2518616,0.0419221,0.0007556,0.01372616,spin1_run_16_mzp_200_mx_500,200.0,500.0,0.010964598642533647,0.017404100731620506,Excluded,Excluded
IM5,0.6588234,-1.0,0.0218822,0.0005516,0.01372616,spin1_run_16_mzp_200_mx_500,200.0,500.0,-0.01372616,0.020834354092462412,Excluded,Excluded
IM6,0.659827,0.963849,0.0110523,0.0003942,0.01372616,spin1_run_16_mzp_200_mx_500,200.0,500.0,0.01424098588056843,0.020802664940961797,Excluded,Excluded
IM7,0.5308852,0.6244866,0.0067706,0.0003092,0.01372616,spin1_run_16_mzp_200_mx_500,200.0,500.0,0.021979911178238252,0.025855231978589722,Excluded,Excluded
IM8,0.5688748,0.6079521,0.0035212,0.0002233,0.01372616,spin1_run_16_mzp_200_mx_500,200.0,500.0,0.02257769978917747,0.024128613185185912,Excluded,Excluded
IM9,0.5691812,0.5386086,0.0022227,0.0001776,0.01372616,spin1_run_16_mzp_200_mx_500,200.0,500.0,0.02548447982449593,0.024115624338962704,Excluded,Excluded
IM10,0.7248866,1.1280914,0.0012806,0.0001348,0.01372616,spin1_run_16_mzp_200_mx_500,200.0,500.0,0.012167595639856841,0.01893559627119607,Excluded,Excluded
IM11,0.7588281,0.6750226,0.0007461,0.0001029,0.01372616,spin1_run_16_mzp_200_mx_500,200.0,500.0,0.020334371026984873,0.01808862903205614,Excluded,Excluded
IM12,0.641973,0.5104861,0.0005434,8.79e-05,0.01372616,spin1_run_16_mzp_200_mx_500,200.0,500.0,0.02688841086956138,0.02138121073627707,Excluded,Excluded
EM0,10.1441178,11.3399861,0.0363004,0.0007052,0.01372616,spin1_run_16_mzp_200_mx_500,200.0,500.0,0.0012104212367597168,0.001353115201402728,Excluded,Excluded
EM1,3.8278006,3.7021103,0.0335648,0.0006791,0.01372616,spin1_run_16_mzp_200_mx_500,200.0,500.0,0.0037076583050483394,0.003585913017517161,Excluded,Excluded
EM2,2.0004172,1.9813054,0.0250142,0.0005888,0.01372616,spin1_run_16_mzp_200_mx_500,200.0,500.0,0.006927836566740291,0.006861648660089506,Excluded,Excluded
EM3,1.3735143,1.6618912,0.0168691,0.0004856,0.01372616,spin1_run_16_mzp_200_mx_500,200.0,500.0,0.008259361382983435,0.009993459842391157,Excluded,Excluded
EM4,0.8715027,1.231014,0.0200399,0.0005284,0.01372616,spin1_run_16_mzp_200_mx_500,200.0,500.0,0.011150287486576106,0.0157499913654886,Excluded,Excluded
EM5,0.5678538,0.6905958,0.0108299,0.0003903,0.01372616,spin1_run_16_mzp_200_mx_500,200.0,500.0,0.019875823166025625,0.024171996383576196,Excluded,Excluded
EM6,0.6791054,0.9431328,0.0042816,0.0002462,0.01372616,spin1_run_16_mzp_200_mx_500,200.0,500.0,0.014553793484862364,0.02021212023936196,Excluded,Excluded
EM7,0.4426829,0.6460421,0.0032494,0.0002146,0.01372616,spin1_run_16_mzp_200_mx_500,200.0,500.0,0.021246541053593877,0.03100675449627713,Excluded,Excluded
EM8,0.6266573,0.7167318,0.0012985,0.0001358,0.01372616,spin1_run_16_mzp_200_mx_500,200.0,500.0,0.019151040877494203,0.021903774200029265,Excluded,Excluded
EM9,0.5189595,0.4421652,0.0009421,0.0001157,0.01372616,spin1_run_16_mzp_200_mx_500,200.0,500.0,0.0310430581149308,0.026449385742047304,Excluded,Excluded
EM10,0.5853607,1.2527569,0.0005346,8.72e-05,0.01372616,spin1_run_16_mzp_200_mx_500,200.0,500.0,0.010956762640860328,0.023449063116126517,Excluded,Excluded
EM11,1.0836988,1.2130355,0.0002027,5.37e-05,0.01372616,spin1_run_16_mzp_200_mx_500,200.0,500.0,0.011315546824474634,0.012666028604996146,Excluded,Excluded
EM12,0.4661555,0.3777615,0.0005434,8.79e-05,0.01372616,spin1_run_16_mzp_200_mx_500,200.0,500.0,0.03633551857455035,0.02944545328758322,Excluded,Excluded
IM0,18.5259868,23.4514271,0.0305611,3.8e-06,438.3275,spin1_run_17_mzp_300_mx_0,300.0,0.0,18.69086679164186,23.660143167110537,Included,Included
IM1,12.5613862,15.7199028,0.018043,2.9e-06,438.3275,spin1_run_17_mzp_300_mx_0,300.0,0.0,27.883601163233656,34.894835093916626,Included,Included
IM2,11.2532792,15.4751334,0.0100684,2.2e-06,438.3275,spin1_run_17_mzp_300_mx_0,300.0,0.0,28.324634668415843,38.95109080737995,Included,Included
IM3,9.4056289,13.8457738,0.0060698,1.7e-06,438.3275,spin1_run_17_mzp_300_mx_0,300.0,0.0,31.657855048881412,46.602678530087445,Included,Included
IM4,9.8829486,15.6937137,0.0033355,1.3e-06,438.3275,spin1_run_17_mzp_300_mx_0,300.0,0.0,27.930132305140752,44.35189514190127,Included,Included
IM5,12.6684541,19.1544277,0.0011411,7e-07,438.3275,spin1_run_17_mzp_300_mx_0,300.0,0.0,22.883873476418195,34.599920127586834,Included,Included
IM6,17.5577179,25.6071418,0.0004159,4e-07,438.3275,spin1_run_17_mzp_300_mx_0,300.0,0.0,17.117392617398632,24.964947181432958,Included,Included
IM7,25.744667,30.3802115,0.0001393,3e-07,438.3275,spin1_run_17_mzp_300_mx_0,300.0,0.0,14.428059528157004,17.02595337512037,Included,Included
IM8,19.2156785,20.5779142,0.0001042,2e-07,438.3275,spin1_run_17_mzp_300_mx_0,300.0,0.0,21.30087120297158,22.81093014748347,Included,Included
IM9,18.252856,17.1932807,6.95e-05,2e-07,438.3275,spin1_run_17_mzp_300_mx_0,300.0,0.0,25.494116431193962,24.01418714967126,Included,Included
IM10,-1.0,-1.0,0.0,0.0,438.3275,spin1_run_17_mzp_300_mx_0,300.0,0.0,-438.3275,-438.3275,Excluded,Excluded
IM11,-1.0,-1.0,0.0,0.0,438.3275,spin1_run_17_mzp_300_mx_0,300.0,0.0,-438.3275,-438.3275,Excluded,Excluded
IM12,-1.0,-1.0,0.0,0.0,438.3275,spin1_run_17_mzp_300_mx_0,300.0,0.0,-438.3275,-438.3275,Excluded,Excluded
EM0,29.3641128,32.8348155,0.0125181,2.4e-06,438.3275,spin1_run_17_mzp_300_mx_0,300.0,0.0,13.349473518436552,14.927319717965393,Included,Included
EM1,16.032069,15.603606,0.0079745,1.9e-06,438.3275,spin1_run_17_mzp_300_mx_0,300.0,0.0,28.09142322614401,27.340669504354054,Included,Included
EM2,12.514433,12.4047731,0.0039987,1.4e-06,438.3275,spin1_run_17_mzp_300_mx_0,300.0,0.0,35.33539037485498,35.025757858945745,Included,Included
EM3,8.4624032,10.2296475,0.0027343,1.1e-06,438.3275,spin1_run_17_mzp_300_mx_0,300.0,0.0,42.84873941159751,51.79704743919552,Included,Included
EM4,7.9906416,11.2192149,0.0021944,1e-06,438.3275,spin1_run_17_mzp_300_mx_0,300.0,0.0,39.069355913665575,54.85510700417348,Included,Included
EM5,8.4807249,10.3267635,0.0007252,6e-07,438.3275,spin1_run_17_mzp_300_mx_0,300.0,0.0,42.445776936791475,51.68514545260158,Included,Included
EM6,10.5043882,14.564423,0.0002765,4e-07,438.3275,spin1_run_17_mzp_300_mx_0,300.0,0.0,30.095768297858417,41.72803705026819,Included,Included
EM7,40.9096577,59.5301021,3.52e-05,1e-07,438.3275,spin1_run_17_mzp_300_mx_0,300.0,0.0,7.363123605326388,10.71452377368584,Included,Included
EM8,23.4597433,26.8929077,3.47e-05,1e-07,438.3275,spin1_run_17_mzp_300_mx_0,300.0,0.0,16.298999903234712,18.684241101649224,Included,Included
EM9,7.0437413,5.9859566,6.95e-05,2e-07,438.3275,spin1_run_17_mzp_300_mx_0,300.0,0.0,73.22597360629042,62.229358139544395,Included,Included
EM10,-1.0,-1.0,0.0,0.0,438.3275,spin1_run_17_mzp_300_mx_0,300.0,0.0,-438.3275,-438.3275,Excluded,Excluded
EM11,-1.0,-1.0,0.0,0.0,438.3275,spin1_run_17_mzp_300_mx_0,300.0,0.0,-438.3275,-438.3275,Excluded,Excluded
EM12,-1.0,-1.0,0.0,0.0,438.3275,spin1_run_17_mzp_300_mx_0,300.0,0.0,-438.3275,-438.3275,Excluded,Excluded
IM0,18.4868802,23.5199188,0.0305042,4e-06,392.9767,spin1_run_18_mzp_300_mx_50,300.0,50.0,16.708250710457385,21.25705883029414,Included,Included
IM1,12.6976854,15.9582031,0.0178065,3e-06,392.9767,spin1_run_18_mzp_300_mx_50,300.0,50.0,24.625372765183066,30.948687703351037,Included,Included
IM2,10.7353191,14.7481467,0.0105424,2.4e-06,392.9767,spin1_run_18_mzp_300_mx_50,300.0,50.0,26.64583611715769,36.60596358053297,Included,Included
IM3,8.9801722,13.1686086,0.006365,1.8e-06,392.9767,spin1_run_18_mzp_300_mx_50,300.0,50.0,29.841930300821605,43.760486018297065,Included,Included
IM4,9.5268986,15.134465,0.0034557,1.4e-06,392.9767,spin1_run_18_mzp_300_mx_50,300.0,50.0,25.965681641207667,41.24917420659856,Included,Included
IM5,10.3772997,15.6834674,0.0013927,9e-07,392.9767,spin1_run_18_mzp_300_mx_50,300.0,50.0,25.05674861159848,37.868878355705576,Included,Included
IM6,11.0574921,16.1768377,0.0006602,6e-07,392.9767,spin1_run_18_mzp_300_mx_50,300.0,50.0,24.29255379127652,35.53940590199472,Included,Included
IM7,12.8424343,15.1266148,0.000281,4e-07,392.9767,spin1_run_18_mzp_300_mx_50,300.0,50.0,25.979156949246832,30.599860651029374,Included,Included
IM8,8.1633595,8.6955831,0.0002462,4e-07,392.9767,spin1_run_18_mzp_300_mx_50,300.0,50.0,45.192679488049514,48.13909028507197,Included,Included
IM9,8.8246686,8.3490064,0.0001431,3e-07,392.9767,spin1_run_18_mzp_300_mx_50,300.0,50.0,47.06867873523249,44.531609946236394,Included,Included
IM10,6.5103103,10.0766846,0.0001431,3e-07,392.9767,spin1_run_18_mzp_300_mx_50,300.0,50.0,38.998610713686524,60.362207312914094,Included,Included
IM11,5.2469048,4.6963005,0.0001074,2e-07,392.9767,spin1_run_18_mzp_300_mx_50,300.0,50.0,83.67792904223228,74.89686109799437,Included,Included
IM12,4.8596906,3.852662,7.18e-05,2e-07,392.9767,spin1_run_18_mzp_300_mx_50,300.0,50.0,102.00134348665935,80.86455133584018,Included,Included
EM0,28.7277742,32.2766355,0.0126977,2.6e-06,392.9767,spin1_run_18_mzp_300_mx_50,300.0,50.0,12.17526839189915,13.679329880001633,Included,Included
EM1,17.6493195,17.1131135,0.007264,2e-06,392.9767,spin1_run_18_mzp_300_mx_50,300.0,50.0,22.963483529750444,22.265827302860032,Included,Included
EM2,11.9984095,11.8493792,0.0041775,1.5e-06,392.9767,spin1_run_18_mzp_300_mx_50,300.0,50.0,33.164328136279074,32.75239939093594,Included,Included
EM3,8.0198966,9.6518933,0.0029093,1.2e-06,392.9767,spin1_run_18_mzp_300_mx_50,300.0,50.0,40.71498593959799,49.0002202771542,Included,Included
EM4,8.4968563,11.9527551,0.002063,1e-06,392.9767,spin1_run_18_mzp_300_mx_50,300.0,50.0,32.87749951473531,46.249658241248596,Included,Included
EM5,8.3849912,10.2173042,0.0007325,6e-07,392.9767,spin1_run_18_mzp_300_mx_50,300.0,50.0,38.4618772532974,46.866680074750704,Included,Included
EM6,7.673462,10.6589581,0.0003792,4e-07,392.9767,spin1_run_18_mzp_300_mx_50,300.0,50.0,36.86820947349441,51.212438401336975,Included,Included
EM7,41.3327964,60.4006723,3.48e-05,1e-07,392.9767,spin1_run_18_mzp_300_mx_50,300.0,50.0,6.506164336187364,9.507624313558422,Included,Included
EM8,7.8807981,8.9857372,0.0001031,2e-07,392.9767,spin1_run_18_mzp_300_mx_50,300.0,50.0,43.733384501830294,49.86508917161575,Included,Included
EM9,-1.0,-1.0,0.0,0.0,392.9767,spin1_run_18_mzp_300_mx_50,300.0,50.0,-392.9767,-392.9767,Excluded,Excluded
EM10,8.7589875,18.7066255,3.57e-05,1e-07,392.9767,spin1_run_18_mzp_300_mx_50,300.0,50.0,21.00735378489295,44.86553953867385,Included,Included
EM11,6.1635206,6.9336684,3.56e-05,1e-07,392.9767,spin1_run_18_mzp_300_mx_50,300.0,50.0,56.67659272543232,63.758479204239215,Included,Included
EM12,3.5314349,2.8382432,7.18e-05,2e-07,392.9767,spin1_run_18_mzp_300_mx_50,300.0,50.0,138.45772624417808,111.27961044956542,Included,Included
IM0,18.2976877,23.2282249,0.0308925,5e-06,250.199,spin1_run_19_mzp_300_mx_100,300.0,100.0,10.771335350726693,13.67380425888458,Included,Included
IM1,12.688973,15.9008706,0.017901,3.8e-06,250.199,spin1_run_19_mzp_300_mx_100,300.0,100.0,15.734924602178703,19.7178290157919,Included,Included
IM2,10.6593884,14.6787806,0.0106158,3e-06,250.199,spin1_run_19_mzp_300_mx_100,300.0,100.0,17.04494445539979,23.472172193293943,Included,Included
IM3,9.4369844,13.9038134,0.0060321,2.2e-06,250.199,spin1_run_19_mzp_300_mx_100,300.0,100.0,17.994991215863124,26.51260078378428,Included,Included
IM4,8.8737954,14.0945641,0.003701,1.8e-06,250.199,spin1_run_19_mzp_300_mx_100,300.0,100.0,17.75145355506241,28.195263550926587,Included,Included
IM5,10.973731,16.657747,0.0013138,1e-06,250.199,spin1_run_19_mzp_300_mx_100,300.0,100.0,15.01997839203585,22.799811659316234,Included,Included
IM6,10.4609005,15.3000869,0.0006965,8e-07,250.199,spin1_run_19_mzp_300_mx_100,300.0,100.0,16.35278293746162,23.91753941259646,Included,Included
IM7,11.3360685,13.4245399,0.0003159,5e-07,250.199,spin1_run_19_mzp_300_mx_100,300.0,100.0,18.637435760461333,22.071055763292186,Included,Included
IM8,14.0481494,14.9997451,0.0001426,3e-07,250.199,spin1_run_19_mzp_300_mx_100,300.0,100.0,16.680216785817247,17.810103870336118,Included,Included
IM9,11.824926,11.1185193,0.0001074,3e-07,250.199,spin1_run_19_mzp_300_mx_100,300.0,100.0,22.502906479642483,21.15861021033028,Included,Included
IM10,8.7263863,13.4134286,0.0001074,3e-07,250.199,spin1_run_19_mzp_300_mx_100,300.0,100.0,18.652874478341804,28.67154757978111,Included,Included
IM11,7.8490654,7.009526,7.18e-05,2e-07,250.199,spin1_run_19_mzp_300_mx_100,300.0,100.0,35.69413966079875,31.876279180958285,Included,Included
IM12,9.6672351,7.6586802,3.61e-05,2e-07,250.199,spin1_run_19_mzp_300_mx_100,300.0,100.0,32.66868356769878,25.881133272532086,Included,Included
EM0,28.1501984,31.5826243,0.0129915,3.3e-06,250.199,spin1_run_19_mzp_300_mx_100,300.0,100.0,7.922045920674173,8.88800130090735,Included,Included
EM1,17.5165937,17.0973411,0.0072852,2.5e-06,250.199,spin1_run_19_mzp_300_mx_100,300.0,100.0,14.633795894731257,14.28354189661886,Included,Included
EM2,10.9090669,10.7980962,0.0045837,1.9e-06,250.199,spin1_run_19_mzp_300_mx_100,300.0,100.0,23.17065854627226,22.934958809355184,Included,Included
EM3,9.9594554,12.0052971,0.0023311,1.4e-06,250.199,spin1_run_19_mzp_300_mx_100,300.0,100.0,20.840717053141486,25.121755151391113,Included,Included
EM4,7.3621652,10.3257161,0.0023871,1.4e-06,250.199,spin1_run_19_mzp_300_mx_100,300.0,100.0,24.230668127704966,33.98443164519047,Included,Included
EM5,9.9355714,12.1552037,0.0006173,7e-07,250.199,spin1_run_19_mzp_300_mx_100,300.0,100.0,20.58369453734453,25.18214503495994,Included,Included
EM6,7.6483705,10.6251543,0.0003806,6e-07,250.199,spin1_run_19_mzp_300_mx_100,300.0,100.0,23.547799207019516,32.71271965708251,Included,Included
EM7,8.2960895,12.1073234,0.0001733,4e-07,250.199,spin1_run_19_mzp_300_mx_100,300.0,100.0,20.66509596993172,30.158666923735574,Included,Included
EM8,22.9732309,26.3250098,3.53e-05,2e-07,250.199,spin1_run_19_mzp_300_mx_100,300.0,100.0,9.50423197943121,10.890893017577254,Included,Included
EM9,-1.0,-1.0,0.0,0.0,250.199,spin1_run_19_mzp_300_mx_100,300.0,100.0,-250.199,-250.199,Excluded,Excluded
EM10,8.8043588,18.8155077,3.55e-05,2e-07,250.199,spin1_run_19_mzp_300_mx_100,300.0,100.0,13.297488645496395,28.417628777237024,Included,Included
EM11,6.126588,6.9158639,3.57e-05,2e-07,250.199,spin1_run_19_mzp_300_mx_100,300.0,100.0,36.17754825973368,40.83822839074539,Included,Included
EM12,7.0941668,5.6478,3.61e-05,2e-07,250.199,spin1_run_19_mzp_300_mx_100,300.0,100.0,44.300258507737524,35.26827139164532,Included,Included
IM0,13.3371149,16.9945707,0.0421857,3.12e-05,8.578888,spin1_run_20_mzp_300_mx_150,300.0,150.0,0.5048016894007213,0.6432341675334895,Excluded,Excluded
IM1,8.8435399,11.1823137,0.0255332,2.45e-05,8.578888,spin1_run_20_mzp_300_mx_150,300.0,150.0,0.7671836285544377,0.9700739858707483,Excluded,Excluded
IM2,7.7578973,10.6622041,0.0146133,1.86e-05,8.578888,spin1_run_20_mzp_300_mx_150,300.0,150.0,0.8046073700652568,1.105826446039702,Excluded,Included
IM3,6.3112624,9.3669157,0.0089725,1.46e-05,8.578888,spin1_run_20_mzp_300_mx_150,300.0,150.0,0.9158711655748113,1.3592982602022694,Excluded,Included
IM4,6.2066715,9.9175617,0.0052852,1.12e-05,8.578888,spin1_run_20_mzp_300_mx_150,300.0,150.0,0.8650198768110512,1.3822042942018116,Excluded,Included
IM5,8.1701659,12.3715215,0.0017684,6.5e-06,8.578888,spin1_run_20_mzp_300_mx_150,300.0,150.0,0.6934383939760359,1.0500261689912562,Excluded,Included
IM6,7.2159797,10.5264437,0.0010121,4.9e-06,8.578888,spin1_run_20_mzp_300_mx_150,300.0,150.0,0.8149844567163742,1.188873632779205,Excluded,Included
IM7,7.2916472,8.5836258,0.000493,3.4e-06,8.578888,spin1_run_20_mzp_300_mx_150,300.0,150.0,0.9994480421082661,1.1765363524444792,Excluded,Included
IM8,6.2968511,6.7014081,0.0003188,2.8e-06,8.578888,spin1_run_20_mzp_300_mx_150,300.0,150.0,1.2801620005801466,1.3624092206976277,Included,Included
IM9,7.1114799,6.6695038,0.0001781,2.1e-06,8.578888,spin1_run_20_mzp_300_mx_150,300.0,150.0,1.286285795354071,1.2063435628918813,Included,Included
IM10,25.8892358,40.1145708,3.6e-05,9e-07,8.578888,spin1_run_20_mzp_300_mx_150,300.0,150.0,0.21385964822537745,0.33136891587970313,Excluded,Excluded
IM11,15.6468384,13.9488774,3.6e-05,9e-07,8.578888,spin1_run_20_mzp_300_mx_150,300.0,150.0,0.6150235430415353,0.5482825207679015,Excluded,Excluded
IM12,9.6615076,7.6936115,3.6e-05,9e-07,8.578888,spin1_run_20_mzp_300_mx_150,300.0,150.0,1.1150664418134446,0.887945065633442,Included,Excluded
EM0,21.9834713,24.6099272,0.0166525,1.98e-05,8.578888,spin1_run_20_mzp_300_mx_150,300.0,150.0,0.34859461103972705,0.3902426456189382,Excluded,Excluded
EM1,11.7047043,11.4072861,0.0109199,1.61e-05,8.578888,spin1_run_20_mzp_300_mx_150,300.0,150.0,0.7520533740273244,0.7329435908944748,Excluded,Excluded
EM2,8.849567,8.7780171,0.0056408,1.16e-05,8.578888,spin1_run_20_mzp_300_mx_150,300.0,150.0,0.9773150248249117,0.9694133057583494,Excluded,Excluded
EM3,6.2889271,7.5998554,0.0036873,9.4e-06,8.578888,spin1_run_20_mzp_300_mx_150,300.0,150.0,1.1288225299655041,1.3641258458855403,Included,Included
EM4,4.9800905,7.0196159,0.0035169,9.2e-06,8.578888,spin1_run_20_mzp_300_mx_150,300.0,150.0,1.2221306866662034,1.7226369681434501,Included,Included
EM5,8.0942948,9.8937678,0.0007563,4.3e-06,8.578888,spin1_run_20_mzp_300_mx_150,300.0,150.0,0.8671001961456989,1.0598684890992602,Excluded,Included
EM6,5.5663904,7.7605668,0.0005191,3.5e-06,8.578888,spin1_run_20_mzp_300_mx_150,300.0,150.0,1.1054460609758554,1.541194092315192,Included,Included
EM7,8.2740982,12.0291698,0.0001742,2e-06,8.578888,spin1_run_20_mzp_300_mx_150,300.0,150.0,0.7131737387230164,1.036836618642017,Excluded,Included
EM8,5.8034916,6.6176442,0.0001407,1.8e-06,8.578888,spin1_run_20_mzp_300_mx_150,300.0,150.0,1.2963658578078283,1.4782287269960035,Included,Included
EM9,3.4396046,2.9376007,0.0001421,1.8e-06,8.578888,spin1_run_20_mzp_300_mx_150,300.0,150.0,2.9203723977870784,2.494149472878365,Included,Included
EM10,-1.0,-1.0,0.0,0.0,8.578888,spin1_run_20_mzp_300_mx_150,300.0,150.0,-8.578888,-8.578888,Excluded,Excluded
EM11,-1.0,-1.0,0.0,0.0,8.578888,spin1_run_20_mzp_300_mx_150,300.0,150.0,-8.578888,-8.578888,Excluded,Excluded
EM12,7.0770479,5.6950783,3.6e-05,9e-07,8.578888,spin1_run_20_mzp_300_mx_150,300.0,150.0,1.5063687535253028,1.2122127928510982,Included,Included
IM0,11.1651336,14.2081715,0.0504266,5.24e-05,3.577119,spin1_run_21_mzp_300_mx_160,300.0,160.0,0.2517649086654113,0.32038300016401056,Excluded,Excluded
IM1,6.8635737,8.6429963,0.0329536,4.27e-05,3.577119,spin1_run_21_mzp_300_mx_160,300.0,160.0,0.41387487346257457,0.5211744138479929,Excluded,Excluded
IM2,5.5698105,7.6394483,0.0203565,3.38e-05,3.577119,spin1_run_21_mzp_300_mx_160,300.0,160.0,0.4682431059844989,0.6422335194348174,Excluded,Excluded
IM3,4.3641991,6.4362478,0.0130381,2.71e-05,3.577119,spin1_run_21_mzp_300_mx_160,300.0,160.0,0.555777078688611,0.8196507349996932,Excluded,Excluded
IM4,3.797888,6.0470087,0.0086331,2.21e-05,3.577119,spin1_run_21_mzp_300_mx_160,300.0,160.0,0.5915518196625053,0.941870587020997,Excluded,Excluded
IM5,4.3152815,6.5098698,0.0033544,1.38e-05,3.577119,spin1_run_21_mzp_300_mx_160,300.0,160.0,0.5494916349939902,0.8289422138509388,Excluded,Excluded
IM6,5.1339431,7.5221595,0.0014202,9e-06,3.577119,spin1_run_21_mzp_300_mx_160,300.0,160.0,0.4755441572330393,0.6967585986685362,Excluded,Excluded
IM7,4.1282668,4.8396159,0.0008696,7.1e-06,3.577119,spin1_run_21_mzp_300_mx_160,300.0,160.0,0.7391328307686567,0.8664941422875092,Excluded,Excluded
IM8,4.0937813,4.3481524,0.0004887,5.3e-06,3.577119,spin1_run_21_mzp_300_mx_160,300.0,160.0,0.8226756265488763,0.8737933802179418,Excluded,Excluded
IM9,4.4697856,4.2127522,0.0002832,4e-06,3.577119,spin1_run_21_mzp_300_mx_160,300.0,160.0,0.849116878984717,0.8002887207833862,Excluded,Excluded
IM10,5.2561857,8.1351261,0.0001773,3.2e-06,3.577119,spin1_run_21_mzp_300_mx_160,300.0,160.0,0.4397127906843386,0.6805541516541168,Excluded,Excluded
IM11,5.2105667,4.6427335,0.0001083,2.5e-06,3.577119,spin1_run_21_mzp_300_mx_160,300.0,160.0,0.7704769183930114,0.6865124670604447,Excluded,Excluded
IM12,9.7121272,7.6693618,3.6e-05,1.4e-06,3.577119,spin1_run_21_mzp_300_mx_160,300.0,160.0,0.4664167753827965,0.3683146777566917,Excluded,Excluded
EM0,20.9553372,23.4360461,0.0174731,3.14e-05,3.577119,spin1_run_21_mzp_300_mx_160,300.0,160.0,0.15263321230623456,0.1707020491180643,Excluded,Excluded
EM1,10.1484878,9.8511355,0.012597,2.67e-05,3.577119,spin1_run_21_mzp_300_mx_160,300.0,160.0,0.3631174294577514,0.35247803125900196,Excluded,Excluded
EM2,6.8134715,6.760884,0.0073184,2.04e-05,3.577119,spin1_run_21_mzp_300_mx_160,300.0,160.0,0.5290904266365168,0.5250068192110292,Excluded,Excluded
EM3,5.281329,6.3678066,0.004405,1.58e-05,3.577119,spin1_run_21_mzp_300_mx_160,300.0,160.0,0.5617505720101488,0.6773141760341005,Excluded,Excluded
EM4,3.3131612,4.6581301,0.0052787,1.73e-05,3.577119,spin1_run_21_mzp_300_mx_160,300.0,160.0,0.7679302473754437,1.0796694709572237,Excluded,Included
EM5,3.1737096,3.8708595,0.0019342,1.05e-05,3.577119,spin1_run_21_mzp_300_mx_160,300.0,160.0,0.9241149155633265,1.1271097393409908,Excluded,Included
EM6,5.2654919,7.3192248,0.0005505,5.6e-06,3.577119,spin1_run_21_mzp_300_mx_160,300.0,160.0,0.4887292162415889,0.6793513441735615,Excluded,Excluded
EM7,3.7594572,5.5106234,0.000381,4.7e-06,3.577119,spin1_run_21_mzp_300_mx_160,300.0,160.0,0.6491314576133075,0.9514987961559983,Excluded,Excluded
EM8,3.9415319,4.5184639,0.0002055,3.4e-06,3.577119,spin1_run_21_mzp_300_mx_160,300.0,160.0,0.7916670530442879,0.907545363263456,Excluded,Excluded
EM9,4.6477837,3.9636107,0.0001058,2.5e-06,3.577119,spin1_run_21_mzp_300_mx_160,300.0,160.0,0.90248999479187,0.7696397317284797,Excluded,Excluded
EM10,4.5363799,9.6677581,6.9e-05,2e-06,3.577119,spin1_run_21_mzp_300_mx_160,300.0,160.0,0.3700050169852719,0.7885404394812701,Excluded,Excluded
EM11,3.0426024,3.4168205,7.23e-05,2e-06,3.577119,spin1_run_21_mzp_300_mx_160,300.0,160.0,1.0469145218486018,1.175677439812708,Included,Included
EM12,7.0782882,5.6878043,3.6e-05,1.4e-06,3.577119,spin1_run_21_mzp_300_mx_160,300.0,160.0,0.6289103512228787,0.5053649835845904,Excluded,Excluded
IM0,7.6492518,9.7087276,0.0737964,0.0001247,0.890198,spin1_run_22_mzp_300_mx_200,300.0,200.0,0.09169049093518702,0.11637713377405096,Excluded,Excluded
IM1,4.6390594,5.8563051,0.0485396,0.0001025,0.890198,spin1_run_22_mzp_300_mx_200,300.0,200.0,0.15200676617753403,0.19189191671052974,Excluded,Excluded
IM2,3.6694244,5.0482791,0.0308158,8.24e-05,0.890198,spin1_run_22_mzp_300_mx_200,300.0,200.0,0.17633692241777996,0.24259881195535737,Excluded,Excluded
IM3,2.8472251,4.192818,0.0199896,6.67e-05,0.890198,spin1_run_22_mzp_300_mx_200,300.0,200.0,0.21231496334923197,0.3126545913071643,Excluded,Excluded
IM4,2.5140728,3.9997138,0.0131103,5.42e-05,0.890198,spin1_run_22_mzp_300_mx_200,300.0,200.0,0.22256542455612702,0.3540860073741699,Excluded,Excluded
IM5,2.602754,3.940779,0.0055476,3.54e-05,0.890198,spin1_run_22_mzp_300_mx_200,300.0,200.0,0.22589391589835411,0.34202156638698855,Excluded,Excluded
IM6,2.8976187,4.2276125,0.0025212,2.39e-05,0.890198,spin1_run_22_mzp_300_mx_200,300.0,200.0,0.21056754846855052,0.30721709519613466,Excluded,Excluded
IM7,2.0908464,2.4762349,0.001715,1.97e-05,0.890198,spin1_run_22_mzp_300_mx_200,300.0,200.0,0.3594965889544647,0.4257596349497505,Excluded,Excluded
IM8,2.4333953,2.5954507,0.0008271,1.37e-05,0.890198,spin1_run_22_mzp_300_mx_200,300.0,200.0,0.3429839757696033,0.36582547849911606,Excluded,Excluded
IM9,2.8319329,2.6898126,0.0004456,1.01e-05,0.890198,spin1_run_22_mzp_300_mx_200,300.0,200.0,0.33095168042561773,0.314342899861787,Excluded,Excluded
IM10,5.3163977,8.2625749,0.0001747,6.3e-06,0.890198,spin1_run_22_mzp_300_mx_200,300.0,200.0,0.10773856948637162,0.16744383137476718,Excluded,Excluded
IM11,5.3125339,4.7409429,0.0001065,4.9e-06,0.890198,spin1_run_22_mzp_300_mx_200,300.0,200.0,0.1877681336343452,0.16756561308719367,Excluded,Excluded
IM12,4.8895969,3.9417887,7.12e-05,4e-06,0.890198,spin1_run_22_mzp_300_mx_200,300.0,200.0,0.22583605255147238,0.18205958859308016,Excluded,Excluded
EM0,14.532105,16.2008692,0.0252568,7.48e-05,0.890198,spin1_run_22_mzp_300_mx_200,300.0,200.0,0.0549475456539085,0.06125733333195708,Excluded,Excluded
EM1,7.197273,7.0253392,0.0177238,6.29e-05,0.890198,spin1_run_22_mzp_300_mx_200,300.0,200.0,0.1267124582397388,0.12368545697794152,Excluded,Excluded
EM2,4.6092602,4.5770637,0.0108263,4.94e-05,0.890198,spin1_run_22_mzp_300_mx_200,300.0,200.0,0.19449106640136996,0.1931325118074263,Excluded,Excluded
EM3,3.3682015,4.0744079,0.0068793,3.94e-05,0.890198,spin1_run_22_mzp_300_mx_200,300.0,200.0,0.21848524297235927,0.2642947578997278,Excluded,Excluded
EM4,2.3291798,3.2639122,0.0075627,4.13e-05,0.890198,spin1_run_22_mzp_300_mx_200,300.0,200.0,0.27273956695281204,0.38219376623479223,Excluded,Excluded
EM5,2.0270169,2.4790758,0.0030263,2.62e-05,0.890198,spin1_run_22_mzp_300_mx_200,300.0,200.0,0.3590846233907007,0.4391665407427042,Excluded,Excluded
EM6,3.6136789,5.0169264,0.0008062,1.35e-05,0.890198,spin1_run_22_mzp_300_mx_200,300.0,200.0,0.17743891957434338,0.2463412009296122,Excluded,Excluded
EM7,1.6175267,2.3686388,0.000888,1.42e-05,0.890198,spin1_run_22_mzp_300_mx_200,300.0,200.0,0.3758268250946493,0.5503451658634136,Excluded,Excluded
EM8,2.1293076,2.4471062,0.0003815,9.3e-06,0.890198,spin1_run_22_mzp_300_mx_200,300.0,200.0,0.36377579362922624,0.4180692352762935,Excluded,Excluded
EM9,1.7949853,1.5454095,0.0002709,7.8e-06,0.890198,spin1_run_22_mzp_300_mx_200,300.0,200.0,0.576027260088669,0.4959360948526988,Excluded,Excluded
EM10,4.5874591,9.7892753,6.82e-05,3.9e-06,0.890198,spin1_run_22_mzp_300_mx_200,300.0,200.0,0.0909360471249593,0.19405034041611402,Excluded,Excluded
EM11,6.1912014,6.9582648,3.53e-05,2.8e-06,0.890198,spin1_run_22_mzp_300_mx_200,300.0,200.0,0.12793390674065752,0.14378437115613782,Excluded,Excluded
EM12,3.5627441,2.8985579,7.12e-05,4e-06,0.890198,spin1_run_22_mzp_300_mx_200,300.0,200.0,0.30711754973050565,0.24986301991209528,Excluded,Excluded
IM0,13.5001694,17.087736,0.0418576,6.7e-06,184.3256,spin1_run_23_mzp_400_mx_0,400.0,0.0,10.78701122255166,13.653576821043446,Included,Included
IM1,9.3545327,11.7587892,0.0242237,5.1e-06,184.3256,spin1_run_23_mzp_400_mx_0,400.0,0.0,15.675559521043203,19.704415593095312,Included,Included
IM2,8.1157803,11.1461921,0.0139867,3.9e-06,184.3256,spin1_run_23_mzp_400_mx_0,400.0,0.0,16.537091622528198,22.71199973217609,Included,Included
IM3,6.5114003,9.5789904,0.0087372,3.1e-06,184.3256,spin1_run_23_mzp_400_mx_0,400.0,0.0,19.242695973471275,28.308135194821304,Included,Included
IM4,6.3472341,10.0810204,0.0051856,2.4e-06,184.3256,spin1_run_23_mzp_400_mx_0,400.0,0.0,18.284418906641633,29.040302767468436,Included,Included
IM5,6.7500174,10.2868825,0.0021268,1.5e-06,184.3256,spin1_run_23_mzp_400_mx_0,400.0,0.0,17.918509324861056,27.307425903820633,Included,Included
IM6,7.5645466,11.0786326,0.0009622,1e-06,184.3256,spin1_run_23_mzp_400_mx_0,400.0,0.0,16.63793779026484,24.36703873302863,Included,Included
IM7,8.6053187,10.099401,0.000417,7e-07,184.3256,spin1_run_23_mzp_400_mx_0,400.0,0.0,18.251141825143886,21.41996205207368,Included,Included
IM8,11.3589967,12.2275689,0.0001753,4e-07,184.3256,spin1_run_23_mzp_400_mx_0,400.0,0.0,15.074590992490748,16.227278241924306,Included,Included
IM9,33.9585491,32.2339202,3.72e-05,2e-07,184.3256,spin1_run_23_mzp_400_mx_0,400.0,0.0,5.718373652857775,5.4279586403177635,Included,Included
IM10,-1.0,-1.0,0.0,0.0,184.3256,spin1_run_23_mzp_400_mx_0,400.0,0.0,-184.3256,-184.3256,Excluded,Excluded
IM11,-1.0,-1.0,0.0,0.0,184.3256,spin1_run_23_mzp_400_mx_0,400.0,0.0,-184.3256,-184.3256,Excluded,Excluded
IM12,-1.0,-1.0,0.0,0.0,184.3256,spin1_run_23_mzp_400_mx_0,400.0,0.0,-184.3256,-184.3256,Excluded,Excluded
EM0,20.8531128,23.3528328,0.0176339,4.4e-06,184.3256,spin1_run_23_mzp_400_mx_0,400.0,0.0,7.893072398480068,8.839236701390691,Included,Included
EM1,12.4519521,12.1444115,0.010237,3.4e-06,184.3256,spin1_run_23_mzp_400_mx_0,400.0,0.0,15.177812444843457,14.802948045391213,Included,Included
EM2,9.5118106,9.4543481,0.0052495,2.4e-06,184.3256,spin1_run_23_mzp_400_mx_0,400.0,0.0,19.49638389134413,19.378602849808637,Included,Included
EM3,6.531745,7.9004153,0.0035516,2e-06,184.3256,spin1_run_23_mzp_400_mx_0,400.0,0.0,23.331127921844818,28.219962659289365,Included,Included
EM4,5.7187457,8.0621224,0.0030588,1.8e-06,184.3256,spin1_run_23_mzp_400_mx_0,400.0,0.0,22.863160698230036,32.23182314261675,Included,Included
EM5,5.2733635,6.4346891,0.0011646,1.1e-06,184.3256,spin1_run_23_mzp_400_mx_0,400.0,0.0,28.645610865643846,34.954085755704114,Included,Included
EM6,5.3156967,7.4356211,0.0005452,8e-07,184.3256,spin1_run_23_mzp_400_mx_0,400.0,0.0,24.789536411423654,34.67571804839806,Included,Included
EM7,5.954635,8.6936059,0.0002417,5e-07,184.3256,spin1_run_23_mzp_400_mx_0,400.0,0.0,21.202433388428616,30.954978768639894,Included,Included
EM8,5.8696912,6.7366226,0.0001381,4e-07,184.3256,spin1_run_23_mzp_400_mx_0,400.0,0.0,27.361722771882757,31.40294671719698,Included,Included
EM9,13.1329057,11.2516075,3.72e-05,2e-07,184.3256,spin1_run_23_mzp_400_mx_0,400.0,0.0,16.38215694957365,14.035401167922801,Included,Included
EM10,-1.0,-1.0,0.0,0.0,184.3256,spin1_run_23_mzp_400_mx_0,400.0,0.0,-184.3256,-184.3256,Excluded,Excluded
EM11,-1.0,-1.0,0.0,0.0,184.3256,spin1_run_23_mzp_400_mx_0,400.0,0.0,-184.3256,-184.3256,Excluded,Excluded
EM12,-1.0,-1.0,0.0,0.0,184.3256,spin1_run_23_mzp_400_mx_0,400.0,0.0,-184.3256,-184.3256,Excluded,Excluded
IM0,13.0268716,16.5575384,0.043265,7e-06,172.2874,spin1_run_24_mzp_400_mx_50,400.0,50.0,10.40537523379683,13.225539123299564,Included,Included
IM1,8.4455258,10.6314215,0.0267419,5.6e-06,172.2874,spin1_run_24_mzp_400_mx_50,400.0,50.0,16.20549048873662,20.399842955899796,Included,Included
IM2,7.1745808,9.8069885,0.0158184,4.3e-06,172.2874,spin1_run_24_mzp_400_mx_50,400.0,50.0,17.567819111850696,24.013584180416505,Included,Included
IM3,5.9947491,8.836902,0.0094726,3.3e-06,172.2874,spin1_run_24_mzp_400_mx_50,400.0,50.0,19.49635743386087,28.73971823107659,Included,Included
IM4,5.3983604,8.5727607,0.0061021,2.7e-06,172.2874,spin1_run_24_mzp_400_mx_50,400.0,50.0,20.09707328002285,31.914764342151,Included,Included
IM5,5.7816901,8.7453379,0.0024998,1.7e-06,172.2874,spin1_run_24_mzp_400_mx_50,400.0,50.0,19.700485215099576,29.798795338408055,Included,Included
IM6,6.9853616,10.233128,0.0010402,1.1e-06,172.2874,spin1_run_24_mzp_400_mx_50,400.0,50.0,16.836240101755784,24.66406320325636,Included,Included
IM7,9.2610687,10.9143387,0.0003878,7e-07,172.2874,spin1_run_24_mzp_400_mx_50,400.0,50.0,15.78541813073842,18.60340373028439,Included,Included
IM8,9.4942578,10.1009821,0.0002123,5e-07,172.2874,spin1_run_24_mzp_400_mx_50,400.0,50.0,17.056499882323322,18.146484288640234,Included,Included
IM9,11.9236911,11.1872221,0.0001061,4e-07,172.2874,spin1_run_24_mzp_400_mx_50,400.0,50.0,15.400373610174414,14.449166667861766,Included,Included
IM10,12.9974212,20.1218671,7.17e-05,3e-07,172.2874,spin1_run_24_mzp_400_mx_50,400.0,50.0,8.562197491106579,13.255506407686472,Included,Included
IM11,15.7486722,13.9158585,3.59e-05,2e-07,172.2874,spin1_run_24_mzp_400_mx_50,400.0,50.0,12.380651901569708,10.939804817322948,Included,Included
IM12,9.7309579,7.7077943,3.59e-05,2e-07,172.2874,spin1_run_24_mzp_400_mx_50,400.0,50.0,22.352360908230256,17.705081223298684,Included,Included
EM0,22.1748611,24.918898,0.0165231,4.4e-06,172.2874,spin1_run_24_mzp_400_mx_50,400.0,50.0,6.9139253268744065,7.769491733141002,Included,Included
EM1,11.7070792,11.4049932,0.0109235,3.6e-06,172.2874,spin1_run_24_mzp_400_mx_50,400.0,50.0,15.106313259353806,14.716514431712394,Included,Included
EM2,7.8948108,7.8183376,0.0063458,2.7e-06,172.2874,spin1_run_24_mzp_400_mx_50,400.0,50.0,22.036321378600995,21.822866230055823,Included,Included
EM3,6.8444664,8.3302136,0.0033705,2e-06,172.2874,spin1_run_24_mzp_400_mx_50,400.0,50.0,20.682230765367166,25.171779643771792,Included,Included
EM4,4.8641853,6.8554304,0.0036023,2.1e-06,172.2874,spin1_run_24_mzp_400_mx_50,400.0,50.0,25.13152201209715,35.41957992430921,Included,Included
EM5,4.2039728,5.118221,0.0014596,1.3e-06,172.2874,spin1_run_24_mzp_400_mx_50,400.0,50.0,33.66157889626102,40.98204441284682,Included,Included
EM6,4.4560302,6.1911275,0.0006524,9e-07,172.2874,spin1_run_24_mzp_400_mx_50,400.0,50.0,27.828113699806696,38.663876200839034,Included,Included
EM7,8.1647029,11.9360598,0.0001756,5e-07,172.2874,spin1_run_24_mzp_400_mx_50,400.0,50.0,14.434193769706145,21.101490416754785,Included,Included
EM8,7.6568206,8.756828,0.0001062,4e-07,172.2874,spin1_run_24_mzp_400_mx_50,400.0,50.0,19.67463561006337,22.50116712934348,Included,Included
EM9,14.1851252,12.1386011,3.44e-05,2e-07,172.2874,spin1_run_24_mzp_400_mx_50,400.0,50.0,14.193348853023927,12.145638305680938,Included,Included
EM10,8.7216461,18.6582325,3.58e-05,2e-07,172.2874,spin1_run_24_mzp_400_mx_50,400.0,50.0,9.233854278533617,19.754000337161123,Included,Included
EM11,-1.0,-1.0,0.0,0.0,172.2874,spin1_run_24_mzp_400_mx_50,400.0,50.0,-172.2874,-172.2874,Excluded,Excluded
EM12,7.0942424,5.6739967,3.59e-05,2e-07,172.2874,spin1_run_24_mzp_400_mx_50,400.0,50.0,30.364381424472803,24.285524836309513,Included,Included
IM0,13.9395609,17.6057008,0.0406029,7.6e-06,139.7435,spin1_run_25_mzp_400_mx_100,400.0,100.0,7.937400594698281,10.024957098899723,Included,Included
IM1,9.0421058,11.3842611,0.0250259,6e-06,139.7435,spin1_run_25_mzp_400_mx_100,400.0,100.0,12.275148889548925,15.45475170175514,Included,Included
IM2,7.7735425,10.6847652,0.01456,4.6e-06,139.7435,spin1_run_25_mzp_400_mx_100,400.0,100.0,13.078761899232004,17.97681044388707,Included,Included
IM3,6.1769937,9.1679007,0.0091635,3.7e-06,139.7435,spin1_run_25_mzp_400_mx_100,400.0,100.0,15.242693455438495,22.623222037607068,Included,Included
IM4,6.2006945,9.8818334,0.0053019,2.8e-06,139.7435,spin1_run_25_mzp_400_mx_100,400.0,100.0,14.141454762837837,22.536749714084447,Included,Included
IM5,6.8145984,10.306857,0.0021211,1.8e-06,139.7435,spin1_run_25_mzp_400_mx_100,400.0,100.0,13.558303952407606,20.506490888736746,Included,Included
IM6,6.3447743,9.3456289,0.0011399,1.3e-06,139.7435,spin1_run_25_mzp_400_mx_100,400.0,100.0,14.952819280037968,22.02497573475545,Included,Included
IM7,7.3209955,8.6448086,0.0004889,8e-07,139.7435,spin1_run_25_mzp_400_mx_100,400.0,100.0,16.165019547107153,19.08804615437887,Included,Included
IM8,7.1838708,7.653639,0.0002791,6e-07,139.7435,spin1_run_25_mzp_400_mx_100,400.0,100.0,18.258438894230576,19.452396053670675,Included,Included
IM9,7.1912741,6.7830748,0.0001758,5e-07,139.7435,spin1_run_25_mzp_400_mx_100,400.0,100.0,20.60179256758307,19.432370127568912,Included,Included
IM10,8.8774611,13.7288525,0.0001049,4e-07,139.7435,spin1_run_25_mzp_400_mx_100,400.0,100.0,10.17881865946189,15.741381282988671,Included,Included
IM11,8.0953735,7.2131006,6.97e-05,3e-07,139.7435,spin1_run_25_mzp_400_mx_100,400.0,100.0,19.37356869804367,17.262143618203655,Included,Included
IM12,9.9424769,7.9161415,3.51e-05,2e-07,139.7435,spin1_run_25_mzp_400_mx_100,400.0,100.0,17.652981569366844,14.055199866745479,Included,Included
EM0,23.6677396,26.2743494,0.0155769,4.7e-06,139.7435,spin1_run_25_mzp_400_mx_100,400.0,100.0,5.318628365351647,5.904387252933947,Included,Included
EM1,12.1292763,11.9255581,0.0104659,3.9e-06,139.7435,spin1_run_25_mzp_400_mx_100,400.0,100.0,11.717984083277411,11.521173773574603,Included,Included
EM2,9.2443519,9.1684405,0.0053965,2.8e-06,139.7435,spin1_run_25_mzp_400_mx_100,400.0,100.0,15.241796028452168,15.11663570487835,Included,Included
EM3,6.0227632,7.2704537,0.0038616,2.4e-06,139.7435,spin1_run_25_mzp_400_mx_100,400.0,100.0,19.22073996565029,23.202555929809762,Included,Included
EM4,5.5333479,7.7409556,0.0031808,2.2e-06,139.7435,spin1_run_25_mzp_400_mx_100,400.0,100.0,18.052486956519942,25.254782913613656,Included,Included
EM5,6.2783672,7.6065038,0.0009812,1.2e-06,139.7435,spin1_run_25_mzp_400_mx_100,400.0,100.0,18.37158090948433,22.257936745082386,Included,Included
EM6,4.4565748,6.2032926,0.000651,1e-06,139.7435,spin1_run_25_mzp_400_mx_100,400.0,100.0,22.527310738171533,31.356704705147102,Included,Included
EM7,6.8252582,9.995,0.0002098,6e-07,139.7435,spin1_run_25_mzp_400_mx_100,400.0,100.0,13.98134067033517,20.474463515534108,Included,Included
EM8,7.8793236,9.0173578,0.0001033,4e-07,139.7435,spin1_run_25_mzp_400_mx_100,400.0,100.0,15.49716703045764,17.735469069959255,Included,Included
EM9,6.8847221,5.8837395,7.09e-05,3e-07,139.7435,spin1_run_25_mzp_400_mx_100,400.0,100.0,23.750796580983916,20.297623922975774,Included,Included
EM10,8.8729432,18.9483614,3.52e-05,2e-07,139.7435,spin1_run_25_mzp_400_mx_100,400.0,100.0,7.374964887465151,15.749396434770372,Included,Included
EM11,6.318055,7.1194583,3.46e-05,2e-07,139.7435,spin1_run_25_mzp_400_mx_100,400.0,100.0,19.628389423953788,22.118120212628728,Included,Included
EM12,7.2791007,5.8270711,3.51e-05,2e-07,139.7435,spin1_run_25_mzp_400_mx_100,400.0,100.0,23.98177362208606,19.197907235985898,Included,Included
IM0,12.8772583,16.3501571,0.0438465,1.04e-05,79.30547,spin1_run_26_mzp_400_mx_150,400.0,150.0,4.850440856008656,6.1585679305664005,Included,Included
IM1,8.132061,10.2507776,0.0278294,8.4e-06,79.30547,spin1_run_26_mzp_400_mx_150,400.0,150.0,7.736532104647359,9.752198120501063,Included,Included
IM2,6.6645323,9.1891339,0.0169706,6.6e-06,79.30547,spin1_run_26_mzp_400_mx_150,400.0,150.0,8.630353073862597,11.899630226115042,Included,Included
IM3,5.6979425,8.4421843,0.0099267,5e-06,79.30547,spin1_run_26_mzp_400_mx_150,400.0,150.0,9.393951515604796,13.918264355949539,Included,Included
IM4,5.5073934,8.7205808,0.0059878,3.9e-06,79.30547,spin1_run_26_mzp_400_mx_150,400.0,150.0,9.094058276485438,14.399819341033457,Included,Included
IM5,5.943715,9.0003999,0.0024268,2.5e-06,79.30547,spin1_run_26_mzp_400_mx_150,400.0,150.0,8.81132737224265,13.342744394709369,Included,Included
IM6,6.428073,9.4304852,0.0011325,1.7e-06,79.30547,spin1_run_26_mzp_400_mx_150,400.0,150.0,8.409479291691163,12.33736300132248,Included,Included
IM7,6.117203,7.1843245,0.0005883,1.2e-06,79.30547,spin1_run_26_mzp_400_mx_150,400.0,150.0,11.038681507217554,12.96433517082889,Included,Included
IM8,14.3910711,15.4438253,0.0001389,6e-07,79.30547,spin1_run_26_mzp_400_mx_150,400.0,150.0,5.135092404859047,5.510741309588832,Included,Included
IM9,18.2122283,17.1857823,6.95e-05,4e-07,79.30547,spin1_run_26_mzp_400_mx_150,400.0,150.0,4.614597614215095,4.354517673161389,Included,Included
IM10,26.1676647,40.4439224,3.57e-05,3e-07,79.30547,spin1_run_26_mzp_400_mx_150,400.0,150.0,1.9608748433361647,3.030666699118932,Included,Included
IM11,15.7886892,14.0262128,3.57e-05,3e-07,79.30547,spin1_run_26_mzp_400_mx_150,400.0,150.0,5.654090033483593,5.022929325887294,Included,Included
IM12,9.80904,7.7502012,3.57e-05,3e-07,79.30547,spin1_run_26_mzp_400_mx_150,400.0,150.0,10.232698216918548,8.084936956113953,Included,Included
EM0,22.9076539,25.5649764,0.0160171,6.4e-06,79.30547,spin1_run_26_mzp_400_mx_150,400.0,150.0,3.102113953056495,3.461963863527727,Included,Included
EM1,11.794681,11.3774436,0.0108589,5.3e-06,79.30547,spin1_run_26_mzp_400_mx_150,400.0,150.0,6.9704120528446305,6.723833395748473,Included,Included
EM2,7.1042669,7.0114623,0.0070439,4.3e-06,79.30547,spin1_run_26_mzp_400_mx_150,400.0,150.0,11.310831693411515,11.163075812931522,Included,Included
EM3,5.8792956,7.1233456,0.0039389,3.2e-06,79.30547,spin1_run_26_mzp_400_mx_150,400.0,150.0,11.133177365422224,13.48894074997692,Included,Included
EM4,4.9318818,6.9214612,0.003561,3e-06,79.30547,spin1_run_26_mzp_400_mx_150,400.0,150.0,11.457908627733115,16.080164370524855,Included,Included
EM5,4.7286636,5.7938762,0.0012943,1.8e-06,79.30547,spin1_run_26_mzp_400_mx_150,400.0,150.0,13.687808862743736,16.771222634657285,Included,Included
EM6,5.3669159,7.4497861,0.0005442,1.2e-06,79.30547,spin1_run_26_mzp_400_mx_150,400.0,150.0,10.645335172777646,14.776730524135845,Included,Included
EM7,3.1999943,4.6680325,0.0004494,1.1e-06,79.30547,spin1_run_26_mzp_400_mx_150,400.0,150.0,16.989056952795423,24.783003519725018,Included,Included
EM8,11.7180222,13.3914278,6.93e-05,4e-07,79.30547,spin1_run_26_mzp_400_mx_150,400.0,150.0,5.922107125873463,6.767820426214929,Included,Included
EM9,14.332708,12.3008183,3.39e-05,3e-07,79.30547,spin1_run_26_mzp_400_mx_150,400.0,150.0,6.447170266713069,5.533181168555168,Included,Included
EM10,-1.0,-1.0,0.0,0.0,79.30547,spin1_run_26_mzp_400_mx_150,400.0,150.0,-79.30547,-79.30547,Excluded,Excluded
EM11,-1.0,-1.0,0.0,0.0,79.30547,spin1_run_26_mzp_400_mx_150,400.0,150.0,-79.30547,-79.30547,Excluded,Excluded
EM12,7.1366187,5.717453,3.57e-05,3e-07,79.30547,spin1_run_26_mzp_400_mx_150,400.0,150.0,13.870769029496175,11.112471232349852,Included,Included
IM0,10.1033293,12.7623586,0.056015,5.58e-05,3.466053,spin1_run_27_mzp_400_mx_200,400.0,200.0,0.27158404716820916,0.34306048007363277,Excluded,Excluded
IM1,6.3717421,7.959344,0.0357278,4.51e-05,3.466053,spin1_run_27_mzp_400_mx_200,400.0,200.0,0.4354696819235354,0.5439725816900217,Excluded,Excluded
IM2,5.0287863,6.9132796,0.0224908,3.6e-05,3.466053,spin1_run_27_mzp_400_mx_200,400.0,200.0,0.5013616113544721,0.6892424520007939,Excluded,Excluded
IM3,4.0291225,5.9323416,0.0141473,2.87e-05,3.466053,spin1_run_27_mzp_400_mx_200,400.0,200.0,0.5842638933671656,0.8602500916762894,Excluded,Excluded
IM4,3.7156707,5.8977293,0.0088556,2.27e-05,3.466053,spin1_run_27_mzp_400_mx_200,400.0,200.0,0.5876927922073331,0.932820284639325,Excluded,Excluded
IM5,3.8913653,5.8766467,0.0037099,1.48e-05,3.466053,spin1_run_27_mzp_400_mx_200,400.0,200.0,0.5898011530963738,0.8907035790240511,Excluded,Excluded
IM6,4.3516949,6.3184395,0.0016826,9.9e-06,3.466053,spin1_run_27_mzp_400_mx_200,400.0,200.0,0.5485615554283617,0.7964834575144503,Excluded,Excluded
IM7,4.4925986,5.3170497,0.0007969,6.9e-06,3.466053,spin1_run_27_mzp_400_mx_200,400.0,200.0,0.6518752307318098,0.7715029337363903,Excluded,Excluded
IM8,3.862793,4.1029068,0.0005209,5.5e-06,3.466053,spin1_run_27_mzp_400_mx_200,400.0,200.0,0.8447798521769979,0.8972919335827729,Excluded,Excluded
IM9,5.1416266,4.8453396,0.000246,3.8e-06,3.466053,spin1_run_27_mzp_400_mx_200,400.0,200.0,0.7153374760357355,0.6741160472446599,Excluded,Excluded
IM10,24.5467918,37.8449136,3.81e-05,1.5e-06,3.466053,spin1_run_27_mzp_400_mx_200,400.0,200.0,0.09158570254999869,0.14120187388398348,Excluded,Excluded
IM11,14.8148605,13.2266798,3.81e-05,1.5e-06,3.466053,spin1_run_27_mzp_400_mx_200,400.0,200.0,0.26205011782321974,0.23395785603246147,Excluded,Excluded
IM12,-1.0,-1.0,0.0,0.0,3.466053,spin1_run_27_mzp_400_mx_200,400.0,200.0,-3.466053,-3.466053,Excluded,Excluded
EM0,18.1536681,20.1712157,0.0202872,3.42e-05,3.466053,spin1_run_27_mzp_400_mx_200,400.0,200.0,0.17183163630539133,0.19092852094172635,Excluded,Excluded
EM1,9.665554,9.3791903,0.013237,2.77e-05,3.466053,spin1_run_27_mzp_400_mx_200,400.0,200.0,0.3695471452370468,0.3585984828184706,Excluded,Excluded
EM2,5.993554,5.9241096,0.0083435,2.21e-05,3.466053,spin1_run_27_mzp_400_mx_200,400.0,200.0,0.5850757723996193,0.5782967835110855,Excluded,Excluded
EM3,4.3859597,5.2952062,0.0052917,1.76e-05,3.466053,spin1_run_27_mzp_400_mx_200,400.0,200.0,0.6545643113954656,0.7902610231462,Excluded,Excluded
EM4,3.402839,4.7794415,0.0051458,1.74e-05,3.466053,spin1_run_27_mzp_400_mx_200,400.0,200.0,0.7252004235222882,1.0185768412787086,Excluded,Included
EM5,3.0314065,3.6939723,0.0020273,1.09e-05,3.466053,spin1_run_27_mzp_400_mx_200,400.0,200.0,0.9382996726856886,1.14338113347715,Excluded,Included
EM6,3.2747279,4.5493304,0.0008857,7.2e-06,3.466053,spin1_run_27_mzp_400_mx_200,400.0,200.0,0.7618820123506528,1.0584247320212468,Excluded,Included
EM7,5.1825427,7.6015858,0.000276,4e-06,3.466053,spin1_run_27_mzp_400_mx_200,400.0,200.0,0.45596446467788343,0.6687939107573586,Excluded,Excluded
EM8,2.9548106,3.38836,0.000275,4e-06,3.466053,spin1_run_27_mzp_400_mx_200,400.0,200.0,1.02292938176581,1.1730203621172877,Included,Included
EM9,2.3517712,2.0031326,0.0002079,3.5e-06,3.466053,spin1_run_27_mzp_400_mx_200,400.0,200.0,1.730316305570585,1.4738053599771952,Included,Included
EM10,-1.0,-1.0,0.0,0.0,3.466053,spin1_run_27_mzp_400_mx_200,400.0,200.0,-3.466053,-3.466053,Excluded,Excluded
EM11,5.7670251,6.4543459,3.81e-05,1.5e-06,3.466053,spin1_run_27_mzp_400_mx_200,400.0,200.0,0.5370107294683416,0.6010122966171936,Excluded,Excluded
EM12,-1.0,-1.0,0.0,0.0,3.466053,spin1_run_27_mzp_400_mx_200,400.0,200.0,-3.466053,-3.466053,Excluded,Excluded
IM0,8.2089535,10.486856,0.0683351,8.88e-05,1.640779,spin1_run_28_mzp_400_mx_210,400.0,210.0,0.15646052544251585,0.19987675651957343,Excluded,Excluded
IM1,5.0453462,6.3835323,0.044572,7.26e-05,1.640779,spin1_run_28_mzp_400_mx_210,400.0,210.0,0.2570330849583075,0.32520642488319235,Excluded,Excluded
IM2,4.1096254,5.6738217,0.0274671,5.75e-05,1.640779,spin1_run_28_mzp_400_mx_210,400.0,210.0,0.28918409614457924,0.39925269101169175,Excluded,Excluded
IM3,3.2463121,4.83583,0.0174071,4.6e-05,1.640779,spin1_run_28_mzp_400_mx_210,400.0,210.0,0.33929625317680734,0.5054286062020962,Excluded,Excluded
IM4,3.0463907,4.8360169,0.010807,3.64e-05,1.640779,spin1_run_28_mzp_400_mx_210,400.0,210.0,0.33928314022227674,0.5385976920163261,Excluded,Excluded
IM5,3.1221212,4.7270846,0.0046335,2.39e-05,1.640779,spin1_run_28_mzp_400_mx_210,400.0,210.0,0.347101678696421,0.525533409785629,Excluded,Excluded
IM6,3.3570866,4.9213279,0.0021644,1.64e-05,1.640779,spin1_run_28_mzp_400_mx_210,400.0,210.0,0.3334016820947859,0.48875087106778836,Excluded,Excluded
IM7,3.07314,3.6120905,0.0011747,1.21e-05,1.640779,spin1_run_28_mzp_400_mx_210,400.0,210.0,0.4542463706266496,0.5339096168739466,Excluded,Excluded
IM8,4.1489654,4.4238446,0.0004847,7.7e-06,1.640779,spin1_run_28_mzp_400_mx_210,400.0,210.0,0.3708943573650847,0.3954670241405243,Excluded,Excluded
IM9,5.1995172,4.9209219,0.000243,5.5e-06,1.640779,spin1_run_28_mzp_400_mx_210,400.0,210.0,0.3334291893557587,0.3155637219548,Excluded,Excluded
IM10,13.8559475,21.4059134,6.74e-05,2.9e-06,1.640779,spin1_run_28_mzp_400_mx_210,400.0,210.0,0.07665073521226148,0.11841694694642861,Excluded,Excluded
IM11,16.7425437,14.9463808,3.37e-05,2e-06,1.640779,spin1_run_28_mzp_400_mx_210,400.0,210.0,0.10977767942323535,0.09800058040165069,Excluded,Excluded
IM12,10.2885607,8.1380143,3.37e-05,2e-06,1.640779,spin1_run_28_mzp_400_mx_210,400.0,210.0,0.20161908538302764,0.15947604799571236,Excluded,Excluded
EM0,15.4104471,17.3240406,0.0237631,5.36e-05,1.640779,spin1_run_28_mzp_400_mx_210,400.0,210.0,0.09471110336695931,0.10647186219535447,Excluded,Excluded
EM1,7.439202,7.3082677,0.0171049,4.56e-05,1.640779,spin1_run_28_mzp_400_mx_210,400.0,210.0,0.22450997518878515,0.2205584685024012,Excluded,Excluded
EM2,4.9540142,4.9409026,0.01006,3.51e-05,1.640779,spin1_run_28_mzp_400_mx_210,400.0,210.0,0.3320808226415959,0.3312019170231688,Excluded,Excluded
EM3,3.5052139,4.2495561,0.0066002,2.85e-05,1.640779,spin1_run_28_mzp_400_mx_210,400.0,210.0,0.3861059746922743,0.4680966830583434,Excluded,Excluded
EM4,2.8476547,3.9920265,0.0061734,2.76e-05,1.640779,spin1_run_28_mzp_400_mx_210,400.0,210.0,0.411014055142169,0.5761860804261134,Excluded,Excluded
EM5,2.4918633,3.0370912,0.0024692,1.75e-05,1.640779,spin1_run_28_mzp_400_mx_210,400.0,210.0,0.5402468651583463,0.6584546592102384,Excluded,Excluded
EM6,2.93955,4.0894928,0.0009897,1.11e-05,1.640779,spin1_run_28_mzp_400_mx_210,400.0,210.0,0.40121821464021157,0.558173529962069,Excluded,Excluded
EM7,2.0785275,3.045952,0.00069,9.2e-06,1.640779,spin1_run_28_mzp_400_mx_210,400.0,210.0,0.5386752647448154,0.7893948961464307,Excluded,Excluded
EM8,3.3707337,3.8523923,0.0002416,5.5e-06,1.640779,spin1_run_28_mzp_400_mx_210,400.0,210.0,0.42591171205487044,0.4867720638981359,Excluded,Excluded
EM9,2.7873049,2.3790033,0.0001756,4.7e-06,1.640779,spin1_run_28_mzp_400_mx_210,400.0,210.0,0.6896917713397035,0.5886614700817266,Excluded,Excluded
EM10,9.274314,19.8350648,3.37e-05,2e-06,1.640779,spin1_run_28_mzp_400_mx_210,400.0,210.0,0.08272113131689894,0.1769164813699428,Excluded,Excluded
EM11,-1.0,-1.0,0.0,0.0,1.640779,spin1_run_28_mzp_400_mx_210,400.0,210.0,-1.640779,-1.640779,Excluded,Excluded
EM12,7.5466369,6.0683546,3.37e-05,2e-06,1.640779,spin1_run_28_mzp_400_mx_210,400.0,210.0,0.2703828480952646,0.21741856958826256,Excluded,Excluded
IM0,6.3703026,8.0742496,0.0887361,0.0001869,0.4654458,spin1_run_29_mzp_400_mx_250,400.0,250.0,0.057645703694867205,0.07306494357112644,Excluded,Excluded
IM1,3.7417282,4.7323047,0.0602413,0.0001564,0.4654458,spin1_run_29_mzp_400_mx_250,400.0,250.0,0.09835499392082678,0.12439326832985892,Excluded,Excluded
IM2,2.9777395,4.0938056,0.0379993,0.0001257,0.4654458,spin1_run_29_mzp_400_mx_250,400.0,250.0,0.1136951397985288,0.15630843463640792,Excluded,Excluded
IM3,2.3741949,3.498267,0.0239768,0.0001006,0.4654458,spin1_run_29_mzp_400_mx_250,400.0,250.0,0.13305039323756593,0.19604363567624547,Excluded,Excluded
IM4,2.0382105,3.2386747,0.0161338,8.28e-05,0.4654458,spin1_run_29_mzp_400_mx_250,400.0,250.0,0.14371489671377,0.22836002463926078,Excluded,Excluded
IM5,1.8381359,2.7950958,0.0078283,5.79e-05,0.4654458,spin1_run_29_mzp_400_mx_250,400.0,250.0,0.16652230667728815,0.25321620670158285,Excluded,Excluded
IM6,1.9598012,2.8613901,0.0037257,4e-05,0.4654458,spin1_run_29_mzp_400_mx_250,400.0,250.0,0.16266422393786853,0.23749643586298447,Excluded,Excluded
IM7,1.7031884,2.008058,0.0021101,3.02e-05,0.4654458,spin1_run_29_mzp_400_mx_250,400.0,250.0,0.23178902203024015,0.27327910406153544,Excluded,Excluded
IM8,1.8748946,2.009767,0.0010619,2.14e-05,0.4654458,spin1_run_29_mzp_400_mx_250,400.0,250.0,0.23159192085450703,0.24825171505640906,Excluded,Excluded
IM9,1.9379652,1.8294743,0.0006522,1.68e-05,0.4654458,spin1_run_29_mzp_400_mx_250,400.0,250.0,0.25441505245523266,0.24017242414879278,Excluded,Excluded
IM10,2.0964152,3.2194601,0.0004465,1.39e-05,0.4654458,spin1_run_29_mzp_400_mx_250,400.0,250.0,0.14457262570205484,0.22201985560875537,Excluded,Excluded
IM11,2.0440995,1.8211726,0.0002762,1.09e-05,0.4654458,spin1_run_29_mzp_400_mx_250,400.0,250.0,0.2555747873650197,0.22770212506778656,Excluded,Excluded
IM12,2.4923343,1.956796,0.0001406,7.8e-06,0.4654458,spin1_run_29_mzp_400_mx_250,400.0,250.0,0.2378611771487677,0.18675095070512812,Excluded,Excluded
EM0,12.9615824,14.3987328,0.0284948,0.0001094,0.4654458,spin1_run_29_mzp_400_mx_250,400.0,250.0,0.03232546964132844,0.03590964325466928,Excluded,Excluded
EM1,5.7162019,5.596826,0.022242,9.69e-05,0.4654458,spin1_run_29_mzp_400_mx_250,400.0,250.0,0.0831624567210058,0.08142571031299647,Excluded,Excluded
EM2,3.570519,3.5452245,0.0140226,7.73e-05,0.4654458,spin1_run_29_mzp_400_mx_250,400.0,250.0,0.1312881031934649,0.13035802358144574,Excluded,Excluded
EM3,2.9545944,3.5659104,0.007843,5.8e-05,0.4654458,spin1_run_29_mzp_400_mx_250,400.0,250.0,0.1305264989271744,0.15753289182433974,Excluded,Excluded
EM4,2.1122505,2.9669825,0.0083054,5.97e-05,0.4654458,spin1_run_29_mzp_400_mx_250,400.0,250.0,0.15687514166328922,0.220355398187857,Excluded,Excluded
EM5,1.4987902,1.8317904,0.0041026,4.2e-05,0.4654458,spin1_run_29_mzp_400_mx_250,400.0,250.0,0.25409337225481693,0.31054766704506076,Excluded,Excluded
EM6,1.8018713,2.4910823,0.0016157,2.64e-05,0.4654458,spin1_run_29_mzp_400_mx_250,400.0,250.0,0.18684481038623255,0.25831245550112264,Excluded,Excluded
EM7,1.3692841,2.0046612,0.0010482,2.13e-05,0.4654458,spin1_run_29_mzp_400_mx_250,400.0,250.0,0.2321817771501738,0.3399190861852555,Excluded,Excluded
EM8,1.9718509,2.2734902,0.0004097,1.33e-05,0.4654458,spin1_run_29_mzp_400_mx_250,400.0,250.0,0.20472742745933106,0.23604512896994395,Excluded,Excluded
EM9,2.3766002,2.0302745,0.0002057,9.4e-06,0.4654458,spin1_run_29_mzp_400_mx_250,400.0,250.0,0.229252645393517,0.1958452246196058,Excluded,Excluded
EM10,1.8410828,3.9127143,0.0001703,8.6e-06,0.4654458,spin1_run_29_mzp_400_mx_250,400.0,250.0,0.11895726708183114,0.25281090019416835,Excluded,Excluded
EM11,1.6109814,1.8190224,0.0001357,7.7e-06,0.4654458,spin1_run_29_mzp_400_mx_250,400.0,250.0,0.25587689299483063,0.2889206542049461,Excluded,Excluded
EM12,1.8110897,1.4514652,0.0001406,7.8e-06,0.4654458,spin1_run_29_mzp_400_mx_250,400.0,250.0,0.320673068841058,0.2569976517452449,Excluded,Excluded
IM0,9.9363786,12.6331977,0.0566904,1.1e-05,90.02853,spin1_run_30_mzp_500_mx_0,500.0,0.0,7.126345374932271,9.060497151346468,Included,Included
IM1,6.1571709,7.7241504,0.0368977,9e-06,90.02853,spin1_run_30_mzp_500_mx_0,500.0,0.0,11.65546051511374,14.621736421186556,Included,Included
IM2,5.0156359,6.8776089,0.022603,7.1e-06,90.02853,spin1_run_30_mzp_500_mx_0,500.0,0.0,13.09009152875791,17.94957444977216,Included,Included
IM3,4.0324265,5.9314822,0.014151,5.6e-06,90.02853,spin1_run_30_mzp_500_mx_0,500.0,0.0,15.178083144209724,22.326142832361608,Included,Included
IM4,3.7838286,6.0353674,0.008668,4.4e-06,90.02853,spin1_run_30_mzp_500_mx_0,500.0,0.0,14.916826770148244,23.792972546378024,Included,Included
IM5,3.4085499,5.152271,0.0042431,3.1e-06,90.02853,spin1_run_30_mzp_500_mx_0,500.0,0.0,17.473562628984386,26.412560367680108,Included,Included
IM6,3.3495756,4.8787366,0.0021811,2.2e-06,90.02853,spin1_run_30_mzp_500_mx_0,500.0,0.0,18.453246686857415,26.877593089703662,Included,Included
IM7,3.7115687,4.3910964,0.0009644,1.5e-06,90.02853,spin1_run_30_mzp_500_mx_0,500.0,0.0,20.50251732118657,24.25619388373439,Included,Included
IM8,4.8544806,5.2051157,0.0004125,1e-06,90.02853,spin1_run_30_mzp_500_mx_0,500.0,0.0,17.296163080486377,18.54545056787332,Included,Included
IM9,12.3711787,11.6056889,0.0001026,5e-07,90.02853,spin1_run_30_mzp_500_mx_0,500.0,0.0,7.7572758304765514,7.277279892497229,Included,Included
IM10,13.4559919,20.7727123,6.96e-05,4e-07,90.02853,spin1_run_30_mzp_500_mx_0,500.0,0.0,4.333980498059467,6.690590383009966,Included,Included
IM11,-1.0,-1.0,0.0,0.0,90.02853,spin1_run_30_mzp_500_mx_0,500.0,0.0,-90.02853,-90.02853,Excluded,Excluded
IM12,-1.0,-1.0,0.0,0.0,90.02853,spin1_run_30_mzp_500_mx_0,500.0,0.0,-90.02853,-90.02853,Excluded,Excluded
EM0,18.521696,20.7597447,0.0197926,6.6e-06,90.02853,spin1_run_30_mzp_500_mx_0,500.0,0.0,4.33668772429557,4.860706600518657,Included,Included
EM1,8.9170247,8.7051342,0.0142948,5.6e-06,90.02853,spin1_run_30_mzp_500_mx_0,500.0,0.0,10.342003687892602,10.096252172543606,Included,Included
EM2,5.9054156,5.8496047,0.008452,4.4e-06,90.02853,spin1_run_30_mzp_500_mx_0,500.0,0.0,15.390532286737255,15.245079448769024,Included,Included
EM3,4.2307533,5.1337781,0.0054831,3.5e-06,90.02853,spin1_run_30_mzp_500_mx_0,500.0,0.0,17.536505911698836,21.279550854454218,Included,Included
EM4,3.9443119,5.5774272,0.0044248,3.2e-06,90.02853,spin1_run_30_mzp_500_mx_0,500.0,0.0,16.14158764815433,22.824901347177946,Included,Included
EM5,2.967331,3.6350291,0.0020621,2.2e-06,90.02853,spin1_run_30_mzp_500_mx_0,500.0,0.0,24.766935153283917,30.339901413088057,Included,Included
EM6,2.3981548,3.3230647,0.0012166,1.7e-06,90.02853,spin1_run_30_mzp_500_mx_0,500.0,0.0,27.09201840096583,37.540750080019855,Included,Included
EM7,2.6145098,3.7952782,0.000552,1.1e-06,90.02853,spin1_run_30_mzp_500_mx_0,500.0,0.0,23.72119387717085,34.434191067097935,Included,Included
EM8,2.6156925,3.0277971,0.0003099,8e-07,90.02853,spin1_run_30_mzp_500_mx_0,500.0,0.0,29.73400364245015,34.4186214549302,Included,Included
EM9,14.8579667,12.5786005,3.3e-05,3e-07,90.02853,spin1_run_30_mzp_500_mx_0,500.0,0.0,7.157277154958535,6.059276603439958,Included,Included
EM10,4.5018871,9.6030871,6.96e-05,4e-07,90.02853,spin1_run_30_mzp_500_mx_0,500.0,0.0,9.374957142688002,19.997953746996455,Included,Included
EM11,-1.0,-1.0,0.0,0.0,90.02853,spin1_run_30_mzp_500_mx_0,500.0,0.0,-90.02853,-90.02853,Excluded,Excluded
EM12,-1.0,-1.0,0.0,0.0,90.02853,spin1_run_30_mzp_500_mx_0,500.0,0.0,-90.02853,-90.02853,Excluded,Excluded
IM0,10.5682915,13.4070742,0.0533423,1.1e-05,85.52415,spin1_run_31_mzp_500_mx_50,500.0,50.0,6.379031601093101,8.092523753721213,Included,Included
IM1,6.6486615,8.2930555,0.0340957,8.9e-06,85.52415,spin1_run_31_mzp_500_mx_50,500.0,50.0,10.312742993218846,12.863363550693625,Included,Included
IM2,5.2857796,7.2478436,0.0213724,7.1e-06,85.52415,spin1_run_31_mzp_500_mx_50,500.0,50.0,11.799944193056263,16.180044661718398,Included,Included
IM3,4.2283472,6.2366312,0.0134679,5.6e-06,85.52415,spin1_run_31_mzp_500_mx_50,500.0,50.0,13.713196637312787,20.22637828795138,Included,Included
IM4,3.7691395,5.9642915,0.0087555,4.5e-06,85.52415,spin1_run_31_mzp_500_mx_50,500.0,50.0,14.339364533071532,22.690630049643957,Included,Included
IM5,3.2165661,4.868816,0.0044889,3.3e-06,85.52415,spin1_run_31_mzp_500_mx_50,500.0,50.0,17.565697697345723,26.58864992701378,Included,Included
IM6,3.4968962,5.118756,0.0020824,2.2e-06,85.52415,spin1_run_31_mzp_500_mx_50,500.0,50.0,16.70799506755157,24.45716003809321,Included,Included
IM7,3.989994,4.6963617,0.0008989,1.5e-06,85.52415,spin1_run_31_mzp_500_mx_50,500.0,50.0,18.210724697801705,21.434656292716234,Included,Included
IM8,4.3977967,4.724812,0.0004551,1e-06,85.52415,spin1_run_31_mzp_500_mx_50,500.0,50.0,18.10106941821177,19.44704492592848,Included,Included
IM9,7.1077286,6.746564,0.0001775,7e-07,85.52415,spin1_run_31_mzp_500_mx_50,500.0,50.0,12.676697352904382,12.032557067527875,Included,Included
IM10,12.8435183,19.9455218,7.25e-05,4e-07,85.52415,spin1_run_31_mzp_500_mx_50,500.0,50.0,4.287887319147499,6.6589347250745154,Included,Included
IM11,16.4136104,14.595043,3.46e-05,3e-07,85.52415,spin1_run_31_mzp_500_mx_50,500.0,50.0,5.8598080183799395,5.210562936232482,Included,Included
IM12,10.1072337,7.9921908,3.46e-05,3e-07,85.52415,spin1_run_31_mzp_500_mx_50,500.0,50.0,10.700964496493253,8.461677303454456,Included,Included
EM0,19.060422,21.2777245,0.0192465,6.7e-06,85.52415,spin1_run_31_mzp_500_mx_50,500.0,50.0,4.019421813643653,4.487001914228342,Included,Included
EM1,-1.0,9.8065221,0.0127233,5.5e-06,85.52415,spin1_run_31_mzp_500_mx_50,500.0,50.0,8.721149978339415,-85.52415,Included,Excluded
EM2,6.3087978,6.2674532,0.0079044,4.3e-06,85.52415,spin1_run_31_mzp_500_mx_50,500.0,50.0,13.645758056877074,13.556330811553353,Included,Included
EM3,4.9278527,5.9416724,0.0047124,3.3e-06,85.52415,spin1_run_31_mzp_500_mx_50,500.0,50.0,14.39395245015528,17.35525698647608,Included,Included
EM4,4.1012121,5.7738016,0.0042666,3.2e-06,85.52415,spin1_run_31_mzp_500_mx_50,500.0,50.0,14.81245043127218,20.85338380816735,Included,Included
EM5,2.5579647,3.1222725,0.0024066,2.4e-06,85.52415,spin1_run_31_mzp_500_mx_50,500.0,50.0,27.39163541939405,33.43445278975117,Included,Included
EM6,2.4562655,3.4080284,0.0011835,1.7e-06,85.52415,spin1_run_31_mzp_500_mx_50,500.0,50.0,25.094905312408784,34.81877264489527,Included,Included
EM7,3.2396681,4.711476,0.0004438,1e-06,85.52415,spin1_run_31_mzp_500_mx_50,500.0,50.0,18.152305137498313,26.3990468653255,Included,Included
EM8,2.9317139,3.3486514,0.0002776,8e-07,85.52415,spin1_run_31_mzp_500_mx_50,500.0,50.0,25.53987853139924,29.172065527949368,Included,Included
EM9,4.6609108,3.95413,0.000105,5e-07,85.52415,spin1_run_31_mzp_500_mx_50,500.0,50.0,21.62906884700301,18.349235518517112,Included,Included
EM10,8.2341708,17.6169837,3.79e-05,3e-07,85.52415,spin1_run_31_mzp_500_mx_50,500.0,50.0,4.854642057709346,10.386492104341583,Included,Included
EM11,-1.0,-1.0,0.0,0.0,85.52415,spin1_run_31_mzp_500_mx_50,500.0,50.0,-85.52415,-85.52415,Excluded,Excluded
EM12,7.3739897,5.8993608,3.46e-05,3e-07,85.52415,spin1_run_31_mzp_500_mx_50,500.0,50.0,14.49718925480876,11.598083734779289,Included,Included
IM0,10.5412253,13.3664285,0.053545,1.17e-05,75.21421,spin1_run_32_mzp_500_mx_100,500.0,100.0,5.6270985177528905,7.1352435660397076,Included,Included
IM1,6.503571,8.205456,0.0347239,9.5e-06,75.21421,spin1_run_32_mzp_500_mx_100,500.0,100.0,9.166365647442385,11.565063255248539,Included,Included
IM2,5.1038432,6.9936864,0.0221869,7.7e-06,75.21421,spin1_run_32_mzp_500_mx_100,500.0,100.0,10.754587165932977,14.736779139296441,Included,Included
IM3,4.2073164,6.2190449,0.0135189,6e-06,75.21421,spin1_run_32_mzp_500_mx_100,500.0,100.0,12.094173817590542,17.87700349800172,Included,Included
IM4,3.7843725,5.9873094,0.0087296,4.8e-06,75.21421,spin1_run_32_mzp_500_mx_100,500.0,100.0,12.56227212844554,19.87494888518506,Included,Included
IM5,3.8409967,5.8482631,0.0037378,3.2e-06,75.21421,spin1_run_32_mzp_500_mx_100,500.0,100.0,12.860948407057816,19.58195121594351,Included,Included
IM6,4.6365973,6.7488245,0.0015736,2.1e-06,75.21421,spin1_run_32_mzp_500_mx_100,500.0,100.0,11.14478676990341,16.221855195403748,Included,Included
IM7,4.7092546,5.5570342,0.0007616,1.4e-06,75.21421,spin1_run_32_mzp_500_mx_100,500.0,100.0,13.534955390413108,15.971574354888348,Included,Included
IM8,4.8061314,5.1453443,0.0004171,1.1e-06,75.21421,spin1_run_32_mzp_500_mx_100,500.0,100.0,14.617915850645796,15.64963662874469,Included,Included
IM9,7.1573347,6.7612625,0.0001762,7e-07,75.21421,spin1_run_32_mzp_500_mx_100,500.0,100.0,11.124284850647346,10.508689778053833,Included,Included
IM10,6.6034852,10.205268,0.0001409,6e-07,75.21421,spin1_run_32_mzp_500_mx_100,500.0,100.0,7.370135698543144,11.390077772870605,Included,Included
IM11,7.9972447,7.0652409,7.08e-05,4e-07,75.21421,spin1_run_32_mzp_500_mx_100,500.0,100.0,10.645668146998355,9.405015454885355,Included,Included
IM12,-1.0,-1.0,0.0,0.0,75.21421,spin1_run_32_mzp_500_mx_100,500.0,100.0,-75.21421,-75.21421,Excluded,Excluded
EM0,19.4861351,21.7643301,0.0188211,7.1e-06,75.21421,spin1_run_32_mzp_500_mx_100,500.0,100.0,3.455847694572506,3.859883430655266,Included,Included
EM1,10.17719,9.9110334,0.012537,5.8e-06,75.21421,spin1_run_32_mzp_500_mx_100,500.0,100.0,7.588937193976158,7.3904692749177325,Included,Included
EM2,5.7805644,5.7391062,0.0086681,4.8e-06,75.21421,spin1_run_32_mzp_500_mx_100,500.0,100.0,13.105561629091302,13.011568558945557,Included,Included
EM3,4.8552672,5.8865668,0.0047893,3.6e-06,75.21421,spin1_run_32_mzp_500_mx_100,500.0,100.0,12.777262631250528,15.49126070754664,Included,Included
EM4,3.5128853,4.9516545,0.0049918,3.7e-06,75.21421,spin1_run_32_mzp_500_mx_100,500.0,100.0,15.189712852542517,21.410949569005282,Included,Included
EM5,2.8317504,3.455335,0.0021642,2.4e-06,75.21421,spin1_run_32_mzp_500_mx_100,500.0,100.0,21.767559440690988,26.561030943970202,Included,Included
EM6,3.6003261,4.9672345,0.000812,1.5e-06,75.21421,spin1_run_32_mzp_500_mx_100,500.0,100.0,15.142069495611691,20.89094373979068,Included,Included
EM7,4.1630027,6.0770481,0.0003444,1e-06,75.21421,spin1_run_32_mzp_500_mx_100,500.0,100.0,12.376767266331164,18.06729791455576,Included,Included
EM8,3.3744872,3.8599395,0.000241,8e-07,75.21421,spin1_run_32_mzp_500_mx_100,500.0,100.0,19.485852045090343,22.289078470945153,Included,Included
EM9,13.9147044,11.7953385,3.52e-05,3e-07,75.21421,spin1_run_32_mzp_500_mx_100,500.0,100.0,6.376604622241235,5.405376056713069,Included,Included
EM10,4.4720932,9.5187287,7.01e-05,4e-07,75.21421,spin1_run_32_mzp_500_mx_100,500.0,100.0,7.901707504280481,16.8185694341075,Included,Included
EM11,3.1145314,3.4856225,7.08e-05,4e-07,75.21421,spin1_run_32_mzp_500_mx_100,500.0,100.0,21.578415333272606,24.14944668722877,Included,Included
EM12,-1.0,-1.0,0.0,0.0,75.21421,spin1_run_32_mzp_500_mx_100,500.0,100.0,-75.21421,-75.21421,Excluded,Excluded
IM0,9.793529,12.4766013,0.0575484,1.39e-05,57.35076,spin1_run_33_mzp_500_mx_150,500.0,150.0,4.596665279349754,5.855985110168153,Included,Included
IM1,6.4336005,8.0767849,0.0351059,1.1e-05,57.35076,spin1_run_33_mzp_500_mx_150,500.0,150.0,7.100691761643919,8.914255711090547,Included,Included
IM2,5.3853726,7.3672823,0.0211053,8.6e-06,57.35076,spin1_run_33_mzp_500_mx_150,500.0,150.0,7.784520487290137,10.649357855016383,Included,Included
IM3,4.3909285,6.4584994,0.0129878,6.7e-06,57.35076,spin1_run_33_mzp_500_mx_150,500.0,150.0,8.879889343955037,13.061191955186699,Included,Included
IM4,3.8750578,6.1408779,0.0085095,5.5e-06,57.35076,spin1_run_33_mzp_500_mx_150,500.0,150.0,9.33917933785982,14.799975370689955,Included,Included
IM5,4.2759121,6.4689765,0.0033845,3.5e-06,57.35076,spin1_run_33_mzp_500_mx_150,500.0,150.0,8.865507549764635,13.41252080462552,Included,Included
IM6,5.4879007,8.0351514,0.0013278,2.2e-06,57.35076,spin1_run_33_mzp_500_mx_150,500.0,150.0,7.137483433106189,10.450400460052057,Included,Included
IM7,8.0874438,9.5370544,0.0004443,1.3e-06,57.35076,spin1_run_33_mzp_500_mx_150,500.0,150.0,6.013466799560249,7.091333358013566,Included,Included
IM8,9.680897,10.3440774,0.0002069,9e-07,57.35076,spin1_run_33_mzp_500_mx_150,500.0,150.0,5.544308862190069,5.924116329302956,Included,Included
IM9,9.2198611,8.6332228,0.0001378,7e-07,57.35076,spin1_run_33_mzp_500_mx_150,500.0,150.0,6.643030225051066,6.220349675332962,Included,Included
IM10,13.6273146,21.0619383,6.85e-05,5e-07,57.35076,spin1_run_33_mzp_500_mx_150,500.0,150.0,2.7229573642801905,4.208515153822016,Included,Included
IM11,-1.0,-1.0,0.0,0.0,57.35076,spin1_run_33_mzp_500_mx_150,500.0,150.0,-57.35076,-57.35076,Excluded,Excluded
IM12,-1.0,-1.0,0.0,0.0,57.35076,spin1_run_33_mzp_500_mx_150,500.0,150.0,-57.35076,-57.35076,Excluded,Excluded
EM0,16.347025,18.3015319,0.0224424,8.8e-06,57.35076,spin1_run_33_mzp_500_mx_150,500.0,150.0,3.1336589916825486,3.5083301089953682,Included,Included
EM1,9.1357661,8.8869049,0.0140006,7e-06,57.35076,spin1_run_33_mzp_500_mx_150,500.0,150.0,6.453400891012123,6.277608180008024,Included,Included
EM2,6.1477491,6.0691157,0.0081176,5.3e-06,57.35076,spin1_run_33_mzp_500_mx_150,500.0,150.0,9.449607296166722,9.328741148528653,Included,Included
EM3,5.2069353,6.2665353,0.0044783,4e-06,57.35076,spin1_run_33_mzp_500_mx_150,500.0,150.0,9.151908870600314,11.014302405486008,Included,Included
EM4,3.4246934,4.8104471,0.0051249,4.3e-06,57.35076,spin1_run_33_mzp_500_mx_150,500.0,150.0,11.922126739529055,16.746246539909237,Included,Included
EM5,2.9861847,3.6339067,0.0020568,2.7e-06,57.35076,spin1_run_33_mzp_500_mx_150,500.0,150.0,15.7821223093042,19.20536261538009,Included,Included
EM6,3.2930259,4.5684692,0.0008835,1.8e-06,57.35076,spin1_run_33_mzp_500_mx_150,500.0,150.0,12.553605483429767,17.415824151276794,Included,Included
EM7,6.0483217,8.8313459,0.0002373,9e-07,57.35076,spin1_run_33_mzp_500_mx_150,500.0,150.0,6.493999968906212,9.482094842938,Included,Included
EM8,11.766548,13.5290649,6.91e-05,5e-07,57.35076,spin1_run_33_mzp_500_mx_150,500.0,150.0,4.2390778981332256,4.874051421028495,Included,Included
EM9,7.0529031,6.0073715,6.93e-05,5e-07,57.35076,spin1_run_33_mzp_500_mx_150,500.0,150.0,9.546731045349867,8.131511121994572,Included,Included
EM10,4.571775,9.7483026,6.85e-05,5e-07,57.35076,spin1_run_33_mzp_500_mx_150,500.0,150.0,5.883153442528548,12.544528109979167,Included,Included
EM11,-1.0,-1.0,0.0,0.0,57.35076,spin1_run_33_mzp_500_mx_150,500.0,150.0,-57.35076,-57.35076,Excluded,Excluded
EM12,-1.0,-1.0,0.0,0.0,57.35076,spin1_run_33_mzp_500_mx_150,500.0,150.0,-57.35076,-57.35076,Excluded,Excluded
IM0,9.2424694,11.783099,0.0608777,1.97e-05,29.94415,spin1_run_34_mzp_500_mx_200,500.0,200.0,2.5412796752365403,3.23984302290468,Included,Included
IM1,5.9495847,7.5014042,0.0379985,1.58e-05,29.94415,spin1_run_34_mzp_500_mx_200,500.0,200.0,3.991805960809311,5.032981545753942,Included,Included
IM2,4.7629549,6.5344274,0.0237477,1.26e-05,29.94415,spin1_run_34_mzp_500_mx_200,500.0,200.0,4.5825208801003745,6.286885059524708,Included,Included
IM3,4.138052,6.0982244,0.0137703,9.6e-06,29.94415,spin1_run_34_mzp_500_mx_200,500.0,200.0,4.910306350812541,7.236291375748782,Included,Included
IM4,3.8338929,6.0688924,0.008623,7.6e-06,29.94415,spin1_run_34_mzp_500_mx_200,500.0,200.0,4.934038705316311,7.810377279970445,Included,Included
IM5,4.0506833,6.1231572,0.003573,4.9e-06,29.94415,spin1_run_34_mzp_500_mx_200,500.0,200.0,4.890312141586044,7.392370072476414,Included,Included
IM6,4.6212664,6.7423581,0.0015754,3.3e-06,29.94415,spin1_run_34_mzp_500_mx_200,500.0,200.0,4.441198399117959,6.47964159780964,Included,Included
IM7,6.4873117,7.6440343,0.0005538,1.9e-06,29.94415,spin1_run_34_mzp_500_mx_200,500.0,200.0,3.917322819966938,4.615802567340799,Included,Included
IM8,7.2302788,7.7373818,0.0002773,1.4e-06,29.94415,spin1_run_34_mzp_500_mx_200,500.0,200.0,3.8700623510655765,4.141493133017222,Included,Included
IM9,6.0485041,5.7536719,0.0002082,1.2e-06,29.94415,spin1_run_34_mzp_500_mx_200,500.0,200.0,5.2043548051462585,4.950670364925437,Included,Included
IM10,13.0038911,20.0754576,7.18e-05,7e-07,29.94415,spin1_run_34_mzp_500_mx_200,500.0,200.0,1.4915799478463694,2.3027069182392643,Included,Included
IM11,-1.0,-1.0,0.0,0.0,29.94415,spin1_run_34_mzp_500_mx_200,500.0,200.0,-29.94415,-29.94415,Excluded,Excluded
IM12,-1.0,-1.0,0.0,0.0,29.94415,spin1_run_34_mzp_500_mx_200,500.0,200.0,-29.94415,-29.94415,Excluded,Excluded
EM0,16.0563262,17.9481239,0.0228792,1.23e-05,29.94415,spin1_run_34_mzp_500_mx_200,500.0,200.0,1.6683721466843675,1.8649440492807128,Included,Included
EM1,8.9468424,8.7239259,0.0142508,9.8e-06,29.94415,spin1_run_34_mzp_500_mx_200,500.0,200.0,3.4324168205050896,3.3468958836248195,Included,Included
EM2,4.9905713,4.9720641,0.0099774,8.2e-06,29.94415,spin1_run_34_mzp_500_mx_200,500.0,200.0,6.0224786723887975,6.0001447128908865,Included,Included
EM3,4.497203,5.4336903,0.0051473,5.9e-06,29.94415,spin1_run_34_mzp_500_mx_200,500.0,200.0,5.51083119330522,6.65839411741031,Included,Included
EM4,3.4720467,4.8717729,0.0050499,5.9e-06,29.94415,spin1_run_34_mzp_500_mx_200,500.0,200.0,6.1464585100015645,8.624351164401101,Included,Included
EM5,3.0766554,3.7484657,0.0019976,3.7e-06,29.94415,spin1_run_34_mzp_500_mx_200,500.0,200.0,7.9883750837042475,9.732695445840312,Included,Included
EM6,2.8453346,3.9509667,0.0010216,2.6e-06,29.94415,spin1_run_34_mzp_500_mx_200,500.0,200.0,7.578942642062764,10.523946814550387,Included,Included
EM7,5.1997165,7.5862606,0.0002765,1.4e-06,29.94415,spin1_run_34_mzp_500_mx_200,500.0,200.0,3.9471554668185274,5.758804350198708,Included,Included
EM8,11.7321587,13.4803458,6.91e-05,7e-07,29.94415,spin1_run_34_mzp_500_mx_200,500.0,200.0,2.2213191296620893,2.552313752796406,Included,Included
EM9,3.590297,3.0683057,0.0001364,1e-06,29.94415,spin1_run_34_mzp_500_mx_200,500.0,200.0,9.759180775240225,8.340298866639724,Included,Included
EM10,4.359195,9.298556,7.18e-05,7e-07,29.94415,spin1_run_34_mzp_500_mx_200,500.0,200.0,3.2203010876097324,6.869192591751459,Included,Included
EM11,-1.0,-1.0,0.0,0.0,29.94415,spin1_run_34_mzp_500_mx_200,500.0,200.0,-29.94415,-29.94415,Excluded,Excluded
EM12,-1.0,-1.0,0.0,0.0,29.94415,spin1_run_34_mzp_500_mx_200,500.0,200.0,-29.94415,-29.94415,Excluded,Excluded
IM0,7.651795,9.7181627,0.0737702,9.17e-05,1.648265,spin1_run_35_mzp_500_mx_250,500.0,250.0,0.1696066479726667,0.21540893345940398,Excluded,Excluded
IM1,4.904215,6.15729,0.0462029,7.36e-05,1.648265,spin1_run_35_mzp_500_mx_250,500.0,250.0,0.2676932546623596,0.33609150496052886,Excluded,Excluded
IM2,4.020851,5.4942876,0.0282751,5.81e-05,1.648265,spin1_run_35_mzp_500_mx_250,500.0,250.0,0.29999612688640476,0.4099293905693098,Excluded,Excluded
IM3,3.1355029,4.6090081,0.0181763,4.69e-05,1.648265,spin1_run_35_mzp_500_mx_250,500.0,250.0,0.3576181608359508,0.525678033976623,Excluded,Excluded
IM4,2.8162165,4.4847414,0.0116557,3.76e-05,1.648265,spin1_run_35_mzp_500_mx_250,500.0,250.0,0.36752732275711597,0.585276380562361,Excluded,Excluded
IM5,2.6471498,4.0252706,0.0054503,2.58e-05,1.648265,spin1_run_35_mzp_500_mx_250,500.0,250.0,0.40947930308089103,0.6226564888772067,Excluded,Excluded
IM6,2.4625109,3.5896531,0.0029691,1.91e-05,1.648265,spin1_run_35_mzp_500_mx_250,500.0,250.0,0.4591711104340417,0.6693432301152454,Excluded,Excluded
IM7,2.2900462,2.6974852,0.001571,1.39e-05,1.648265,spin1_run_35_mzp_500_mx_250,500.0,250.0,0.6110376435058847,0.7197518547879078,Excluded,Excluded
IM8,3.2353558,3.4580991,0.0006193,8.7e-06,1.648265,spin1_run_35_mzp_500_mx_250,500.0,250.0,0.476639029806867,0.5094540143003747,Excluded,Excluded
IM9,3.0593768,2.8744135,0.0004138,7.1e-06,1.648265,spin1_run_35_mzp_500_mx_250,500.0,250.0,0.5734265442324147,0.5387584164199716,Excluded,Excluded
IM10,9.070214,14.0138416,0.0001029,3.6e-06,1.648265,spin1_run_35_mzp_500_mx_250,500.0,250.0,0.11761692810913463,0.18172283476442783,Excluded,Excluded
IM11,-1.0,-1.0,0.0,0.0,1.648265,spin1_run_35_mzp_500_mx_250,500.0,250.0,-1.648265,-1.648265,Excluded,Excluded
IM12,-1.0,-1.0,0.0,0.0,1.648265,spin1_run_35_mzp_500_mx_250,500.0,250.0,-1.648265,-1.648265,Excluded,Excluded
EM0,13.3076737,14.832975,0.0275673,5.74e-05,1.648265,spin1_run_35_mzp_500_mx_250,500.0,250.0,0.11112167316401465,0.12385823677056344,Excluded,Excluded
EM1,7.0734685,6.9725278,0.0179278,4.65e-05,1.648265,spin1_run_35_mzp_500_mx_250,500.0,250.0,0.23639418117486746,0.23302075919331516,Excluded,Excluded
EM2,4.9377013,4.9044281,0.0100988,3.51e-05,1.648265,spin1_run_35_mzp_500_mx_250,500.0,250.0,0.33607690160652987,0.3338122133876345,Excluded,Excluded
EM3,3.5601255,4.3000669,0.0065206,2.82e-05,1.648265,spin1_run_35_mzp_500_mx_250,500.0,250.0,0.38331147824700124,0.4629794651902019,Excluded,Excluded
EM4,2.8104606,3.9777275,0.0062054,2.75e-05,1.648265,spin1_run_35_mzp_500_mx_250,500.0,250.0,0.41437353363195445,0.5864750425606394,Excluded,Excluded
EM5,2.4782358,3.0308948,0.0024812,1.74e-05,1.648265,spin1_run_35_mzp_500_mx_250,500.0,250.0,0.5438212504109348,0.6650961139371806,Excluded,Excluded
EM6,2.0801318,2.8811488,0.0013982,1.31e-05,1.648265,spin1_run_35_mzp_500_mx_250,500.0,250.0,0.5720860373473248,0.7923848863807572,Excluded,Excluded
EM7,1.5125613,2.1926783,0.0009517,1.08e-05,1.648265,spin1_run_35_mzp_500_mx_250,500.0,250.0,0.7517130989986083,1.0897178183786667,Excluded,Included
EM8,3.9531392,4.5227044,0.0002054,5e-06,1.648265,spin1_run_35_mzp_500_mx_250,500.0,250.0,0.36444234560189254,0.4169509133399603,Excluded,Excluded
EM9,1.5751288,1.3485043,0.0003109,6.2e-06,1.648265,spin1_run_35_mzp_500_mx_250,500.0,250.0,1.2222912451966226,1.046431885443273,Included,Included
EM10,3.0316666,6.488445,0.0001029,3.6e-06,1.648265,spin1_run_35_mzp_500_mx_250,500.0,250.0,0.2540308194027999,0.5436828046989073,Excluded,Excluded
EM11,-1.0,-1.0,0.0,0.0,1.648265,spin1_run_35_mzp_500_mx_250,500.0,250.0,-1.648265,-1.648265,Excluded,Excluded
EM12,-1.0,-1.0,0.0,0.0,1.648265,spin1_run_35_mzp_500_mx_250,500.0,250.0,-1.648265,-1.648265,Excluded,Excluded
IM0,6.8232929,8.6732393,0.0827311,0.0001339,0.8545019,spin1_run_36_mzp_500_mx_260,500.0,260.0,0.09852165614754801,0.12523306745339924,Excluded,Excluded
IM1,4.1587788,5.2434946,0.0543408,0.0001102,0.8545019,spin1_run_36_mzp_500_mx_260,500.0,260.0,0.1629641994863502,0.2054694277079608,Excluded,Excluded
IM2,3.3270054,4.5668348,0.03409,8.82e-05,0.8545019,spin1_run_36_mzp_500_mx_260,500.0,260.0,0.18711031544210885,0.2568381464003635,Excluded,Excluded
IM3,2.6226492,3.8679502,0.0217024,7.08e-05,0.8545019,spin1_run_36_mzp_500_mx_260,500.0,260.0,0.22091853716213825,0.3258163158076955,Excluded,Excluded
IM4,2.3638227,3.7549751,0.0139267,5.69e-05,0.8545019,spin1_run_36_mzp_500_mx_260,500.0,260.0,0.22756526401466687,0.3614915365691344,Excluded,Excluded
IM5,2.5050045,3.8042,0.0057526,3.68e-05,0.8545019,spin1_run_36_mzp_500_mx_260,500.0,260.0,0.22462065611692342,0.3411179101674269,Excluded,Excluded
IM6,2.5045876,3.6597442,0.0029094,2.62e-05,0.8545019,spin1_run_36_mzp_500_mx_260,500.0,260.0,0.23348678303800577,0.34117469079540286,Excluded,Excluded
IM7,2.3768755,2.8063498,0.0015065,1.88e-05,0.8545019,spin1_run_36_mzp_500_mx_260,500.0,260.0,0.3044887347970663,0.35950637717457223,Excluded,Excluded
IM8,2.7733432,2.9735738,0.0007233,1.31e-05,0.8545019,spin1_run_36_mzp_500_mx_260,500.0,260.0,0.28736529088331353,0.30811256969566553,Excluded,Excluded
IM9,2.6244477,2.4784559,0.0004831,1.07e-05,0.8545019,spin1_run_36_mzp_500_mx_260,500.0,260.0,0.3447718799434761,0.3255930381085514,Excluded,Excluded
IM10,3.8207637,5.8989636,0.000244,7.6e-06,0.8545019,spin1_run_36_mzp_500_mx_260,500.0,260.0,0.1448562761092474,0.22364688504552113,Excluded,Excluded
IM11,3.2124122,2.8509253,0.0001759,6.4e-06,0.8545019,spin1_run_36_mzp_500_mx_260,500.0,260.0,0.29972791640664875,0.2660000793173429,Excluded,Excluded
IM12,9.8624738,7.804509,3.53e-05,2.9e-06,0.8545019,spin1_run_36_mzp_500_mx_260,500.0,260.0,0.10948823302016822,0.08664174093927632,Excluded,Excluded
EM0,12.9040638,14.4712165,0.0283903,8.07e-05,0.8545019,spin1_run_36_mzp_500_mx_260,500.0,260.0,0.05904838062508428,0.06621959665140528,Excluded,Excluded
EM1,6.2968399,6.1281027,0.0202508,6.84e-05,0.8545019,spin1_run_36_mzp_500_mx_260,500.0,260.0,0.13943987916521047,0.1357032914240046,Excluded,Excluded
EM2,4.0198116,4.0107679,0.0123876,5.37e-05,0.8545019,spin1_run_36_mzp_500_mx_260,500.0,260.0,0.21305194449172687,0.21257262405034108,Excluded,Excluded
EM3,2.9780176,3.6044705,0.0077757,4.27e-05,0.8545019,spin1_run_36_mzp_500_mx_260,500.0,260.0,0.2370672474639479,0.2869364841900196,Excluded,Excluded
EM4,2.1420856,3.024582,0.0081741,4.38e-05,0.8545019,spin1_run_36_mzp_500_mx_260,500.0,260.0,0.28251900593205936,0.3989111826343448,Excluded,Excluded
EM5,2.169049,2.6436337,0.0028432,2.59e-05,0.8545019,spin1_run_36_mzp_500_mx_260,500.0,260.0,0.3232300677661962,0.3939523265726132,Excluded,Excluded
EM6,2.0685313,2.8719553,0.0014029,1.82e-05,0.8545019,spin1_run_36_mzp_500_mx_260,500.0,260.0,0.297533147538891,0.41309594880193495,Excluded,Excluded
EM7,1.8466297,2.6675326,0.0007832,1.36e-05,0.8545019,spin1_run_36_mzp_500_mx_260,500.0,260.0,0.32033419197950946,0.4627359237209279,Excluded,Excluded
EM8,3.3787585,3.8767304,0.0002402,7.5e-06,0.8545019,spin1_run_36_mzp_500_mx_260,500.0,260.0,0.2204181905453111,0.2529041066415371,Excluded,Excluded
EM9,2.0434542,1.7341733,0.000239,7.5e-06,0.8545019,spin1_run_36_mzp_500_mx_260,500.0,260.0,0.4927430839812838,0.4181654279308046,Excluded,Excluded
EM10,4.5516663,9.8040025,6.81e-05,4e-06,0.8545019,spin1_run_36_mzp_500_mx_260,500.0,260.0,0.0871584743067946,0.1877338635303735,Excluded,Excluded
EM11,1.5678667,1.7662223,0.0001406,5.8e-06,0.8545019,spin1_run_36_mzp_500_mx_260,500.0,260.0,0.48380201065290596,0.5450092791689498,Excluded,Excluded
EM12,7.2057278,5.7670361,3.53e-05,2.9e-06,0.8545019,spin1_run_36_mzp_500_mx_260,500.0,260.0,0.14817002792821082,0.11858648060505422,Excluded,Excluded
IM0,5.583879,7.0884411,0.1012669,0.0002616,0.2659615,spin1_run_37_mzp_500_mx_300,500.0,300.0,0.03752045001826989,0.047630240554997705,Excluded,Excluded
IM1,3.2186217,4.0213491,0.0706933,0.0002223,0.2659615,spin1_run_37_mzp_500_mx_300,500.0,300.0,0.06613738160658571,0.082632109265901,Excluded,Excluded
IM2,2.3806772,3.2603593,0.0477207,0.0001848,0.2659615,spin1_run_37_mzp_500_mx_300,500.0,300.0,0.08157429152056953,0.1117167417741473,Excluded,Excluded
IM3,1.8285944,2.6929603,0.0310907,0.0001505,0.2659615,spin1_run_37_mzp_500_mx_300,500.0,300.0,0.09876176043144788,0.14544586814878138,Excluded,Excluded
IM4,1.58992,2.5397603,0.0205861,0.0001231,0.2659615,spin1_run_37_mzp_500_mx_300,500.0,300.0,0.10471913432145545,0.1672798002415216,Excluded,Excluded
IM5,1.4675787,2.2401599,0.009794,8.54e-05,0.2659615,spin1_run_37_mzp_500_mx_300,500.0,300.0,0.1187243374903729,0.1812246934355207,Excluded,Excluded
IM6,1.5641914,2.2980297,0.0046416,5.89e-05,0.2659615,spin1_run_37_mzp_500_mx_300,500.0,300.0,0.11573457906135853,0.17003130179593112,Excluded,Excluded
IM7,1.4680433,1.7309703,0.0024461,4.28e-05,0.2659615,spin1_run_37_mzp_500_mx_300,500.0,300.0,0.1536487945518187,0.181167340227635,Excluded,Excluded
IM8,1.2540934,1.3376736,0.0016011,3.47e-05,0.2659615,spin1_run_37_mzp_500_mx_300,500.0,300.0,0.19882391339710972,0.2120747146903094,Excluded,Excluded
IM9,1.6023506,1.5139876,0.000786,2.43e-05,0.2659615,spin1_run_37_mzp_500_mx_300,500.0,300.0,0.17566953652724765,0.16598208906340473,Excluded,Excluded
IM10,2.7226706,4.2104379,0.0003431,1.61e-05,0.2659615,spin1_run_37_mzp_500_mx_300,500.0,300.0,0.06316718268187735,0.09768405329678884,Excluded,Excluded
IM11,2.3406749,2.1019212,0.0002406,1.34e-05,0.2659615,spin1_run_37_mzp_500_mx_300,500.0,300.0,0.1265325741041101,0.11362598881203026,Excluded,Excluded
IM12,2.0388496,1.6160831,0.0001716,1.14e-05,0.2659615,spin1_run_37_mzp_500_mx_300,500.0,300.0,0.16457167332546205,0.13044684610380286,Excluded,Excluded
EM0,11.9915957,13.450412,0.0305736,0.0001493,0.2659615,spin1_run_37_mzp_500_mx_300,500.0,300.0,0.019773483518571774,0.022178991574907752,Excluded,Excluded
EM1,5.5469975,5.425619,0.0229726,0.0001299,0.2659615,spin1_run_37_mzp_500_mx_300,500.0,300.0,0.04901956808983454,0.047946929848084484,Excluded,Excluded
EM2,3.0176278,2.9758539,0.01663,0.0001109,0.2659615,spin1_run_37_mzp_500_mx_300,500.0,300.0,0.08937317117617904,0.08813595235303705,Excluded,Excluded
EM3,2.2047507,2.679376,0.0105046,8.84e-05,0.2659615,spin1_run_37_mzp_500_mx_300,500.0,300.0,0.0992624775320821,0.12063109901722677,Excluded,Excluded
EM4,1.6271125,2.2911878,0.0107921,8.96e-05,0.2659615,spin1_run_37_mzp_500_mx_300,500.0,300.0,0.11608018338784801,0.16345612242546229,Excluded,Excluded
EM5,1.1880112,1.4534597,0.0051524,6.21e-05,0.2659615,spin1_run_37_mzp_500_mx_300,500.0,300.0,0.18298512163770347,0.22387120592802492,Excluded,Excluded
EM6,1.3240991,1.8371791,0.0021955,4.06e-05,0.2659615,spin1_run_37_mzp_500_mx_300,500.0,300.0,0.14476623427732224,0.20086223153538887,Excluded,Excluded
EM7,1.6939246,2.4837676,0.000845,2.52e-05,0.2659615,spin1_run_37_mzp_500_mx_300,500.0,300.0,0.10707986528208195,0.1570090545942836,Excluded,Excluded
EM8,-1.0,1.1369472,0.0008151,2.47e-05,0.2659615,spin1_run_37_mzp_500_mx_300,500.0,300.0,0.23392599058250024,-0.2659615,Excluded,Excluded
EM9,1.1055146,0.9410905,0.000443,1.82e-05,0.2659615,spin1_run_37_mzp_500_mx_300,500.0,300.0,0.28260990839882033,0.24057710318796333,Excluded,Excluded
EM10,3.0587894,6.5136869,0.0001025,8.8e-06,0.2659615,spin1_run_37_mzp_500_mx_300,500.0,300.0,0.0408311765798875,0.0869499220835537,Excluded,Excluded
EM11,3.1730954,3.5654491,6.9e-05,7.2e-06,0.2659615,spin1_run_37_mzp_500_mx_300,500.0,300.0,0.07459410933674528,0.08381768162406968,Excluded,Excluded
EM12,1.4831645,1.1910133,0.0001716,1.14e-05,0.2659615,spin1_run_37_mzp_500_mx_300,500.0,300.0,0.22330691017472265,0.17932029791705506,Excluded,Excluded
IM0,4.7984645,6.1185948,0.1171942,0.000436,0.1079626,spin1_run_38_mzp_500_mx_350,500.0,350.0,0.017644999142613596,0.022499405799501073,Excluded,Excluded
IM1,2.6864363,3.3994635,0.0839187,0.0003759,0.1079626,spin1_run_38_mzp_500_mx_350,500.0,350.0,0.03175871722111445,0.040188036470472054,Excluded,Excluded
IM2,2.004495,2.759719,0.0562814,0.0003124,0.1079626,spin1_run_38_mzp_500_mx_350,500.0,350.0,0.0391208670158085,0.05386024909016985,Excluded,Excluded
IM3,1.5124001,2.2347925,0.0375558,0.0002577,0.1079626,spin1_run_38_mzp_500_mx_350,500.0,350.0,0.0483098990174703,0.07138494635116727,Excluded,Excluded
IM4,1.2662566,2.0147744,0.0260046,0.0002157,0.1079626,spin1_run_38_mzp_500_mx_350,500.0,350.0,0.05358545353762685,0.08526123378152581,Excluded,Excluded
IM5,1.1726872,1.7780646,0.0123165,0.0001495,0.1079626,spin1_run_38_mzp_500_mx_350,500.0,350.0,0.06071916622151974,0.09206427766927107,Excluded,Excluded
IM6,1.1585748,1.6938115,0.0062956,0.0001072,0.1079626,spin1_run_38_mzp_500_mx_350,500.0,350.0,0.06373944208077463,0.09318569677158522,Excluded,Excluded
IM7,1.0385977,1.2210341,0.0034605,7.96e-05,0.1079626,spin1_run_38_mzp_500_mx_350,500.0,350.0,0.08841898846232059,0.10395035536858979,Excluded,Excluded
IM8,0.9489647,1.0095391,0.0021155,6.23e-05,0.1079626,spin1_run_38_mzp_500_mx_350,500.0,350.0,0.10694246513087012,0.1137688261744615,Excluded,Excluded
IM9,1.1189293,1.0513336,0.0011352,4.56e-05,0.1079626,spin1_run_38_mzp_500_mx_350,500.0,350.0,0.10269109633707132,0.09648741882083167,Excluded,Excluded
IM10,1.3486591,2.078841,0.0006929,3.57e-05,0.1079626,spin1_run_38_mzp_500_mx_350,500.0,350.0,0.05193403439705105,0.0800518084963057,Excluded,Excluded
IM11,1.2522366,1.1126732,0.000451,2.88e-05,0.1079626,spin1_run_38_mzp_500_mx_350,500.0,350.0,0.09702992756543433,0.08621581576516771,Excluded,Excluded
IM12,1.0086412,0.7983722,0.0003466,2.52e-05,0.1079626,spin1_run_38_mzp_500_mx_350,500.0,350.0,0.13522840599910668,0.10703766611952793,Excluded,Excluded
EM0,11.0507076,12.3085003,0.0332755,0.0002431,0.1079626,spin1_run_38_mzp_500_mx_350,500.0,350.0,0.008771385414029685,0.009769745423360943,Excluded,Excluded
EM1,4.6479485,4.4939025,0.0276373,0.0002222,0.1079626,spin1_run_38_mzp_500_mx_350,500.0,350.0,0.02402424173644177,0.023228011239797515,Excluded,Excluded
EM2,2.6639434,2.6435327,0.0187256,0.0001838,0.1079626,spin1_run_38_mzp_500_mx_350,500.0,350.0,0.04084027407718467,0.04052736255582608,Excluded,Excluded
EM3,2.0173903,2.4196468,0.0115512,0.0001449,0.1079626,spin1_run_38_mzp_500_mx_350,500.0,350.0,0.04461915681247362,0.0535159706081664,Excluded,Excluded
EM4,1.2790626,1.8025574,0.0136881,0.0001575,0.1079626,spin1_run_38_mzp_500_mx_350,500.0,350.0,0.05989412597901182,0.08440759662584146,Excluded,Excluded
EM5,1.0166762,1.2440437,0.0060209,0.0001049,0.1079626,spin1_run_38_mzp_500_mx_350,500.0,350.0,0.08678360736041668,0.10619172554644242,Excluded,Excluded
EM6,1.0296902,1.419056,0.0028351,7.21e-05,0.1079626,spin1_run_38_mzp_500_mx_350,500.0,350.0,0.07608057751068316,0.10484959456737569,Excluded,Excluded
EM7,1.0677682,1.555676,0.0013449,4.97e-05,0.1079626,spin1_run_38_mzp_500_mx_350,500.0,350.0,0.06939915509399129,0.10111052192788661,Excluded,Excluded
EM8,0.8274951,0.9509834,0.0009803,4.24e-05,0.1079626,spin1_run_38_mzp_500_mx_350,500.0,350.0,0.11352732340017713,0.13046917135823524,Excluded,Excluded
EM9,1.1032776,0.9394253,0.0004423,2.85e-05,0.1079626,spin1_run_38_mzp_500_mx_350,500.0,350.0,0.11492409242118559,0.09785624216425677,Excluded,Excluded
EM10,1.2914937,2.7587282,0.0002419,2.11e-05,0.1079626,spin1_run_38_mzp_500_mx_350,500.0,350.0,0.03913491731443496,0.08359514258567426,Excluded,Excluded
EM11,2.1107367,2.3585487,0.0001044,1.38e-05,0.1079626,spin1_run_38_mzp_500_mx_350,500.0,350.0,0.045775014100832435,0.05114925040153043,Excluded,Excluded
EM12,0.730848,0.5959705,0.0003466,2.52e-05,0.1079626,spin1_run_38_mzp_500_mx_350,500.0,350.0,0.18115426854181543,0.14772237182013223,Excluded,Excluded
IM0,7.6747332,9.8061354,0.0733937,2.17e-05,29.01453,spin1_run_39_mzp_700_mx_0,700.0,0.0,2.958813927859899,3.7805262077384003,Included,Included
IM1,4.6009032,5.8047295,0.0491091,1.8e-05,29.01453,spin1_run_39_mzp_700_mx_0,700.0,0.0,4.998429298040503,6.306268299667769,Included,Included
IM2,3.5786971,4.9311135,0.0315902,1.46e-05,29.01453,spin1_run_39_mzp_700_mx_0,700.0,0.0,5.883971236922451,8.107567974948202,Included,Included
IM3,2.8124115,4.1472668,0.0202645,1.17e-05,29.01453,spin1_run_39_mzp_700_mx_0,700.0,0.0,6.996060634440013,10.316601962408416,Included,Included
IM4,2.3910945,3.8081454,0.0137757,9.7e-06,29.01453,spin1_run_39_mzp_700_mx_0,700.0,0.0,7.619070952490417,12.134413759054693,Included,Included
IM5,2.2671909,3.4405845,0.0063646,6.6e-06,29.01453,spin1_run_39_mzp_700_mx_0,700.0,0.0,8.433023516789081,12.797568127148004,Included,Included
IM6,2.3693008,3.4453857,0.0030895,4.6e-06,29.01453,spin1_run_39_mzp_700_mx_0,700.0,0.0,8.42127196383267,12.246030558888934,Included,Included
IM7,2.0618938,2.4196754,0.001744,3.5e-06,29.01453,spin1_run_39_mzp_700_mx_0,700.0,0.0,11.991083597411455,14.071786820446329,Included,Included
IM8,2.3359829,2.4808682,0.0008609,2.4e-06,29.01453,spin1_run_39_mzp_700_mx_0,700.0,0.0,11.69531295535974,12.420694517926481,Included,Included
IM9,2.1526757,2.0229301,0.0005891,2e-06,29.01453,spin1_run_39_mzp_700_mx_0,700.0,0.0,14.342823807901222,13.478356261465672,Included,Included
IM10,2.4252676,3.7603327,0.0003839,1.6e-06,29.01453,spin1_run_39_mzp_700_mx_0,700.0,0.0,7.715947580914848,11.963434468014993,Included,Included
IM11,3.2072084,2.8395951,0.0001766,1.1e-06,29.01453,spin1_run_39_mzp_700_mx_0,700.0,0.0,10.217840564663604,9.04666188826395,Included,Included
IM12,2.4452496,1.9447812,0.0001425,1e-06,29.01453,spin1_run_39_mzp_700_mx_0,700.0,0.0,14.919174455203496,11.865672117889316,Included,Included
EM0,15.0816495,16.9376147,0.0242846,1.28e-05,29.01453,spin1_run_39_mzp_700_mx_0,700.0,0.0,1.7130233810313324,1.9238300160735071,Included,Included
EM1,7.2424394,7.0633076,0.0175189,1.09e-05,29.01453,spin1_run_39_mzp_700_mx_0,700.0,0.0,4.107782308673631,4.006181950241793,Included,Included
EM2,4.4129799,4.3753366,0.0113257,8.8e-06,29.01453,spin1_run_39_mzp_700_mx_0,700.0,0.0,6.6313823718156915,6.574815806435013,Included,Included
EM3,3.5819752,4.3223142,0.0064888,6.7e-06,29.01453,spin1_run_39_mzp_700_mx_0,700.0,0.0,6.712730416497718,8.100148208731317,Included,Included
EM4,2.3634313,3.3161707,0.0074111,7.1e-06,29.01453,spin1_run_39_mzp_700_mx_0,700.0,0.0,8.749407863714616,12.276443152800763,Included,Included
EM5,1.8705229,2.2809618,0.0032751,4.8e-06,29.01453,spin1_run_39_mzp_700_mx_0,700.0,0.0,12.72030509235183,15.511454043144834,Included,Included
EM6,2.1699248,3.0020305,0.0013455,3.1e-06,29.01453,spin1_run_39_mzp_700_mx_0,700.0,0.0,9.664968427202854,13.371214523194537,Included,Included
EM7,1.6301722,2.3673572,0.0008831,2.5e-06,29.01453,spin1_run_39_mzp_700_mx_0,700.0,0.0,12.25608454862663,17.79844485140895,Included,Included
EM8,2.9719138,3.4125056,0.0002718,1.4e-06,29.01453,spin1_run_39_mzp_700_mx_0,700.0,0.0,8.50241242094958,9.76291102386617,Included,Included
EM9,2.3690895,2.0333021,0.0002053,1.2e-06,29.01453,spin1_run_39_mzp_700_mx_0,700.0,0.0,14.269660174944,12.247122787045404,Included,Included
EM10,1.5059342,3.2257281,0.0002073,1.2e-06,29.01453,spin1_run_39_mzp_700_mx_0,700.0,0.0,8.99472277282143,19.266797978291482,Included,Included
EM11,6.4588544,7.2271282,3.41e-05,5e-07,29.01453,spin1_run_39_mzp_700_mx_0,700.0,0.0,4.014669339890775,4.492209949801625,Included,Included
EM12,1.784112,1.4245307,0.0001425,1e-06,29.01453,spin1_run_39_mzp_700_mx_0,700.0,0.0,20.367781473575825,16.26272902149641,Included,Included
IM0,7.6146314,9.6533057,0.0739499,2.21e-05,28.19955,spin1_run_40_mzp_700_mx_50,700.0,50.0,2.9212324644396164,3.7033374983850167,Included,Included
IM1,4.6198819,5.8094258,0.0490052,1.82e-05,28.19955,spin1_run_40_mzp_700_mx_50,700.0,50.0,4.854102792740721,6.103954735293125,Included,Included
IM2,3.5824907,4.9271255,0.0315949,1.48e-05,28.19955,spin1_run_40_mzp_700_mx_50,700.0,50.0,5.723326917489721,7.871492869472068,Included,Included
IM3,2.7391026,4.0261027,0.0207962,1.2e-05,28.19955,spin1_run_40_mzp_700_mx_50,700.0,50.0,7.004180494451868,10.295178428146503,Included,Included
IM4,2.4102045,3.8240818,0.0136767,9.8e-06,28.19955,spin1_run_40_mzp_700_mx_50,700.0,50.0,7.374201566504147,11.700065284916695,Included,Included
IM5,2.3114624,3.5102516,0.0062328,6.6e-06,28.19955,spin1_run_40_mzp_700_mx_50,700.0,50.0,8.033483981604054,12.199873984538966,Included,Included
IM6,2.2878197,3.3483569,0.0031792,4.8e-06,28.19955,spin1_run_40_mzp_700_mx_50,700.0,50.0,8.421906876175594,12.325949461839146,Included,Included
IM7,2.1954032,2.574662,0.0016376,3.4e-06,28.19955,spin1_run_40_mzp_700_mx_50,700.0,50.0,10.95271923071844,12.844815931761419,Included,Included
IM8,2.2519659,2.407161,0.0008913,2.5e-06,28.19955,spin1_run_40_mzp_700_mx_50,700.0,50.0,11.71485829157252,12.522192276534915,Included,Included
IM9,2.657396,2.5028728,0.0004766,1.8e-06,28.19955,spin1_run_40_mzp_700_mx_50,700.0,50.0,11.26687301088573,10.611722904678114,Included,Included
IM10,3.9078544,6.0650684,0.000238,1.3e-06,28.19955,spin1_run_40_mzp_700_mx_50,700.0,50.0,4.649502386485864,7.216120948620808,Included,Included
IM11,4.1287258,3.692797,0.0001365,1e-06,28.19955,spin1_run_40_mzp_700_mx_50,700.0,50.0,7.636366147394508,6.830085446701256,Included,Included
IM12,5.0417352,4.0202845,6.9e-05,7e-07,28.19955,spin1_run_40_mzp_700_mx_50,700.0,50.0,7.01431702159387,5.593223142698966,Included,Included
EM0,14.6820695,16.4250278,0.0249447,1.32e-05,28.19955,spin1_run_40_mzp_700_mx_50,700.0,50.0,1.7168646740433524,1.9206795063870252,Included,Included
EM1,7.2655647,7.1095308,0.0174103,1.1e-05,28.19955,spin1_run_40_mzp_700_mx_50,700.0,50.0,3.9664431863773624,3.8812605990557074,Included,Included
EM2,4.6207674,4.6067836,0.0107987,8.7e-06,28.19955,spin1_run_40_mzp_700_mx_50,700.0,50.0,6.121309887445114,6.102785004932297,Included,Included
EM3,3.2594554,3.9424057,0.0071196,7.1e-06,28.19955,spin1_run_40_mzp_700_mx_50,700.0,50.0,7.152878761310638,8.651614008892405,Included,Included
EM4,2.357752,3.3080102,0.0074439,7.3e-06,28.19955,spin1_run_40_mzp_700_mx_50,700.0,50.0,8.524626072797478,11.960354608966506,Included,Included
EM5,2.0027384,2.4521282,0.0030536,4.7e-06,28.19955,spin1_run_40_mzp_700_mx_50,700.0,50.0,11.500030871142869,14.080495984897476,Included,Included
EM6,1.8922487,2.6129182,0.0015417,3.3e-06,28.19955,spin1_run_40_mzp_700_mx_50,700.0,50.0,10.792358520829316,14.902665807089734,Included,Included
EM7,1.9250412,2.8188432,0.0007463,2.3e-06,28.19955,spin1_run_40_mzp_700_mx_50,700.0,50.0,10.003944171140843,14.648803360676125,Included,Included
EM8,1.954053,2.2434484,0.0004147,1.7e-06,28.19955,spin1_run_40_mzp_700_mx_50,700.0,50.0,12.569734164601243,14.431312763778669,Included,Included
EM9,2.0452018,1.7394869,0.0002386,1.3e-06,28.19955,spin1_run_40_mzp_700_mx_50,700.0,50.0,16.2114184360917,13.788150391809745,Included,Included
EM10,3.0854629,6.5728853,0.0001015,9e-07,28.19955,spin1_run_40_mzp_700_mx_50,700.0,50.0,4.290284816015274,9.139487627610107,Included,Included
EM11,3.2486568,3.6620612,6.76e-05,7e-07,28.19955,spin1_run_40_mzp_700_mx_50,700.0,50.0,7.700458419427834,8.680372146420638,Included,Included
EM12,3.6832192,2.9565827,6.9e-05,7e-07,28.19955,spin1_run_40_mzp_700_mx_50,700.0,50.0,9.537886425432983,7.656223664342323,Included,Included
IM0,7.0682978,8.9349512,0.0803478,2.38e-05,26.20574,spin1_run_41_mzp_700_mx_100,700.0,100.0,2.932947188340547,3.707503665168154,Included,Included
IM1,4.3168804,5.4506218,0.0521871,1.95e-05,26.20574,spin1_run_41_mzp_700_mx_100,700.0,100.0,4.807844125233564,6.070527226095956,Included,Included
IM2,3.4909197,4.7816349,0.0325211,1.55e-05,26.20574,spin1_run_41_mzp_700_mx_100,700.0,100.0,5.480497894140767,7.506829790441756,Included,Included
IM3,2.6299904,3.8860709,0.0216683,1.28e-05,26.20574,spin1_run_41_mzp_700_mx_100,700.0,100.0,6.743505374541674,9.964196067027467,Included,Included
IM4,2.288026,3.6458737,0.0143136,1.04e-05,26.20574,spin1_run_41_mzp_700_mx_100,700.0,100.0,7.187780531179673,11.453427539722014,Included,Included
IM5,2.2888782,3.4480356,0.006335,6.9e-06,26.20574,spin1_run_41_mzp_700_mx_100,700.0,100.0,7.600194151127674,11.449163175218322,Included,Included
IM6,2.3000367,3.3618671,0.0031738,4.9e-06,26.20574,spin1_run_41_mzp_700_mx_100,700.0,100.0,7.794995822410707,11.393618197483542,Included,Included
IM7,2.1387613,2.5427983,0.0016679,3.6e-06,26.20574,spin1_run_41_mzp_700_mx_100,700.0,100.0,10.305866572271974,12.252765187026714,Included,Included
IM8,2.2462538,2.411813,0.0008873,2.6e-06,26.20574,spin1_run_41_mzp_700_mx_100,700.0,100.0,10.865577057591114,11.66641988541099,Included,Included
IM9,4.0729493,3.8598574,0.0003092,1.5e-06,26.20574,spin1_run_41_mzp_700_mx_100,700.0,100.0,6.789302630713766,6.434094330611972,Included,Included
IM10,6.7686717,10.448503,0.0001379,1e-06,26.20574,spin1_run_41_mzp_700_mx_100,700.0,100.0,2.5080856080531344,3.871622256402242,Included,Included
IM11,5.3722572,4.7926977,0.0001049,9e-07,26.20574,spin1_run_41_mzp_700_mx_100,700.0,100.0,5.46784747137296,4.877975685899774,Included,Included
IM12,9.9738005,7.8719968,3.52e-05,5e-07,26.20574,spin1_run_41_mzp_700_mx_100,700.0,100.0,3.3289825524319316,2.6274578080842903,Included,Included
EM0,13.0104257,14.5479253,0.0281607,1.45e-05,26.20574,spin1_run_41_mzp_700_mx_100,700.0,100.0,1.801338641737458,2.014210803263724,Included,Included
EM1,6.4975788,6.2997406,0.0196659,1.22e-05,26.20574,spin1_run_41_mzp_700_mx_100,700.0,100.0,4.1598125484722335,4.033154626766511,Included,Included
EM2,4.6073542,4.5604653,0.0108528,9.1e-06,26.20574,spin1_run_41_mzp_700_mx_100,700.0,100.0,5.746286458971632,5.687806680892908,Included,Included
EM3,3.1539631,3.8049086,0.0073547,7.5e-06,26.20574,spin1_run_41_mzp_700_mx_100,700.0,100.0,6.887350723746688,8.30882897773915,Included,Included
EM4,2.188276,3.0864977,0.0079786,7.8e-06,26.20574,spin1_run_41_mzp_700_mx_100,700.0,100.0,8.490445335501141,11.975518627449187,Included,Included
EM5,1.9460697,2.3677863,0.0031612,4.9e-06,26.20574,spin1_run_41_mzp_700_mx_100,700.0,100.0,11.067611971570237,13.465982230749495,Included,Included
EM6,1.9248012,2.6753657,0.0015059,3.4e-06,26.20574,spin1_run_41_mzp_700_mx_100,700.0,100.0,9.795199213326237,13.614777463771322,Included,Included
EM7,1.845257,2.6848869,0.0007807,2.4e-06,26.20574,spin1_run_41_mzp_700_mx_100,700.0,100.0,9.760463280594799,14.201674888646947,Included,Included
EM8,1.4036897,1.6081768,0.000578,2.1e-06,26.20574,spin1_run_41_mzp_700_mx_100,700.0,100.0,16.29531031662688,18.669183082272387,Included,Included
EM9,2.8674265,2.4397928,0.0001714,1.1e-06,26.20574,spin1_run_41_mzp_700_mx_100,700.0,100.0,10.740969479047564,9.13911481253312,Included,Included
EM10,9.4725975,20.2438355,3.3e-05,5e-07,26.20574,spin1_run_41_mzp_700_mx_100,700.0,100.0,1.2945046900820747,2.7664787826148003,Included,Included
EM11,3.1571757,3.5514169,6.97e-05,7e-07,26.20574,spin1_run_41_mzp_700_mx_100,700.0,100.0,7.378953453760948,8.300374287056625,Included,Included
EM12,7.183959,5.8118259,3.52e-05,5e-07,26.20574,spin1_run_41_mzp_700_mx_100,700.0,100.0,4.509037340571403,3.6478131347909977,Included,Included
IM0,7.1296109,9.0495785,0.0789769,2.51e-05,23.23852,spin1_run_42_mzp_700_mx_150,700.0,150.0,2.567911864624413,3.2594373418050067,Included,Included
IM1,4.3399506,5.4517043,0.052106,2.07e-05,23.23852,spin1_run_42_mzp_700_mx_150,700.0,150.0,4.262615637462215,5.354558644054612,Included,Included
IM2,3.3474396,4.6098669,0.0337769,1.68e-05,23.23852,spin1_run_42_mzp_700_mx_150,700.0,150.0,5.0410392543003795,6.942177537721667,Included,Included
IM3,2.665965,3.9149712,0.0214439,1.35e-05,23.23852,spin1_run_42_mzp_700_mx_150,700.0,150.0,5.935808672104663,8.71673859184198,Included,Included
IM4,2.357293,3.7574834,0.0139181,1.09e-05,23.23852,spin1_run_42_mzp_700_mx_150,700.0,150.0,6.18459685011516,9.858138127080512,Included,Included
IM5,2.3581541,3.5664731,0.0061289,7.3e-06,23.23852,spin1_run_42_mzp_700_mx_150,700.0,150.0,6.515826517799896,9.854538344207446,Included,Included
IM6,2.3130494,3.3939177,0.0031535,5.2e-06,23.23852,spin1_run_42_mzp_700_mx_150,700.0,150.0,6.847107695039276,10.046702850358493,Included,Included
IM7,2.0321775,2.3785283,0.0017733,3.9e-06,23.23852,spin1_run_42_mzp_700_mx_150,700.0,150.0,9.77012550155489,11.435280628783657,Included,Included
IM8,2.2542225,2.4122884,0.0008906,2.8e-06,23.23852,spin1_run_42_mzp_700_mx_150,700.0,150.0,9.633392093582177,10.308884770691447,Included,Included
IM9,3.3291119,3.1524402,0.0003784,1.8e-06,23.23852,spin1_run_42_mzp_700_mx_150,700.0,150.0,7.371597405717641,6.980396183138212,Included,Included
IM10,3.3704268,5.1892369,0.0002778,1.6e-06,23.23852,spin1_run_42_mzp_700_mx_150,700.0,150.0,4.478215284409159,6.8948300553508535,Included,Included
IM11,8.0616597,7.1945588,7.01e-05,8e-07,23.23852,spin1_run_42_mzp_700_mx_150,700.0,150.0,3.2300132149868594,2.882597487958962,Included,Included
IM12,-1.0,-1.0,0.0,0.0,23.23852,spin1_run_42_mzp_700_mx_150,700.0,150.0,-23.23852,-23.23852,Excluded,Excluded
EM0,13.6206094,15.3513246,0.0268709,1.5e-05,23.23852,spin1_run_42_mzp_700_mx_150,700.0,150.0,1.5137794689065465,1.7061292426460744,Included,Included
EM1,6.9632706,6.7960469,0.0183291,1.25e-05,23.23852,spin1_run_42_mzp_700_mx_150,700.0,150.0,3.4194172497544124,3.3372995729908874,Included,Included
EM2,4.059447,4.0217106,0.012333,1.03e-05,23.23852,spin1_run_42_mzp_700_mx_150,700.0,150.0,5.778267585937189,5.724553122629758,Included,Included
EM3,3.0737705,3.7371221,0.0075257,8e-06,23.23852,spin1_run_42_mzp_700_mx_150,700.0,150.0,6.218292947934454,7.560265153172626,Included,Included
EM4,2.2671661,3.1637425,0.0077892,8.2e-06,23.23852,spin1_run_42_mzp_700_mx_150,700.0,150.0,7.345262770279187,10.250029761824687,Included,Included
EM5,2.0780028,2.5241638,0.0029755,5.1e-06,23.23852,spin1_run_42_mzp_700_mx_150,700.0,150.0,9.206423133078765,11.183103314393994,Included,Included
EM6,2.1056122,2.9238191,0.0013802,3.5e-06,23.23852,spin1_run_42_mzp_700_mx_150,700.0,150.0,7.948001981381133,11.036467208919099,Included,Included
EM7,1.6237253,2.3678605,0.0008827,2.8e-06,23.23852,spin1_run_42_mzp_700_mx_150,700.0,150.0,9.814142344956556,14.311854351225543,Included,Included
EM8,1.5834775,1.814343,0.0005122,2.1e-06,23.23852,spin1_run_42_mzp_700_mx_150,700.0,150.0,12.80822865356771,14.675623745837878,Included,Included
EM9,4.8574844,4.1384907,0.0001007,9e-07,23.23852,spin1_run_42_mzp_700_mx_150,700.0,150.0,5.615216194638301,4.7840647722924245,Included,Included
EM10,1.5082526,3.2133321,0.0002076,1.3e-06,23.23852,spin1_run_42_mzp_700_mx_150,700.0,150.0,7.231907340047423,15.407578279659521,Included,Included
EM11,3.1456431,3.515911,7.01e-05,8e-07,23.23852,spin1_run_42_mzp_700_mx_150,700.0,150.0,6.609530218483915,7.387525940244143,Included,Included
EM12,-1.0,-1.0,0.0,0.0,23.23852,spin1_run_42_mzp_700_mx_150,700.0,150.0,-23.23852,-23.23852,Excluded,Excluded
IM0,6.8890523,8.7347882,0.0821584,2.82e-05,19.067,spin1_run_43_mzp_700_mx_200,700.0,200.0,2.182880633556747,2.7677246694730417,Included,Included
IM1,4.1484768,5.2529165,0.0542986,2.33e-05,19.067,spin1_run_43_mzp_700_mx_200,700.0,200.0,3.629793087325869,4.596144782586225,Included,Included
IM2,3.1473173,4.3308632,0.0359112,1.91e-05,19.067,spin1_run_43_mzp_700_mx_200,700.0,200.0,4.4025865328648575,6.058175322837643,Included,Included
IM3,2.4677695,3.6525988,0.0229526,1.54e-05,19.067,spin1_run_43_mzp_700_mx_200,700.0,200.0,5.220118891787404,7.726410428526651,Included,Included
IM4,2.2646846,3.5783522,0.0145749,1.23e-05,19.067,spin1_run_43_mzp_700_mx_200,700.0,200.0,5.3284302199207785,8.419273924501452,Included,Included
IM5,2.0607108,3.1311733,0.0069971,8.6e-06,19.067,spin1_run_43_mzp_700_mx_200,700.0,200.0,6.089410637220239,9.252632635302344,Included,Included
IM6,1.9590082,2.869821,0.0037195,6.3e-06,19.067,spin1_run_43_mzp_700_mx_200,700.0,200.0,6.643968386878485,9.732986314197154,Included,Included
IM7,2.1562602,2.5495256,0.0016571,4.2e-06,19.067,spin1_run_43_mzp_700_mx_200,700.0,200.0,7.478646223438588,8.842624837206566,Included,Included
IM8,2.6824844,2.8767881,0.0007447,2.8e-06,19.067,spin1_run_43_mzp_700_mx_200,700.0,200.0,6.627877805807108,7.1079630509687215,Included,Included
IM9,4.6796683,4.390087,0.0002708,1.7e-06,19.067,spin1_run_43_mzp_700_mx_200,700.0,200.0,4.343194109820603,4.074434079013677,Included,Included
IM10,9.050422,14.0129763,0.0001029,1e-06,19.067,spin1_run_43_mzp_700_mx_200,700.0,200.0,1.3606673979745474,2.1067525912051397,Included,Included
IM11,8.2334545,7.3780502,6.85e-05,9e-07,19.067,spin1_run_43_mzp_700_mx_200,700.0,200.0,2.5842871060974892,2.315795878874414,Included,Included
IM12,10.3731717,8.2012739,3.37e-05,6e-07,19.067,spin1_run_43_mzp_700_mx_200,700.0,200.0,2.324882723402275,1.8381070468543386,Included,Included
EM0,13.1767109,14.7254046,0.0278598,1.69e-05,19.067,spin1_run_43_mzp_700_mx_200,700.0,200.0,1.294837087192837,1.4470227164200742,Included,Included
EM1,6.9157348,6.7408314,0.0183874,1.38e-05,19.067,spin1_run_43_mzp_700_mx_200,700.0,200.0,2.8285828362358982,2.757046149311567,Included,Included
EM2,3.8512689,3.8213457,0.0129586,1.16e-05,19.067,spin1_run_43_mzp_700_mx_200,700.0,200.0,4.989603531551725,4.950835814139075,Included,Included
EM3,2.7642815,3.3583186,0.0083778,9.4e-06,19.067,spin1_run_43_mzp_700_mx_200,700.0,200.0,5.677543518354691,6.897633254789716,Included,Included
EM4,2.3158792,3.2577025,0.0075777,8.9e-06,19.067,spin1_run_43_mzp_700_mx_200,700.0,200.0,5.852897862834313,8.233158275267554,Included,Included
EM5,1.8843088,2.278507,0.0032776,5.9e-06,19.067,spin1_run_43_mzp_700_mx_200,700.0,200.0,8.368199000485845,10.118829779917178,Included,Included
EM6,1.4077715,1.9616507,0.0020624,4.7e-06,19.067,spin1_run_43_mzp_700_mx_200,700.0,200.0,9.719875205101498,13.544101439757803,Included,Included
EM7,1.5703808,2.301816,0.0009124,3.1e-06,19.067,spin1_run_43_mzp_700_mx_200,700.0,200.0,8.283459668366195,12.141641059289569,Included,Included
EM8,1.7244963,1.9634463,0.0004739,2.2e-06,19.067,spin1_run_43_mzp_700_mx_200,700.0,200.0,9.71098623883933,11.056561849393356,Included,Included
EM9,2.9001133,2.4733365,0.0001679,1.3e-06,19.067,spin1_run_43_mzp_700_mx_200,700.0,200.0,7.709019779556886,6.574570724529969,Included,Included
EM10,9.1147847,19.3811408,3.44e-05,6e-07,19.067,spin1_run_43_mzp_700_mx_200,700.0,200.0,0.9837914185113397,2.0918760703146395,Excluded,Included
EM11,6.3722171,7.0998894,3.47e-05,6e-07,19.067,spin1_run_43_mzp_700_mx_200,700.0,200.0,2.6855347915701335,2.992208159386158,Included,Included
EM12,7.5527689,6.0178099,3.37e-05,6e-07,19.067,spin1_run_43_mzp_700_mx_200,700.0,200.0,3.1684284344043507,2.5245046224041094,Included,Included
IM0,6.7620264,8.5609003,0.0835416,3.39e-05,13.3954,spin1_run_44_mzp_700_mx_250,700.0,250.0,1.5647186079249165,1.980974223939735,Included,Included
IM1,4.1877375,5.2566162,0.0541232,2.78e-05,13.3954,spin1_run_44_mzp_700_mx_250,700.0,250.0,2.548293329842114,3.1987200725928977,Included,Included
IM2,3.3775847,4.6270728,0.0336256,2.21e-05,13.3954,spin1_run_44_mzp_700_mx_250,700.0,250.0,2.8950052395977,3.965970120601269,Included,Included
IM3,2.6298653,3.8891227,0.021573,1.78e-05,13.3954,spin1_run_44_mzp_700_mx_250,700.0,250.0,3.4443243459508235,5.0935688607321445,Included,Included
IM4,2.2496601,3.6025181,0.014506,1.47e-05,13.3954,spin1_run_44_mzp_700_mx_250,700.0,250.0,3.718343566407064,5.954410624076056,Included,Included
IM5,2.0618908,3.1268555,0.0069902,1.02e-05,13.3954,spin1_run_44_mzp_700_mx_250,700.0,250.0,4.283984341457416,6.496658309935715,Included,Included
IM6,2.2235003,3.2605051,0.0032757,7e-06,13.3954,spin1_run_44_mzp_700_mx_250,700.0,250.0,4.108381857767988,6.024465119253638,Included,Included
IM7,1.9907848,2.3524683,0.001805,5.2e-06,13.3954,spin1_run_44_mzp_700_mx_250,700.0,250.0,5.694189375474263,6.728703172738712,Included,Included
IM8,2.0254367,2.1767851,0.0009908,3.9e-06,13.3954,spin1_run_44_mzp_700_mx_250,700.0,250.0,6.153753992527788,6.613586097259914,Included,Included
IM9,3.6725592,3.4618924,0.0003451,2.3e-06,13.3954,spin1_run_44_mzp_700_mx_250,700.0,250.0,3.8693865817435573,3.6474292912691513,Included,Included
IM10,3.3920373,5.2442201,0.0002751,2e-06,13.3954,spin1_run_44_mzp_700_mx_250,700.0,250.0,2.554316894517833,3.9490721402149673,Included,Included
IM11,3.3127006,2.9490977,0.0001713,1.6e-06,13.3954,spin1_run_44_mzp_700_mx_250,700.0,250.0,4.542202857504518,4.043649462314826,Included,Included
IM12,2.0304802,1.619396,0.0001713,1.6e-06,13.3954,spin1_run_44_mzp_700_mx_250,700.0,250.0,8.271849504383116,6.597158642571348,Included,Included
EM0,12.5810402,13.9564303,0.0294185,2.07e-05,13.3954,spin1_run_44_mzp_700_mx_250,700.0,250.0,0.9598013039193841,1.0647291310618339,Excluded,Included
EM1,6.223606,6.0577282,0.0204976,1.74e-05,13.3954,spin1_run_44_mzp_700_mx_250,700.0,250.0,2.2112910249093054,2.152353474818297,Included,Included
EM2,4.1411068,4.1123973,0.0120525,1.34e-05,13.3954,spin1_run_44_mzp_700_mx_250,700.0,250.0,3.257321465511127,3.2347390799000886,Included,Included
EM3,3.2759915,3.9626357,0.007067,1.03e-05,13.3954,spin1_run_44_mzp_700_mx_250,700.0,250.0,3.3804268204619468,4.088960548279811,Included,Included
EM4,2.3302046,3.2710776,0.0075158,1.06e-05,13.3954,spin1_run_44_mzp_700_mx_250,700.0,250.0,4.095103093855065,5.748593921752622,Included,Included
EM5,1.649535,2.0241708,0.0037146,7.5e-06,13.3954,spin1_run_44_mzp_700_mx_250,700.0,250.0,6.6177221803614605,8.120712806942564,Included,Included
EM6,1.9754359,2.7481861,0.0014706,4.7e-06,13.3954,spin1_run_44_mzp_700_mx_250,700.0,250.0,4.8742696136917365,6.780984389318834,Included,Included
EM7,1.7654813,2.5767155,0.0008142,3.5e-06,13.3954,spin1_run_44_mzp_700_mx_250,700.0,250.0,5.19863368695535,7.58739274100496,Included,Included
EM8,1.2595926,1.4416168,0.0006457,3.1e-06,13.3954,spin1_run_44_mzp_700_mx_250,700.0,250.0,9.291928340457742,10.634708396984868,Included,Included
EM9,6.9595407,5.9356599,7e-05,1e-06,13.3954,spin1_run_44_mzp_700_mx_250,700.0,250.0,2.2567667665729974,1.9247534539168656,Included,Included
EM10,3.0245088,6.4320433,0.0001038,1.2e-06,13.3954,spin1_run_44_mzp_700_mx_250,700.0,250.0,2.0826041391854435,4.428950578685702,Included,Included
EM11,-1.0,-1.0,0.0,0.0,13.3954,spin1_run_44_mzp_700_mx_250,700.0,250.0,-13.3954,-13.3954,Excluded,Excluded
EM12,1.4848523,1.1899758,0.0001713,1.6e-06,13.3954,spin1_run_44_mzp_700_mx_250,700.0,250.0,11.256867576634752,9.021368657340531,Included,Included
IM0,6.2265405,7.9551197,0.0902476,5.11e-05,6.34493,spin1_run_45_mzp_700_mx_300,700.0,300.0,0.7975907640962335,1.0190136882591545,Excluded,Included
IM1,3.7292052,4.6868605,0.0608423,4.26e-05,6.34493,spin1_run_45_mzp_700_mx_300,700.0,300.0,1.353769756962043,1.70141616235009,Included,Included
IM2,3.0106848,4.1164021,0.0376755,3.39e-05,6.34493,spin1_run_45_mzp_700_mx_300,700.0,300.0,1.5413776025427641,2.107470699025019,Included,Included
IM3,2.41853,3.5533956,0.0235539,2.7e-05,6.34493,spin1_run_45_mzp_700_mx_300,700.0,300.0,1.7855962899261764,2.623465493502251,Included,Included
IM4,2.0504697,3.2598241,0.0160204,2.24e-05,6.34493,spin1_run_45_mzp_700_mx_300,700.0,300.0,1.9464025681631103,3.0943788147661975,Included,Included
IM5,1.9595097,2.9695109,0.0073686,1.52e-05,6.34493,spin1_run_45_mzp_700_mx_300,700.0,300.0,2.136691938056196,3.238019184084672,Included,Included
IM6,2.0513675,2.9871279,0.0035586,1.06e-05,6.34493,spin1_run_45_mzp_700_mx_300,700.0,300.0,2.1240905017826655,3.093024531196872,Included,Included
IM7,2.4388539,2.8663647,0.0014752,6.8e-06,6.34493,spin1_run_45_mzp_700_mx_300,700.0,300.0,2.2135808468475764,2.601603154662114,Included,Included
IM8,2.2360734,2.3997008,0.0008973,5.3e-06,6.34493,spin1_run_45_mzp_700_mx_300,700.0,300.0,2.6440504582904665,2.837532077435383,Included,Included
IM9,2.4172856,2.2764142,0.0005231,4.1e-06,6.34493,spin1_run_45_mzp_700_mx_300,700.0,300.0,2.7872475931664806,2.6248160333226656,Included,Included
IM10,2.9880162,4.5927439,0.0003135,3.2e-06,6.34493,spin1_run_45_mzp_700_mx_300,700.0,300.0,1.3815118234657062,2.123459036132401,Included,Included
IM11,2.3034591,2.0609448,0.000244,2.8e-06,6.34493,spin1_run_45_mzp_700_mx_300,700.0,300.0,3.0786511118589877,2.7545225352601226,Included,Included
IM12,2.4958437,1.983309,0.0001396,2.1e-06,6.34493,spin1_run_45_mzp_700_mx_300,700.0,300.0,3.1991636199906317,2.5421984557766977,Included,Included
EM0,12.4595136,13.9377287,0.0294053,3.01e-05,6.34493,spin1_run_45_mzp_700_mx_300,700.0,300.0,0.45523414442698973,0.5092437958412759,Excluded,Excluded
EM1,5.505736,5.350144,0.0231668,2.68e-05,6.34493,spin1_run_45_mzp_700_mx_300,700.0,300.0,1.1859363037705153,1.1524217652281186,Included,Included
EM2,3.5298868,3.5002625,0.0141217,2.1e-05,6.34493,spin1_run_45_mzp_700_mx_300,700.0,300.0,1.8127011902678727,1.7974882367332572,Included,Included
EM3,3.0702235,3.719113,0.0075335,1.54e-05,6.34493,spin1_run_45_mzp_700_mx_300,700.0,300.0,1.706033132093593,2.066601991679107,Included,Included
EM4,2.0339382,2.8522145,0.0086518,1.65e-05,6.34493,spin1_run_45_mzp_700_mx_300,700.0,300.0,2.22456270382189,3.1195293937642745,Included,Included
EM5,1.6052422,1.962488,0.00381,1.1e-05,6.34493,spin1_run_45_mzp_700_mx_300,700.0,300.0,3.2331051196236613,3.9526309487752065,Included,Included
EM6,1.3929965,1.9412923,0.0020833,8.1e-06,6.34493,spin1_run_45_mzp_700_mx_300,700.0,300.0,3.268405278277774,4.554878637527087,Included,Included
EM7,2.4795659,3.6378145,0.0005779,4.3e-06,6.34493,spin1_run_45_mzp_700_mx_300,700.0,300.0,1.7441598520210415,2.5588874246092836,Included,Included
EM8,2.1655564,2.493733,0.0003742,3.4e-06,6.34493,spin1_run_45_mzp_700_mx_300,700.0,300.0,2.544350177023763,2.929930617369282,Included,Included
EM9,2.3254403,2.000056,0.0002096,2.6e-06,6.34493,spin1_run_45_mzp_700_mx_300,700.0,300.0,3.172376173467143,2.7284854399401266,Included,Included
EM10,4.5116479,9.60072,6.95e-05,1.5e-06,6.34493,spin1_run_45_mzp_700_mx_300,700.0,300.0,0.6608806422851619,1.4063442317828039,Excluded,Included
EM11,2.0954086,2.3597553,0.0001044,1.8e-06,6.34493,spin1_run_45_mzp_700_mx_300,700.0,300.0,2.688808453995209,3.0280156338004915,Included,Included
EM12,1.8348341,1.4682426,0.0001396,2.1e-06,6.34493,spin1_run_45_mzp_700_mx_300,700.0,300.0,4.32144524344955,3.4580401574180466,Included,Included
IM0,5.4714963,6.9574915,0.1030565,0.0001923,0.5006576,spin1_run_46_mzp_700_mx_350,700.0,350.0,0.0719594986210188,0.09150286732351441,Excluded,Excluded
IM1,3.136358,3.9530222,0.0719088,0.0001634,0.5006576,spin1_run_46_mzp_700_mx_350,700.0,350.0,0.12665185639483634,0.15963024629203681,Excluded,Excluded
IM2,2.3804752,3.2683575,0.0475891,0.0001346,0.5006576,spin1_run_46_mzp_700_mx_350,700.0,350.0,0.15318324265322875,0.21031834316106301,Excluded,Excluded
IM3,1.8572209,2.718928,0.0307903,0.0001093,0.5006576,spin1_run_46_mzp_700_mx_350,700.0,350.0,0.1841378661001689,0.26957353322913824,Excluded,Excluded
IM4,1.6616481,2.6385497,0.0198609,8.82e-05,0.5006576,spin1_run_46_mzp_700_mx_350,700.0,350.0,0.18974726911530226,0.3013018219682013,Excluded,Excluded
IM5,1.4774569,2.2357905,0.0097734,6.22e-05,0.5006576,spin1_run_46_mzp_700_mx_350,700.0,350.0,0.22392867310242176,0.33886443658694887,Excluded,Excluded
IM6,1.4951949,2.1911471,0.0048732,4.4e-05,0.5006576,spin1_run_46_mzp_700_mx_350,700.0,350.0,0.22849109491553538,0.33484437380036547,Excluded,Excluded
IM7,1.2307889,1.4513669,0.0029149,3.41e-05,0.5006576,spin1_run_46_mzp_700_mx_350,700.0,350.0,0.34495591707375994,0.40677779918229684,Excluded,Excluded
IM8,1.3333515,1.4385638,0.0014993,2.45e-05,0.5006576,spin1_run_46_mzp_700_mx_350,700.0,350.0,0.3480259964834372,0.3754880839748559,Excluded,Excluded
IM9,1.9440353,1.8385823,0.0006537,1.62e-05,0.5006576,spin1_run_46_mzp_700_mx_350,700.0,350.0,0.272306330807166,0.257535241258222,Excluded,Excluded
IM10,2.2436444,3.4897712,0.0004136,1.29e-05,0.5006576,spin1_run_46_mzp_700_mx_350,700.0,350.0,0.1434643050524344,0.22314480850887067,Excluded,Excluded
IM11,2.3393346,2.0752068,0.0002416,9.8e-06,0.5006576,spin1_run_46_mzp_700_mx_350,700.0,350.0,0.24125672679946886,0.2140170969984371,Excluded,Excluded
IM12,2.0353483,1.6100792,0.0001716,8.3e-06,0.5006576,spin1_run_46_mzp_700_mx_350,700.0,350.0,0.31095215688768607,0.2459812897871092,Excluded,Excluded
EM0,11.7987867,13.1699252,0.0311477,0.0001099,0.5006576,spin1_run_46_mzp_700_mx_350,700.0,350.0,0.03801521970679075,0.04243297321410175,Excluded,Excluded
EM1,5.2557006,5.1219914,0.0243197,9.74e-05,0.5006576,spin1_run_46_mzp_700_mx_350,700.0,350.0,0.09774666939112785,0.0952599164419678,Excluded,Excluded
EM2,2.9745978,2.9593947,0.0167988,8.13e-05,0.5006576,spin1_run_46_mzp_700_mx_350,700.0,350.0,0.1691756763638186,0.1683110234264276,Excluded,Excluded
EM3,2.1144173,2.5674273,0.0109293,6.58e-05,0.5006576,spin1_run_46_mzp_700_mx_350,700.0,350.0,0.19500361315001988,0.23678277698541345,Excluded,Excluded
EM4,1.7393583,2.4433984,0.0100875,6.32e-05,0.5006576,spin1_run_46_mzp_700_mx_350,700.0,350.0,0.20490215594804354,0.2878404064303485,Excluded,Excluded
EM5,1.2466568,1.5218283,0.0049002,4.42e-05,0.5006576,spin1_run_46_mzp_700_mx_350,700.0,350.0,0.3289842881749538,0.40160018378755086,Excluded,Excluded
EM6,1.491737,2.0649542,0.0019583,2.8e-05,0.5006576,spin1_run_46_mzp_700_mx_350,700.0,350.0,0.2424545784114728,0.335620555097849,Excluded,Excluded
EM7,1.0087747,1.4801194,0.0014156,2.38e-05,0.5006576,spin1_run_46_mzp_700_mx_350,700.0,350.0,0.33825487322171444,0.4963026927618229,Excluded,Excluded
EM8,0.9636685,1.1043351,0.0008456,1.84e-05,0.5006576,spin1_run_46_mzp_700_mx_350,700.0,350.0,0.4533565943887866,0.5195330136867605,Excluded,Excluded
EM9,2.0270591,1.7326133,0.0002402,9.8e-06,0.5006576,spin1_run_46_mzp_700_mx_350,700.0,350.0,0.2889609585705016,0.24698717467093095,Excluded,Excluded
EM10,1.8322012,3.8917716,0.000172,8.3e-06,0.5006576,spin1_run_46_mzp_700_mx_350,700.0,350.0,0.12864516509653343,0.27325470586963924,Excluded,Excluded
EM11,3.1290352,3.5207481,6.99e-05,5.3e-06,0.5006576,spin1_run_46_mzp_700_mx_350,700.0,350.0,0.142202050751657,0.16000382482114614,Excluded,Excluded
EM12,1.4829326,1.1928744,0.0001716,8.3e-06,0.5006576,spin1_run_46_mzp_700_mx_350,700.0,350.0,0.41970688615666496,0.33761318619605507,Excluded,Excluded
IM0,5.0509996,6.443426,0.1113692,0.0002596,0.29286,spin1_run_47_mzp_700_mx_360,700.0,360.0,0.04545097592491945,0.0579806024930194,Excluded,Excluded
IM1,2.8844992,3.6320907,0.0783962,0.0002218,0.29286,spin1_run_47_mzp_700_mx_360,700.0,360.0,0.08063124635075881,0.10152888931291783,Excluded,Excluded
IM2,2.1300224,2.9144433,0.0532601,0.0001853,0.29286,spin1_run_47_mzp_700_mx_360,700.0,360.0,0.10048574285181669,0.1374915118263545,Excluded,Excluded
IM3,1.6284145,2.4051549,0.0348997,0.0001515,0.29286,spin1_run_47_mzp_700_mx_360,700.0,360.0,0.12176346729268872,0.17984364546004716,Excluded,Excluded
IM4,1.4127353,2.2406845,0.0233022,0.0001245,0.29286,spin1_run_47_mzp_700_mx_360,700.0,360.0,0.1307011317300584,0.20729998039972528,Excluded,Excluded
IM5,1.322364,2.0095429,0.0108887,8.57e-05,0.29286,spin1_run_47_mzp_700_mx_360,700.0,360.0,0.14573463447831844,0.22146700908373185,Excluded,Excluded
IM6,1.4170546,2.0711431,0.0051366,5.9e-05,0.29286,spin1_run_47_mzp_700_mx_360,700.0,360.0,0.14140017654984824,0.2066681128588835,Excluded,Excluded
IM7,1.4841156,1.7527721,0.0024181,4.05e-05,0.29286,spin1_run_47_mzp_700_mx_360,700.0,360.0,0.16708390098176482,0.1973296419766762,Excluded,Excluded
IM8,1.4305919,1.5333545,0.0014012,3.09e-05,0.29286,spin1_run_47_mzp_700_mx_360,700.0,360.0,0.19099301563989282,0.20471246901369985,Excluded,Excluded
IM9,1.8289136,1.7171873,0.0006897,2.17e-05,0.29286,spin1_run_47_mzp_700_mx_360,700.0,360.0,0.17054633469511452,0.16012784857633516,Excluded,Excluded
IM10,2.0780622,3.214485,0.000449,1.75e-05,0.29286,spin1_run_47_mzp_700_mx_360,700.0,360.0,0.09110635140621283,0.14092937160398758,Excluded,Excluded
IM11,2.3272149,2.065005,0.0002432,1.29e-05,0.29286,spin1_run_47_mzp_700_mx_360,700.0,360.0,0.14182047985355967,0.12584140811405084,Excluded,Excluded
IM12,1.9933707,1.5873594,0.0001739,1.09e-05,0.29286,spin1_run_47_mzp_700_mx_360,700.0,360.0,0.18449508032018458,0.1469169783623287,Excluded,Excluded
EM0,11.1438308,12.4224841,0.032973,0.0001474,0.29286,spin1_run_47_mzp_700_mx_360,700.0,360.0,0.023574994956121538,0.026280011358392127,Excluded,Excluded
EM1,5.0619535,4.9588427,0.025136,0.0001292,0.29286,spin1_run_47_mzp_700_mx_360,700.0,360.0,0.05905813467323737,0.05785513438635894,Excluded,Excluded
EM2,2.7147142,2.7028189,0.0183604,0.0001108,0.29286,spin1_run_47_mzp_700_mx_360,700.0,360.0,0.10835354155618787,0.10787875939205682,Excluded,Excluded
EM3,2.0020147,2.4169351,0.0115975,8.84e-05,0.29286,spin1_run_47_mzp_700_mx_360,700.0,360.0,0.12116998921485315,0.14628264218039957,Excluded,Excluded
EM4,1.4077574,1.9842545,0.0124135,9.14e-05,0.29286,spin1_run_47_mzp_700_mx_360,700.0,360.0,0.14759195456026433,0.20803300341379843,Excluded,Excluded
EM5,1.068187,1.2984648,0.0057522,6.24e-05,0.29286,spin1_run_47_mzp_700_mx_360,700.0,360.0,0.22554327233206475,0.2741654785164021,Excluded,Excluded
EM6,1.0739742,1.4826496,0.0027185,4.3e-05,0.29286,spin1_run_47_mzp_700_mx_360,700.0,360.0,0.19752475568064093,0.27268811485415567,Excluded,Excluded
EM7,1.4103951,2.0595825,0.0010169,2.63e-05,0.29286,spin1_run_47_mzp_700_mx_360,700.0,360.0,0.14219386696090108,0.20764394317592286,Excluded,Excluded
EM8,1.1462257,1.3137388,0.0007115,2.2e-05,0.29286,spin1_run_47_mzp_700_mx_360,700.0,360.0,0.2229210250926592,0.2554994186572505,Excluded,Excluded
EM9,2.0451205,1.7067792,0.0002407,1.28e-05,0.29286,spin1_run_47_mzp_700_mx_360,700.0,360.0,0.17158634227555622,0.1431993860508464,Excluded,Excluded
EM10,1.5230068,3.2495982,0.0002059,1.18e-05,0.29286,spin1_run_47_mzp_700_mx_360,700.0,360.0,0.0901219110719596,0.19229067132201905,Excluded,Excluded
EM11,3.1606333,3.5559265,6.93e-05,6.9e-06,0.29286,spin1_run_47_mzp_700_mx_360,700.0,360.0,0.08235828271478615,0.0926586453417421,Excluded,Excluded
EM12,1.4657458,1.18113,0.0001739,1.09e-05,0.29286,spin1_run_47_mzp_700_mx_360,700.0,360.0,0.24794899799344697,0.19980272159060594,Excluded,Excluded
IM0,4.0077773,5.0720661,0.1412837,0.0009974,0.0238777,spin1_run_48_mzp_700_mx_500,700.0,500.0,0.004707687070560852,0.005957841020757317,Excluded,Excluded
IM1,2.1678324,2.7267239,0.1043025,0.0008752,0.0238777,spin1_run_48_mzp_700_mx_500,700.0,500.0,0.008756918879832315,0.011014550755861016,Excluded,Excluded
IM2,1.5166868,2.0851849,0.0744995,0.0007519,0.0238777,spin1_run_48_mzp_700_mx_500,700.0,500.0,0.011451118795268469,0.015743329473164796,Excluded,Excluded
IM3,1.1183899,1.6512916,0.050795,0.0006287,0.0238777,spin1_run_48_mzp_700_mx_500,700.0,500.0,0.014460014209483051,0.02135006762847197,Excluded,Excluded
IM4,0.9010321,1.4338068,0.0365132,0.0005371,0.0238777,spin1_run_48_mzp_700_mx_500,700.0,500.0,0.0166533594344789,0.026500387722035654,Excluded,Excluded
IM5,0.7928638,1.2050394,0.0181747,0.0003825,0.0238777,spin1_run_48_mzp_700_mx_500,700.0,500.0,0.019814870783478118,0.030115765154116004,Excluded,Excluded
IM6,0.7645969,1.1175861,0.009505,0.0002778,0.0238777,spin1_run_48_mzp_700_mx_500,700.0,500.0,0.021365423209898548,0.031229135247605636,Excluded,Excluded
IM7,0.7120208,0.8395566,0.0050378,0.0002027,0.0238777,spin1_run_48_mzp_700_mx_500,700.0,500.0,0.0284408460370629,0.03353511582807694,Excluded,Excluded
IM8,0.7622038,0.8191647,0.0026258,0.0001465,0.0238777,spin1_run_48_mzp_700_mx_500,700.0,500.0,0.02914883905519855,0.03132718572119426,Excluded,Excluded
IM9,0.7013193,0.6663968,0.0017956,0.0001212,0.0238777,spin1_run_48_mzp_700_mx_500,700.0,500.0,0.03583105441082551,0.03404683145038216,Excluded,Excluded
IM10,0.8333104,1.2868052,0.001123,9.59e-05,0.0238777,spin1_run_48_mzp_700_mx_500,700.0,500.0,0.01855580005427395,0.02865402855886594,Excluded,Excluded
IM11,0.8700507,0.7818474,0.0006478,7.29e-05,0.0238777,spin1_run_48_mzp_700_mx_500,700.0,500.0,0.030540102838482297,0.027444032859234527,Excluded,Excluded
IM12,1.0308313,0.8093625,0.0003408,5.29e-05,0.0238777,spin1_run_48_mzp_700_mx_500,700.0,500.0,0.029501861032602824,0.02316353801053577,Excluded,Excluded
EM0,9.9821366,11.1175671,0.0369813,0.0005404,0.0238777,spin1_run_48_mzp_700_mx_500,700.0,500.0,0.0021477450763485837,0.0023920430020963647,Excluded,Excluded
EM1,4.2843269,4.1641045,0.0298029,0.0004869,0.0238777,spin1_run_48_mzp_700_mx_500,700.0,500.0,0.0057341740583119385,0.005573267530075729,Excluded,Excluded
EM2,2.1036634,2.0841245,0.0237045,0.0004356,0.0238777,spin1_run_48_mzp_700_mx_500,700.0,500.0,0.011456945110524827,0.011350532599464346,Excluded,Excluded
EM3,1.6263918,1.9605472,0.0142818,0.0003397,0.0238777,spin1_run_48_mzp_700_mx_500,700.0,500.0,0.012179099794179912,0.014681394729117548,Excluded,Excluded
EM4,0.9521926,1.3402415,0.0183385,0.0003842,0.0238777,spin1_run_48_mzp_700_mx_500,700.0,500.0,0.01781596824154453,0.025076544388183655,Excluded,Excluded
EM5,0.710714,0.8627395,0.0086697,0.0002655,0.0238777,spin1_run_48_mzp_700_mx_500,700.0,500.0,0.027676604583422925,0.03359677732533762,Excluded,Excluded
EM6,0.6529608,0.9030601,0.0044672,0.000191,0.0238777,spin1_run_48_mzp_700_mx_500,700.0,500.0,0.02644087586197198,0.03656835142324011,Excluded,Excluded
EM7,0.5949992,0.8693137,0.002412,0.0001405,0.0238777,spin1_run_48_mzp_700_mx_500,700.0,500.0,0.027467299779124616,0.0401306421924601,Excluded,Excluded
EM8,0.977201,1.119768,0.0008302,8.25e-05,0.0238777,spin1_run_48_mzp_700_mx_500,700.0,500.0,0.02132379207121475,0.024434788748681185,Excluded,Excluded
EM9,0.7248535,0.6235677,0.0006726,7.42e-05,0.0238777,spin1_run_48_mzp_700_mx_500,700.0,500.0,0.038292073178261166,0.03294141505835317,Excluded,Excluded
EM10,0.6595968,1.4042066,0.0004751,6.24e-05,0.0238777,spin1_run_48_mzp_700_mx_500,700.0,500.0,0.017004406616519252,0.03620044851642701,Excluded,Excluded
EM11,0.7128983,0.8019066,0.000307,5.02e-05,0.0238777,spin1_run_48_mzp_700_mx_500,700.0,500.0,0.02977616096438164,0.033493837760589416,Excluded,Excluded
EM12,0.749112,0.5972607,0.0003408,5.29e-05,0.0238777,spin1_run_48_mzp_700_mx_500,700.0,500.0,0.0399786893729991,0.03187467294610152,Excluded,Excluded
IM0,5.5703483,7.041338,0.1015567,4.76e-05,7.987439,spin1_run_49_mzp_1000_mx_0,1000.0,0.0,1.1343638098327335,1.43392092735027,Included,Included
IM1,3.1722434,4.0068761,0.0710493,4.05e-05,7.987439,spin1_run_49_mzp_1000_mx_0,1000.0,0.0,1.9934329888563311,2.5179149241826777,Included,Included
IM2,2.3808326,3.2681282,0.0474645,3.35e-05,7.987439,spin1_run_49_mzp_1000_mx_0,1000.0,0.0,2.4440409039033413,3.3548931579649905,Included,Included
IM3,1.7657566,2.623768,0.0320697,2.77e-05,7.987439,spin1_run_49_mzp_1000_mx_0,1000.0,0.0,3.044262678712447,4.523522098119299,Included,Included
IM4,1.5826208,2.5192793,0.0207723,2.25e-05,7.987439,spin1_run_49_mzp_1000_mx_0,1000.0,0.0,3.1705253958939768,5.0469695583427185,Included,Included
IM5,1.4175592,2.1473282,0.0101798,1.58e-05,7.987439,spin1_run_49_mzp_1000_mx_0,1000.0,0.0,3.7197103824184863,5.63464227807911,Included,Included
IM6,1.3998686,2.0601908,0.0051804,1.13e-05,7.987439,spin1_run_49_mzp_1000_mx_0,1000.0,0.0,3.8770384762421033,5.705849106123246,Included,Included
IM7,1.444801,1.6993001,0.0024887,7.8e-06,7.987439,spin1_run_49_mzp_1000_mx_0,1000.0,0.0,4.700428723566838,5.528400797064786,Included,Included
IM8,1.6031374,1.7125087,0.0012512,5.6e-06,7.987439,spin1_run_49_mzp_1000_mx_0,1000.0,0.0,4.664174260837331,4.982379551496958,Included,Included
IM9,1.6929917,1.5932618,0.000747,4.3e-06,7.987439,spin1_run_49_mzp_1000_mx_0,1000.0,0.0,5.013262101683477,4.717943389799252,Included,Included
IM10,2.2793404,3.5242227,0.000409,3.2e-06,7.987439,spin1_run_49_mzp_1000_mx_0,1000.0,0.0,2.2664399159565027,3.5042765003419407,Included,Included
IM11,2.7428203,2.4480253,0.0002055,2.3e-06,7.987439,spin1_run_49_mzp_1000_mx_0,1000.0,0.0,3.262809007733703,2.912126251945853,Included,Included
IM12,2.0190074,1.6022166,0.0001723,2.1e-06,7.987439,spin1_run_49_mzp_1000_mx_0,1000.0,0.0,4.985242944056378,3.9561217061413445,Included,Included
EM0,12.0320923,13.4318354,0.0305074,2.71e-05,7.987439,spin1_run_49_mzp_1000_mx_0,1000.0,0.0,0.5946647470084393,0.6638445584397653,Excluded,Excluded
EM1,5.4017329,5.2568854,0.0235848,2.39e-05,7.987439,spin1_run_49_mzp_1000_mx_0,1000.0,0.0,1.519424220280701,1.478680850732179,Included,Included
EM2,3.2450885,3.2283902,0.0153948,1.94e-05,7.987439,spin1_run_49_mzp_1000_mx_0,1000.0,0.0,2.474124410364026,2.4613932717089226,Included,Included
EM3,2.0531473,2.4782707,0.0112974,1.66e-05,7.987439,spin1_run_49_mzp_1000_mx_0,1000.0,0.0,3.2229889172316812,3.8903389932130055,Included,Included
EM4,1.6469847,2.3322869,0.0105925,1.61e-05,7.987439,spin1_run_49_mzp_1000_mx_0,1000.0,0.0,3.4247240337370157,4.849734791100367,Included,Included
EM5,1.2306745,1.4918902,0.0049994,1.11e-05,7.987439,spin1_run_49_mzp_1000_mx_0,1000.0,0.0,5.353905401349241,6.490293737296093,Included,Included
EM6,1.0808219,1.499264,0.0026917,8.2e-06,7.987439,spin1_run_49_mzp_1000_mx_0,1000.0,0.0,5.327573396012977,7.390152808709743,Included,Included
EM7,1.159758,1.6945614,0.0012375,5.5e-06,7.987439,spin1_run_49_mzp_1000_mx_0,1000.0,0.0,4.713573081506518,6.887160079947713,Included,Included
EM8,1.6161806,1.8422789,0.0005042,3.5e-06,7.987439,spin1_run_49_mzp_1000_mx_0,1000.0,0.0,4.335629637836052,4.942169829287643,Included,Included
EM9,1.4460931,1.2306664,0.000338,2.9e-06,7.987439,spin1_run_49_mzp_1000_mx_0,1000.0,0.0,6.490336455110825,5.523461110491434,Included,Included
EM10,1.5530803,3.2863653,0.0002035,2.2e-06,7.987439,spin1_run_49_mzp_1000_mx_0,1000.0,0.0,2.4304781333955785,5.142965885279724,Included,Included
EM11,6.5944192,7.421876,3.33e-05,9e-07,7.987439,spin1_run_49_mzp_1000_mx_0,1000.0,0.0,1.0762021623643403,1.211242227367044,Included,Included
EM12,1.484042,1.1832717,0.0001723,2.1e-06,7.987439,spin1_run_49_mzp_1000_mx_0,1000.0,0.0,6.750300036754028,5.382218966848647,Included,Included
IM0,5.3986255,6.856086,0.1046308,4.86e-05,7.852837,spin1_run_50_mzp_1000_mx_50,1000.0,50.0,1.145381927822959,1.4545993234759478,Included,Included
IM1,3.0392345,3.8306896,0.0744153,4.17e-05,7.852837,spin1_run_50_mzp_1000_mx_50,1000.0,50.0,2.049979982716428,2.583820695638984,Included,Included
IM2,2.276489,3.1326293,0.0496215,3.45e-05,7.852837,spin1_run_50_mzp_1000_mx_50,1000.0,50.0,2.506787828358753,3.4495387414566903,Included,Included
IM3,1.7809274,2.62278,0.0319544,2.79e-05,7.852837,spin1_run_50_mzp_1000_mx_50,1000.0,50.0,2.9940890963023965,4.409408828231853,Included,Included
IM4,1.5765941,2.5138211,0.0207608,2.26e-05,7.852837,spin1_run_50_mzp_1000_mx_50,1000.0,50.0,3.1238647014300263,4.9808869638672375,Included,Included
IM5,1.5672436,2.373787,0.0092161,1.52e-05,7.852837,spin1_run_50_mzp_1000_mx_50,1000.0,50.0,3.3081472769039513,5.0106039673730365,Included,Included
IM6,1.6673267,2.4444754,0.0043562,1.05e-05,7.852837,spin1_run_50_mzp_1000_mx_50,1000.0,50.0,3.2124835455492824,4.7098370103471625,Included,Included
IM7,1.4432449,1.6964064,0.0024874,7.9e-06,7.852837,spin1_run_50_mzp_1000_mx_50,1000.0,50.0,4.629101257811807,5.441098042335018,Included,Included
IM8,1.7949366,1.9165331,0.0011169,5.3e-06,7.852837,spin1_run_50_mzp_1000_mx_50,1000.0,50.0,4.097417884408049,4.374994080570868,Included,Included
IM9,2.3373153,2.2003079,0.0005439,3.7e-06,7.852837,spin1_run_50_mzp_1000_mx_50,1000.0,50.0,3.5689718698005857,3.3597679354599697,Included,Included
IM10,2.4663105,3.8073593,0.0003772,3.1e-06,7.852837,spin1_run_50_mzp_1000_mx_50,1000.0,50.0,2.0625416151294154,3.1840423174616497,Included,Included
IM11,2.0607063,1.8347342,0.0002744,2.6e-06,7.852837,spin1_run_50_mzp_1000_mx_50,1000.0,50.0,4.280095176729142,3.810750226754778,Included,Included
IM12,2.025378,1.6208703,0.0001716,2.1e-06,7.852837,spin1_run_50_mzp_1000_mx_50,1000.0,50.0,4.844827497918865,3.8772204497135845,Included,Included
EM0,12.1359286,13.5809202,0.0302155,2.72e-05,7.852837,spin1_run_50_mzp_1000_mx_50,1000.0,50.0,0.5782256934253984,0.6470734344959809,Excluded,Excluded
EM1,5.1365288,5.0480475,0.0247937,2.47e-05,7.852837,spin1_run_50_mzp_1000_mx_50,1000.0,50.0,1.5556186822727005,1.528821759940293,Included,Included
EM2,2.8255628,2.8001905,0.0176671,2.09e-05,7.852837,spin1_run_50_mzp_1000_mx_50,1000.0,50.0,2.8043938439188336,2.779211631749965,Included,Included
EM3,2.0703783,2.5044271,0.0111936,1.67e-05,7.852837,spin1_run_50_mzp_1000_mx_50,1000.0,50.0,3.135582185642377,3.7929478878328666,Included,Included
EM4,1.5133435,2.1386501,0.0115447,1.7e-05,7.852837,spin1_run_50_mzp_1000_mx_50,1000.0,50.0,3.671866192604391,5.18906447875185,Included,Included
EM5,1.264947,1.5458307,0.0048599,1.1e-05,7.852837,spin1_run_50_mzp_1000_mx_50,1000.0,50.0,5.080011025786977,6.20803638413309,Included,Included
EM6,1.5598171,2.1598813,0.0018688,6.9e-06,7.852837,spin1_run_50_mzp_1000_mx_50,1000.0,50.0,3.6357724843490242,5.03446012997293,Included,Included
EM7,1.0504,1.527278,0.0013705,5.9e-06,7.852837,spin1_run_50_mzp_1000_mx_50,1000.0,50.0,5.141720760725946,7.4760443640517895,Included,Included
EM8,1.4140934,1.6244661,0.0005731,3.8e-06,7.852837,spin1_run_50_mzp_1000_mx_50,1000.0,50.0,4.834103340168194,5.553266142109142,Included,Included
EM9,2.9408894,2.4980159,0.0001667,2.1e-06,7.852837,spin1_run_50_mzp_1000_mx_50,1000.0,50.0,3.1436297102832693,2.6702252046608757,Included,Included
EM10,3.0452244,6.4798961,0.0001029,1.6e-06,7.852837,spin1_run_50_mzp_1000_mx_50,1000.0,50.0,1.2118769929042534,2.5787383681806832,Included,Included
EM11,2.1320553,2.3938686,0.0001027,1.6e-06,7.852837,spin1_run_50_mzp_1000_mx_50,1000.0,50.0,3.2803960083690478,3.6832238826075474,Included,Included
EM12,1.4823628,1.1927518,0.0001716,2.1e-06,7.852837,spin1_run_50_mzp_1000_mx_50,1000.0,50.0,6.583798070981742,5.297513537171872,Included,Included
IM0,5.3288884,6.7440947,0.1065056,5e-05,7.52817,spin1_run_51_mzp_1000_mx_100,1000.0,100.0,1.1162610157298058,1.412709262216863,Included,Included
IM1,3.0308914,3.8075523,0.0747811,4.27e-05,7.52817,spin1_run_51_mzp_1000_mx_100,1000.0,100.0,1.9771678513779052,2.4838138377376375,Included,Included
IM2,2.2648261,3.1197901,0.0498642,3.53e-05,7.52817,spin1_run_51_mzp_1000_mx_100,1000.0,100.0,2.4130373386337753,3.3239505673305336,Included,Included
IM3,1.7288082,2.5534455,0.0328133,2.89e-05,7.52817,spin1_run_51_mzp_1000_mx_100,1000.0,100.0,2.94823993697927,4.354543204966288,Included,Included
IM4,1.4893124,2.3691039,0.0221,2.39e-05,7.52817,spin1_run_51_mzp_1000_mx_100,1000.0,100.0,3.1776445093860177,5.054795756753251,Included,Included
IM5,1.3952195,2.1209518,0.0103358,1.64e-05,7.52817,spin1_run_51_mzp_1000_mx_100,1000.0,100.0,3.549430024765297,5.395688635372427,Included,Included
IM6,1.2357904,1.7971909,0.0059314,1.25e-05,7.52817,spin1_run_51_mzp_1000_mx_100,1000.0,100.0,4.188853838509866,6.091785467826907,Included,Included
IM7,1.1361858,1.3368641,0.0031623,9.1e-06,7.52817,spin1_run_51_mzp_1000_mx_100,1000.0,100.0,5.63121561870051,6.625826515346346,Included,Included
IM8,1.2906582,1.3728562,0.0015593,6.4e-06,7.52817,spin1_run_51_mzp_1000_mx_100,1000.0,100.0,5.483582330035731,5.83281460575697,Included,Included
IM9,1.3237289,1.2481081,0.0009524,5e-06,7.52817,spin1_run_51_mzp_1000_mx_100,1000.0,100.0,6.031665045679937,5.6870934826609885,Included,Included
IM10,1.8497022,2.8505731,0.0005042,3.6e-06,7.52817,spin1_run_51_mzp_1000_mx_100,1000.0,100.0,2.640932098882151,4.069936230815966,Included,Included
IM11,2.1114807,1.8713846,0.0002673,2.7e-06,7.52817,spin1_run_51_mzp_1000_mx_100,1000.0,100.0,4.022780779536179,3.5653510827733355,Included,Included
IM12,5.2649387,4.1777573,6.62e-05,1.3e-06,7.52817,spin1_run_51_mzp_1000_mx_100,1000.0,100.0,1.8019644176075047,1.4298684997035198,Included,Included
EM0,11.5624756,12.9728424,0.0317245,2.84e-05,7.52817,spin1_run_51_mzp_1000_mx_100,1000.0,100.0,0.5803022782424305,0.6510863469411343,Excluded,Excluded
EM1,5.1193666,4.9788017,0.0249169,2.53e-05,7.52817,spin1_run_51_mzp_1000_mx_100,1000.0,100.0,1.5120445548172767,1.47052762347592,Included,Included
EM2,2.9246764,2.9142908,0.0170509,2.1e-05,7.52817,spin1_run_51_mzp_1000_mx_100,1000.0,100.0,2.5831910803136053,2.5740181033361504,Included,Included
EM3,2.1717195,2.6343731,0.0107133,1.67e-05,7.52817,spin1_run_51_mzp_1000_mx_100,1000.0,100.0,2.857670388450292,3.4664559580553567,Included,Included
EM4,1.4960887,2.095459,0.0117642,1.75e-05,7.52817,spin1_run_51_mzp_1000_mx_100,1000.0,100.0,3.5926114517153525,5.031900849194303,Included,Included
EM5,1.3864165,1.6987471,0.0044044,1.07e-05,7.52817,spin1_run_51_mzp_1000_mx_100,1000.0,100.0,4.431601384337904,5.4299483596740235,Included,Included
EM6,1.0454758,1.4584041,0.0027691,8.5e-06,7.52817,spin1_run_51_mzp_1000_mx_100,1000.0,100.0,5.161923228273974,7.20071186726656,Included,Included
EM7,0.9009817,1.3097303,0.001603,6.5e-06,7.52817,spin1_run_51_mzp_1000_mx_100,1000.0,100.0,5.747878017329216,8.355519318538878,Included,Included
EM8,1.3376365,1.5333279,0.0006069,4e-06,7.52817,spin1_run_51_mzp_1000_mx_100,1000.0,100.0,4.909693484348652,5.627963949847362,Included,Included
EM9,1.0908599,0.9247857,0.0004483,3.4e-06,7.52817,spin1_run_51_mzp_1000_mx_100,1000.0,100.0,8.140448105977416,6.901133683619683,Included,Included
EM10,1.3254845,2.8109293,0.0002369,2.5e-06,7.52817,spin1_run_51_mzp_1000_mx_100,1000.0,100.0,2.6781783519066096,5.679560945450513,Included,Included
EM11,1.0869931,1.2265818,0.0002011,2.3e-06,7.52817,spin1_run_51_mzp_1000_mx_100,1000.0,100.0,6.137519731664044,6.925683336904347,Included,Included
EM12,3.8427493,3.0917079,6.62e-05,1.3e-06,7.52817,spin1_run_51_mzp_1000_mx_100,1000.0,100.0,2.4349551262588554,1.9590583231646157,Included,Included
IM0,5.2631495,6.6779289,0.1073182,5.18e-05,7.082641,spin1_run_52_mzp_1000_mx_150,1000.0,150.0,1.0606044338088114,1.3457039363977785,Included,Included
IM1,3.0052961,3.7596793,0.075668,4.43e-05,7.082641,spin1_run_52_mzp_1000_mx_150,1000.0,150.0,1.883841794697755,2.3567198586521974,Included,Included
IM2,2.2760721,3.134346,0.049532,3.63e-05,7.082641,spin1_run_52_mzp_1000_mx_150,1000.0,150.0,2.2596870288092,3.111782355225039,Included,Included
IM3,1.7217731,2.5413249,0.0330277,2.99e-05,7.082641,spin1_run_52_mzp_1000_mx_150,1000.0,150.0,2.7869876063465946,4.113573966279296,Included,Included
IM4,1.494916,2.3755248,0.0220307,2.46e-05,7.082641,spin1_run_52_mzp_1000_mx_150,1000.0,150.0,2.981505812947101,4.737818713559825,Included,Included
IM5,1.437455,2.1751081,0.0100327,1.67e-05,7.082641,spin1_run_52_mzp_1000_mx_150,1000.0,150.0,3.2562248285499003,4.927208851755359,Included,Included
IM6,1.3537106,1.9868779,0.0053716,1.22e-05,7.082641,spin1_run_52_mzp_1000_mx_150,1000.0,150.0,3.5647087322275817,5.232020049189242,Included,Included
IM7,1.1927104,1.4067228,0.0030107,9.2e-06,7.082641,spin1_run_52_mzp_1000_mx_150,1000.0,150.0,5.0348519267619745,5.938273867654713,Included,Included
IM8,1.2568727,1.3433099,0.0015978,6.7e-06,7.082641,spin1_run_52_mzp_1000_mx_150,1000.0,150.0,5.272529443875907,5.635129953892705,Included,Included
IM9,1.3826465,1.3007293,0.0009182,5.1e-06,7.082641,spin1_run_52_mzp_1000_mx_150,1000.0,150.0,5.4451306663115835,5.122524810209986,Included,Included
IM10,1.9440339,2.9994224,0.0004797,3.7e-06,7.082641,spin1_run_52_mzp_1000_mx_150,1000.0,150.0,2.3613349690260366,3.6432703153993353,Included,Included
IM11,2.7215272,2.4301248,0.0002078,2.4e-06,7.082641,spin1_run_52_mzp_1000_mx_150,1000.0,150.0,2.9145173943329987,2.602450932696906,Included,Included
IM12,3.4382516,2.7201612,0.0001014,1.7e-06,7.082641,spin1_run_52_mzp_1000_mx_150,1000.0,150.0,2.6037578214114663,2.059954251166494,Included,Included
EM0,11.6103996,12.965065,0.0316502,2.93e-05,7.082641,spin1_run_52_mzp_1000_mx_150,1000.0,150.0,0.5462865785863781,0.6100256015305451,Excluded,Excluded
EM1,4.88278,4.7717583,0.0261361,2.67e-05,7.082641,spin1_run_52_mzp_1000_mx_150,1000.0,150.0,1.4842832672392479,1.450534531557842,Included,Included
EM2,3.0224546,2.9948303,0.0165043,2.13e-05,7.082641,spin1_run_52_mzp_1000_mx_150,1000.0,150.0,2.364955703834037,2.3433407403373403,Included,Included
EM3,2.1185077,2.5393527,0.0109969,1.75e-05,7.082641,spin1_run_52_mzp_1000_mx_150,1000.0,150.0,2.7891521331400715,3.3432217404732585,Included,Included
EM4,1.4657913,2.0527269,0.0119981,1.82e-05,7.082641,spin1_run_52_mzp_1000_mx_150,1000.0,150.0,3.450357180977167,4.8319573188898035,Included,Included
EM5,1.3186418,1.6047123,0.004661,1.14e-05,7.082641,spin1_run_52_mzp_1000_mx_150,1000.0,150.0,4.413651593497476,5.371163723158177,Included,Included
EM6,1.232456,1.714926,0.0023609,8.1e-06,7.082641,spin1_run_52_mzp_1000_mx_150,1000.0,150.0,4.129998029069476,5.7467698644008385,Included,Included
EM7,1.0222325,1.4834294,0.001413,6.3e-06,7.082641,spin1_run_52_mzp_1000_mx_150,1000.0,150.0,4.774504941050784,6.928600880915055,Included,Included
EM8,1.1851583,1.3713467,0.0006796,4.4e-06,7.082641,spin1_run_52_mzp_1000_mx_150,1000.0,150.0,5.16473405302977,5.9761139081589345,Included,Included
EM9,1.1128219,0.9481509,0.0004384,3.5e-06,7.082641,spin1_run_52_mzp_1000_mx_150,1000.0,150.0,7.469951249321178,6.364577296690513,Included,Included
EM10,1.1533479,2.4558009,0.0002719,2.8e-06,7.082641,spin1_run_52_mzp_1000_mx_150,1000.0,150.0,2.884045282335388,6.140940647657138,Included,Included
EM11,2.0617389,2.322998,0.0001065,1.7e-06,7.082641,spin1_run_52_mzp_1000_mx_150,1000.0,150.0,3.0489225561106807,3.435275436671443,Included,Included
EM12,2.5053132,2.0105279,0.0001014,1.7e-06,7.082641,spin1_run_52_mzp_1000_mx_150,1000.0,150.0,3.5227767791732707,2.8270481311478344,Included,Included
IM0,5.1985182,6.5645941,0.109171,5.45e-05,6.494527,spin1_run_53_mzp_1000_mx_200,1000.0,200.0,0.9893265144908198,1.249303503448348,Excluded,Included
IM1,2.9488333,3.7051403,0.0767301,4.65e-05,6.494527,spin1_run_53_mzp_1000_mx_200,1000.0,200.0,1.7528423957386983,2.2024056090251016,Included,Included
IM2,2.174756,2.995391,0.0519497,3.88e-05,6.494527,spin1_run_53_mzp_1000_mx_200,1000.0,200.0,2.168173370354655,2.9863244428340465,Included,Included
IM3,1.6189796,2.3900588,0.0351695,3.22e-05,6.494527,spin1_run_53_mzp_1000_mx_200,1000.0,200.0,2.717308461197691,4.011494029943305,Included,Included
IM4,1.3993714,2.2250637,0.0234947,2.65e-05,6.494527,spin1_run_53_mzp_1000_mx_200,1000.0,200.0,2.918804976235062,4.641031680367342,Included,Included
IM5,1.3076646,1.9982937,0.0109543,1.82e-05,6.494527,spin1_run_53_mzp_1000_mx_200,1000.0,200.0,3.2500362684424213,4.966508231544999,Included,Included
IM6,1.4073834,2.0717514,0.0051501,1.25e-05,6.494527,spin1_run_53_mzp_1000_mx_200,1000.0,200.0,3.134800343323045,4.614611057654936,Included,Included
IM7,1.212116,1.4387683,0.0029438,9.5e-06,6.494527,spin1_run_53_mzp_1000_mx_200,1000.0,200.0,4.513949188343947,5.358007814433602,Included,Included
IM8,1.3384278,1.4275999,0.0014999,6.8e-06,6.494527,spin1_run_53_mzp_1000_mx_200,1000.0,200.0,4.549262717096015,4.85235512890572,Included,Included
IM9,1.754381,1.6563455,0.0007205,4.7e-06,6.494527,spin1_run_53_mzp_1000_mx_200,1000.0,200.0,3.920997762845976,3.701890866351152,Included,Included
IM10,2.4558905,3.7902014,0.0003801,3.4e-06,6.494527,spin1_run_53_mzp_1000_mx_200,1000.0,200.0,1.713504459156181,2.64446928720967,Included,Included
IM11,3.2461082,2.8989008,0.0001746,2.3e-06,6.494527,spin1_run_53_mzp_1000_mx_200,1000.0,200.0,2.2403412355469356,2.000711806217673,Included,Included
IM12,2.485175,1.9885743,0.0001401,2.1e-06,6.494527,spin1_run_53_mzp_1000_mx_200,1000.0,200.0,3.265921218030425,2.6133077147484585,Included,Included
EM0,11.3013151,12.6481047,0.0324409,3.1e-05,6.494527,spin1_run_53_mzp_1000_mx_200,1000.0,200.0,0.5134782763143951,0.5746700222525429,Excluded,Excluded
EM1,5.1529889,5.0200805,0.0247804,2.72e-05,6.494527,spin1_run_53_mzp_1000_mx_200,1000.0,200.0,1.2937097323439335,1.2603417406934447,Included,Included
EM2,2.9777349,2.9505326,0.0167801,2.25e-05,6.494527,spin1_run_53_mzp_1000_mx_200,1000.0,200.0,2.2011371777420794,2.1810292783283023,Included,Included
EM3,1.9923467,2.3875951,0.0116748,1.88e-05,6.494527,spin1_run_53_mzp_1000_mx_200,1000.0,200.0,2.7201123842145596,3.2597373740223023,Included,Included
EM4,1.4002152,1.969783,0.0125404,1.95e-05,6.494527,spin1_run_53_mzp_1000_mx_200,1000.0,200.0,3.297077393804292,4.6382348941791225,Included,Included
EM5,1.0530067,1.2887648,0.0058041,1.33e-05,6.494527,spin1_run_53_mzp_1000_mx_200,1000.0,200.0,5.039342322198744,6.167602732252321,Included,Included
EM6,1.3093999,1.8204083,0.0022064,8.2e-06,6.494527,spin1_run_53_mzp_1000_mx_200,1000.0,200.0,3.56762106610918,4.959926299062647,Included,Included
EM7,0.9957731,1.4523079,0.0014439,6.6e-06,6.494527,spin1_run_53_mzp_1000_mx_200,1000.0,200.0,4.471866468536045,6.522095244388506,Included,Included
EM8,1.0461191,1.1912876,0.0007794,4.9e-06,6.494527,spin1_run_53_mzp_1000_mx_200,1000.0,200.0,5.451686897437697,6.208209944737649,Included,Included
EM9,1.4408658,1.217946,0.0003405,3.2e-06,6.494527,spin1_run_53_mzp_1000_mx_200,1000.0,200.0,5.332360383793699,4.507378133341772,Included,Included
EM10,1.5236029,3.251605,0.0002054,2.5e-06,6.494527,spin1_run_53_mzp_1000_mx_200,1000.0,200.0,1.9973296264460165,4.262611340527115,Included,Included
EM11,6.3774141,7.1618226,3.46e-05,1e-06,6.494527,spin1_run_53_mzp_1000_mx_200,1000.0,200.0,0.9068260082286874,1.018363696972414,Excluded,Included
EM12,1.8123657,1.4531869,0.0001401,2.1e-06,6.494527,spin1_run_53_mzp_1000_mx_200,1000.0,200.0,4.469161537308105,3.583452831842933,Included,Included
IM0,5.0748105,6.4510273,0.1111876,5.84e-05,5.748686,spin1_run_54_mzp_1000_mx_250,1000.0,250.0,0.891127216280731,1.1327883080560348,Excluded,Included
IM1,2.8566605,3.5789006,0.079329,5.02e-05,5.748686,spin1_run_54_mzp_1000_mx_250,1000.0,250.0,1.6062714901889146,2.0123798400264925,Included,Included
IM2,2.0771942,2.8495856,0.0547105,4.23e-05,5.748686,spin1_run_54_mzp_1000_mx_250,1000.0,250.0,2.0173761405868977,2.7675245771435333,Included,Included
IM3,1.5560352,2.2749847,0.0368138,3.5e-05,5.748686,spin1_run_54_mzp_1000_mx_250,1000.0,250.0,2.526911939231943,3.694444701508038,Included,Included
IM4,1.3156296,2.1040364,0.0248704,2.89e-05,5.748686,spin1_run_54_mzp_1000_mx_250,1000.0,250.0,2.732217940716235,4.369532275649621,Included,Included
IM5,1.2470502,1.8937945,0.0115366,1.98e-05,5.748686,spin1_run_54_mzp_1000_mx_250,1000.0,250.0,3.0355384388327247,4.609827254748846,Included,Included
IM6,1.3207399,1.918809,0.0055433,1.38e-05,5.748686,spin1_run_54_mzp_1000_mx_250,1000.0,250.0,2.9959657266564834,4.352625373095793,Included,Included
IM7,1.1511647,1.3659908,0.0031114,1.04e-05,5.748686,spin1_run_54_mzp_1000_mx_250,1000.0,250.0,4.2084368357385715,4.9937997577583815,Included,Included
IM8,1.305151,1.4018041,0.001533,7.3e-06,5.748686,spin1_run_54_mzp_1000_mx_250,1000.0,250.0,4.10091966488042,4.404613719025615,Included,Included
IM9,1.7539605,1.6533335,0.0007209,5e-06,5.748686,spin1_run_54_mzp_1000_mx_250,1000.0,250.0,3.4770274720738437,3.277545874037642,Included,Included
IM10,2.0744545,3.2041435,0.0004499,3.9e-06,5.748686,spin1_run_54_mzp_1000_mx_250,1000.0,250.0,1.794141242425628,2.771179604083869,Included,Included
IM11,2.3220917,2.0721253,0.0002424,2.9e-06,5.748686,spin1_run_54_mzp_1000_mx_250,1000.0,250.0,2.7742945853708747,2.475649863439932,Included,Included
IM12,2.5173587,2.006318,0.0001383,2.2e-06,5.748686,spin1_run_54_mzp_1000_mx_250,1000.0,250.0,2.865291544012465,2.2836181430957776,Included,Included
EM0,11.5274788,12.906806,0.0318586,3.26e-05,5.748686,spin1_run_54_mzp_1000_mx_250,1000.0,250.0,0.44539958220492354,0.4986941290232518,Excluded,Excluded
EM1,5.1812728,5.0671588,0.0246185,2.88e-05,5.748686,spin1_run_54_mzp_1000_mx_250,1000.0,250.0,1.1344988832795215,1.1095123190579734,Included,Included
EM2,2.7856058,2.7618313,0.0178967,2.46e-05,5.748686,spin1_run_54_mzp_1000_mx_250,1000.0,250.0,2.0814761567804667,2.0637112401187565,Included,Included
EM3,1.9455999,2.3480077,0.0119434,2.02e-05,5.748686,spin1_run_54_mzp_1000_mx_250,1000.0,250.0,2.448325020399209,2.954711294958434,Included,Included
EM4,1.320557,1.8473268,0.0133338,2.13e-05,5.748686,spin1_run_54_mzp_1000_mx_250,1000.0,250.0,3.111894441200117,4.353228221121845,Included,Included
EM5,1.0238735,1.2541354,0.0059933,1.43e-05,5.748686,spin1_run_54_mzp_1000_mx_250,1000.0,250.0,4.583784175137708,5.6146447778949256,Included,Included
EM6,1.1996819,1.657828,0.0024319,9.2e-06,5.748686,spin1_run_54_mzp_1000_mx_250,1000.0,250.0,3.4676009815252247,4.7918419040914095,Included,Included
EM7,0.9114617,1.325911,0.0015784,7.4e-06,5.748686,spin1_run_54_mzp_1000_mx_250,1000.0,250.0,4.335649979523512,6.307106486207813,Included,Included
EM8,-1.0,1.1495355,0.0008121,5.3e-06,5.748686,spin1_run_54_mzp_1000_mx_250,1000.0,250.0,5.000877310879046,-5.748686,Included,Excluded
EM9,1.8123456,1.5303682,0.000271,3.1e-06,5.748686,spin1_run_54_mzp_1000_mx_250,1000.0,250.0,3.7564071182346837,3.171959034744808,Included,Included
EM10,1.5097117,3.2234553,0.0002075,2.7e-06,5.748686,spin1_run_54_mzp_1000_mx_250,1000.0,250.0,1.783392498105992,3.807803834334728,Included,Included
EM11,2.1182688,2.3576527,0.0001041,1.9e-06,5.748686,spin1_run_54_mzp_1000_mx_250,1000.0,250.0,2.4383090859820022,2.7138604883384017,Included,Included
EM12,1.8457743,1.4782609,0.0001383,2.2e-06,5.748686,spin1_run_54_mzp_1000_mx_250,1000.0,250.0,3.888816919936122,3.1145118880461173,Included,Included
IM0,4.8725239,6.162328,0.1161124,6.49e-05,4.835122,spin1_run_55_mzp_1000_mx_300,1000.0,300.0,0.7846258751562721,0.9923239165640625,Excluded,Excluded
IM1,2.7524991,3.4675341,0.0820585,5.56e-05,4.835122,spin1_run_55_mzp_1000_mx_300,1000.0,300.0,1.394397822937055,1.756629820514746,Included,Included
IM2,2.0068675,2.7741551,0.0561528,4.67e-05,4.835122,spin1_run_55_mzp_1000_mx_300,1000.0,300.0,1.742916969566698,2.409288106962717,Included,Included
IM3,1.4979824,2.2137453,0.0379116,3.87e-05,4.835122,spin1_run_55_mzp_1000_mx_300,1000.0,300.0,2.1841365400075614,3.2277562139581883,Included,Included
IM4,1.3013276,2.0779169,0.0251955,3.18e-05,4.835122,spin1_run_55_mzp_1000_mx_300,1000.0,300.0,2.326908260864523,3.715530201618716,Included,Included
IM5,1.294113,1.9563655,0.0111705,2.13e-05,4.835122,spin1_run_55_mzp_1000_mx_300,1000.0,300.0,2.4714819393410896,3.7362440528763714,Included,Included
IM6,1.2839401,1.866335,0.0057076,1.53e-05,4.835122,spin1_run_55_mzp_1000_mx_300,1000.0,300.0,2.5907042411999988,3.7658470204334304,Included,Included
IM7,1.1746486,1.3730144,0.0030742,1.12e-05,4.835122,spin1_run_55_mzp_1000_mx_300,1000.0,300.0,3.52153772021619,4.1162284618565925,Included,Included
IM8,1.0,1.0775307,0.0019984,9.1e-06,4.835122,spin1_run_55_mzp_1000_mx_300,1000.0,300.0,4.487224354721401,4.835122,Included,Included
IM9,1.1936931,1.1383248,0.001056,6.6e-06,4.835122,spin1_run_55_mzp_1000_mx_300,1000.0,300.0,4.247576790033917,4.050557048541204,Included,Included
IM10,1.6044063,2.4770241,0.0005839,4.9e-06,4.835122,spin1_run_55_mzp_1000_mx_300,1000.0,300.0,1.9519882749626862,3.0136518411826234,Included,Included
IM11,1.5017079,1.3363645,0.0003773,3.9e-06,4.835122,spin1_run_55_mzp_1000_mx_300,1000.0,300.0,3.618116165163023,3.2197486608414327,Included,Included
IM12,1.6881333,1.3481201,0.0002065,2.9e-06,4.835122,spin1_run_55_mzp_1000_mx_300,1000.0,300.0,3.586566211719564,2.864182585581364,Included,Included
EM0,10.7761777,12.0292233,0.0340539,3.68e-05,4.835122,spin1_run_55_mzp_1000_mx_300,1000.0,300.0,0.4019479794676353,0.44868617933054317,Excluded,Excluded
EM1,4.9249906,4.7995321,0.0259057,3.22e-05,4.835122,spin1_run_55_mzp_1000_mx_300,1000.0,300.0,1.0074152853358351,0.9817525337002674,Included,Excluded
EM2,2.7323801,2.7142312,0.0182412,2.71e-05,4.835122,spin1_run_55_mzp_1000_mx_300,1000.0,300.0,1.781396514784739,1.769564197894722,Included,Included
EM3,1.8239402,2.2116252,0.0127161,2.27e-05,4.835122,spin1_run_55_mzp_1000_mx_300,1000.0,300.0,2.1862302889296075,2.6509213405132472,Included,Included
EM4,1.2444416,1.7565187,0.014025,2.38e-05,4.835122,spin1_run_55_mzp_1000_mx_300,1000.0,300.0,2.752673228016303,3.8853747737137683,Included,Included
EM5,1.1185935,1.3750945,0.0054629,1.49e-05,4.835122,spin1_run_55_mzp_1000_mx_300,1000.0,300.0,3.516210704064339,4.322501427015265,Included,Included
EM6,1.0993859,1.5300277,0.0026334,1.04e-05,4.835122,spin1_run_55_mzp_1000_mx_300,1000.0,300.0,3.160153244284401,4.398020749583927,Included,Included
EM7,1.3333996,1.9467745,0.0010758,6.6e-06,4.835122,spin1_run_55_mzp_1000_mx_300,1000.0,300.0,2.483657968603965,3.626161279784395,Included,Included
EM8,0.8614687,0.9948613,0.0009424,6.2e-06,4.835122,spin1_run_55_mzp_1000_mx_300,1000.0,300.0,4.860096578286843,5.61264965285448,Included,Included
EM9,1.0382555,0.8931852,0.0004721,4.4e-06,4.835122,spin1_run_55_mzp_1000_mx_300,1000.0,300.0,5.41334764615446,4.656967384232494,Included,Included
EM10,1.516354,3.2270293,0.0002066,2.9e-06,4.835122,spin1_run_55_mzp_1000_mx_300,1000.0,300.0,1.4983198324229656,3.188649879909309,Included,Included
EM11,1.282894,1.4406619,0.0001708,2.6e-06,4.835122,spin1_run_55_mzp_1000_mx_300,1000.0,300.0,3.3561809332224306,3.768917774968158,Included,Included
EM12,1.2316402,0.9857254,0.0002065,2.9e-06,4.835122,spin1_run_55_mzp_1000_mx_300,1000.0,300.0,4.905140924642908,3.9257585129163535,Included,Included
IM0,4.7473254,6.0103293,0.1191679,7.46e-05,3.752904,spin1_run_56_mzp_1000_mx_350,1000.0,350.0,0.6244090486023786,0.7905301793721576,Excluded,Excluded
IM1,2.669798,3.3724469,0.0847547,6.41e-05,3.752904,spin1_run_56_mzp_1000_mx_350,1000.0,350.0,1.1128133700192582,1.4056883704310212,Included,Included
IM2,2.0203242,2.7943739,0.0557103,5.28e-05,3.752904,spin1_run_56_mzp_1000_mx_350,1000.0,350.0,1.3430214188588006,1.8575751357133672,Included,Included
IM3,1.5204563,2.2402894,0.0375622,4.38e-05,3.752904,spin1_run_56_mzp_1000_mx_350,1000.0,350.0,1.675187143232477,2.46827481986822,Included,Included
IM4,1.3274057,2.1126827,0.0246783,3.57e-05,3.752904,spin1_run_56_mzp_1000_mx_350,1000.0,350.0,1.7763689739117,2.8272471633954868,Included,Included
IM5,1.2315504,1.859927,0.0117491,2.48e-05,3.752904,spin1_run_56_mzp_1000_mx_350,1000.0,350.0,2.017769514609982,3.047300378449798,Included,Included
IM6,1.1960727,1.7645122,0.0060594,1.79e-05,3.752904,spin1_run_56_mzp_1000_mx_350,1000.0,350.0,2.126879032063366,3.1376888712533946,Included,Included
IM7,1.0813873,1.2730339,0.0033291,1.33e-05,3.752904,spin1_run_56_mzp_1000_mx_350,1000.0,350.0,2.9480000493309726,3.4704531854590854,Included,Included
IM8,1.2049564,1.2874872,0.0016604,9.4e-06,3.752904,spin1_run_56_mzp_1000_mx_350,1000.0,350.0,2.914905872462266,3.114555846170036,Included,Included
IM9,1.5987437,1.5203271,0.0007886,6.5e-06,3.752904,spin1_run_56_mzp_1000_mx_350,1000.0,350.0,2.4684845780884914,2.347408155541129,Included,Included
IM10,2.7129602,4.2199417,0.0003428,4.3e-06,3.752904,spin1_run_56_mzp_1000_mx_350,1000.0,350.0,0.889326030262456,1.3833243849283157,Excluded,Included
IM11,2.7289736,2.418472,0.0002074,3.3e-06,3.752904,spin1_run_56_mzp_1000_mx_350,1000.0,350.0,1.5517665699664913,1.375207147478451,Included,Included
IM12,1.998341,1.5944162,0.0001741,3e-06,3.752904,spin1_run_56_mzp_1000_mx_350,1000.0,350.0,2.353779395869159,1.878009809136679,Included,Included
EM0,10.6750642,11.9291508,0.0344132,4.2e-05,3.752904,spin1_run_56_mzp_1000_mx_350,1000.0,350.0,0.3145994264738442,0.3515579793890139,Excluded,Excluded
EM1,4.3970824,4.2713585,0.0290444,3.86e-05,3.752904,spin1_run_56_mzp_1000_mx_350,1000.0,350.0,0.8786207011188595,0.8534986744846992,Excluded,Excluded
EM2,2.7595025,2.7172926,0.0181481,3.07e-05,3.752904,spin1_run_56_mzp_1000_mx_350,1000.0,350.0,1.3811188386558002,1.3599929697472644,Included,Included
EM3,1.8037513,2.1740959,0.0128839,2.6e-05,3.752904,spin1_run_56_mzp_1000_mx_350,1000.0,350.0,1.7261906432002376,2.080610558672917,Included,Included
EM4,1.3545543,1.9061905,0.0129292,2.6e-05,3.752904,spin1_run_56_mzp_1000_mx_350,1000.0,350.0,1.968797976907345,2.7705821759969314,Included,Included
EM5,1.0792448,1.3191037,0.0056897,1.73e-05,3.752904,spin1_run_56_mzp_1000_mx_350,1000.0,350.0,2.8450409167982773,3.4773426751743446,Included,Included
EM6,1.071557,1.4793742,0.0027303,1.2e-05,3.752904,spin1_run_56_mzp_1000_mx_350,1000.0,350.0,2.5368186088414952,3.5022905921010263,Included,Included
EM7,0.8621952,1.2588715,0.0016687,9.4e-06,3.752904,spin1_run_56_mzp_1000_mx_350,1000.0,350.0,2.9811652738186543,4.35273126085601,Included,Included
EM8,0.9327383,1.0659516,0.0008718,6.8e-06,3.752904,spin1_run_56_mzp_1000_mx_350,1000.0,350.0,3.5207076944206475,4.023533717871347,Included,Included
EM9,1.0979099,0.9315886,0.0004458,4.9e-06,3.752904,spin1_run_56_mzp_1000_mx_350,1000.0,350.0,4.028499275323893,3.4182258489517214,Included,Included
EM10,2.31165,4.9241339,0.0001354,2.7e-06,3.752904,spin1_run_56_mzp_1000_mx_350,1000.0,350.0,0.7621449936607125,1.6234741418467327,Excluded,Included
EM11,6.5754807,7.3846282,3.34e-05,1.3e-06,3.752904,spin1_run_56_mzp_1000_mx_350,1000.0,350.0,0.508204868052802,0.5707421512164123,Excluded,Excluded
EM12,1.464793,1.1738231,0.0001741,3e-06,3.752904,spin1_run_56_mzp_1000_mx_350,1000.0,350.0,3.1971631841288524,2.5620712278117113,Included,Included
IM0,4.7652868,6.0123922,0.1188731,9.18e-05,2.469936,spin1_run_57_mzp_1000_mx_400,1000.0,400.0,0.41080753181736884,0.5183184357340255,Excluded,Excluded
IM1,2.6743039,3.3863547,0.0843951,7.89e-05,2.469936,spin1_run_57_mzp_1000_mx_400,1000.0,400.0,0.729378998602834,0.9235808989397204,Excluded,Excluded
IM2,1.952373,2.694765,0.0578804,6.63e-05,2.469936,spin1_run_57_mzp_1000_mx_400,1000.0,400.0,0.9165682350780124,1.2650943236768795,Excluded,Included
IM3,1.5278764,2.2389264,0.0374971,5.39e-05,2.469936,spin1_run_57_mzp_1000_mx_400,1000.0,400.0,1.1031787378093358,1.616581027104025,Included,Included
IM4,1.3450941,2.1526909,0.0243669,4.37e-05,2.469936,spin1_run_57_mzp_1000_mx_400,1000.0,400.0,1.1473714131462163,1.836255173522804,Included,Included
IM5,1.2066899,1.8262103,0.0120057,3.09e-05,2.469936,spin1_run_57_mzp_1000_mx_400,1000.0,400.0,1.3524926455622335,2.046868876585443,Included,Included
IM6,1.1640156,1.7057765,0.0062337,2.23e-05,2.469936,spin1_run_57_mzp_1000_mx_400,1000.0,400.0,1.4479833671058313,2.1219097063647605,Included,Included
IM7,0.9973952,1.1759819,0.0035981,1.7e-05,2.469936,spin1_run_57_mzp_1000_mx_400,1000.0,400.0,2.1003180406092987,2.4763864915331455,Included,Included
IM8,1.0012899,1.0731478,0.0019986,1.27e-05,2.469936,spin1_run_57_mzp_1000_mx_400,1000.0,400.0,2.3015804533168684,2.4667541338427563,Included,Included
IM9,0.9144863,0.8572173,0.001387,1.06e-05,2.469936,spin1_run_57_mzp_1000_mx_400,1000.0,400.0,2.881341755468538,2.700899947872374,Included,Included
IM10,1.1911673,1.8487046,0.0007807,7.9e-06,2.469936,spin1_run_57_mzp_1000_mx_400,1000.0,400.0,1.3360360546514571,2.0735424822357027,Included,Included
IM11,1.1948967,1.0643853,0.0004737,6.2e-06,2.469936,spin1_run_57_mzp_1000_mx_400,1000.0,400.0,2.320528101994644,2.067070735068563,Included,Included
IM12,1.1415478,0.9055143,0.000306,5e-06,2.469936,spin1_run_57_mzp_1000_mx_400,1000.0,400.0,2.7276609546641066,2.1636728659106526,Included,Included
EM0,10.6642174,11.9009606,0.034478,5.18e-05,2.469936,spin1_run_57_mzp_1000_mx_400,1000.0,400.0,0.20754089379978288,0.23160968192565168,Excluded,Excluded
EM1,4.816975,4.7066735,0.0265147,4.56e-05,2.469936,spin1_run_57_mzp_1000_mx_400,1000.0,400.0,0.5247731757896528,0.5127566574458037,Excluded,Excluded
EM2,2.4350018,2.432248,0.0203833,4.01e-05,2.469936,spin1_run_57_mzp_1000_mx_400,1000.0,400.0,1.0154951304307784,1.0143466834398234,Included,Included
EM3,1.7656136,2.1385095,0.0131302,3.23e-05,2.469936,spin1_run_57_mzp_1000_mx_400,1000.0,400.0,1.1549801392044319,1.3989108375694435,Included,Included
EM4,1.4193299,1.99345,0.0123612,3.13e-05,2.469936,spin1_run_57_mzp_1000_mx_400,1000.0,400.0,1.2390258095261983,1.7402127581473485,Included,Included
EM5,1.0625879,1.2980587,0.005772,2.15e-05,2.469936,spin1_run_57_mzp_1000_mx_400,1000.0,400.0,1.902792223494978,2.3244533464008015,Included,Included
EM6,1.1028393,1.5300155,0.0026356,1.45e-05,2.469936,spin1_run_57_mzp_1000_mx_400,1000.0,400.0,1.6143209006706143,2.239615508805317,Included,Included
EM7,0.9007884,1.3104447,0.0015994,1.13e-05,2.469936,spin1_run_57_mzp_1000_mx_400,1000.0,400.0,1.8848075008430347,2.7419713664163528,Included,Included
EM8,1.3156129,1.5168087,0.0006116,7e-06,2.469936,spin1_run_57_mzp_1000_mx_400,1000.0,400.0,1.6283767359720447,1.8774033000132486,Included,Included
EM9,0.8078626,0.6873596,0.0006063,7e-06,2.469936,spin1_run_57_mzp_1000_mx_400,1000.0,400.0,3.59336801290038,3.057371389639773,Included,Included
EM10,1.025288,2.1679554,0.0003071,5e-06,2.469936,spin1_run_57_mzp_1000_mx_400,1000.0,400.0,1.1392928101749695,2.409016783576907,Included,Included
EM11,1.2985703,1.472196,0.0001677,3.7e-06,2.469936,spin1_run_57_mzp_1000_mx_400,1000.0,400.0,1.6777222598077974,1.902042577132713,Included,Included
EM12,0.8347642,0.6646445,0.000306,5e-06,2.469936,spin1_run_57_mzp_1000_mx_400,1000.0,400.0,3.7161760911284154,2.958842748646864,Included,Included
IM0,4.6192629,5.8342758,0.1228179,0.0001398,1.094835,spin1_run_58_mzp_1000_mx_450,1000.0,450.0,0.1876556812758149,0.23701508740712723,Excluded,Excluded
IM1,2.5621067,3.2150768,0.088312,0.0001209,1.094835,spin1_run_58_mzp_1000_mx_450,1000.0,450.0,0.3405315232283098,0.42731826898544073,Excluded,Excluded
IM2,1.8779906,2.5837676,0.0602774,0.0001014,1.094835,spin1_run_58_mzp_1000_mx_450,1000.0,450.0,0.4237358654083285,0.5829821512418646,Excluded,Excluded
IM3,1.3822461,2.0430517,0.0410184,8.45e-05,1.094835,spin1_run_58_mzp_1000_mx_450,1000.0,450.0,0.5358821805635169,0.7920695164196883,Excluded,Excluded
IM4,1.2319026,1.953496,0.0267977,6.88e-05,1.094835,spin1_run_58_mzp_1000_mx_450,1000.0,450.0,0.5604490615798549,0.8887350347340772,Excluded,Excluded
IM5,1.1750195,1.7840947,0.0122676,4.69e-05,1.094835,spin1_run_58_mzp_1000_mx_450,1000.0,450.0,0.6136641737683544,0.9317590048505577,Excluded,Excluded
IM6,1.2926607,1.9009249,0.0056282,3.19e-05,1.094835,spin1_run_58_mzp_1000_mx_450,1000.0,450.0,0.5759485816614849,0.8469623931477146,Excluded,Excluded
IM7,1.1012561,1.2957685,0.0032587,2.43e-05,1.094835,spin1_run_58_mzp_1000_mx_450,1000.0,450.0,0.8449310196998924,0.9941692944992541,Excluded,Excluded
IM8,1.0207573,1.0948945,0.0019628,1.89e-05,1.094835,spin1_run_58_mzp_1000_mx_450,1000.0,450.0,0.9999456568646568,1.0725713154341388,Excluded,Included
IM9,1.1272943,1.059577,0.001123,1.43e-05,1.094835,spin1_run_58_mzp_1000_mx_450,1000.0,450.0,1.0332755429761122,0.9712060107107789,Included,Excluded
IM10,1.4330021,2.2218456,0.0006493,1.09e-05,1.094835,spin1_run_58_mzp_1000_mx_450,1000.0,450.0,0.4927592628398661,0.7640149306131513,Excluded,Excluded
IM11,1.6347702,1.4529174,0.0003459,7.9e-06,1.094835,spin1_run_58_mzp_1000_mx_450,1000.0,450.0,0.7535424931933501,0.6697179823806428,Excluded,Excluded
IM12,2.0087801,1.5875009,0.0001741,5.6e-06,1.094835,spin1_run_58_mzp_1000_mx_450,1000.0,450.0,0.6896594515316495,0.5450248138161066,Excluded,Excluded
EM0,10.6389326,11.866131,0.0345059,7.78e-05,1.094835,spin1_run_58_mzp_1000_mx_450,1000.0,450.0,0.0922655413124969,0.10290835003504016,Excluded,Excluded
EM1,4.5650419,4.4382165,0.0280346,7.03e-05,1.094835,spin1_run_58_mzp_1000_mx_450,1000.0,450.0,0.24668354957447433,0.2398302193020397,Excluded,Excluded
EM2,2.5943762,2.5866231,0.0192589,5.86e-05,1.094835,spin1_run_58_mzp_1000_mx_450,1000.0,450.0,0.42326808262092763,0.42200317748829175,Excluded,Excluded
EM3,1.6266365,1.9727631,0.0142208,5.04e-05,1.094835,spin1_run_58_mzp_1000_mx_450,1000.0,450.0,0.5549754048015192,0.6730667853573924,Excluded,Excluded
EM4,1.2028095,1.6978787,0.0145301,5.1e-05,1.094835,spin1_run_58_mzp_1000_mx_450,1000.0,450.0,0.644825216312567,0.9102314206863181,Excluded,Excluded
EM5,0.9263186,1.1260031,0.0066394,3.46e-05,1.094835,spin1_run_58_mzp_1000_mx_450,1000.0,450.0,0.9723197032050801,1.1819205616728412,Excluded,Included
EM6,1.2287755,1.7023761,0.0023695,2.07e-05,1.094835,spin1_run_58_mzp_1000_mx_450,1000.0,450.0,0.6431216932615537,0.8909967687344027,Excluded,Excluded
EM7,1.1085249,1.6149602,0.0012959,1.53e-05,1.094835,spin1_run_58_mzp_1000_mx_450,1000.0,450.0,0.6779331156272458,0.9876503450666738,Excluded,Excluded
EM8,0.9670788,1.1082123,0.0008398,1.23e-05,1.094835,spin1_run_58_mzp_1000_mx_450,1000.0,450.0,0.9879289374427627,1.1321052638109739,Excluded,Included
EM9,1.0334457,0.8763535,0.0004736,9.3e-06,1.094835,spin1_run_58_mzp_1000_mx_450,1000.0,450.0,1.2493074997703553,1.0594025404527787,Included,Included
EM10,1.0340072,2.2010739,0.0003034,7.4e-06,1.094835,spin1_run_58_mzp_1000_mx_450,1000.0,450.0,0.4974094690777988,1.0588272499456484,Excluded,Included
EM11,1.2782936,1.4394652,0.0001718,5.6e-06,1.094835,spin1_run_58_mzp_1000_mx_450,1000.0,450.0,0.7605845559864872,0.8564816408374414,Excluded,Excluded
EM12,1.4606576,1.1768971,0.0001741,5.6e-06,1.094835,spin1_run_58_mzp_1000_mx_450,1000.0,450.0,0.9302724936615104,0.749549381045907,Excluded,Excluded
IM0,4.2353972,5.391574,0.1332116,0.0004259,0.1257684,spin1_run_59_mzp_1000_mx_500,1000.0,500.0,0.023326842959032,0.029694593933244324,Excluded,Excluded
IM1,2.2971322,2.894559,0.0983744,0.0003733,0.1257684,spin1_run_59_mzp_1000_mx_500,1000.0,500.0,0.04344993486054352,0.05475017937583218,Excluded,Excluded
IM2,1.6642635,2.2706984,0.0685401,0.0003167,0.1257684,spin1_run_59_mzp_1000_mx_500,1000.0,500.0,0.05538754067911441,0.07557000438932898,Excluded,Excluded
IM3,1.1813518,1.7474648,0.0479943,0.0002679,0.1257684,spin1_run_59_mzp_1000_mx_500,1000.0,500.0,0.07197192183785334,0.10646142833997459,Excluded,Excluded
IM4,0.9913212,1.5788156,0.0331581,0.0002244,0.1257684,spin1_run_59_mzp_1000_mx_500,1000.0,500.0,0.07965996788985363,0.1268694747978758,Excluded,Excluded
IM5,0.9777396,1.4842007,0.014764,0.0001512,0.1257684,spin1_run_59_mzp_1000_mx_500,1000.0,500.0,0.08473813548262038,0.12863179521418586,Excluded,Excluded
IM6,0.9198128,1.3493454,0.0079442,0.0001113,0.1257684,spin1_run_59_mzp_1000_mx_500,1000.0,500.0,0.09320697280325704,0.13673260472130852,Excluded,Excluded
IM7,0.7639674,0.8982075,0.0047096,8.58e-05,0.1257684,spin1_run_59_mzp_1000_mx_500,1000.0,500.0,0.14002154290628835,0.16462534919683747,Excluded,Excluded
IM8,0.7706577,0.8212843,0.0026012,6.38e-05,0.1257684,spin1_run_59_mzp_1000_mx_500,1000.0,500.0,0.15313625257416952,0.16319618943663317,Excluded,Excluded
IM9,0.8869505,0.8367193,0.0014248,4.73e-05,0.1257684,spin1_run_59_mzp_1000_mx_500,1000.0,500.0,0.15031134097181695,0.14179866858409798,Excluded,Excluded
IM10,0.9837223,1.5113487,0.0009526,3.87e-05,0.1257684,spin1_run_59_mzp_1000_mx_500,1000.0,500.0,0.08321600435425656,0.12784949573675417,Excluded,Excluded
IM11,1.191332,1.0569809,0.0004757,2.73e-05,0.1257684,spin1_run_59_mzp_1000_mx_500,1000.0,500.0,0.11898833744299449,0.10556956415172261,Excluded,Excluded
IM12,1.2837771,1.0158196,0.0002718,2.07e-05,0.1257684,spin1_run_59_mzp_1000_mx_500,1000.0,500.0,0.12380977882293275,0.09796747426013441,Excluded,Excluded
EM0,10.5796421,11.7219827,0.0348372,0.0002298,0.1257684,spin1_run_59_mzp_1000_mx_500,1000.0,500.0,0.010729277053104678,0.011887774540123621,Excluded,Excluded
EM1,4.2823187,4.1731279,0.0298343,0.0002132,0.1257684,spin1_run_59_mzp_1000_mx_500,1000.0,500.0,0.030137681617666213,0.029369229338302168,Excluded,Excluded
EM2,2.439854,2.4105078,0.0205457,0.0001778,0.1257684,spin1_run_59_mzp_1000_mx_500,1000.0,500.0,0.0521750645237489,0.0515475106297344,Excluded,Excluded
EM3,1.562951,1.8953861,0.0148362,0.0001515,0.1257684,spin1_run_59_mzp_1000_mx_500,1000.0,500.0,0.0663550291943156,0.08046854955785562,Excluded,Excluded
EM4,0.95321,1.3402957,0.0183941,0.0001684,0.1257684,spin1_run_59_mzp_1000_mx_500,1000.0,500.0,0.0938363079132463,0.13194196451988544,Excluded,Excluded
EM5,0.901885,1.10316,0.0068198,0.0001031,0.1257684,spin1_run_59_mzp_1000_mx_500,1000.0,500.0,0.11400739693244862,0.1394505951423962,Excluded,Excluded
EM6,0.9011413,1.2484175,0.0032346,7.12e-05,0.1257684,spin1_run_59_mzp_1000_mx_500,1000.0,500.0,0.1007422597007812,0.1395656818747515,Excluded,Excluded
EM7,0.6814243,0.9961091,0.0021084,5.75e-05,0.1257684,spin1_run_59_mzp_1000_mx_500,1000.0,500.0,0.12625966372558992,0.18456694309257832,Excluded,Excluded
EM8,0.689329,0.7918307,0.0011763,4.3e-05,0.1257684,spin1_run_59_mzp_1000_mx_500,1000.0,500.0,0.1588324372874151,0.18245046994976274,Excluded,Excluded
EM9,1.0329636,0.8828163,0.0004723,2.72e-05,0.1257684,spin1_run_59_mzp_1000_mx_500,1000.0,500.0,0.14246270713397566,0.12175491953443471,Excluded,Excluded
EM10,0.6570304,1.3993478,0.0004769,2.74e-05,0.1257684,spin1_run_59_mzp_1000_mx_500,1000.0,500.0,0.0898764410105908,0.19141945334645094,Excluded,Excluded
EM11,1.0823872,1.2123358,0.0002039,1.79e-05,0.1257684,spin1_run_59_mzp_1000_mx_500,1000.0,500.0,0.10374056428920107,0.11619538738078203,Excluded,Excluded
EM12,0.9413621,0.7514799,0.0002718,2.07e-05,0.1257684,spin1_run_59_mzp_1000_mx_500,1000.0,500.0,0.16736096334712347,0.13360257439724843,Excluded,Excluded
