filename,Total xsec (pb),Total MC Events,Coupling,Mode,$m_{med}$,$m_{DM}$,$g_{DM}$,$g_{q}$,analysis name,signal region,sig95(exp),sig95(obs),efficiency,stat
run_45/mzp_2017.4_mx_327.7_nevents_28500,0.209518988,28500,Axial,DM+QCDjets,2017.4,327.73,1.0,0.25,atlas_exot_2018_06,IM0,2.9953061,3.7948411,0.1888482,0.0003959
run_45/mzp_2017.4_mx_327.7_nevents_28500,0.209518988,28500,Axial,DM+QCDjets,2017.4,327.73,1.0,0.25,atlas_exot_2018_06,IM1,1.5155167,1.9054638,0.1490357,0.0003603
run_45/mzp_2017.4_mx_327.7_nevents_28500,0.209518988,28500,Axial,DM+QCDjets,2017.4,327.73,1.0,0.25,atlas_exot_2018_06,IM2,1.0056079,1.3783126,0.1126731,0.0003199
run_45/mzp_2017.4_mx_327.7_nevents_28500,0.209518988,28500,Axial,DM+QCDjets,2017.4,327.73,1.0,0.25,atlas_exot_2018_06,IM3,0.6570951,0.9723115,0.0862722,0.000284
run_45/mzp_2017.4_mx_327.7_nevents_28500,0.209518988,28500,Axial,DM+QCDjets,2017.4,327.73,1.0,0.25,atlas_exot_2018_06,IM4,0.501254,0.7966647,0.0656505,0.0002506
run_45/mzp_2017.4_mx_327.7_nevents_28500,0.209518988,28500,Axial,DM+QCDjets,2017.4,327.73,1.0,0.25,atlas_exot_2018_06,IM5,0.3806998,0.5743398,0.0380793,0.0001936
run_45/mzp_2017.4_mx_327.7_nevents_28500,0.209518988,28500,Axial,DM+QCDjets,2017.4,327.73,1.0,0.25,atlas_exot_2018_06,IM6,0.311109,0.4560727,0.0234558,0.0001531
run_45/mzp_2017.4_mx_327.7_nevents_28500,0.209518988,28500,Axial,DM+QCDjets,2017.4,327.73,1.0,0.25,atlas_exot_2018_06,IM7,0.2514987,0.2981496,0.0142768,0.00012
run_45/mzp_2017.4_mx_327.7_nevents_28500,0.209518988,28500,Axial,DM+QCDjets,2017.4,327.73,1.0,0.25,atlas_exot_2018_06,IM8,0.2167263,0.2310883,0.0092503,9.68e-05
run_45/mzp_2017.4_mx_327.7_nevents_28500,0.209518988,28500,Axial,DM+QCDjets,2017.4,327.73,1.0,0.25,atlas_exot_2018_06,IM9,0.2096704,0.1986994,0.0060363,7.84e-05
run_45/mzp_2017.4_mx_327.7_nevents_28500,0.209518988,28500,Axial,DM+QCDjets,2017.4,327.73,1.0,0.25,atlas_exot_2018_06,IM10,0.2063449,0.3185903,0.0045253,6.79e-05
run_45/mzp_2017.4_mx_327.7_nevents_28500,0.209518988,28500,Axial,DM+QCDjets,2017.4,327.73,1.0,0.25,atlas_exot_2018_06,IM11,0.1984937,0.1769284,0.0028252,5.37e-05
run_45/mzp_2017.4_mx_327.7_nevents_28500,0.209518988,28500,Axial,DM+QCDjets,2017.4,327.73,1.0,0.25,atlas_exot_2018_06,IM12,0.18952,0.150615,0.0018391,4.33e-05
run_45/mzp_2017.4_mx_327.7_nevents_28500,0.209518988,28500,Axial,DM+QCDjets,2017.4,327.73,1.0,0.25,atlas_exot_2018_06,EM0,9.2574211,10.3260641,0.0398126,0.0001978
run_45/mzp_2017.4_mx_327.7_nevents_28500,0.209518988,28500,Axial,DM+QCDjets,2017.4,327.73,1.0,0.25,atlas_exot_2018_06,EM1,3.4948839,3.415812,0.0363625,0.0001894
run_45/mzp_2017.4_mx_327.7_nevents_28500,0.209518988,28500,Axial,DM+QCDjets,2017.4,327.73,1.0,0.25,atlas_exot_2018_06,EM2,1.8999571,1.8773288,0.026401,0.0001622
run_45/mzp_2017.4_mx_327.7_nevents_28500,0.209518988,28500,Axial,DM+QCDjets,2017.4,327.73,1.0,0.25,atlas_exot_2018_06,EM3,1.1246544,1.3602616,0.0206217,0.0001438
run_45/mzp_2017.4_mx_327.7_nevents_28500,0.209518988,28500,Axial,DM+QCDjets,2017.4,327.73,1.0,0.25,atlas_exot_2018_06,EM4,0.6348754,0.8949202,0.0275712,0.0001656
run_45/mzp_2017.4_mx_327.7_nevents_28500,0.209518988,28500,Axial,DM+QCDjets,2017.4,327.73,1.0,0.25,atlas_exot_2018_06,EM5,0.419168,0.5123206,0.0146235,0.0001214
run_45/mzp_2017.4_mx_327.7_nevents_28500,0.209518988,28500,Axial,DM+QCDjets,2017.4,327.73,1.0,0.25,atlas_exot_2018_06,EM6,0.3181734,0.4396743,0.009179,9.65e-05
run_45/mzp_2017.4_mx_327.7_nevents_28500,0.209518988,28500,Axial,DM+QCDjets,2017.4,327.73,1.0,0.25,atlas_exot_2018_06,EM7,0.286211,0.4172689,0.0050265,7.15e-05
run_45/mzp_2017.4_mx_327.7_nevents_28500,0.209518988,28500,Axial,DM+QCDjets,2017.4,327.73,1.0,0.25,atlas_exot_2018_06,EM8,0.2514175,0.290606,0.003214,5.73e-05
run_45/mzp_2017.4_mx_327.7_nevents_28500,0.209518988,28500,Axial,DM+QCDjets,2017.4,327.73,1.0,0.25,atlas_exot_2018_06,EM9,0.323218,0.2752004,0.001511,3.93e-05
run_45/mzp_2017.4_mx_327.7_nevents_28500,0.209518988,28500,Axial,DM+QCDjets,2017.4,327.73,1.0,0.25,atlas_exot_2018_06,EM10,0.1838467,0.3920889,0.0017001,4.17e-05
run_45/mzp_2017.4_mx_327.7_nevents_28500,0.209518988,28500,Axial,DM+QCDjets,2017.4,327.73,1.0,0.25,atlas_exot_2018_06,EM11,0.2219906,0.2513366,0.0009861,3.18e-05
run_45/mzp_2017.4_mx_327.7_nevents_28500,0.209518988,28500,Axial,DM+QCDjets,2017.4,327.73,1.0,0.25,atlas_exot_2018_06,EM12,0.1386307,0.1108293,0.0018391,4.33e-05
run_07/mzp_464.3_mx_299.8_nevents_28500,0.16741317,28500,Axial,DM+QCDjets,464.262,299.82,1.0,0.25,atlas_exot_2018_06,IM0,4.6734645,5.9160343,0.1210814,0.0003752
run_07/mzp_464.3_mx_299.8_nevents_28500,0.16741317,28500,Axial,DM+QCDjets,464.262,299.82,1.0,0.25,atlas_exot_2018_06,IM1,2.5085568,3.139033,0.0906929,0.0003303
run_07/mzp_464.3_mx_299.8_nevents_28500,0.16741317,28500,Axial,DM+QCDjets,464.262,299.82,1.0,0.25,atlas_exot_2018_06,IM2,1.7712424,2.4329187,0.0640487,0.0002816
run_07/mzp_464.3_mx_299.8_nevents_28500,0.16741317,28500,Axial,DM+QCDjets,464.262,299.82,1.0,0.25,atlas_exot_2018_06,IM3,1.2833442,1.8834398,0.0444902,0.0002371
run_07/mzp_464.3_mx_299.8_nevents_28500,0.16741317,28500,Axial,DM+QCDjets,464.262,299.82,1.0,0.25,atlas_exot_2018_06,IM4,1.0824115,1.7160781,0.0304772,0.0001977
run_07/mzp_464.3_mx_299.8_nevents_28500,0.16741317,28500,Axial,DM+QCDjets,464.262,299.82,1.0,0.25,atlas_exot_2018_06,IM5,0.9599463,1.4574257,0.0150406,0.00014
run_07/mzp_464.3_mx_299.8_nevents_28500,0.16741317,28500,Axial,DM+QCDjets,464.262,299.82,1.0,0.25,atlas_exot_2018_06,IM6,0.9134256,1.335666,0.0079702,0.0001023
run_07/mzp_464.3_mx_299.8_nevents_28500,0.16741317,28500,Axial,DM+QCDjets,464.262,299.82,1.0,0.25,atlas_exot_2018_06,IM7,0.9073254,1.0678074,0.0039654,7.23e-05
run_07/mzp_464.3_mx_299.8_nevents_28500,0.16741317,28500,Axial,DM+QCDjets,464.262,299.82,1.0,0.25,atlas_exot_2018_06,IM8,1.0234849,1.0939731,0.0019503,5.07e-05
run_07/mzp_464.3_mx_299.8_nevents_28500,0.16741317,28500,Axial,DM+QCDjets,464.262,299.82,1.0,0.25,atlas_exot_2018_06,IM9,1.1855444,1.122084,0.0010632,3.75e-05
run_07/mzp_464.3_mx_299.8_nevents_28500,0.16741317,28500,Axial,DM+QCDjets,464.262,299.82,1.0,0.25,atlas_exot_2018_06,IM10,1.4331645,2.2111895,0.0006531,2.94e-05
run_07/mzp_464.3_mx_299.8_nevents_28500,0.16741317,28500,Axial,DM+QCDjets,464.262,299.82,1.0,0.25,atlas_exot_2018_06,IM11,1.7867663,1.6059529,0.0003146,2.04e-05
run_07/mzp_464.3_mx_299.8_nevents_28500,0.16741317,28500,Axial,DM+QCDjets,464.262,299.82,1.0,0.25,atlas_exot_2018_06,IM12,1.4701517,1.1680766,0.0002357,1.77e-05
run_07/mzp_464.3_mx_299.8_nevents_28500,0.16741317,28500,Axial,DM+QCDjets,464.262,299.82,1.0,0.25,atlas_exot_2018_06,EM0,12.1495183,13.4947847,0.0303885,0.0001974
run_07/mzp_464.3_mx_299.8_nevents_28500,0.16741317,28500,Axial,DM+QCDjets,464.262,299.82,1.0,0.25,atlas_exot_2018_06,EM1,4.8046452,4.6549826,0.0266442,0.0001852
run_07/mzp_464.3_mx_299.8_nevents_28500,0.16741317,28500,Axial,DM+QCDjets,464.262,299.82,1.0,0.25,atlas_exot_2018_06,EM2,2.563032,2.5308539,0.0195585,0.0001593
run_07/mzp_464.3_mx_299.8_nevents_28500,0.16741317,28500,Axial,DM+QCDjets,464.262,299.82,1.0,0.25,atlas_exot_2018_06,EM3,1.6547871,1.9995605,0.0140131,0.0001352
run_07/mzp_464.3_mx_299.8_nevents_28500,0.16741317,28500,Axial,DM+QCDjets,464.262,299.82,1.0,0.25,atlas_exot_2018_06,EM4,1.1380278,1.5977145,0.0154366,0.0001418
run_07/mzp_464.3_mx_299.8_nevents_28500,0.16741317,28500,Axial,DM+QCDjets,464.262,299.82,1.0,0.25,atlas_exot_2018_06,EM5,0.8665861,1.059959,0.0070704,9.64e-05
run_07/mzp_464.3_mx_299.8_nevents_28500,0.16741317,28500,Axial,DM+QCDjets,464.262,299.82,1.0,0.25,atlas_exot_2018_06,EM6,0.726022,1.0060395,0.0040047,7.26e-05
run_07/mzp_464.3_mx_299.8_nevents_28500,0.16741317,28500,Axial,DM+QCDjets,464.262,299.82,1.0,0.25,atlas_exot_2018_06,EM7,0.7125853,1.0431051,0.0020152,5.16e-05
run_07/mzp_464.3_mx_299.8_nevents_28500,0.16741317,28500,Axial,DM+QCDjets,464.262,299.82,1.0,0.25,atlas_exot_2018_06,EM8,0.9173453,1.0462907,0.000887,3.42e-05
run_07/mzp_464.3_mx_299.8_nevents_28500,0.16741317,28500,Axial,DM+QCDjets,464.262,299.82,1.0,0.25,atlas_exot_2018_06,EM9,1.1817954,1.0091587,0.0004101,2.33e-05
run_07/mzp_464.3_mx_299.8_nevents_28500,0.16741317,28500,Axial,DM+QCDjets,464.262,299.82,1.0,0.25,atlas_exot_2018_06,EM10,0.9228746,1.9703734,0.0003384,2.12e-05
run_07/mzp_464.3_mx_299.8_nevents_28500,0.16741317,28500,Axial,DM+QCDjets,464.262,299.82,1.0,0.25,atlas_exot_2018_06,EM11,2.7876938,3.1209904,7.89e-05,1.02e-05
run_07/mzp_464.3_mx_299.8_nevents_28500,0.16741317,28500,Axial,DM+QCDjets,464.262,299.82,1.0,0.25,atlas_exot_2018_06,EM12,1.0847539,0.8658709,0.0002357,1.77e-05
run_27/mzp_1000.1_mx_558.5_nevents_28500,0.019565506429999997,28500,Axial,DM+QCDjets,1000.1,558.45,1.0,0.25,atlas_exot_2018_06,IM0,3.4384089,4.3741745,0.1638102,0.0012332
run_27/mzp_1000.1_mx_558.5_nevents_28500,0.019565506429999997,28500,Axial,DM+QCDjets,1000.1,558.45,1.0,0.25,atlas_exot_2018_06,IM1,1.757802,2.2030304,0.1291093,0.0011173
run_27/mzp_1000.1_mx_558.5_nevents_28500,0.019565506429999997,28500,Axial,DM+QCDjets,1000.1,558.45,1.0,0.25,atlas_exot_2018_06,IM2,1.1695464,1.6179992,0.0965001,0.0009839
run_27/mzp_1000.1_mx_558.5_nevents_28500,0.019565506429999997,28500,Axial,DM+QCDjets,1000.1,558.45,1.0,0.25,atlas_exot_2018_06,IM3,0.7988244,1.1793489,0.0711206,0.0008564
run_27/mzp_1000.1_mx_558.5_nevents_28500,0.019565506429999997,28500,Axial,DM+QCDjets,1000.1,558.45,1.0,0.25,atlas_exot_2018_06,IM4,0.6245877,0.9970303,0.05244,0.0007427
run_27/mzp_1000.1_mx_558.5_nevents_28500,0.019565506429999997,28500,Axial,DM+QCDjets,1000.1,558.45,1.0,0.25,atlas_exot_2018_06,IM5,0.486079,0.7363167,0.0297109,0.0005657
run_27/mzp_1000.1_mx_558.5_nevents_28500,0.019565506429999997,28500,Axial,DM+QCDjets,1000.1,558.45,1.0,0.25,atlas_exot_2018_06,IM6,0.4187773,0.6151977,0.0173642,0.0004352
run_27/mzp_1000.1_mx_558.5_nevents_28500,0.019565506429999997,28500,Axial,DM+QCDjets,1000.1,558.45,1.0,0.25,atlas_exot_2018_06,IM7,0.334088,0.393986,0.0107343,0.0003434
run_27/mzp_1000.1_mx_558.5_nevents_28500,0.019565506429999997,28500,Axial,DM+QCDjets,1000.1,558.45,1.0,0.25,atlas_exot_2018_06,IM8,0.281495,0.2993752,0.0071249,0.0002802
run_27/mzp_1000.1_mx_558.5_nevents_28500,0.019565506429999997,28500,Axial,DM+QCDjets,1000.1,558.45,1.0,0.25,atlas_exot_2018_06,IM9,0.3022603,0.2834419,0.0041879,0.0002152
run_27/mzp_1000.1_mx_558.5_nevents_28500,0.019565506429999997,28500,Axial,DM+QCDjets,1000.1,558.45,1.0,0.25,atlas_exot_2018_06,IM10,0.3306543,0.5100046,0.0028219,0.0001767
run_27/mzp_1000.1_mx_558.5_nevents_28500,0.019565506429999997,28500,Axial,DM+QCDjets,1000.1,558.45,1.0,0.25,atlas_exot_2018_06,IM11,0.3593885,0.3214312,0.0015705,0.0001319
run_27/mzp_1000.1_mx_558.5_nevents_28500,0.019565506429999997,28500,Axial,DM+QCDjets,1000.1,558.45,1.0,0.25,atlas_exot_2018_06,IM12,0.4865827,0.3869767,0.0007164,8.92e-05
run_27/mzp_1000.1_mx_558.5_nevents_28500,0.019565506429999997,28500,Axial,DM+QCDjets,1000.1,558.45,1.0,0.25,atlas_exot_2018_06,EM0,10.5938088,11.8751811,0.0347008,0.0006098
run_27/mzp_1000.1_mx_558.5_nevents_28500,0.019565506429999997,28500,Axial,DM+QCDjets,1000.1,558.45,1.0,0.25,atlas_exot_2018_06,EM1,3.9189946,3.8211169,0.0326092,0.0005918
run_27/mzp_1000.1_mx_558.5_nevents_28500,0.019565506429999997,28500,Axial,DM+QCDjets,1000.1,558.45,1.0,0.25,atlas_exot_2018_06,EM2,1.9664906,1.9475806,0.0253795,0.000524
run_27/mzp_1000.1_mx_558.5_nevents_28500,0.019565506429999997,28500,Axial,DM+QCDjets,1000.1,558.45,1.0,0.25,atlas_exot_2018_06,EM3,1.2370428,1.5048233,0.0186807,0.0004511
run_27/mzp_1000.1_mx_558.5_nevents_28500,0.019565506429999997,28500,Axial,DM+QCDjets,1000.1,558.45,1.0,0.25,atlas_exot_2018_06,EM4,0.7685817,1.0865137,0.0227291,0.0004966
run_27/mzp_1000.1_mx_558.5_nevents_28500,0.019565506429999997,28500,Axial,DM+QCDjets,1000.1,558.45,1.0,0.25,atlas_exot_2018_06,EM5,0.4974302,0.6064427,0.0123467,0.0003679
run_27/mzp_1000.1_mx_558.5_nevents_28500,0.019565506429999997,28500,Axial,DM+QCDjets,1000.1,558.45,1.0,0.25,atlas_exot_2018_06,EM6,0.4409588,0.6097339,0.0066299,0.0002704
run_27/mzp_1000.1_mx_558.5_nevents_28500,0.019565506429999997,28500,Axial,DM+QCDjets,1000.1,558.45,1.0,0.25,atlas_exot_2018_06,EM7,0.3995883,0.581481,0.0036094,0.0001998
run_27/mzp_1000.1_mx_558.5_nevents_28500,0.019565506429999997,28500,Axial,DM+QCDjets,1000.1,558.45,1.0,0.25,atlas_exot_2018_06,EM8,0.2765621,0.3170121,0.0029371,0.0001803
run_27/mzp_1000.1_mx_558.5_nevents_28500,0.019565506429999997,28500,Axial,DM+QCDjets,1000.1,558.45,1.0,0.25,atlas_exot_2018_06,EM9,0.3557282,0.3051467,0.001366,0.0001231
run_27/mzp_1000.1_mx_558.5_nevents_28500,0.019565506429999997,28500,Axial,DM+QCDjets,1000.1,558.45,1.0,0.25,atlas_exot_2018_06,EM10,0.2497996,0.5335761,0.0012514,0.0001178
run_27/mzp_1000.1_mx_558.5_nevents_28500,0.019565506429999997,28500,Axial,DM+QCDjets,1000.1,558.45,1.0,0.25,atlas_exot_2018_06,EM11,0.2571381,0.2888836,0.0008541,9.73e-05
run_27/mzp_1000.1_mx_558.5_nevents_28500,0.019565506429999997,28500,Axial,DM+QCDjets,1000.1,558.45,1.0,0.25,atlas_exot_2018_06,EM12,0.3546868,0.2847746,0.0007164,8.92e-05
run_04/mzp_464.3_mx_450.1_nevents_28500,0.0196450026,28500,Axial,DM+QCDjets,464.262,450.11,1.0,0.25,atlas_exot_2018_06,IM0,3.5772779,4.5405979,0.1581052,0.0012152
run_04/mzp_464.3_mx_450.1_nevents_28500,0.0196450026,28500,Axial,DM+QCDjets,464.262,450.11,1.0,0.25,atlas_exot_2018_06,IM1,1.8778135,2.3585522,0.120782,0.0010854
run_04/mzp_464.3_mx_450.1_nevents_28500,0.0196450026,28500,Axial,DM+QCDjets,464.262,450.11,1.0,0.25,atlas_exot_2018_06,IM2,1.2836841,1.7775225,0.0879832,0.0009435
run_04/mzp_464.3_mx_450.1_nevents_28500,0.0196450026,28500,Axial,DM+QCDjets,464.262,450.11,1.0,0.25,atlas_exot_2018_06,IM3,0.8659732,1.268346,0.0659264,0.0008266
run_04/mzp_464.3_mx_450.1_nevents_28500,0.0196450026,28500,Axial,DM+QCDjets,464.262,450.11,1.0,0.25,atlas_exot_2018_06,IM4,0.683058,1.0879748,0.0481775,0.0007133
run_04/mzp_464.3_mx_450.1_nevents_28500,0.0196450026,28500,Axial,DM+QCDjets,464.262,450.11,1.0,0.25,atlas_exot_2018_06,IM5,0.5415761,0.8224137,0.0265964,0.0005359
run_04/mzp_464.3_mx_450.1_nevents_28500,0.0196450026,28500,Axial,DM+QCDjets,464.262,450.11,1.0,0.25,atlas_exot_2018_06,IM6,0.4767172,0.6991154,0.0152478,0.0004082
run_04/mzp_464.3_mx_450.1_nevents_28500,0.0196450026,28500,Axial,DM+QCDjets,464.262,450.11,1.0,0.25,atlas_exot_2018_06,IM7,0.4190177,0.4893591,0.0086244,0.000308
run_04/mzp_464.3_mx_450.1_nevents_28500,0.0196450026,28500,Axial,DM+QCDjets,464.262,450.11,1.0,0.25,atlas_exot_2018_06,IM8,0.3784055,0.4030518,0.0053228,0.0002424
run_04/mzp_464.3_mx_450.1_nevents_28500,0.0196450026,28500,Axial,DM+QCDjets,464.262,450.11,1.0,0.25,atlas_exot_2018_06,IM9,0.3643445,0.3450944,0.0034672,0.0001958
run_04/mzp_464.3_mx_450.1_nevents_28500,0.0196450026,28500,Axial,DM+QCDjets,464.262,450.11,1.0,0.25,atlas_exot_2018_06,IM10,0.4786493,0.7398772,0.0019556,0.0001472
run_04/mzp_464.3_mx_450.1_nevents_28500,0.0196450026,28500,Axial,DM+QCDjets,464.262,450.11,1.0,0.25,atlas_exot_2018_06,IM11,0.4823046,0.4329693,0.001166,0.0001137
run_04/mzp_464.3_mx_450.1_nevents_28500,0.0196450026,28500,Axial,DM+QCDjets,464.262,450.11,1.0,0.25,atlas_exot_2018_06,IM12,0.404498,0.3205903,0.0008632,9.78e-05
run_04/mzp_464.3_mx_450.1_nevents_28500,0.0196450026,28500,Axial,DM+QCDjets,464.262,450.11,1.0,0.25,atlas_exot_2018_06,EM0,9.8663233,10.9879828,0.0373231,0.0006314
run_04/mzp_464.3_mx_450.1_nevents_28500,0.0196450026,28500,Axial,DM+QCDjets,464.262,450.11,1.0,0.25,atlas_exot_2018_06,EM1,3.8745361,3.7798849,0.0327988,0.0005933
run_04/mzp_464.3_mx_450.1_nevents_28500,0.0196450026,28500,Axial,DM+QCDjets,464.262,450.11,1.0,0.25,atlas_exot_2018_06,EM2,2.2692931,2.2532465,0.0220568,0.0004892
run_04/mzp_464.3_mx_450.1_nevents_28500,0.0196450026,28500,Axial,DM+QCDjets,464.262,450.11,1.0,0.25,atlas_exot_2018_06,EM3,1.3013351,1.5784461,0.0177489,0.0004398
run_04/mzp_464.3_mx_450.1_nevents_28500,0.0196450026,28500,Axial,DM+QCDjets,464.262,450.11,1.0,0.25,atlas_exot_2018_06,EM4,0.8115332,1.1480298,0.0215811,0.000484
run_04/mzp_464.3_mx_450.1_nevents_28500,0.0196450026,28500,Axial,DM+QCDjets,464.262,450.11,1.0,0.25,atlas_exot_2018_06,EM5,0.5432012,0.6607427,0.0113485,0.0003528
run_04/mzp_464.3_mx_450.1_nevents_28500,0.0196450026,28500,Axial,DM+QCDjets,464.262,450.11,1.0,0.25,atlas_exot_2018_06,EM6,0.4410831,0.6098464,0.0066235,0.0002702
run_04/mzp_464.3_mx_450.1_nevents_28500,0.0196450026,28500,Axial,DM+QCDjets,464.262,450.11,1.0,0.25,atlas_exot_2018_06,EM7,0.4347956,0.6358991,0.0033016,0.0001911
run_04/mzp_464.3_mx_450.1_nevents_28500,0.0196450026,28500,Axial,DM+QCDjets,464.262,450.11,1.0,0.25,atlas_exot_2018_06,EM8,0.4353046,0.5002419,0.0018556,0.0001434
run_04/mzp_464.3_mx_450.1_nevents_28500,0.0196450026,28500,Axial,DM+QCDjets,464.262,450.11,1.0,0.25,atlas_exot_2018_06,EM9,0.3238873,0.2760385,0.0015116,0.0001294
run_04/mzp_464.3_mx_450.1_nevents_28500,0.0196450026,28500,Axial,DM+QCDjets,464.262,450.11,1.0,0.25,atlas_exot_2018_06,EM10,0.3969333,0.8461796,0.0007896,9.36e-05
run_04/mzp_464.3_mx_450.1_nevents_28500,0.0196450026,28500,Axial,DM+QCDjets,464.262,450.11,1.0,0.25,atlas_exot_2018_06,EM11,0.7273017,0.8167003,0.0003028,5.8e-05
run_04/mzp_464.3_mx_450.1_nevents_28500,0.0196450026,28500,Axial,DM+QCDjets,464.262,450.11,1.0,0.25,atlas_exot_2018_06,EM12,0.294319,0.2371634,0.0008632,9.78e-05
run_47/mzp_2017.4_mx_588.0_nevents_28500,0.150709929,28500,Axial,DM+QCDjets,2017.4,588.03,1.0,0.25,atlas_exot_2018_06,IM0,3.0993495,3.9379562,0.1814874,0.0004595
run_47/mzp_2017.4_mx_588.0_nevents_28500,0.150709929,28500,Axial,DM+QCDjets,2017.4,588.03,1.0,0.25,atlas_exot_2018_06,IM1,1.5681408,1.9780847,0.1440756,0.0004187
run_47/mzp_2017.4_mx_588.0_nevents_28500,0.150709929,28500,Axial,DM+QCDjets,2017.4,588.03,1.0,0.25,atlas_exot_2018_06,IM2,1.0344601,1.4221672,0.1096978,0.0003726
run_47/mzp_2017.4_mx_588.0_nevents_28500,0.150709929,28500,Axial,DM+QCDjets,2017.4,588.03,1.0,0.25,atlas_exot_2018_06,IM3,0.6765502,1.0064177,0.0836955,0.0003302
run_47/mzp_2017.4_mx_588.0_nevents_28500,0.150709929,28500,Axial,DM+QCDjets,2017.4,588.03,1.0,0.25,atlas_exot_2018_06,IM4,0.5222076,0.8315157,0.0628885,0.0002894
run_47/mzp_2017.4_mx_588.0_nevents_28500,0.150709929,28500,Axial,DM+QCDjets,2017.4,588.03,1.0,0.25,atlas_exot_2018_06,IM5,0.3812054,0.5764504,0.0380106,0.000228
run_47/mzp_2017.4_mx_588.0_nevents_28500,0.150709929,28500,Axial,DM+QCDjets,2017.4,588.03,1.0,0.25,atlas_exot_2018_06,IM6,0.3188405,0.4682904,0.0227463,0.0001778
run_47/mzp_2017.4_mx_588.0_nevents_28500,0.150709929,28500,Axial,DM+QCDjets,2017.4,588.03,1.0,0.25,atlas_exot_2018_06,IM7,0.2600944,0.3066255,0.0138,0.0001391
run_47/mzp_2017.4_mx_588.0_nevents_28500,0.150709929,28500,Axial,DM+QCDjets,2017.4,588.03,1.0,0.25,atlas_exot_2018_06,IM8,0.2516269,0.2681528,0.0079908,0.0001062
run_47/mzp_2017.4_mx_588.0_nevents_28500,0.150709929,28500,Axial,DM+QCDjets,2017.4,588.03,1.0,0.25,atlas_exot_2018_06,IM9,0.2485062,0.2357549,0.0050597,8.46e-05
run_47/mzp_2017.4_mx_588.0_nevents_28500,0.150709929,28500,Axial,DM+QCDjets,2017.4,588.03,1.0,0.25,atlas_exot_2018_06,IM10,0.3044968,0.4692287,0.0030782,6.6e-05
run_47/mzp_2017.4_mx_588.0_nevents_28500,0.150709929,28500,Axial,DM+QCDjets,2017.4,588.03,1.0,0.25,atlas_exot_2018_06,IM11,0.3048356,0.2710869,0.00185,5.12e-05
run_47/mzp_2017.4_mx_588.0_nevents_28500,0.150709929,28500,Axial,DM+QCDjets,2017.4,588.03,1.0,0.25,atlas_exot_2018_06,IM12,0.2939853,0.2324987,0.0011875,4.11e-05
run_47/mzp_2017.4_mx_588.0_nevents_28500,0.150709929,28500,Axial,DM+QCDjets,2017.4,588.03,1.0,0.25,atlas_exot_2018_06,EM0,9.85277,10.9582638,0.0374117,0.0002263
run_47/mzp_2017.4_mx_588.0_nevents_28500,0.150709929,28500,Axial,DM+QCDjets,2017.4,588.03,1.0,0.25,atlas_exot_2018_06,EM1,3.717486,3.6267927,0.0343778,0.0002172
run_47/mzp_2017.4_mx_588.0_nevents_28500,0.150709929,28500,Axial,DM+QCDjets,2017.4,588.03,1.0,0.25,atlas_exot_2018_06,EM2,1.9276266,1.9048111,0.0260024,0.0001897
run_47/mzp_2017.4_mx_588.0_nevents_28500,0.150709929,28500,Axial,DM+QCDjets,2017.4,588.03,1.0,0.25,atlas_exot_2018_06,EM3,1.113013,1.3530115,0.020807,0.0001702
run_47/mzp_2017.4_mx_588.0_nevents_28500,0.150709929,28500,Axial,DM+QCDjets,2017.4,588.03,1.0,0.25,atlas_exot_2018_06,EM4,0.7012125,0.9910274,0.0248779,0.0001857
run_47/mzp_2017.4_mx_588.0_nevents_28500,0.150709929,28500,Axial,DM+QCDjets,2017.4,588.03,1.0,0.25,atlas_exot_2018_06,EM5,0.4021835,0.4912771,0.0152643,0.0001462
run_47/mzp_2017.4_mx_588.0_nevents_28500,0.150709929,28500,Axial,DM+QCDjets,2017.4,588.03,1.0,0.25,atlas_exot_2018_06,EM6,0.3252891,0.4512718,0.0089463,0.0001123
run_47/mzp_2017.4_mx_588.0_nevents_28500,0.150709929,28500,Axial,DM+QCDjets,2017.4,588.03,1.0,0.25,atlas_exot_2018_06,EM7,0.2490414,0.3606164,0.0058092,9.06e-05
run_47/mzp_2017.4_mx_588.0_nevents_28500,0.150709929,28500,Axial,DM+QCDjets,2017.4,588.03,1.0,0.25,atlas_exot_2018_06,EM8,0.2774348,0.3180853,0.0029311,6.45e-05
run_47/mzp_2017.4_mx_588.0_nevents_28500,0.150709929,28500,Axial,DM+QCDjets,2017.4,588.03,1.0,0.25,atlas_exot_2018_06,EM9,0.2458474,0.2098659,0.0019815,5.3e-05
run_47/mzp_2017.4_mx_588.0_nevents_28500,0.150709929,28500,Axial,DM+QCDjets,2017.4,588.03,1.0,0.25,atlas_exot_2018_06,EM10,0.2559556,0.5425709,0.0012283,4.18e-05
run_47/mzp_2017.4_mx_588.0_nevents_28500,0.150709929,28500,Axial,DM+QCDjets,2017.4,588.03,1.0,0.25,atlas_exot_2018_06,EM11,0.3277924,0.3724052,0.0006625,3.07e-05
run_47/mzp_2017.4_mx_588.0_nevents_28500,0.150709929,28500,Axial,DM+QCDjets,2017.4,588.03,1.0,0.25,atlas_exot_2018_06,EM12,0.2146312,0.1707361,0.0011875,4.11e-05
run_32/mzp_1501.5_mx_450.1_nevents_28500,0.61928161,28500,Axial,DM+QCDjets,1501.5,450.11,1.0,0.25,atlas_exot_2018_06,IM0,3.4417184,4.3442713,0.164891,0.0002196
run_32/mzp_1501.5_mx_450.1_nevents_28500,0.61928161,28500,Axial,DM+QCDjets,1501.5,450.11,1.0,0.25,atlas_exot_2018_06,IM1,1.7507737,2.1924904,0.1296622,0.0001988
run_32/mzp_1501.5_mx_450.1_nevents_28500,0.61928161,28500,Axial,DM+QCDjets,1501.5,450.11,1.0,0.25,atlas_exot_2018_06,IM2,1.1825339,1.6232729,0.0958713,0.0001743
run_32/mzp_1501.5_mx_450.1_nevents_28500,0.61928161,28500,Axial,DM+QCDjets,1501.5,450.11,1.0,0.25,atlas_exot_2018_06,IM3,0.7976583,1.1805298,0.0712206,0.0001522
run_32/mzp_1501.5_mx_450.1_nevents_28500,0.61928161,28500,Axial,DM+QCDjets,1501.5,450.11,1.0,0.25,atlas_exot_2018_06,IM4,0.6216617,0.994946,0.0525665,0.0001321
run_32/mzp_1501.5_mx_450.1_nevents_28500,0.61928161,28500,Axial,DM+QCDjets,1501.5,450.11,1.0,0.25,atlas_exot_2018_06,IM5,0.4695837,0.7093567,0.0308279,0.0001023
run_32/mzp_1501.5_mx_450.1_nevents_28500,0.61928161,28500,Axial,DM+QCDjets,1501.5,450.11,1.0,0.25,atlas_exot_2018_06,IM6,0.4205688,0.6159947,0.0172939,7.72e-05
run_32/mzp_1501.5_mx_450.1_nevents_28500,0.61928161,28500,Axial,DM+QCDjets,1501.5,450.11,1.0,0.25,atlas_exot_2018_06,IM7,0.3665676,0.4339449,0.0097663,5.82e-05
run_32/mzp_1501.5_mx_450.1_nevents_28500,0.61928161,28500,Axial,DM+QCDjets,1501.5,450.11,1.0,0.25,atlas_exot_2018_06,IM8,0.3182113,0.3389982,0.0063355,4.7e-05
run_32/mzp_1501.5_mx_450.1_nevents_28500,0.61928161,28500,Axial,DM+QCDjets,1501.5,450.11,1.0,0.25,atlas_exot_2018_06,IM9,0.3443503,0.3252345,0.0036624,3.58e-05
run_32/mzp_1501.5_mx_450.1_nevents_28500,0.61928161,28500,Axial,DM+QCDjets,1501.5,450.11,1.0,0.25,atlas_exot_2018_06,IM10,0.4109132,0.6348081,0.0022746,2.82e-05
run_32/mzp_1501.5_mx_450.1_nevents_28500,0.61928161,28500,Axial,DM+QCDjets,1501.5,450.11,1.0,0.25,atlas_exot_2018_06,IM11,0.3685649,0.3273989,0.0015324,2.32e-05
run_32/mzp_1501.5_mx_450.1_nevents_28500,0.61928161,28500,Axial,DM+QCDjets,1501.5,450.11,1.0,0.25,atlas_exot_2018_06,IM12,0.3195033,0.2545797,0.0010893,1.95e-05
run_32/mzp_1501.5_mx_450.1_nevents_28500,0.61928161,28500,Axial,DM+QCDjets,1501.5,450.11,1.0,0.25,atlas_exot_2018_06,EM0,10.4174815,11.6267478,0.0352288,0.0001091
run_32/mzp_1501.5_mx_450.1_nevents_28500,0.61928161,28500,Axial,DM+QCDjets,1501.5,450.11,1.0,0.25,atlas_exot_2018_06,EM1,3.7805678,3.6953216,0.0337909,0.000107
run_32/mzp_1501.5_mx_450.1_nevents_28500,0.61928161,28500,Axial,DM+QCDjets,1501.5,450.11,1.0,0.25,atlas_exot_2018_06,EM2,2.0297873,2.012663,0.0246507,9.18e-05
run_32/mzp_1501.5_mx_450.1_nevents_28500,0.61928161,28500,Axial,DM+QCDjets,1501.5,450.11,1.0,0.25,atlas_exot_2018_06,EM3,1.2422005,1.5090919,0.0186542,8.01e-05
run_32/mzp_1501.5_mx_450.1_nevents_28500,0.61928161,28500,Axial,DM+QCDjets,1501.5,450.11,1.0,0.25,atlas_exot_2018_06,EM4,0.8081874,1.1307147,0.0217386,8.63e-05
run_32/mzp_1501.5_mx_450.1_nevents_28500,0.61928161,28500,Axial,DM+QCDjets,1501.5,450.11,1.0,0.25,atlas_exot_2018_06,EM5,0.4539043,0.5527508,0.013534,6.84e-05
run_32/mzp_1501.5_mx_450.1_nevents_28500,0.61928161,28500,Axial,DM+QCDjets,1501.5,450.11,1.0,0.25,atlas_exot_2018_06,EM6,0.385366,0.53798,0.0075276,5.12e-05
run_32/mzp_1501.5_mx_450.1_nevents_28500,0.61928161,28500,Axial,DM+QCDjets,1501.5,450.11,1.0,0.25,atlas_exot_2018_06,EM7,0.4188928,0.6098323,0.0034308,3.46e-05
run_32/mzp_1501.5_mx_450.1_nevents_28500,0.61928161,28500,Axial,DM+QCDjets,1501.5,450.11,1.0,0.25,atlas_exot_2018_06,EM8,0.3031024,0.3466523,0.0026731,3.06e-05
run_32/mzp_1501.5_mx_450.1_nevents_28500,0.61928161,28500,Axial,DM+QCDjets,1501.5,450.11,1.0,0.25,atlas_exot_2018_06,EM9,0.3507538,0.2975283,0.0013879,2.2e-05
run_32/mzp_1501.5_mx_450.1_nevents_28500,0.61928161,28500,Axial,DM+QCDjets,1501.5,450.11,1.0,0.25,atlas_exot_2018_06,EM10,0.422808,0.9001083,0.0007422,1.61e-05
run_32/mzp_1501.5_mx_450.1_nevents_28500,0.61928161,28500,Axial,DM+QCDjets,1501.5,450.11,1.0,0.25,atlas_exot_2018_06,EM11,0.4945019,0.5581333,0.0004431,1.25e-05
run_32/mzp_1501.5_mx_450.1_nevents_28500,0.61928161,28500,Axial,DM+QCDjets,1501.5,450.11,1.0,0.25,atlas_exot_2018_06,EM12,0.2347456,0.1867078,0.0010893,1.95e-05
run_49/mzp_2017.4_mx_299.8_nevents_28500,0.21513392,28500,Axial,DM+QCDjets,2017.4,299.82,1.0,0.25,atlas_exot_2018_06,IM0,3.1143244,3.9501136,0.1815382,0.0003849
run_49/mzp_2017.4_mx_299.8_nevents_28500,0.21513392,28500,Axial,DM+QCDjets,2017.4,299.82,1.0,0.25,atlas_exot_2018_06,IM1,1.5684586,1.9693864,0.1445148,0.0003511
run_49/mzp_2017.4_mx_299.8_nevents_28500,0.21513392,28500,Axial,DM+QCDjets,2017.4,299.82,1.0,0.25,atlas_exot_2018_06,IM2,1.02738,1.4151935,0.1101118,0.0003126
run_49/mzp_2017.4_mx_299.8_nevents_28500,0.21513392,28500,Axial,DM+QCDjets,2017.4,299.82,1.0,0.25,atlas_exot_2018_06,IM3,0.6796039,1.005,0.0834814,0.0002762
run_49/mzp_2017.4_mx_299.8_nevents_28500,0.21513392,28500,Axial,DM+QCDjets,2017.4,299.82,1.0,0.25,atlas_exot_2018_06,IM4,0.5171914,0.8163255,0.0639159,0.0002443
run_49/mzp_2017.4_mx_299.8_nevents_28500,0.21513392,28500,Axial,DM+QCDjets,2017.4,299.82,1.0,0.25,atlas_exot_2018_06,IM5,0.3859188,0.5874665,0.0372172,0.000189
run_49/mzp_2017.4_mx_299.8_nevents_28500,0.21513392,28500,Axial,DM+QCDjets,2017.4,299.82,1.0,0.25,atlas_exot_2018_06,IM6,0.3365902,0.490808,0.021747,0.0001457
run_49/mzp_2017.4_mx_299.8_nevents_28500,0.21513392,28500,Axial,DM+QCDjets,2017.4,299.82,1.0,0.25,atlas_exot_2018_06,IM7,0.2871382,0.33968,0.0124729,0.0001108
run_49/mzp_2017.4_mx_299.8_nevents_28500,0.21513392,28500,Axial,DM+QCDjets,2017.4,299.82,1.0,0.25,atlas_exot_2018_06,IM8,0.2532193,0.2697752,0.0079435,8.86e-05
run_49/mzp_2017.4_mx_299.8_nevents_28500,0.21513392,28500,Axial,DM+QCDjets,2017.4,299.82,1.0,0.25,atlas_exot_2018_06,IM9,0.2499969,0.2367487,0.0050383,7.07e-05
run_49/mzp_2017.4_mx_299.8_nevents_28500,0.21513392,28500,Axial,DM+QCDjets,2017.4,299.82,1.0,0.25,atlas_exot_2018_06,IM10,0.297567,0.4613149,0.0031218,5.57e-05
run_49/mzp_2017.4_mx_299.8_nevents_28500,0.21513392,28500,Axial,DM+QCDjets,2017.4,299.82,1.0,0.25,atlas_exot_2018_06,IM11,0.277609,0.2478623,0.0020304,4.5e-05
run_49/mzp_2017.4_mx_299.8_nevents_28500,0.21513392,28500,Axial,DM+QCDjets,2017.4,299.82,1.0,0.25,atlas_exot_2018_06,IM12,0.2488625,0.1966832,0.0014012,3.74e-05
run_49/mzp_2017.4_mx_299.8_nevents_28500,0.21513392,28500,Axial,DM+QCDjets,2017.4,299.82,1.0,0.25,atlas_exot_2018_06,EM0,9.905474,11.0755177,0.0370233,0.0001886
run_49/mzp_2017.4_mx_299.8_nevents_28500,0.21513392,28500,Axial,DM+QCDjets,2017.4,299.82,1.0,0.25,atlas_exot_2018_06,EM1,3.7229003,3.5988726,0.034403,0.000182
run_49/mzp_2017.4_mx_299.8_nevents_28500,0.21513392,28500,Axial,DM+QCDjets,2017.4,299.82,1.0,0.25,atlas_exot_2018_06,EM2,1.8830258,1.8607666,0.0266304,0.0001608
run_49/mzp_2017.4_mx_299.8_nevents_28500,0.21513392,28500,Axial,DM+QCDjets,2017.4,299.82,1.0,0.25,atlas_exot_2018_06,EM3,1.1847389,1.430524,0.0195654,0.0001383
run_49/mzp_2017.4_mx_299.8_nevents_28500,0.21513392,28500,Axial,DM+QCDjets,2017.4,299.82,1.0,0.25,atlas_exot_2018_06,EM4,0.657003,0.9244208,0.0266987,0.000161
run_49/mzp_2017.4_mx_299.8_nevents_28500,0.21513392,28500,Axial,DM+QCDjets,2017.4,299.82,1.0,0.25,atlas_exot_2018_06,EM5,0.3979419,0.4844651,0.0154702,0.0001232
run_49/mzp_2017.4_mx_299.8_nevents_28500,0.21513392,28500,Axial,DM+QCDjets,2017.4,299.82,1.0,0.25,atlas_exot_2018_06,EM6,0.3145417,0.4334573,0.0092741,9.57e-05
run_49/mzp_2017.4_mx_299.8_nevents_28500,0.21513392,28500,Axial,DM+QCDjets,2017.4,299.82,1.0,0.25,atlas_exot_2018_06,EM7,0.3182377,0.4638727,0.0045294,6.71e-05
run_49/mzp_2017.4_mx_299.8_nevents_28500,0.21513392,28500,Axial,DM+QCDjets,2017.4,299.82,1.0,0.25,atlas_exot_2018_06,EM8,0.2781477,0.3205877,0.0029053,5.37e-05
run_49/mzp_2017.4_mx_299.8_nevents_28500,0.21513392,28500,Axial,DM+QCDjets,2017.4,299.82,1.0,0.25,atlas_exot_2018_06,EM9,0.2563082,0.2153697,0.0019165,4.37e-05
run_49/mzp_2017.4_mx_299.8_nevents_28500,0.21513392,28500,Axial,DM+QCDjets,2017.4,299.82,1.0,0.25,atlas_exot_2018_06,EM10,0.2873783,0.6116106,0.0010914,3.3e-05
run_49/mzp_2017.4_mx_299.8_nevents_28500,0.21513392,28500,Axial,DM+QCDjets,2017.4,299.82,1.0,0.25,atlas_exot_2018_06,EM11,0.3502027,0.3910597,0.0006292,2.5e-05
run_49/mzp_2017.4_mx_299.8_nevents_28500,0.21513392,28500,Axial,DM+QCDjets,2017.4,299.82,1.0,0.25,atlas_exot_2018_06,EM12,0.180535,0.1454421,0.0014012,3.74e-05
run_26/mzp_1000.1_mx_588.0_nevents_28500,0.012427185200000001,28500,Axial,DM+QCDjets,1000.1,588.03,1.0,0.25,atlas_exot_2018_06,IM0,3.3543636,4.2780944,0.1676325,0.0015593
run_26/mzp_1000.1_mx_588.0_nevents_28500,0.012427185200000001,28500,Axial,DM+QCDjets,1000.1,588.03,1.0,0.25,atlas_exot_2018_06,IM1,1.7439882,2.1986769,0.1300953,0.0014043
run_26/mzp_1000.1_mx_588.0_nevents_28500,0.012427185200000001,28500,Axial,DM+QCDjets,1000.1,588.03,1.0,0.25,atlas_exot_2018_06,IM2,1.1511043,1.5934542,0.0977308,0.0012396
run_26/mzp_1000.1_mx_588.0_nevents_28500,0.012427185200000001,28500,Axial,DM+QCDjets,1000.1,588.03,1.0,0.25,atlas_exot_2018_06,IM3,0.7891591,1.1669,0.0720012,0.0010791
run_26/mzp_1000.1_mx_588.0_nevents_28500,0.012427185200000001,28500,Axial,DM+QCDjets,1000.1,588.03,1.0,0.25,atlas_exot_2018_06,IM4,0.6197698,0.9862883,0.0530984,0.000936
run_26/mzp_1000.1_mx_588.0_nevents_28500,0.012427185200000001,28500,Axial,DM+QCDjets,1000.1,588.03,1.0,0.25,atlas_exot_2018_06,IM5,0.493707,0.7468173,0.0292626,0.0007036
run_26/mzp_1000.1_mx_588.0_nevents_28500,0.012427185200000001,28500,Axial,DM+QCDjets,1000.1,588.03,1.0,0.25,atlas_exot_2018_06,IM6,0.4180058,0.6129312,0.017388,0.0005457
run_26/mzp_1000.1_mx_588.0_nevents_28500,0.012427185200000001,28500,Axial,DM+QCDjets,1000.1,588.03,1.0,0.25,atlas_exot_2018_06,IM7,0.365874,0.4293384,0.0098407,0.0004121
run_26/mzp_1000.1_mx_588.0_nevents_28500,0.012427185200000001,28500,Axial,DM+QCDjets,1000.1,588.03,1.0,0.25,atlas_exot_2018_06,IM8,0.3708428,0.3951423,0.0054096,0.0003062
run_26/mzp_1000.1_mx_588.0_nevents_28500,0.012427185200000001,28500,Axial,DM+QCDjets,1000.1,588.03,1.0,0.25,atlas_exot_2018_06,IM9,0.3708206,0.3509735,0.0034087,0.0002433
run_26/mzp_1000.1_mx_588.0_nevents_28500,0.012427185200000001,28500,Axial,DM+QCDjets,1000.1,588.03,1.0,0.25,atlas_exot_2018_06,IM10,0.4249867,0.6571632,0.0021931,0.0001953
run_26/mzp_1000.1_mx_588.0_nevents_28500,0.012427185200000001,28500,Axial,DM+QCDjets,1000.1,588.03,1.0,0.25,atlas_exot_2018_06,IM11,0.486528,0.439336,0.0011529,0.0001417
run_26/mzp_1000.1_mx_588.0_nevents_28500,0.012427185200000001,28500,Axial,DM+QCDjets,1000.1,588.03,1.0,0.25,atlas_exot_2018_06,IM12,0.5203593,0.4112579,0.0006691,0.0001079
run_26/mzp_1000.1_mx_588.0_nevents_28500,0.012427185200000001,28500,Axial,DM+QCDjets,1000.1,588.03,1.0,0.25,atlas_exot_2018_06,EM0,9.7610766,10.917405,0.0375372,0.0007935
run_26/mzp_1000.1_mx_588.0_nevents_28500,0.012427185200000001,28500,Axial,DM+QCDjets,1000.1,588.03,1.0,0.25,atlas_exot_2018_06,EM1,3.947498,3.844966,0.0323645,0.0007387
run_26/mzp_1000.1_mx_588.0_nevents_28500,0.012427185200000001,28500,Axial,DM+QCDjets,1000.1,588.03,1.0,0.25,atlas_exot_2018_06,EM2,1.9392342,1.92504,0.0257296,0.0006609
run_26/mzp_1000.1_mx_588.0_nevents_28500,0.012427185200000001,28500,Axial,DM+QCDjets,1000.1,588.03,1.0,0.25,atlas_exot_2018_06,EM3,1.2246248,1.4822156,0.0189029,0.0005685
run_26/mzp_1000.1_mx_588.0_nevents_28500,0.012427185200000001,28500,Axial,DM+QCDjets,1000.1,588.03,1.0,0.25,atlas_exot_2018_06,EM4,0.7344203,1.0365033,0.0238358,0.0006368
run_26/mzp_1000.1_mx_588.0_nevents_28500,0.012427185200000001,28500,Axial,DM+QCDjets,1000.1,588.03,1.0,0.25,atlas_exot_2018_06,EM5,0.5175403,0.6331015,0.0118746,0.0004522
run_26/mzp_1000.1_mx_588.0_nevents_28500,0.012427185200000001,28500,Axial,DM+QCDjets,1000.1,588.03,1.0,0.25,atlas_exot_2018_06,EM6,0.3835417,0.5357995,0.0075473,0.0003613
run_26/mzp_1000.1_mx_588.0_nevents_28500,0.012427185200000001,28500,Axial,DM+QCDjets,1000.1,588.03,1.0,0.25,atlas_exot_2018_06,EM7,0.324469,0.4744024,0.004431,0.0002773
run_26/mzp_1000.1_mx_588.0_nevents_28500,0.012427185200000001,28500,Axial,DM+QCDjets,1000.1,588.03,1.0,0.25,atlas_exot_2018_06,EM8,0.405881,0.4645796,0.0020009,0.0001865
run_26/mzp_1000.1_mx_588.0_nevents_28500,0.012427185200000001,28500,Axial,DM+QCDjets,1000.1,588.03,1.0,0.25,atlas_exot_2018_06,EM9,0.4019562,0.3426807,0.0012156,0.0001455
run_26/mzp_1000.1_mx_588.0_nevents_28500,0.012427185200000001,28500,Axial,DM+QCDjets,1000.1,588.03,1.0,0.25,atlas_exot_2018_06,EM10,0.2995276,0.6421161,0.0010402,0.0001346
run_26/mzp_1000.1_mx_588.0_nevents_28500,0.012427185200000001,28500,Axial,DM+QCDjets,1000.1,588.03,1.0,0.25,atlas_exot_2018_06,EM11,0.4555796,0.5106316,0.0004838,9.18e-05
run_26/mzp_1000.1_mx_588.0_nevents_28500,0.012427185200000001,28500,Axial,DM+QCDjets,1000.1,588.03,1.0,0.25,atlas_exot_2018_06,EM12,0.37964,0.3042225,0.0006691,0.0001079
run_13/mzp_300.3_mx_558.5_nevents_28500,0.0058390203,28500,Axial,DM+QCDjets,300.29,558.45,1.0,0.25,atlas_exot_2018_06,IM0,3.3483597,4.2503224,0.1686057,0.0022779
run_13/mzp_300.3_mx_558.5_nevents_28500,0.0058390203,28500,Axial,DM+QCDjets,300.29,558.45,1.0,0.25,atlas_exot_2018_06,IM1,1.726983,2.1732219,0.1308461,0.0020518
run_13/mzp_300.3_mx_558.5_nevents_28500,0.0058390203,28500,Axial,DM+QCDjets,300.29,558.45,1.0,0.25,atlas_exot_2018_06,IM2,1.1569146,1.5984315,0.0973813,0.0018038
run_13/mzp_300.3_mx_558.5_nevents_28500,0.0058390203,28500,Axial,DM+QCDjets,300.29,558.45,1.0,0.25,atlas_exot_2018_06,IM3,0.7871422,1.1642814,0.0720808,0.0015735
run_13/mzp_300.3_mx_558.5_nevents_28500,0.0058390203,28500,Axial,DM+QCDjets,300.29,558.45,1.0,0.25,atlas_exot_2018_06,IM4,0.5979227,0.9532351,0.054917,0.0013861
run_13/mzp_300.3_mx_558.5_nevents_28500,0.0058390203,28500,Axial,DM+QCDjets,300.29,558.45,1.0,0.25,atlas_exot_2018_06,IM5,0.4520221,0.6800195,0.0321097,0.0010726
run_13/mzp_300.3_mx_558.5_nevents_28500,0.0058390203,28500,Axial,DM+QCDjets,300.29,558.45,1.0,0.25,atlas_exot_2018_06,IM6,0.3942658,0.5763482,0.0184827,0.0008195
run_13/mzp_300.3_mx_558.5_nevents_28500,0.0058390203,28500,Axial,DM+QCDjets,300.29,558.45,1.0,0.25,atlas_exot_2018_06,IM7,0.3288184,0.3863607,0.0109461,0.000633
run_13/mzp_300.3_mx_558.5_nevents_28500,0.0058390203,28500,Axial,DM+QCDjets,300.29,558.45,1.0,0.25,atlas_exot_2018_06,IM8,0.3314259,0.3548542,0.0060403,0.0004714
run_13/mzp_300.3_mx_558.5_nevents_28500,0.0058390203,28500,Axial,DM+QCDjets,300.29,558.45,1.0,0.25,atlas_exot_2018_06,IM9,0.3110132,0.2945582,0.0040503,0.0003864
run_13/mzp_300.3_mx_558.5_nevents_28500,0.0058390203,28500,Axial,DM+QCDjets,300.29,558.45,1.0,0.25,atlas_exot_2018_06,IM10,0.3661905,0.5649047,0.0025535,0.0003071
run_13/mzp_300.3_mx_558.5_nevents_28500,0.0058390203,28500,Axial,DM+QCDjets,300.29,558.45,1.0,0.25,atlas_exot_2018_06,IM11,0.3985903,0.3548318,0.0014188,0.000229
run_13/mzp_300.3_mx_558.5_nevents_28500,0.0058390203,28500,Axial,DM+QCDjets,300.29,558.45,1.0,0.25,atlas_exot_2018_06,IM12,0.4202836,0.334956,0.0008304,0.0001752
run_13/mzp_300.3_mx_558.5_nevents_28500,0.0058390203,28500,Axial,DM+QCDjets,300.29,558.45,1.0,0.25,atlas_exot_2018_06,EM0,9.6797239,10.8770883,0.0377597,0.0011597
run_13/mzp_300.3_mx_558.5_nevents_28500,0.0058390203,28500,Axial,DM+QCDjets,300.29,558.45,1.0,0.25,atlas_exot_2018_06,EM1,3.8118399,3.7181512,0.0334647,0.0010942
run_13/mzp_300.3_mx_558.5_nevents_28500,0.0058390203,28500,Axial,DM+QCDjets,300.29,558.45,1.0,0.25,atlas_exot_2018_06,EM2,1.9755774,1.9632927,0.0253006,0.0009554
run_13/mzp_300.3_mx_558.5_nevents_28500,0.0058390203,28500,Axial,DM+QCDjets,300.29,558.45,1.0,0.25,atlas_exot_2018_06,EM3,1.3510645,1.6307293,0.0171637,0.0007902
run_13/mzp_300.3_mx_558.5_nevents_28500,0.0058390203,28500,Axial,DM+QCDjets,300.29,558.45,1.0,0.25,atlas_exot_2018_06,EM4,0.7673686,1.083757,0.0228073,0.0009083
run_13/mzp_300.3_mx_558.5_nevents_28500,0.0058390203,28500,Axial,DM+QCDjets,300.29,558.45,1.0,0.25,atlas_exot_2018_06,EM5,0.4527636,0.5505415,0.013627,0.0007054
run_13/mzp_300.3_mx_558.5_nevents_28500,0.0058390203,28500,Axial,DM+QCDjets,300.29,558.45,1.0,0.25,atlas_exot_2018_06,EM6,0.3863639,0.5366656,0.0075366,0.0005262
run_13/mzp_300.3_mx_558.5_nevents_28500,0.0058390203,28500,Axial,DM+QCDjets,300.29,558.45,1.0,0.25,atlas_exot_2018_06,EM7,0.2938108,0.4273147,0.0049057,0.0004251
run_13/mzp_300.3_mx_558.5_nevents_28500,0.0058390203,28500,Axial,DM+QCDjets,300.29,558.45,1.0,0.25,atlas_exot_2018_06,EM8,0.4067435,0.4678401,0.0019901,0.0002711
run_13/mzp_300.3_mx_558.5_nevents_28500,0.0058390203,28500,Axial,DM+QCDjets,300.29,558.45,1.0,0.25,atlas_exot_2018_06,EM9,0.327057,0.2772745,0.0014968,0.0002352
run_13/mzp_300.3_mx_558.5_nevents_28500,0.0058390203,28500,Axial,DM+QCDjets,300.29,558.45,1.0,0.25,atlas_exot_2018_06,EM10,0.2768535,0.5887477,0.0011347,0.0002048
run_13/mzp_300.3_mx_558.5_nevents_28500,0.0058390203,28500,Axial,DM+QCDjets,300.29,558.45,1.0,0.25,atlas_exot_2018_06,EM11,0.3735557,0.4177844,0.0005884,0.0001475
run_13/mzp_300.3_mx_558.5_nevents_28500,0.0058390203,28500,Axial,DM+QCDjets,300.29,558.45,1.0,0.25,atlas_exot_2018_06,EM12,0.3081142,0.2450159,0.0008304,0.0001752
run_28/mzp_1000.1_mx_299.8_nevents_28500,3.5294673999999997,28500,Axial,DM+QCDjets,1000.1,299.82,1.0,0.25,atlas_exot_2018_06,IM0,4.1467778,5.2578615,0.1365514,8.58e-05
run_28/mzp_1000.1_mx_299.8_nevents_28500,3.5294673999999997,28500,Axial,DM+QCDjets,1000.1,299.82,1.0,0.25,atlas_exot_2018_06,IM1,2.1834843,2.7431233,0.1035425,7.61e-05
run_28/mzp_1000.1_mx_299.8_nevents_28500,3.5294673999999997,28500,Axial,DM+QCDjets,1000.1,299.82,1.0,0.25,atlas_exot_2018_06,IM2,1.5632007,2.1469514,0.0725604,6.48e-05
run_28/mzp_1000.1_mx_299.8_nevents_28500,3.5294673999999997,28500,Axial,DM+QCDjets,1000.1,299.82,1.0,0.25,atlas_exot_2018_06,IM3,1.1059273,1.6221607,0.0516762,5.53e-05
run_28/mzp_1000.1_mx_299.8_nevents_28500,3.5294673999999997,28500,Axial,DM+QCDjets,1000.1,299.82,1.0,0.25,atlas_exot_2018_06,IM4,0.8998114,1.428157,0.0366193,4.69e-05
run_28/mzp_1000.1_mx_299.8_nevents_28500,3.5294673999999997,28500,Axial,DM+QCDjets,1000.1,299.82,1.0,0.25,atlas_exot_2018_06,IM5,0.7607032,1.147602,0.0190025,3.41e-05
run_28/mzp_1000.1_mx_299.8_nevents_28500,3.5294673999999997,28500,Axial,DM+QCDjets,1000.1,299.82,1.0,0.25,atlas_exot_2018_06,IM6,0.7242062,1.0576702,0.0100659,2.49e-05
run_28/mzp_1000.1_mx_299.8_nevents_28500,3.5294673999999997,28500,Axial,DM+QCDjets,1000.1,299.82,1.0,0.25,atlas_exot_2018_06,IM7,0.6539857,0.7679646,0.0055075,1.85e-05
run_28/mzp_1000.1_mx_299.8_nevents_28500,3.5294673999999997,28500,Axial,DM+QCDjets,1000.1,299.82,1.0,0.25,atlas_exot_2018_06,IM8,0.8389587,0.8984293,0.0023921,1.22e-05
run_28/mzp_1000.1_mx_299.8_nevents_28500,3.5294673999999997,28500,Axial,DM+QCDjets,1000.1,299.82,1.0,0.25,atlas_exot_2018_06,IM9,0.9857154,0.9368592,0.0012799,8.9e-06
run_28/mzp_1000.1_mx_299.8_nevents_28500,3.5294673999999997,28500,Axial,DM+QCDjets,1000.1,299.82,1.0,0.25,atlas_exot_2018_06,IM10,1.4455235,2.2382196,0.0006441,6.3e-06
run_28/mzp_1000.1_mx_299.8_nevents_28500,3.5294673999999997,28500,Axial,DM+QCDjets,1000.1,299.82,1.0,0.25,atlas_exot_2018_06,IM11,1.3467643,1.2061311,0.0004194,5.1e-06
run_28/mzp_1000.1_mx_299.8_nevents_28500,3.5294673999999997,28500,Axial,DM+QCDjets,1000.1,299.82,1.0,0.25,atlas_exot_2018_06,IM12,1.5253032,1.2158949,0.0002288,3.8e-06
run_28/mzp_1000.1_mx_299.8_nevents_28500,3.5294673999999997,28500,Axial,DM+QCDjets,1000.1,299.82,1.0,0.25,atlas_exot_2018_06,EM0,11.1183776,12.4352065,0.0330089,4.46e-05
run_28/mzp_1000.1_mx_299.8_nevents_28500,3.5294673999999997,28500,Axial,DM+QCDjets,1000.1,299.82,1.0,0.25,atlas_exot_2018_06,EM1,4.1132684,4.0069376,0.0309822,4.33e-05
run_28/mzp_1000.1_mx_299.8_nevents_28500,3.5294673999999997,28500,Axial,DM+QCDjets,1000.1,299.82,1.0,0.25,atlas_exot_2018_06,EM2,2.3934293,2.3828043,0.0208842,3.57e-05
run_28/mzp_1000.1_mx_299.8_nevents_28500,3.5294673999999997,28500,Axial,DM+QCDjets,1000.1,299.82,1.0,0.25,atlas_exot_2018_06,EM3,1.5452713,1.8596058,0.0150569,3.04e-05
run_28/mzp_1000.1_mx_299.8_nevents_28500,3.5294673999999997,28500,Axial,DM+QCDjets,1000.1,299.82,1.0,0.25,atlas_exot_2018_06,EM4,-1.0,1.4040718,0.0176167,3.29e-05
run_28/mzp_1000.1_mx_299.8_nevents_28500,3.5294673999999997,28500,Axial,DM+QCDjets,1000.1,299.82,1.0,0.25,atlas_exot_2018_06,EM5,0.6856796,0.8398058,0.0089366,2.35e-05
run_28/mzp_1000.1_mx_299.8_nevents_28500,3.5294673999999997,28500,Axial,DM+QCDjets,1000.1,299.82,1.0,0.25,atlas_exot_2018_06,EM6,0.6382938,0.8867575,0.0045584,1.68e-05
run_28/mzp_1000.1_mx_299.8_nevents_28500,3.5294673999999997,28500,Axial,DM+QCDjets,1000.1,299.82,1.0,0.25,atlas_exot_2018_06,EM7,0.4637868,0.67406,0.0031154,1.39e-05
run_28/mzp_1000.1_mx_299.8_nevents_28500,3.5294673999999997,28500,Axial,DM+QCDjets,1000.1,299.82,1.0,0.25,atlas_exot_2018_06,EM8,0.7310784,0.8369226,0.0011122,8.3e-06
run_28/mzp_1000.1_mx_299.8_nevents_28500,3.5294673999999997,28500,Axial,DM+QCDjets,1000.1,299.82,1.0,0.25,atlas_exot_2018_06,EM9,0.7700569,0.6514393,0.0006358,6.3e-06
run_28/mzp_1000.1_mx_299.8_nevents_28500,3.5294673999999997,28500,Axial,DM+QCDjets,1000.1,299.82,1.0,0.25,atlas_exot_2018_06,EM10,1.3956984,2.9768861,0.0002247,3.7e-06
run_28/mzp_1000.1_mx_299.8_nevents_28500,3.5294673999999997,28500,Axial,DM+QCDjets,1000.1,299.82,1.0,0.25,atlas_exot_2018_06,EM11,1.1508592,1.2959194,0.0001906,3.4e-06
run_28/mzp_1000.1_mx_299.8_nevents_28500,3.5294673999999997,28500,Axial,DM+QCDjets,1000.1,299.82,1.0,0.25,atlas_exot_2018_06,EM12,1.1079041,0.8894203,0.0002288,3.8e-06
run_14/mzp_300.3_mx_299.8_nevents_28500,0.10415508899999999,28500,Axial,DM+QCDjets,300.29,299.82,1.0,0.25,atlas_exot_2018_06,IM0,4.5405508,5.7631767,0.1243694,0.0004807
run_14/mzp_300.3_mx_299.8_nevents_28500,0.10415508899999999,28500,Axial,DM+QCDjets,300.29,299.82,1.0,0.25,atlas_exot_2018_06,IM1,2.4702213,3.114282,0.0918795,0.0004208
run_14/mzp_300.3_mx_299.8_nevents_28500,0.10415508899999999,28500,Axial,DM+QCDjets,300.29,299.82,1.0,0.25,atlas_exot_2018_06,IM2,1.6801954,2.3105798,0.0674227,0.0003653
run_14/mzp_300.3_mx_299.8_nevents_28500,0.10415508899999999,28500,Axial,DM+QCDjets,300.29,299.82,1.0,0.25,atlas_exot_2018_06,IM3,1.2209316,1.7966029,0.0466841,0.0003073
run_14/mzp_300.3_mx_299.8_nevents_28500,0.10415508899999999,28500,Axial,DM+QCDjets,300.29,299.82,1.0,0.25,atlas_exot_2018_06,IM4,0.9919283,1.5830942,0.0330297,0.0002603
run_14/mzp_300.3_mx_299.8_nevents_28500,0.10415508899999999,28500,Axial,DM+QCDjets,300.29,299.82,1.0,0.25,atlas_exot_2018_06,IM5,0.8015967,1.2104198,0.0180577,0.000194
run_14/mzp_300.3_mx_299.8_nevents_28500,0.10415508899999999,28500,Axial,DM+QCDjets,300.29,299.82,1.0,0.25,atlas_exot_2018_06,IM6,0.7970153,1.1638013,0.009164,0.0001388
run_14/mzp_300.3_mx_299.8_nevents_28500,0.10415508899999999,28500,Axial,DM+QCDjets,300.29,299.82,1.0,0.25,atlas_exot_2018_06,IM7,0.7531174,0.8876163,0.0047624,0.0001003
run_14/mzp_300.3_mx_299.8_nevents_28500,0.10415508899999999,28500,Axial,DM+QCDjets,300.29,299.82,1.0,0.25,atlas_exot_2018_06,IM8,0.6757411,0.7264383,0.002962,7.92e-05
run_14/mzp_300.3_mx_299.8_nevents_28500,0.10415508899999999,28500,Axial,DM+QCDjets,300.29,299.82,1.0,0.25,atlas_exot_2018_06,IM9,0.681614,0.6438798,0.0018549,6.27e-05
run_14/mzp_300.3_mx_299.8_nevents_28500,0.10415508899999999,28500,Axial,DM+QCDjets,300.29,299.82,1.0,0.25,atlas_exot_2018_06,IM10,0.7939055,1.2299042,0.0011749,4.99e-05
run_14/mzp_300.3_mx_299.8_nevents_28500,0.10415508899999999,28500,Axial,DM+QCDjets,300.29,299.82,1.0,0.25,atlas_exot_2018_06,IM11,0.7054836,0.6277801,0.0008001,4.12e-05
run_14/mzp_300.3_mx_299.8_nevents_28500,0.10415508899999999,28500,Axial,DM+QCDjets,300.29,299.82,1.0,0.25,atlas_exot_2018_06,IM12,0.8263336,0.6558373,0.0004223,2.99e-05
run_14/mzp_300.3_mx_299.8_nevents_28500,0.10415508899999999,28500,Axial,DM+QCDjets,300.29,299.82,1.0,0.25,atlas_exot_2018_06,EM0,11.3166845,12.6106292,0.0324899,0.0002583
run_14/mzp_300.3_mx_299.8_nevents_28500,0.10415508899999999,28500,Axial,DM+QCDjets,300.29,299.82,1.0,0.25,atlas_exot_2018_06,EM1,5.2137346,5.1002242,0.0244568,0.000225
run_14/mzp_300.3_mx_299.8_nevents_28500,0.10415508899999999,28500,Axial,DM+QCDjets,300.29,299.82,1.0,0.25,atlas_exot_2018_06,EM2,2.4175345,2.3902962,0.0207386,0.0002076
run_14/mzp_300.3_mx_299.8_nevents_28500,0.10415508899999999,28500,Axial,DM+QCDjets,300.29,299.82,1.0,0.25,atlas_exot_2018_06,EM3,1.6984537,2.0479934,0.0136544,0.0001691
run_14/mzp_300.3_mx_299.8_nevents_28500,0.10415508899999999,28500,Axial,DM+QCDjets,300.29,299.82,1.0,0.25,atlas_exot_2018_06,EM4,1.1724058,1.6511631,0.0149719,0.0001769
run_14/mzp_300.3_mx_299.8_nevents_28500,0.10415508899999999,28500,Axial,DM+QCDjets,300.29,299.82,1.0,0.25,atlas_exot_2018_06,EM5,0.6924661,0.8427121,0.0088937,0.0001368
run_14/mzp_300.3_mx_299.8_nevents_28500,0.10415508899999999,28500,Axial,DM+QCDjets,300.29,299.82,1.0,0.25,atlas_exot_2018_06,EM6,0.6624355,0.9161448,0.0044016,9.64e-05
run_14/mzp_300.3_mx_299.8_nevents_28500,0.10415508899999999,28500,Axial,DM+QCDjets,300.29,299.82,1.0,0.25,atlas_exot_2018_06,EM7,0.7948021,1.164639,0.0018005,6.18e-05
run_14/mzp_300.3_mx_299.8_nevents_28500,0.10415508899999999,28500,Axial,DM+QCDjets,300.29,299.82,1.0,0.25,atlas_exot_2018_06,EM8,0.7324,0.8407552,0.0011071,4.84e-05
run_14/mzp_300.3_mx_299.8_nevents_28500,0.10415508899999999,28500,Axial,DM+QCDjets,300.29,299.82,1.0,0.25,atlas_exot_2018_06,EM9,0.7212995,0.6070886,0.00068,3.8e-05
run_14/mzp_300.3_mx_299.8_nevents_28500,0.10415508899999999,28500,Axial,DM+QCDjets,300.29,299.82,1.0,0.25,atlas_exot_2018_06,EM10,0.8325508,1.7818527,0.0003748,2.82e-05
run_14/mzp_300.3_mx_299.8_nevents_28500,0.10415508899999999,28500,Axial,DM+QCDjets,300.29,299.82,1.0,0.25,atlas_exot_2018_06,EM11,0.582009,0.6519145,0.0003778,2.83e-05
run_14/mzp_300.3_mx_299.8_nevents_28500,0.10415508899999999,28500,Axial,DM+QCDjets,300.29,299.82,1.0,0.25,atlas_exot_2018_06,EM12,0.6040317,0.4804178,0.0004223,2.99e-05
run_09/mzp_300.3_mx_153.9_nevents_28500,4.5003782,28500,Axial,DM+QCDjets,300.29,153.87,1.0,0.25,atlas_exot_2018_06,IM0,8.6310341,11.0184628,0.0649568,5.54e-05
run_09/mzp_300.3_mx_153.9_nevents_28500,4.5003782,28500,Axial,DM+QCDjets,300.29,153.87,1.0,0.25,atlas_exot_2018_06,IM1,5.4977688,6.8890106,0.0413967,4.48e-05
run_09/mzp_300.3_mx_153.9_nevents_28500,4.5003782,28500,Axial,DM+QCDjets,300.29,153.87,1.0,0.25,atlas_exot_2018_06,IM2,4.4661158,6.1403924,0.0253084,3.53e-05
run_09/mzp_300.3_mx_153.9_nevents_28500,4.5003782,28500,Axial,DM+QCDjets,300.29,153.87,1.0,0.25,atlas_exot_2018_06,IM3,3.5425292,5.1932404,0.0161222,2.83e-05
run_09/mzp_300.3_mx_153.9_nevents_28500,4.5003782,28500,Axial,DM+QCDjets,300.29,153.87,1.0,0.25,atlas_exot_2018_06,IM4,3.3403432,5.347433,0.0098008,2.22e-05
run_09/mzp_300.3_mx_153.9_nevents_28500,4.5003782,28500,Axial,DM+QCDjets,300.29,153.87,1.0,0.25,atlas_exot_2018_06,IM5,3.4668107,5.2575803,0.0041653,1.45e-05
run_09/mzp_300.3_mx_153.9_nevents_28500,4.5003782,28500,Axial,DM+QCDjets,300.29,153.87,1.0,0.25,atlas_exot_2018_06,IM6,4.4612854,6.569034,0.001629,9.1e-06
run_09/mzp_300.3_mx_153.9_nevents_28500,4.5003782,28500,Axial,DM+QCDjets,300.29,153.87,1.0,0.25,atlas_exot_2018_06,IM7,4.7278443,5.568613,0.0007589,6.2e-06
run_09/mzp_300.3_mx_153.9_nevents_28500,4.5003782,28500,Axial,DM+QCDjets,300.29,153.87,1.0,0.25,atlas_exot_2018_06,IM8,4.7521525,5.1016409,0.0004213,4.6e-06
run_09/mzp_300.3_mx_153.9_nevents_28500,4.5003782,28500,Axial,DM+QCDjets,300.29,153.87,1.0,0.25,atlas_exot_2018_06,IM9,6.5420876,6.1809019,0.0001938,3.1e-06
run_09/mzp_300.3_mx_153.9_nevents_28500,4.5003782,28500,Axial,DM+QCDjets,300.29,153.87,1.0,0.25,atlas_exot_2018_06,IM10,7.875612,12.194836,0.000118,2.4e-06
run_09/mzp_300.3_mx_153.9_nevents_28500,4.5003782,28500,Axial,DM+QCDjets,300.29,153.87,1.0,0.25,atlas_exot_2018_06,IM11,7.2648167,6.501925,7.76e-05,2e-06
run_09/mzp_300.3_mx_153.9_nevents_28500,4.5003782,28500,Axial,DM+QCDjets,300.29,153.87,1.0,0.25,atlas_exot_2018_06,IM12,-1.0,-1.0,0.0,0.0
run_09/mzp_300.3_mx_153.9_nevents_28500,4.5003782,28500,Axial,DM+QCDjets,300.29,153.87,1.0,0.25,atlas_exot_2018_06,EM0,15.6051178,17.4068035,0.0235602,3.41e-05
run_09/mzp_300.3_mx_153.9_nevents_28500,4.5003782,28500,Axial,DM+QCDjets,300.29,153.87,1.0,0.25,atlas_exot_2018_06,EM1,7.9160553,7.7324856,0.0160883,2.83e-05
run_09/mzp_300.3_mx_153.9_nevents_28500,4.5003782,28500,Axial,DM+QCDjets,300.29,153.87,1.0,0.25,atlas_exot_2018_06,EM2,5.4578454,5.3895571,0.0091862,2.15e-05
run_09/mzp_300.3_mx_153.9_nevents_28500,4.5003782,28500,Axial,DM+QCDjets,300.29,153.87,1.0,0.25,atlas_exot_2018_06,EM3,3.6686737,4.4405293,0.0063214,1.78e-05
run_09/mzp_300.3_mx_153.9_nevents_28500,4.5003782,28500,Axial,DM+QCDjets,300.29,153.87,1.0,0.25,atlas_exot_2018_06,EM4,3.1057404,4.3794017,0.0056355,1.68e-05
run_09/mzp_300.3_mx_153.9_nevents_28500,4.5003782,28500,Axial,DM+QCDjets,300.29,153.87,1.0,0.25,atlas_exot_2018_06,EM5,2.425951,2.9616597,0.0025363,1.13e-05
run_09/mzp_300.3_mx_153.9_nevents_28500,4.5003782,28500,Axial,DM+QCDjets,300.29,153.87,1.0,0.25,atlas_exot_2018_06,EM6,3.3472239,4.6405853,0.0008701,6.6e-06
run_09/mzp_300.3_mx_153.9_nevents_28500,4.5003782,28500,Axial,DM+QCDjets,300.29,153.87,1.0,0.25,atlas_exot_2018_06,EM7,4.2443833,6.1972332,0.0003376,4.1e-06
run_09/mzp_300.3_mx_153.9_nevents_28500,4.5003782,28500,Axial,DM+QCDjets,300.29,153.87,1.0,0.25,atlas_exot_2018_06,EM8,3.5691289,4.0845113,0.0002275,3.4e-06
run_09/mzp_300.3_mx_153.9_nevents_28500,4.5003782,28500,Axial,DM+QCDjets,300.29,153.87,1.0,0.25,atlas_exot_2018_06,EM9,6.4674506,5.4579115,7.58e-05,2e-06
run_09/mzp_300.3_mx_153.9_nevents_28500,4.5003782,28500,Axial,DM+QCDjets,300.29,153.87,1.0,0.25,atlas_exot_2018_06,EM10,7.7572339,16.5513846,4.04e-05,1.4e-06
run_09/mzp_300.3_mx_153.9_nevents_28500,4.5003782,28500,Axial,DM+QCDjets,300.29,153.87,1.0,0.25,atlas_exot_2018_06,EM11,2.8189913,3.1834978,7.76e-05,2e-06
run_09/mzp_300.3_mx_153.9_nevents_28500,4.5003782,28500,Axial,DM+QCDjets,300.29,153.87,1.0,0.25,atlas_exot_2018_06,EM12,-1.0,-1.0,0.0,0.0
run_41/mzp_1759.0_mx_558.5_nevents_28500,0.2699916,28500,Axial,DM+QCDjets,1759.0,558.45,1.0,0.25,atlas_exot_2018_06,IM0,3.2420957,4.1089353,0.1742554,0.0003389
run_41/mzp_1759.0_mx_558.5_nevents_28500,0.2699916,28500,Axial,DM+QCDjets,1759.0,558.45,1.0,0.25,atlas_exot_2018_06,IM1,1.6501484,2.084385,0.1371999,0.0003074
run_41/mzp_1759.0_mx_558.5_nevents_28500,0.2699916,28500,Axial,DM+QCDjets,1759.0,558.45,1.0,0.25,atlas_exot_2018_06,IM2,1.0880356,1.481739,0.1046992,0.0002735
run_41/mzp_1759.0_mx_558.5_nevents_28500,0.2699916,28500,Axial,DM+QCDjets,1759.0,558.45,1.0,0.25,atlas_exot_2018_06,IM3,0.7196115,1.0643717,0.0791478,0.0002412
run_41/mzp_1759.0_mx_558.5_nevents_28500,0.2699916,28500,Axial,DM+QCDjets,1759.0,558.45,1.0,0.25,atlas_exot_2018_06,IM4,0.5580733,0.882451,0.0590851,0.0002107
run_41/mzp_1759.0_mx_558.5_nevents_28500,0.2699916,28500,Axial,DM+QCDjets,1759.0,558.45,1.0,0.25,atlas_exot_2018_06,IM5,0.4242309,0.642397,0.0340235,0.000162
run_41/mzp_1759.0_mx_558.5_nevents_28500,0.2699916,28500,Axial,DM+QCDjets,1759.0,558.45,1.0,0.25,atlas_exot_2018_06,IM6,0.3609374,0.5259874,0.0202594,0.0001259
run_41/mzp_1759.0_mx_558.5_nevents_28500,0.2699916,28500,Axial,DM+QCDjets,1759.0,558.45,1.0,0.25,atlas_exot_2018_06,IM7,0.3129329,0.3668347,0.0114989,9.53e-05
run_41/mzp_1759.0_mx_558.5_nevents_28500,0.2699916,28500,Axial,DM+QCDjets,1759.0,558.45,1.0,0.25,atlas_exot_2018_06,IM8,0.29184,0.312352,0.0068655,7.38e-05
run_41/mzp_1759.0_mx_558.5_nevents_28500,0.2699916,28500,Axial,DM+QCDjets,1759.0,558.45,1.0,0.25,atlas_exot_2018_06,IM9,0.2946698,0.2782659,0.0042916,5.84e-05
run_41/mzp_1759.0_mx_558.5_nevents_28500,0.2699916,28500,Axial,DM+QCDjets,1759.0,558.45,1.0,0.25,atlas_exot_2018_06,IM10,0.3618967,0.5605544,0.0025749,4.53e-05
run_41/mzp_1759.0_mx_558.5_nevents_28500,0.2699916,28500,Axial,DM+QCDjets,1759.0,558.45,1.0,0.25,atlas_exot_2018_06,IM11,0.373478,0.3321178,0.0015137,3.47e-05
run_41/mzp_1759.0_mx_558.5_nevents_28500,0.2699916,28500,Axial,DM+QCDjets,1759.0,558.45,1.0,0.25,atlas_exot_2018_06,IM12,0.3876455,0.3091257,0.0008988,2.68e-05
run_41/mzp_1759.0_mx_558.5_nevents_28500,0.2699916,28500,Axial,DM+QCDjets,1759.0,558.45,1.0,0.25,atlas_exot_2018_06,EM0,9.889019,11.0463452,0.0370554,0.0001688
run_41/mzp_1759.0_mx_558.5_nevents_28500,0.2699916,28500,Axial,DM+QCDjets,1759.0,558.45,1.0,0.25,atlas_exot_2018_06,EM1,3.9229993,3.833551,0.0325008,0.0001584
run_41/mzp_1759.0_mx_558.5_nevents_28500,0.2699916,28500,Axial,DM+QCDjets,1759.0,558.45,1.0,0.25,atlas_exot_2018_06,EM2,1.9460292,1.9447297,0.0255515,0.000141
run_41/mzp_1759.0_mx_558.5_nevents_28500,0.2699916,28500,Axial,DM+QCDjets,1759.0,558.45,1.0,0.25,atlas_exot_2018_06,EM3,1.1562467,1.3993529,0.0200627,0.0001253
run_41/mzp_1759.0_mx_558.5_nevents_28500,0.2699916,28500,Axial,DM+QCDjets,1759.0,558.45,1.0,0.25,atlas_exot_2018_06,EM4,0.6975321,0.9816148,0.0250616,0.0001397
run_41/mzp_1759.0_mx_558.5_nevents_28500,0.2699916,28500,Axial,DM+QCDjets,1759.0,558.45,1.0,0.25,atlas_exot_2018_06,EM5,0.4449585,0.5443402,0.0137641,0.0001041
run_41/mzp_1759.0_mx_558.5_nevents_28500,0.2699916,28500,Axial,DM+QCDjets,1759.0,558.45,1.0,0.25,atlas_exot_2018_06,EM6,0.332647,0.4608705,0.0087606,8.33e-05
run_41/mzp_1759.0_mx_558.5_nevents_28500,0.2699916,28500,Axial,DM+QCDjets,1759.0,558.45,1.0,0.25,atlas_exot_2018_06,EM7,0.3115022,0.452467,0.0046334,6.07e-05
run_41/mzp_1759.0_mx_558.5_nevents_28500,0.2699916,28500,Axial,DM+QCDjets,1759.0,558.45,1.0,0.25,atlas_exot_2018_06,EM8,0.3143239,0.3619905,0.0025738,4.53e-05
run_41/mzp_1759.0_mx_558.5_nevents_28500,0.2699916,28500,Axial,DM+QCDjets,1759.0,558.45,1.0,0.25,atlas_exot_2018_06,EM9,0.2839164,0.2431693,0.0017167,3.7e-05
run_41/mzp_1759.0_mx_558.5_nevents_28500,0.2699916,28500,Axial,DM+QCDjets,1759.0,558.45,1.0,0.25,atlas_exot_2018_06,EM10,0.294211,0.6281567,0.0010613,2.91e-05
run_41/mzp_1759.0_mx_558.5_nevents_28500,0.2699916,28500,Axial,DM+QCDjets,1759.0,558.45,1.0,0.25,atlas_exot_2018_06,EM11,0.3563046,0.4017867,0.0006149,2.21e-05
run_41/mzp_1759.0_mx_558.5_nevents_28500,0.2699916,28500,Axial,DM+QCDjets,1759.0,558.45,1.0,0.25,atlas_exot_2018_06,EM12,0.2827448,0.2256519,0.0008988,2.68e-05
run_05/mzp_464.3_mx_588.0_nevents_28500,0.004985799000000001,28500,Axial,DM+QCDjets,464.262,588.03,1.0,0.25,atlas_exot_2018_06,IM0,3.1716636,4.0051896,0.1780176,0.0025164
run_05/mzp_464.3_mx_588.0_nevents_28500,0.004985799000000001,28500,Axial,DM+QCDjets,464.262,588.03,1.0,0.25,atlas_exot_2018_06,IM1,1.638427,2.0446237,0.1390239,0.0022759
run_05/mzp_464.3_mx_588.0_nevents_28500,0.004985799000000001,28500,Axial,DM+QCDjets,464.262,588.03,1.0,0.25,atlas_exot_2018_06,IM2,1.0548432,1.4569155,0.106966,0.0020332
run_05/mzp_464.3_mx_588.0_nevents_28500,0.004985799000000001,28500,Axial,DM+QCDjets,464.262,588.03,1.0,0.25,atlas_exot_2018_06,IM3,0.720293,1.0600254,0.0789915,0.0017743
run_05/mzp_464.3_mx_588.0_nevents_28500,0.004985799000000001,28500,Axial,DM+QCDjets,464.262,588.03,1.0,0.25,atlas_exot_2018_06,IM4,0.5532004,0.8759937,0.0596518,0.001558
run_05/mzp_464.3_mx_588.0_nevents_28500,0.004985799000000001,28500,Axial,DM+QCDjets,464.262,588.03,1.0,0.25,atlas_exot_2018_06,IM5,0.4155128,0.6291505,0.034749,0.0012048
run_05/mzp_464.3_mx_588.0_nevents_28500,0.004985799000000001,28500,Axial,DM+QCDjets,464.262,588.03,1.0,0.25,atlas_exot_2018_06,IM6,0.3456255,0.5060913,0.0210434,0.0009442
run_05/mzp_464.3_mx_588.0_nevents_28500,0.004985799000000001,28500,Axial,DM+QCDjets,464.262,588.03,1.0,0.25,atlas_exot_2018_06,IM7,0.2910003,0.3433192,0.0123366,0.0007261
run_05/mzp_464.3_mx_588.0_nevents_28500,0.004985799000000001,28500,Axial,DM+QCDjets,464.262,588.03,1.0,0.25,atlas_exot_2018_06,IM8,0.2862484,0.3056014,0.0070081,0.0005488
run_05/mzp_464.3_mx_588.0_nevents_28500,0.004985799000000001,28500,Axial,DM+QCDjets,464.262,588.03,1.0,0.25,atlas_exot_2018_06,IM9,0.2991264,0.2814753,0.0042354,0.0004272
run_05/mzp_464.3_mx_588.0_nevents_28500,0.004985799000000001,28500,Axial,DM+QCDjets,464.262,588.03,1.0,0.25,atlas_exot_2018_06,IM10,0.3495382,0.538858,0.0026729,0.0003396
run_05/mzp_464.3_mx_588.0_nevents_28500,0.004985799000000001,28500,Axial,DM+QCDjets,464.262,588.03,1.0,0.25,atlas_exot_2018_06,IM11,0.3206981,0.2873481,0.0017594,0.0002757
run_05/mzp_464.3_mx_588.0_nevents_28500,0.004985799000000001,28500,Axial,DM+QCDjets,464.262,588.03,1.0,0.25,atlas_exot_2018_06,IM12,0.2973559,0.2359671,0.0011716,0.000225
run_05/mzp_464.3_mx_588.0_nevents_28500,0.004985799000000001,28500,Axial,DM+QCDjets,464.262,588.03,1.0,0.25,atlas_exot_2018_06,EM0,9.4486383,10.5217334,0.0389936,0.0012734
run_05/mzp_464.3_mx_588.0_nevents_28500,0.004985799000000001,28500,Axial,DM+QCDjets,464.262,588.03,1.0,0.25,atlas_exot_2018_06,EM1,3.9723129,3.8892828,0.0320579,0.0011588
run_05/mzp_464.3_mx_588.0_nevents_28500,0.004985799000000001,28500,Axial,DM+QCDjets,464.262,588.03,1.0,0.25,atlas_exot_2018_06,EM2,1.7869693,1.7614096,0.0279745,0.0010848
run_05/mzp_464.3_mx_588.0_nevents_28500,0.004985799000000001,28500,Axial,DM+QCDjets,464.262,588.03,1.0,0.25,atlas_exot_2018_06,EM3,1.1945783,1.4540545,0.0193397,0.0009059
run_05/mzp_464.3_mx_588.0_nevents_28500,0.004985799000000001,28500,Axial,DM+QCDjets,464.262,588.03,1.0,0.25,atlas_exot_2018_06,EM4,0.7058387,0.9891109,0.0249029,0.0010251
run_05/mzp_464.3_mx_588.0_nevents_28500,0.004985799000000001,28500,Axial,DM+QCDjets,464.262,588.03,1.0,0.25,atlas_exot_2018_06,EM5,0.4477484,0.5465243,0.0137056,0.0007648
run_05/mzp_464.3_mx_588.0_nevents_28500,0.004985799000000001,28500,Axial,DM+QCDjets,464.262,588.03,1.0,0.25,atlas_exot_2018_06,EM6,0.3327398,0.463083,0.0087067,0.0006111
run_05/mzp_464.3_mx_588.0_nevents_28500,0.004985799000000001,28500,Axial,DM+QCDjets,464.262,588.03,1.0,0.25,atlas_exot_2018_06,EM7,0.2694459,0.3932153,0.0053285,0.0004789
run_05/mzp_464.3_mx_588.0_nevents_28500,0.004985799000000001,28500,Axial,DM+QCDjets,464.262,588.03,1.0,0.25,atlas_exot_2018_06,EM8,0.2917229,0.3361552,0.0027727,0.0003459
run_05/mzp_464.3_mx_588.0_nevents_28500,0.004985799000000001,28500,Axial,DM+QCDjets,464.262,588.03,1.0,0.25,atlas_exot_2018_06,EM9,0.3117456,0.2686364,0.0015625,0.0002598
run_05/mzp_464.3_mx_588.0_nevents_28500,0.004985799000000001,28500,Axial,DM+QCDjets,464.262,588.03,1.0,0.25,atlas_exot_2018_06,EM10,0.3429851,0.7297888,0.0009135,0.0001987
run_05/mzp_464.3_mx_588.0_nevents_28500,0.004985799000000001,28500,Axial,DM+QCDjets,464.262,588.03,1.0,0.25,atlas_exot_2018_06,EM11,0.3743909,0.4193603,0.0005878,0.0001594
run_05/mzp_464.3_mx_588.0_nevents_28500,0.004985799000000001,28500,Axial,DM+QCDjets,464.262,588.03,1.0,0.25,atlas_exot_2018_06,EM12,0.2172936,0.1748245,0.0011716,0.000225
run_12/mzp_300.3_mx_588.0_nevents_28500,0.0045118864,28500,Axial,DM+QCDjets,300.29,588.03,1.0,0.25,atlas_exot_2018_06,IM0,3.2504579,4.1274283,0.1740496,0.0026215
run_12/mzp_300.3_mx_588.0_nevents_28500,0.0045118864,28500,Axial,DM+QCDjets,300.29,588.03,1.0,0.25,atlas_exot_2018_06,IM1,1.6462529,2.0608231,0.1377981,0.0023832
run_12/mzp_300.3_mx_588.0_nevents_28500,0.0045118864,28500,Axial,DM+QCDjets,300.29,588.03,1.0,0.25,atlas_exot_2018_06,IM2,1.1007582,1.5073928,0.1029918,0.0021015
run_12/mzp_300.3_mx_588.0_nevents_28500,0.0045118864,28500,Axial,DM+QCDjets,300.29,588.03,1.0,0.25,atlas_exot_2018_06,IM3,0.73518,1.0812825,0.0776511,0.0018504
run_12/mzp_300.3_mx_588.0_nevents_28500,0.0045118864,28500,Axial,DM+QCDjets,300.29,588.03,1.0,0.25,atlas_exot_2018_06,IM4,0.5706818,0.9072164,0.0575627,0.0016104
run_12/mzp_300.3_mx_588.0_nevents_28500,0.0045118864,28500,Axial,DM+QCDjets,300.29,588.03,1.0,0.25,atlas_exot_2018_06,IM5,0.4449739,0.6720492,0.0325145,0.0012263
run_12/mzp_300.3_mx_588.0_nevents_28500,0.0045118864,28500,Axial,DM+QCDjets,300.29,588.03,1.0,0.25,atlas_exot_2018_06,IM6,0.365522,0.5333317,0.0199908,0.0009678
run_12/mzp_300.3_mx_588.0_nevents_28500,0.0045118864,28500,Axial,DM+QCDjets,300.29,588.03,1.0,0.25,atlas_exot_2018_06,IM7,0.2855184,0.3341087,0.0126178,0.0007717
run_12/mzp_300.3_mx_588.0_nevents_28500,0.0045118864,28500,Axial,DM+QCDjets,300.29,588.03,1.0,0.25,atlas_exot_2018_06,IM8,0.2429363,0.2616938,0.0082086,0.0006239
run_12/mzp_300.3_mx_588.0_nevents_28500,0.0045118864,28500,Axial,DM+QCDjets,300.29,588.03,1.0,0.25,atlas_exot_2018_06,IM9,0.2479168,0.23126,0.005122,0.0004936
run_12/mzp_300.3_mx_588.0_nevents_28500,0.0045118864,28500,Axial,DM+QCDjets,300.29,588.03,1.0,0.25,atlas_exot_2018_06,IM10,0.3416066,0.5269708,0.0027305,0.0003608
run_12/mzp_300.3_mx_588.0_nevents_28500,0.0045118864,28500,Axial,DM+QCDjets,300.29,588.03,1.0,0.25,atlas_exot_2018_06,IM11,0.3288088,0.2941564,0.0017115,0.0002858
run_12/mzp_300.3_mx_588.0_nevents_28500,0.0045118864,28500,Axial,DM+QCDjets,300.29,588.03,1.0,0.25,atlas_exot_2018_06,IM12,0.3200227,0.2532333,0.0010867,0.0002278
run_12/mzp_300.3_mx_588.0_nevents_28500,0.0045118864,28500,Axial,DM+QCDjets,300.29,588.03,1.0,0.25,atlas_exot_2018_06,EM0,10.0993291,11.327656,0.0362515,0.0012924
run_12/mzp_300.3_mx_588.0_nevents_28500,0.0045118864,28500,Axial,DM+QCDjets,300.29,588.03,1.0,0.25,atlas_exot_2018_06,EM1,3.6614014,3.5657515,0.0348063,0.0012673
run_12/mzp_300.3_mx_588.0_nevents_28500,0.0045118864,28500,Axial,DM+QCDjets,300.29,588.03,1.0,0.25,atlas_exot_2018_06,EM2,1.9765487,1.9543388,0.0253407,0.0010866
run_12/mzp_300.3_mx_588.0_nevents_28500,0.0045118864,28500,Axial,DM+QCDjets,300.29,588.03,1.0,0.25,atlas_exot_2018_06,EM3,1.1570634,1.3945263,0.0200884,0.0009701
run_12/mzp_300.3_mx_588.0_nevents_28500,0.0045118864,28500,Axial,DM+QCDjets,300.29,588.03,1.0,0.25,atlas_exot_2018_06,EM4,0.7029296,0.9836087,0.0250482,0.0010805
run_12/mzp_300.3_mx_588.0_nevents_28500,0.0045118864,28500,Axial,DM+QCDjets,300.29,588.03,1.0,0.25,atlas_exot_2018_06,EM5,0.4914796,0.5982822,0.0125237,0.0007689
run_12/mzp_300.3_mx_588.0_nevents_28500,0.0045118864,28500,Axial,DM+QCDjets,300.29,588.03,1.0,0.25,atlas_exot_2018_06,EM6,0.3939649,0.5485989,0.007373,0.0005915
run_12/mzp_300.3_mx_588.0_nevents_28500,0.0045118864,28500,Axial,DM+QCDjets,300.29,588.03,1.0,0.25,atlas_exot_2018_06,EM7,0.3255159,0.4739046,0.0044092,0.0004581
run_12/mzp_300.3_mx_588.0_nevents_28500,0.0045118864,28500,Axial,DM+QCDjets,300.29,588.03,1.0,0.25,atlas_exot_2018_06,EM8,0.2628724,0.3015002,0.0030866,0.0003835
run_12/mzp_300.3_mx_588.0_nevents_28500,0.0045118864,28500,Axial,DM+QCDjets,300.29,588.03,1.0,0.25,atlas_exot_2018_06,EM9,0.2045142,0.1742597,0.0023914,0.0003377
run_12/mzp_300.3_mx_588.0_nevents_28500,0.0045118864,28500,Axial,DM+QCDjets,300.29,588.03,1.0,0.25,atlas_exot_2018_06,EM10,0.3088052,0.6542121,0.0010191,0.0002206
run_12/mzp_300.3_mx_588.0_nevents_28500,0.0045118864,28500,Axial,DM+QCDjets,300.29,588.03,1.0,0.25,atlas_exot_2018_06,EM11,0.3512747,0.3933402,0.0006247,0.0001728
run_12/mzp_300.3_mx_588.0_nevents_28500,0.0045118864,28500,Axial,DM+QCDjets,300.29,588.03,1.0,0.25,atlas_exot_2018_06,EM12,0.2350725,0.1859555,0.0010867,0.0002278
run_37/mzp_1759.0_mx_153.9_nevents_28500,0.45882803,28500,Axial,DM+QCDjets,1759.0,153.87,1.0,0.25,atlas_exot_2018_06,IM0,3.1683951,4.0230484,0.1777373,0.0002623
run_37/mzp_1759.0_mx_153.9_nevents_28500,0.45882803,28500,Axial,DM+QCDjets,1759.0,153.87,1.0,0.25,atlas_exot_2018_06,IM1,1.6082318,2.034007,0.140204,0.0002382
run_37/mzp_1759.0_mx_153.9_nevents_28500,0.45882803,28500,Axial,DM+QCDjets,1759.0,153.87,1.0,0.25,atlas_exot_2018_06,IM2,1.0566399,1.4686501,0.1063099,0.0002115
run_37/mzp_1759.0_mx_153.9_nevents_28500,0.45882803,28500,Axial,DM+QCDjets,1759.0,153.87,1.0,0.25,atlas_exot_2018_06,IM3,0.7149633,1.0559064,0.0796711,0.0001858
run_37/mzp_1759.0_mx_153.9_nevents_28500,0.45882803,28500,Axial,DM+QCDjets,1759.0,153.87,1.0,0.25,atlas_exot_2018_06,IM4,0.5460897,0.8699905,0.0600652,0.000163
run_37/mzp_1759.0_mx_153.9_nevents_28500,0.45882803,28500,Axial,DM+QCDjets,1759.0,153.87,1.0,0.25,atlas_exot_2018_06,IM5,0.4069988,0.617235,0.0353965,0.0001268
run_37/mzp_1759.0_mx_153.9_nevents_28500,0.45882803,28500,Axial,DM+QCDjets,1759.0,153.87,1.0,0.25,atlas_exot_2018_06,IM6,0.354425,0.5176797,0.020545,9.73e-05
run_37/mzp_1759.0_mx_153.9_nevents_28500,0.45882803,28500,Axial,DM+QCDjets,1759.0,153.87,1.0,0.25,atlas_exot_2018_06,IM7,0.3065856,0.3604881,0.0117639,7.4e-05
run_37/mzp_1759.0_mx_153.9_nevents_28500,0.45882803,28500,Axial,DM+QCDjets,1759.0,153.87,1.0,0.25,atlas_exot_2018_06,IM8,0.2906491,0.3081087,0.0069372,5.69e-05
run_37/mzp_1759.0_mx_153.9_nevents_28500,0.45882803,28500,Axial,DM+QCDjets,1759.0,153.87,1.0,0.25,atlas_exot_2018_06,IM9,0.2913916,0.2761283,0.0043246,4.5e-05
run_37/mzp_1759.0_mx_153.9_nevents_28500,0.45882803,28500,Axial,DM+QCDjets,1759.0,153.87,1.0,0.25,atlas_exot_2018_06,IM10,0.3524447,0.5433205,0.0026485,3.53e-05
run_37/mzp_1759.0_mx_153.9_nevents_28500,0.45882803,28500,Axial,DM+QCDjets,1759.0,153.87,1.0,0.25,atlas_exot_2018_06,IM11,0.3163155,0.2839058,0.0017793,2.89e-05
run_37/mzp_1759.0_mx_153.9_nevents_28500,0.45882803,28500,Axial,DM+QCDjets,1759.0,153.87,1.0,0.25,atlas_exot_2018_06,IM12,0.3320785,0.2637181,0.0010513,2.22e-05
run_37/mzp_1759.0_mx_153.9_nevents_28500,0.45882803,28500,Axial,DM+QCDjets,1759.0,153.87,1.0,0.25,atlas_exot_2018_06,EM0,9.8120442,10.9266622,0.0375334,0.0001304
run_37/mzp_1759.0_mx_153.9_nevents_28500,0.45882803,28500,Axial,DM+QCDjets,1759.0,153.87,1.0,0.25,atlas_exot_2018_06,EM1,3.7733172,3.6751365,0.0338941,0.0001241
run_37/mzp_1759.0_mx_153.9_nevents_28500,0.45882803,28500,Axial,DM+QCDjets,1759.0,153.87,1.0,0.25,atlas_exot_2018_06,EM2,1.8752227,1.8583249,0.0266388,0.0001105
run_37/mzp_1759.0_mx_153.9_nevents_28500,0.45882803,28500,Axial,DM+QCDjets,1759.0,153.87,1.0,0.25,atlas_exot_2018_06,EM3,1.1767695,1.4262294,0.0196058,9.51e-05
run_37/mzp_1759.0_mx_153.9_nevents_28500,0.45882803,28500,Axial,DM+QCDjets,1759.0,153.87,1.0,0.25,atlas_exot_2018_06,EM4,0.7036299,1.0,0.0246687,0.0001064
run_37/mzp_1759.0_mx_153.9_nevents_28500,0.45882803,28500,Axial,DM+QCDjets,1759.0,153.87,1.0,0.25,atlas_exot_2018_06,EM5,0.415328,0.5042396,0.0148516,8.3e-05
run_37/mzp_1759.0_mx_153.9_nevents_28500,0.45882803,28500,Axial,DM+QCDjets,1759.0,153.87,1.0,0.25,atlas_exot_2018_06,EM6,0.3342803,0.4593873,0.008781,6.4e-05
run_37/mzp_1759.0_mx_153.9_nevents_28500,0.45882803,28500,Axial,DM+QCDjets,1759.0,153.87,1.0,0.25,atlas_exot_2018_06,EM7,0.2979174,0.4328652,0.0048267,4.75e-05
run_37/mzp_1759.0_mx_153.9_nevents_28500,0.45882803,28500,Axial,DM+QCDjets,1759.0,153.87,1.0,0.25,atlas_exot_2018_06,EM8,0.3122586,0.3563081,0.0026126,3.5e-05
run_37/mzp_1759.0_mx_153.9_nevents_28500,0.45882803,28500,Axial,DM+QCDjets,1759.0,153.87,1.0,0.25,atlas_exot_2018_06,EM9,0.2913923,0.2490672,0.0016761,2.81e-05
run_37/mzp_1759.0_mx_153.9_nevents_28500,0.45882803,28500,Axial,DM+QCDjets,1759.0,153.87,1.0,0.25,atlas_exot_2018_06,EM10,0.3599481,0.7687897,0.0008692,2.02e-05
run_37/mzp_1759.0_mx_153.9_nevents_28500,0.45882803,28500,Axial,DM+QCDjets,1759.0,153.87,1.0,0.25,atlas_exot_2018_06,EM11,0.3004104,0.3382644,0.0007281,1.85e-05
run_37/mzp_1759.0_mx_153.9_nevents_28500,0.45882803,28500,Axial,DM+QCDjets,1759.0,153.87,1.0,0.25,atlas_exot_2018_06,EM12,0.2426506,0.1951632,0.0010513,2.22e-05
run_19/mzp_700.7_mx_588.0_nevents_28500,0.0063965546,28500,Axial,DM+QCDjets,700.69,588.03,1.0,0.25,atlas_exot_2018_06,IM0,3.3556087,4.2646578,0.1682028,0.0021733
run_19/mzp_700.7_mx_588.0_nevents_28500,0.0063965546,28500,Axial,DM+QCDjets,700.69,588.03,1.0,0.25,atlas_exot_2018_06,IM1,1.7125366,2.1460493,0.1323207,0.0019688
run_19/mzp_700.7_mx_588.0_nevents_28500,0.0063965546,28500,Axial,DM+QCDjets,700.69,588.03,1.0,0.25,atlas_exot_2018_06,IM2,1.1306627,1.5566434,0.1001306,0.0017441
run_19/mzp_700.7_mx_588.0_nevents_28500,0.0063965546,28500,Axial,DM+QCDjets,700.69,588.03,1.0,0.25,atlas_exot_2018_06,IM3,0.7652779,1.1294024,0.0742672,0.0015235
run_19/mzp_700.7_mx_588.0_nevents_28500,0.0063965546,28500,Axial,DM+QCDjets,700.69,588.03,1.0,0.25,atlas_exot_2018_06,IM4,0.5926457,0.9402154,0.055501,0.0013303
run_19/mzp_700.7_mx_588.0_nevents_28500,0.0063965546,28500,Axial,DM+QCDjets,700.69,588.03,1.0,0.25,atlas_exot_2018_06,IM5,0.454872,0.6904598,0.0317166,0.0010182
run_19/mzp_700.7_mx_588.0_nevents_28500,0.0063965546,28500,Axial,DM+QCDjets,700.69,588.03,1.0,0.25,atlas_exot_2018_06,IM6,0.36911,0.5382107,0.0197792,0.000809
run_19/mzp_700.7_mx_588.0_nevents_28500,0.0063965546,28500,Axial,DM+QCDjets,700.69,588.03,1.0,0.25,atlas_exot_2018_06,IM7,0.2991082,0.3517511,0.0120327,0.0006335
run_19/mzp_700.7_mx_588.0_nevents_28500,0.0063965546,28500,Axial,DM+QCDjets,700.69,588.03,1.0,0.25,atlas_exot_2018_06,IM8,0.2848245,0.3046717,0.0070515,0.0004862
run_19/mzp_700.7_mx_588.0_nevents_28500,0.0063965546,28500,Axial,DM+QCDjets,700.69,588.03,1.0,0.25,atlas_exot_2018_06,IM9,0.2863716,0.2694815,0.0044328,0.000386
run_19/mzp_700.7_mx_588.0_nevents_28500,0.0063965546,28500,Axial,DM+QCDjets,700.69,588.03,1.0,0.25,atlas_exot_2018_06,IM10,0.3130832,0.4818981,0.0029803,0.0003167
run_19/mzp_700.7_mx_588.0_nevents_28500,0.0063965546,28500,Axial,DM+QCDjets,700.69,588.03,1.0,0.25,atlas_exot_2018_06,IM11,0.316856,0.2823449,0.0017865,0.0002454
run_19/mzp_700.7_mx_588.0_nevents_28500,0.0063965546,28500,Axial,DM+QCDjets,700.69,588.03,1.0,0.25,atlas_exot_2018_06,IM12,0.2922189,0.2305181,0.0011921,0.0002005
run_19/mzp_700.7_mx_588.0_nevents_28500,0.0063965546,28500,Axial,DM+QCDjets,700.69,588.03,1.0,0.25,atlas_exot_2018_06,EM0,10.2259987,11.4345548,0.0358821,0.0010807
run_19/mzp_700.7_mx_588.0_nevents_28500,0.0063965546,28500,Axial,DM+QCDjets,700.69,588.03,1.0,0.25,atlas_exot_2018_06,EM1,3.9626021,3.8549213,0.0321901,0.0010256
run_19/mzp_700.7_mx_588.0_nevents_28500,0.0063965546,28500,Axial,DM+QCDjets,700.69,588.03,1.0,0.25,atlas_exot_2018_06,EM2,1.9383239,1.9198503,0.0258634,0.0009223
run_19/mzp_700.7_mx_588.0_nevents_28500,0.0063965546,28500,Axial,DM+QCDjets,700.69,588.03,1.0,0.25,atlas_exot_2018_06,EM3,1.2290157,1.4926452,0.0187663,0.0007885
run_19/mzp_700.7_mx_588.0_nevents_28500,0.0063965546,28500,Axial,DM+QCDjets,700.69,588.03,1.0,0.25,atlas_exot_2018_06,EM4,0.735214,1.0384345,0.0237843,0.0008854
run_19/mzp_700.7_mx_588.0_nevents_28500,0.0063965546,28500,Axial,DM+QCDjets,700.69,588.03,1.0,0.25,atlas_exot_2018_06,EM5,0.5137809,0.6274726,0.0119375,0.000631
run_19/mzp_700.7_mx_588.0_nevents_28500,0.0063965546,28500,Axial,DM+QCDjets,700.69,588.03,1.0,0.25,atlas_exot_2018_06,EM6,0.3752673,0.5212869,0.0077465,0.0005094
run_19/mzp_700.7_mx_588.0_nevents_28500,0.0063965546,28500,Axial,DM+QCDjets,700.69,588.03,1.0,0.25,atlas_exot_2018_06,EM7,0.289389,0.4205649,0.0049811,0.0004091
run_19/mzp_700.7_mx_588.0_nevents_28500,0.0063965546,28500,Axial,DM+QCDjets,700.69,588.03,1.0,0.25,atlas_exot_2018_06,EM8,0.3100941,0.3548003,0.0026187,0.0002969
run_19/mzp_700.7_mx_588.0_nevents_28500,0.0063965546,28500,Axial,DM+QCDjets,700.69,588.03,1.0,0.25,atlas_exot_2018_06,EM9,0.3372005,0.287339,0.0014525,0.0002213
run_19/mzp_700.7_mx_588.0_nevents_28500,0.0063965546,28500,Axial,DM+QCDjets,700.69,588.03,1.0,0.25,atlas_exot_2018_06,EM10,0.2599898,0.5591098,0.0011939,0.0002006
run_19/mzp_700.7_mx_588.0_nevents_28500,0.0063965546,28500,Axial,DM+QCDjets,700.69,588.03,1.0,0.25,atlas_exot_2018_06,EM11,0.3695084,0.413998,0.0005944,0.0001416
run_19/mzp_700.7_mx_588.0_nevents_28500,0.0063965546,28500,Axial,DM+QCDjets,700.69,588.03,1.0,0.25,atlas_exot_2018_06,EM12,0.2154413,0.1719,0.0011921,0.0002005
run_46/mzp_2017.4_mx_450.1_nevents_28500,0.18464758399999998,28500,Axial,DM+QCDjets,2017.4,450.11,1.0,0.25,atlas_exot_2018_06,IM0,3.07946,3.9078176,0.1833725,0.0004169
run_46/mzp_2017.4_mx_450.1_nevents_28500,0.18464758399999998,28500,Axial,DM+QCDjets,2017.4,450.11,1.0,0.25,atlas_exot_2018_06,IM1,1.5347629,1.9487984,0.1461239,0.0003806
run_46/mzp_2017.4_mx_450.1_nevents_28500,0.18464758399999998,28500,Axial,DM+QCDjets,2017.4,450.11,1.0,0.25,atlas_exot_2018_06,IM2,1.0198117,1.398077,0.1112626,0.0003388
run_46/mzp_2017.4_mx_450.1_nevents_28500,0.18464758399999998,28500,Axial,DM+QCDjets,2017.4,450.11,1.0,0.25,atlas_exot_2018_06,IM3,0.683593,1.0062976,0.0836121,0.0002982
run_46/mzp_2017.4_mx_450.1_nevents_28500,0.18464758399999998,28500,Axial,DM+QCDjets,2017.4,450.11,1.0,0.25,atlas_exot_2018_06,IM4,0.5120676,0.8117125,0.0643708,0.0002644
run_46/mzp_2017.4_mx_450.1_nevents_28500,0.18464758399999998,28500,Axial,DM+QCDjets,2017.4,450.11,1.0,0.25,atlas_exot_2018_06,IM5,0.379483,0.5722437,0.0382678,0.0002067
run_46/mzp_2017.4_mx_450.1_nevents_28500,0.18464758399999998,28500,Axial,DM+QCDjets,2017.4,450.11,1.0,0.25,atlas_exot_2018_06,IM6,0.3132186,0.4573313,0.023312,0.0001626
run_46/mzp_2017.4_mx_450.1_nevents_28500,0.18464758399999998,28500,Axial,DM+QCDjets,2017.4,450.11,1.0,0.25,atlas_exot_2018_06,IM7,0.2681396,0.3134973,0.0134628,0.0001242
run_46/mzp_2017.4_mx_450.1_nevents_28500,0.18464758399999998,28500,Axial,DM+QCDjets,2017.4,450.11,1.0,0.25,atlas_exot_2018_06,IM8,0.2278343,0.2426161,0.0088073,0.0001007
run_46/mzp_2017.4_mx_450.1_nevents_28500,0.18464758399999998,28500,Axial,DM+QCDjets,2017.4,450.11,1.0,0.25,atlas_exot_2018_06,IM9,0.2364089,0.2249794,0.0053373,7.85e-05
run_46/mzp_2017.4_mx_450.1_nevents_28500,0.18464758399999998,28500,Axial,DM+QCDjets,2017.4,450.11,1.0,0.25,atlas_exot_2018_06,IM10,0.2907814,0.4494614,0.0032068,6.09e-05
run_46/mzp_2017.4_mx_450.1_nevents_28500,0.18464758399999998,28500,Axial,DM+QCDjets,2017.4,450.11,1.0,0.25,atlas_exot_2018_06,IM11,0.252972,0.226211,0.0022277,5.08e-05
run_46/mzp_2017.4_mx_450.1_nevents_28500,0.18464758399999998,28500,Axial,DM+QCDjets,2017.4,450.11,1.0,0.25,atlas_exot_2018_06,IM12,0.2878386,0.2273824,0.0012122,3.75e-05
run_46/mzp_2017.4_mx_450.1_nevents_28500,0.18464758399999998,28500,Axial,DM+QCDjets,2017.4,450.11,1.0,0.25,atlas_exot_2018_06,EM0,9.8583583,11.0147071,0.0372486,0.000204
run_46/mzp_2017.4_mx_450.1_nevents_28500,0.18464758399999998,28500,Axial,DM+QCDjets,2017.4,450.11,1.0,0.25,atlas_exot_2018_06,EM1,3.6512636,3.5712047,0.0348613,0.0001976
run_46/mzp_2017.4_mx_450.1_nevents_28500,0.18464758399999998,28500,Axial,DM+QCDjets,2017.4,450.11,1.0,0.25,atlas_exot_2018_06,EM2,1.8082239,1.7846343,0.0276504,0.0001767
run_46/mzp_2017.4_mx_450.1_nevents_28500,0.18464758399999998,28500,Axial,DM+QCDjets,2017.4,450.11,1.0,0.25,atlas_exot_2018_06,EM3,1.2040598,1.4607435,0.0192413,0.000148
run_46/mzp_2017.4_mx_450.1_nevents_28500,0.18464758399999998,28500,Axial,DM+QCDjets,2017.4,450.11,1.0,0.25,atlas_exot_2018_06,EM4,0.6722288,0.9457528,0.026103,0.0001718
run_46/mzp_2017.4_mx_450.1_nevents_28500,0.18464758399999998,28500,Axial,DM+QCDjets,2017.4,450.11,1.0,0.25,atlas_exot_2018_06,EM5,0.4103948,0.5016564,0.0149558,0.0001308
run_46/mzp_2017.4_mx_450.1_nevents_28500,0.18464758399999998,28500,Axial,DM+QCDjets,2017.4,450.11,1.0,0.25,atlas_exot_2018_06,EM6,0.2961924,0.4095814,0.0098491,0.0001064
run_46/mzp_2017.4_mx_450.1_nevents_28500,0.18464758399999998,28500,Axial,DM+QCDjets,2017.4,450.11,1.0,0.25,atlas_exot_2018_06,EM7,0.3103427,0.4499407,0.0046555,7.33e-05
run_46/mzp_2017.4_mx_450.1_nevents_28500,0.18464758399999998,28500,Axial,DM+QCDjets,2017.4,450.11,1.0,0.25,atlas_exot_2018_06,EM8,0.2348209,0.2679923,0.00347,6.34e-05
run_46/mzp_2017.4_mx_450.1_nevents_28500,0.18464758399999998,28500,Axial,DM+QCDjets,2017.4,450.11,1.0,0.25,atlas_exot_2018_06,EM9,0.2290013,0.1949947,0.0021305,4.97e-05
run_46/mzp_2017.4_mx_450.1_nevents_28500,0.18464758399999998,28500,Axial,DM+QCDjets,2017.4,450.11,1.0,0.25,atlas_exot_2018_06,EM10,0.3207265,0.6833319,0.0009791,3.37e-05
run_46/mzp_2017.4_mx_450.1_nevents_28500,0.18464758399999998,28500,Axial,DM+QCDjets,2017.4,450.11,1.0,0.25,atlas_exot_2018_06,EM11,0.2157572,0.2424236,0.0010155,3.43e-05
run_46/mzp_2017.4_mx_450.1_nevents_28500,0.18464758399999998,28500,Axial,DM+QCDjets,2017.4,450.11,1.0,0.25,atlas_exot_2018_06,EM12,0.209863,0.1685071,0.0012122,3.75e-05
run_16/mzp_700.7_mx_153.9_nevents_28500,17.250654,28500,Axial,DM+QCDjets,700.69,153.87,1.0,0.25,atlas_exot_2018_06,IM0,5.2720546,6.6801611,0.1074336,3.52e-05
run_16/mzp_700.7_mx_153.9_nevents_28500,17.250654,28500,Axial,DM+QCDjets,700.69,153.87,1.0,0.25,atlas_exot_2018_06,IM1,3.0158607,3.7810098,0.0752352,3e-05
run_16/mzp_700.7_mx_153.9_nevents_28500,17.250654,28500,Axial,DM+QCDjets,700.69,153.87,1.0,0.25,atlas_exot_2018_06,IM2,2.2356955,3.0801962,0.050608,2.49e-05
run_16/mzp_700.7_mx_153.9_nevents_28500,17.250654,28500,Axial,DM+QCDjets,700.69,153.87,1.0,0.25,atlas_exot_2018_06,IM3,1.7345218,2.563629,0.032747,2.02e-05
run_16/mzp_700.7_mx_153.9_nevents_28500,17.250654,28500,Axial,DM+QCDjets,700.69,153.87,1.0,0.25,atlas_exot_2018_06,IM4,1.5549811,2.4597978,0.0212557,1.64e-05
run_16/mzp_700.7_mx_153.9_nevents_28500,17.250654,28500,Axial,DM+QCDjets,700.69,153.87,1.0,0.25,atlas_exot_2018_06,IM5,1.4477996,2.1975039,0.0099417,1.13e-05
run_16/mzp_700.7_mx_153.9_nevents_28500,17.250654,28500,Axial,DM+QCDjets,700.69,153.87,1.0,0.25,atlas_exot_2018_06,IM6,1.8976516,2.7952637,0.0038266,7e-06
run_16/mzp_700.7_mx_153.9_nevents_28500,17.250654,28500,Axial,DM+QCDjets,700.69,153.87,1.0,0.25,atlas_exot_2018_06,IM7,1.9870653,2.3604202,0.0018012,4.8e-06
run_16/mzp_700.7_mx_153.9_nevents_28500,17.250654,28500,Axial,DM+QCDjets,700.69,153.87,1.0,0.25,atlas_exot_2018_06,IM8,2.2657095,2.4522495,0.0008767,3.4e-06
run_16/mzp_700.7_mx_153.9_nevents_28500,17.250654,28500,Axial,DM+QCDjets,700.69,153.87,1.0,0.25,atlas_exot_2018_06,IM9,2.3353845,2.2088567,0.0005397,2.6e-06
run_16/mzp_700.7_mx_153.9_nevents_28500,17.250654,28500,Axial,DM+QCDjets,700.69,153.87,1.0,0.25,atlas_exot_2018_06,IM10,3.4898547,5.4058668,0.0002678,1.9e-06
run_16/mzp_700.7_mx_153.9_nevents_28500,17.250654,28500,Axial,DM+QCDjets,700.69,153.87,1.0,0.25,atlas_exot_2018_06,IM11,7.2924953,6.4664023,7.75e-05,1e-06
run_16/mzp_700.7_mx_153.9_nevents_28500,17.250654,28500,Axial,DM+QCDjets,700.69,153.87,1.0,0.25,atlas_exot_2018_06,IM12,8.9925577,7.0966044,3.88e-05,7e-07
run_16/mzp_700.7_mx_153.9_nevents_28500,17.250654,28500,Axial,DM+QCDjets,700.69,153.87,1.0,0.25,atlas_exot_2018_06,EM0,11.3991532,12.7323369,0.0321984,2.01e-05
run_16/mzp_700.7_mx_153.9_nevents_28500,17.250654,28500,Axial,DM+QCDjets,700.69,153.87,1.0,0.25,atlas_exot_2018_06,EM1,5.171687,5.0617624,0.0246272,1.76e-05
run_16/mzp_700.7_mx_153.9_nevents_28500,17.250654,28500,Axial,DM+QCDjets,700.69,153.87,1.0,0.25,atlas_exot_2018_06,EM2,2.8029835,2.7819766,0.017861,1.51e-05
run_16/mzp_700.7_mx_153.9_nevents_28500,17.250654,28500,Axial,DM+QCDjets,700.69,153.87,1.0,0.25,atlas_exot_2018_06,EM3,2.0159065,2.4374154,0.0114912,1.21e-05
run_16/mzp_700.7_mx_153.9_nevents_28500,17.250654,28500,Axial,DM+QCDjets,700.69,153.87,1.0,0.25,atlas_exot_2018_06,EM4,1.5426472,2.1805593,0.0113141,1.2e-05
run_16/mzp_700.7_mx_153.9_nevents_28500,17.250654,28500,Axial,DM+QCDjets,700.69,153.87,1.0,0.25,atlas_exot_2018_06,EM5,1.0056163,1.2232069,0.006115,8.9e-06
run_16/mzp_700.7_mx_153.9_nevents_28500,17.250654,28500,Axial,DM+QCDjets,700.69,153.87,1.0,0.25,atlas_exot_2018_06,EM6,1.4342968,1.9908239,0.0020254,5.1e-06
run_16/mzp_700.7_mx_153.9_nevents_28500,17.250654,28500,Axial,DM+QCDjets,700.69,153.87,1.0,0.25,atlas_exot_2018_06,EM7,1.5592339,2.27635,0.0009245,3.5e-06
run_16/mzp_700.7_mx_153.9_nevents_28500,17.250654,28500,Axial,DM+QCDjets,700.69,153.87,1.0,0.25,atlas_exot_2018_06,EM8,2.4288106,2.7687766,0.000337,2.1e-06
run_16/mzp_700.7_mx_153.9_nevents_28500,17.250654,28500,Axial,DM+QCDjets,700.69,153.87,1.0,0.25,atlas_exot_2018_06,EM9,1.801583,1.5295006,0.0002719,1.9e-06
run_16/mzp_700.7_mx_153.9_nevents_28500,17.250654,28500,Axial,DM+QCDjets,700.69,153.87,1.0,0.25,atlas_exot_2018_06,EM10,1.6453593,3.5096695,0.0001903,1.6e-06
run_16/mzp_700.7_mx_153.9_nevents_28500,17.250654,28500,Axial,DM+QCDjets,700.69,153.87,1.0,0.25,atlas_exot_2018_06,EM11,5.6972607,6.3892146,3.87e-05,7e-07
run_16/mzp_700.7_mx_153.9_nevents_28500,17.250654,28500,Axial,DM+QCDjets,700.69,153.87,1.0,0.25,atlas_exot_2018_06,EM12,6.552061,5.2382205,3.88e-05,7e-07
run_20/mzp_700.7_mx_558.5_nevents_28500,0.0086764756,28500,Axial,DM+QCDjets,700.69,558.45,1.0,0.25,atlas_exot_2018_06,IM0,3.3778103,4.2876482,0.1671591,0.0018636
run_20/mzp_700.7_mx_558.5_nevents_28500,0.0086764756,28500,Axial,DM+QCDjets,700.69,558.45,1.0,0.25,atlas_exot_2018_06,IM1,1.7313636,2.1725092,0.1306848,0.0016834
run_20/mzp_700.7_mx_558.5_nevents_28500,0.0086764756,28500,Axial,DM+QCDjets,700.69,558.45,1.0,0.25,atlas_exot_2018_06,IM2,1.1557814,1.5792502,0.0987396,0.0014899
run_20/mzp_700.7_mx_558.5_nevents_28500,0.0086764756,28500,Axial,DM+QCDjets,700.69,558.45,1.0,0.25,atlas_exot_2018_06,IM3,0.7661368,1.1336195,0.0740863,0.0013081
run_20/mzp_700.7_mx_558.5_nevents_28500,0.0086764756,28500,Axial,DM+QCDjets,700.69,558.45,1.0,0.25,atlas_exot_2018_06,IM4,0.5880206,0.9361374,0.0557792,0.0011462
run_20/mzp_700.7_mx_558.5_nevents_28500,0.0086764756,28500,Axial,DM+QCDjets,700.69,558.45,1.0,0.25,atlas_exot_2018_06,IM5,0.4474779,0.6811975,0.0321338,0.0008808
run_20/mzp_700.7_mx_558.5_nevents_28500,0.0086764756,28500,Axial,DM+QCDjets,700.69,558.45,1.0,0.25,atlas_exot_2018_06,IM6,0.3805507,0.5606636,0.0190994,0.0006836
run_20/mzp_700.7_mx_558.5_nevents_28500,0.0086764756,28500,Axial,DM+QCDjets,700.69,558.45,1.0,0.25,atlas_exot_2018_06,IM7,0.313187,0.3685411,0.0115322,0.0005333
run_20/mzp_700.7_mx_558.5_nevents_28500,0.0086764756,28500,Axial,DM+QCDjets,700.69,558.45,1.0,0.25,atlas_exot_2018_06,IM8,0.2679354,0.2852978,0.0075088,0.0004312
run_20/mzp_700.7_mx_558.5_nevents_28500,0.0086764756,28500,Axial,DM+QCDjets,700.69,558.45,1.0,0.25,atlas_exot_2018_06,IM9,0.2842913,0.2708506,0.0044303,0.0003317
run_20/mzp_700.7_mx_558.5_nevents_28500,0.0086764756,28500,Axial,DM+QCDjets,700.69,558.45,1.0,0.25,atlas_exot_2018_06,IM10,0.3394032,0.5265394,0.0027392,0.000261
run_20/mzp_700.7_mx_558.5_nevents_28500,0.0086764756,28500,Axial,DM+QCDjets,700.69,558.45,1.0,0.25,atlas_exot_2018_06,IM11,0.3606967,0.3233132,0.0015543,0.0001968
run_20/mzp_700.7_mx_558.5_nevents_28500,0.0086764756,28500,Axial,DM+QCDjets,700.69,558.45,1.0,0.25,atlas_exot_2018_06,IM12,0.3361326,0.2639894,0.0010409,0.0001611
run_20/mzp_700.7_mx_558.5_nevents_28500,0.0086764756,28500,Axial,DM+QCDjets,700.69,558.45,1.0,0.25,atlas_exot_2018_06,EM0,10.0350827,11.2429684,0.0364742,0.0009363
run_20/mzp_700.7_mx_558.5_nevents_28500,0.0086764756,28500,Axial,DM+QCDjets,700.69,558.45,1.0,0.25,atlas_exot_2018_06,EM1,3.9929658,3.9018798,0.0319452,0.0008783
run_20/mzp_700.7_mx_558.5_nevents_28500,0.0086764756,28500,Axial,DM+QCDjets,700.69,558.45,1.0,0.25,atlas_exot_2018_06,EM2,2.0344956,2.0152086,0.0246533,0.0007745
run_20/mzp_700.7_mx_558.5_nevents_28500,0.0086764756,28500,Axial,DM+QCDjets,700.69,558.45,1.0,0.25,atlas_exot_2018_06,EM3,1.2678959,1.5286728,0.018307,0.0006696
run_20/mzp_700.7_mx_558.5_nevents_28500,0.0086764756,28500,Axial,DM+QCDjets,700.69,558.45,1.0,0.25,atlas_exot_2018_06,EM4,0.7432397,1.0412353,0.0236455,0.0007589
run_20/mzp_700.7_mx_558.5_nevents_28500,0.0086764756,28500,Axial,DM+QCDjets,700.69,558.45,1.0,0.25,atlas_exot_2018_06,EM5,0.4691441,0.5741601,0.0130343,0.0005665
run_20/mzp_700.7_mx_558.5_nevents_28500,0.0086764756,28500,Axial,DM+QCDjets,700.69,558.45,1.0,0.25,atlas_exot_2018_06,EM6,0.3857686,0.5324223,0.0075672,0.0004328
run_20/mzp_700.7_mx_558.5_nevents_28500,0.0086764756,28500,Axial,DM+QCDjets,700.69,558.45,1.0,0.25,atlas_exot_2018_06,EM7,0.3574166,0.5206648,0.0040234,0.0003162
run_20/mzp_700.7_mx_558.5_nevents_28500,0.0086764756,28500,Axial,DM+QCDjets,700.69,558.45,1.0,0.25,atlas_exot_2018_06,EM8,0.2640159,0.3034121,0.0030785,0.0002767
run_20/mzp_700.7_mx_558.5_nevents_28500,0.0086764756,28500,Axial,DM+QCDjets,700.69,558.45,1.0,0.25,atlas_exot_2018_06,EM9,0.287572,0.2469193,0.0016911,0.0002052
run_20/mzp_700.7_mx_558.5_nevents_28500,0.0086764756,28500,Axial,DM+QCDjets,700.69,558.45,1.0,0.25,atlas_exot_2018_06,EM10,0.2649852,0.5625609,0.0011849,0.0001718
run_20/mzp_700.7_mx_558.5_nevents_28500,0.0086764756,28500,Axial,DM+QCDjets,700.69,558.45,1.0,0.25,atlas_exot_2018_06,EM11,0.4286101,0.4809481,0.0005134,0.0001131
run_20/mzp_700.7_mx_558.5_nevents_28500,0.0086764756,28500,Axial,DM+QCDjets,700.69,558.45,1.0,0.25,atlas_exot_2018_06,EM12,0.2444266,0.1962159,0.0010409,0.0001611
run_22/mzp_1000.1_mx_83.1_nevents_28500,5.399219899999999,28500,Axial,DM+QCDjets,1000.1,83.132,1.0,0.25,atlas_exot_2018_06,IM0,4.2637096,5.4150649,0.1328284,6.86e-05
run_22/mzp_1000.1_mx_83.1_nevents_28500,5.399219899999999,28500,Axial,DM+QCDjets,1000.1,83.132,1.0,0.25,atlas_exot_2018_06,IM1,2.3396405,2.9502612,0.0967214,5.97e-05
run_22/mzp_1000.1_mx_83.1_nevents_28500,5.399219899999999,28500,Axial,DM+QCDjets,1000.1,83.132,1.0,0.25,atlas_exot_2018_06,IM2,1.6585748,2.2837752,0.0681649,5.09e-05
run_22/mzp_1000.1_mx_83.1_nevents_28500,5.399219899999999,28500,Axial,DM+QCDjets,1000.1,83.132,1.0,0.25,atlas_exot_2018_06,IM3,1.181398,1.7477904,0.0481563,4.33e-05
run_22/mzp_1000.1_mx_83.1_nevents_28500,5.399219899999999,28500,Axial,DM+QCDjets,1000.1,83.132,1.0,0.25,atlas_exot_2018_06,IM4,0.950597,1.5123384,0.0345705,3.69e-05
run_22/mzp_1000.1_mx_83.1_nevents_28500,5.399219899999999,28500,Axial,DM+QCDjets,1000.1,83.132,1.0,0.25,atlas_exot_2018_06,IM5,0.8011621,1.2153469,0.0180165,2.69e-05
run_22/mzp_1000.1_mx_83.1_nevents_28500,5.399219899999999,28500,Axial,DM+QCDjets,1000.1,83.132,1.0,0.25,atlas_exot_2018_06,IM6,0.7886154,1.153171,0.0092406,1.93e-05
run_22/mzp_1000.1_mx_83.1_nevents_28500,5.399219899999999,28500,Axial,DM+QCDjets,1000.1,83.132,1.0,0.25,atlas_exot_2018_06,IM7,0.7782917,0.9179558,0.0046169,1.37e-05
run_22/mzp_1000.1_mx_83.1_nevents_28500,5.399219899999999,28500,Axial,DM+QCDjets,1000.1,83.132,1.0,0.25,atlas_exot_2018_06,IM8,0.8914911,0.9522192,0.0022533,9.6e-06
run_22/mzp_1000.1_mx_83.1_nevents_28500,5.399219899999999,28500,Axial,DM+QCDjets,1000.1,83.132,1.0,0.25,atlas_exot_2018_06,IM9,1.1052526,1.0497349,0.0011412,6.8e-06
run_22/mzp_1000.1_mx_83.1_nevents_28500,5.399219899999999,28500,Axial,DM+QCDjets,1000.1,83.132,1.0,0.25,atlas_exot_2018_06,IM10,1.6039474,2.4834479,0.000581,4.9e-06
run_22/mzp_1000.1_mx_83.1_nevents_28500,5.399219899999999,28500,Axial,DM+QCDjets,1000.1,83.132,1.0,0.25,atlas_exot_2018_06,IM11,1.3196905,1.1774829,0.0004277,4.2e-06
run_22/mzp_1000.1_mx_83.1_nevents_28500,5.399219899999999,28500,Axial,DM+QCDjets,1000.1,83.132,1.0,0.25,atlas_exot_2018_06,IM12,1.2637675,-1.0,0.0002748,3.3e-06
run_22/mzp_1000.1_mx_83.1_nevents_28500,5.399219899999999,28500,Axial,DM+QCDjets,1000.1,83.132,1.0,0.25,atlas_exot_2018_06,EM0,10.2139491,11.3679632,0.0361071,3.77e-05
run_22/mzp_1000.1_mx_83.1_nevents_28500,5.399219899999999,28500,Axial,DM+QCDjets,1000.1,83.132,1.0,0.25,atlas_exot_2018_06,EM1,4.4805562,4.3561577,0.0285564,3.37e-05
run_22/mzp_1000.1_mx_83.1_nevents_28500,5.399219899999999,28500,Axial,DM+QCDjets,1000.1,83.132,1.0,0.25,atlas_exot_2018_06,EM2,2.4975777,2.4759802,0.0200086,2.83e-05
run_22/mzp_1000.1_mx_83.1_nevents_28500,5.399219899999999,28500,Axial,DM+QCDjets,1000.1,83.132,1.0,0.25,atlas_exot_2018_06,EM3,1.7061736,2.0687967,0.0135858,2.34e-05
run_22/mzp_1000.1_mx_83.1_nevents_28500,5.399219899999999,28500,Axial,DM+QCDjets,1000.1,83.132,1.0,0.25,atlas_exot_2018_06,EM4,1.05306,1.4852959,0.016554,2.58e-05
run_22/mzp_1000.1_mx_83.1_nevents_28500,5.399219899999999,28500,Axial,DM+QCDjets,1000.1,83.132,1.0,0.25,atlas_exot_2018_06,EM5,0.7028872,0.8556555,0.0087759,1.89e-05
run_22/mzp_1000.1_mx_83.1_nevents_28500,5.399219899999999,28500,Axial,DM+QCDjets,1000.1,83.132,1.0,0.25,atlas_exot_2018_06,EM6,0.6325693,0.8723661,0.0046237,1.37e-05
run_22/mzp_1000.1_mx_83.1_nevents_28500,5.399219899999999,28500,Axial,DM+QCDjets,1000.1,83.132,1.0,0.25,atlas_exot_2018_06,EM7,0.6083822,0.886919,0.0023636,9.8e-06
run_22/mzp_1000.1_mx_83.1_nevents_28500,5.399219899999999,28500,Axial,DM+QCDjets,1000.1,83.132,1.0,0.25,atlas_exot_2018_06,EM8,0.7288631,0.8394362,0.0011121,6.7e-06
run_22/mzp_1000.1_mx_83.1_nevents_28500,5.399219899999999,28500,Axial,DM+QCDjets,1000.1,83.132,1.0,0.25,atlas_exot_2018_06,EM9,0.8730606,0.7457469,0.0005602,4.8e-06
run_22/mzp_1000.1_mx_83.1_nevents_28500,5.399219899999999,28500,Axial,DM+QCDjets,1000.1,83.132,1.0,0.25,atlas_exot_2018_06,EM10,2.0391776,4.3547581,0.0001533,2.5e-06
run_22/mzp_1000.1_mx_83.1_nevents_28500,5.399219899999999,28500,Axial,DM+QCDjets,1000.1,83.132,1.0,0.25,atlas_exot_2018_06,EM11,1.4307507,1.6106511,0.0001529,2.5e-06
run_22/mzp_1000.1_mx_83.1_nevents_28500,5.399219899999999,28500,Axial,DM+QCDjets,1000.1,83.132,1.0,0.25,atlas_exot_2018_06,EM12,0.9225707,0.7467027,0.0002748,3.3e-06
run_39/mzp_1759.0_mx_450.1_nevents_28500,0.339354746,28500,Axial,DM+QCDjets,1759.0,450.11,1.0,0.25,atlas_exot_2018_06,IM0,3.2262673,4.0602099,0.1765391,0.0003039
run_39/mzp_1759.0_mx_450.1_nevents_28500,0.339354746,28500,Axial,DM+QCDjets,1759.0,450.11,1.0,0.25,atlas_exot_2018_06,IM1,1.638507,2.0646168,0.138171,0.000275
run_39/mzp_1759.0_mx_450.1_nevents_28500,0.339354746,28500,Axial,DM+QCDjets,1759.0,450.11,1.0,0.25,atlas_exot_2018_06,IM2,1.0689579,1.4638073,0.1059536,0.0002453
run_39/mzp_1759.0_mx_450.1_nevents_28500,0.339354746,28500,Axial,DM+QCDjets,1759.0,450.11,1.0,0.25,atlas_exot_2018_06,IM3,0.7101749,1.0517302,0.079747,0.0002159
run_39/mzp_1759.0_mx_450.1_nevents_28500,0.339354746,28500,Axial,DM+QCDjets,1759.0,450.11,1.0,0.25,atlas_exot_2018_06,IM4,0.5418633,0.8652105,0.0604343,0.0001899
run_39/mzp_1759.0_mx_450.1_nevents_28500,0.339354746,28500,Axial,DM+QCDjets,1759.0,450.11,1.0,0.25,atlas_exot_2018_06,IM5,0.4071509,0.6194332,0.0353358,0.0001472
run_39/mzp_1759.0_mx_450.1_nevents_28500,0.339354746,28500,Axial,DM+QCDjets,1759.0,450.11,1.0,0.25,atlas_exot_2018_06,IM6,0.3411765,0.4969865,0.0214012,0.0001153
run_39/mzp_1759.0_mx_450.1_nevents_28500,0.339354746,28500,Axial,DM+QCDjets,1759.0,450.11,1.0,0.25,atlas_exot_2018_06,IM7,0.2746069,0.3212553,0.0131549,9.08e-05
run_39/mzp_1759.0_mx_450.1_nevents_28500,0.339354746,28500,Axial,DM+QCDjets,1759.0,450.11,1.0,0.25,atlas_exot_2018_06,IM8,0.2520752,0.2692156,0.0079816,7.09e-05
run_39/mzp_1759.0_mx_450.1_nevents_28500,0.339354746,28500,Axial,DM+QCDjets,1759.0,450.11,1.0,0.25,atlas_exot_2018_06,IM9,0.2537967,0.2401235,0.0049683,5.6e-05
run_39/mzp_1759.0_mx_450.1_nevents_28500,0.339354746,28500,Axial,DM+QCDjets,1759.0,450.11,1.0,0.25,atlas_exot_2018_06,IM10,0.2725357,0.4213194,0.0034244,4.66e-05
run_39/mzp_1759.0_mx_450.1_nevents_28500,0.339354746,28500,Axial,DM+QCDjets,1759.0,450.11,1.0,0.25,atlas_exot_2018_06,IM11,0.2778478,0.2475903,0.0020292,3.59e-05
run_39/mzp_1759.0_mx_450.1_nevents_28500,0.339354746,28500,Axial,DM+QCDjets,1759.0,450.11,1.0,0.25,atlas_exot_2018_06,IM12,0.28491,0.2262748,0.0012247,2.79e-05
run_39/mzp_1759.0_mx_450.1_nevents_28500,0.339354746,28500,Axial,DM+QCDjets,1759.0,450.11,1.0,0.25,atlas_exot_2018_06,EM0,9.5095862,10.7237175,0.0383681,0.0001531
run_39/mzp_1759.0_mx_450.1_nevents_28500,0.339354746,28500,Axial,DM+QCDjets,1759.0,450.11,1.0,0.25,atlas_exot_2018_06,EM1,3.9573263,3.8604546,0.0322174,0.0001407
run_39/mzp_1759.0_mx_450.1_nevents_28500,0.339354746,28500,Axial,DM+QCDjets,1759.0,450.11,1.0,0.25,atlas_exot_2018_06,EM2,1.911942,1.8937507,0.0262066,0.0001273
run_39/mzp_1759.0_mx_450.1_nevents_28500,0.339354746,28500,Axial,DM+QCDjets,1759.0,450.11,1.0,0.25,atlas_exot_2018_06,EM3,1.2042018,1.4532955,0.0193127,0.0001097
run_39/mzp_1759.0_mx_450.1_nevents_28500,0.339354746,28500,Axial,DM+QCDjets,1759.0,450.11,1.0,0.25,atlas_exot_2018_06,EM4,0.6954439,0.9839901,0.0250984,0.0001247
run_39/mzp_1759.0_mx_450.1_nevents_28500,0.339354746,28500,Axial,DM+QCDjets,1759.0,450.11,1.0,0.25,atlas_exot_2018_06,EM5,0.440339,0.5407742,0.0139346,9.34e-05
run_39/mzp_1759.0_mx_450.1_nevents_28500,0.339354746,28500,Axial,DM+QCDjets,1759.0,450.11,1.0,0.25,atlas_exot_2018_06,EM6,0.3536207,0.4897385,0.0082463,7.21e-05
run_39/mzp_1759.0_mx_450.1_nevents_28500,0.339354746,28500,Axial,DM+QCDjets,1759.0,450.11,1.0,0.25,atlas_exot_2018_06,EM7,0.2782508,0.4054144,0.0051733,5.72e-05
run_39/mzp_1759.0_mx_450.1_nevents_28500,0.339354746,28500,Axial,DM+QCDjets,1759.0,450.11,1.0,0.25,atlas_exot_2018_06,EM8,0.2688552,0.3089728,0.0030133,4.37e-05
run_39/mzp_1759.0_mx_450.1_nevents_28500,0.339354746,28500,Axial,DM+QCDjets,1759.0,450.11,1.0,0.25,atlas_exot_2018_06,EM9,0.3170322,0.2694874,0.0015439,3.13e-05
run_39/mzp_1759.0_mx_450.1_nevents_28500,0.339354746,28500,Axial,DM+QCDjets,1759.0,450.11,1.0,0.25,atlas_exot_2018_06,EM10,0.2248041,0.4786327,0.0013952,2.98e-05
run_39/mzp_1759.0_mx_450.1_nevents_28500,0.339354746,28500,Axial,DM+QCDjets,1759.0,450.11,1.0,0.25,atlas_exot_2018_06,EM11,0.2723438,0.3072035,0.0008045,2.26e-05
run_39/mzp_1759.0_mx_450.1_nevents_28500,0.339354746,28500,Axial,DM+QCDjets,1759.0,450.11,1.0,0.25,atlas_exot_2018_06,EM12,0.2077005,0.1660381,0.0012247,2.79e-05
run_15/mzp_700.7_mx_83.1_nevents_28500,20.087015,28500,Axial,DM+QCDjets,700.69,83.132,1.0,0.25,atlas_exot_2018_06,IM0,5.2129121,6.5789814,0.1087168,3.28e-05
run_15/mzp_700.7_mx_83.1_nevents_28500,20.087015,28500,Axial,DM+QCDjets,700.69,83.132,1.0,0.25,atlas_exot_2018_06,IM1,2.9432585,3.7000568,0.0768386,2.81e-05
run_15/mzp_700.7_mx_83.1_nevents_28500,20.087015,28500,Axial,DM+QCDjets,700.69,83.132,1.0,0.25,atlas_exot_2018_06,IM2,2.2163538,3.0632555,0.0508801,2.32e-05
run_15/mzp_700.7_mx_83.1_nevents_28500,20.087015,28500,Axial,DM+QCDjets,700.69,83.132,1.0,0.25,atlas_exot_2018_06,IM3,1.6602656,2.4549843,0.0341604,1.92e-05
run_15/mzp_700.7_mx_83.1_nevents_28500,20.087015,28500,Axial,DM+QCDjets,700.69,83.132,1.0,0.25,atlas_exot_2018_06,IM4,1.4325497,2.2741759,0.0229767,1.58e-05
run_15/mzp_700.7_mx_83.1_nevents_28500,20.087015,28500,Axial,DM+QCDjets,700.69,83.132,1.0,0.25,atlas_exot_2018_06,IM5,1.3897845,2.1158941,0.0103493,1.07e-05
run_15/mzp_700.7_mx_83.1_nevents_28500,20.087015,28500,Axial,DM+QCDjets,700.69,83.132,1.0,0.25,atlas_exot_2018_06,IM6,1.5337069,2.2335485,0.0047722,7.3e-06
run_15/mzp_700.7_mx_83.1_nevents_28500,20.087015,28500,Axial,DM+QCDjets,700.69,83.132,1.0,0.25,atlas_exot_2018_06,IM7,1.4111611,1.6610795,0.0025493,5.3e-06
run_15/mzp_700.7_mx_83.1_nevents_28500,20.087015,28500,Axial,DM+QCDjets,700.69,83.132,1.0,0.25,atlas_exot_2018_06,IM8,1.3930831,1.498337,0.0014358,4e-06
run_15/mzp_700.7_mx_83.1_nevents_28500,20.087015,28500,Axial,DM+QCDjets,700.69,83.132,1.0,0.25,atlas_exot_2018_06,IM9,1.6677419,1.5720075,0.0007618,2.9e-06
run_15/mzp_700.7_mx_83.1_nevents_28500,20.087015,28500,Axial,DM+QCDjets,700.69,83.132,1.0,0.25,atlas_exot_2018_06,IM10,2.7138385,4.1958264,0.0003436,2e-06
run_15/mzp_700.7_mx_83.1_nevents_28500,20.087015,28500,Axial,DM+QCDjets,700.69,83.132,1.0,0.25,atlas_exot_2018_06,IM11,3.6125587,3.2088501,0.0001562,1.3e-06
run_15/mzp_700.7_mx_83.1_nevents_28500,20.087015,28500,Axial,DM+QCDjets,700.69,83.132,1.0,0.25,atlas_exot_2018_06,IM12,2.9749368,2.3366114,0.000117,1.1e-06
run_15/mzp_700.7_mx_83.1_nevents_28500,20.087015,28500,Axial,DM+QCDjets,700.69,83.132,1.0,0.25,atlas_exot_2018_06,EM0,11.5839411,12.8827066,0.0318782,1.85e-05
run_15/mzp_700.7_mx_83.1_nevents_28500,20.087015,28500,Axial,DM+QCDjets,700.69,83.132,1.0,0.25,atlas_exot_2018_06,EM1,4.8860988,4.8088476,0.0259585,1.68e-05
run_15/mzp_700.7_mx_83.1_nevents_28500,20.087015,28500,Axial,DM+QCDjets,700.69,83.132,1.0,0.25,atlas_exot_2018_06,EM2,2.9824904,2.9661952,0.0167197,1.35e-05
run_15/mzp_700.7_mx_83.1_nevents_28500,20.087015,28500,Axial,DM+QCDjets,700.69,83.132,1.0,0.25,atlas_exot_2018_06,EM3,2.0724517,2.5072376,0.0111838,1.11e-05
run_15/mzp_700.7_mx_83.1_nevents_28500,20.087015,28500,Axial,DM+QCDjets,700.69,83.132,1.0,0.25,atlas_exot_2018_06,EM4,1.3899044,1.9542064,0.0126274,1.18e-05
run_15/mzp_700.7_mx_83.1_nevents_28500,20.087015,28500,Axial,DM+QCDjets,700.69,83.132,1.0,0.25,atlas_exot_2018_06,EM5,1.0923428,1.3435813,0.0055771,7.9e-06
run_15/mzp_700.7_mx_83.1_nevents_28500,20.087015,28500,Axial,DM+QCDjets,700.69,83.132,1.0,0.25,atlas_exot_2018_06,EM6,1.3105864,1.8179802,0.0022229,5e-06
run_15/mzp_700.7_mx_83.1_nevents_28500,20.087015,28500,Axial,DM+QCDjets,700.69,83.132,1.0,0.25,atlas_exot_2018_06,EM7,1.2924441,1.8850981,0.0011134,3.5e-06
run_15/mzp_700.7_mx_83.1_nevents_28500,20.087015,28500,Axial,DM+QCDjets,700.69,83.132,1.0,0.25,atlas_exot_2018_06,EM8,1.2043468,1.3883243,0.000674,2.7e-06
run_15/mzp_700.7_mx_83.1_nevents_28500,20.087015,28500,Axial,DM+QCDjets,700.69,83.132,1.0,0.25,atlas_exot_2018_06,EM9,1.1744361,0.9969834,0.0004182,2.2e-06
run_15/mzp_700.7_mx_83.1_nevents_28500,20.087015,28500,Axial,DM+QCDjets,700.69,83.132,1.0,0.25,atlas_exot_2018_06,EM10,1.6703699,3.5731604,0.0001875,1.4e-06
run_15/mzp_700.7_mx_83.1_nevents_28500,20.087015,28500,Axial,DM+QCDjets,700.69,83.132,1.0,0.25,atlas_exot_2018_06,EM11,5.6139318,6.2996867,3.91e-05,7e-07
run_15/mzp_700.7_mx_83.1_nevents_28500,20.087015,28500,Axial,DM+QCDjets,700.69,83.132,1.0,0.25,atlas_exot_2018_06,EM12,2.1730003,1.7455011,0.000117,1.1e-06
run_11/mzp_300.3_mx_450.1_nevents_28500,0.0165800324,28500,Axial,DM+QCDjets,300.29,450.11,1.0,0.25,atlas_exot_2018_06,IM0,3.5750657,4.55736,0.1573384,0.0013196
run_11/mzp_300.3_mx_450.1_nevents_28500,0.0165800324,28500,Axial,DM+QCDjets,300.29,450.11,1.0,0.25,atlas_exot_2018_06,IM1,1.8668044,2.346179,0.1213215,0.0011833
run_11/mzp_300.3_mx_450.1_nevents_28500,0.0165800324,28500,Axial,DM+QCDjets,300.29,450.11,1.0,0.25,atlas_exot_2018_06,IM2,1.2737694,1.7349537,0.0892965,0.0010335
run_11/mzp_300.3_mx_450.1_nevents_28500,0.0165800324,28500,Axial,DM+QCDjets,300.29,450.11,1.0,0.25,atlas_exot_2018_06,IM3,0.862851,1.2702462,0.066067,0.0009002
run_11/mzp_300.3_mx_450.1_nevents_28500,0.0165800324,28500,Axial,DM+QCDjets,300.29,450.11,1.0,0.25,atlas_exot_2018_06,IM4,0.6780248,1.0751134,0.0486554,0.0007797
run_11/mzp_300.3_mx_450.1_nevents_28500,0.0165800324,28500,Axial,DM+QCDjets,300.29,450.11,1.0,0.25,atlas_exot_2018_06,IM5,0.535895,0.8144256,0.0268497,0.0005858
run_11/mzp_300.3_mx_450.1_nevents_28500,0.0165800324,28500,Axial,DM+QCDjets,300.29,450.11,1.0,0.25,atlas_exot_2018_06,IM6,0.4744309,0.6946014,0.0153346,0.0004453
run_11/mzp_300.3_mx_450.1_nevents_28500,0.0165800324,28500,Axial,DM+QCDjets,300.29,450.11,1.0,0.25,atlas_exot_2018_06,IM7,0.410095,0.4830768,0.0087594,0.0003377
run_11/mzp_300.3_mx_450.1_nevents_28500,0.0165800324,28500,Axial,DM+QCDjets,300.29,450.11,1.0,0.25,atlas_exot_2018_06,IM8,0.4305689,0.4615911,0.0046372,0.0002462
run_11/mzp_300.3_mx_450.1_nevents_28500,0.0165800324,28500,Axial,DM+QCDjets,300.29,450.11,1.0,0.25,atlas_exot_2018_06,IM9,0.5126079,0.4848231,0.0024661,0.0001798
run_11/mzp_300.3_mx_450.1_nevents_28500,0.0165800324,28500,Axial,DM+QCDjets,300.29,450.11,1.0,0.25,atlas_exot_2018_06,IM10,0.7214374,1.1115345,0.001297,0.0001304
run_11/mzp_300.3_mx_450.1_nevents_28500,0.0165800324,28500,Axial,DM+QCDjets,300.29,450.11,1.0,0.25,atlas_exot_2018_06,IM11,0.7614867,0.6777804,0.0007403,9.86e-05
run_11/mzp_300.3_mx_450.1_nevents_28500,0.0165800324,28500,Axial,DM+QCDjets,300.29,450.11,1.0,0.25,atlas_exot_2018_06,IM12,1.1624671,0.9138732,0.0003009,6.29e-05
run_11/mzp_300.3_mx_450.1_nevents_28500,0.0165800324,28500,Axial,DM+QCDjets,300.29,450.11,1.0,0.25,atlas_exot_2018_06,EM0,10.1535967,11.3938277,0.0360169,0.0006753
run_11/mzp_300.3_mx_450.1_nevents_28500,0.0165800324,28500,Axial,DM+QCDjets,300.29,450.11,1.0,0.25,atlas_exot_2018_06,EM1,3.9792371,3.8917817,0.032025,0.0006381
run_11/mzp_300.3_mx_450.1_nevents_28500,0.0165800324,28500,Axial,DM+QCDjets,300.29,450.11,1.0,0.25,atlas_exot_2018_06,EM2,2.1670328,2.1337456,0.0232295,0.0005459
run_11/mzp_300.3_mx_450.1_nevents_28500,0.0165800324,28500,Axial,DM+QCDjets,300.29,450.11,1.0,0.25,atlas_exot_2018_06,EM3,1.3312081,1.6133649,0.0174116,0.000474
run_11/mzp_300.3_mx_450.1_nevents_28500,0.0165800324,28500,Axial,DM+QCDjets,300.29,450.11,1.0,0.25,atlas_exot_2018_06,EM4,0.8015557,1.1347861,0.0218058,0.0005293
run_11/mzp_300.3_mx_450.1_nevents_28500,0.0165800324,28500,Axial,DM+QCDjets,300.29,450.11,1.0,0.25,atlas_exot_2018_06,EM5,0.5337939,0.6516081,0.0115151,0.0003867
run_11/mzp_300.3_mx_450.1_nevents_28500,0.0165800324,28500,Axial,DM+QCDjets,300.29,450.11,1.0,0.25,atlas_exot_2018_06,EM6,0.4431483,0.6131805,0.0065752,0.0002929
run_11/mzp_300.3_mx_450.1_nevents_28500,0.0165800324,28500,Axial,DM+QCDjets,300.29,450.11,1.0,0.25,atlas_exot_2018_06,EM7,0.3503982,0.509058,0.0041222,0.0002322
run_11/mzp_300.3_mx_450.1_nevents_28500,0.0165800324,28500,Axial,DM+QCDjets,300.29,450.11,1.0,0.25,atlas_exot_2018_06,EM8,0.3733517,0.4276326,0.0021711,0.0001687
run_11/mzp_300.3_mx_450.1_nevents_28500,0.0165800324,28500,Axial,DM+QCDjets,300.29,450.11,1.0,0.25,atlas_exot_2018_06,EM9,0.4192618,0.3551425,0.0011691,0.0001238
run_11/mzp_300.3_mx_450.1_nevents_28500,0.0165800324,28500,Axial,DM+QCDjets,300.29,450.11,1.0,0.25,atlas_exot_2018_06,EM10,0.5616905,1.2061358,0.0005567,8.55e-05
run_11/mzp_300.3_mx_450.1_nevents_28500,0.0165800324,28500,Axial,DM+QCDjets,300.29,450.11,1.0,0.25,atlas_exot_2018_06,EM11,0.5018666,0.5609845,0.0004394,7.59e-05
run_11/mzp_300.3_mx_450.1_nevents_28500,0.0165800324,28500,Axial,DM+QCDjets,300.29,450.11,1.0,0.25,atlas_exot_2018_06,EM12,0.8459638,0.6807263,0.0003009,6.29e-05
run_43/mzp_2017.4_mx_83.1_nevents_28500,0.244794623,28500,Axial,DM+QCDjets,2017.4,83.132,1.0,0.25,atlas_exot_2018_06,IM0,3.1328589,3.9898103,0.1796225,0.0003597
run_43/mzp_2017.4_mx_83.1_nevents_28500,0.244794623,28500,Axial,DM+QCDjets,2017.4,83.132,1.0,0.25,atlas_exot_2018_06,IM1,1.5776991,1.9862362,0.1433921,0.0003284
run_43/mzp_2017.4_mx_83.1_nevents_28500,0.244794623,28500,Axial,DM+QCDjets,2017.4,83.132,1.0,0.25,atlas_exot_2018_06,IM2,1.0416844,1.417952,0.1093579,0.0002925
run_43/mzp_2017.4_mx_83.1_nevents_28500,0.244794623,28500,Axial,DM+QCDjets,2017.4,83.132,1.0,0.25,atlas_exot_2018_06,IM3,0.6942421,1.0264895,0.0817944,0.0002568
run_43/mzp_2017.4_mx_83.1_nevents_28500,0.244794623,28500,Axial,DM+QCDjets,2017.4,83.132,1.0,0.25,atlas_exot_2018_06,IM4,0.5302454,0.8465767,0.0618678,0.0002258
run_43/mzp_2017.4_mx_83.1_nevents_28500,0.244794623,28500,Axial,DM+QCDjets,2017.4,83.132,1.0,0.25,atlas_exot_2018_06,IM5,0.4019985,0.60896,0.0360009,0.0001746
run_43/mzp_2017.4_mx_83.1_nevents_28500,0.244794623,28500,Axial,DM+QCDjets,2017.4,83.132,1.0,0.25,atlas_exot_2018_06,IM6,0.3430718,0.5035493,0.0211582,0.0001349
run_43/mzp_2017.4_mx_83.1_nevents_28500,0.244794623,28500,Axial,DM+QCDjets,2017.4,83.132,1.0,0.25,atlas_exot_2018_06,IM7,0.2725797,0.3219149,0.0131505,0.0001068
run_43/mzp_2017.4_mx_83.1_nevents_28500,0.244794623,28500,Axial,DM+QCDjets,2017.4,83.132,1.0,0.25,atlas_exot_2018_06,IM8,0.2300337,0.2473115,0.0086795,8.69e-05
run_43/mzp_2017.4_mx_83.1_nevents_28500,0.244794623,28500,Axial,DM+QCDjets,2017.4,83.132,1.0,0.25,atlas_exot_2018_06,IM9,0.2384339,0.2254045,0.0053026,6.81e-05
run_43/mzp_2017.4_mx_83.1_nevents_28500,0.244794623,28500,Axial,DM+QCDjets,2017.4,83.132,1.0,0.25,atlas_exot_2018_06,IM10,0.2666046,0.4129067,0.0034904,5.53e-05
run_43/mzp_2017.4_mx_83.1_nevents_28500,0.244794623,28500,Axial,DM+QCDjets,2017.4,83.132,1.0,0.25,atlas_exot_2018_06,IM11,0.2273446,0.2041527,0.0024649,4.65e-05
run_43/mzp_2017.4_mx_83.1_nevents_28500,0.244794623,28500,Axial,DM+QCDjets,2017.4,83.132,1.0,0.25,atlas_exot_2018_06,IM12,0.2294255,0.1817664,0.0015132,3.64e-05
run_43/mzp_2017.4_mx_83.1_nevents_28500,0.244794623,28500,Axial,DM+QCDjets,2017.4,83.132,1.0,0.25,atlas_exot_2018_06,EM0,10.1534789,11.302633,0.0362303,0.0001751
run_43/mzp_2017.4_mx_83.1_nevents_28500,0.244794623,28500,Axial,DM+QCDjets,2017.4,83.132,1.0,0.25,atlas_exot_2018_06,EM1,3.7445152,3.6430473,0.0340343,0.0001699
run_43/mzp_2017.4_mx_83.1_nevents_28500,0.244794623,28500,Axial,DM+QCDjets,2017.4,83.132,1.0,0.25,atlas_exot_2018_06,EM2,1.8161794,1.7964961,0.0275634,0.0001534
run_43/mzp_2017.4_mx_83.1_nevents_28500,0.244794623,28500,Axial,DM+QCDjets,2017.4,83.132,1.0,0.25,atlas_exot_2018_06,EM3,1.158375,1.4031285,0.0199266,0.000131
run_43/mzp_2017.4_mx_83.1_nevents_28500,0.244794623,28500,Axial,DM+QCDjets,2017.4,83.132,1.0,0.25,atlas_exot_2018_06,EM4,0.682521,0.952266,0.0258669,0.0001488
run_43/mzp_2017.4_mx_83.1_nevents_28500,0.244794623,28500,Axial,DM+QCDjets,2017.4,83.132,1.0,0.25,atlas_exot_2018_06,EM5,0.4133543,0.5058571,0.0148427,0.0001133
run_43/mzp_2017.4_mx_83.1_nevents_28500,0.244794623,28500,Axial,DM+QCDjets,2017.4,83.132,1.0,0.25,atlas_exot_2018_06,EM6,0.3631139,0.5027692,0.0080077,8.35e-05
run_43/mzp_2017.4_mx_83.1_nevents_28500,0.244794623,28500,Axial,DM+QCDjets,2017.4,83.132,1.0,0.25,atlas_exot_2018_06,EM7,0.3211072,0.4702994,0.004471,6.25e-05
run_43/mzp_2017.4_mx_83.1_nevents_28500,0.244794623,28500,Axial,DM+QCDjets,2017.4,83.132,1.0,0.25,atlas_exot_2018_06,EM8,0.2396143,0.2749801,0.0033769,5.44e-05
run_43/mzp_2017.4_mx_83.1_nevents_28500,0.244794623,28500,Axial,DM+QCDjets,2017.4,83.132,1.0,0.25,atlas_exot_2018_06,EM9,0.2693425,0.2311133,0.0018122,3.99e-05
run_43/mzp_2017.4_mx_83.1_nevents_28500,0.244794623,28500,Axial,DM+QCDjets,2017.4,83.132,1.0,0.25,atlas_exot_2018_06,EM10,0.3058971,0.6505743,0.0010255,3e-05
run_43/mzp_2017.4_mx_83.1_nevents_28500,0.244794623,28500,Axial,DM+QCDjets,2017.4,83.132,1.0,0.25,atlas_exot_2018_06,EM11,0.2313665,0.2593192,0.0009516,2.89e-05
run_43/mzp_2017.4_mx_83.1_nevents_28500,0.244794623,28500,Axial,DM+QCDjets,2017.4,83.132,1.0,0.25,atlas_exot_2018_06,EM12,0.1681966,0.1356631,0.0015132,3.64e-05
run_08/mzp_300.3_mx_83.1_nevents_28500,259.58140000000003,28500,Axial,DM+QCDjets,300.29,83.132,1.0,0.25,atlas_exot_2018_06,IM0,13.4174626,17.0080192,0.0420546,6e-06
run_08/mzp_300.3_mx_83.1_nevents_28500,259.58140000000003,28500,Axial,DM+QCDjets,300.29,83.132,1.0,0.25,atlas_exot_2018_06,IM1,9.3132717,11.7318693,0.0241992,4.6e-06
run_08/mzp_300.3_mx_83.1_nevents_28500,259.58140000000003,28500,Axial,DM+QCDjets,300.29,83.132,1.0,0.25,atlas_exot_2018_06,IM2,8.3579725,11.4670217,0.0135564,3.4e-06
run_08/mzp_300.3_mx_83.1_nevents_28500,259.58140000000003,28500,Axial,DM+QCDjets,300.29,83.132,1.0,0.25,atlas_exot_2018_06,IM3,7.4158764,10.9475086,0.0076743,2.6e-06
run_08/mzp_300.3_mx_83.1_nevents_28500,259.58140000000003,28500,Axial,DM+QCDjets,300.29,83.132,1.0,0.25,atlas_exot_2018_06,IM4,7.9183775,12.5880537,0.0041585,1.9e-06
run_08/mzp_300.3_mx_83.1_nevents_28500,259.58140000000003,28500,Axial,DM+QCDjets,300.29,83.132,1.0,0.25,atlas_exot_2018_06,IM5,10.2934896,15.5853226,0.0014033,1.1e-06
run_08/mzp_300.3_mx_83.1_nevents_28500,259.58140000000003,28500,Axial,DM+QCDjets,300.29,83.132,1.0,0.25,atlas_exot_2018_06,IM6,17.118138,25.0963306,0.0004256,6e-07
run_08/mzp_300.3_mx_83.1_nevents_28500,259.58140000000003,28500,Axial,DM+QCDjets,300.29,83.132,1.0,0.25,atlas_exot_2018_06,IM7,30.3855027,35.7804083,0.0001184,3e-07
run_08/mzp_300.3_mx_83.1_nevents_28500,259.58140000000003,28500,Axial,DM+QCDjets,300.29,83.132,1.0,0.25,atlas_exot_2018_06,IM8,25.1206862,26.7856034,7.99e-05,3e-07
run_08/mzp_300.3_mx_83.1_nevents_28500,259.58140000000003,28500,Axial,DM+QCDjets,300.29,83.132,1.0,0.25,atlas_exot_2018_06,IM9,30.7634937,29.0335662,4.1e-05,2e-07
run_08/mzp_300.3_mx_83.1_nevents_28500,259.58140000000003,28500,Axial,DM+QCDjets,300.29,83.132,1.0,0.25,atlas_exot_2018_06,IM10,22.7511885,35.1594014,4.1e-05,2e-07
run_08/mzp_300.3_mx_83.1_nevents_28500,259.58140000000003,28500,Axial,DM+QCDjets,300.29,83.132,1.0,0.25,atlas_exot_2018_06,IM11,13.7708992,12.3655268,4.1e-05,2e-07
run_08/mzp_300.3_mx_83.1_nevents_28500,259.58140000000003,28500,Axial,DM+QCDjets,300.29,83.132,1.0,0.25,atlas_exot_2018_06,IM12,8.519492,6.740381,4.1e-05,2e-07
run_08/mzp_300.3_mx_83.1_nevents_28500,259.58140000000003,28500,Axial,DM+QCDjets,300.29,83.132,1.0,0.25,atlas_exot_2018_06,EM0,20.5750391,22.9310053,0.0178554,3.9e-06
run_08/mzp_300.3_mx_83.1_nevents_28500,259.58140000000003,28500,Axial,DM+QCDjets,300.29,83.132,1.0,0.25,atlas_exot_2018_06,EM1,11.9779178,11.6358276,0.0106427,3.1e-06
run_08/mzp_300.3_mx_83.1_nevents_28500,259.58140000000003,28500,Axial,DM+QCDjets,300.29,83.132,1.0,0.25,atlas_exot_2018_06,EM2,8.4869598,8.436338,0.0058821,2.3e-06
run_08/mzp_300.3_mx_83.1_nevents_28500,259.58140000000003,28500,Axial,DM+QCDjets,300.29,83.132,1.0,0.25,atlas_exot_2018_06,EM3,6.5670176,7.9566529,0.0035158,1.8e-06
run_08/mzp_300.3_mx_83.1_nevents_28500,259.58140000000003,28500,Axial,DM+QCDjets,300.29,83.132,1.0,0.25,atlas_exot_2018_06,EM4,6.3591211,8.97977,0.0027552,1.6e-06
run_08/mzp_300.3_mx_83.1_nevents_28500,259.58140000000003,28500,Axial,DM+QCDjets,300.29,83.132,1.0,0.25,atlas_exot_2018_06,EM5,6.2877082,7.6633852,0.0009776,9e-07
run_08/mzp_300.3_mx_83.1_nevents_28500,259.58140000000003,28500,Axial,DM+QCDjets,300.29,83.132,1.0,0.25,atlas_exot_2018_06,EM6,9.4724888,13.1323391,0.0003072,5e-07
run_08/mzp_300.3_mx_83.1_nevents_28500,259.58140000000003,28500,Axial,DM+QCDjets,300.29,83.132,1.0,0.25,atlas_exot_2018_06,EM7,37.3034933,54.4640601,3.85e-05,2e-07
run_08/mzp_300.3_mx_83.1_nevents_28500,259.58140000000003,28500,Axial,DM+QCDjets,300.29,83.132,1.0,0.25,atlas_exot_2018_06,EM8,20.9071043,23.8668568,3.9e-05,2e-07
run_08/mzp_300.3_mx_83.1_nevents_28500,259.58140000000003,28500,Axial,DM+QCDjets,300.29,83.132,1.0,0.25,atlas_exot_2018_06,EM9,-1.0,-1.0,0.0,0.0
run_08/mzp_300.3_mx_83.1_nevents_28500,259.58140000000003,28500,Axial,DM+QCDjets,300.29,83.132,1.0,0.25,atlas_exot_2018_06,EM10,-1.0,-1.0,0.0,0.0
run_08/mzp_300.3_mx_83.1_nevents_28500,259.58140000000003,28500,Axial,DM+QCDjets,300.29,83.132,1.0,0.25,atlas_exot_2018_06,EM11,-1.0,-1.0,0.0,0.0
run_08/mzp_300.3_mx_83.1_nevents_28500,259.58140000000003,28500,Axial,DM+QCDjets,300.29,83.132,1.0,0.25,atlas_exot_2018_06,EM12,6.1988133,4.984254,4.1e-05,2e-07
run_31/mzp_1501.5_mx_327.7_nevents_28500,0.7918957900000001,28500,Axial,DM+QCDjets,1501.5,327.73,1.0,0.25,atlas_exot_2018_06,IM0,3.4464055,4.3635991,0.164245,0.000194
run_31/mzp_1501.5_mx_327.7_nevents_28500,0.7918957900000001,28500,Axial,DM+QCDjets,1501.5,327.73,1.0,0.25,atlas_exot_2018_06,IM1,1.7551957,2.2172828,0.1280854,0.0001749
run_31/mzp_1501.5_mx_327.7_nevents_28500,0.7918957900000001,28500,Axial,DM+QCDjets,1501.5,327.73,1.0,0.25,atlas_exot_2018_06,IM2,1.1813169,1.6114363,0.0960221,0.0001542
run_31/mzp_1501.5_mx_327.7_nevents_28500,0.7918957900000001,28500,Axial,DM+QCDjets,1501.5,327.73,1.0,0.25,atlas_exot_2018_06,IM3,0.8091604,1.188146,0.070262,0.0001338
run_31/mzp_1501.5_mx_327.7_nevents_28500,0.7918957900000001,28500,Axial,DM+QCDjets,1501.5,327.73,1.0,0.25,atlas_exot_2018_06,IM4,0.6290812,1.0014207,0.052246,0.0001165
run_31/mzp_1501.5_mx_327.7_nevents_28500,0.7918957900000001,28500,Axial,DM+QCDjets,1501.5,327.73,1.0,0.25,atlas_exot_2018_06,IM5,0.4817512,0.7308975,0.0299531,8.92e-05
run_31/mzp_1501.5_mx_327.7_nevents_28500,0.7918957900000001,28500,Axial,DM+QCDjets,1501.5,327.73,1.0,0.25,atlas_exot_2018_06,IM6,0.4305705,0.6270878,0.0169691,6.76e-05
run_31/mzp_1501.5_mx_327.7_nevents_28500,0.7918957900000001,28500,Axial,DM+QCDjets,1501.5,327.73,1.0,0.25,atlas_exot_2018_06,IM7,0.3353304,0.3963869,0.0106895,5.38e-05
run_31/mzp_1501.5_mx_327.7_nevents_28500,0.7918957900000001,28500,Axial,DM+QCDjets,1501.5,327.73,1.0,0.25,atlas_exot_2018_06,IM8,0.2879209,0.3063147,0.0069783,4.36e-05
run_31/mzp_1501.5_mx_327.7_nevents_28500,0.7918957900000001,28500,Axial,DM+QCDjets,1501.5,327.73,1.0,0.25,atlas_exot_2018_06,IM9,0.31385,0.296727,0.0040313,3.32e-05
run_31/mzp_1501.5_mx_327.7_nevents_28500,0.7918957900000001,28500,Axial,DM+QCDjets,1501.5,327.73,1.0,0.25,atlas_exot_2018_06,IM10,0.3823952,0.5912493,0.0024396,2.58e-05
run_31/mzp_1501.5_mx_327.7_nevents_28500,0.7918957900000001,28500,Axial,DM+QCDjets,1501.5,327.73,1.0,0.25,atlas_exot_2018_06,IM11,0.3799095,0.3389991,0.0014926,2.02e-05
run_31/mzp_1501.5_mx_327.7_nevents_28500,0.7918957900000001,28500,Axial,DM+QCDjets,1501.5,327.73,1.0,0.25,atlas_exot_2018_06,IM12,0.4618721,0.3652279,0.0007547,1.44e-05
run_31/mzp_1501.5_mx_327.7_nevents_28500,0.7918957900000001,28500,Axial,DM+QCDjets,1501.5,327.73,1.0,0.25,atlas_exot_2018_06,EM0,10.1012587,11.360031,0.0361595,9.77e-05
run_31/mzp_1501.5_mx_327.7_nevents_28500,0.7918957900000001,28500,Axial,DM+QCDjets,1501.5,327.73,1.0,0.25,atlas_exot_2018_06,EM1,3.9889739,3.9076261,0.0320633,9.22e-05
run_31/mzp_1501.5_mx_327.7_nevents_28500,0.7918957900000001,28500,Axial,DM+QCDjets,1501.5,327.73,1.0,0.25,atlas_exot_2018_06,EM2,1.9546785,1.9288278,0.0257601,8.29e-05
run_31/mzp_1501.5_mx_327.7_nevents_28500,0.7918957900000001,28500,Axial,DM+QCDjets,1501.5,327.73,1.0,0.25,atlas_exot_2018_06,EM3,1.2866693,1.5533551,0.018016,6.96e-05
run_31/mzp_1501.5_mx_327.7_nevents_28500,0.7918957900000001,28500,Axial,DM+QCDjets,1501.5,327.73,1.0,0.25,atlas_exot_2018_06,EM4,0.7871637,1.1058867,0.0222929,7.73e-05
run_31/mzp_1501.5_mx_327.7_nevents_28500,0.7918957900000001,28500,Axial,DM+QCDjets,1501.5,327.73,1.0,0.25,atlas_exot_2018_06,EM5,0.4737066,0.5774879,0.012984,5.93e-05
run_31/mzp_1501.5_mx_327.7_nevents_28500,0.7918957900000001,28500,Axial,DM+QCDjets,1501.5,327.73,1.0,0.25,atlas_exot_2018_06,EM6,0.4634176,0.641321,0.0062796,4.14e-05
run_31/mzp_1501.5_mx_327.7_nevents_28500,0.7918957900000001,28500,Axial,DM+QCDjets,1501.5,327.73,1.0,0.25,atlas_exot_2018_06,EM7,0.3874291,0.5646468,0.0037112,3.18e-05
run_31/mzp_1501.5_mx_327.7_nevents_28500,0.7918957900000001,28500,Axial,DM+QCDjets,1501.5,327.73,1.0,0.25,atlas_exot_2018_06,EM8,0.2762194,0.316565,0.002947,2.84e-05
run_31/mzp_1501.5_mx_327.7_nevents_28500,0.7918957900000001,28500,Axial,DM+QCDjets,1501.5,327.73,1.0,0.25,atlas_exot_2018_06,EM9,0.3071571,0.2622187,0.0015917,2.09e-05
run_31/mzp_1501.5_mx_327.7_nevents_28500,0.7918957900000001,28500,Axial,DM+QCDjets,1501.5,327.73,1.0,0.25,atlas_exot_2018_06,EM10,0.3301286,0.7057373,0.000947,1.61e-05
run_31/mzp_1501.5_mx_327.7_nevents_28500,0.7918957900000001,28500,Axial,DM+QCDjets,1501.5,327.73,1.0,0.25,atlas_exot_2018_06,EM11,0.2969999,0.3347351,0.0007379,1.42e-05
run_31/mzp_1501.5_mx_327.7_nevents_28500,0.7918957900000001,28500,Axial,DM+QCDjets,1501.5,327.73,1.0,0.25,atlas_exot_2018_06,EM12,0.3363783,0.2704044,0.0007547,1.44e-05
run_23/mzp_1000.1_mx_153.9_nevents_28500,5.0017145,28500,Axial,DM+QCDjets,1000.1,153.87,1.0,0.25,atlas_exot_2018_06,IM0,4.3211882,5.4451774,0.1313199,7.09e-05
run_23/mzp_1000.1_mx_153.9_nevents_28500,5.0017145,28500,Axial,DM+QCDjets,1000.1,153.87,1.0,0.25,atlas_exot_2018_06,IM1,2.2672373,2.8619739,0.0994129,6.28e-05
run_23/mzp_1000.1_mx_153.9_nevents_28500,5.0017145,28500,Axial,DM+QCDjets,1000.1,153.87,1.0,0.25,atlas_exot_2018_06,IM2,1.6340597,2.254732,0.0689632,5.32e-05
run_23/mzp_1000.1_mx_153.9_nevents_28500,5.0017145,28500,Axial,DM+QCDjets,1000.1,153.87,1.0,0.25,atlas_exot_2018_06,IM3,1.1530244,1.6983313,0.0492951,4.55e-05
run_23/mzp_1000.1_mx_153.9_nevents_28500,5.0017145,28500,Axial,DM+QCDjets,1000.1,153.87,1.0,0.25,atlas_exot_2018_06,IM4,0.9345094,1.4820732,0.0352621,3.87e-05
run_23/mzp_1000.1_mx_153.9_nevents_28500,5.0017145,28500,Axial,DM+QCDjets,1000.1,153.87,1.0,0.25,atlas_exot_2018_06,IM5,0.8047749,1.2206188,0.0179062,2.78e-05
run_23/mzp_1000.1_mx_153.9_nevents_28500,5.0017145,28500,Axial,DM+QCDjets,1000.1,153.87,1.0,0.25,atlas_exot_2018_06,IM6,0.7894045,1.1513221,0.0092609,2.01e-05
run_23/mzp_1000.1_mx_153.9_nevents_28500,5.0017145,28500,Axial,DM+QCDjets,1000.1,153.87,1.0,0.25,atlas_exot_2018_06,IM7,0.7260332,0.8526709,0.0049675,1.48e-05
run_23/mzp_1000.1_mx_153.9_nevents_28500,5.0017145,28500,Axial,DM+QCDjets,1000.1,153.87,1.0,0.25,atlas_exot_2018_06,IM8,0.6915547,0.7385449,0.0028947,1.13e-05
run_23/mzp_1000.1_mx_153.9_nevents_28500,5.0017145,28500,Axial,DM+QCDjets,1000.1,153.87,1.0,0.25,atlas_exot_2018_06,IM9,0.8036574,0.7609294,0.0015744,8.3e-06
run_23/mzp_1000.1_mx_153.9_nevents_28500,5.0017145,28500,Axial,DM+QCDjets,1000.1,153.87,1.0,0.25,atlas_exot_2018_06,IM10,1.0791027,1.6646048,0.0008671,6.2e-06
run_23/mzp_1000.1_mx_153.9_nevents_28500,5.0017145,28500,Axial,DM+QCDjets,1000.1,153.87,1.0,0.25,atlas_exot_2018_06,IM11,1.1376053,1.0131786,0.0004954,4.7e-06
run_23/mzp_1000.1_mx_153.9_nevents_28500,5.0017145,28500,Axial,DM+QCDjets,1000.1,153.87,1.0,0.25,atlas_exot_2018_06,IM12,1.1311773,0.9017057,0.0003068,3.7e-06
run_23/mzp_1000.1_mx_153.9_nevents_28500,5.0017145,28500,Axial,DM+QCDjets,1000.1,153.87,1.0,0.25,atlas_exot_2018_06,EM0,11.5296186,12.8713572,0.031907,3.69e-05
run_23/mzp_1000.1_mx_153.9_nevents_28500,5.0017145,28500,Axial,DM+QCDjets,1000.1,153.87,1.0,0.25,atlas_exot_2018_06,EM1,4.167338,4.0820683,0.0304497,3.61e-05
run_23/mzp_1000.1_mx_153.9_nevents_28500,5.0017145,28500,Axial,DM+QCDjets,1000.1,153.87,1.0,0.25,atlas_exot_2018_06,EM2,2.5519342,2.5171661,0.019668,2.92e-05
run_23/mzp_1000.1_mx_153.9_nevents_28500,5.0017145,28500,Axial,DM+QCDjets,1000.1,153.87,1.0,0.25,atlas_exot_2018_06,EM3,1.6573991,1.9938555,0.014033,2.47e-05
run_23/mzp_1000.1_mx_153.9_nevents_28500,5.0017145,28500,Axial,DM+QCDjets,1000.1,153.87,1.0,0.25,atlas_exot_2018_06,EM4,1.006167,1.4180129,0.0173559,2.74e-05
run_23/mzp_1000.1_mx_153.9_nevents_28500,5.0017145,28500,Axial,DM+QCDjets,1000.1,153.87,1.0,0.25,atlas_exot_2018_06,EM5,0.7108955,0.8657582,0.0086453,1.94e-05
run_23/mzp_1000.1_mx_153.9_nevents_28500,5.0017145,28500,Axial,DM+QCDjets,1000.1,153.87,1.0,0.25,atlas_exot_2018_06,EM6,0.6814187,0.9400084,0.0042933,1.37e-05
run_23/mzp_1000.1_mx_153.9_nevents_28500,5.0017145,28500,Axial,DM+QCDjets,1000.1,153.87,1.0,0.25,atlas_exot_2018_06,EM7,0.69276,1.0099061,0.0020728,9.5e-06
run_23/mzp_1000.1_mx_153.9_nevents_28500,5.0017145,28500,Axial,DM+QCDjets,1000.1,153.87,1.0,0.25,atlas_exot_2018_06,EM8,0.613121,0.7049409,0.0013203,7.6e-06
run_23/mzp_1000.1_mx_153.9_nevents_28500,5.0017145,28500,Axial,DM+QCDjets,1000.1,153.87,1.0,0.25,atlas_exot_2018_06,EM9,0.693353,0.5879798,0.0007073,5.6e-06
run_23/mzp_1000.1_mx_153.9_nevents_28500,5.0017145,28500,Axial,DM+QCDjets,1000.1,153.87,1.0,0.25,atlas_exot_2018_06,EM10,0.844868,1.8013141,0.0003717,4e-06
run_23/mzp_1000.1_mx_153.9_nevents_28500,5.0017145,28500,Axial,DM+QCDjets,1000.1,153.87,1.0,0.25,atlas_exot_2018_06,EM11,1.1659379,1.306576,0.0001887,2.9e-06
run_23/mzp_1000.1_mx_153.9_nevents_28500,5.0017145,28500,Axial,DM+QCDjets,1000.1,153.87,1.0,0.25,atlas_exot_2018_06,EM12,0.8278418,0.6662007,0.0003068,3.7e-06
run_10/mzp_300.3_mx_327.7_nevents_28500,0.070308555,28500,Axial,DM+QCDjets,300.29,327.73,1.0,0.25,atlas_exot_2018_06,IM0,4.1967808,5.3118293,0.1347888,0.0006044
run_10/mzp_300.3_mx_327.7_nevents_28500,0.070308555,28500,Axial,DM+QCDjets,300.29,327.73,1.0,0.25,atlas_exot_2018_06,IM1,2.2931041,2.8815,0.0989642,0.0005285
run_10/mzp_300.3_mx_327.7_nevents_28500,0.070308555,28500,Axial,DM+QCDjets,300.29,327.73,1.0,0.25,atlas_exot_2018_06,IM2,1.6039881,2.190392,0.0709449,0.0004544
run_10/mzp_300.3_mx_327.7_nevents_28500,0.070308555,28500,Axial,DM+QCDjets,300.29,327.73,1.0,0.25,atlas_exot_2018_06,IM3,1.1267909,1.6561357,0.0505851,0.0003879
run_10/mzp_300.3_mx_327.7_nevents_28500,0.070308555,28500,Axial,DM+QCDjets,300.29,327.73,1.0,0.25,atlas_exot_2018_06,IM4,0.9224279,1.471212,0.0355915,0.0003279
run_10/mzp_300.3_mx_327.7_nevents_28500,0.070308555,28500,Axial,DM+QCDjets,300.29,327.73,1.0,0.25,atlas_exot_2018_06,IM5,0.7982971,1.2085597,0.0181257,0.0002361
run_10/mzp_300.3_mx_327.7_nevents_28500,0.070308555,28500,Axial,DM+QCDjets,300.29,327.73,1.0,0.25,atlas_exot_2018_06,IM6,0.7610617,1.1113419,0.0095869,0.0001725
run_10/mzp_300.3_mx_327.7_nevents_28500,0.070308555,28500,Axial,DM+QCDjets,300.29,327.73,1.0,0.25,atlas_exot_2018_06,IM7,0.6474619,0.7616658,0.0055445,0.0001314
run_10/mzp_300.3_mx_327.7_nevents_28500,0.070308555,28500,Axial,DM+QCDjets,300.29,327.73,1.0,0.25,atlas_exot_2018_06,IM8,0.7254843,0.778986,0.0027681,9.3e-05
run_10/mzp_300.3_mx_327.7_nevents_28500,0.070308555,28500,Axial,DM+QCDjets,300.29,327.73,1.0,0.25,atlas_exot_2018_06,IM9,0.7637784,0.7223869,0.0016637,7.21e-05
run_10/mzp_300.3_mx_327.7_nevents_28500,0.070308555,28500,Axial,DM+QCDjets,300.29,327.73,1.0,0.25,atlas_exot_2018_06,IM10,0.9418014,1.4564422,0.0009909,5.57e-05
run_10/mzp_300.3_mx_327.7_nevents_28500,0.070308555,28500,Axial,DM+QCDjets,300.29,327.73,1.0,0.25,atlas_exot_2018_06,IM11,0.8605554,0.775314,0.0006569,4.53e-05
run_10/mzp_300.3_mx_327.7_nevents_28500,0.070308555,28500,Axial,DM+QCDjets,300.29,327.73,1.0,0.25,atlas_exot_2018_06,IM12,0.8196658,0.651901,0.0004249,3.65e-05
run_10/mzp_300.3_mx_327.7_nevents_28500,0.070308555,28500,Axial,DM+QCDjets,300.29,327.73,1.0,0.25,atlas_exot_2018_06,EM0,10.256073,11.4565235,0.0358246,0.0003289
run_10/mzp_300.3_mx_327.7_nevents_28500,0.070308555,28500,Axial,DM+QCDjets,300.29,327.73,1.0,0.25,atlas_exot_2018_06,EM1,4.5304651,4.4546628,0.0280193,0.0002921
run_10/mzp_300.3_mx_327.7_nevents_28500,0.070308555,28500,Axial,DM+QCDjets,300.29,327.73,1.0,0.25,atlas_exot_2018_06,EM2,2.4572107,2.4399757,0.0203597,0.0002499
run_10/mzp_300.3_mx_327.7_nevents_28500,0.070308555,28500,Axial,DM+QCDjets,300.29,327.73,1.0,0.25,atlas_exot_2018_06,EM3,1.5483055,1.8753766,0.0149937,0.0002151
run_10/mzp_300.3_mx_327.7_nevents_28500,0.070308555,28500,Axial,DM+QCDjets,300.29,327.73,1.0,0.25,atlas_exot_2018_06,EM4,1.0007131,1.4125611,0.0174658,0.0002318
run_10/mzp_300.3_mx_327.7_nevents_28500,0.070308555,28500,Axial,DM+QCDjets,300.29,327.73,1.0,0.25,atlas_exot_2018_06,EM5,0.7200231,0.8773477,0.0085388,0.0001628
run_10/mzp_300.3_mx_327.7_nevents_28500,0.070308555,28500,Axial,DM+QCDjets,300.29,327.73,1.0,0.25,atlas_exot_2018_06,EM6,0.7196912,0.9974623,0.0040423,0.0001123
run_10/mzp_300.3_mx_327.7_nevents_28500,0.070308555,28500,Axial,DM+QCDjets,300.29,327.73,1.0,0.25,atlas_exot_2018_06,EM7,0.5175173,0.7535802,0.0027764,9.31e-05
run_10/mzp_300.3_mx_327.7_nevents_28500,0.070308555,28500,Axial,DM+QCDjets,300.29,327.73,1.0,0.25,atlas_exot_2018_06,EM8,0.7348335,0.8406455,0.0011044,5.88e-05
run_10/mzp_300.3_mx_327.7_nevents_28500,0.070308555,28500,Axial,DM+QCDjets,300.29,327.73,1.0,0.25,atlas_exot_2018_06,EM9,0.726094,0.6226903,0.0006728,4.59e-05
run_10/mzp_300.3_mx_327.7_nevents_28500,0.070308555,28500,Axial,DM+QCDjets,300.29,327.73,1.0,0.25,atlas_exot_2018_06,EM10,0.9360304,1.9979479,0.000334,3.23e-05
run_10/mzp_300.3_mx_327.7_nevents_28500,0.070308555,28500,Axial,DM+QCDjets,300.29,327.73,1.0,0.25,atlas_exot_2018_06,EM11,0.9459567,1.0605742,0.0002319,2.7e-05
run_10/mzp_300.3_mx_327.7_nevents_28500,0.070308555,28500,Axial,DM+QCDjets,300.29,327.73,1.0,0.25,atlas_exot_2018_06,EM12,0.5978265,0.4836889,0.0004249,3.65e-05
run_38/mzp_1759.0_mx_327.7_nevents_28500,0.401003163,28500,Axial,DM+QCDjets,1759.0,327.73,1.0,0.25,atlas_exot_2018_06,IM0,3.1650136,4.0232517,0.1786564,0.0002809
run_38/mzp_1759.0_mx_327.7_nevents_28500,0.401003163,28500,Axial,DM+QCDjets,1759.0,327.73,1.0,0.25,atlas_exot_2018_06,IM1,1.5934216,2.0007626,0.1418184,0.0002559
run_38/mzp_1759.0_mx_327.7_nevents_28500,0.401003163,28500,Axial,DM+QCDjets,1759.0,327.73,1.0,0.25,atlas_exot_2018_06,IM2,1.0514276,1.4496012,0.1075835,0.0002273
run_38/mzp_1759.0_mx_327.7_nevents_28500,0.401003163,28500,Axial,DM+QCDjets,1759.0,327.73,1.0,0.25,atlas_exot_2018_06,IM3,0.7047328,1.038082,0.0807158,0.0001998
run_38/mzp_1759.0_mx_327.7_nevents_28500,0.401003163,28500,Axial,DM+QCDjets,1759.0,327.73,1.0,0.25,atlas_exot_2018_06,IM4,0.5514679,0.8745984,0.0598164,0.0001739
run_38/mzp_1759.0_mx_327.7_nevents_28500,0.401003163,28500,Axial,DM+QCDjets,1759.0,327.73,1.0,0.25,atlas_exot_2018_06,IM5,0.4166341,0.6302284,0.0346838,0.0001342
run_38/mzp_1759.0_mx_327.7_nevents_28500,0.401003163,28500,Axial,DM+QCDjets,1759.0,327.73,1.0,0.25,atlas_exot_2018_06,IM6,0.3508983,0.5151857,0.0206515,0.0001043
run_38/mzp_1759.0_mx_327.7_nevents_28500,0.401003163,28500,Axial,DM+QCDjets,1759.0,327.73,1.0,0.25,atlas_exot_2018_06,IM7,0.2870273,0.3374359,0.012497,8.15e-05
run_38/mzp_1759.0_mx_327.7_nevents_28500,0.401003163,28500,Axial,DM+QCDjets,1759.0,327.73,1.0,0.25,atlas_exot_2018_06,IM8,0.2698336,0.2901225,0.0073827,6.28e-05
run_38/mzp_1759.0_mx_327.7_nevents_28500,0.401003163,28500,Axial,DM+QCDjets,1759.0,327.73,1.0,0.25,atlas_exot_2018_06,IM9,0.2711261,0.2567167,0.0046696,5e-05
run_38/mzp_1759.0_mx_327.7_nevents_28500,0.401003163,28500,Axial,DM+QCDjets,1759.0,327.73,1.0,0.25,atlas_exot_2018_06,IM10,0.298087,0.4590587,0.0031404,4.1e-05
run_38/mzp_1759.0_mx_327.7_nevents_28500,0.401003163,28500,Axial,DM+QCDjets,1759.0,327.73,1.0,0.25,atlas_exot_2018_06,IM11,0.2921088,0.260151,0.0019377,3.23e-05
run_38/mzp_1759.0_mx_327.7_nevents_28500,0.401003163,28500,Axial,DM+QCDjets,1759.0,327.73,1.0,0.25,atlas_exot_2018_06,IM12,0.2911004,0.2294113,0.001203,2.54e-05
run_38/mzp_1759.0_mx_327.7_nevents_28500,0.401003163,28500,Axial,DM+QCDjets,1759.0,327.73,1.0,0.25,atlas_exot_2018_06,EM0,9.983131,11.1559727,0.036838,0.0001382
run_38/mzp_1759.0_mx_327.7_nevents_28500,0.401003163,28500,Axial,DM+QCDjets,1759.0,327.73,1.0,0.25,atlas_exot_2018_06,EM1,3.7247625,3.633581,0.0342349,0.0001334
run_38/mzp_1759.0_mx_327.7_nevents_28500,0.401003163,28500,Axial,DM+QCDjets,1759.0,327.73,1.0,0.25,atlas_exot_2018_06,EM2,1.8613916,1.8436549,0.0268676,0.0001186
run_38/mzp_1759.0_mx_327.7_nevents_28500,0.401003163,28500,Axial,DM+QCDjets,1759.0,327.73,1.0,0.25,atlas_exot_2018_06,EM3,1.1143532,1.3446794,0.0208994,0.0001049
run_38/mzp_1759.0_mx_327.7_nevents_28500,0.401003163,28500,Axial,DM+QCDjets,1759.0,327.73,1.0,0.25,atlas_exot_2018_06,EM4,0.6966653,0.98218,0.0251326,0.0001148
run_38/mzp_1759.0_mx_327.7_nevents_28500,0.401003163,28500,Axial,DM+QCDjets,1759.0,327.73,1.0,0.25,atlas_exot_2018_06,EM5,0.4371361,0.5314271,0.0140323,8.63e-05
run_38/mzp_1759.0_mx_327.7_nevents_28500,0.401003163,28500,Axial,DM+QCDjets,1759.0,327.73,1.0,0.25,atlas_exot_2018_06,EM6,0.3568117,0.4948536,0.0081545,6.6e-05
run_38/mzp_1759.0_mx_327.7_nevents_28500,0.401003163,28500,Axial,DM+QCDjets,1759.0,327.73,1.0,0.25,atlas_exot_2018_06,EM7,0.2805614,0.4103131,0.0051143,5.23e-05
run_38/mzp_1759.0_mx_327.7_nevents_28500,0.401003163,28500,Axial,DM+QCDjets,1759.0,327.73,1.0,0.25,atlas_exot_2018_06,EM8,0.2993301,0.3430657,0.0027131,3.82e-05
run_38/mzp_1759.0_mx_327.7_nevents_28500,0.401003163,28500,Axial,DM+QCDjets,1759.0,327.73,1.0,0.25,atlas_exot_2018_06,EM9,0.3192796,0.2710472,0.0015292,2.87e-05
run_38/mzp_1759.0_mx_327.7_nevents_28500,0.401003163,28500,Axial,DM+QCDjets,1759.0,327.73,1.0,0.25,atlas_exot_2018_06,EM10,0.2595607,0.5559106,0.0012027,2.54e-05
run_38/mzp_1759.0_mx_327.7_nevents_28500,0.401003163,28500,Axial,DM+QCDjets,1759.0,327.73,1.0,0.25,atlas_exot_2018_06,EM11,0.2990327,0.336747,0.0007347,1.99e-05
run_38/mzp_1759.0_mx_327.7_nevents_28500,0.401003163,28500,Axial,DM+QCDjets,1759.0,327.73,1.0,0.25,atlas_exot_2018_06,EM12,0.2120651,0.1708536,0.001203,2.54e-05
run_35/mzp_1501.5_mx_299.8_nevents_28500,0.8225304,28500,Axial,DM+QCDjets,1501.5,299.82,1.0,0.25,atlas_exot_2018_06,IM0,3.3506917,4.2518259,0.1683098,0.0001922
run_35/mzp_1501.5_mx_299.8_nevents_28500,0.8225304,28500,Axial,DM+QCDjets,1501.5,299.82,1.0,0.25,atlas_exot_2018_06,IM1,1.7230998,2.1666805,0.1313753,0.0001735
run_35/mzp_1501.5_mx_299.8_nevents_28500,0.8225304,28500,Axial,DM+QCDjets,1501.5,299.82,1.0,0.25,atlas_exot_2018_06,IM2,1.1407416,1.5597973,0.0993071,0.0001536
run_35/mzp_1501.5_mx_299.8_nevents_28500,0.8225304,28500,Axial,DM+QCDjets,1501.5,299.82,1.0,0.25,atlas_exot_2018_06,IM3,0.759195,1.119756,0.0746483,0.000135
run_35/mzp_1501.5_mx_299.8_nevents_28500,0.8225304,28500,Axial,DM+QCDjets,1501.5,299.82,1.0,0.25,atlas_exot_2018_06,IM4,0.5941895,0.945492,0.0552197,0.0001173
run_35/mzp_1501.5_mx_299.8_nevents_28500,0.8225304,28500,Axial,DM+QCDjets,1501.5,299.82,1.0,0.25,atlas_exot_2018_06,IM5,0.4532404,0.6857433,0.03186,9.02e-05
run_35/mzp_1501.5_mx_299.8_nevents_28500,0.8225304,28500,Axial,DM+QCDjets,1501.5,299.82,1.0,0.25,atlas_exot_2018_06,IM6,0.4006366,0.585611,0.0182147,6.87e-05
run_35/mzp_1501.5_mx_299.8_nevents_28500,0.8225304,28500,Axial,DM+QCDjets,1501.5,299.82,1.0,0.25,atlas_exot_2018_06,IM7,0.3659492,0.428939,0.0098461,5.07e-05
run_35/mzp_1501.5_mx_299.8_nevents_28500,0.8225304,28500,Axial,DM+QCDjets,1501.5,299.82,1.0,0.25,atlas_exot_2018_06,IM8,0.3357963,0.3583271,0.0059925,3.97e-05
run_35/mzp_1501.5_mx_299.8_nevents_28500,0.8225304,28500,Axial,DM+QCDjets,1501.5,299.82,1.0,0.25,atlas_exot_2018_06,IM9,0.3226034,0.3036733,0.0039195,3.21e-05
run_35/mzp_1501.5_mx_299.8_nevents_28500,0.8225304,28500,Axial,DM+QCDjets,1501.5,299.82,1.0,0.25,atlas_exot_2018_06,IM10,0.4554784,0.7063422,0.0020429,2.32e-05
run_35/mzp_1501.5_mx_299.8_nevents_28500,0.8225304,28500,Axial,DM+QCDjets,1501.5,299.82,1.0,0.25,atlas_exot_2018_06,IM11,0.4327622,0.3870537,0.0013019,1.85e-05
run_35/mzp_1501.5_mx_299.8_nevents_28500,0.8225304,28500,Axial,DM+QCDjets,1501.5,299.82,1.0,0.25,atlas_exot_2018_06,IM12,0.4259976,0.3353991,0.0008204,1.47e-05
run_35/mzp_1501.5_mx_299.8_nevents_28500,0.8225304,28500,Axial,DM+QCDjets,1501.5,299.82,1.0,0.25,atlas_exot_2018_06,EM0,9.9754192,11.0922245,0.0369345,9.69e-05
run_35/mzp_1501.5_mx_299.8_nevents_28500,0.8225304,28500,Axial,DM+QCDjets,1501.5,299.82,1.0,0.25,atlas_exot_2018_06,EM1,3.9616102,3.8780816,0.0320683,9.05e-05
run_35/mzp_1501.5_mx_299.8_nevents_28500,0.8225304,28500,Axial,DM+QCDjets,1501.5,299.82,1.0,0.25,atlas_exot_2018_06,EM2,2.0222128,2.0125932,0.0246588,7.97e-05
run_35/mzp_1501.5_mx_299.8_nevents_28500,0.8225304,28500,Axial,DM+QCDjets,1501.5,299.82,1.0,0.25,atlas_exot_2018_06,EM3,1.1901991,1.4450496,0.0194286,7.09e-05
run_35/mzp_1501.5_mx_299.8_nevents_28500,0.8225304,28500,Axial,DM+QCDjets,1501.5,299.82,1.0,0.25,atlas_exot_2018_06,EM4,0.7464008,1.0586335,0.0233597,7.76e-05
run_35/mzp_1501.5_mx_299.8_nevents_28500,0.8225304,28500,Axial,DM+QCDjets,1501.5,299.82,1.0,0.25,atlas_exot_2018_06,EM5,0.450609,0.54967,0.0136453,5.96e-05
run_35/mzp_1501.5_mx_299.8_nevents_28500,0.8225304,28500,Axial,DM+QCDjets,1501.5,299.82,1.0,0.25,atlas_exot_2018_06,EM6,0.3476744,0.4818883,0.0083686,4.68e-05
run_35/mzp_1501.5_mx_299.8_nevents_28500,0.8225304,28500,Axial,DM+QCDjets,1501.5,299.82,1.0,0.25,atlas_exot_2018_06,EM7,0.3727378,0.544835,0.0038536,3.18e-05
run_35/mzp_1501.5_mx_299.8_nevents_28500,0.8225304,28500,Axial,DM+QCDjets,1501.5,299.82,1.0,0.25,atlas_exot_2018_06,EM8,0.389434,0.4486718,0.002073,2.34e-05
run_35/mzp_1501.5_mx_299.8_nevents_28500,0.8225304,28500,Axial,DM+QCDjets,1501.5,299.82,1.0,0.25,atlas_exot_2018_06,EM9,0.2614809,0.2210171,0.0018765,2.22e-05
run_35/mzp_1501.5_mx_299.8_nevents_28500,0.8225304,28500,Axial,DM+QCDjets,1501.5,299.82,1.0,0.25,atlas_exot_2018_06,EM10,0.422058,0.899374,0.000741,1.4e-05
run_35/mzp_1501.5_mx_299.8_nevents_28500,0.8225304,28500,Axial,DM+QCDjets,1501.5,299.82,1.0,0.25,atlas_exot_2018_06,EM11,0.4550714,0.5115314,0.0004815,1.13e-05
run_35/mzp_1501.5_mx_299.8_nevents_28500,0.8225304,28500,Axial,DM+QCDjets,1501.5,299.82,1.0,0.25,atlas_exot_2018_06,EM12,0.3109789,0.2487553,0.0008204,1.47e-05
run_01/mzp_464.3_mx_83.1_nevents_28500,78.5629,28500,Axial,DM+QCDjets,464.262,83.132,1.0,0.25,atlas_exot_2018_06,IM0,7.6340284,9.6978841,0.0741035,1.41e-05
run_01/mzp_464.3_mx_83.1_nevents_28500,78.5629,28500,Axial,DM+QCDjets,464.262,83.132,1.0,0.25,atlas_exot_2018_06,IM1,4.6865808,5.9059909,0.0482658,1.15e-05
run_01/mzp_464.3_mx_83.1_nevents_28500,78.5629,28500,Axial,DM+QCDjets,464.262,83.132,1.0,0.25,atlas_exot_2018_06,IM2,3.9268018,5.3747427,0.0288842,9e-06
run_01/mzp_464.3_mx_83.1_nevents_28500,78.5629,28500,Axial,DM+QCDjets,464.262,83.132,1.0,0.25,atlas_exot_2018_06,IM3,3.3792191,4.9844857,0.0168446,6.9e-06
run_01/mzp_464.3_mx_83.1_nevents_28500,78.5629,28500,Axial,DM+QCDjets,464.262,83.132,1.0,0.25,atlas_exot_2018_06,IM4,3.0620176,4.8485119,0.0107854,5.5e-06
run_01/mzp_464.3_mx_83.1_nevents_28500,78.5629,28500,Axial,DM+QCDjets,464.262,83.132,1.0,0.25,atlas_exot_2018_06,IM5,4.2920443,6.5572431,0.0033393,3.1e-06
run_01/mzp_464.3_mx_83.1_nevents_28500,78.5629,28500,Axial,DM+QCDjets,464.262,83.132,1.0,0.25,atlas_exot_2018_06,IM6,5.4762876,8.0246974,0.0013299,2e-06
run_01/mzp_464.3_mx_83.1_nevents_28500,78.5629,28500,Axial,DM+QCDjets,464.262,83.132,1.0,0.25,atlas_exot_2018_06,IM7,10.2778345,12.1563053,0.0003484,1e-06
run_01/mzp_464.3_mx_83.1_nevents_28500,78.5629,28500,Axial,DM+QCDjets,464.262,83.132,1.0,0.25,atlas_exot_2018_06,IM8,8.5928477,9.1738447,0.0002333,8e-07
run_01/mzp_464.3_mx_83.1_nevents_28500,78.5629,28500,Axial,DM+QCDjets,464.262,83.132,1.0,0.25,atlas_exot_2018_06,IM9,10.5137024,9.9329067,0.0001201,6e-07
run_01/mzp_464.3_mx_83.1_nevents_28500,78.5629,28500,Axial,DM+QCDjets,464.262,83.132,1.0,0.25,atlas_exot_2018_06,IM10,11.3666602,17.5885042,8.21e-05,5e-07
run_01/mzp_464.3_mx_83.1_nevents_28500,78.5629,28500,Axial,DM+QCDjets,464.262,83.132,1.0,0.25,atlas_exot_2018_06,IM11,6.8768318,6.1075782,8.21e-05,5e-07
run_01/mzp_464.3_mx_83.1_nevents_28500,78.5629,28500,Axial,DM+QCDjets,464.262,83.132,1.0,0.25,atlas_exot_2018_06,IM12,8.2992126,6.5471309,4.2e-05,3e-07
run_01/mzp_464.3_mx_83.1_nevents_28500,78.5629,28500,Axial,DM+QCDjets,464.262,83.132,1.0,0.25,atlas_exot_2018_06,EM0,14.1918267,15.853772,0.0258378,8.5e-06
run_01/mzp_464.3_mx_83.1_nevents_28500,78.5629,28500,Axial,DM+QCDjets,464.262,83.132,1.0,0.25,atlas_exot_2018_06,EM1,6.6018484,6.4075076,0.0193815,7.4e-06
run_01/mzp_464.3_mx_83.1_nevents_28500,78.5629,28500,Axial,DM+QCDjets,464.262,83.132,1.0,0.25,atlas_exot_2018_06,EM2,4.1628181,4.1268666,0.0120396,5.9e-06
run_01/mzp_464.3_mx_83.1_nevents_28500,78.5629,28500,Axial,DM+QCDjets,464.262,83.132,1.0,0.25,atlas_exot_2018_06,EM3,3.83638,4.6421233,0.0060592,4.2e-06
run_01/mzp_464.3_mx_83.1_nevents_28500,78.5629,28500,Axial,DM+QCDjets,464.262,83.132,1.0,0.25,atlas_exot_2018_06,EM4,2.3593991,3.3112651,0.0074461,4.6e-06
run_01/mzp_464.3_mx_83.1_nevents_28500,78.5629,28500,Axial,DM+QCDjets,464.262,83.132,1.0,0.25,atlas_exot_2018_06,EM5,3.0771655,3.729794,0.0020094,2.4e-06
run_01/mzp_464.3_mx_83.1_nevents_28500,78.5629,28500,Axial,DM+QCDjets,464.262,83.132,1.0,0.25,atlas_exot_2018_06,EM6,2.9556408,4.1034105,0.0009816,1.7e-06
run_01/mzp_464.3_mx_83.1_nevents_28500,78.5629,28500,Axial,DM+QCDjets,464.262,83.132,1.0,0.25,atlas_exot_2018_06,EM7,12.5264209,18.209173,0.000115,6e-07
run_01/mzp_464.3_mx_83.1_nevents_28500,78.5629,28500,Axial,DM+QCDjets,464.262,83.132,1.0,0.25,atlas_exot_2018_06,EM8,7.1863358,8.215844,0.0001132,6e-07
run_01/mzp_464.3_mx_83.1_nevents_28500,78.5629,28500,Axial,DM+QCDjets,464.262,83.132,1.0,0.25,atlas_exot_2018_06,EM9,12.8556248,10.9125864,3.8e-05,3e-07
run_01/mzp_464.3_mx_83.1_nevents_28500,78.5629,28500,Axial,DM+QCDjets,464.262,83.132,1.0,0.25,atlas_exot_2018_06,EM10,-1.0,-1.0,0.0,0.0
run_01/mzp_464.3_mx_83.1_nevents_28500,78.5629,28500,Axial,DM+QCDjets,464.262,83.132,1.0,0.25,atlas_exot_2018_06,EM11,5.5048955,6.1582008,4e-05,3e-07
run_01/mzp_464.3_mx_83.1_nevents_28500,78.5629,28500,Axial,DM+QCDjets,464.262,83.132,1.0,0.25,atlas_exot_2018_06,EM12,6.0707025,4.8819426,4.2e-05,3e-07
run_40/mzp_1759.0_mx_588.0_nevents_28500,0.24805198499999997,28500,Axial,DM+QCDjets,1759.0,588.03,1.0,0.25,atlas_exot_2018_06,IM0,3.2207297,4.0820978,0.1754554,0.0003545
run_40/mzp_1759.0_mx_588.0_nevents_28500,0.24805198499999997,28500,Axial,DM+QCDjets,1759.0,588.03,1.0,0.25,atlas_exot_2018_06,IM1,1.627247,2.0552788,0.1383356,0.0003218
run_40/mzp_1759.0_mx_588.0_nevents_28500,0.24805198499999997,28500,Axial,DM+QCDjets,1759.0,588.03,1.0,0.25,atlas_exot_2018_06,IM2,1.0810646,1.4843987,0.1048288,0.0002855
run_40/mzp_1759.0_mx_588.0_nevents_28500,0.24805198499999997,28500,Axial,DM+QCDjets,1759.0,588.03,1.0,0.25,atlas_exot_2018_06,IM3,0.7336246,1.0840348,0.0775777,0.0002493
run_40/mzp_1759.0_mx_588.0_nevents_28500,0.24805198499999997,28500,Axial,DM+QCDjets,1759.0,588.03,1.0,0.25,atlas_exot_2018_06,IM4,0.574264,0.9151371,0.0571712,0.0002164
run_40/mzp_1759.0_mx_588.0_nevents_28500,0.24805198499999997,28500,Axial,DM+QCDjets,1759.0,588.03,1.0,0.25,atlas_exot_2018_06,IM5,0.4406061,0.6705003,0.0325849,0.0001655
run_40/mzp_1759.0_mx_588.0_nevents_28500,0.24805198499999997,28500,Axial,DM+QCDjets,1759.0,588.03,1.0,0.25,atlas_exot_2018_06,IM6,0.371551,0.5416011,0.0196896,0.0001295
run_40/mzp_1759.0_mx_588.0_nevents_28500,0.24805198499999997,28500,Axial,DM+QCDjets,1759.0,588.03,1.0,0.25,atlas_exot_2018_06,IM7,0.3051804,0.3583734,0.0117738,0.0001005
run_40/mzp_1759.0_mx_588.0_nevents_28500,0.24805198499999997,28500,Axial,DM+QCDjets,1759.0,588.03,1.0,0.25,atlas_exot_2018_06,IM8,0.2827881,0.3026469,0.007102,7.83e-05
run_40/mzp_1759.0_mx_588.0_nevents_28500,0.24805198499999997,28500,Axial,DM+QCDjets,1759.0,588.03,1.0,0.25,atlas_exot_2018_06,IM9,0.2805464,0.2652872,0.0044986,6.24e-05
run_40/mzp_1759.0_mx_588.0_nevents_28500,0.24805198499999997,28500,Axial,DM+QCDjets,1759.0,588.03,1.0,0.25,atlas_exot_2018_06,IM10,0.3218265,0.4949685,0.0029103,5.02e-05
run_40/mzp_1759.0_mx_588.0_nevents_28500,0.24805198499999997,28500,Axial,DM+QCDjets,1759.0,588.03,1.0,0.25,atlas_exot_2018_06,IM11,0.3392453,0.3036195,0.0016644,3.8e-05
run_40/mzp_1759.0_mx_588.0_nevents_28500,0.24805198499999997,28500,Axial,DM+QCDjets,1759.0,588.03,1.0,0.25,atlas_exot_2018_06,IM12,0.356358,0.2840839,0.0009762,2.91e-05
run_40/mzp_1759.0_mx_588.0_nevents_28500,0.24805198499999997,28500,Axial,DM+QCDjets,1759.0,588.03,1.0,0.25,atlas_exot_2018_06,EM0,9.9778662,11.0428906,0.0371199,0.0001762
run_40/mzp_1759.0_mx_588.0_nevents_28500,0.24805198499999997,28500,Axial,DM+QCDjets,1759.0,588.03,1.0,0.25,atlas_exot_2018_06,EM1,3.8104086,3.6943745,0.0335068,0.0001677
run_40/mzp_1759.0_mx_588.0_nevents_28500,0.24805198499999997,28500,Axial,DM+QCDjets,1759.0,588.03,1.0,0.25,atlas_exot_2018_06,EM2,1.8460146,1.8324552,0.027251,0.0001518
run_40/mzp_1759.0_mx_588.0_nevents_28500,0.24805198499999997,28500,Axial,DM+QCDjets,1759.0,588.03,1.0,0.25,atlas_exot_2018_06,EM3,1.1389003,1.3688615,0.0204066,0.0001318
run_40/mzp_1759.0_mx_588.0_nevents_28500,0.24805198499999997,28500,Axial,DM+QCDjets,1759.0,588.03,1.0,0.25,atlas_exot_2018_06,EM4,0.7114406,1.005,0.0245863,0.0001443
run_40/mzp_1759.0_mx_588.0_nevents_28500,0.24805198499999997,28500,Axial,DM+QCDjets,1759.0,588.03,1.0,0.25,atlas_exot_2018_06,EM5,0.4770314,0.5807388,0.0128953,0.0001052
run_40/mzp_1759.0_mx_588.0_nevents_28500,0.24805198499999997,28500,Axial,DM+QCDjets,1759.0,588.03,1.0,0.25,atlas_exot_2018_06,EM6,0.3684532,0.508892,0.0079158,8.26e-05
run_40/mzp_1759.0_mx_588.0_nevents_28500,0.24805198499999997,28500,Axial,DM+QCDjets,1759.0,588.03,1.0,0.25,atlas_exot_2018_06,EM7,0.3065582,0.4491666,0.0046717,6.36e-05
run_40/mzp_1759.0_mx_588.0_nevents_28500,0.24805198499999997,28500,Axial,DM+QCDjets,1759.0,588.03,1.0,0.25,atlas_exot_2018_06,EM8,0.3111791,0.3574224,0.0026035,4.75e-05
run_40/mzp_1759.0_mx_588.0_nevents_28500,0.24805198499999997,28500,Axial,DM+QCDjets,1759.0,588.03,1.0,0.25,atlas_exot_2018_06,EM9,0.3094484,0.2608611,0.0015883,3.71e-05
run_40/mzp_1759.0_mx_588.0_nevents_28500,0.24805198499999997,28500,Axial,DM+QCDjets,1759.0,588.03,1.0,0.25,atlas_exot_2018_06,EM10,0.2508311,0.5352628,0.0012458,3.29e-05
run_40/mzp_1759.0_mx_588.0_nevents_28500,0.24805198499999997,28500,Axial,DM+QCDjets,1759.0,588.03,1.0,0.25,atlas_exot_2018_06,EM11,0.319025,0.3576885,0.0006883,2.44e-05
run_40/mzp_1759.0_mx_588.0_nevents_28500,0.24805198499999997,28500,Axial,DM+QCDjets,1759.0,588.03,1.0,0.25,atlas_exot_2018_06,EM12,0.2601825,0.208214,0.0009762,2.91e-05
run_24/mzp_1000.1_mx_327.7_nevents_28500,3.1068829000000004,28500,Axial,DM+QCDjets,1000.1,327.73,1.0,0.25,atlas_exot_2018_06,IM0,4.2061313,5.3196644,0.1344598,9.08e-05
run_24/mzp_1000.1_mx_327.7_nevents_28500,3.1068829000000004,28500,Axial,DM+QCDjets,1000.1,327.73,1.0,0.25,atlas_exot_2018_06,IM1,2.2500291,2.8291706,0.1005263,8.01e-05
run_24/mzp_1000.1_mx_327.7_nevents_28500,3.1068829000000004,28500,Axial,DM+QCDjets,1000.1,327.73,1.0,0.25,atlas_exot_2018_06,IM2,1.5657309,2.1472481,0.0725711,6.91e-05
run_24/mzp_1000.1_mx_327.7_nevents_28500,3.1068829000000004,28500,Axial,DM+QCDjets,1000.1,327.73,1.0,0.25,atlas_exot_2018_06,IM3,1.0856088,1.6020092,0.05227,5.93e-05
run_24/mzp_1000.1_mx_327.7_nevents_28500,3.1068829000000004,28500,Axial,DM+QCDjets,1000.1,327.73,1.0,0.25,atlas_exot_2018_06,IM4,0.8786016,1.3975775,0.0373737,5.05e-05
run_24/mzp_1000.1_mx_327.7_nevents_28500,3.1068829000000004,28500,Axial,DM+QCDjets,1000.1,327.73,1.0,0.25,atlas_exot_2018_06,IM5,0.7387319,1.1169864,0.0195668,3.69e-05
run_24/mzp_1000.1_mx_327.7_nevents_28500,3.1068829000000004,28500,Axial,DM+QCDjets,1000.1,327.73,1.0,0.25,atlas_exot_2018_06,IM6,0.7063032,1.0348756,0.01026,2.68e-05
run_24/mzp_1000.1_mx_327.7_nevents_28500,3.1068829000000004,28500,Axial,DM+QCDjets,1000.1,327.73,1.0,0.25,atlas_exot_2018_06,IM7,0.6594057,0.7725415,0.0054514,1.96e-05
run_24/mzp_1000.1_mx_327.7_nevents_28500,3.1068829000000004,28500,Axial,DM+QCDjets,1000.1,327.73,1.0,0.25,atlas_exot_2018_06,IM8,0.8554031,0.9101061,0.002354,1.29e-05
run_24/mzp_1000.1_mx_327.7_nevents_28500,3.1068829000000004,28500,Axial,DM+QCDjets,1000.1,327.73,1.0,0.25,atlas_exot_2018_06,IM9,1.0455333,0.9866913,0.0012108,9.3e-06
run_24/mzp_1000.1_mx_327.7_nevents_28500,3.1068829000000004,28500,Axial,DM+QCDjets,1000.1,327.73,1.0,0.25,atlas_exot_2018_06,IM10,1.4336271,2.2088806,0.0006523,6.8e-06
run_24/mzp_1000.1_mx_327.7_nevents_28500,3.1068829000000004,28500,Axial,DM+QCDjets,1000.1,327.73,1.0,0.25,atlas_exot_2018_06,IM11,1.1136221,0.9976435,0.0005061,6e-06
run_24/mzp_1000.1_mx_327.7_nevents_28500,3.1068829000000004,28500,Axial,DM+QCDjets,1000.1,327.73,1.0,0.25,atlas_exot_2018_06,IM12,1.7850809,1.429798,0.0001948,3.7e-06
run_24/mzp_1000.1_mx_327.7_nevents_28500,3.1068829000000004,28500,Axial,DM+QCDjets,1000.1,327.73,1.0,0.25,atlas_exot_2018_06,EM0,10.7817854,12.0638911,0.0339335,4.82e-05
run_24/mzp_1000.1_mx_327.7_nevents_28500,3.1068829000000004,28500,Axial,DM+QCDjets,1000.1,327.73,1.0,0.25,atlas_exot_2018_06,EM1,4.5713223,4.4517583,0.0279552,4.39e-05
run_24/mzp_1000.1_mx_327.7_nevents_28500,3.1068829000000004,28500,Axial,DM+QCDjets,1000.1,327.73,1.0,0.25,atlas_exot_2018_06,EM2,2.4632871,2.4394139,0.0203011,3.76e-05
run_24/mzp_1000.1_mx_327.7_nevents_28500,3.1068829000000004,28500,Axial,DM+QCDjets,1000.1,327.73,1.0,0.25,atlas_exot_2018_06,EM3,1.5547228,1.8815848,0.0148963,3.23e-05
run_24/mzp_1000.1_mx_327.7_nevents_28500,3.1068829000000004,28500,Axial,DM+QCDjets,1000.1,327.73,1.0,0.25,atlas_exot_2018_06,EM4,0.9827116,1.3831806,0.0178069,3.52e-05
run_24/mzp_1000.1_mx_327.7_nevents_28500,3.1068829000000004,28500,Axial,DM+QCDjets,1000.1,327.73,1.0,0.25,atlas_exot_2018_06,EM5,0.6551294,0.8025989,0.0093068,2.56e-05
run_24/mzp_1000.1_mx_327.7_nevents_28500,3.1068829000000004,28500,Axial,DM+QCDjets,1000.1,327.73,1.0,0.25,atlas_exot_2018_06,EM6,0.6076614,0.8382102,0.0048085,1.84e-05
run_24/mzp_1000.1_mx_327.7_nevents_28500,3.1068829000000004,28500,Axial,DM+QCDjets,1000.1,327.73,1.0,0.25,atlas_exot_2018_06,EM7,0.4655407,0.6777042,0.0030974,1.48e-05
run_24/mzp_1000.1_mx_327.7_nevents_28500,3.1068829000000004,28500,Axial,DM+QCDjets,1000.1,327.73,1.0,0.25,atlas_exot_2018_06,EM8,0.7094486,0.811566,0.0011432,9e-06
run_24/mzp_1000.1_mx_327.7_nevents_28500,3.1068829000000004,28500,Axial,DM+QCDjets,1000.1,327.73,1.0,0.25,atlas_exot_2018_06,EM9,0.876948,0.7443089,0.0005584,6.3e-06
run_24/mzp_1000.1_mx_327.7_nevents_28500,3.1068829000000004,28500,Axial,DM+QCDjets,1000.1,327.73,1.0,0.25,atlas_exot_2018_06,EM10,2.1486438,4.5663758,0.0001463,3.2e-06
run_24/mzp_1000.1_mx_327.7_nevents_28500,3.1068829000000004,28500,Axial,DM+QCDjets,1000.1,327.73,1.0,0.25,atlas_exot_2018_06,EM11,0.706571,0.79502,0.0003112,4.7e-06
run_24/mzp_1000.1_mx_327.7_nevents_28500,3.1068829000000004,28500,Axial,DM+QCDjets,1000.1,327.73,1.0,0.25,atlas_exot_2018_06,EM12,1.3070929,1.0472049,0.0001948,3.7e-06
run_36/mzp_1759.0_mx_83.1_nevents_28500,0.47898276,28500,Axial,DM+QCDjets,1759.0,83.132,1.0,0.25,atlas_exot_2018_06,IM0,3.2892238,4.1678687,0.1721748,0.0002536
run_36/mzp_1759.0_mx_83.1_nevents_28500,0.47898276,28500,Axial,DM+QCDjets,1759.0,83.132,1.0,0.25,atlas_exot_2018_06,IM1,1.6832823,2.1135325,0.1347037,0.0002294
run_36/mzp_1759.0_mx_83.1_nevents_28500,0.47898276,28500,Axial,DM+QCDjets,1759.0,83.132,1.0,0.25,atlas_exot_2018_06,IM2,1.1095094,1.5299343,0.1018252,0.0002032
run_36/mzp_1759.0_mx_83.1_nevents_28500,0.47898276,28500,Axial,DM+QCDjets,1759.0,83.132,1.0,0.25,atlas_exot_2018_06,IM3,0.7483561,1.1069068,0.075852,0.0001779
run_36/mzp_1759.0_mx_83.1_nevents_28500,0.47898276,28500,Axial,DM+QCDjets,1759.0,83.132,1.0,0.25,atlas_exot_2018_06,IM4,0.5742774,0.9162432,0.0571538,0.0001559
run_36/mzp_1759.0_mx_83.1_nevents_28500,0.47898276,28500,Axial,DM+QCDjets,1759.0,83.132,1.0,0.25,atlas_exot_2018_06,IM5,0.4370097,0.6627924,0.0330109,0.00012
run_36/mzp_1759.0_mx_83.1_nevents_28500,0.47898276,28500,Axial,DM+QCDjets,1759.0,83.132,1.0,0.25,atlas_exot_2018_06,IM6,0.3759631,0.5512227,0.019344,9.25e-05
run_36/mzp_1759.0_mx_83.1_nevents_28500,0.47898276,28500,Axial,DM+QCDjets,1759.0,83.132,1.0,0.25,atlas_exot_2018_06,IM7,0.3080124,0.3637949,0.011647,7.21e-05
run_36/mzp_1759.0_mx_83.1_nevents_28500,0.47898276,28500,Axial,DM+QCDjets,1759.0,83.132,1.0,0.25,atlas_exot_2018_06,IM8,0.2752584,0.2923337,0.0073047,5.72e-05
run_36/mzp_1759.0_mx_83.1_nevents_28500,0.47898276,28500,Axial,DM+QCDjets,1759.0,83.132,1.0,0.25,atlas_exot_2018_06,IM9,0.2927502,0.2773947,0.0043242,4.41e-05
run_36/mzp_1759.0_mx_83.1_nevents_28500,0.47898276,28500,Axial,DM+QCDjets,1759.0,83.132,1.0,0.25,atlas_exot_2018_06,IM10,0.4415876,0.6812714,0.0021142,3.09e-05
run_36/mzp_1759.0_mx_83.1_nevents_28500,0.47898276,28500,Axial,DM+QCDjets,1759.0,83.132,1.0,0.25,atlas_exot_2018_06,IM11,0.3785429,0.3371708,0.0014932,2.59e-05
run_36/mzp_1759.0_mx_83.1_nevents_28500,0.47898276,28500,Axial,DM+QCDjets,1759.0,83.132,1.0,0.25,atlas_exot_2018_06,IM12,0.3579674,0.285915,0.0009723,2.09e-05
run_36/mzp_1759.0_mx_83.1_nevents_28500,0.47898276,28500,Axial,DM+QCDjets,1759.0,83.132,1.0,0.25,atlas_exot_2018_06,EM0,9.7671615,10.9674441,0.0374712,0.0001276
run_36/mzp_1759.0_mx_83.1_nevents_28500,0.47898276,28500,Axial,DM+QCDjets,1759.0,83.132,1.0,0.25,atlas_exot_2018_06,EM1,3.8815252,3.7987235,0.0328785,0.0001198
run_36/mzp_1759.0_mx_83.1_nevents_28500,0.47898276,28500,Axial,DM+QCDjets,1759.0,83.132,1.0,0.25,atlas_exot_2018_06,EM2,1.9309148,1.9089356,0.0259732,0.0001069
run_36/mzp_1759.0_mx_83.1_nevents_28500,0.47898276,28500,Axial,DM+QCDjets,1759.0,83.132,1.0,0.25,atlas_exot_2018_06,EM3,1.2417135,1.5044267,0.0186982,9.1e-05
run_36/mzp_1759.0_mx_83.1_nevents_28500,0.47898276,28500,Axial,DM+QCDjets,1759.0,83.132,1.0,0.25,atlas_exot_2018_06,EM4,0.7273079,1.0215414,0.0241429,0.0001031
run_36/mzp_1759.0_mx_83.1_nevents_28500,0.47898276,28500,Axial,DM+QCDjets,1759.0,83.132,1.0,0.25,atlas_exot_2018_06,EM5,0.4499109,0.5480613,0.013667,7.8e-05
run_36/mzp_1759.0_mx_83.1_nevents_28500,0.47898276,28500,Axial,DM+QCDjets,1759.0,83.132,1.0,0.25,atlas_exot_2018_06,EM6,0.379018,0.5242565,0.0076969,5.87e-05
run_36/mzp_1759.0_mx_83.1_nevents_28500,0.47898276,28500,Axial,DM+QCDjets,1759.0,83.132,1.0,0.25,atlas_exot_2018_06,EM7,0.3304929,0.4830816,0.0043424,4.42e-05
run_36/mzp_1759.0_mx_83.1_nevents_28500,0.47898276,28500,Axial,DM+QCDjets,1759.0,83.132,1.0,0.25,atlas_exot_2018_06,EM8,0.2721535,0.312542,0.0029804,3.66e-05
run_36/mzp_1759.0_mx_83.1_nevents_28500,0.47898276,28500,Axial,DM+QCDjets,1759.0,83.132,1.0,0.25,atlas_exot_2018_06,EM9,0.2211579,0.1882585,0.0022101,3.15e-05
run_36/mzp_1759.0_mx_83.1_nevents_28500,0.47898276,28500,Axial,DM+QCDjets,1759.0,83.132,1.0,0.25,atlas_exot_2018_06,EM10,0.5051034,1.0713624,0.000621,1.67e-05
run_36/mzp_1759.0_mx_83.1_nevents_28500,0.47898276,28500,Axial,DM+QCDjets,1759.0,83.132,1.0,0.25,atlas_exot_2018_06,EM11,0.4216529,0.4723147,0.0005209,1.53e-05
run_36/mzp_1759.0_mx_83.1_nevents_28500,0.47898276,28500,Axial,DM+QCDjets,1759.0,83.132,1.0,0.25,atlas_exot_2018_06,EM12,0.2608327,0.210025,0.0009723,2.09e-05
run_48/mzp_2017.4_mx_558.5_nevents_28500,0.15863925699999998,28500,Axial,DM+QCDjets,2017.4,558.45,1.0,0.25,atlas_exot_2018_06,IM0,3.0794291,3.8901721,0.1838754,0.0004502
run_48/mzp_2017.4_mx_558.5_nevents_28500,0.15863925699999998,28500,Axial,DM+QCDjets,2017.4,558.45,1.0,0.25,atlas_exot_2018_06,IM1,1.5437517,1.9360547,0.1471715,0.0004117
run_48/mzp_2017.4_mx_558.5_nevents_28500,0.15863925699999998,28500,Axial,DM+QCDjets,2017.4,558.45,1.0,0.25,atlas_exot_2018_06,IM2,1.0085862,1.3819307,0.1122956,0.0003669
run_48/mzp_2017.4_mx_558.5_nevents_28500,0.15863925699999998,28500,Axial,DM+QCDjets,2017.4,558.45,1.0,0.25,atlas_exot_2018_06,IM3,0.6794077,0.9990182,0.0840112,0.0003224
run_48/mzp_2017.4_mx_558.5_nevents_28500,0.15863925699999998,28500,Axial,DM+QCDjets,2017.4,558.45,1.0,0.25,atlas_exot_2018_06,IM4,0.5126343,0.817489,0.0640165,0.0002845
run_48/mzp_2017.4_mx_558.5_nevents_28500,0.15863925699999998,28500,Axial,DM+QCDjets,2017.4,558.45,1.0,0.25,atlas_exot_2018_06,IM5,0.3782956,0.5716259,0.0382342,0.0002228
run_48/mzp_2017.4_mx_558.5_nevents_28500,0.15863925699999998,28500,Axial,DM+QCDjets,2017.4,558.45,1.0,0.25,atlas_exot_2018_06,IM6,0.3223037,0.4709837,0.0226685,0.000173
run_48/mzp_2017.4_mx_558.5_nevents_28500,0.15863925699999998,28500,Axial,DM+QCDjets,2017.4,558.45,1.0,0.25,atlas_exot_2018_06,IM7,0.2664013,0.3134663,0.0135086,0.0001342
run_48/mzp_2017.4_mx_558.5_nevents_28500,0.15863925699999998,28500,Axial,DM+QCDjets,2017.4,558.45,1.0,0.25,atlas_exot_2018_06,IM8,0.2305206,0.2458591,0.0087221,0.0001081
run_48/mzp_2017.4_mx_558.5_nevents_28500,0.15863925699999998,28500,Axial,DM+QCDjets,2017.4,558.45,1.0,0.25,atlas_exot_2018_06,IM9,0.234727,0.2210577,0.0053971,8.51e-05
run_48/mzp_2017.4_mx_558.5_nevents_28500,0.15863925699999998,28500,Axial,DM+QCDjets,2017.4,558.45,1.0,0.25,atlas_exot_2018_06,IM10,0.2675219,0.4141441,0.0034793,6.84e-05
run_48/mzp_2017.4_mx_558.5_nevents_28500,0.15863925699999998,28500,Axial,DM+QCDjets,2017.4,558.45,1.0,0.25,atlas_exot_2018_06,IM11,0.2434523,0.217176,0.0023226,5.59e-05
run_48/mzp_2017.4_mx_558.5_nevents_28500,0.15863925699999998,28500,Axial,DM+QCDjets,2017.4,558.45,1.0,0.25,atlas_exot_2018_06,IM12,0.1967105,0.1547122,0.0017794,4.9e-05
run_48/mzp_2017.4_mx_558.5_nevents_28500,0.15863925699999998,28500,Axial,DM+QCDjets,2017.4,558.45,1.0,0.25,atlas_exot_2018_06,EM0,9.9698747,11.2168226,0.0367039,0.0002185
run_48/mzp_2017.4_mx_558.5_nevents_28500,0.15863925699999998,28500,Axial,DM+QCDjets,2017.4,558.45,1.0,0.25,atlas_exot_2018_06,EM1,3.6595355,3.566693,0.0348759,0.0002132
run_48/mzp_2017.4_mx_558.5_nevents_28500,0.15863925699999998,28500,Axial,DM+QCDjets,2017.4,558.45,1.0,0.25,atlas_exot_2018_06,EM2,1.7702,1.7583177,0.0282845,0.0001927
run_48/mzp_2017.4_mx_558.5_nevents_28500,0.15863925699999998,28500,Axial,DM+QCDjets,2017.4,558.45,1.0,0.25,atlas_exot_2018_06,EM3,1.159804,1.3976566,0.0199947,0.0001627
run_48/mzp_2017.4_mx_558.5_nevents_28500,0.15863925699999998,28500,Axial,DM+QCDjets,2017.4,558.45,1.0,0.25,atlas_exot_2018_06,EM4,0.6816608,0.9567916,0.0257823,0.0001842
run_48/mzp_2017.4_mx_558.5_nevents_28500,0.15863925699999998,28500,Axial,DM+QCDjets,2017.4,558.45,1.0,0.25,atlas_exot_2018_06,EM5,0.394633,0.4813407,0.0155657,0.0001439
run_48/mzp_2017.4_mx_558.5_nevents_28500,0.15863925699999998,28500,Axial,DM+QCDjets,2017.4,558.45,1.0,0.25,atlas_exot_2018_06,EM6,0.3161657,0.4403064,0.0091599,0.0001107
run_48/mzp_2017.4_mx_558.5_nevents_28500,0.15863925699999998,28500,Axial,DM+QCDjets,2017.4,558.45,1.0,0.25,atlas_exot_2018_06,EM7,0.2996509,0.4381549,0.0047865,8.02e-05
run_48/mzp_2017.4_mx_558.5_nevents_28500,0.15863925699999998,28500,Axial,DM+QCDjets,2017.4,558.45,1.0,0.25,atlas_exot_2018_06,EM8,0.2446903,0.2794754,0.003325,6.69e-05
run_48/mzp_2017.4_mx_558.5_nevents_28500,0.15863925699999998,28500,Axial,DM+QCDjets,2017.4,558.45,1.0,0.25,atlas_exot_2018_06,EM9,0.2551521,0.2166156,0.0019178,5.08e-05
run_48/mzp_2017.4_mx_558.5_nevents_28500,0.15863925699999998,28500,Axial,DM+QCDjets,2017.4,558.45,1.0,0.25,atlas_exot_2018_06,EM10,0.269925,0.5786706,0.0011567,3.95e-05
run_48/mzp_2017.4_mx_558.5_nevents_28500,0.15863925699999998,28500,Axial,DM+QCDjets,2017.4,558.45,1.0,0.25,atlas_exot_2018_06,EM11,0.4053916,0.4549846,0.0005432,2.71e-05
run_48/mzp_2017.4_mx_558.5_nevents_28500,0.15863925699999998,28500,Axial,DM+QCDjets,2017.4,558.45,1.0,0.25,atlas_exot_2018_06,EM12,0.1424055,0.1149991,0.0017794,4.9e-05
run_21/mzp_700.7_mx_299.8_nevents_28500,4.9694033,28500,Axial,DM+QCDjets,700.69,299.82,1.0,0.25,atlas_exot_2018_06,IM0,5.0985496,6.4694107,0.1106884,6.65e-05
run_21/mzp_700.7_mx_299.8_nevents_28500,4.9694033,28500,Axial,DM+QCDjets,700.69,299.82,1.0,0.25,atlas_exot_2018_06,IM1,2.8424414,3.5676637,0.0797343,5.74e-05
run_21/mzp_700.7_mx_299.8_nevents_28500,4.9694033,28500,Axial,DM+QCDjets,700.69,299.82,1.0,0.25,atlas_exot_2018_06,IM2,2.1341783,2.9186678,0.0533345,4.76e-05
run_21/mzp_700.7_mx_299.8_nevents_28500,4.9694033,28500,Axial,DM+QCDjets,700.69,299.82,1.0,0.25,atlas_exot_2018_06,IM3,1.591308,2.3552857,0.0356255,3.93e-05
run_21/mzp_700.7_mx_299.8_nevents_28500,4.9694033,28500,Axial,DM+QCDjets,700.69,299.82,1.0,0.25,atlas_exot_2018_06,IM4,1.4085101,2.2518701,0.0232323,3.19e-05
run_21/mzp_700.7_mx_299.8_nevents_28500,4.9694033,28500,Axial,DM+QCDjets,700.69,299.82,1.0,0.25,atlas_exot_2018_06,IM5,1.3276463,2.0032741,0.0109114,2.2e-05
run_21/mzp_700.7_mx_299.8_nevents_28500,4.9694033,28500,Axial,DM+QCDjets,700.69,299.82,1.0,0.25,atlas_exot_2018_06,IM6,1.6105295,2.3665869,0.0045095,1.42e-05
run_21/mzp_700.7_mx_299.8_nevents_28500,4.9694033,28500,Axial,DM+QCDjets,700.69,299.82,1.0,0.25,atlas_exot_2018_06,IM7,1.5467126,1.8213261,0.0023296,1.02e-05
run_21/mzp_700.7_mx_299.8_nevents_28500,4.9694033,28500,Axial,DM+QCDjets,700.69,299.82,1.0,0.25,atlas_exot_2018_06,IM8,1.6996542,1.8146696,0.0011845,7.3e-06
run_21/mzp_700.7_mx_299.8_nevents_28500,4.9694033,28500,Axial,DM+QCDjets,700.69,299.82,1.0,0.25,atlas_exot_2018_06,IM9,1.6500356,1.5552438,0.0007681,5.9e-06
run_21/mzp_700.7_mx_299.8_nevents_28500,4.9694033,28500,Axial,DM+QCDjets,700.69,299.82,1.0,0.25,atlas_exot_2018_06,IM10,2.2117721,3.4193946,0.0004222,4.4e-06
run_21/mzp_700.7_mx_299.8_nevents_28500,4.9694033,28500,Axial,DM+QCDjets,700.69,299.82,1.0,0.25,atlas_exot_2018_06,IM11,1.8464869,1.6502368,0.0003066,3.7e-06
run_21/mzp_700.7_mx_299.8_nevents_28500,4.9694033,28500,Axial,DM+QCDjets,700.69,299.82,1.0,0.25,atlas_exot_2018_06,IM12,1.2982459,1.0198574,0.0002692,3.5e-06
run_21/mzp_700.7_mx_299.8_nevents_28500,4.9694033,28500,Axial,DM+QCDjets,700.69,299.82,1.0,0.25,atlas_exot_2018_06,EM0,11.8501147,13.2162841,0.0309541,3.67e-05
run_21/mzp_700.7_mx_299.8_nevents_28500,4.9694033,28500,Axial,DM+QCDjets,700.69,299.82,1.0,0.25,atlas_exot_2018_06,EM1,4.8221324,4.7229916,0.0263998,3.4e-05
run_21/mzp_700.7_mx_299.8_nevents_28500,4.9694033,28500,Axial,DM+QCDjets,700.69,299.82,1.0,0.25,atlas_exot_2018_06,EM2,2.8103522,2.791988,0.017709,2.79e-05
run_21/mzp_700.7_mx_299.8_nevents_28500,4.9694033,28500,Axial,DM+QCDjets,700.69,299.82,1.0,0.25,atlas_exot_2018_06,EM3,1.8645805,2.2646002,0.0123932,2.34e-05
run_21/mzp_700.7_mx_299.8_nevents_28500,4.9694033,28500,Axial,DM+QCDjets,700.69,299.82,1.0,0.25,atlas_exot_2018_06,EM4,1.4237514,2.0019373,0.0123209,2.34e-05
run_21/mzp_700.7_mx_299.8_nevents_28500,4.9694033,28500,Axial,DM+QCDjets,700.69,299.82,1.0,0.25,atlas_exot_2018_06,EM5,0.960634,1.1697917,0.0064019,1.69e-05
run_21/mzp_700.7_mx_299.8_nevents_28500,4.9694033,28500,Axial,DM+QCDjets,700.69,299.82,1.0,0.25,atlas_exot_2018_06,EM6,1.3360283,1.8517017,0.0021799,9.9e-06
run_21/mzp_700.7_mx_299.8_nevents_28500,4.9694033,28500,Axial,DM+QCDjets,700.69,299.82,1.0,0.25,atlas_exot_2018_06,EM7,1.2567374,1.8281503,0.0011451,7.2e-06
run_21/mzp_700.7_mx_299.8_nevents_28500,4.9694033,28500,Axial,DM+QCDjets,700.69,299.82,1.0,0.25,atlas_exot_2018_06,EM8,1.9416986,2.2284452,0.0004164,4.3e-06
run_21/mzp_700.7_mx_299.8_nevents_28500,4.9694033,28500,Axial,DM+QCDjets,700.69,299.82,1.0,0.25,atlas_exot_2018_06,EM9,1.4099573,1.2063266,0.0003459,3.9e-06
run_21/mzp_700.7_mx_299.8_nevents_28500,4.9694033,28500,Axial,DM+QCDjets,700.69,299.82,1.0,0.25,atlas_exot_2018_06,EM10,2.6852292,5.7730398,0.0001156,2.3e-06
run_21/mzp_700.7_mx_299.8_nevents_28500,4.9694033,28500,Axial,DM+QCDjets,700.69,299.82,1.0,0.25,atlas_exot_2018_06,EM11,5.8571842,6.6090904,3.74e-05,1.3e-06
run_21/mzp_700.7_mx_299.8_nevents_28500,4.9694033,28500,Axial,DM+QCDjets,700.69,299.82,1.0,0.25,atlas_exot_2018_06,EM12,0.945662,0.760538,0.0002692,3.5e-06
run_29/mzp_1501.5_mx_83.1_nevents_28500,0.9924615999999999,28500,Axial,DM+QCDjets,1501.5,83.132,1.0,0.25,atlas_exot_2018_06,IM0,3.4367766,4.3544866,0.1643422,0.0001735
run_29/mzp_1501.5_mx_83.1_nevents_28500,0.9924615999999999,28500,Axial,DM+QCDjets,1501.5,83.132,1.0,0.25,atlas_exot_2018_06,IM1,1.7620576,2.212126,0.1284994,0.0001567
run_29/mzp_1501.5_mx_83.1_nevents_28500,0.9924615999999999,28500,Axial,DM+QCDjets,1501.5,83.132,1.0,0.25,atlas_exot_2018_06,IM2,1.1857392,1.6243673,0.0957736,0.0001378
run_29/mzp_1501.5_mx_83.1_nevents_28500,0.9924615999999999,28500,Axial,DM+QCDjets,1501.5,83.132,1.0,0.25,atlas_exot_2018_06,IM3,0.8152967,1.2052649,0.0696183,0.0001191
run_29/mzp_1501.5_mx_83.1_nevents_28500,0.9924615999999999,28500,Axial,DM+QCDjets,1501.5,83.132,1.0,0.25,atlas_exot_2018_06,IM4,0.648635,1.0311044,0.0508419,0.0001028
run_29/mzp_1501.5_mx_83.1_nevents_28500,0.9924615999999999,28500,Axial,DM+QCDjets,1501.5,83.132,1.0,0.25,atlas_exot_2018_06,IM5,0.5329456,0.8054292,0.0270733,7.6e-05
run_29/mzp_1501.5_mx_83.1_nevents_28500,0.9924615999999999,28500,Axial,DM+QCDjets,1501.5,83.132,1.0,0.25,atlas_exot_2018_06,IM6,0.4559746,0.6663397,0.0159758,5.87e-05
run_29/mzp_1501.5_mx_83.1_nevents_28500,0.9924615999999999,28500,Axial,DM+QCDjets,1501.5,83.132,1.0,0.25,atlas_exot_2018_06,IM7,0.3962088,0.4666853,0.0090716,4.44e-05
run_29/mzp_1501.5_mx_83.1_nevents_28500,0.9924615999999999,28500,Axial,DM+QCDjets,1501.5,83.132,1.0,0.25,atlas_exot_2018_06,IM8,0.3601609,0.3850644,0.0055845,3.49e-05
run_29/mzp_1501.5_mx_83.1_nevents_28500,0.9924615999999999,28500,Axial,DM+QCDjets,1501.5,83.132,1.0,0.25,atlas_exot_2018_06,IM9,0.3956955,0.3743438,0.0031878,2.64e-05
run_29/mzp_1501.5_mx_83.1_nevents_28500,0.9924615999999999,28500,Axial,DM+QCDjets,1501.5,83.132,1.0,0.25,atlas_exot_2018_06,IM10,0.5978272,0.9257661,0.0015607,1.85e-05
run_29/mzp_1501.5_mx_83.1_nevents_28500,0.9924615999999999,28500,Axial,DM+QCDjets,1501.5,83.132,1.0,0.25,atlas_exot_2018_06,IM11,0.5596991,0.4996932,0.0010106,1.49e-05
run_29/mzp_1501.5_mx_83.1_nevents_28500,0.9924615999999999,28500,Axial,DM+QCDjets,1501.5,83.132,1.0,0.25,atlas_exot_2018_06,IM12,0.7651605,0.6094907,0.0004568,1e-05
run_29/mzp_1501.5_mx_83.1_nevents_28500,0.9924615999999999,28500,Axial,DM+QCDjets,1501.5,83.132,1.0,0.25,atlas_exot_2018_06,EM0,10.235597,11.4438193,0.0358428,8.7e-05
run_29/mzp_1501.5_mx_83.1_nevents_28500,0.9924615999999999,28500,Axial,DM+QCDjets,1501.5,83.132,1.0,0.25,atlas_exot_2018_06,EM1,3.8968531,3.7902674,0.0327258,8.33e-05
run_29/mzp_1501.5_mx_83.1_nevents_28500,0.9924615999999999,28500,Axial,DM+QCDjets,1501.5,83.132,1.0,0.25,atlas_exot_2018_06,EM2,1.9215947,1.8924383,0.0261553,7.47e-05
run_29/mzp_1501.5_mx_83.1_nevents_28500,0.9924615999999999,28500,Axial,DM+QCDjets,1501.5,83.132,1.0,0.25,atlas_exot_2018_06,EM3,1.2386657,1.4974555,0.0187765,6.35e-05
run_29/mzp_1501.5_mx_83.1_nevents_28500,0.9924615999999999,28500,Axial,DM+QCDjets,1501.5,83.132,1.0,0.25,atlas_exot_2018_06,EM4,0.7385783,1.0336032,0.0237686,7.13e-05
run_29/mzp_1501.5_mx_83.1_nevents_28500,0.9924615999999999,28500,Axial,DM+QCDjets,1501.5,83.132,1.0,0.25,atlas_exot_2018_06,EM5,0.5544155,0.6737384,0.0110974,4.9e-05
run_29/mzp_1501.5_mx_83.1_nevents_28500,0.9924615999999999,28500,Axial,DM+QCDjets,1501.5,83.132,1.0,0.25,atlas_exot_2018_06,EM6,0.4206948,0.5832925,0.0069042,3.88e-05
run_29/mzp_1501.5_mx_83.1_nevents_28500,0.9924615999999999,28500,Axial,DM+QCDjets,1501.5,83.132,1.0,0.25,atlas_exot_2018_06,EM7,0.4126032,0.6011155,0.0034871,2.76e-05
run_29/mzp_1501.5_mx_83.1_nevents_28500,0.9924615999999999,28500,Axial,DM+QCDjets,1501.5,83.132,1.0,0.25,atlas_exot_2018_06,EM8,0.3388349,0.3865627,0.0023967,2.29e-05
run_29/mzp_1501.5_mx_83.1_nevents_28500,0.9924615999999999,28500,Axial,DM+QCDjets,1501.5,83.132,1.0,0.25,atlas_exot_2018_06,EM9,0.3011004,0.2553367,0.0016271,1.89e-05
run_29/mzp_1501.5_mx_83.1_nevents_28500,0.9924615999999999,28500,Axial,DM+QCDjets,1501.5,83.132,1.0,0.25,atlas_exot_2018_06,EM10,0.5713512,1.2162387,0.0005501,1.1e-05
run_29/mzp_1501.5_mx_83.1_nevents_28500,0.9924615999999999,28500,Axial,DM+QCDjets,1501.5,83.132,1.0,0.25,atlas_exot_2018_06,EM11,0.3973841,0.4482044,0.0005538,1.1e-05
run_29/mzp_1501.5_mx_83.1_nevents_28500,0.9924615999999999,28500,Axial,DM+QCDjets,1501.5,83.132,1.0,0.25,atlas_exot_2018_06,EM12,0.5575409,0.4443298,0.0004568,1e-05
run_44/mzp_2017.4_mx_153.9_nevents_28500,0.23612953999999997,28500,Axial,DM+QCDjets,2017.4,153.87,1.0,0.25,atlas_exot_2018_06,IM0,3.0918153,3.9103298,0.1831135,0.0003689
run_44/mzp_2017.4_mx_153.9_nevents_28500,0.23612953999999997,28500,Axial,DM+QCDjets,2017.4,153.87,1.0,0.25,atlas_exot_2018_06,IM1,1.5566005,1.9613305,0.1449575,0.0003358
run_44/mzp_2017.4_mx_153.9_nevents_28500,0.23612953999999997,28500,Axial,DM+QCDjets,2017.4,153.87,1.0,0.25,atlas_exot_2018_06,IM2,1.0360244,1.4161831,0.1101451,0.0002986
run_44/mzp_2017.4_mx_153.9_nevents_28500,0.23612953999999997,28500,Axial,DM+QCDjets,2017.4,153.87,1.0,0.25,atlas_exot_2018_06,IM3,0.6789075,-1.0,0.0840532,0.0002646
run_44/mzp_2017.4_mx_153.9_nevents_28500,0.23612953999999997,28500,Axial,DM+QCDjets,2017.4,153.87,1.0,0.25,atlas_exot_2018_06,IM4,0.5220633,0.8299962,0.0629991,0.0002317
run_44/mzp_2017.4_mx_153.9_nevents_28500,0.23612953999999997,28500,Axial,DM+QCDjets,2017.4,153.87,1.0,0.25,atlas_exot_2018_06,IM5,0.3948655,0.5939798,0.0367465,0.0001794
run_44/mzp_2017.4_mx_153.9_nevents_28500,0.23612953999999997,28500,Axial,DM+QCDjets,2017.4,153.87,1.0,0.25,atlas_exot_2018_06,IM6,0.3308874,0.4838708,0.0219695,0.0001398
run_44/mzp_2017.4_mx_153.9_nevents_28500,0.23612953999999997,28500,Axial,DM+QCDjets,2017.4,153.87,1.0,0.25,atlas_exot_2018_06,IM7,0.2553943,0.30195,0.0140565,0.0001123
run_44/mzp_2017.4_mx_153.9_nevents_28500,0.23612953999999997,28500,Axial,DM+QCDjets,2017.4,153.87,1.0,0.25,atlas_exot_2018_06,IM8,0.2221788,0.2362335,0.009051,9.03e-05
run_44/mzp_2017.4_mx_153.9_nevents_28500,0.23612953999999997,28500,Axial,DM+QCDjets,2017.4,153.87,1.0,0.25,atlas_exot_2018_06,IM9,0.2125085,0.2013992,0.005926,7.32e-05
run_44/mzp_2017.4_mx_153.9_nevents_28500,0.23612953999999997,28500,Axial,DM+QCDjets,2017.4,153.87,1.0,0.25,atlas_exot_2018_06,IM10,0.2420917,0.3742386,0.0038445,5.9e-05
run_44/mzp_2017.4_mx_153.9_nevents_28500,0.23612953999999997,28500,Axial,DM+QCDjets,2017.4,153.87,1.0,0.25,atlas_exot_2018_06,IM11,0.2237884,0.2001552,0.0025281,4.79e-05
run_44/mzp_2017.4_mx_153.9_nevents_28500,0.23612953999999997,28500,Axial,DM+QCDjets,2017.4,153.87,1.0,0.25,atlas_exot_2018_06,IM12,0.2241456,0.178066,0.0015536,3.76e-05
run_44/mzp_2017.4_mx_153.9_nevents_28500,0.23612953999999997,28500,Axial,DM+QCDjets,2017.4,153.87,1.0,0.25,atlas_exot_2018_06,EM0,9.5717707,10.8046148,0.0381561,0.0001827
run_44/mzp_2017.4_mx_153.9_nevents_28500,0.23612953999999997,28500,Axial,DM+QCDjets,2017.4,153.87,1.0,0.25,atlas_exot_2018_06,EM1,3.6712662,3.570834,0.0348124,0.0001748
run_44/mzp_2017.4_mx_153.9_nevents_28500,0.23612953999999997,28500,Axial,DM+QCDjets,2017.4,153.87,1.0,0.25,atlas_exot_2018_06,EM2,1.9164223,1.8837095,0.026092,0.000152
run_44/mzp_2017.4_mx_153.9_nevents_28500,0.23612953999999997,28500,Axial,DM+QCDjets,2017.4,153.87,1.0,0.25,atlas_exot_2018_06,EM3,1.0989188,1.3380433,0.021054,0.0001369
run_44/mzp_2017.4_mx_153.9_nevents_28500,0.23612953999999997,28500,Axial,DM+QCDjets,2017.4,153.87,1.0,0.25,atlas_exot_2018_06,EM4,0.6648964,0.9383724,0.0262526,0.0001525
run_44/mzp_2017.4_mx_153.9_nevents_28500,0.23612953999999997,28500,Axial,DM+QCDjets,2017.4,153.87,1.0,0.25,atlas_exot_2018_06,EM5,0.4155656,0.505636,0.014777,0.0001151
run_44/mzp_2017.4_mx_153.9_nevents_28500,0.23612953999999997,28500,Axial,DM+QCDjets,2017.4,153.87,1.0,0.25,atlas_exot_2018_06,EM6,0.3671339,0.5093863,0.0079131,8.45e-05
run_44/mzp_2017.4_mx_153.9_nevents_28500,0.23612953999999997,28500,Axial,DM+QCDjets,2017.4,153.87,1.0,0.25,atlas_exot_2018_06,EM7,0.2874671,0.4193585,0.0050055,6.73e-05
run_44/mzp_2017.4_mx_153.9_nevents_28500,0.23612953999999997,28500,Axial,DM+QCDjets,2017.4,153.87,1.0,0.25,atlas_exot_2018_06,EM8,0.2605035,0.298705,0.003125,5.32e-05
run_44/mzp_2017.4_mx_153.9_nevents_28500,0.23612953999999997,28500,Axial,DM+QCDjets,2017.4,153.87,1.0,0.25,atlas_exot_2018_06,EM9,0.2362746,0.2006651,0.0020815,4.35e-05
run_44/mzp_2017.4_mx_153.9_nevents_28500,0.23612953999999997,28500,Axial,DM+QCDjets,2017.4,153.87,1.0,0.25,atlas_exot_2018_06,EM10,0.2382789,0.5078794,0.0013164,3.46e-05
run_44/mzp_2017.4_mx_153.9_nevents_28500,0.23612953999999997,28500,Axial,DM+QCDjets,2017.4,153.87,1.0,0.25,atlas_exot_2018_06,EM11,0.2259382,0.2522349,0.0009745,2.98e-05
run_44/mzp_2017.4_mx_153.9_nevents_28500,0.23612953999999997,28500,Axial,DM+QCDjets,2017.4,153.87,1.0,0.25,atlas_exot_2018_06,EM12,0.1634771,0.1310391,0.0015536,3.76e-05
run_42/mzp_1759.0_mx_299.8_nevents_28500,0.41220806400000004,28500,Axial,DM+QCDjets,1759.0,299.82,1.0,0.25,atlas_exot_2018_06,IM0,3.2269784,4.1057606,0.1746451,0.0002747
run_42/mzp_1759.0_mx_299.8_nevents_28500,0.41220806400000004,28500,Axial,DM+QCDjets,1759.0,299.82,1.0,0.25,atlas_exot_2018_06,IM1,1.6464009,2.0765276,0.1368214,0.0002486
run_42/mzp_1759.0_mx_299.8_nevents_28500,0.41220806400000004,28500,Axial,DM+QCDjets,1759.0,299.82,1.0,0.25,atlas_exot_2018_06,IM2,1.1095373,1.5235837,0.1022634,0.0002192
run_42/mzp_1759.0_mx_299.8_nevents_28500,0.41220806400000004,28500,Axial,DM+QCDjets,1759.0,299.82,1.0,0.25,atlas_exot_2018_06,IM3,0.7413097,1.0889426,0.0767673,0.0001926
run_42/mzp_1759.0_mx_299.8_nevents_28500,0.41220806400000004,28500,Axial,DM+QCDjets,1759.0,299.82,1.0,0.25,atlas_exot_2018_06,IM4,0.567554,0.9065283,0.0577656,0.0001688
run_42/mzp_1759.0_mx_299.8_nevents_28500,0.41220806400000004,28500,Axial,DM+QCDjets,1759.0,299.82,1.0,0.25,atlas_exot_2018_06,IM5,0.4314164,0.654053,0.0334345,0.0001301
run_42/mzp_1759.0_mx_299.8_nevents_28500,0.41220806400000004,28500,Axial,DM+QCDjets,1759.0,299.82,1.0,0.25,atlas_exot_2018_06,IM6,0.3785384,0.5528891,0.0192303,9.94e-05
run_42/mzp_1759.0_mx_299.8_nevents_28500,0.41220806400000004,28500,Axial,DM+QCDjets,1759.0,299.82,1.0,0.25,atlas_exot_2018_06,IM7,0.3082073,0.3627272,0.0116321,7.76e-05
run_42/mzp_1759.0_mx_299.8_nevents_28500,0.41220806400000004,28500,Axial,DM+QCDjets,1759.0,299.82,1.0,0.25,atlas_exot_2018_06,IM8,0.2823388,0.3014005,0.0071154,6.08e-05
run_42/mzp_1759.0_mx_299.8_nevents_28500,0.41220806400000004,28500,Axial,DM+QCDjets,1759.0,299.82,1.0,0.25,atlas_exot_2018_06,IM9,0.2778969,0.2623996,0.004536,4.86e-05
run_42/mzp_1759.0_mx_299.8_nevents_28500,0.41220806400000004,28500,Axial,DM+QCDjets,1759.0,299.82,1.0,0.25,atlas_exot_2018_06,IM10,0.3656938,0.5644221,0.0025584,3.65e-05
run_42/mzp_1759.0_mx_299.8_nevents_28500,0.41220806400000004,28500,Axial,DM+QCDjets,1759.0,299.82,1.0,0.25,atlas_exot_2018_06,IM11,0.4519983,0.4030258,0.0012487,2.55e-05
run_42/mzp_1759.0_mx_299.8_nevents_28500,0.41220806400000004,28500,Axial,DM+QCDjets,1759.0,299.82,1.0,0.25,atlas_exot_2018_06,IM12,0.6253305,0.4971649,0.0005572,1.71e-05
run_42/mzp_1759.0_mx_299.8_nevents_28500,0.41220806400000004,28500,Axial,DM+QCDjets,1759.0,299.82,1.0,0.25,atlas_exot_2018_06,EM0,9.7334545,10.8665315,0.0378237,0.000138
run_42/mzp_1759.0_mx_299.8_nevents_28500,0.41220806400000004,28500,Axial,DM+QCDjets,1759.0,299.82,1.0,0.25,atlas_exot_2018_06,EM1,3.7041031,3.6126338,0.034558,0.0001321
run_42/mzp_1759.0_mx_299.8_nevents_28500,0.41220806400000004,28500,Axial,DM+QCDjets,1759.0,299.82,1.0,0.25,atlas_exot_2018_06,EM2,1.953517,1.9452215,0.0254961,0.000114
run_42/mzp_1759.0_mx_299.8_nevents_28500,0.41220806400000004,28500,Axial,DM+QCDjets,1759.0,299.82,1.0,0.25,atlas_exot_2018_06,EM3,1.2179989,1.4735988,0.0190016,9.88e-05
run_42/mzp_1759.0_mx_299.8_nevents_28500,0.41220806400000004,28500,Axial,DM+QCDjets,1759.0,299.82,1.0,0.25,atlas_exot_2018_06,EM4,0.718222,1.0112209,0.0243312,0.0001115
run_42/mzp_1759.0_mx_299.8_nevents_28500,0.41220806400000004,28500,Axial,DM+QCDjets,1759.0,299.82,1.0,0.25,atlas_exot_2018_06,EM5,0.4319158,0.5282115,0.0142042,8.56e-05
run_42/mzp_1759.0_mx_299.8_nevents_28500,0.41220806400000004,28500,Axial,DM+QCDjets,1759.0,299.82,1.0,0.25,atlas_exot_2018_06,EM6,0.3829108,0.5310221,0.0075982,6.28e-05
run_42/mzp_1759.0_mx_299.8_nevents_28500,0.41220806400000004,28500,Axial,DM+QCDjets,1759.0,299.82,1.0,0.25,atlas_exot_2018_06,EM7,0.3179964,0.4657374,0.0045167,4.85e-05
run_42/mzp_1759.0_mx_299.8_nevents_28500,0.41220806400000004,28500,Axial,DM+QCDjets,1759.0,299.82,1.0,0.25,atlas_exot_2018_06,EM8,0.3148682,0.3606572,0.0025794,3.67e-05
run_42/mzp_1759.0_mx_299.8_nevents_28500,0.41220806400000004,28500,Axial,DM+QCDjets,1759.0,299.82,1.0,0.25,atlas_exot_2018_06,EM9,0.2486952,0.210613,0.0019776,3.21e-05
run_42/mzp_1759.0_mx_299.8_nevents_28500,0.41220806400000004,28500,Axial,DM+QCDjets,1759.0,299.82,1.0,0.25,atlas_exot_2018_06,EM10,0.2387022,0.5102008,0.0013098,2.62e-05
run_42/mzp_1759.0_mx_299.8_nevents_28500,0.41220806400000004,28500,Axial,DM+QCDjets,1759.0,299.82,1.0,0.25,atlas_exot_2018_06,EM11,0.317025,0.3569597,0.0006914,1.9e-05
run_42/mzp_1759.0_mx_299.8_nevents_28500,0.41220806400000004,28500,Axial,DM+QCDjets,1759.0,299.82,1.0,0.25,atlas_exot_2018_06,EM12,0.4570282,0.3676514,0.0005572,1.71e-05
run_17/mzp_700.7_mx_327.7_nevents_28500,1.9346183000000001,28500,Axial,DM+QCDjets,700.69,327.73,1.0,0.25,atlas_exot_2018_06,IM0,4.9359532,6.267571,0.1141265,0.0001079
run_17/mzp_700.7_mx_327.7_nevents_28500,1.9346183000000001,28500,Axial,DM+QCDjets,700.69,327.73,1.0,0.25,atlas_exot_2018_06,IM1,2.8113076,3.5344989,0.0803999,9.23e-05
run_17/mzp_700.7_mx_327.7_nevents_28500,1.9346183000000001,28500,Axial,DM+QCDjets,700.69,327.73,1.0,0.25,atlas_exot_2018_06,IM2,2.0310855,2.8019555,0.0557666,7.79e-05
run_17/mzp_700.7_mx_327.7_nevents_28500,1.9346183000000001,28500,Axial,DM+QCDjets,700.69,327.73,1.0,0.25,atlas_exot_2018_06,IM3,1.5438834,2.2656724,0.0370301,6.41e-05
run_17/mzp_700.7_mx_327.7_nevents_28500,1.9346183000000001,28500,Axial,DM+QCDjets,700.69,327.73,1.0,0.25,atlas_exot_2018_06,IM4,1.311505,2.0820173,0.0251372,5.31e-05
run_17/mzp_700.7_mx_327.7_nevents_28500,1.9346183000000001,28500,Axial,DM+QCDjets,700.69,327.73,1.0,0.25,atlas_exot_2018_06,IM5,1.2498005,1.890141,0.0115776,3.63e-05
run_17/mzp_700.7_mx_327.7_nevents_28500,1.9346183000000001,28500,Axial,DM+QCDjets,700.69,327.73,1.0,0.25,atlas_exot_2018_06,IM6,1.2994764,1.9071424,0.005595,2.53e-05
run_17/mzp_700.7_mx_327.7_nevents_28500,1.9346183000000001,28500,Axial,DM+QCDjets,700.69,327.73,1.0,0.25,atlas_exot_2018_06,IM7,1.3197044,1.5444691,0.0027326,1.77e-05
run_17/mzp_700.7_mx_327.7_nevents_28500,1.9346183000000001,28500,Axial,DM+QCDjets,700.69,327.73,1.0,0.25,atlas_exot_2018_06,IM8,1.6129749,1.7319802,0.0012419,1.2e-05
run_17/mzp_700.7_mx_327.7_nevents_28500,1.9346183000000001,28500,Axial,DM+QCDjets,700.69,327.73,1.0,0.25,atlas_exot_2018_06,IM9,1.9477091,1.8502927,0.0006462,8.6e-06
run_17/mzp_700.7_mx_327.7_nevents_28500,1.9346183000000001,28500,Axial,DM+QCDjets,700.69,327.73,1.0,0.25,atlas_exot_2018_06,IM10,2.4549637,3.7882968,0.0003809,6.6e-06
run_17/mzp_700.7_mx_327.7_nevents_28500,1.9346183000000001,28500,Axial,DM+QCDjets,700.69,327.73,1.0,0.25,atlas_exot_2018_06,IM11,2.9048028,2.5858286,0.000194,4.7e-06
run_17/mzp_700.7_mx_327.7_nevents_28500,1.9346183000000001,28500,Axial,DM+QCDjets,700.69,327.73,1.0,0.25,atlas_exot_2018_06,IM12,3.0077896,2.387025,0.0001155,3.6e-06
run_17/mzp_700.7_mx_327.7_nevents_28500,1.9346183000000001,28500,Axial,DM+QCDjets,700.69,327.73,1.0,0.25,atlas_exot_2018_06,EM0,10.8993095,12.1938633,0.0337266,6.13e-05
run_17/mzp_700.7_mx_327.7_nevents_28500,1.9346183000000001,28500,Axial,DM+QCDjets,700.69,327.73,1.0,0.25,atlas_exot_2018_06,EM1,5.1629934,5.0506937,0.0246333,5.26e-05
run_17/mzp_700.7_mx_327.7_nevents_28500,1.9346183000000001,28500,Axial,DM+QCDjets,700.69,327.73,1.0,0.25,atlas_exot_2018_06,EM2,2.6591922,2.6443355,0.0187364,4.6e-05
run_17/mzp_700.7_mx_327.7_nevents_28500,1.9346183000000001,28500,Axial,DM+QCDjets,700.69,327.73,1.0,0.25,atlas_exot_2018_06,EM3,1.9471492,2.3628152,0.0118929,3.68e-05
run_17/mzp_700.7_mx_327.7_nevents_28500,1.9346183000000001,28500,Axial,DM+QCDjets,700.69,327.73,1.0,0.25,atlas_exot_2018_06,EM4,1.2849977,1.816508,0.0135596,3.92e-05
run_17/mzp_700.7_mx_327.7_nevents_28500,1.9346183000000001,28500,Axial,DM+QCDjets,700.69,327.73,1.0,0.25,atlas_exot_2018_06,EM5,1.0242225,1.2576433,0.0059825,2.62e-05
run_17/mzp_700.7_mx_327.7_nevents_28500,1.9346183000000001,28500,Axial,DM+QCDjets,700.69,327.73,1.0,0.25,atlas_exot_2018_06,EM6,1.0178413,1.4136426,0.0028624,1.81e-05
run_17/mzp_700.7_mx_327.7_nevents_28500,1.9346183000000001,28500,Axial,DM+QCDjets,700.69,327.73,1.0,0.25,atlas_exot_2018_06,EM7,0.9662853,1.4101612,0.0014907,1.31e-05
run_17/mzp_700.7_mx_327.7_nevents_28500,1.9346183000000001,28500,Axial,DM+QCDjets,700.69,327.73,1.0,0.25,atlas_exot_2018_06,EM8,1.362754,1.5675818,0.0005957,8.3e-06
run_17/mzp_700.7_mx_327.7_nevents_28500,1.9346183000000001,28500,Axial,DM+QCDjets,700.69,327.73,1.0,0.25,atlas_exot_2018_06,EM9,1.8436083,1.5638701,0.0002653,5.5e-06
run_17/mzp_700.7_mx_327.7_nevents_28500,1.9346183000000001,28500,Axial,DM+QCDjets,700.69,327.73,1.0,0.25,atlas_exot_2018_06,EM10,1.676056,3.576029,0.0001868,4.6e-06
run_17/mzp_700.7_mx_327.7_nevents_28500,1.9346183000000001,28500,Axial,DM+QCDjets,700.69,327.73,1.0,0.25,atlas_exot_2018_06,EM11,2.7872401,3.1291591,7.86e-05,3e-06
run_17/mzp_700.7_mx_327.7_nevents_28500,1.9346183000000001,28500,Axial,DM+QCDjets,700.69,327.73,1.0,0.25,atlas_exot_2018_06,EM12,2.1891762,1.7760325,0.0001155,3.6e-06
run_02/mzp_464.3_mx_153.9_nevents_28500,51.32099099999999,28500,Axial,DM+QCDjets,464.262,153.87,1.0,0.25,atlas_exot_2018_06,IM0,7.8210478,9.8975015,0.072439,1.72e-05
run_02/mzp_464.3_mx_153.9_nevents_28500,51.32099099999999,28500,Axial,DM+QCDjets,464.262,153.87,1.0,0.25,atlas_exot_2018_06,IM1,4.8496733,6.1162054,0.046541,1.4e-05
run_02/mzp_464.3_mx_153.9_nevents_28500,51.32099099999999,28500,Axial,DM+QCDjets,464.262,153.87,1.0,0.25,atlas_exot_2018_06,IM2,4.0515859,5.5864312,0.0280036,1.1e-05
run_02/mzp_464.3_mx_153.9_nevents_28500,51.32099099999999,28500,Axial,DM+QCDjets,464.262,153.87,1.0,0.25,atlas_exot_2018_06,IM3,3.3842614,4.9926298,0.0167906,8.5e-06
run_02/mzp_464.3_mx_153.9_nevents_28500,51.32099099999999,28500,Axial,DM+QCDjets,464.262,153.87,1.0,0.25,atlas_exot_2018_06,IM4,3.2121402,5.1133914,0.0102282,6.7e-06
run_02/mzp_464.3_mx_153.9_nevents_28500,51.32099099999999,28500,Axial,DM+QCDjets,464.262,153.87,1.0,0.25,atlas_exot_2018_06,IM5,3.3659574,5.1413167,0.0042582,4.3e-06
run_02/mzp_464.3_mx_153.9_nevents_28500,51.32099099999999,28500,Axial,DM+QCDjets,464.262,153.87,1.0,0.25,atlas_exot_2018_06,IM6,4.5860284,6.692767,0.001592,2.6e-06
run_02/mzp_464.3_mx_153.9_nevents_28500,51.32099099999999,28500,Axial,DM+QCDjets,464.262,153.87,1.0,0.25,atlas_exot_2018_06,IM7,4.9551866,5.8367468,0.0007267,1.8e-06
run_02/mzp_464.3_mx_153.9_nevents_28500,51.32099099999999,28500,Axial,DM+QCDjets,464.262,153.87,1.0,0.25,atlas_exot_2018_06,IM8,7.5101136,8.0521561,0.0002663,1.1e-06
run_02/mzp_464.3_mx_153.9_nevents_28500,51.32099099999999,28500,Axial,DM+QCDjets,464.262,153.87,1.0,0.25,atlas_exot_2018_06,IM9,8.4498607,7.9469253,0.0001503,8e-07
run_02/mzp_464.3_mx_153.9_nevents_28500,51.32099099999999,28500,Axial,DM+QCDjets,464.262,153.87,1.0,0.25,atlas_exot_2018_06,IM10,-1.0,-1.0,0.0,0.0
run_02/mzp_464.3_mx_153.9_nevents_28500,51.32099099999999,28500,Axial,DM+QCDjets,464.262,153.87,1.0,0.25,atlas_exot_2018_06,IM11,-1.0,-1.0,0.0,0.0
run_02/mzp_464.3_mx_153.9_nevents_28500,51.32099099999999,28500,Axial,DM+QCDjets,464.262,153.87,1.0,0.25,atlas_exot_2018_06,IM12,-1.0,-1.0,0.0,0.0
run_02/mzp_464.3_mx_153.9_nevents_28500,51.32099099999999,28500,Axial,DM+QCDjets,464.262,153.87,1.0,0.25,atlas_exot_2018_06,EM0,14.0944454,15.861026,0.025898,1.06e-05
run_02/mzp_464.3_mx_153.9_nevents_28500,51.32099099999999,28500,Axial,DM+QCDjets,464.262,153.87,1.0,0.25,atlas_exot_2018_06,EM1,6.901982,6.7211748,0.0185373,9e-06
run_02/mzp_464.3_mx_153.9_nevents_28500,51.32099099999999,28500,Axial,DM+QCDjets,464.262,153.87,1.0,0.25,atlas_exot_2018_06,EM2,4.4312232,4.4106773,0.0112131,7e-06
run_02/mzp_464.3_mx_153.9_nevents_28500,51.32099099999999,28500,Axial,DM+QCDjets,464.262,153.87,1.0,0.25,atlas_exot_2018_06,EM3,3.5276629,4.2639831,0.0065624,5.4e-06
run_02/mzp_464.3_mx_153.9_nevents_28500,51.32099099999999,28500,Axial,DM+QCDjets,464.262,153.87,1.0,0.25,atlas_exot_2018_06,EM4,2.9308549,4.1293933,0.00597,5.1e-06
run_02/mzp_464.3_mx_153.9_nevents_28500,51.32099099999999,28500,Axial,DM+QCDjets,464.262,153.87,1.0,0.25,atlas_exot_2018_06,EM5,2.3050094,2.809656,0.0026663,3.4e-06
run_02/mzp_464.3_mx_153.9_nevents_28500,51.32099099999999,28500,Axial,DM+QCDjets,464.262,153.87,1.0,0.25,atlas_exot_2018_06,EM6,3.3719298,4.6687772,0.0008653,2e-06
run_02/mzp_464.3_mx_153.9_nevents_28500,51.32099099999999,28500,Axial,DM+QCDjets,464.262,153.87,1.0,0.25,atlas_exot_2018_06,EM7,3.1075887,4.5416813,0.0004604,1.4e-06
run_02/mzp_464.3_mx_153.9_nevents_28500,51.32099099999999,28500,Axial,DM+QCDjets,464.262,153.87,1.0,0.25,atlas_exot_2018_06,EM8,6.9733087,8.0286852,0.0001161,7e-07
run_02/mzp_464.3_mx_153.9_nevents_28500,51.32099099999999,28500,Axial,DM+QCDjets,464.262,153.87,1.0,0.25,atlas_exot_2018_06,EM9,3.2657539,2.7660246,0.0001503,8e-07
run_02/mzp_464.3_mx_153.9_nevents_28500,51.32099099999999,28500,Axial,DM+QCDjets,464.262,153.87,1.0,0.25,atlas_exot_2018_06,EM10,-1.0,-1.0,0.0,0.0
run_02/mzp_464.3_mx_153.9_nevents_28500,51.32099099999999,28500,Axial,DM+QCDjets,464.262,153.87,1.0,0.25,atlas_exot_2018_06,EM11,-1.0,-1.0,0.0,0.0
run_02/mzp_464.3_mx_153.9_nevents_28500,51.32099099999999,28500,Axial,DM+QCDjets,464.262,153.87,1.0,0.25,atlas_exot_2018_06,EM12,-1.0,-1.0,0.0,0.0
run_18/mzp_700.7_mx_450.1_nevents_28500,0.032348670999999996,28500,Axial,DM+QCDjets,700.69,450.11,1.0,0.25,atlas_exot_2018_06,IM0,3.7059286,4.7094323,0.1519866,0.000933
run_18/mzp_700.7_mx_450.1_nevents_28500,0.032348670999999996,28500,Axial,DM+QCDjets,700.69,450.11,1.0,0.25,atlas_exot_2018_06,IM1,1.9642462,2.4729901,0.1152598,0.0008299
run_18/mzp_700.7_mx_450.1_nevents_28500,0.032348670999999996,28500,Axial,DM+QCDjets,700.69,450.11,1.0,0.25,atlas_exot_2018_06,IM2,1.324442,1.8261743,0.0853537,0.0007261
run_18/mzp_700.7_mx_450.1_nevents_28500,0.032348670999999996,28500,Axial,DM+QCDjets,700.69,450.11,1.0,0.25,atlas_exot_2018_06,IM3,0.9305383,1.3761532,0.061043,0.0006222
run_18/mzp_700.7_mx_450.1_nevents_28500,0.032348670999999996,28500,Axial,DM+QCDjets,700.69,450.11,1.0,0.25,atlas_exot_2018_06,IM4,0.7564398,1.1963048,0.043651,0.000531
run_18/mzp_700.7_mx_450.1_nevents_28500,0.032348670999999996,28500,Axial,DM+QCDjets,700.69,450.11,1.0,0.25,atlas_exot_2018_06,IM5,0.5973314,0.9069532,0.0241134,0.0003987
run_18/mzp_700.7_mx_450.1_nevents_28500,0.032348670999999996,28500,Axial,DM+QCDjets,700.69,450.11,1.0,0.25,atlas_exot_2018_06,IM6,0.5402725,0.7889035,0.0135023,0.0002999
run_18/mzp_700.7_mx_450.1_nevents_28500,0.032348670999999996,28500,Axial,DM+QCDjets,700.69,450.11,1.0,0.25,atlas_exot_2018_06,IM7,0.4768816,0.5643389,0.0075081,0.0002243
run_18/mzp_700.7_mx_450.1_nevents_28500,0.032348670999999996,28500,Axial,DM+QCDjets,700.69,450.11,1.0,0.25,atlas_exot_2018_06,IM8,0.4669197,0.4979932,0.0042896,0.0001698
run_18/mzp_700.7_mx_450.1_nevents_28500,0.032348670999999996,28500,Axial,DM+QCDjets,700.69,450.11,1.0,0.25,atlas_exot_2018_06,IM9,0.5058309,0.4763107,0.002502,0.0001298
run_18/mzp_700.7_mx_450.1_nevents_28500,0.032348670999999996,28500,Axial,DM+QCDjets,700.69,450.11,1.0,0.25,atlas_exot_2018_06,IM10,0.5743101,0.8877442,0.0016266,0.0001047
run_18/mzp_700.7_mx_450.1_nevents_28500,0.032348670999999996,28500,Axial,DM+QCDjets,700.69,450.11,1.0,0.25,atlas_exot_2018_06,IM11,0.7727822,0.6869347,0.0007343,7.04e-05
run_18/mzp_700.7_mx_450.1_nevents_28500,0.032348670999999996,28500,Axial,DM+QCDjets,700.69,450.11,1.0,0.25,atlas_exot_2018_06,IM12,0.8117336,0.6395482,0.0004321,5.4e-05
run_18/mzp_700.7_mx_450.1_nevents_28500,0.032348670999999996,28500,Axial,DM+QCDjets,700.69,450.11,1.0,0.25,atlas_exot_2018_06,EM0,9.9914502,11.1870384,0.0367268,0.0004888
run_18/mzp_700.7_mx_450.1_nevents_28500,0.032348670999999996,28500,Axial,DM+QCDjets,700.69,450.11,1.0,0.25,atlas_exot_2018_06,EM1,4.2609585,4.1673451,0.0299061,0.0004427
run_18/mzp_700.7_mx_450.1_nevents_28500,0.032348670999999996,28500,Axial,DM+QCDjets,700.69,450.11,1.0,0.25,atlas_exot_2018_06,EM2,2.053202,2.0444772,0.0243107,0.0004003
run_18/mzp_700.7_mx_450.1_nevents_28500,0.032348670999999996,28500,Axial,DM+QCDjets,700.69,450.11,1.0,0.25,atlas_exot_2018_06,EM3,1.3377105,1.6183305,0.017392,0.0003397
run_18/mzp_700.7_mx_450.1_nevents_28500,0.032348670999999996,28500,Axial,DM+QCDjets,700.69,450.11,1.0,0.25,atlas_exot_2018_06,EM4,0.8947566,1.2591782,0.0195376,0.0003597
run_18/mzp_700.7_mx_450.1_nevents_28500,0.032348670999999996,28500,Axial,DM+QCDjets,700.69,450.11,1.0,0.25,atlas_exot_2018_06,EM5,0.5789635,0.7062569,0.0106111,0.0002663
run_18/mzp_700.7_mx_450.1_nevents_28500,0.032348670999999996,28500,Axial,DM+QCDjets,700.69,450.11,1.0,0.25,atlas_exot_2018_06,EM6,0.4837269,0.6738047,0.0059942,0.0002006
run_18/mzp_700.7_mx_450.1_nevents_28500,0.032348670999999996,28500,Axial,DM+QCDjets,700.69,450.11,1.0,0.25,atlas_exot_2018_06,EM7,0.4472045,0.6520903,0.0032184,0.0001472
run_18/mzp_700.7_mx_450.1_nevents_28500,0.032348670999999996,28500,Axial,DM+QCDjets,700.69,450.11,1.0,0.25,atlas_exot_2018_06,EM8,0.4526411,0.519827,0.0017877,0.0001098
run_18/mzp_700.7_mx_450.1_nevents_28500,0.032348670999999996,28500,Axial,DM+QCDjets,700.69,450.11,1.0,0.25,atlas_exot_2018_06,EM9,0.5579318,0.4757088,0.0008753,7.69e-05
run_18/mzp_700.7_mx_450.1_nevents_28500,0.032348670999999996,28500,Axial,DM+QCDjets,700.69,450.11,1.0,0.25,atlas_exot_2018_06,EM10,0.3497213,0.7494107,0.0008923,7.76e-05
run_18/mzp_700.7_mx_450.1_nevents_28500,0.032348670999999996,28500,Axial,DM+QCDjets,700.69,450.11,1.0,0.25,atlas_exot_2018_06,EM11,0.72484,0.8165524,0.0003023,4.52e-05
run_18/mzp_700.7_mx_450.1_nevents_28500,0.032348670999999996,28500,Axial,DM+QCDjets,700.69,450.11,1.0,0.25,atlas_exot_2018_06,EM12,0.590642,0.477058,0.0004321,5.4e-05
run_03/mzp_464.3_mx_327.7_nevents_28500,0.10128069199999999,28500,Axial,DM+QCDjets,464.262,327.73,1.0,0.25,atlas_exot_2018_06,IM0,4.3167572,5.4349071,0.1315678,0.0004989
run_03/mzp_464.3_mx_327.7_nevents_28500,0.10128069199999999,28500,Axial,DM+QCDjets,464.262,327.73,1.0,0.25,atlas_exot_2018_06,IM1,2.2796543,2.8728147,0.0990897,0.000441
run_03/mzp_464.3_mx_327.7_nevents_28500,0.10128069199999999,28500,Axial,DM+QCDjets,464.262,327.73,1.0,0.25,atlas_exot_2018_06,IM2,1.6295821,2.2393813,0.0695307,0.0003754
run_03/mzp_464.3_mx_327.7_nevents_28500,0.10128069199999999,28500,Axial,DM+QCDjets,464.262,327.73,1.0,0.25,atlas_exot_2018_06,IM3,1.1652668,1.7186525,0.0488394,0.0003181
run_03/mzp_464.3_mx_327.7_nevents_28500,0.10128069199999999,28500,Axial,DM+QCDjets,464.262,327.73,1.0,0.25,atlas_exot_2018_06,IM4,0.9474887,1.5011914,0.0348316,0.0002706
run_03/mzp_464.3_mx_327.7_nevents_28500,0.10128069199999999,28500,Axial,DM+QCDjets,464.262,327.73,1.0,0.25,atlas_exot_2018_06,IM5,0.7685958,1.1637957,0.0187703,0.0002003
run_03/mzp_464.3_mx_327.7_nevents_28500,0.10128069199999999,28500,Axial,DM+QCDjets,464.262,327.73,1.0,0.25,atlas_exot_2018_06,IM6,0.7222067,1.0568504,0.010067,0.0001473
run_03/mzp_464.3_mx_327.7_nevents_28500,0.10128069199999999,28500,Axial,DM+QCDjets,464.262,327.73,1.0,0.25,atlas_exot_2018_06,IM7,0.6484606,0.7656093,0.0055226,0.0001094
run_03/mzp_464.3_mx_327.7_nevents_28500,0.10128069199999999,28500,Axial,DM+QCDjets,464.262,327.73,1.0,0.25,atlas_exot_2018_06,IM8,0.6636894,0.7090479,0.0030282,8.11e-05
run_03/mzp_464.3_mx_327.7_nevents_28500,0.10128069199999999,28500,Axial,DM+QCDjets,464.262,327.73,1.0,0.25,atlas_exot_2018_06,IM9,0.6251785,0.5915709,0.0020233,6.63e-05
run_03/mzp_464.3_mx_327.7_nevents_28500,0.10128069199999999,28500,Axial,DM+QCDjets,464.262,327.73,1.0,0.25,atlas_exot_2018_06,IM10,0.8271381,1.2732785,0.0011308,4.96e-05
run_03/mzp_464.3_mx_327.7_nevents_28500,0.10128069199999999,28500,Axial,DM+QCDjets,464.262,327.73,1.0,0.25,atlas_exot_2018_06,IM11,0.9277877,0.8355112,0.0006051,3.63e-05
run_03/mzp_464.3_mx_327.7_nevents_28500,0.10128069199999999,28500,Axial,DM+QCDjets,464.262,327.73,1.0,0.25,atlas_exot_2018_06,IM12,1.2952239,1.0288392,0.0002703,2.43e-05
run_03/mzp_464.3_mx_327.7_nevents_28500,0.10128069199999999,28500,Axial,DM+QCDjets,464.262,327.73,1.0,0.25,atlas_exot_2018_06,EM0,11.2908502,12.683682,0.0324782,0.0002616
run_03/mzp_464.3_mx_327.7_nevents_28500,0.10128069199999999,28500,Axial,DM+QCDjets,464.262,327.73,1.0,0.25,atlas_exot_2018_06,EM1,4.3020047,4.1972541,0.0295589,0.00025
run_03/mzp_464.3_mx_327.7_nevents_28500,0.10128069199999999,28500,Axial,DM+QCDjets,464.262,327.73,1.0,0.25,atlas_exot_2018_06,EM2,2.4136736,2.4013658,0.0206913,0.0002101
run_03/mzp_464.3_mx_327.7_nevents_28500,0.10128069199999999,28500,Axial,DM+QCDjets,464.262,327.73,1.0,0.25,atlas_exot_2018_06,EM3,1.6534054,1.9958589,0.0140078,0.0001734
run_03/mzp_464.3_mx_327.7_nevents_28500,0.10128069199999999,28500,Axial,DM+QCDjets,464.262,327.73,1.0,0.25,atlas_exot_2018_06,EM4,1.0890104,1.5335776,0.0160613,0.0001855
run_03/mzp_464.3_mx_327.7_nevents_28500,0.10128069199999999,28500,Axial,DM+QCDjets,464.262,327.73,1.0,0.25,atlas_exot_2018_06,EM5,0.7108012,0.8596558,0.0087033,0.0001371
run_03/mzp_464.3_mx_327.7_nevents_28500,0.10128069199999999,28500,Axial,DM+QCDjets,464.262,327.73,1.0,0.25,atlas_exot_2018_06,EM6,0.6440259,0.8893762,0.0045444,9.93e-05
run_03/mzp_464.3_mx_327.7_nevents_28500,0.10128069199999999,28500,Axial,DM+QCDjets,464.262,327.73,1.0,0.25,atlas_exot_2018_06,EM7,0.5773963,0.8398481,0.0024944,7.36e-05
run_03/mzp_464.3_mx_327.7_nevents_28500,0.10128069199999999,28500,Axial,DM+QCDjets,464.262,327.73,1.0,0.25,atlas_exot_2018_06,EM8,0.8061371,0.9291232,0.0010049,4.68e-05
run_03/mzp_464.3_mx_327.7_nevents_28500,0.10128069199999999,28500,Axial,DM+QCDjets,464.262,327.73,1.0,0.25,atlas_exot_2018_06,EM9,0.5473926,0.4669863,0.0008925,4.41e-05
run_03/mzp_464.3_mx_327.7_nevents_28500,0.10128069199999999,28500,Axial,DM+QCDjets,464.262,327.73,1.0,0.25,atlas_exot_2018_06,EM10,0.5953672,1.2718035,0.0005257,3.38e-05
run_03/mzp_464.3_mx_327.7_nevents_28500,0.10128069199999999,28500,Axial,DM+QCDjets,464.262,327.73,1.0,0.25,atlas_exot_2018_06,EM11,0.6520884,0.7362856,0.0003348,2.7e-05
run_03/mzp_464.3_mx_327.7_nevents_28500,0.10128069199999999,28500,Axial,DM+QCDjets,464.262,327.73,1.0,0.25,atlas_exot_2018_06,EM12,0.9383734,0.7564239,0.0002703,2.43e-05
run_34/mzp_1501.5_mx_558.5_nevents_28500,0.40981245,28500,Axial,DM+QCDjets,1501.5,558.45,1.0,0.25,atlas_exot_2018_06,IM0,3.4053323,4.311237,0.1657717,0.0002706
run_34/mzp_1501.5_mx_558.5_nevents_28500,0.40981245,28500,Axial,DM+QCDjets,1501.5,558.45,1.0,0.25,atlas_exot_2018_06,IM1,1.7580307,2.2176026,0.1287913,0.0002437
run_34/mzp_1501.5_mx_558.5_nevents_28500,0.40981245,28500,Axial,DM+QCDjets,1501.5,558.45,1.0,0.25,atlas_exot_2018_06,IM2,1.1609838,1.5986267,0.0975032,0.0002158
run_34/mzp_1501.5_mx_558.5_nevents_28500,0.40981245,28500,Axial,DM+QCDjets,1501.5,558.45,1.0,0.25,atlas_exot_2018_06,IM3,0.7741337,1.1404719,0.0735386,0.0001899
run_34/mzp_1501.5_mx_558.5_nevents_28500,0.40981245,28500,Axial,DM+QCDjets,1501.5,558.45,1.0,0.25,atlas_exot_2018_06,IM4,0.6043706,0.9531858,0.0547828,0.0001656
run_34/mzp_1501.5_mx_558.5_nevents_28500,0.40981245,28500,Axial,DM+QCDjets,1501.5,558.45,1.0,0.25,atlas_exot_2018_06,IM5,0.4640492,0.7028661,0.0311089,0.0001263
run_34/mzp_1501.5_mx_558.5_nevents_28500,0.40981245,28500,Axial,DM+QCDjets,1501.5,558.45,1.0,0.25,atlas_exot_2018_06,IM6,0.4015086,0.5870761,0.0181594,9.71e-05
run_34/mzp_1501.5_mx_558.5_nevents_28500,0.40981245,28500,Axial,DM+QCDjets,1501.5,558.45,1.0,0.25,atlas_exot_2018_06,IM7,0.3355657,0.3936323,0.0107747,7.51e-05
run_34/mzp_1501.5_mx_558.5_nevents_28500,0.40981245,28500,Axial,DM+QCDjets,1501.5,558.45,1.0,0.25,atlas_exot_2018_06,IM8,0.3299683,0.354449,0.0060448,5.64e-05
run_34/mzp_1501.5_mx_558.5_nevents_28500,0.40981245,28500,Axial,DM+QCDjets,1501.5,558.45,1.0,0.25,atlas_exot_2018_06,IM9,0.3617279,0.3433666,0.0034801,4.28e-05
run_34/mzp_1501.5_mx_558.5_nevents_28500,0.40981245,28500,Axial,DM+QCDjets,1501.5,558.45,1.0,0.25,atlas_exot_2018_06,IM10,0.4227915,0.65418,0.0022043,3.41e-05
run_34/mzp_1501.5_mx_558.5_nevents_28500,0.40981245,28500,Axial,DM+QCDjets,1501.5,558.45,1.0,0.25,atlas_exot_2018_06,IM11,0.3646197,0.3276668,0.0015466,2.86e-05
run_34/mzp_1501.5_mx_558.5_nevents_28500,0.40981245,28500,Axial,DM+QCDjets,1501.5,558.45,1.0,0.25,atlas_exot_2018_06,IM12,0.3685061,0.2901326,0.0009489,2.24e-05
run_34/mzp_1501.5_mx_558.5_nevents_28500,0.40981245,28500,Axial,DM+QCDjets,1501.5,558.45,1.0,0.25,atlas_exot_2018_06,EM0,9.9701126,11.1162582,0.0369805,0.0001373
run_34/mzp_1501.5_mx_558.5_nevents_28500,0.40981245,28500,Axial,DM+QCDjets,1501.5,558.45,1.0,0.25,atlas_exot_2018_06,EM1,4.0965604,3.987908,0.0312881,0.0001267
run_34/mzp_1501.5_mx_558.5_nevents_28500,0.40981245,28500,Axial,DM+QCDjets,1501.5,558.45,1.0,0.25,atlas_exot_2018_06,EM2,2.0848703,2.0799944,0.0239646,0.0001113
run_34/mzp_1501.5_mx_558.5_nevents_28500,0.40981245,28500,Axial,DM+QCDjets,1501.5,558.45,1.0,0.25,atlas_exot_2018_06,EM3,1.2308964,1.5003719,0.0187557,9.87e-05
run_34/mzp_1501.5_mx_558.5_nevents_28500,0.40981245,28500,Axial,DM+QCDjets,1501.5,558.45,1.0,0.25,atlas_exot_2018_06,EM4,0.737596,1.0418149,0.023674,0.0001106
run_34/mzp_1501.5_mx_558.5_nevents_28500,0.40981245,28500,Axial,DM+QCDjets,1501.5,558.45,1.0,0.25,atlas_exot_2018_06,EM5,0.4742668,0.5767882,0.0129495,8.23e-05
run_34/mzp_1501.5_mx_558.5_nevents_28500,0.40981245,28500,Axial,DM+QCDjets,1501.5,558.45,1.0,0.25,atlas_exot_2018_06,EM6,0.3952132,0.5462223,0.0073847,6.23e-05
run_34/mzp_1501.5_mx_558.5_nevents_28500,0.40981245,28500,Axial,DM+QCDjets,1501.5,558.45,1.0,0.25,atlas_exot_2018_06,EM7,0.3028174,0.4431798,0.0047299,4.99e-05
run_34/mzp_1501.5_mx_558.5_nevents_28500,0.40981245,28500,Axial,DM+QCDjets,1501.5,558.45,1.0,0.25,atlas_exot_2018_06,EM8,0.3160368,0.3615358,0.0025647,3.68e-05
run_34/mzp_1501.5_mx_558.5_nevents_28500,0.40981245,28500,Axial,DM+QCDjets,1501.5,558.45,1.0,0.25,atlas_exot_2018_06,EM9,0.3817285,0.3257388,0.0012758,2.6e-05
run_34/mzp_1501.5_mx_558.5_nevents_28500,0.40981245,28500,Axial,DM+QCDjets,1501.5,558.45,1.0,0.25,atlas_exot_2018_06,EM10,0.4761631,1.0145065,0.0006577,1.87e-05
run_34/mzp_1501.5_mx_558.5_nevents_28500,0.40981245,28500,Axial,DM+QCDjets,1501.5,558.45,1.0,0.25,atlas_exot_2018_06,EM11,0.366452,0.4127934,0.0005977,1.78e-05
run_34/mzp_1501.5_mx_558.5_nevents_28500,0.40981245,28500,Axial,DM+QCDjets,1501.5,558.45,1.0,0.25,atlas_exot_2018_06,EM12,0.2681962,0.2161377,0.0009489,2.24e-05
run_06/mzp_464.3_mx_558.5_nevents_28500,0.006502444100000001,28500,Axial,DM+QCDjets,464.262,558.45,1.0,0.25,atlas_exot_2018_06,IM0,3.3570916,4.2492991,0.1681621,0.0021567
run_06/mzp_464.3_mx_558.5_nevents_28500,0.006502444100000001,28500,Axial,DM+QCDjets,464.262,558.45,1.0,0.25,atlas_exot_2018_06,IM1,1.72053,2.1619402,0.1313988,0.0019481
run_06/mzp_464.3_mx_558.5_nevents_28500,0.006502444100000001,28500,Axial,DM+QCDjets,464.262,558.45,1.0,0.25,atlas_exot_2018_06,IM2,1.1470109,1.5832415,0.0982568,0.0017164
run_06/mzp_464.3_mx_558.5_nevents_28500,0.006502444100000001,28500,Axial,DM+QCDjets,464.262,558.45,1.0,0.25,atlas_exot_2018_06,IM3,0.7939826,1.1671287,0.071765,0.0014883
run_06/mzp_464.3_mx_558.5_nevents_28500,0.006502444100000001,28500,Axial,DM+QCDjets,464.262,558.45,1.0,0.25,atlas_exot_2018_06,IM4,0.6210547,0.9831564,0.053123,0.0012933
run_06/mzp_464.3_mx_558.5_nevents_28500,0.006502444100000001,28500,Axial,DM+QCDjets,464.262,558.45,1.0,0.25,atlas_exot_2018_06,IM5,0.4719155,0.7138866,0.0306031,0.0009932
run_06/mzp_464.3_mx_558.5_nevents_28500,0.006502444100000001,28500,Axial,DM+QCDjets,464.262,558.45,1.0,0.25,atlas_exot_2018_06,IM6,0.420718,0.6149247,0.0173496,0.0007529
run_06/mzp_464.3_mx_558.5_nevents_28500,0.006502444100000001,28500,Axial,DM+QCDjets,464.262,558.45,1.0,0.25,atlas_exot_2018_06,IM7,0.3559743,0.4177127,0.0101271,0.0005774
run_06/mzp_464.3_mx_558.5_nevents_28500,0.006502444100000001,28500,Axial,DM+QCDjets,464.262,558.45,1.0,0.25,atlas_exot_2018_06,IM8,0.3209214,0.3431004,0.0062215,0.0004534
run_06/mzp_464.3_mx_558.5_nevents_28500,0.006502444100000001,28500,Axial,DM+QCDjets,464.262,558.45,1.0,0.25,atlas_exot_2018_06,IM9,0.30846,0.2898707,0.0041218,0.0003694
run_06/mzp_464.3_mx_558.5_nevents_28500,0.006502444100000001,28500,Axial,DM+QCDjets,464.262,558.45,1.0,0.25,atlas_exot_2018_06,IM10,0.3661509,0.5619431,0.0025618,0.0002915
run_06/mzp_464.3_mx_558.5_nevents_28500,0.006502444100000001,28500,Axial,DM+QCDjets,464.262,558.45,1.0,0.25,atlas_exot_2018_06,IM11,0.3213188,0.2866125,0.0017596,0.0002417
run_06/mzp_464.3_mx_558.5_nevents_28500,0.006502444100000001,28500,Axial,DM+QCDjets,464.262,558.45,1.0,0.25,atlas_exot_2018_06,IM12,0.3180087,0.2514293,0.0010991,0.0001911
run_06/mzp_464.3_mx_558.5_nevents_28500,0.006502444100000001,28500,Axial,DM+QCDjets,464.262,558.45,1.0,0.25,atlas_exot_2018_06,EM0,9.9850747,11.1495303,0.0367633,0.0010851
run_06/mzp_464.3_mx_558.5_nevents_28500,0.006502444100000001,28500,Axial,DM+QCDjets,464.262,558.45,1.0,0.25,atlas_exot_2018_06,EM1,3.8663044,3.7542361,0.033142,0.0010322
run_06/mzp_464.3_mx_558.5_nevents_28500,0.006502444100000001,28500,Axial,DM+QCDjets,464.262,558.45,1.0,0.25,atlas_exot_2018_06,EM2,1.8879751,1.8624614,0.0264918,0.000926
run_06/mzp_464.3_mx_558.5_nevents_28500,0.006502444100000001,28500,Axial,DM+QCDjets,464.262,558.45,1.0,0.25,atlas_exot_2018_06,EM3,1.2384912,1.5090136,0.018642,0.00078
run_06/mzp_464.3_mx_558.5_nevents_28500,0.006502444100000001,28500,Axial,DM+QCDjets,464.262,558.45,1.0,0.25,atlas_exot_2018_06,EM4,0.7783119,1.0983235,0.0225199,0.0008555
run_06/mzp_464.3_mx_558.5_nevents_28500,0.006502444100000001,28500,Axial,DM+QCDjets,464.262,558.45,1.0,0.25,atlas_exot_2018_06,EM5,0.46354,0.5653492,0.0132535,0.0006594
run_06/mzp_464.3_mx_558.5_nevents_28500,0.006502444100000001,28500,Axial,DM+QCDjets,464.262,558.45,1.0,0.25,atlas_exot_2018_06,EM6,0.4022438,0.5573944,0.0072225,0.0004883
run_06/mzp_464.3_mx_558.5_nevents_28500,0.006502444100000001,28500,Axial,DM+QCDjets,464.262,558.45,1.0,0.25,atlas_exot_2018_06,EM7,0.3677071,0.5372159,0.0039056,0.0003597
run_06/mzp_464.3_mx_558.5_nevents_28500,0.006502444100000001,28500,Axial,DM+QCDjets,464.262,558.45,1.0,0.25,atlas_exot_2018_06,EM8,0.3870409,0.4431617,0.0020998,0.000264
run_06/mzp_464.3_mx_558.5_nevents_28500,0.006502444100000001,28500,Axial,DM+QCDjets,464.262,558.45,1.0,0.25,atlas_exot_2018_06,EM9,0.3123381,0.2662241,0.0015599,0.0002276
run_06/mzp_464.3_mx_558.5_nevents_28500,0.006502444100000001,28500,Axial,DM+QCDjets,464.262,558.45,1.0,0.25,atlas_exot_2018_06,EM10,0.3895614,0.8321538,0.0008023,0.0001633
run_06/mzp_464.3_mx_558.5_nevents_28500,0.006502444100000001,28500,Axial,DM+QCDjets,464.262,558.45,1.0,0.25,atlas_exot_2018_06,EM11,0.3330881,0.3726174,0.0006605,0.0001481
run_06/mzp_464.3_mx_558.5_nevents_28500,0.006502444100000001,28500,Axial,DM+QCDjets,464.262,558.45,1.0,0.25,atlas_exot_2018_06,EM12,0.2314586,0.1849643,0.0010991,0.0001911
run_30/mzp_1501.5_mx_153.9_nevents_28500,0.94990142,28500,Axial,DM+QCDjets,1501.5,153.87,1.0,0.25,atlas_exot_2018_06,IM0,3.3785985,4.2642618,0.1676295,0.0001786
run_30/mzp_1501.5_mx_153.9_nevents_28500,0.94990142,28500,Axial,DM+QCDjets,1501.5,153.87,1.0,0.25,atlas_exot_2018_06,IM1,1.7280286,2.158675,0.1316123,0.0001617
run_30/mzp_1501.5_mx_153.9_nevents_28500,0.94990142,28500,Axial,DM+QCDjets,1501.5,153.87,1.0,0.25,atlas_exot_2018_06,IM2,1.1353683,1.5608417,0.0996857,0.0001433
run_30/mzp_1501.5_mx_153.9_nevents_28500,0.94990142,28500,Axial,DM+QCDjets,1501.5,153.87,1.0,0.25,atlas_exot_2018_06,IM3,0.7656507,1.1295293,0.0743437,0.0001255
run_30/mzp_1501.5_mx_153.9_nevents_28500,0.94990142,28500,Axial,DM+QCDjets,1501.5,153.87,1.0,0.25,atlas_exot_2018_06,IM4,0.5960198,0.9510997,0.0549581,0.000109
run_30/mzp_1501.5_mx_153.9_nevents_28500,0.94990142,28500,Axial,DM+QCDjets,1501.5,153.87,1.0,0.25,atlas_exot_2018_06,IM5,0.4875686,0.7400268,0.0296265,8.11e-05
run_30/mzp_1501.5_mx_153.9_nevents_28500,0.94990142,28500,Axial,DM+QCDjets,1501.5,153.87,1.0,0.25,atlas_exot_2018_06,IM6,0.4207208,0.6170296,0.0172888,6.23e-05
run_30/mzp_1501.5_mx_153.9_nevents_28500,0.94990142,28500,Axial,DM+QCDjets,1501.5,153.87,1.0,0.25,atlas_exot_2018_06,IM7,0.373323,0.4405061,0.0095969,4.66e-05
run_30/mzp_1501.5_mx_153.9_nevents_28500,0.94990142,28500,Axial,DM+QCDjets,1501.5,153.87,1.0,0.25,atlas_exot_2018_06,IM8,0.3522242,0.37515,0.0057062,3.6e-05
run_30/mzp_1501.5_mx_153.9_nevents_28500,0.94990142,28500,Axial,DM+QCDjets,1501.5,153.87,1.0,0.25,atlas_exot_2018_06,IM9,0.3631384,0.3402835,0.0034964,2.82e-05
run_30/mzp_1501.5_mx_153.9_nevents_28500,0.94990142,28500,Axial,DM+QCDjets,1501.5,153.87,1.0,0.25,atlas_exot_2018_06,IM10,0.4422922,0.6809907,0.0021106,2.19e-05
run_30/mzp_1501.5_mx_153.9_nevents_28500,0.94990142,28500,Axial,DM+QCDjets,1501.5,153.87,1.0,0.25,atlas_exot_2018_06,IM11,0.4433747,0.394699,0.0012773,1.71e-05
run_30/mzp_1501.5_mx_153.9_nevents_28500,0.94990142,28500,Axial,DM+QCDjets,1501.5,153.87,1.0,0.25,atlas_exot_2018_06,IM12,0.5754628,0.4581901,0.0006045,1.18e-05
run_30/mzp_1501.5_mx_153.9_nevents_28500,0.94990142,28500,Axial,DM+QCDjets,1501.5,153.87,1.0,0.25,atlas_exot_2018_06,EM0,10.1151209,11.3862542,0.0360172,8.91e-05
run_30/mzp_1501.5_mx_153.9_nevents_28500,0.94990142,28500,Axial,DM+QCDjets,1501.5,153.87,1.0,0.25,atlas_exot_2018_06,EM1,3.99324,3.8916166,0.0319266,8.41e-05
run_30/mzp_1501.5_mx_153.9_nevents_28500,0.94990142,28500,Axial,DM+QCDjets,1501.5,153.87,1.0,0.25,atlas_exot_2018_06,EM2,1.9673482,1.9506041,0.0253421,7.52e-05
run_30/mzp_1501.5_mx_153.9_nevents_28500,0.94990142,28500,Axial,DM+QCDjets,1501.5,153.87,1.0,0.25,atlas_exot_2018_06,EM3,1.1971785,1.4429357,0.0193856,6.59e-05
run_30/mzp_1501.5_mx_153.9_nevents_28500,0.94990142,28500,Axial,DM+QCDjets,1501.5,153.87,1.0,0.25,atlas_exot_2018_06,EM4,0.690213,0.9740435,0.0253315,7.51e-05
run_30/mzp_1501.5_mx_153.9_nevents_28500,0.94990142,28500,Axial,DM+QCDjets,1501.5,153.87,1.0,0.25,atlas_exot_2018_06,EM5,0.4987917,0.6069613,0.0123378,5.28e-05
run_30/mzp_1501.5_mx_153.9_nevents_28500,0.94990142,28500,Axial,DM+QCDjets,1501.5,153.87,1.0,0.25,atlas_exot_2018_06,EM6,0.3788194,0.5239399,0.0076919,4.18e-05
run_30/mzp_1501.5_mx_153.9_nevents_28500,0.94990142,28500,Axial,DM+QCDjets,1501.5,153.87,1.0,0.25,atlas_exot_2018_06,EM7,0.3678703,0.5379357,0.0038907,2.98e-05
run_30/mzp_1501.5_mx_153.9_nevents_28500,0.94990142,28500,Axial,DM+QCDjets,1501.5,153.87,1.0,0.25,atlas_exot_2018_06,EM8,0.3651696,0.4203475,0.0022099,2.25e-05
run_30/mzp_1501.5_mx_153.9_nevents_28500,0.94990142,28500,Axial,DM+QCDjets,1501.5,153.87,1.0,0.25,atlas_exot_2018_06,EM9,0.3521714,0.300721,0.0013858,1.78e-05
run_30/mzp_1501.5_mx_153.9_nevents_28500,0.94990142,28500,Axial,DM+QCDjets,1501.5,153.87,1.0,0.25,atlas_exot_2018_06,EM10,0.3752983,0.7997771,0.0008332,1.38e-05
run_30/mzp_1501.5_mx_153.9_nevents_28500,0.94990142,28500,Axial,DM+QCDjets,1501.5,153.87,1.0,0.25,atlas_exot_2018_06,EM11,0.3277268,0.3674417,0.0006728,1.24e-05
run_30/mzp_1501.5_mx_153.9_nevents_28500,0.94990142,28500,Axial,DM+QCDjets,1501.5,153.87,1.0,0.25,atlas_exot_2018_06,EM12,0.4200527,0.3387747,0.0006045,1.18e-05
