Run,MY1,Mchi,Omegah2,xsi,x_f,sigmav_xf
01,20.01,72.91,7e-06,5.5e-05,31.0,0.0
02,20.01,76.142,6e-06,5.1e-05,31.0,0.0
03,20.01,77.744,6e-06,4.9e-05,31.0,0.0
04,20.01,79.637,6e-06,4.7e-05,31.0,0.0
05,20.01,81.93,5e-06,4.5e-05,31.0,0.0
06,20.01,83.132,5e-06,4.4e-05,31.0,0.0
07,20.01,86.627,5e-06,4.1e-05,31.0,0.0
08,20.01,90.122,5e-06,3.8e-05,31.0,0.0
09,20.01,92.493,4e-06,3.7e-05,31.0,0.0
10,20.01,93.617,4e-06,3.6e-05,31.0,0.0
11,20.01,97.112,4e-06,3.4e-05,31.0,0.0
12,20.01,98.772,4e-06,3.2e-05,32.0,0.0
13,20.01,100.61,4e-06,3.2e-05,32.0,0.0
14,20.01,102.06,4e-06,3.1e-05,32.0,0.0
15,20.01,104.1,4e-06,3e-05,32.0,0.0
16,20.01,105.06,4e-06,2.9e-05,32.0,0.0
17,20.01,107.6,3e-06,2.8e-05,32.0,0.0
18,20.01,108.95,3e-06,2.7e-05,32.0,0.0
19,20.01,111.09,3e-06,2.6e-05,32.0,0.0
20,20.01,112.83,3e-06,2.6e-05,32.0,0.0
21,20.01,114.59,3e-06,2.5e-05,32.0,0.0
22,20.01,116.75,3e-06,2.4e-05,32.0,0.0
23,20.01,118.08,3e-06,2.4e-05,32.0,0.0
24,20.01,121.58,3e-06,2.2e-05,32.0,0.0
25,20.01,124.97,3e-06,2.1e-05,32.0,0.0
26,20.01,125.07,3e-06,2.1e-05,32.0,0.0
27,20.01,128.57,2e-06,2e-05,32.0,0.0
28,20.01,132.06,2e-06,1.9e-05,32.0,0.0
29,20.01,133.19,2e-06,1.9e-05,32.0,0.0
30,20.01,135.56,2e-06,1.8e-05,32.0,0.0
31,20.01,139.05,2e-06,1.8e-05,32.0,0.0
32,20.01,142.55,2e-06,1.7e-05,33.0,0.0
33,20.01,144.15,2e-06,1.6e-05,33.0,0.0
34,20.01,146.04,2e-06,1.6e-05,33.0,0.0
35,20.01,149.54,2e-06,1.5e-05,33.0,0.0
36,20.01,149.89,2e-06,1.5e-05,33.0,0.0
37,20.01,153.03,2e-06,1.5e-05,33.0,0.0
38,20.01,153.87,2e-06,1.4e-05,33.0,0.0
39,20.01,156.53,2e-06,1.4e-05,33.0,0.0
40,20.01,160.02,2e-06,1.4e-05,33.0,0.0
41,20.01,161.99,2e-06,1.3e-05,33.0,0.0
42,20.01,163.52,2e-06,1.3e-05,33.0,0.0
43,20.01,167.01,1e-06,1.1e-05,33.0,0.0
44,20.01,170.51,1e-06,7e-06,34.0,0.0
45,20.01,171.17,1e-06,6e-06,34.0,0.0
46,20.01,174.0,0.0,4e-06,34.0,0.0
47,20.01,177.5,0.0,3e-06,34.0,0.0
48,20.01,180.35,0.0,2e-06,34.0,0.0
49,20.01,180.99,0.0,2e-06,35.0,0.0
50,20.01,184.49,0.0,2e-06,35.0,0.0
51,20.01,187.98,0.0,2e-06,35.0,0.0
52,20.01,188.7,0.0,2e-06,35.0,0.0
53,20.01,191.48,0.0,2e-06,35.0,0.0
54,20.01,194.97,0.0,2e-06,35.0,0.0
55,20.01,196.18,0.0,2e-06,35.0,0.0
56,20.01,198.47,0.0,2e-06,35.0,0.0
57,20.01,200.38,0.0,2e-06,35.0,0.0
58,20.01,201.96,0.0,2e-06,35.0,0.0
59,20.01,205.46,0.0,2e-06,35.0,0.0
60,20.01,208.95,0.0,1e-06,35.0,0.0
61,20.01,212.45,0.0,1e-06,35.0,0.0
62,20.01,212.84,0.0,1e-06,35.0,0.0
63,20.01,215.94,0.0,1e-06,35.0,0.0
64,20.01,219.44,0.0,1e-06,35.0,0.0
65,20.01,222.32,0.0,1e-06,35.0,0.0
66,20.01,222.93,0.0,1e-06,35.0,0.0
67,20.01,226.43,0.0,1e-06,35.0,0.0
68,20.01,229.92,0.0,1e-06,35.0,0.0
69,20.01,231.06,0.0,1e-06,35.0,0.0
70,20.01,233.42,0.0,1e-06,35.0,0.0
71,20.01,236.91,0.0,1e-06,35.0,0.0
72,20.01,237.44,0.0,1e-06,35.0,0.0
73,20.01,327.73,0.0,1e-06,36.0,0.0
74,20.01,450.11,0.0,1e-06,37.0,0.0
75,20.01,515.03,0.0,1e-06,37.0,0.0
76,20.01,588.03,0.0,1e-06,37.0,0.0
77,20.01,586.41,0.0,1e-06,37.0,0.0
78,20.01,585.58,0.0,1e-06,37.0,0.0
79,20.01,583.12,0.0,1e-06,37.0,0.0
80,20.01,582.92,0.0,1e-06,37.0,0.0
81,20.01,580.67,0.0,1e-06,37.0,0.0
82,20.01,579.42,0.0,1e-06,37.0,0.0
83,20.01,578.21,0.0,1e-06,37.0,0.0
84,20.01,575.93,0.0,1e-06,37.0,0.0
85,20.01,575.76,0.0,1e-06,37.0,0.0
86,20.01,573.33,0.0,1e-06,37.0,0.0
87,20.01,572.43,0.0,1e-06,37.0,0.0
88,20.01,571.02,0.0,1e-06,37.0,0.0
89,20.01,568.94,0.0,1e-06,37.0,0.0
90,20.01,568.87,0.0,1e-06,37.0,0.0
91,20.01,567.35,0.0,1e-06,37.0,0.0
92,20.01,565.86,0.0,1e-06,37.0,0.0
93,20.01,565.44,0.0,1e-06,37.0,0.0
94,20.01,564.37,0.0,1e-06,37.0,0.0
95,20.01,562.88,0.0,1e-06,37.0,0.0
96,20.01,561.95,0.0,1e-06,37.0,0.0
97,20.01,558.45,0.0,1e-06,37.0,0.0
98,20.01,557.76,0.0,1e-06,37.0,0.0
99,20.01,554.96,0.0,1e-06,37.0,0.0
100,20.01,551.46,0.0,1e-06,37.0,0.0
101,20.01,549.1,0.0,1e-06,37.0,0.0
102,20.01,547.97,0.0,1e-06,37.0,0.0
103,20.01,544.47,0.0,1e-06,37.0,0.0
104,20.01,540.98,0.0,1e-06,37.0,0.0
105,20.01,537.48,0.0,1e-06,37.0,0.0
106,20.01,533.99,0.0,1e-06,37.0,0.0
107,20.01,531.44,0.0,1e-06,37.0,0.0
108,20.01,530.49,0.0,1e-06,37.0,0.0
109,20.01,527.0,0.0,1e-06,37.0,0.0
110,20.01,523.5,0.0,1e-06,37.0,0.0
111,20.01,453.6,0.0,1e-06,37.0,0.0
112,20.01,451.25,0.0,1e-06,37.0,0.0
113,20.01,450.11,0.0,1e-06,37.0,0.0
114,20.01,446.61,0.0,1e-06,37.0,0.0
115,20.01,443.12,0.0,1e-06,37.0,0.0
116,20.01,299.82,0.0,1e-06,36.0,0.0
117,20.01,264.87,0.0,1e-06,36.0,0.0
118,20.01,121.58,3e-06,2.2e-05,32.0,0.0
119,20.01,2.7475,0.000947,0.0079,22.0,0.0
120,32.964,72.91,3.6e-05,0.0003,29.0,0.0
121,32.964,76.142,3.4e-05,0.000285,29.0,0.0
122,32.964,77.744,3.3e-05,0.000278,29.0,0.0
123,32.964,79.637,3.2e-05,0.00027,29.0,0.0
124,32.964,81.93,3.1e-05,0.000261,29.0,0.0
125,32.964,83.132,3.1e-05,0.000256,29.0,0.0
126,32.964,86.627,2.9e-05,0.000242,29.0,0.0
127,32.964,90.122,2.8e-05,0.000229,29.0,0.0
128,32.964,92.493,2.6e-05,0.00022,29.0,0.0
129,32.964,93.617,2.6e-05,0.000216,29.0,0.0
130,32.964,97.112,2.5e-05,0.000205,30.0,0.0
131,32.964,98.772,2.4e-05,0.0002,30.0,0.0
132,32.964,100.61,2.3e-05,0.000194,30.0,0.0
133,32.964,102.06,2.3e-05,0.00019,30.0,0.0
134,32.964,104.1,2.2e-05,0.000184,30.0,0.0
135,32.964,105.06,2.2e-05,0.000181,30.0,0.0
136,32.964,107.6,2.1e-05,0.000174,30.0,0.0
137,32.964,108.95,2e-05,0.000171,30.0,0.0
138,32.964,111.09,2e-05,0.000166,30.0,0.0
139,32.964,112.83,1.9e-05,0.000161,30.0,0.0
140,32.964,114.59,1.9e-05,0.000157,30.0,0.0
141,32.964,116.75,1.8e-05,0.000153,30.0,0.0
142,32.964,118.08,1.8e-05,0.00015,30.0,0.0
143,32.964,121.58,1.7e-05,0.000142,30.0,0.0
144,32.964,124.97,1.6e-05,0.000136,30.0,0.0
145,32.964,125.07,1.6e-05,0.000136,30.0,0.0
146,32.964,128.57,1.6e-05,0.000129,30.0,0.0
147,32.964,132.06,1.5e-05,0.000124,30.0,0.0
148,32.964,133.19,1.5e-05,0.000122,30.0,0.0
149,32.964,135.56,1.4e-05,0.000118,30.0,0.0
150,32.964,139.05,1.4e-05,0.000113,31.0,0.0
151,32.964,142.55,1.3e-05,0.000108,31.0,0.0
152,32.964,144.15,1.3e-05,0.000106,31.0,0.0
153,32.964,146.04,1.2e-05,0.000104,31.0,0.0
154,32.964,149.54,1.2e-05,9.9e-05,31.0,0.0
155,32.964,149.89,1.2e-05,9.9e-05,31.0,0.0
156,32.964,153.03,1.1e-05,9.5e-05,31.0,0.0
157,32.964,153.87,1.1e-05,9.4e-05,31.0,0.0
158,32.964,156.53,1.1e-05,9.2e-05,31.0,0.0
159,32.964,160.02,1e-05,8.8e-05,31.0,0.0
160,32.964,161.99,1e-05,8.5e-05,31.0,0.0
161,32.964,163.52,1e-05,8.2e-05,31.0,0.0
162,32.964,167.01,9e-06,7.2e-05,31.0,0.0
163,32.964,170.51,6e-06,4.7e-05,32.0,0.0
164,32.964,171.17,5e-06,4e-05,32.0,0.0
165,32.964,174.0,3e-06,2.4e-05,32.0,0.0
166,32.964,177.5,2e-06,1.9e-05,32.0,0.0
167,32.964,180.35,2e-06,1.6e-05,33.0,0.0
168,32.964,180.99,2e-06,1.6e-05,33.0,0.0
169,32.964,184.49,2e-06,1.4e-05,33.0,0.0
170,32.964,187.98,2e-06,1.3e-05,33.0,0.0
171,32.964,188.7,2e-06,1.3e-05,33.0,0.0
172,32.964,191.48,2e-06,1.2e-05,33.0,0.0
173,32.964,194.97,1e-06,1.2e-05,33.0,0.0
174,32.964,196.18,1e-06,1.2e-05,33.0,0.0
175,32.964,198.47,1e-06,1.1e-05,33.0,0.0
176,32.964,200.38,1e-06,1.1e-05,33.0,0.0
177,32.964,201.96,1e-06,1.1e-05,33.0,0.0
178,32.964,205.46,1e-06,1e-05,33.0,0.0
179,32.964,208.95,1e-06,1e-05,33.0,0.0
180,32.964,212.45,1e-06,1e-05,33.0,0.0
181,32.964,212.84,1e-06,1e-05,33.0,0.0
182,32.964,215.94,1e-06,1e-05,33.0,0.0
183,32.964,219.44,1e-06,9e-06,33.0,0.0
184,32.964,222.32,1e-06,9e-06,33.0,0.0
185,32.964,222.93,1e-06,9e-06,33.0,0.0
186,32.964,226.43,1e-06,9e-06,33.0,0.0
187,32.964,229.92,1e-06,9e-06,33.0,0.0
188,32.964,231.06,1e-06,9e-06,33.0,0.0
189,32.964,233.42,1e-06,9e-06,33.0,0.0
190,32.964,236.91,1e-06,8e-06,33.0,0.0
191,32.964,237.44,1e-06,8e-06,33.0,0.0
192,32.964,327.73,1e-06,6e-06,34.0,0.0
193,32.964,450.11,1e-06,5e-06,35.0,0.0
194,32.964,515.03,1e-06,4e-06,35.0,0.0
195,32.964,588.03,0.0,4e-06,35.0,0.0
196,32.964,586.41,0.0,4e-06,35.0,0.0
197,32.964,585.58,0.0,4e-06,35.0,0.0
198,32.964,583.12,0.0,4e-06,35.0,0.0
199,32.964,582.92,0.0,4e-06,35.0,0.0
200,32.964,580.67,0.0,4e-06,35.0,0.0
201,32.964,579.42,0.0,4e-06,35.0,0.0
202,32.964,578.21,0.0,4e-06,35.0,0.0
203,32.964,575.93,0.0,4e-06,35.0,0.0
204,32.964,575.76,0.0,4e-06,35.0,0.0
205,32.964,573.33,0.0,4e-06,35.0,0.0
206,32.964,572.43,0.0,4e-06,35.0,0.0
207,32.964,571.02,0.0,4e-06,35.0,0.0
208,32.964,568.94,0.0,4e-06,35.0,0.0
209,32.964,568.87,0.0,4e-06,35.0,0.0
210,32.964,567.35,0.0,4e-06,35.0,0.0
211,32.964,565.86,0.0,4e-06,35.0,0.0
212,32.964,565.44,0.0,4e-06,35.0,0.0
213,32.964,564.37,0.0,4e-06,35.0,0.0
214,32.964,562.88,0.0,4e-06,35.0,0.0
215,32.964,561.95,0.0,4e-06,35.0,0.0
216,32.964,558.45,0.0,4e-06,35.0,0.0
217,32.964,557.76,0.0,4e-06,35.0,0.0
218,32.964,554.96,0.0,4e-06,35.0,0.0
219,32.964,551.46,1e-06,4e-06,35.0,0.0
220,32.964,549.1,1e-06,4e-06,35.0,0.0
221,32.964,547.97,1e-06,4e-06,35.0,0.0
222,32.964,544.47,1e-06,4e-06,35.0,0.0
223,32.964,540.98,1e-06,4e-06,35.0,0.0
224,32.964,537.48,1e-06,4e-06,35.0,0.0
225,32.964,533.99,1e-06,4e-06,35.0,0.0
226,32.964,531.44,1e-06,4e-06,35.0,0.0
227,32.964,530.49,1e-06,4e-06,35.0,0.0
228,32.964,527.0,1e-06,4e-06,35.0,0.0
229,32.964,523.5,1e-06,4e-06,35.0,0.0
230,32.964,453.6,1e-06,5e-06,35.0,0.0
231,32.964,451.25,1e-06,5e-06,35.0,0.0
232,32.964,450.11,1e-06,5e-06,35.0,0.0
233,32.964,446.61,1e-06,5e-06,35.0,0.0
234,32.964,443.12,1e-06,5e-06,35.0,0.0
235,32.964,299.82,1e-06,7e-06,34.0,0.0
236,32.964,264.87,1e-06,7e-06,34.0,0.0
237,32.964,121.58,1.7e-05,0.000142,30.0,0.0
238,32.964,2.7475,0.00648,0.054,20.0,0.0
239,40.03,72.91,6.3e-05,0.000522,28.0,0.0
240,40.03,76.142,6.1e-05,0.000505,28.0,0.0
241,40.03,77.744,6e-05,0.000496,28.0,0.0
242,40.03,79.637,5.8e-05,0.000486,28.0,0.0
243,40.03,81.93,5.7e-05,0.000474,28.0,0.0
244,40.03,83.132,5.6e-05,0.000467,29.0,0.0
245,40.03,86.627,5.4e-05,0.000448,29.0,0.0
246,40.03,90.122,5.2e-05,0.000429,29.0,0.0
247,40.03,92.493,5e-05,0.000416,29.0,0.0
248,40.03,93.617,4.9e-05,0.00041,29.0,0.0
249,40.03,97.112,4.7e-05,0.000392,29.0,0.0
250,40.03,98.772,4.6e-05,0.000384,29.0,0.0
251,40.03,100.61,4.5e-05,0.000375,29.0,0.0
252,40.03,102.06,4.4e-05,0.000368,29.0,0.0
253,40.03,104.1,4.3e-05,0.000358,29.0,0.0
254,40.03,105.06,4.2e-05,0.000353,29.0,0.0
255,40.03,107.6,4.1e-05,0.000342,29.0,0.0
256,40.03,108.95,4e-05,0.000336,29.0,0.0
257,40.03,111.09,3.9e-05,0.000326,29.0,0.0
258,40.03,112.83,3.8e-05,0.000319,29.0,0.0
259,40.03,114.59,3.7e-05,0.000312,29.0,0.0
260,40.03,116.75,3.6e-05,0.000303,29.0,0.0
261,40.03,118.08,3.6e-05,0.000298,29.0,0.0
262,40.03,121.58,3.4e-05,0.000285,29.0,0.0
263,40.03,124.97,3.3e-05,0.000273,30.0,0.0
264,40.03,125.07,3.3e-05,0.000272,30.0,0.0
265,40.03,128.57,3.1e-05,0.00026,30.0,0.0
266,40.03,132.06,3e-05,0.000249,30.0,0.0
267,40.03,133.19,3e-05,0.000246,30.0,0.0
268,40.03,135.56,2.9e-05,0.000239,30.0,0.0
269,40.03,139.05,2.8e-05,0.000229,30.0,0.0
270,40.03,142.55,2.6e-05,0.00022,30.0,0.0
271,40.03,144.15,2.6e-05,0.000216,30.0,0.0
272,40.03,146.04,2.5e-05,0.000211,30.0,0.0
273,40.03,149.54,2.4e-05,0.000203,30.0,0.0
274,40.03,149.89,2.4e-05,0.000202,30.0,0.0
275,40.03,153.03,2.3e-05,0.000195,30.0,0.0
276,40.03,153.87,2.3e-05,0.000193,30.0,0.0
277,40.03,156.53,2.2e-05,0.000187,30.0,0.0
278,40.03,160.02,2.2e-05,0.000179,30.0,0.0
279,40.03,161.99,2.1e-05,0.000174,30.0,0.0
280,40.03,163.52,2e-05,0.000169,30.0,0.0
281,40.03,167.01,1.8e-05,0.000148,31.0,0.0
282,40.03,170.51,1.2e-05,9.7e-05,31.0,0.0
283,40.03,171.17,1e-05,8.4e-05,31.0,0.0
284,40.03,174.0,6e-06,5e-05,31.0,0.0
285,40.03,177.5,5e-06,3.9e-05,32.0,0.0
286,40.03,180.35,4e-06,3.5e-05,32.0,0.0
287,40.03,180.99,4e-06,3.4e-05,32.0,0.0
288,40.03,184.49,4e-06,3.1e-05,32.0,0.0
289,40.03,187.98,3e-06,2.8e-05,32.0,0.0
290,40.03,188.7,3e-06,2.8e-05,32.0,0.0
291,40.03,191.48,3e-06,2.6e-05,32.0,0.0
292,40.03,194.97,3e-06,2.5e-05,32.0,0.0
293,40.03,196.18,3e-06,2.5e-05,32.0,0.0
294,40.03,198.47,3e-06,2.4e-05,32.0,0.0
295,40.03,200.38,3e-06,2.3e-05,32.0,0.0
296,40.03,201.96,3e-06,2.3e-05,32.0,0.0
297,40.03,205.46,3e-06,2.2e-05,32.0,0.0
298,40.03,208.95,3e-06,2.1e-05,32.0,0.0
299,40.03,212.45,2e-06,2.1e-05,32.0,0.0
300,40.03,212.84,2e-06,2.1e-05,32.0,0.0
301,40.03,215.94,2e-06,2e-05,32.0,0.0
302,40.03,219.44,2e-06,2e-05,33.0,0.0
303,40.03,222.32,2e-06,1.9e-05,33.0,0.0
304,40.03,222.93,2e-06,1.9e-05,33.0,0.0
305,40.03,226.43,2e-06,1.9e-05,33.0,0.0
306,40.03,229.92,2e-06,1.8e-05,33.0,0.0
307,40.03,231.06,2e-06,1.8e-05,33.0,0.0
308,40.03,233.42,2e-06,1.8e-05,33.0,0.0
309,40.03,236.91,2e-06,1.8e-05,33.0,0.0
310,40.03,237.44,2e-06,1.8e-05,33.0,0.0
311,40.03,327.73,2e-06,1.3e-05,33.0,0.0
312,40.03,450.11,1e-06,1e-05,34.0,0.0
313,40.03,515.03,1e-06,9e-06,34.0,0.0
314,40.03,588.03,1e-06,8e-06,34.0,0.0
315,40.03,586.41,1e-06,8e-06,34.0,0.0
316,40.03,585.58,1e-06,8e-06,34.0,0.0
317,40.03,583.12,1e-06,8e-06,34.0,0.0
318,40.03,582.92,1e-06,8e-06,34.0,0.0
319,40.03,580.67,1e-06,8e-06,34.0,0.0
320,40.03,579.42,1e-06,8e-06,34.0,0.0
321,40.03,578.21,1e-06,8e-06,34.0,0.0
322,40.03,575.93,1e-06,8e-06,34.0,0.0
323,40.03,575.76,1e-06,8e-06,34.0,0.0
324,40.03,573.33,1e-06,9e-06,34.0,0.0
325,40.03,572.43,1e-06,9e-06,34.0,0.0
326,40.03,571.02,1e-06,9e-06,34.0,0.0
327,40.03,568.94,1e-06,9e-06,34.0,0.0
328,40.03,568.87,1e-06,9e-06,34.0,0.0
329,40.03,567.35,1e-06,9e-06,34.0,0.0
330,40.03,565.86,1e-06,9e-06,34.0,0.0
331,40.03,565.44,1e-06,9e-06,34.0,0.0
332,40.03,564.37,1e-06,9e-06,34.0,0.0
333,40.03,562.88,1e-06,9e-06,34.0,0.0
334,40.03,561.95,1e-06,9e-06,34.0,0.0
335,40.03,558.45,1e-06,9e-06,34.0,0.0
336,40.03,557.76,1e-06,9e-06,34.0,0.0
337,40.03,554.96,1e-06,9e-06,34.0,0.0
338,40.03,551.46,1e-06,9e-06,34.0,0.0
339,40.03,549.1,1e-06,9e-06,34.0,0.0
340,40.03,547.97,1e-06,9e-06,34.0,0.0
341,40.03,544.47,1e-06,9e-06,34.0,0.0
342,40.03,540.98,1e-06,9e-06,34.0,0.0
343,40.03,537.48,1e-06,9e-06,34.0,0.0
344,40.03,533.99,1e-06,9e-06,34.0,0.0
345,40.03,531.44,1e-06,9e-06,34.0,0.0
346,40.03,530.49,1e-06,9e-06,34.0,0.0
347,40.03,527.0,1e-06,9e-06,34.0,0.0
348,40.03,523.5,1e-06,9e-06,34.0,0.0
349,40.03,453.6,1e-06,1e-05,34.0,0.0
350,40.03,451.25,1e-06,1e-05,34.0,0.0
351,40.03,450.11,1e-06,1e-05,34.0,0.0
352,40.03,446.61,1e-06,1e-05,34.0,0.0
353,40.03,443.12,1e-06,1.1e-05,34.0,0.0
354,40.03,299.82,2e-06,1.4e-05,33.0,0.0
355,40.03,264.87,2e-06,1.6e-05,33.0,0.0
356,40.03,121.58,3.4e-05,0.000285,29.0,0.0
357,40.03,2.7475,0.0135,0.113,20.0,0.0
358,49.084,72.91,0.000104,0.000871,28.0,0.0
359,49.084,76.142,0.000102,0.000852,28.0,0.0
360,49.084,77.744,0.000101,0.000843,28.0,0.0
361,49.084,79.637,0.0001,0.000833,28.0,0.0
362,49.084,81.93,9.8e-05,0.00082,28.0,0.0
363,49.084,83.132,9.8e-05,0.000813,28.0,0.0
364,49.084,86.627,9.5e-05,0.000792,28.0,0.0
365,49.084,90.122,9.2e-05,0.000771,28.0,0.0
366,49.084,92.493,9.1e-05,0.000756,28.0,0.0
367,49.084,93.617,9e-05,0.000749,28.0,0.0
368,49.084,97.112,8.7e-05,0.000726,28.0,0.0
369,49.084,98.772,8.6e-05,0.000715,28.0,0.0
370,49.084,100.61,8.4e-05,0.000703,28.0,0.0
371,49.084,102.06,8.3e-05,0.000693,28.0,0.0
372,49.084,104.1,8.2e-05,0.000679,28.0,0.0
373,49.084,105.06,8.1e-05,0.000673,28.0,0.0
374,49.084,107.6,7.9e-05,0.000656,28.0,0.0
375,49.084,108.95,7.8e-05,0.000647,28.0,0.0
376,49.084,111.09,7.6e-05,0.000633,29.0,0.0
377,49.084,112.83,7.4e-05,0.000621,29.0,0.0
378,49.084,114.59,7.3e-05,0.00061,29.0,0.0
379,49.084,116.75,7.2e-05,0.000596,29.0,0.0
380,49.084,118.08,7e-05,0.000588,29.0,0.0
381,49.084,121.58,6.8e-05,0.000566,29.0,0.0
382,49.084,124.97,6.6e-05,0.000546,29.0,0.0
383,49.084,125.07,6.5e-05,0.000545,29.0,0.0
384,49.084,128.57,6.3e-05,0.000525,29.0,0.0
385,49.084,132.06,6.1e-05,0.000506,29.0,0.0
386,49.084,133.19,6e-05,0.000499,29.0,0.0
387,49.084,135.56,5.8e-05,0.000487,29.0,0.0
388,49.084,139.05,5.6e-05,0.000469,29.0,0.0
389,49.084,142.55,5.4e-05,0.000452,29.0,0.0
390,49.084,144.15,5.3e-05,0.000444,29.0,0.0
391,49.084,146.04,5.2e-05,0.000435,29.0,0.0
392,49.084,149.54,5e-05,0.000419,29.0,0.0
393,49.084,149.89,5e-05,0.000418,29.0,0.0
394,49.084,153.03,4.8e-05,0.000404,29.0,0.0
395,49.084,153.87,4.8e-05,0.000401,29.0,0.0
396,49.084,156.53,4.7e-05,0.00039,29.0,0.0
397,49.084,160.02,4.5e-05,0.000374,29.0,0.0
398,49.084,161.99,4.4e-05,0.000364,30.0,0.0
399,49.084,163.52,4.2e-05,0.000353,30.0,0.0
400,49.084,167.01,3.7e-05,0.000309,30.0,0.0
401,49.084,170.51,2.5e-05,0.000206,30.0,0.0
402,49.084,171.17,2.1e-05,0.000179,30.0,0.0
403,49.084,174.0,1.3e-05,0.000108,31.0,0.0
404,49.084,177.5,1e-05,8.6e-05,31.0,0.0
405,49.084,180.35,9e-06,7.6e-05,31.0,0.0
406,49.084,180.99,9e-06,7.4e-05,31.0,0.0
407,49.084,184.49,8e-06,6.7e-05,31.0,0.0
408,49.084,187.98,7e-06,6.2e-05,31.0,0.0
409,49.084,188.7,7e-06,6.1e-05,31.0,0.0
410,49.084,191.48,7e-06,5.8e-05,31.0,0.0
411,49.084,194.97,7e-06,5.5e-05,31.0,0.0
412,49.084,196.18,6e-06,5.4e-05,31.0,0.0
413,49.084,198.47,6e-06,5.2e-05,31.0,0.0
414,49.084,200.38,6e-06,5.1e-05,31.0,0.0
415,49.084,201.96,6e-06,5e-05,31.0,0.0
416,49.084,205.46,6e-06,4.8e-05,32.0,0.0
417,49.084,208.95,6e-06,4.7e-05,32.0,0.0
418,49.084,212.45,5e-06,4.5e-05,32.0,0.0
419,49.084,212.84,5e-06,4.5e-05,32.0,0.0
420,49.084,215.94,5e-06,4.4e-05,32.0,0.0
421,49.084,219.44,5e-06,4.3e-05,32.0,0.0
422,49.084,222.32,5e-06,4.2e-05,32.0,0.0
423,49.084,222.93,5e-06,4.2e-05,32.0,0.0
424,49.084,226.43,5e-06,4.1e-05,32.0,0.0
425,49.084,229.92,5e-06,4e-05,32.0,0.0
426,49.084,231.06,5e-06,4e-05,32.0,0.0
427,49.084,233.42,5e-06,4e-05,32.0,0.0
428,49.084,236.91,5e-06,3.9e-05,32.0,0.0
429,49.084,237.44,5e-06,3.9e-05,32.0,0.0
430,49.084,327.73,4e-06,2.9e-05,33.0,0.0
431,49.084,450.11,3e-06,2.3e-05,33.0,0.0
432,49.084,515.03,2e-06,2e-05,33.0,0.0
433,49.084,588.03,2e-06,1.8e-05,34.0,0.0
434,49.084,586.41,2e-06,1.8e-05,34.0,0.0
435,49.084,585.58,2e-06,1.8e-05,34.0,0.0
436,49.084,583.12,2e-06,1.8e-05,34.0,0.0
437,49.084,582.92,2e-06,1.8e-05,34.0,0.0
438,49.084,580.67,2e-06,1.8e-05,34.0,0.0
439,49.084,579.42,2e-06,1.8e-05,34.0,0.0
440,49.084,578.21,2e-06,1.8e-05,34.0,0.0
441,49.084,575.93,2e-06,1.8e-05,34.0,0.0
442,49.084,575.76,2e-06,1.8e-05,34.0,0.0
443,49.084,573.33,2e-06,1.9e-05,34.0,0.0
444,49.084,572.43,2e-06,1.9e-05,34.0,0.0
445,49.084,571.02,2e-06,1.9e-05,34.0,0.0
446,49.084,568.94,2e-06,1.9e-05,34.0,0.0
447,49.084,568.87,2e-06,1.9e-05,34.0,0.0
448,49.084,567.35,2e-06,1.9e-05,34.0,0.0
449,49.084,565.86,2e-06,1.9e-05,34.0,0.0
450,49.084,565.44,2e-06,1.9e-05,34.0,0.0
451,49.084,564.37,2e-06,1.9e-05,34.0,0.0
452,49.084,562.88,2e-06,1.9e-05,34.0,0.0
453,49.084,561.95,2e-06,1.9e-05,34.0,0.0
454,49.084,558.45,2e-06,1.9e-05,34.0,0.0
455,49.084,557.76,2e-06,1.9e-05,34.0,0.0
456,49.084,554.96,2e-06,1.9e-05,34.0,0.0
457,49.084,551.46,2e-06,1.9e-05,34.0,0.0
458,49.084,549.1,2e-06,1.9e-05,34.0,0.0
459,49.084,547.97,2e-06,1.9e-05,34.0,0.0
460,49.084,544.47,2e-06,2e-05,34.0,0.0
461,49.084,540.98,2e-06,2e-05,33.0,0.0
462,49.084,537.48,2e-06,2e-05,33.0,0.0
463,49.084,533.99,2e-06,2e-05,33.0,0.0
464,49.084,531.44,2e-06,2e-05,33.0,0.0
465,49.084,530.49,2e-06,2e-05,33.0,0.0
466,49.084,527.0,2e-06,2e-05,33.0,0.0
467,49.084,523.5,2e-06,2e-05,33.0,0.0
468,49.084,453.6,3e-06,2.3e-05,33.0,0.0
469,49.084,451.25,3e-06,2.3e-05,33.0,0.0
470,49.084,450.11,3e-06,2.3e-05,33.0,0.0
471,49.084,446.61,3e-06,2.3e-05,33.0,0.0
472,49.084,443.12,3e-06,2.3e-05,33.0,0.0
473,49.084,299.82,4e-06,3.1e-05,32.0,0.0
474,49.084,264.87,4e-06,3.5e-05,32.0,0.0
475,49.084,121.58,6.8e-05,0.000566,29.0,0.0
476,49.084,2.7475,0.0291,0.242,19.0,0.0
477,60.05,72.91,0.000182,0.00152,27.0,0.0
478,60.05,76.142,0.000172,0.00143,27.0,0.0
479,60.05,77.744,0.000169,0.00141,27.0,0.0
480,60.05,79.637,0.000165,0.00138,27.0,0.0
481,60.05,81.93,0.000162,0.00135,27.0,0.0
482,60.05,83.132,0.00016,0.00134,27.0,0.0
483,60.05,86.627,0.000157,0.00131,27.0,0.0
484,60.05,90.122,0.000154,0.00128,27.0,0.0
485,60.05,92.493,0.000152,0.00126,28.0,0.0
486,60.05,93.617,0.000151,0.00126,28.0,0.0
487,60.05,97.112,0.000148,0.00123,28.0,0.0
488,60.05,98.772,0.000146,0.00122,28.0,0.0
489,60.05,100.61,0.000145,0.00121,28.0,0.0
490,60.05,102.06,0.000144,0.0012,28.0,0.0
491,60.05,104.1,0.000142,0.00118,28.0,0.0
492,60.05,105.06,0.000141,0.00118,28.0,0.0
493,60.05,107.6,0.000139,0.00116,28.0,0.0
494,60.05,108.95,0.000138,0.00115,28.0,0.0
495,60.05,111.09,0.000136,0.00113,28.0,0.0
496,60.05,112.83,0.000134,0.00112,28.0,0.0
497,60.05,114.59,0.000133,0.0011,28.0,0.0
498,60.05,116.75,0.00013,0.00109,28.0,0.0
499,60.05,118.08,0.000129,0.00108,28.0,0.0
500,60.05,121.58,0.000126,0.00105,28.0,0.0
501,60.05,124.97,0.000123,0.00102,28.0,0.0
502,60.05,125.07,0.000122,0.00102,28.0,0.0
503,60.05,128.57,0.000119,0.000992,28.0,0.0
504,60.05,132.06,0.000116,0.000964,28.0,0.0
505,60.05,133.19,0.000115,0.000955,28.0,0.0
506,60.05,135.56,0.000112,0.000936,28.0,0.0
507,60.05,139.05,0.000109,0.000908,28.0,0.0
508,60.05,142.55,0.000106,0.000881,28.0,0.0
509,60.05,144.15,0.000104,0.000869,28.0,0.0
510,60.05,146.04,0.000103,0.000855,28.0,0.0
511,60.05,149.54,9.9e-05,0.000828,29.0,0.0
512,60.05,149.89,9.9e-05,0.000826,29.0,0.0
513,60.05,153.03,9.6e-05,0.000803,29.0,0.0
514,60.05,153.87,9.6e-05,0.000797,29.0,0.0
515,60.05,156.53,9.3e-05,0.000778,29.0,0.0
516,60.05,160.02,9e-05,0.000751,29.0,0.0
517,60.05,161.99,8.8e-05,0.000731,29.0,0.0
518,60.05,163.52,8.5e-05,0.000711,29.0,0.0
519,60.05,167.01,7.5e-05,0.000627,29.0,0.0
520,60.05,170.51,5.1e-05,0.000425,29.0,0.0
521,60.05,171.17,4.5e-05,0.000372,29.0,0.0
522,60.05,174.0,2.8e-05,0.00023,30.0,0.0
523,60.05,177.5,2.2e-05,0.000183,30.0,0.0
524,60.05,180.35,2e-05,0.000163,30.0,0.0
525,60.05,180.99,1.9e-05,0.00016,30.0,0.0
526,60.05,184.49,1.7e-05,0.000144,30.0,0.0
527,60.05,187.98,1.6e-05,0.000133,30.0,0.0
528,60.05,188.7,1.6e-05,0.000132,30.0,0.0
529,60.05,191.48,1.5e-05,0.000125,30.0,0.0
530,60.05,194.97,1.4e-05,0.000118,31.0,0.0
531,60.05,196.18,1.4e-05,0.000116,31.0,0.0
532,60.05,198.47,1.4e-05,0.000113,31.0,0.0
533,60.05,200.38,1.3e-05,0.00011,31.0,0.0
534,60.05,201.96,1.3e-05,0.000109,31.0,0.0
535,60.05,205.46,1.3e-05,0.000105,31.0,0.0
536,60.05,208.95,1.2e-05,0.000101,31.0,0.0
537,60.05,212.45,1.2e-05,9.8e-05,31.0,0.0
538,60.05,212.84,1.2e-05,9.8e-05,31.0,0.0
539,60.05,215.94,1.2e-05,9.6e-05,31.0,0.0
540,60.05,219.44,1.1e-05,9.3e-05,31.0,0.0
541,60.05,222.32,1.1e-05,9.2e-05,31.0,0.0
542,60.05,222.93,1.1e-05,9.1e-05,31.0,0.0
543,60.05,226.43,1.1e-05,8.9e-05,31.0,0.0
544,60.05,229.92,1e-05,8.8e-05,31.0,0.0
545,60.05,231.06,1e-05,8.7e-05,31.0,0.0
546,60.05,233.42,1e-05,8.6e-05,31.0,0.0
547,60.05,236.91,1e-05,8.4e-05,31.0,0.0
548,60.05,237.44,1e-05,8.4e-05,31.0,0.0
549,60.05,327.73,8e-06,6.3e-05,32.0,0.0
550,60.05,450.11,6e-06,5e-05,32.0,0.0
551,60.05,515.03,5e-06,4.4e-05,33.0,0.0
552,60.05,588.03,5e-06,3.9e-05,33.0,0.0
553,60.05,586.41,5e-06,4e-05,33.0,0.0
554,60.05,585.58,5e-06,4e-05,33.0,0.0
555,60.05,583.12,5e-06,4e-05,33.0,0.0
556,60.05,582.92,5e-06,4e-05,33.0,0.0
557,60.05,580.67,5e-06,4e-05,33.0,0.0
558,60.05,579.42,5e-06,4e-05,33.0,0.0
559,60.05,578.21,5e-06,4e-05,33.0,0.0
560,60.05,575.93,5e-06,4e-05,33.0,0.0
561,60.05,575.76,5e-06,4e-05,33.0,0.0
562,60.05,573.33,5e-06,4e-05,33.0,0.0
563,60.05,572.43,5e-06,4e-05,33.0,0.0
564,60.05,571.02,5e-06,4e-05,33.0,0.0
565,60.05,568.94,5e-06,4.1e-05,33.0,0.0
566,60.05,568.87,5e-06,4.1e-05,33.0,0.0
567,60.05,567.35,5e-06,4.1e-05,33.0,0.0
568,60.05,565.86,5e-06,4.1e-05,33.0,0.0
569,60.05,565.44,5e-06,4.1e-05,33.0,0.0
570,60.05,564.37,5e-06,4.1e-05,33.0,0.0
571,60.05,562.88,5e-06,4.1e-05,33.0,0.0
572,60.05,561.95,5e-06,4.1e-05,33.0,0.0
573,60.05,558.45,5e-06,4.1e-05,33.0,0.0
574,60.05,557.76,5e-06,4.1e-05,33.0,0.0
575,60.05,554.96,5e-06,4.2e-05,33.0,0.0
576,60.05,551.46,5e-06,4.2e-05,33.0,0.0
577,60.05,549.1,5e-06,4.2e-05,33.0,0.0
578,60.05,547.97,5e-06,4.2e-05,33.0,0.0
579,60.05,544.47,5e-06,4.2e-05,33.0,0.0
580,60.05,540.98,5e-06,4.3e-05,33.0,0.0
581,60.05,537.48,5e-06,4.3e-05,33.0,0.0
582,60.05,533.99,5e-06,4.3e-05,33.0,0.0
583,60.05,531.44,5e-06,4.3e-05,33.0,0.0
584,60.05,530.49,5e-06,4.3e-05,33.0,0.0
585,60.05,527.0,5e-06,4.4e-05,33.0,0.0
586,60.05,523.5,5e-06,4.4e-05,33.0,0.0
587,60.05,453.6,6e-06,5e-05,32.0,0.0
588,60.05,451.25,6e-06,5e-05,32.0,0.0
589,60.05,450.11,6e-06,5e-05,32.0,0.0
590,60.05,446.61,6e-06,5e-05,32.0,0.0
591,60.05,443.12,6e-06,5e-05,32.0,0.0
592,60.05,299.82,8e-06,6.8e-05,32.0,0.0
593,60.05,264.87,9e-06,7.5e-05,31.0,0.0
594,60.05,121.58,0.000126,0.00105,28.0,0.0
595,60.05,2.7475,0.0618,0.515,18.0,0.0
596,64.262,72.91,0.00024,0.002,27.0,0.0
597,64.262,76.142,0.000216,0.0018,27.0,0.0
598,64.262,77.744,0.000209,0.00174,27.0,0.0
599,64.262,79.637,0.000202,0.00168,27.0,0.0
600,64.262,81.93,0.000195,0.00163,27.0,0.0
601,64.262,83.132,0.000192,0.0016,27.0,0.0
602,64.262,86.627,0.000186,0.00155,27.0,0.0
603,64.262,90.122,0.000181,0.00151,27.0,0.0
604,64.262,92.493,0.000179,0.00149,27.0,0.0
605,64.262,93.617,0.000178,0.00148,27.0,0.0
606,64.262,97.112,0.000174,0.00145,27.0,0.0
607,64.262,98.772,0.000173,0.00144,27.0,0.0
608,64.262,100.61,0.000171,0.00143,27.0,0.0
609,64.262,102.06,0.00017,0.00142,28.0,0.0
610,64.262,104.1,0.000168,0.0014,28.0,0.0
611,64.262,105.06,0.000167,0.0014,28.0,0.0
612,64.262,107.6,0.000165,0.00138,28.0,0.0
613,64.262,108.95,0.000164,0.00137,28.0,0.0
614,64.262,111.09,0.000162,0.00135,28.0,0.0
615,64.262,112.83,0.00016,0.00134,28.0,0.0
616,64.262,114.59,0.000159,0.00132,28.0,0.0
617,64.262,116.75,0.000157,0.00131,28.0,0.0
618,64.262,118.08,0.000155,0.0013,28.0,0.0
619,64.262,121.58,0.000152,0.00127,28.0,0.0
620,64.262,124.97,0.000149,0.00124,28.0,0.0
621,64.262,125.07,0.000149,0.00124,28.0,0.0
622,64.262,128.57,0.000145,0.00121,28.0,0.0
623,64.262,132.06,0.000141,0.00118,28.0,0.0
624,64.262,133.19,0.00014,0.00117,28.0,0.0
625,64.262,135.56,0.000138,0.00115,28.0,0.0
626,64.262,139.05,0.000134,0.00112,28.0,0.0
627,64.262,142.55,0.00013,0.00109,28.0,0.0
628,64.262,144.15,0.000129,0.00107,28.0,0.0
629,64.262,146.04,0.000127,0.00106,28.0,0.0
630,64.262,149.54,0.000123,0.00103,28.0,0.0
631,64.262,149.89,0.000123,0.00103,28.0,0.0
632,64.262,153.03,0.00012,0.001,28.0,0.0
633,64.262,153.87,0.000119,0.000993,28.0,0.0
634,64.262,156.53,0.000116,0.00097,28.0,0.0
635,64.262,160.02,0.000113,0.000938,28.0,0.0
636,64.262,161.99,0.00011,0.000915,29.0,0.0
637,64.262,163.52,0.000107,0.000891,29.0,0.0
638,64.262,167.01,9.5e-05,0.000789,29.0,0.0
639,64.262,170.51,6.5e-05,0.00054,29.0,0.0
640,64.262,171.17,5.7e-05,0.000474,29.0,0.0
641,64.262,174.0,3.5e-05,0.000295,30.0,0.0
642,64.262,177.5,2.8e-05,0.000236,30.0,0.0
643,64.262,180.35,2.5e-05,0.000211,30.0,0.0
644,64.262,180.99,2.5e-05,0.000206,30.0,0.0
645,64.262,184.49,2.2e-05,0.000186,30.0,0.0
646,64.262,187.98,2.1e-05,0.000173,30.0,0.0
647,64.262,188.7,2e-05,0.00017,30.0,0.0
648,64.262,191.48,1.9e-05,0.000162,30.0,0.0
649,64.262,194.97,1.8e-05,0.000153,30.0,0.0
650,64.262,196.18,1.8e-05,0.000151,30.0,0.0
651,64.262,198.47,1.8e-05,0.000146,30.0,0.0
652,64.262,200.38,1.7e-05,0.000143,30.0,0.0
653,64.262,201.96,1.7e-05,0.000141,30.0,0.0
654,64.262,205.46,1.6e-05,0.000136,30.0,0.0
655,64.262,208.95,1.6e-05,0.000131,31.0,0.0
656,64.262,212.45,1.5e-05,0.000127,31.0,0.0
657,64.262,212.84,1.5e-05,0.000127,31.0,0.0
658,64.262,215.94,1.5e-05,0.000124,31.0,0.0
659,64.262,219.44,1.4e-05,0.000121,31.0,0.0
660,64.262,222.32,1.4e-05,0.000119,31.0,0.0
661,64.262,222.93,1.4e-05,0.000118,31.0,0.0
662,64.262,226.43,1.4e-05,0.000116,31.0,0.0
663,64.262,229.92,1.4e-05,0.000113,31.0,0.0
664,64.262,231.06,1.4e-05,0.000113,31.0,0.0
665,64.262,233.42,1.3e-05,0.000111,31.0,0.0
666,64.262,236.91,1.3e-05,0.000109,31.0,0.0
667,64.262,237.44,1.3e-05,0.000109,31.0,0.0
668,64.262,327.73,1e-05,8.2e-05,31.0,0.0
669,64.262,450.11,8e-06,6.5e-05,32.0,0.0
670,64.262,515.03,7e-06,5.8e-05,32.0,0.0
671,64.262,588.03,6e-06,5.1e-05,33.0,0.0
672,64.262,586.41,6e-06,5.1e-05,33.0,0.0
673,64.262,585.58,6e-06,5.1e-05,33.0,0.0
674,64.262,583.12,6e-06,5.1e-05,33.0,0.0
675,64.262,582.92,6e-06,5.2e-05,33.0,0.0
676,64.262,580.67,6e-06,5.2e-05,33.0,0.0
677,64.262,579.42,6e-06,5.2e-05,33.0,0.0
678,64.262,578.21,6e-06,5.2e-05,33.0,0.0
679,64.262,575.93,6e-06,5.2e-05,33.0,0.0
680,64.262,575.76,6e-06,5.2e-05,33.0,0.0
681,64.262,573.33,6e-06,5.2e-05,33.0,0.0
682,64.262,572.43,6e-06,5.2e-05,33.0,0.0
683,64.262,571.02,6e-06,5.2e-05,33.0,0.0
684,64.262,568.94,6e-06,5.3e-05,33.0,0.0
685,64.262,568.87,6e-06,5.3e-05,33.0,0.0
686,64.262,567.35,6e-06,5.3e-05,33.0,0.0
687,64.262,565.86,6e-06,5.3e-05,33.0,0.0
688,64.262,565.44,6e-06,5.3e-05,33.0,0.0
689,64.262,564.37,6e-06,5.3e-05,33.0,0.0
690,64.262,562.88,6e-06,5.3e-05,33.0,0.0
691,64.262,561.95,6e-06,5.3e-05,33.0,0.0
692,64.262,558.45,6e-06,5.4e-05,33.0,0.0
693,64.262,557.76,6e-06,5.4e-05,33.0,0.0
694,64.262,554.96,6e-06,5.4e-05,32.0,0.0
695,64.262,551.46,7e-06,5.4e-05,32.0,0.0
696,64.262,549.1,7e-06,5.4e-05,32.0,0.0
697,64.262,547.97,7e-06,5.5e-05,32.0,0.0
698,64.262,544.47,7e-06,5.5e-05,32.0,0.0
699,64.262,540.98,7e-06,5.5e-05,32.0,0.0
700,64.262,537.48,7e-06,5.6e-05,32.0,0.0
701,64.262,533.99,7e-06,5.6e-05,32.0,0.0
702,64.262,531.44,7e-06,5.6e-05,32.0,0.0
703,64.262,530.49,7e-06,5.6e-05,32.0,0.0
704,64.262,527.0,7e-06,5.6e-05,32.0,0.0
705,64.262,523.5,7e-06,5.7e-05,32.0,0.0
706,64.262,453.6,8e-06,6.4e-05,32.0,0.0
707,64.262,451.25,8e-06,6.4e-05,32.0,0.0
708,64.262,450.11,8e-06,6.5e-05,32.0,0.0
709,64.262,446.61,8e-06,6.5e-05,32.0,0.0
710,64.262,443.12,8e-06,6.6e-05,32.0,0.0
711,64.262,299.82,1e-05,8.8e-05,31.0,0.0
712,64.262,264.87,1.2e-05,9.8e-05,31.0,0.0
713,64.262,121.58,0.000152,0.00127,28.0,0.0
714,64.262,2.7475,0.0795,0.663,18.0,0.0
715,70.374,72.91,0.000463,0.00386,26.0,0.0
716,70.374,76.142,0.000344,0.00287,27.0,0.0
717,70.374,77.744,0.000314,0.00261,27.0,0.0
718,70.374,79.637,0.000288,0.0024,27.0,0.0
719,70.374,81.93,0.000268,0.00223,27.0,0.0
720,70.374,83.132,0.000259,0.00216,27.0,0.0
721,70.374,86.627,0.000242,0.00202,27.0,0.0
722,70.374,90.122,0.000231,0.00193,27.0,0.0
723,70.374,92.493,0.000226,0.00188,27.0,0.0
724,70.374,93.617,0.000224,0.00187,27.0,0.0
725,70.374,97.112,0.000218,0.00182,27.0,0.0
726,70.374,98.772,0.000216,0.0018,27.0,0.0
727,70.374,100.61,0.000214,0.00178,27.0,0.0
728,70.374,102.06,0.000212,0.00177,27.0,0.0
729,70.374,104.1,0.00021,0.00175,27.0,0.0
730,70.374,105.06,0.000209,0.00174,27.0,0.0
731,70.374,107.6,0.000207,0.00172,27.0,0.0
732,70.374,108.95,0.000205,0.00171,27.0,0.0
733,70.374,111.09,0.000203,0.00169,27.0,0.0
734,70.374,112.83,0.000202,0.00168,27.0,0.0
735,70.374,114.59,0.0002,0.00167,27.0,0.0
736,70.374,116.75,0.000198,0.00165,27.0,0.0
737,70.374,118.08,0.000197,0.00164,28.0,0.0
738,70.374,121.58,0.000193,0.00161,28.0,0.0
739,70.374,124.97,0.00019,0.00158,28.0,0.0
740,70.374,125.07,0.00019,0.00158,28.0,0.0
741,70.374,128.57,0.000186,0.00155,28.0,0.0
742,70.374,132.06,0.000182,0.00152,28.0,0.0
743,70.374,133.19,0.000181,0.00151,28.0,0.0
744,70.374,135.56,0.000178,0.00149,28.0,0.0
745,70.374,139.05,0.000175,0.00145,28.0,0.0
746,70.374,142.55,0.000171,0.00142,28.0,0.0
747,70.374,144.15,0.000169,0.00141,28.0,0.0
748,70.374,146.04,0.000167,0.00139,28.0,0.0
749,70.374,149.54,0.000163,0.00136,28.0,0.0
750,70.374,149.89,0.000162,0.00135,28.0,0.0
751,70.374,153.03,0.000159,0.00132,28.0,0.0
752,70.374,153.87,0.000158,0.00132,28.0,0.0
753,70.374,156.53,0.000155,0.00129,28.0,0.0
754,70.374,160.02,0.00015,0.00125,28.0,0.0
755,70.374,161.99,0.000147,0.00122,28.0,0.0
756,70.374,163.52,0.000143,0.00119,28.0,0.0
757,70.374,167.01,0.000127,0.00106,28.0,0.0
758,70.374,170.51,8.9e-05,0.000739,29.0,0.0
759,70.374,171.17,7.8e-05,0.000652,29.0,0.0
760,70.374,174.0,4.9e-05,0.000411,29.0,0.0
761,70.374,177.5,4e-05,0.000331,29.0,0.0
762,70.374,180.35,3.5e-05,0.000295,30.0,0.0
763,70.374,180.99,3.5e-05,0.000289,30.0,0.0
764,70.374,184.49,3.2e-05,0.000262,30.0,0.0
765,70.374,187.98,2.9e-05,0.000243,30.0,0.0
766,70.374,188.7,2.9e-05,0.000239,30.0,0.0
767,70.374,191.48,2.7e-05,0.000228,30.0,0.0
768,70.374,194.97,2.6e-05,0.000216,30.0,0.0
769,70.374,196.18,2.6e-05,0.000213,30.0,0.0
770,70.374,198.47,2.5e-05,0.000206,30.0,0.0
771,70.374,200.38,2.4e-05,0.000202,30.0,0.0
772,70.374,201.96,2.4e-05,0.000198,30.0,0.0
773,70.374,205.46,2.3e-05,0.000191,30.0,0.0
774,70.374,208.95,2.2e-05,0.000185,30.0,0.0
775,70.374,212.45,2.2e-05,0.00018,30.0,0.0
776,70.374,212.84,2.2e-05,0.000179,30.0,0.0
777,70.374,215.94,2.1e-05,0.000175,30.0,0.0
778,70.374,219.44,2e-05,0.000171,30.0,0.0
779,70.374,222.32,2e-05,0.000168,30.0,0.0
780,70.374,222.93,2e-05,0.000167,30.0,0.0
781,70.374,226.43,2e-05,0.000164,30.0,0.0
782,70.374,229.92,1.9e-05,0.00016,30.0,0.0
783,70.374,231.06,1.9e-05,0.000159,30.0,0.0
784,70.374,233.42,1.9e-05,0.000157,30.0,0.0
785,70.374,236.91,1.9e-05,0.000155,30.0,0.0
786,70.374,237.44,1.8e-05,0.000154,30.0,0.0
787,70.374,327.73,1.4e-05,0.000116,31.0,0.0
788,70.374,450.11,1.1e-05,9.2e-05,32.0,0.0
789,70.374,515.03,1e-05,8.2e-05,32.0,0.0
790,70.374,588.03,9e-06,7.2e-05,32.0,0.0
791,70.374,586.41,9e-06,7.2e-05,32.0,0.0
792,70.374,585.58,9e-06,7.2e-05,32.0,0.0
793,70.374,583.12,9e-06,7.3e-05,32.0,0.0
794,70.374,582.92,9e-06,7.3e-05,32.0,0.0
795,70.374,580.67,9e-06,7.3e-05,32.0,0.0
796,70.374,579.42,9e-06,7.3e-05,32.0,0.0
797,70.374,578.21,9e-06,7.3e-05,32.0,0.0
798,70.374,575.93,9e-06,7.4e-05,32.0,0.0
799,70.374,575.76,9e-06,7.4e-05,32.0,0.0
800,70.374,573.33,9e-06,7.4e-05,32.0,0.0
801,70.374,572.43,9e-06,7.4e-05,32.0,0.0
802,70.374,571.02,9e-06,7.4e-05,32.0,0.0
803,70.374,568.94,9e-06,7.5e-05,32.0,0.0
804,70.374,568.87,9e-06,7.5e-05,32.0,0.0
805,70.374,567.35,9e-06,7.5e-05,32.0,0.0
806,70.374,565.86,9e-06,7.5e-05,32.0,0.0
807,70.374,565.44,9e-06,7.5e-05,32.0,0.0
808,70.374,564.37,9e-06,7.5e-05,32.0,0.0
809,70.374,562.88,9e-06,7.5e-05,32.0,0.0
810,70.374,561.95,9e-06,7.6e-05,32.0,0.0
811,70.374,558.45,9e-06,7.6e-05,32.0,0.0
812,70.374,557.76,9e-06,7.6e-05,32.0,0.0
813,70.374,554.96,9e-06,7.6e-05,32.0,0.0
814,70.374,551.46,9e-06,7.7e-05,32.0,0.0
815,70.374,549.1,9e-06,7.7e-05,32.0,0.0
816,70.374,547.97,9e-06,7.7e-05,32.0,0.0
817,70.374,544.47,9e-06,7.8e-05,32.0,0.0
818,70.374,540.98,9e-06,7.8e-05,32.0,0.0
819,70.374,537.48,9e-06,7.9e-05,32.0,0.0
820,70.374,533.99,1e-05,7.9e-05,32.0,0.0
821,70.374,531.44,1e-05,8e-05,32.0,0.0
822,70.374,530.49,1e-05,8e-05,32.0,0.0
823,70.374,527.0,1e-05,8e-05,32.0,0.0
824,70.374,523.5,1e-05,8.1e-05,32.0,0.0
825,70.374,453.6,1.1e-05,9.1e-05,32.0,0.0
826,70.374,451.25,1.1e-05,9.1e-05,32.0,0.0
827,70.374,450.11,1.1e-05,9.2e-05,32.0,0.0
828,70.374,446.61,1.1e-05,9.2e-05,32.0,0.0
829,70.374,443.12,1.1e-05,9.3e-05,32.0,0.0
830,70.374,299.82,1.5e-05,0.000125,31.0,0.0
831,70.374,264.87,1.7e-05,0.000138,31.0,0.0
832,70.374,121.58,0.000193,0.00161,28.0,0.0
833,70.374,2.7475,0.111,0.929,17.0,0.0
834,70.792,72.91,0.000495,0.00413,26.0,0.0
835,70.792,76.142,0.000359,0.00299,26.0,0.0
836,70.792,77.744,0.000325,0.00271,27.0,0.0
837,70.792,79.637,0.000297,0.00248,27.0,0.0
838,70.792,81.93,0.000274,0.00229,27.0,0.0
839,70.792,83.132,0.000266,0.00221,27.0,0.0
840,70.792,86.627,0.000247,0.00206,27.0,0.0
841,70.792,90.122,0.000235,0.00196,27.0,0.0
842,70.792,92.493,0.00023,0.00191,27.0,0.0
843,70.792,93.617,0.000227,0.0019,27.0,0.0
844,70.792,97.112,0.000222,0.00185,27.0,0.0
845,70.792,98.772,0.000219,0.00183,27.0,0.0
846,70.792,100.61,0.000217,0.00181,27.0,0.0
847,70.792,102.06,0.000215,0.00179,27.0,0.0
848,70.792,104.1,0.000213,0.00178,27.0,0.0
849,70.792,105.06,0.000212,0.00177,27.0,0.0
850,70.792,107.6,0.00021,0.00175,27.0,0.0
851,70.792,108.95,0.000208,0.00174,27.0,0.0
852,70.792,111.09,0.000206,0.00172,27.0,0.0
853,70.792,112.83,0.000205,0.0017,27.0,0.0
854,70.792,114.59,0.000203,0.00169,27.0,0.0
855,70.792,116.75,0.000201,0.00167,27.0,0.0
856,70.792,118.08,0.0002,0.00166,27.0,0.0
857,70.792,121.58,0.000196,0.00163,28.0,0.0
858,70.792,124.97,0.000193,0.00161,28.0,0.0
859,70.792,125.07,0.000193,0.0016,28.0,0.0
860,70.792,128.57,0.000189,0.00157,28.0,0.0
861,70.792,132.06,0.000185,0.00154,28.0,0.0
862,70.792,133.19,0.000184,0.00153,28.0,0.0
863,70.792,135.56,0.000181,0.00151,28.0,0.0
864,70.792,139.05,0.000177,0.00148,28.0,0.0
865,70.792,142.55,0.000174,0.00145,28.0,0.0
866,70.792,144.15,0.000172,0.00143,28.0,0.0
867,70.792,146.04,0.00017,0.00141,28.0,0.0
868,70.792,149.54,0.000166,0.00138,28.0,0.0
869,70.792,149.89,0.000165,0.00138,28.0,0.0
870,70.792,153.03,0.000162,0.00135,28.0,0.0
871,70.792,153.87,0.000161,0.00134,28.0,0.0
872,70.792,156.53,0.000158,0.00131,28.0,0.0
873,70.792,160.02,0.000153,0.00127,28.0,0.0
874,70.792,161.99,0.00015,0.00125,28.0,0.0
875,70.792,163.52,0.000146,0.00122,28.0,0.0
876,70.792,167.01,0.00013,0.00108,28.0,0.0
877,70.792,170.51,9e-05,0.000754,29.0,0.0
878,70.792,171.17,8e-05,0.000665,29.0,0.0
879,70.792,174.0,5e-05,0.00042,29.0,0.0
880,70.792,177.5,4.1e-05,0.000338,29.0,0.0
881,70.792,180.35,3.6e-05,0.000302,30.0,0.0
882,70.792,180.99,3.6e-05,0.000296,30.0,0.0
883,70.792,184.49,3.2e-05,0.000268,30.0,0.0
884,70.792,187.98,3e-05,0.000248,30.0,0.0
885,70.792,188.7,2.9e-05,0.000245,30.0,0.0
886,70.792,191.48,2.8e-05,0.000233,30.0,0.0
887,70.792,194.97,2.6e-05,0.000221,30.0,0.0
888,70.792,196.18,2.6e-05,0.000217,30.0,0.0
889,70.792,198.47,2.5e-05,0.000211,30.0,0.0
890,70.792,200.38,2.5e-05,0.000206,30.0,0.0
891,70.792,201.96,2.4e-05,0.000203,30.0,0.0
892,70.792,205.46,2.4e-05,0.000196,30.0,0.0
893,70.792,208.95,2.3e-05,0.00019,30.0,0.0
894,70.792,212.45,2.2e-05,0.000184,30.0,0.0
895,70.792,212.84,2.2e-05,0.000183,30.0,0.0
896,70.792,215.94,2.2e-05,0.000179,30.0,0.0
897,70.792,219.44,2.1e-05,0.000175,30.0,0.0
898,70.792,222.32,2.1e-05,0.000172,30.0,0.0
899,70.792,222.93,2e-05,0.000171,30.0,0.0
900,70.792,226.43,2e-05,0.000167,30.0,0.0
901,70.792,229.92,2e-05,0.000164,30.0,0.0
902,70.792,231.06,2e-05,0.000163,30.0,0.0
903,70.792,233.42,1.9e-05,0.000161,30.0,0.0
904,70.792,236.91,1.9e-05,0.000158,30.0,0.0
905,70.792,237.44,1.9e-05,0.000158,30.0,0.0
906,70.792,327.73,1.4e-05,0.000119,31.0,0.0
907,70.792,450.11,1.1e-05,9.4e-05,32.0,0.0
908,70.792,515.03,1e-05,8.4e-05,32.0,0.0
909,70.792,588.03,9e-06,7.4e-05,32.0,0.0
910,70.792,586.41,9e-06,7.4e-05,32.0,0.0
911,70.792,585.58,9e-06,7.4e-05,32.0,0.0
912,70.792,583.12,9e-06,7.4e-05,32.0,0.0
913,70.792,582.92,9e-06,7.4e-05,32.0,0.0
914,70.792,580.67,9e-06,7.5e-05,32.0,0.0
915,70.792,579.42,9e-06,7.5e-05,32.0,0.0
916,70.792,578.21,9e-06,7.5e-05,32.0,0.0
917,70.792,575.93,9e-06,7.5e-05,32.0,0.0
918,70.792,575.76,9e-06,7.5e-05,32.0,0.0
919,70.792,573.33,9e-06,7.6e-05,32.0,0.0
920,70.792,572.43,9e-06,7.6e-05,32.0,0.0
921,70.792,571.02,9e-06,7.6e-05,32.0,0.0
922,70.792,568.94,9e-06,7.6e-05,32.0,0.0
923,70.792,568.87,9e-06,7.6e-05,32.0,0.0
924,70.792,567.35,9e-06,7.6e-05,32.0,0.0
925,70.792,565.86,9e-06,7.7e-05,32.0,0.0
926,70.792,565.44,9e-06,7.7e-05,32.0,0.0
927,70.792,564.37,9e-06,7.7e-05,32.0,0.0
928,70.792,562.88,9e-06,7.7e-05,32.0,0.0
929,70.792,561.95,9e-06,7.7e-05,32.0,0.0
930,70.792,558.45,9e-06,7.8e-05,32.0,0.0
931,70.792,557.76,9e-06,7.8e-05,32.0,0.0
932,70.792,554.96,9e-06,7.8e-05,32.0,0.0
933,70.792,551.46,9e-06,7.9e-05,32.0,0.0
934,70.792,549.1,9e-06,7.9e-05,32.0,0.0
935,70.792,547.97,9e-06,7.9e-05,32.0,0.0
936,70.792,544.47,1e-05,8e-05,32.0,0.0
937,70.792,540.98,1e-05,8e-05,32.0,0.0
938,70.792,537.48,1e-05,8e-05,32.0,0.0
939,70.792,533.99,1e-05,8.1e-05,32.0,0.0
940,70.792,531.44,1e-05,8.1e-05,32.0,0.0
941,70.792,530.49,1e-05,8.1e-05,32.0,0.0
942,70.792,527.0,1e-05,8.2e-05,32.0,0.0
943,70.792,523.5,1e-05,8.2e-05,32.0,0.0
944,70.792,453.6,1.1e-05,9.3e-05,32.0,0.0
945,70.792,451.25,1.1e-05,9.4e-05,32.0,0.0
946,70.792,450.11,1.1e-05,9.4e-05,32.0,0.0
947,70.792,446.61,1.1e-05,9.4e-05,32.0,0.0
948,70.792,443.12,1.1e-05,9.5e-05,32.0,0.0
949,70.792,299.82,1.5e-05,0.000127,31.0,0.0
950,70.792,264.87,1.7e-05,0.000141,31.0,0.0
951,70.792,121.58,0.000196,0.00163,28.0,0.0
952,70.792,2.7475,0.114,0.949,17.0,0.0
953,80.07,72.91,0.00328,0.0273,24.0,0.0
954,80.07,76.142,0.0028,0.0233,25.0,0.0
955,80.07,77.744,0.00198,0.0165,25.0,0.0
956,80.07,79.637,0.00108,0.00896,26.0,0.0
957,80.07,81.93,0.000674,0.00562,26.0,0.0
958,80.07,83.132,0.000582,0.00485,26.0,0.0
959,80.07,86.627,0.000442,0.00368,26.0,0.0
960,80.07,90.122,0.000376,0.00313,27.0,0.0
961,80.07,92.493,0.000349,0.00291,27.0,0.0
962,80.07,93.617,0.00034,0.00283,27.0,0.0
963,80.07,97.112,0.000317,0.00265,27.0,0.0
964,80.07,98.772,0.00031,0.00258,27.0,0.0
965,80.07,100.61,0.000303,0.00252,27.0,0.0
966,80.07,102.06,0.000298,0.00248,27.0,0.0
967,80.07,104.1,0.000292,0.00244,27.0,0.0
968,80.07,105.06,0.00029,0.00242,27.0,0.0
969,80.07,107.6,0.000285,0.00237,27.0,0.0
970,80.07,108.95,0.000282,0.00235,27.0,0.0
971,80.07,111.09,0.000279,0.00232,27.0,0.0
972,80.07,112.83,0.000276,0.0023,27.0,0.0
973,80.07,114.59,0.000274,0.00228,27.0,0.0
974,80.07,116.75,0.000271,0.00226,27.0,0.0
975,80.07,118.08,0.00027,0.00225,27.0,0.0
976,80.07,121.58,0.000266,0.00221,27.0,0.0
977,80.07,124.97,0.000262,0.00218,27.0,0.0
978,80.07,125.07,0.000262,0.00218,27.0,0.0
979,80.07,128.57,0.000258,0.00215,27.0,0.0
980,80.07,132.06,0.000254,0.00212,27.0,0.0
981,80.07,133.19,0.000253,0.00211,27.0,0.0
982,80.07,135.56,0.000251,0.00209,27.0,0.0
983,80.07,139.05,0.000247,0.00206,27.0,0.0
984,80.07,142.55,0.000243,0.00202,27.0,0.0
985,80.07,144.15,0.000241,0.00201,28.0,0.0
986,80.07,146.04,0.000239,0.00199,28.0,0.0
987,80.07,149.54,0.000234,0.00195,28.0,0.0
988,80.07,149.89,0.000234,0.00195,28.0,0.0
989,80.07,153.03,0.00023,0.00192,28.0,0.0
990,80.07,153.87,0.000229,0.00191,28.0,0.0
991,80.07,156.53,0.000225,0.00188,28.0,0.0
992,80.07,160.02,0.00022,0.00183,28.0,0.0
993,80.07,161.99,0.000216,0.0018,28.0,0.0
994,80.07,163.52,0.000211,0.00176,28.0,0.0
995,80.07,167.01,0.00019,0.00159,28.0,0.0
996,80.07,170.51,0.000136,0.00113,28.0,0.0
997,80.07,171.17,0.000121,0.00101,28.0,0.0
998,80.07,174.0,7.8e-05,0.000653,29.0,0.0
999,80.07,177.5,6.4e-05,0.00053,29.0,0.0
1000,80.07,180.35,5.7e-05,0.000475,29.0,0.0
1001,80.07,180.99,5.6e-05,0.000465,29.0,0.0
1002,80.07,184.49,5.1e-05,0.000423,29.0,0.0
1003,80.07,187.98,4.7e-05,0.000393,29.0,0.0
1004,80.07,188.7,4.6e-05,0.000387,29.0,0.0
1005,80.07,191.48,4.4e-05,0.000369,29.0,0.0
1006,80.07,194.97,4.2e-05,0.000351,29.0,0.0
1007,80.07,196.18,4.1e-05,0.000345,29.0,0.0
1008,80.07,198.47,4e-05,0.000335,29.0,0.0
1009,80.07,200.38,3.9e-05,0.000328,30.0,0.0
1010,80.07,201.96,3.9e-05,0.000322,30.0,0.0
1011,80.07,205.46,3.7e-05,0.000311,30.0,0.0
1012,80.07,208.95,3.6e-05,0.000302,30.0,0.0
1013,80.07,212.45,3.5e-05,0.000293,30.0,0.0
1014,80.07,212.84,3.5e-05,0.000292,30.0,0.0
1015,80.07,215.94,3.4e-05,0.000285,30.0,0.0
1016,80.07,219.44,3.3e-05,0.000279,30.0,0.0
1017,80.07,222.32,3.3e-05,0.000274,30.0,0.0
1018,80.07,222.93,3.3e-05,0.000273,30.0,0.0
1019,80.07,226.43,3.2e-05,0.000267,30.0,0.0
1020,80.07,229.92,3.1e-05,0.000262,30.0,0.0
1021,80.07,231.06,3.1e-05,0.00026,30.0,0.0
1022,80.07,233.42,3.1e-05,0.000257,30.0,0.0
1023,80.07,236.91,3e-05,0.000253,30.0,0.0
1024,80.07,237.44,3e-05,0.000252,30.0,0.0
1025,80.07,327.73,2.3e-05,0.000191,31.0,0.0
1026,80.07,450.11,1.8e-05,0.00015,31.0,0.0
1027,80.07,515.03,1.6e-05,0.000134,31.0,0.0
1028,80.07,588.03,1.4e-05,0.000118,32.0,0.0
1029,80.07,586.41,1.4e-05,0.000119,32.0,0.0
1030,80.07,585.58,1.4e-05,0.000119,32.0,0.0
1031,80.07,583.12,1.4e-05,0.000119,32.0,0.0
1032,80.07,582.92,1.4e-05,0.000119,32.0,0.0
1033,80.07,580.67,1.4e-05,0.00012,32.0,0.0
1034,80.07,579.42,1.4e-05,0.00012,32.0,0.0
1035,80.07,578.21,1.4e-05,0.00012,32.0,0.0
1036,80.07,575.93,1.4e-05,0.000121,32.0,0.0
1037,80.07,575.76,1.4e-05,0.000121,32.0,0.0
1038,80.07,573.33,1.5e-05,0.000121,32.0,0.0
1039,80.07,572.43,1.5e-05,0.000121,32.0,0.0
1040,80.07,571.02,1.5e-05,0.000122,32.0,0.0
1041,80.07,568.94,1.5e-05,0.000122,32.0,0.0
1042,80.07,568.87,1.5e-05,0.000122,32.0,0.0
1043,80.07,567.35,1.5e-05,0.000123,32.0,0.0
1044,80.07,565.86,1.5e-05,0.000123,32.0,0.0
1045,80.07,565.44,1.5e-05,0.000123,32.0,0.0
1046,80.07,564.37,1.5e-05,0.000123,32.0,0.0
1047,80.07,562.88,1.5e-05,0.000123,32.0,0.0
1048,80.07,561.95,1.5e-05,0.000124,32.0,0.0
1049,80.07,558.45,1.5e-05,0.000124,32.0,0.0
1050,80.07,557.76,1.5e-05,0.000125,32.0,0.0
1051,80.07,554.96,1.5e-05,0.000125,32.0,0.0
1052,80.07,551.46,1.5e-05,0.000126,32.0,0.0
1053,80.07,549.1,1.5e-05,0.000126,32.0,0.0
1054,80.07,547.97,1.5e-05,0.000127,32.0,0.0
1055,80.07,544.47,1.5e-05,0.000127,32.0,0.0
1056,80.07,540.98,1.5e-05,0.000128,32.0,0.0
1057,80.07,537.48,1.6e-05,0.000129,32.0,0.0
1058,80.07,533.99,1.6e-05,0.00013,32.0,0.0
1059,80.07,531.44,1.6e-05,0.00013,32.0,0.0
1060,80.07,530.49,1.6e-05,0.00013,32.0,0.0
1061,80.07,527.0,1.6e-05,0.000131,32.0,0.0
1062,80.07,523.5,1.6e-05,0.000132,32.0,0.0
1063,80.07,453.6,1.8e-05,0.000149,31.0,0.0
1064,80.07,451.25,1.8e-05,0.00015,31.0,0.0
1065,80.07,450.11,1.8e-05,0.00015,31.0,0.0
1066,80.07,446.61,1.8e-05,0.000151,31.0,0.0
1067,80.07,443.12,1.8e-05,0.000152,31.0,0.0
1068,80.07,299.82,2.4e-05,0.000204,30.0,0.0
1069,80.07,264.87,2.7e-05,0.000226,30.0,0.0
1070,80.07,121.58,0.000266,0.00221,27.0,0.0
1071,80.07,2.7475,0.18,1.0,17.0,0.0
1072,85.811,72.91,0.00315,0.0262,24.0,0.0
1073,85.811,76.142,0.0036,0.03,24.0,0.0
1074,85.811,77.744,0.00377,0.0314,24.0,0.0
1075,85.811,79.637,0.00376,0.0313,24.0,0.0
1076,85.811,81.93,0.00307,0.0256,25.0,0.0
1077,85.811,83.132,0.00238,0.0199,25.0,0.0
1078,85.811,86.627,0.000919,0.00765,26.0,0.0
1079,85.811,90.122,0.000606,0.00505,26.0,0.0
1080,85.811,92.493,0.000514,0.00428,26.0,0.0
1081,85.811,93.617,0.000484,0.00404,26.0,0.0
1082,85.811,97.112,0.000422,0.00352,27.0,0.0
1083,85.811,98.772,0.000403,0.00336,27.0,0.0
1084,85.811,100.61,0.000386,0.00321,27.0,0.0
1085,85.811,102.06,0.000375,0.00312,27.0,0.0
1086,85.811,104.1,0.000362,0.00302,27.0,0.0
1087,85.811,105.06,0.000358,0.00298,27.0,0.0
1088,85.811,107.6,0.000347,0.00289,27.0,0.0
1089,85.811,108.95,0.000342,0.00285,27.0,0.0
1090,85.811,111.09,0.000335,0.00279,27.0,0.0
1091,85.811,112.83,0.000331,0.00276,27.0,0.0
1092,85.811,114.59,0.000327,0.00272,27.0,0.0
1093,85.811,116.75,0.000323,0.00269,27.0,0.0
1094,85.811,118.08,0.00032,0.00267,27.0,0.0
1095,85.811,121.58,0.000315,0.00262,27.0,0.0
1096,85.811,124.97,0.00031,0.00258,27.0,0.0
1097,85.811,125.07,0.00031,0.00258,27.0,0.0
1098,85.811,128.57,0.000306,0.00255,27.0,0.0
1099,85.811,132.06,0.000301,0.00251,27.0,0.0
1100,85.811,133.19,0.0003,0.0025,27.0,0.0
1101,85.811,135.56,0.000297,0.00248,27.0,0.0
1102,85.811,139.05,0.000293,0.00245,27.0,0.0
1103,85.811,142.55,0.000289,0.00241,27.0,0.0
1104,85.811,144.15,0.000288,0.0024,27.0,0.0
1105,85.811,146.04,0.000285,0.00238,27.0,0.0
1106,85.811,149.54,0.000281,0.00234,27.0,0.0
1107,85.811,149.89,0.000281,0.00234,27.0,0.0
1108,85.811,153.03,0.000277,0.00231,27.0,0.0
1109,85.811,153.87,0.000276,0.0023,27.0,0.0
1110,85.811,156.53,0.000272,0.00227,27.0,0.0
1111,85.811,160.02,0.000267,0.00222,28.0,0.0
1112,85.811,161.99,0.000262,0.00218,28.0,0.0
1113,85.811,163.52,0.000257,0.00214,28.0,0.0
1114,85.811,167.01,0.000233,0.00194,28.0,0.0
1115,85.811,170.51,0.00017,0.00141,28.0,0.0
1116,85.811,171.17,0.000152,0.00127,28.0,0.0
1117,85.811,174.0,0.0001,0.000832,29.0,0.0
1118,85.811,177.5,8.2e-05,0.000679,29.0,0.0
1119,85.811,180.35,7.3e-05,0.00061,29.0,0.0
1120,85.811,180.99,7.2e-05,0.000598,29.0,0.0
1121,85.811,184.49,6.5e-05,0.000545,29.0,0.0
1122,85.811,187.98,6.1e-05,0.000506,29.0,0.0
1123,85.811,188.7,6e-05,0.0005,29.0,0.0
1124,85.811,191.48,5.7e-05,0.000477,29.0,0.0
1125,85.811,194.97,5.4e-05,0.000453,29.0,0.0
1126,85.811,196.18,5.4e-05,0.000446,29.0,0.0
1127,85.811,198.47,5.2e-05,0.000434,29.0,0.0
1128,85.811,200.38,5.1e-05,0.000424,29.0,0.0
1129,85.811,201.96,5e-05,0.000417,29.0,0.0
1130,85.811,205.46,4.8e-05,0.000403,29.0,0.0
1131,85.811,208.95,4.7e-05,0.000391,29.0,0.0
1132,85.811,212.45,4.6e-05,0.00038,29.0,0.0
1133,85.811,212.84,4.5e-05,0.000379,29.0,0.0
1134,85.811,215.94,4.4e-05,0.00037,29.0,0.0
1135,85.811,219.44,4.3e-05,0.000361,30.0,0.0
1136,85.811,222.32,4.3e-05,0.000355,30.0,0.0
1137,85.811,222.93,4.2e-05,0.000353,30.0,0.0
1138,85.811,226.43,4.2e-05,0.000346,30.0,0.0
1139,85.811,229.92,4.1e-05,0.00034,30.0,0.0
1140,85.811,231.06,4e-05,0.000338,30.0,0.0
1141,85.811,233.42,4e-05,0.000334,30.0,0.0
1142,85.811,236.91,3.9e-05,0.000328,30.0,0.0
1143,85.811,237.44,3.9e-05,0.000327,30.0,0.0
1144,85.811,327.73,3e-05,0.000248,30.0,0.0
1145,85.811,450.11,2.4e-05,0.000196,31.0,0.0
1146,85.811,515.03,2.1e-05,0.000175,31.0,0.0
1147,85.811,588.03,1.8e-05,0.000154,31.0,0.0
1148,85.811,586.41,1.9e-05,0.000155,31.0,0.0
1149,85.811,585.58,1.9e-05,0.000155,31.0,0.0
1150,85.811,583.12,1.9e-05,0.000155,31.0,0.0
1151,85.811,582.92,1.9e-05,0.000156,31.0,0.0
1152,85.811,580.67,1.9e-05,0.000156,31.0,0.0
1153,85.811,579.42,1.9e-05,0.000156,31.0,0.0
1154,85.811,578.21,1.9e-05,0.000157,31.0,0.0
1155,85.811,575.93,1.9e-05,0.000157,31.0,0.0
1156,85.811,575.76,1.9e-05,0.000157,31.0,0.0
1157,85.811,573.33,1.9e-05,0.000158,31.0,0.0
1158,85.811,572.43,1.9e-05,0.000158,31.0,0.0
1159,85.811,571.02,1.9e-05,0.000159,31.0,0.0
1160,85.811,568.94,1.9e-05,0.000159,31.0,0.0
1161,85.811,568.87,1.9e-05,0.000159,31.0,0.0
1162,85.811,567.35,1.9e-05,0.00016,31.0,0.0
1163,85.811,565.86,1.9e-05,0.00016,31.0,0.0
1164,85.811,565.44,1.9e-05,0.00016,31.0,0.0
1165,85.811,564.37,1.9e-05,0.00016,31.0,0.0
1166,85.811,562.88,1.9e-05,0.000161,31.0,0.0
1167,85.811,561.95,1.9e-05,0.000161,31.0,0.0
1168,85.811,558.45,1.9e-05,0.000162,31.0,0.0
1169,85.811,557.76,2e-05,0.000162,31.0,0.0
1170,85.811,554.96,2e-05,0.000163,31.0,0.0
1171,85.811,551.46,2e-05,0.000164,31.0,0.0
1172,85.811,549.1,2e-05,0.000165,31.0,0.0
1173,85.811,547.97,2e-05,0.000165,31.0,0.0
1174,85.811,544.47,2e-05,0.000166,31.0,0.0
1175,85.811,540.98,2e-05,0.000167,31.0,0.0
1176,85.811,537.48,2e-05,0.000168,31.0,0.0
1177,85.811,533.99,2e-05,0.000169,31.0,0.0
1178,85.811,531.44,2e-05,0.00017,31.0,0.0
1179,85.811,530.49,2e-05,0.00017,31.0,0.0
1180,85.811,527.0,2e-05,0.000171,31.0,0.0
1181,85.811,523.5,2.1e-05,0.000172,31.0,0.0
1182,85.811,453.6,2.3e-05,0.000194,31.0,0.0
1183,85.811,451.25,2.3e-05,0.000195,31.0,0.0
1184,85.811,450.11,2.4e-05,0.000196,31.0,0.0
1185,85.811,446.61,2.4e-05,0.000197,31.0,0.0
1186,85.811,443.12,2.4e-05,0.000198,31.0,0.0
1187,85.811,299.82,3.2e-05,0.000266,30.0,0.0
1188,85.811,264.87,3.5e-05,0.000294,30.0,0.0
1189,85.811,121.58,0.000315,0.00262,27.0,0.0
1190,85.811,2.7475,0.232,1.0,17.0,0.0
1191,92.345,72.91,0.00279,0.0233,24.0,0.0
1192,92.345,76.142,0.00329,0.0274,24.0,0.0
1193,92.345,77.744,0.00354,0.0295,24.0,0.0
1194,92.345,79.637,0.00384,0.032,24.0,0.0
1195,92.345,81.93,0.00418,0.0349,24.0,0.0
1196,92.345,83.132,0.00433,0.0361,24.0,0.0
1197,92.345,86.627,0.0042,0.035,24.0,0.0
1198,92.345,90.122,0.00232,0.0194,25.0,0.0
1199,92.345,92.493,0.00121,0.0101,26.0,0.0
1200,92.345,93.617,0.000996,0.0083,26.0,0.0
1201,92.345,97.112,0.000691,0.00575,26.0,0.0
1202,92.345,98.772,0.000618,0.00515,26.0,0.0
1203,92.345,100.61,0.000561,0.00468,26.0,0.0
1204,92.345,102.06,0.000528,0.0044,26.0,0.0
1205,92.345,104.1,0.000492,0.0041,26.0,0.0
1206,92.345,105.06,0.000479,0.00399,26.0,0.0
1207,92.345,107.6,0.00045,0.00375,27.0,0.0
1208,92.345,108.95,0.000438,0.00365,27.0,0.0
1209,92.345,111.09,0.000423,0.00352,27.0,0.0
1210,92.345,112.83,0.000413,0.00344,27.0,0.0
1211,92.345,114.59,0.000404,0.00337,27.0,0.0
1212,92.345,116.75,0.000395,0.00329,27.0,0.0
1213,92.345,118.08,0.000391,0.00326,27.0,0.0
1214,92.345,121.58,0.000381,0.00317,27.0,0.0
1215,92.345,124.97,0.000373,0.00311,27.0,0.0
1216,92.345,125.07,0.000373,0.0031,27.0,0.0
1217,92.345,128.57,0.000366,0.00305,27.0,0.0
1218,92.345,132.06,0.00036,0.003,27.0,0.0
1219,92.345,133.19,0.000359,0.00299,27.0,0.0
1220,92.345,135.56,0.000356,0.00296,27.0,0.0
1221,92.345,139.05,0.000351,0.00292,27.0,0.0
1222,92.345,142.55,0.000347,0.00289,27.0,0.0
1223,92.345,144.15,0.000345,0.00287,27.0,0.0
1224,92.345,146.04,0.000342,0.00285,27.0,0.0
1225,92.345,149.54,0.000338,0.00282,27.0,0.0
1226,92.345,149.89,0.000338,0.00281,27.0,0.0
1227,92.345,153.03,0.000334,0.00278,27.0,0.0
1228,92.345,153.87,0.000333,0.00277,27.0,0.0
1229,92.345,156.53,0.000329,0.00274,27.0,0.0
1230,92.345,160.02,0.000323,0.00269,27.0,0.0
1231,92.345,161.99,0.000318,0.00265,27.0,0.0
1232,92.345,163.52,0.000313,0.00261,27.0,0.0
1233,92.345,167.01,0.000286,0.00238,28.0,0.0
1234,92.345,170.51,0.000213,0.00177,28.0,0.0
1235,92.345,171.17,0.000191,0.0016,28.0,0.0
1236,92.345,174.0,0.000128,0.00107,28.0,0.0
1237,92.345,177.5,0.000105,0.000879,28.0,0.0
1238,92.345,180.35,9.5e-05,0.000792,29.0,0.0
1239,92.345,180.99,9.3e-05,0.000777,29.0,0.0
1240,92.345,184.49,8.5e-05,0.000709,29.0,0.0
1241,92.345,187.98,7.9e-05,0.000661,29.0,0.0
1242,92.345,188.7,7.8e-05,0.000652,29.0,0.0
1243,92.345,191.48,7.5e-05,0.000623,29.0,0.0
1244,92.345,194.97,7.1e-05,0.000593,29.0,0.0
1245,92.345,196.18,7e-05,0.000584,29.0,0.0
1246,92.345,198.47,6.8e-05,0.000568,29.0,0.0
1247,92.345,200.38,6.7e-05,0.000556,29.0,0.0
1248,92.345,201.96,6.6e-05,0.000547,29.0,0.0
1249,92.345,205.46,6.3e-05,0.000529,29.0,0.0
1250,92.345,208.95,6.2e-05,0.000513,29.0,0.0
1251,92.345,212.45,6e-05,0.000499,29.0,0.0
1252,92.345,212.84,6e-05,0.000497,29.0,0.0
1253,92.345,215.94,5.8e-05,0.000486,29.0,0.0
1254,92.345,219.44,5.7e-05,0.000475,29.0,0.0
1255,92.345,222.32,5.6e-05,0.000467,29.0,0.0
1256,92.345,222.93,5.6e-05,0.000465,29.0,0.0
1257,92.345,226.43,5.5e-05,0.000456,29.0,0.0
1258,92.345,229.92,5.4e-05,0.000447,29.0,0.0
1259,92.345,231.06,5.3e-05,0.000445,29.0,0.0
1260,92.345,233.42,5.3e-05,0.000439,29.0,0.0
1261,92.345,236.91,5.2e-05,0.000432,29.0,0.0
1262,92.345,237.44,5.2e-05,0.000431,29.0,0.0
1263,92.345,327.73,3.9e-05,0.000328,30.0,0.0
1264,92.345,450.11,3.1e-05,0.000259,31.0,0.0
1265,92.345,515.03,2.8e-05,0.000231,31.0,0.0
1266,92.345,588.03,2.4e-05,0.000204,31.0,0.0
1267,92.345,586.41,2.4e-05,0.000205,31.0,0.0
1268,92.345,585.58,2.5e-05,0.000205,31.0,0.0
1269,92.345,583.12,2.5e-05,0.000206,31.0,0.0
1270,92.345,582.92,2.5e-05,0.000206,31.0,0.0
1271,92.345,580.67,2.5e-05,0.000207,31.0,0.0
1272,92.345,579.42,2.5e-05,0.000207,31.0,0.0
1273,92.345,578.21,2.5e-05,0.000207,31.0,0.0
1274,92.345,575.93,2.5e-05,0.000208,31.0,0.0
1275,92.345,575.76,2.5e-05,0.000208,31.0,0.0
1276,92.345,573.33,2.5e-05,0.000209,31.0,0.0
1277,92.345,572.43,2.5e-05,0.000209,31.0,0.0
1278,92.345,571.02,2.5e-05,0.00021,31.0,0.0
1279,92.345,568.94,2.5e-05,0.000211,31.0,0.0
1280,92.345,568.87,2.5e-05,0.000211,31.0,0.0
1281,92.345,567.35,2.5e-05,0.000211,31.0,0.0
1282,92.345,565.86,2.5e-05,0.000212,31.0,0.0
1283,92.345,565.44,2.5e-05,0.000212,31.0,0.0
1284,92.345,564.37,2.6e-05,0.000212,31.0,0.0
1285,92.345,562.88,2.6e-05,0.000213,31.0,0.0
1286,92.345,561.95,2.6e-05,0.000213,31.0,0.0
1287,92.345,558.45,2.6e-05,0.000214,31.0,0.0
1288,92.345,557.76,2.6e-05,0.000215,31.0,0.0
1289,92.345,554.96,2.6e-05,0.000216,31.0,0.0
1290,92.345,551.46,2.6e-05,0.000217,31.0,0.0
1291,92.345,549.1,2.6e-05,0.000218,31.0,0.0
1292,92.345,547.97,2.6e-05,0.000218,31.0,0.0
1293,92.345,544.47,2.6e-05,0.00022,31.0,0.0
1294,92.345,540.98,2.6e-05,0.000221,31.0,0.0
1295,92.345,537.48,2.7e-05,0.000222,31.0,0.0
1296,92.345,533.99,2.7e-05,0.000224,31.0,0.0
1297,92.345,531.44,2.7e-05,0.000225,31.0,0.0
1298,92.345,530.49,2.7e-05,0.000225,31.0,0.0
1299,92.345,527.0,2.7e-05,0.000226,31.0,0.0
1300,92.345,523.5,2.7e-05,0.000228,31.0,0.0
1301,92.345,453.6,3.1e-05,0.000257,31.0,0.0
1302,92.345,451.25,3.1e-05,0.000258,31.0,0.0
1303,92.345,450.11,3.1e-05,0.000259,31.0,0.0
1304,92.345,446.61,3.1e-05,0.00026,31.0,0.0
1305,92.345,443.12,3.2e-05,0.000262,31.0,0.0
1306,92.345,299.82,4.2e-05,0.000351,30.0,0.0
1307,92.345,264.87,4.6e-05,0.000388,30.0,0.0
1308,92.345,121.58,0.000381,0.00317,27.0,0.0
1309,92.345,2.7475,0.305,1.0,16.0,0.0
1310,100.09,72.91,0.00231,0.0193,25.0,0.0
1311,100.09,76.142,0.00281,0.0234,24.0,0.0
1312,100.09,77.744,0.00307,0.0256,24.0,0.0
1313,100.09,79.637,0.00338,0.0281,24.0,0.0
1314,100.09,81.93,0.00376,0.0313,24.0,0.0
1315,100.09,83.132,0.00397,0.0331,24.0,0.0
1316,100.09,86.627,0.00457,0.0381,24.0,0.0
1317,100.09,90.122,0.0051,0.0425,24.0,0.0
1318,100.09,92.493,0.00518,0.0432,24.0,0.0
1319,100.09,93.617,0.005,0.0416,24.0,0.0
1320,100.09,97.112,0.0031,0.0258,25.0,0.0
1321,100.09,98.772,0.00203,0.0169,25.0,0.0
1322,100.09,100.61,0.00132,0.011,26.0,0.0
1323,100.09,102.06,0.00108,0.00898,26.0,0.0
1324,100.09,104.1,0.00088,0.00733,26.0,0.0
1325,100.09,105.06,0.000817,0.00681,26.0,0.0
1326,100.09,107.6,0.000701,0.00584,26.0,0.0
1327,100.09,108.95,0.000658,0.00548,26.0,0.0
1328,100.09,111.09,0.000606,0.00505,26.0,0.0
1329,100.09,112.83,0.000574,0.00479,26.0,0.0
1330,100.09,114.59,0.000549,0.00457,26.0,0.0
1331,100.09,116.75,0.000524,0.00437,26.0,0.0
1332,100.09,118.08,0.000512,0.00426,26.0,0.0
1333,100.09,121.58,0.000486,0.00405,27.0,0.0
1334,100.09,124.97,0.000468,0.0039,27.0,0.0
1335,100.09,125.07,0.000468,0.0039,27.0,0.0
1336,100.09,128.57,0.000454,0.00378,27.0,0.0
1337,100.09,132.06,0.000443,0.00369,27.0,0.0
1338,100.09,133.19,0.00044,0.00367,27.0,0.0
1339,100.09,135.56,0.000435,0.00362,27.0,0.0
1340,100.09,139.05,0.000428,0.00357,27.0,0.0
1341,100.09,142.55,0.000422,0.00351,27.0,0.0
1342,100.09,144.15,0.000419,0.00349,27.0,0.0
1343,100.09,146.04,0.000416,0.00347,27.0,0.0
1344,100.09,149.54,0.000411,0.00343,27.0,0.0
1345,100.09,149.89,0.000411,0.00342,27.0,0.0
1346,100.09,153.03,0.000406,0.00339,27.0,0.0
1347,100.09,153.87,0.000405,0.00338,27.0,0.0
1348,100.09,156.53,0.000401,0.00335,27.0,0.0
1349,100.09,160.02,0.000395,0.00329,27.0,0.0
1350,100.09,161.99,0.00039,0.00325,27.0,0.0
1351,100.09,163.52,0.000384,0.0032,27.0,0.0
1352,100.09,167.01,0.000354,0.00295,27.0,0.0
1353,100.09,170.51,0.00027,0.00225,28.0,0.0
1354,100.09,171.17,0.000245,0.00204,28.0,0.0
1355,100.09,174.0,0.000168,0.0014,28.0,0.0
1356,100.09,177.5,0.000139,0.00116,28.0,0.0
1357,100.09,180.35,0.000126,0.00105,28.0,0.0
1358,100.09,180.99,0.000124,0.00103,28.0,0.0
1359,100.09,184.49,0.000113,0.000943,28.0,0.0
1360,100.09,187.98,0.000106,0.000881,28.0,0.0
1361,100.09,188.7,0.000104,0.00087,28.0,0.0
1362,100.09,191.48,0.0001,0.000832,29.0,0.0
1363,100.09,194.97,9.5e-05,0.000793,29.0,0.0
1364,100.09,196.18,9.4e-05,0.000781,29.0,0.0
1365,100.09,198.47,9.1e-05,0.00076,29.0,0.0
1366,100.09,200.38,8.9e-05,0.000745,29.0,0.0
1367,100.09,201.96,8.8e-05,0.000733,29.0,0.0
1368,100.09,205.46,8.5e-05,0.000709,29.0,0.0
1369,100.09,208.95,8.3e-05,0.000689,29.0,0.0
1370,100.09,212.45,8e-05,0.00067,29.0,0.0
1371,100.09,212.84,8e-05,0.000669,29.0,0.0
1372,100.09,215.94,7.8e-05,0.000654,29.0,0.0
1373,100.09,219.44,7.7e-05,0.00064,29.0,0.0
1374,100.09,222.32,7.5e-05,0.000629,29.0,0.0
1375,100.09,222.93,7.5e-05,0.000626,29.0,0.0
1376,100.09,226.43,7.4e-05,0.000614,29.0,0.0
1377,100.09,229.92,7.2e-05,0.000603,29.0,0.0
1378,100.09,231.06,7.2e-05,0.0006,29.0,0.0
1379,100.09,233.42,7.1e-05,0.000593,29.0,0.0
1380,100.09,236.91,7e-05,0.000583,29.0,0.0
1381,100.09,237.44,7e-05,0.000582,29.0,0.0
1382,100.09,327.73,5.4e-05,0.000446,30.0,0.0
1383,100.09,450.11,4.2e-05,0.000352,30.0,0.0
1384,100.09,515.03,3.8e-05,0.000314,31.0,0.0
1385,100.09,588.03,3.3e-05,0.000277,31.0,0.0
1386,100.09,586.41,3.3e-05,0.000278,31.0,0.0
1387,100.09,585.58,3.3e-05,0.000278,31.0,0.0
1388,100.09,583.12,3.4e-05,0.00028,31.0,0.0
1389,100.09,582.92,3.4e-05,0.00028,31.0,0.0
1390,100.09,580.67,3.4e-05,0.000281,31.0,0.0
1391,100.09,579.42,3.4e-05,0.000281,31.0,0.0
1392,100.09,578.21,3.4e-05,0.000282,31.0,0.0
1393,100.09,575.93,3.4e-05,0.000283,31.0,0.0
1394,100.09,575.76,3.4e-05,0.000283,31.0,0.0
1395,100.09,573.33,3.4e-05,0.000284,31.0,0.0
1396,100.09,572.43,3.4e-05,0.000285,31.0,0.0
1397,100.09,571.02,3.4e-05,0.000285,31.0,0.0
1398,100.09,568.94,3.4e-05,0.000286,31.0,0.0
1399,100.09,568.87,3.4e-05,0.000286,31.0,0.0
1400,100.09,567.35,3.4e-05,0.000287,31.0,0.0
1401,100.09,565.86,3.4e-05,0.000288,31.0,0.0
1402,100.09,565.44,3.5e-05,0.000288,31.0,0.0
1403,100.09,564.37,3.5e-05,0.000289,31.0,0.0
1404,100.09,562.88,3.5e-05,0.000289,31.0,0.0
1405,100.09,561.95,3.5e-05,0.00029,31.0,0.0
1406,100.09,558.45,3.5e-05,0.000291,31.0,0.0
1407,100.09,557.76,3.5e-05,0.000292,31.0,0.0
1408,100.09,554.96,3.5e-05,0.000293,31.0,0.0
1409,100.09,551.46,3.5e-05,0.000295,31.0,0.0
1410,100.09,549.1,3.6e-05,0.000296,31.0,0.0
1411,100.09,547.97,3.6e-05,0.000297,31.0,0.0
1412,100.09,544.47,3.6e-05,0.000298,31.0,0.0
1413,100.09,540.98,3.6e-05,0.0003,31.0,0.0
1414,100.09,537.48,3.6e-05,0.000302,31.0,0.0
1415,100.09,533.99,3.6e-05,0.000304,31.0,0.0
1416,100.09,531.44,3.7e-05,0.000305,31.0,0.0
1417,100.09,530.49,3.7e-05,0.000306,31.0,0.0
1418,100.09,527.0,3.7e-05,0.000308,31.0,0.0
1419,100.09,523.5,3.7e-05,0.000309,31.0,0.0
1420,100.09,453.6,4.2e-05,0.00035,30.0,0.0
1421,100.09,451.25,4.2e-05,0.000351,30.0,0.0
1422,100.09,450.11,4.2e-05,0.000352,30.0,0.0
1423,100.09,446.61,4.2e-05,0.000354,30.0,0.0
1424,100.09,443.12,4.3e-05,0.000356,30.0,0.0
1425,100.09,299.82,5.7e-05,0.000475,30.0,0.0
1426,100.09,264.87,6.3e-05,0.000525,29.0,0.0
1427,100.09,121.58,0.000486,0.00405,27.0,0.0
1428,100.09,2.7475,0.41,1.0,16.0,0.0
1429,110.76,72.91,0.00162,0.0135,25.0,0.0
1430,110.76,76.142,0.00209,0.0174,25.0,0.0
1431,110.76,77.744,0.00234,0.0195,25.0,0.0
1432,110.76,79.637,0.00264,0.022,25.0,0.0
1433,110.76,81.93,0.00302,0.0252,24.0,0.0
1434,110.76,83.132,0.00323,0.0269,24.0,0.0
1435,110.76,86.627,0.00385,0.0321,24.0,0.0
1436,110.76,90.122,0.00449,0.0374,24.0,0.0
1437,110.76,92.493,0.00494,0.0412,24.0,0.0
1438,110.76,93.617,0.00516,0.043,24.0,0.0
1439,110.76,97.112,0.00583,0.0486,24.0,0.0
1440,110.76,98.772,0.00613,0.051,24.0,0.0
1441,110.76,100.61,0.00635,0.0529,24.0,0.0
1442,110.76,102.06,0.00638,0.0532,24.0,0.0
1443,110.76,104.1,0.00594,0.0495,24.0,0.0
1444,110.76,105.06,0.00551,0.046,24.0,0.0
1445,110.76,107.6,0.00369,0.0307,25.0,0.0
1446,110.76,108.95,0.00269,0.0224,25.0,0.0
1447,110.76,111.09,0.00167,0.0139,25.0,0.0
1448,110.76,112.83,0.00132,0.011,26.0,0.0
1449,110.76,114.59,0.00112,0.00934,26.0,0.0
1450,110.76,116.75,0.000962,0.00802,26.0,0.0
1451,110.76,118.08,0.000893,0.00744,26.0,0.0
1452,110.76,121.58,0.000769,0.00641,26.0,0.0
1453,110.76,124.97,0.000696,0.0058,26.0,0.0
1454,110.76,125.07,0.000694,0.00578,26.0,0.0
1455,110.76,128.57,0.000644,0.00537,26.0,0.0
1456,110.76,132.06,0.000609,0.00508,26.0,0.0
1457,110.76,133.19,0.0006,0.005,26.0,0.0
1458,110.76,135.56,0.000584,0.00487,26.0,0.0
1459,110.76,139.05,0.000565,0.00471,27.0,0.0
1460,110.76,142.55,0.00055,0.00459,27.0,0.0
1461,110.76,144.15,0.000545,0.00454,27.0,0.0
1462,110.76,146.04,0.000539,0.00449,27.0,0.0
1463,110.76,149.54,0.000529,0.00441,27.0,0.0
1464,110.76,149.89,0.000529,0.0044,27.0,0.0
1465,110.76,153.03,0.000521,0.00434,27.0,0.0
1466,110.76,153.87,0.00052,0.00433,27.0,0.0
1467,110.76,156.53,0.000514,0.00428,27.0,0.0
1468,110.76,160.02,0.000506,0.00422,27.0,0.0
1469,110.76,161.99,0.0005,0.00417,27.0,0.0
1470,110.76,163.52,0.000493,0.00411,27.0,0.0
1471,110.76,167.01,0.000459,0.00382,27.0,0.0
1472,110.76,170.51,0.00036,0.003,27.0,0.0
1473,110.76,171.17,0.000329,0.00275,27.0,0.0
1474,110.76,174.0,0.000233,0.00194,28.0,0.0
1475,110.76,177.5,0.000195,0.00163,28.0,0.0
1476,110.76,180.35,0.000178,0.00148,28.0,0.0
1477,110.76,180.99,0.000175,0.00146,28.0,0.0
1478,110.76,184.49,0.000161,0.00134,28.0,0.0
1479,110.76,187.98,0.00015,0.00125,28.0,0.0
1480,110.76,188.7,0.000149,0.00124,28.0,0.0
1481,110.76,191.48,0.000143,0.00119,28.0,0.0
1482,110.76,194.97,0.000136,0.00113,28.0,0.0
1483,110.76,196.18,0.000134,0.00112,28.0,0.0
1484,110.76,198.47,0.000131,0.00109,28.0,0.0
1485,110.76,200.38,0.000128,0.00107,28.0,0.0
1486,110.76,201.96,0.000126,0.00105,28.0,0.0
1487,110.76,205.46,0.000122,0.00102,28.0,0.0
1488,110.76,208.95,0.000119,0.000992,28.0,0.0
1489,110.76,212.45,0.000116,0.000967,28.0,0.0
1490,110.76,212.84,0.000116,0.000964,28.0,0.0
1491,110.76,215.94,0.000113,0.000944,29.0,0.0
1492,110.76,219.44,0.000111,0.000924,29.0,0.0
1493,110.76,222.32,0.000109,0.000909,29.0,0.0
1494,110.76,222.93,0.000109,0.000906,29.0,0.0
1495,110.76,226.43,0.000107,0.000889,29.0,0.0
1496,110.76,229.92,0.000105,0.000873,29.0,0.0
1497,110.76,231.06,0.000104,0.000869,29.0,0.0
1498,110.76,233.42,0.000103,0.000859,29.0,0.0
1499,110.76,236.91,0.000102,0.000846,29.0,0.0
1500,110.76,237.44,0.000101,0.000844,29.0,0.0
1501,110.76,327.73,7.8e-05,0.000653,29.0,0.0
1502,110.76,450.11,6.2e-05,0.000517,30.0,0.0
1503,110.76,515.03,5.5e-05,0.000462,30.0,0.0
1504,110.76,588.03,4.9e-05,0.000408,30.0,0.0
1505,110.76,586.41,4.9e-05,0.000409,30.0,0.0
1506,110.76,585.58,4.9e-05,0.000409,30.0,0.0
1507,110.76,583.12,4.9e-05,0.000411,30.0,0.0
1508,110.76,582.92,4.9e-05,0.000411,30.0,0.0
1509,110.76,580.67,5e-05,0.000413,30.0,0.0
1510,110.76,579.42,5e-05,0.000414,30.0,0.0
1511,110.76,578.21,5e-05,0.000414,30.0,0.0
1512,110.76,575.93,5e-05,0.000416,30.0,0.0
1513,110.76,575.76,5e-05,0.000416,30.0,0.0
1514,110.76,573.33,5e-05,0.000418,30.0,0.0
1515,110.76,572.43,5e-05,0.000418,30.0,0.0
1516,110.76,571.02,5e-05,0.000419,30.0,0.0
1517,110.76,568.94,5e-05,0.000421,30.0,0.0
1518,110.76,568.87,5e-05,0.000421,30.0,0.0
1519,110.76,567.35,5.1e-05,0.000422,30.0,0.0
1520,110.76,565.86,5.1e-05,0.000423,30.0,0.0
1521,110.76,565.44,5.1e-05,0.000423,30.0,0.0
1522,110.76,564.37,5.1e-05,0.000424,30.0,0.0
1523,110.76,562.88,5.1e-05,0.000425,30.0,0.0
1524,110.76,561.95,5.1e-05,0.000426,30.0,0.0
1525,110.76,558.45,5.1e-05,0.000429,30.0,0.0
1526,110.76,557.76,5.2e-05,0.000429,30.0,0.0
1527,110.76,554.96,5.2e-05,0.000431,30.0,0.0
1528,110.76,551.46,5.2e-05,0.000434,30.0,0.0
1529,110.76,549.1,5.2e-05,0.000435,30.0,0.0
1530,110.76,547.97,5.2e-05,0.000436,30.0,0.0
1531,110.76,544.47,5.3e-05,0.000439,30.0,0.0
1532,110.76,540.98,5.3e-05,0.000441,30.0,0.0
1533,110.76,537.48,5.3e-05,0.000444,30.0,0.0
1534,110.76,533.99,5.4e-05,0.000447,30.0,0.0
1535,110.76,531.44,5.4e-05,0.000449,30.0,0.0
1536,110.76,530.49,5.4e-05,0.000449,30.0,0.0
1537,110.76,527.0,5.4e-05,0.000452,30.0,0.0
1538,110.76,523.5,5.5e-05,0.000455,30.0,0.0
1539,110.76,453.6,6.2e-05,0.000514,30.0,0.0
1540,110.76,451.25,6.2e-05,0.000516,30.0,0.0
1541,110.76,450.11,6.2e-05,0.000517,30.0,0.0
1542,110.76,446.61,6.2e-05,0.00052,30.0,0.0
1543,110.76,443.12,6.3e-05,0.000523,30.0,0.0
1544,110.76,299.82,8.3e-05,0.000695,29.0,0.0
1545,110.76,264.87,9.2e-05,0.000764,29.0,0.0
1546,110.76,121.58,0.000769,0.00641,26.0,0.0
1547,110.76,2.7475,0.595,1.0,16.0,0.0
1548,120.11,72.91,0.00104,0.00865,25.0,0.0
1549,120.11,76.142,0.00146,0.0122,25.0,0.0
1550,120.11,77.744,0.00169,0.0141,25.0,0.0
1551,120.11,79.637,0.00197,0.0165,25.0,0.0
1552,120.11,81.93,0.00234,0.0195,25.0,0.0
1553,120.11,83.132,0.00253,0.0211,25.0,0.0
1554,120.11,86.627,0.00313,0.0261,24.0,0.0
1555,120.11,90.122,0.00377,0.0314,24.0,0.0
1556,120.11,92.493,0.00422,0.0352,24.0,0.0
1557,120.11,93.617,0.00444,0.037,24.0,0.0
1558,120.11,97.112,0.00514,0.0428,24.0,0.0
1559,120.11,98.772,0.00548,0.0457,24.0,0.0
1560,120.11,100.61,0.00587,0.0489,24.0,0.0
1561,120.11,102.06,0.00617,0.0514,24.0,0.0
1562,120.11,104.1,0.0066,0.055,24.0,0.0
1563,120.11,105.06,0.0068,0.0567,24.0,0.0
1564,120.11,107.6,0.00727,0.0606,24.0,0.0
1565,120.11,108.95,0.00746,0.0621,24.0,0.0
1566,120.11,111.09,0.00747,0.0622,24.0,0.0
1567,120.11,112.83,0.00701,0.0584,24.0,0.0
1568,120.11,114.59,0.00599,0.0499,24.0,0.0
1569,120.11,116.75,0.00424,0.0353,25.0,0.0
1570,120.11,118.08,0.00319,0.0266,25.0,0.0
1571,120.11,121.58,0.00168,0.014,25.0,0.0
1572,120.11,124.97,0.00124,0.0104,26.0,0.0
1573,120.11,125.07,0.00124,0.0103,26.0,0.0
1574,120.11,128.57,0.00102,0.00848,26.0,0.0
1575,120.11,132.06,0.000892,0.00744,26.0,0.0
1576,120.11,133.19,0.000863,0.00719,26.0,0.0
1577,120.11,135.56,0.000812,0.00676,26.0,0.0
1578,120.11,139.05,0.000757,0.00631,26.0,0.0
1579,120.11,142.55,0.000718,0.00598,26.0,0.0
1580,120.11,144.15,0.000703,0.00586,26.0,0.0
1581,120.11,146.04,0.000689,0.00574,26.0,0.0
1582,120.11,149.54,0.000667,0.00556,26.0,0.0
1583,120.11,149.89,0.000665,0.00554,26.0,0.0
1584,120.11,153.03,0.00065,0.00541,26.0,0.0
1585,120.11,153.87,0.000646,0.00538,26.0,0.0
1586,120.11,156.53,0.000635,0.00529,27.0,0.0
1587,120.11,160.02,0.000622,0.00518,27.0,0.0
1588,120.11,161.99,0.000613,0.00511,27.0,0.0
1589,120.11,163.52,0.000604,0.00503,27.0,0.0
1590,120.11,167.01,0.000564,0.0047,27.0,0.0
1591,120.11,170.51,0.000451,0.00376,27.0,0.0
1592,120.11,171.17,0.000416,0.00347,27.0,0.0
1593,120.11,174.0,0.000301,0.00251,27.0,0.0
1594,120.11,177.5,0.000255,0.00212,28.0,0.0
1595,120.11,180.35,0.000233,0.00194,28.0,0.0
1596,120.11,180.99,0.000229,0.00191,28.0,0.0
1597,120.11,184.49,0.000211,0.00176,28.0,0.0
1598,120.11,187.98,0.000198,0.00165,28.0,0.0
1599,120.11,188.7,0.000196,0.00163,28.0,0.0
1600,120.11,191.48,0.000188,0.00157,28.0,0.0
1601,120.11,194.97,0.00018,0.0015,28.0,0.0
1602,120.11,196.18,0.000178,0.00148,28.0,0.0
1603,120.11,198.47,0.000173,0.00145,28.0,0.0
1604,120.11,200.38,0.00017,0.00142,28.0,0.0
1605,120.11,201.96,0.000168,0.0014,28.0,0.0
1606,120.11,205.46,0.000163,0.00136,28.0,0.0
1607,120.11,208.95,0.000158,0.00132,28.0,0.0
1608,120.11,212.45,0.000155,0.00129,28.0,0.0
1609,120.11,212.84,0.000154,0.00128,28.0,0.0
1610,120.11,215.94,0.000151,0.00126,28.0,0.0
1611,120.11,219.44,0.000148,0.00123,28.0,0.0
1612,120.11,222.32,0.000146,0.00121,28.0,0.0
1613,120.11,222.93,0.000145,0.00121,28.0,0.0
1614,120.11,226.43,0.000143,0.00119,28.0,0.0
1615,120.11,229.92,0.00014,0.00117,28.0,0.0
1616,120.11,231.06,0.00014,0.00116,28.0,0.0
1617,120.11,233.42,0.000138,0.00115,28.0,0.0
1618,120.11,236.91,0.000136,0.00113,28.0,0.0
1619,120.11,237.44,0.000136,0.00113,28.0,0.0
1620,120.11,327.73,0.000106,0.000883,29.0,0.0
1621,120.11,450.11,8.4e-05,0.000702,30.0,0.0
1622,120.11,515.03,7.5e-05,0.000627,30.0,0.0
1623,120.11,588.03,6.6e-05,0.000554,30.0,0.0
1624,120.11,586.41,6.7e-05,0.000556,30.0,0.0
1625,120.11,585.58,6.7e-05,0.000557,30.0,0.0
1626,120.11,583.12,6.7e-05,0.000559,30.0,0.0
1627,120.11,582.92,6.7e-05,0.000559,30.0,0.0
1628,120.11,580.67,6.7e-05,0.000561,30.0,0.0
1629,120.11,579.42,6.8e-05,0.000563,30.0,0.0
1630,120.11,578.21,6.8e-05,0.000564,30.0,0.0
1631,120.11,575.93,6.8e-05,0.000566,30.0,0.0
1632,120.11,575.76,6.8e-05,0.000566,30.0,0.0
1633,120.11,573.33,6.8e-05,0.000568,30.0,0.0
1634,120.11,572.43,6.8e-05,0.000569,30.0,0.0
1635,120.11,571.02,6.8e-05,0.000571,30.0,0.0
1636,120.11,568.94,6.9e-05,0.000573,30.0,0.0
1637,120.11,568.87,6.9e-05,0.000573,30.0,0.0
1638,120.11,567.35,6.9e-05,0.000574,30.0,0.0
1639,120.11,565.86,6.9e-05,0.000576,30.0,0.0
1640,120.11,565.44,6.9e-05,0.000576,30.0,0.0
1641,120.11,564.37,6.9e-05,0.000577,30.0,0.0
1642,120.11,562.88,6.9e-05,0.000578,30.0,0.0
1643,120.11,561.95,7e-05,0.000579,30.0,0.0
1644,120.11,558.45,7e-05,0.000583,30.0,0.0
1645,120.11,557.76,7e-05,0.000583,30.0,0.0
1646,120.11,554.96,7e-05,0.000586,30.0,0.0
1647,120.11,551.46,7.1e-05,0.00059,30.0,0.0
1648,120.11,549.1,7.1e-05,0.000592,30.0,0.0
1649,120.11,547.97,7.1e-05,0.000593,30.0,0.0
1650,120.11,544.47,7.2e-05,0.000597,30.0,0.0
1651,120.11,540.98,7.2e-05,0.0006,30.0,0.0
1652,120.11,537.48,7.2e-05,0.000604,30.0,0.0
1653,120.11,533.99,7.3e-05,0.000607,30.0,0.0
1654,120.11,531.44,7.3e-05,0.00061,30.0,0.0
1655,120.11,530.49,7.3e-05,0.000611,30.0,0.0
1656,120.11,527.0,7.4e-05,0.000615,30.0,0.0
1657,120.11,523.5,7.4e-05,0.000618,30.0,0.0
1658,120.11,453.6,8.4e-05,0.000698,30.0,0.0
1659,120.11,451.25,8.4e-05,0.000701,30.0,0.0
1660,120.11,450.11,8.4e-05,0.000702,30.0,0.0
1661,120.11,446.61,8.5e-05,0.000707,30.0,0.0
1662,120.11,443.12,8.5e-05,0.000711,30.0,0.0
1663,120.11,299.82,0.000113,0.000939,29.0,0.0
1664,120.11,264.87,0.000123,0.00103,29.0,0.0
1665,120.11,121.58,0.00168,0.014,25.0,0.0
1666,120.11,2.7475,0.802,1.0,15.0,0.0
1667,135.16,72.91,0.000292,0.00244,27.0,0.0
1668,135.16,76.142,0.000586,0.00488,26.0,0.0
1669,135.16,77.744,0.000759,0.00632,26.0,0.0
1670,135.16,79.637,0.000984,0.0082,26.0,0.0
1671,135.16,81.93,0.00128,0.0107,25.0,0.0
1672,135.16,83.132,0.00145,0.0121,25.0,0.0
1673,135.16,86.627,0.00198,0.0165,25.0,0.0
1674,135.16,90.122,0.00256,0.0213,25.0,0.0
1675,135.16,92.493,0.00298,0.0248,25.0,0.0
1676,135.16,93.617,0.00319,0.0266,24.0,0.0
1677,135.16,97.112,0.00386,0.0322,24.0,0.0
1678,135.16,98.772,0.00419,0.0349,24.0,0.0
1679,135.16,100.61,0.00457,0.0381,24.0,0.0
1680,135.16,102.06,0.00487,0.0406,24.0,0.0
1681,135.16,104.1,0.00531,0.0443,24.0,0.0
1682,135.16,105.06,0.00552,0.046,24.0,0.0
1683,135.16,107.6,0.00609,0.0507,24.0,0.0
1684,135.16,108.95,0.00639,0.0533,24.0,0.0
1685,135.16,111.09,0.00689,0.0574,24.0,0.0
1686,135.16,112.83,0.0073,0.0608,24.0,0.0
1687,135.16,114.59,0.00772,0.0643,24.0,0.0
1688,135.16,116.75,0.00823,0.0686,24.0,0.0
1689,135.16,118.08,0.00855,0.0712,24.0,0.0
1690,135.16,121.58,0.00927,0.0772,24.0,0.0
1691,135.16,124.97,0.00942,0.0785,24.0,0.0
1692,135.16,125.07,0.0094,0.0783,24.0,0.0
1693,135.16,128.57,0.00784,0.0653,24.0,0.0
1694,135.16,132.06,0.00471,0.0393,25.0,0.0
1695,135.16,133.19,0.00378,0.0315,25.0,0.0
1696,135.16,135.56,0.00244,0.0204,25.0,0.0
1697,135.16,139.05,0.00173,0.0144,26.0,0.0
1698,135.16,142.55,0.0014,0.0117,26.0,0.0
1699,135.16,144.15,0.0013,0.0109,26.0,0.0
1700,135.16,146.04,0.00121,0.0101,26.0,0.0
1701,135.16,149.54,0.00109,0.00909,26.0,0.0
1702,135.16,149.89,0.00108,0.00901,26.0,0.0
1703,135.16,153.03,0.00101,0.0084,26.0,0.0
1704,135.16,153.87,0.000992,0.00826,26.0,0.0
1705,135.16,156.53,0.000948,0.0079,26.0,0.0
1706,135.16,160.02,0.000901,0.00751,26.0,0.0
1707,135.16,161.99,0.000876,0.0073,26.0,0.0
1708,135.16,163.52,0.000856,0.00713,26.0,0.0
1709,135.16,167.01,0.00079,0.00659,26.0,0.0
1710,135.16,170.51,0.000639,0.00532,27.0,0.0
1711,135.16,171.17,0.000593,0.00494,27.0,0.0
1712,135.16,174.0,0.00044,0.00366,27.0,0.0
1713,135.16,177.5,0.000375,0.00312,27.0,0.0
1714,135.16,180.35,0.000344,0.00286,27.0,0.0
1715,135.16,180.99,0.000338,0.00282,27.0,0.0
1716,135.16,184.49,0.000313,0.00261,27.0,0.0
1717,135.16,187.98,0.000295,0.00246,27.0,0.0
1718,135.16,188.7,0.000292,0.00243,27.0,0.0
1719,135.16,191.48,0.000281,0.00234,27.0,0.0
1720,135.16,194.97,0.000269,0.00224,28.0,0.0
1721,135.16,196.18,0.000265,0.00221,28.0,0.0
1722,135.16,198.47,0.000259,0.00216,28.0,0.0
1723,135.16,200.38,0.000255,0.00212,28.0,0.0
1724,135.16,201.96,0.000251,0.00209,28.0,0.0
1725,135.16,205.46,0.000244,0.00203,28.0,0.0
1726,135.16,208.95,0.000238,0.00198,28.0,0.0
1727,135.16,212.45,0.000233,0.00194,28.0,0.0
1728,135.16,212.84,0.000232,0.00193,28.0,0.0
1729,135.16,215.94,0.000228,0.0019,28.0,0.0
1730,135.16,219.44,0.000223,0.00186,28.0,0.0
1731,135.16,222.32,0.00022,0.00183,28.0,0.0
1732,135.16,222.93,0.000219,0.00183,28.0,0.0
1733,135.16,226.43,0.000216,0.0018,28.0,0.0
1734,135.16,229.92,0.000212,0.00177,28.0,0.0
1735,135.16,231.06,0.000211,0.00176,28.0,0.0
1736,135.16,233.42,0.000209,0.00174,28.0,0.0
1737,135.16,236.91,0.000206,0.00172,28.0,0.0
1738,135.16,237.44,0.000206,0.00172,28.0,0.0
1739,135.16,327.73,0.000164,0.00136,29.0,0.0
1740,135.16,450.11,0.000131,0.00109,29.0,0.0
1741,135.16,515.03,0.000118,0.00098,29.0,0.0
1742,135.16,588.03,0.000104,0.000867,30.0,0.0
1743,135.16,586.41,0.000104,0.000869,30.0,0.0
1744,135.16,585.58,0.000104,0.00087,30.0,0.0
1745,135.16,583.12,0.000105,0.000874,30.0,0.0
1746,135.16,582.92,0.000105,0.000874,30.0,0.0
1747,135.16,580.67,0.000105,0.000877,30.0,0.0
1748,135.16,579.42,0.000105,0.000879,30.0,0.0
1749,135.16,578.21,0.000106,0.000881,30.0,0.0
1750,135.16,575.93,0.000106,0.000884,30.0,0.0
1751,135.16,575.76,0.000106,0.000884,30.0,0.0
1752,135.16,573.33,0.000107,0.000888,30.0,0.0
1753,135.16,572.43,0.000107,0.000889,30.0,0.0
1754,135.16,571.02,0.000107,0.000891,30.0,0.0
1755,135.16,568.94,0.000107,0.000895,30.0,0.0
1756,135.16,568.87,0.000107,0.000895,30.0,0.0
1757,135.16,567.35,0.000108,0.000897,30.0,0.0
1758,135.16,565.86,0.000108,0.000899,30.0,0.0
1759,135.16,565.44,0.000108,0.0009,30.0,0.0
1760,135.16,564.37,0.000108,0.000901,30.0,0.0
1761,135.16,562.88,0.000108,0.000904,30.0,0.0
1762,135.16,561.95,0.000109,0.000905,30.0,0.0
1763,135.16,558.45,0.000109,0.00091,30.0,0.0
1764,135.16,557.76,0.000109,0.000911,30.0,0.0
1765,135.16,554.96,0.00011,0.000916,30.0,0.0
1766,135.16,551.46,0.000111,0.000921,30.0,0.0
1767,135.16,549.1,0.000111,0.000925,30.0,0.0
1768,135.16,547.97,0.000111,0.000927,30.0,0.0
1769,135.16,544.47,0.000112,0.000932,30.0,0.0
1770,135.16,540.98,0.000112,0.000937,30.0,0.0
1771,135.16,537.48,0.000113,0.000943,30.0,0.0
1772,135.16,533.99,0.000114,0.000949,30.0,0.0
1773,135.16,531.44,0.000114,0.000953,29.0,0.0
1774,135.16,530.49,0.000115,0.000954,29.0,0.0
1775,135.16,527.0,0.000115,0.00096,29.0,0.0
1776,135.16,523.5,0.000116,0.000966,29.0,0.0
1777,135.16,453.6,0.000131,0.00109,29.0,0.0
1778,135.16,451.25,0.000131,0.00109,29.0,0.0
1779,135.16,450.11,0.000131,0.00109,29.0,0.0
1780,135.16,446.61,0.000132,0.0011,29.0,0.0
1781,135.16,443.12,0.000133,0.00111,29.0,0.0
1782,135.16,299.82,0.000173,0.00145,28.0,0.0
1783,135.16,264.87,0.000189,0.00157,28.0,0.0
1784,135.16,121.58,0.00927,0.0772,24.0,0.0
1785,135.16,2.7475,1.24,1.0,15.0,0.0
1786,140.13,72.91,0.000127,0.00106,27.0,0.0
1787,140.13,76.142,0.000359,0.00299,26.0,0.0
1788,140.13,77.744,0.000506,0.00421,26.0,0.0
1789,140.13,79.637,0.000703,0.00586,26.0,0.0
1790,140.13,81.93,0.000973,0.00811,26.0,0.0
1791,140.13,83.132,0.00113,0.00939,25.0,0.0
1792,140.13,86.627,0.00162,0.0135,25.0,0.0
1793,140.13,90.122,0.00217,0.0181,25.0,0.0
1794,140.13,92.493,0.00258,0.0215,25.0,0.0
1795,140.13,93.617,0.00278,0.0231,25.0,0.0
1796,140.13,97.112,0.00343,0.0286,24.0,0.0
1797,140.13,98.772,0.00375,0.0313,24.0,0.0
1798,140.13,100.61,0.00412,0.0343,24.0,0.0
1799,140.13,102.06,0.00442,0.0368,24.0,0.0
1800,140.13,104.1,0.00485,0.0404,24.0,0.0
1801,140.13,105.06,0.00506,0.0422,24.0,0.0
1802,140.13,107.6,0.00562,0.0468,24.0,0.0
1803,140.13,108.95,0.00593,0.0494,24.0,0.0
1804,140.13,111.09,0.00642,0.0535,24.0,0.0
1805,140.13,112.83,0.00683,0.0569,24.0,0.0
1806,140.13,114.59,0.00725,0.0604,24.0,0.0
1807,140.13,116.75,0.00778,0.0648,24.0,0.0
1808,140.13,118.08,0.0081,0.0675,24.0,0.0
1809,140.13,121.58,0.00897,0.0747,24.0,0.0
1810,140.13,124.97,0.00975,0.0812,24.0,0.0
1811,140.13,125.07,0.00977,0.0814,24.0,0.0
1812,140.13,128.57,0.0102,0.0848,24.0,0.0
1813,140.13,132.06,0.00923,0.077,24.0,0.0
1814,140.13,133.19,0.00856,0.0713,24.0,0.0
1815,140.13,135.56,0.00636,0.053,24.0,0.0
1816,140.13,139.05,0.00334,0.0278,25.0,0.0
1817,140.13,142.55,0.00211,0.0176,25.0,0.0
1818,140.13,144.15,0.00186,0.0155,25.0,0.0
1819,140.13,146.04,0.00165,0.0137,26.0,0.0
1820,140.13,149.54,0.00139,0.0116,26.0,0.0
1821,140.13,149.89,0.00137,0.0114,26.0,0.0
1822,140.13,153.03,0.00123,0.0103,26.0,0.0
1823,140.13,153.87,0.00121,0.01,26.0,0.0
1824,140.13,156.53,0.00113,0.0094,26.0,0.0
1825,140.13,160.02,0.00105,0.00875,26.0,0.0
1826,140.13,161.99,0.00101,0.00843,26.0,0.0
1827,140.13,163.52,0.000982,0.00818,26.0,0.0
1828,140.13,167.01,0.000896,0.00747,26.0,0.0
1829,140.13,170.51,0.000721,0.006,27.0,0.0
1830,140.13,171.17,0.000669,0.00557,27.0,0.0
1831,140.13,174.0,0.000497,0.00414,27.0,0.0
1832,140.13,177.5,0.000424,0.00353,27.0,0.0
1833,140.13,180.35,0.000388,0.00324,27.0,0.0
1834,140.13,180.99,0.000382,0.00318,27.0,0.0
1835,140.13,184.49,0.000354,0.00295,27.0,0.0
1836,140.13,187.98,0.000333,0.00278,27.0,0.0
1837,140.13,188.7,0.000329,0.00275,27.0,0.0
1838,140.13,191.48,0.000317,0.00264,27.0,0.0
1839,140.13,194.97,0.000304,0.00253,27.0,0.0
1840,140.13,196.18,0.0003,0.0025,27.0,0.0
1841,140.13,198.47,0.000293,0.00244,27.0,0.0
1842,140.13,200.38,0.000288,0.0024,27.0,0.0
1843,140.13,201.96,0.000284,0.00237,27.0,0.0
1844,140.13,205.46,0.000276,0.0023,28.0,0.0
1845,140.13,208.95,0.000269,0.00224,28.0,0.0
1846,140.13,212.45,0.000263,0.00219,28.0,0.0
1847,140.13,212.84,0.000262,0.00219,28.0,0.0
1848,140.13,215.94,0.000258,0.00215,28.0,0.0
1849,140.13,219.44,0.000253,0.00211,28.0,0.0
1850,140.13,222.32,0.000249,0.00208,28.0,0.0
1851,140.13,222.93,0.000248,0.00207,28.0,0.0
1852,140.13,226.43,0.000244,0.00204,28.0,0.0
1853,140.13,229.92,0.000241,0.00201,28.0,0.0
1854,140.13,231.06,0.000239,0.002,28.0,0.0
1855,140.13,233.42,0.000237,0.00198,28.0,0.0
1856,140.13,236.91,0.000234,0.00195,28.0,0.0
1857,140.13,237.44,0.000234,0.00195,28.0,0.0
1858,140.13,327.73,0.000187,0.00156,28.0,0.0
1859,140.13,450.11,0.00015,0.00125,29.0,0.0
1860,140.13,515.03,0.000135,0.00112,29.0,0.0
1861,140.13,588.03,0.000119,0.000993,30.0,0.0
1862,140.13,586.41,0.000119,0.000995,30.0,0.0
1863,140.13,585.58,0.00012,0.000997,30.0,0.0
1864,140.13,583.12,0.00012,0.001,30.0,0.0
1865,140.13,582.92,0.00012,0.001,30.0,0.0
1866,140.13,580.67,0.000121,0.00101,30.0,0.0
1867,140.13,579.42,0.000121,0.00101,30.0,0.0
1868,140.13,578.21,0.000121,0.00101,30.0,0.0
1869,140.13,575.93,0.000122,0.00101,30.0,0.0
1870,140.13,575.76,0.000122,0.00101,30.0,0.0
1871,140.13,573.33,0.000122,0.00102,30.0,0.0
1872,140.13,572.43,0.000122,0.00102,30.0,0.0
1873,140.13,571.02,0.000123,0.00102,30.0,0.0
1874,140.13,568.94,0.000123,0.00103,29.0,0.0
1875,140.13,568.87,0.000123,0.00103,29.0,0.0
1876,140.13,567.35,0.000123,0.00103,29.0,0.0
1877,140.13,565.86,0.000124,0.00103,29.0,0.0
1878,140.13,565.44,0.000124,0.00103,29.0,0.0
1879,140.13,564.37,0.000124,0.00103,29.0,0.0
1880,140.13,562.88,0.000124,0.00104,29.0,0.0
1881,140.13,561.95,0.000124,0.00104,29.0,0.0
1882,140.13,558.45,0.000125,0.00104,29.0,0.0
1883,140.13,557.76,0.000125,0.00104,29.0,0.0
1884,140.13,554.96,0.000126,0.00105,29.0,0.0
1885,140.13,551.46,0.000127,0.00106,29.0,0.0
1886,140.13,549.1,0.000127,0.00106,29.0,0.0
1887,140.13,547.97,0.000127,0.00106,29.0,0.0
1888,140.13,544.47,0.000128,0.00107,29.0,0.0
1889,140.13,540.98,0.000129,0.00107,29.0,0.0
1890,140.13,537.48,0.00013,0.00108,29.0,0.0
1891,140.13,533.99,0.00013,0.00109,29.0,0.0
1892,140.13,531.44,0.000131,0.00109,29.0,0.0
1893,140.13,530.49,0.000131,0.00109,29.0,0.0
1894,140.13,527.0,0.000132,0.0011,29.0,0.0
1895,140.13,523.5,0.000133,0.00111,29.0,0.0
1896,140.13,453.6,0.000149,0.00125,29.0,0.0
1897,140.13,451.25,0.00015,0.00125,29.0,0.0
1898,140.13,450.11,0.00015,0.00125,29.0,0.0
1899,140.13,446.61,0.000151,0.00126,29.0,0.0
1900,140.13,443.12,0.000152,0.00127,29.0,0.0
1901,140.13,299.82,0.000198,0.00165,28.0,0.0
1902,140.13,264.87,0.000214,0.00179,28.0,0.0
1903,140.13,121.58,0.00897,0.0747,24.0,0.0
1904,140.13,2.7475,1.41,1.0,15.0,0.0
1905,153.19,72.91,2.6e-05,0.000219,29.0,0.0
1906,153.19,76.142,1.5e-05,0.000124,30.0,0.0
1907,153.19,77.744,5.2e-05,0.000434,28.0,0.0
1908,153.19,79.637,0.000147,0.00122,27.0,0.0
1909,153.19,81.93,0.000311,0.00259,27.0,0.0
1910,153.19,83.132,0.000415,0.00346,26.0,0.0
1911,153.19,86.627,0.000781,0.00651,26.0,0.0
1912,153.19,90.122,0.00123,0.0102,25.0,0.0
1913,153.19,92.493,0.00157,0.0131,25.0,0.0
1914,153.19,93.617,0.00175,0.0145,25.0,0.0
1915,153.19,97.112,0.00232,0.0194,25.0,0.0
1916,153.19,98.772,0.00262,0.0218,25.0,0.0
1917,153.19,100.61,0.00296,0.0246,25.0,0.0
1918,153.19,102.06,0.00323,0.027,25.0,0.0
1919,153.19,104.1,0.00364,0.0303,24.0,0.0
1920,153.19,105.06,0.00383,0.032,24.0,0.0
1921,153.19,107.6,0.00437,0.0364,24.0,0.0
1922,153.19,108.95,0.00466,0.0388,24.0,0.0
1923,153.19,111.09,0.00514,0.0428,24.0,0.0
1924,153.19,112.83,0.00553,0.0461,24.0,0.0
1925,153.19,114.59,0.00594,0.0495,24.0,0.0
1926,153.19,116.75,0.00646,0.0538,24.0,0.0
1927,153.19,118.08,0.00678,0.0565,24.0,0.0
1928,153.19,121.58,0.00766,0.0638,24.0,0.0
1929,153.19,124.97,0.00854,0.0712,24.0,0.0
1930,153.19,125.07,0.00856,0.0714,24.0,0.0
1931,153.19,128.57,0.0095,0.0792,24.0,0.0
1932,153.19,132.06,0.0104,0.087,24.0,0.0
1933,153.19,133.19,0.0107,0.0896,24.0,0.0
1934,153.19,135.56,0.0114,0.0946,24.0,0.0
1935,153.19,139.05,0.012,0.1,24.0,0.0
1936,153.19,142.55,0.0118,0.0984,24.0,0.0
1937,153.19,144.15,0.0111,0.0929,24.0,0.0
1938,153.19,146.04,0.00968,0.0806,24.0,0.0
1939,153.19,149.54,0.00609,0.0507,25.0,0.0
1940,153.19,149.89,0.00574,0.0478,25.0,0.0
1941,153.19,153.03,0.00336,0.028,25.0,0.0
1942,153.19,153.87,0.00302,0.0252,25.0,0.0
1943,153.19,156.53,0.00237,0.0197,25.0,0.0
1944,153.19,160.02,0.00191,0.0159,26.0,0.0
1945,153.19,161.99,0.00173,0.0144,26.0,0.0
1946,153.19,163.52,0.00161,0.0135,26.0,0.0
1947,153.19,167.01,0.00137,0.0114,26.0,0.0
1948,153.19,170.51,0.00104,0.00871,26.0,0.0
1949,153.19,171.17,0.000962,0.00802,26.0,0.0
1950,153.19,174.0,0.000701,0.00584,26.0,0.0
1951,153.19,177.5,0.000589,0.00491,27.0,0.0
1952,153.19,180.35,0.000536,0.00447,27.0,0.0
1953,153.19,180.99,0.000527,0.00439,27.0,0.0
1954,153.19,184.49,0.000485,0.00404,27.0,0.0
1955,153.19,187.98,0.000455,0.00379,27.0,0.0
1956,153.19,188.7,0.000449,0.00374,27.0,0.0
1957,153.19,191.48,0.000431,0.00359,27.0,0.0
1958,153.19,194.97,0.000412,0.00344,27.0,0.0
1959,153.19,196.18,0.000407,0.00339,27.0,0.0
1960,153.19,198.47,0.000397,0.00331,27.0,0.0
1961,153.19,200.38,0.00039,0.00325,27.0,0.0
1962,153.19,201.96,0.000384,0.0032,27.0,0.0
1963,153.19,205.46,0.000373,0.00311,27.0,0.0
1964,153.19,208.95,0.000364,0.00303,27.0,0.0
1965,153.19,212.45,0.000356,0.00296,27.0,0.0
1966,153.19,212.84,0.000355,0.00296,27.0,0.0
1967,153.19,215.94,0.000348,0.0029,27.0,0.0
1968,153.19,219.44,0.000342,0.00285,27.0,0.0
1969,153.19,222.32,0.000337,0.00281,27.0,0.0
1970,153.19,222.93,0.000336,0.0028,27.0,0.0
1971,153.19,226.43,0.000331,0.00276,27.0,0.0
1972,153.19,229.92,0.000326,0.00272,27.0,0.0
1973,153.19,231.06,0.000324,0.0027,27.0,0.0
1974,153.19,233.42,0.000321,0.00268,28.0,0.0
1975,153.19,236.91,0.000317,0.00264,28.0,0.0
1976,153.19,237.44,0.000317,0.00264,28.0,0.0
1977,153.19,327.73,0.000257,0.00214,28.0,0.0
1978,153.19,450.11,0.000209,0.00174,29.0,0.0
1979,153.19,515.03,0.000188,0.00157,29.0,0.0
1980,153.19,588.03,0.000167,0.00139,29.0,0.0
1981,153.19,586.41,0.000167,0.00139,29.0,0.0
1982,153.19,585.58,0.000167,0.00139,29.0,0.0
1983,153.19,583.12,0.000168,0.0014,29.0,0.0
1984,153.19,582.92,0.000168,0.0014,29.0,0.0
1985,153.19,580.67,0.000169,0.0014,29.0,0.0
1986,153.19,579.42,0.000169,0.00141,29.0,0.0
1987,153.19,578.21,0.000169,0.00141,29.0,0.0
1988,153.19,575.93,0.00017,0.00142,29.0,0.0
1989,153.19,575.76,0.00017,0.00142,29.0,0.0
1990,153.19,573.33,0.000171,0.00142,29.0,0.0
1991,153.19,572.43,0.000171,0.00142,29.0,0.0
1992,153.19,571.02,0.000171,0.00143,29.0,0.0
1993,153.19,568.94,0.000172,0.00143,29.0,0.0
1994,153.19,568.87,0.000172,0.00143,29.0,0.0
1995,153.19,567.35,0.000172,0.00144,29.0,0.0
1996,153.19,565.86,0.000173,0.00144,29.0,0.0
1997,153.19,565.44,0.000173,0.00144,29.0,0.0
1998,153.19,564.37,0.000173,0.00144,29.0,0.0
1999,153.19,562.88,0.000174,0.00145,29.0,0.0
2000,153.19,561.95,0.000174,0.00145,29.0,0.0
2001,153.19,558.45,0.000175,0.00146,29.0,0.0
2002,153.19,557.76,0.000175,0.00146,29.0,0.0
2003,153.19,554.96,0.000176,0.00147,29.0,0.0
2004,153.19,551.46,0.000177,0.00147,29.0,0.0
2005,153.19,549.1,0.000178,0.00148,29.0,0.0
2006,153.19,547.97,0.000178,0.00148,29.0,0.0
2007,153.19,544.47,0.000179,0.00149,29.0,0.0
2008,153.19,540.98,0.00018,0.0015,29.0,0.0
2009,153.19,537.48,0.000181,0.00151,29.0,0.0
2010,153.19,533.99,0.000182,0.00152,29.0,0.0
2011,153.19,531.44,0.000183,0.00152,29.0,0.0
2012,153.19,530.49,0.000183,0.00153,29.0,0.0
2013,153.19,527.0,0.000184,0.00154,29.0,0.0
2014,153.19,523.5,0.000185,0.00154,29.0,0.0
2015,153.19,453.6,0.000208,0.00173,29.0,0.0
2016,153.19,451.25,0.000209,0.00174,29.0,0.0
2017,153.19,450.11,0.000209,0.00174,29.0,0.0
2018,153.19,446.61,0.00021,0.00175,29.0,0.0
2019,153.19,443.12,0.000212,0.00176,29.0,0.0
2020,153.19,299.82,0.000271,0.00226,28.0,0.0
2021,153.19,264.87,0.000292,0.00244,28.0,0.0
2022,153.19,121.58,0.00766,0.0638,24.0,0.0
2023,153.19,2.7475,1.95,1.0,14.0,0.0
2024,160.15,72.91,0.000126,0.00105,28.0,0.0
2025,160.15,76.142,3e-05,0.000247,29.0,0.0
2026,160.15,77.744,1.6e-05,0.000134,30.0,0.0
2027,160.15,79.637,1.6e-05,0.000137,30.0,0.0
2028,160.15,81.93,8.6e-05,0.000713,28.0,0.0
2029,160.15,83.132,0.000152,0.00127,27.0,0.0
2030,160.15,86.627,0.000425,0.00354,26.0,0.0
2031,160.15,90.122,0.000797,0.00664,26.0,0.0
2032,160.15,92.493,0.0011,0.00913,26.0,0.0
2033,160.15,93.617,0.00125,0.0104,25.0,0.0
2034,160.15,97.112,0.00178,0.0148,25.0,0.0
2035,160.15,98.772,0.00205,0.0171,25.0,0.0
2036,160.15,100.61,0.00236,0.0197,25.0,0.0
2037,160.15,102.06,0.00263,0.0219,25.0,0.0
2038,160.15,104.1,0.00301,0.0251,25.0,0.0
2039,160.15,105.06,0.00319,0.0266,25.0,0.0
2040,160.15,107.6,0.0037,0.0309,24.0,0.0
2041,160.15,108.95,0.00399,0.0332,24.0,0.0
2042,160.15,111.09,0.00445,0.037,24.0,0.0
2043,160.15,112.83,0.00483,0.0403,24.0,0.0
2044,160.15,114.59,0.00523,0.0436,24.0,0.0
2045,160.15,116.75,0.00574,0.0478,24.0,0.0
2046,160.15,118.08,0.00605,0.0505,24.0,0.0
2047,160.15,121.58,0.00692,0.0576,24.0,0.0
2048,160.15,124.97,0.00778,0.0649,24.0,0.0
2049,160.15,125.07,0.00781,0.0651,24.0,0.0
2050,160.15,128.57,0.00874,0.0728,24.0,0.0
2051,160.15,132.06,0.00969,0.0808,24.0,0.0
2052,160.15,133.19,0.01,0.0834,24.0,0.0
2053,160.15,135.56,0.0107,0.089,24.0,0.0
2054,160.15,139.05,0.0117,0.0972,24.0,0.0
2055,160.15,142.55,0.0126,0.105,24.0,0.0
2056,160.15,144.15,0.0129,0.108,24.0,0.0
2057,160.15,146.04,0.0132,0.11,24.0,0.0
2058,160.15,149.54,0.0127,0.106,24.0,0.0
2059,160.15,149.89,0.0125,0.105,24.0,0.0
2060,160.15,153.03,0.0102,0.0847,24.0,0.0
2061,160.15,153.87,0.00931,0.0776,24.0,0.0
2062,160.15,156.53,0.0064,0.0534,25.0,0.0
2063,160.15,160.02,0.0036,0.03,25.0,0.0
2064,160.15,161.99,0.00289,0.0241,25.0,0.0
2065,160.15,163.52,0.00253,0.0211,25.0,0.0
2066,160.15,167.01,0.00193,0.0161,26.0,0.0
2067,160.15,170.51,0.00136,0.0113,26.0,0.0
2068,160.15,171.17,0.00124,0.0103,26.0,0.0
2069,160.15,174.0,0.000868,0.00724,26.0,0.0
2070,160.15,177.5,0.000716,0.00597,26.0,0.0
2071,160.15,180.35,0.000645,0.00537,27.0,0.0
2072,160.15,180.99,0.000632,0.00527,27.0,0.0
2073,160.15,184.49,0.000577,0.00481,27.0,0.0
2074,160.15,187.98,0.000537,0.00448,27.0,0.0
2075,160.15,188.7,0.000531,0.00442,27.0,0.0
2076,160.15,191.48,0.000507,0.00423,27.0,0.0
2077,160.15,194.97,0.000484,0.00403,27.0,0.0
2078,160.15,196.18,0.000477,0.00397,27.0,0.0
2079,160.15,198.47,0.000464,0.00387,27.0,0.0
2080,160.15,200.38,0.000455,0.0038,27.0,0.0
2081,160.15,201.96,0.000449,0.00374,27.0,0.0
2082,160.15,205.46,0.000435,0.00363,27.0,0.0
2083,160.15,208.95,0.000424,0.00353,27.0,0.0
2084,160.15,212.45,0.000414,0.00345,27.0,0.0
2085,160.15,212.84,0.000413,0.00344,27.0,0.0
2086,160.15,215.94,0.000405,0.00338,27.0,0.0
2087,160.15,219.44,0.000397,0.00331,27.0,0.0
2088,160.15,222.32,0.000392,0.00326,27.0,0.0
2089,160.15,222.93,0.00039,0.00325,27.0,0.0
2090,160.15,226.43,0.000384,0.0032,27.0,0.0
2091,160.15,229.92,0.000378,0.00315,27.0,0.0
2092,160.15,231.06,0.000377,0.00314,27.0,0.0
2093,160.15,233.42,0.000373,0.00311,27.0,0.0
2094,160.15,236.91,0.000369,0.00307,27.0,0.0
2095,160.15,237.44,0.000368,0.00307,27.0,0.0
2096,160.15,327.73,0.000301,0.00251,28.0,0.0
2097,160.15,450.11,0.000246,0.00205,29.0,0.0
2098,160.15,515.03,0.000222,0.00185,29.0,0.0
2099,160.15,588.03,0.000197,0.00164,29.0,0.0
2100,160.15,586.41,0.000197,0.00164,29.0,0.0
2101,160.15,585.58,0.000197,0.00165,29.0,0.0
2102,160.15,583.12,0.000198,0.00165,29.0,0.0
2103,160.15,582.92,0.000198,0.00165,29.0,0.0
2104,160.15,580.67,0.000199,0.00166,29.0,0.0
2105,160.15,579.42,0.000199,0.00166,29.0,0.0
2106,160.15,578.21,0.0002,0.00167,29.0,0.0
2107,160.15,575.93,0.000201,0.00167,29.0,0.0
2108,160.15,575.76,0.000201,0.00167,29.0,0.0
2109,160.15,573.33,0.000201,0.00168,29.0,0.0
2110,160.15,572.43,0.000202,0.00168,29.0,0.0
2111,160.15,571.02,0.000202,0.00169,29.0,0.0
2112,160.15,568.94,0.000203,0.00169,29.0,0.0
2113,160.15,568.87,0.000203,0.00169,29.0,0.0
2114,160.15,567.35,0.000203,0.0017,29.0,0.0
2115,160.15,565.86,0.000204,0.0017,29.0,0.0
2116,160.15,565.44,0.000204,0.0017,29.0,0.0
2117,160.15,564.37,0.000204,0.0017,29.0,0.0
2118,160.15,562.88,0.000205,0.00171,29.0,0.0
2119,160.15,561.95,0.000205,0.00171,29.0,0.0
2120,160.15,558.45,0.000206,0.00172,29.0,0.0
2121,160.15,557.76,0.000207,0.00172,29.0,0.0
2122,160.15,554.96,0.000208,0.00173,29.0,0.0
2123,160.15,551.46,0.000209,0.00174,29.0,0.0
2124,160.15,549.1,0.00021,0.00175,29.0,0.0
2125,160.15,547.97,0.00021,0.00175,29.0,0.0
2126,160.15,544.47,0.000211,0.00176,29.0,0.0
2127,160.15,540.98,0.000212,0.00177,29.0,0.0
2128,160.15,537.48,0.000214,0.00178,29.0,0.0
2129,160.15,533.99,0.000215,0.00179,29.0,0.0
2130,160.15,531.44,0.000216,0.0018,29.0,0.0
2131,160.15,530.49,0.000216,0.0018,29.0,0.0
2132,160.15,527.0,0.000217,0.00181,29.0,0.0
2133,160.15,523.5,0.000219,0.00182,29.0,0.0
2134,160.15,453.6,0.000245,0.00204,29.0,0.0
2135,160.15,451.25,0.000246,0.00205,29.0,0.0
2136,160.15,450.11,0.000246,0.00205,29.0,0.0
2137,160.15,446.61,0.000248,0.00207,28.0,0.0
2138,160.15,443.12,0.000249,0.00208,28.0,0.0
2139,160.15,299.82,0.000316,0.00264,28.0,0.0
2140,160.15,264.87,0.00034,0.00283,28.0,0.0
2141,160.15,121.58,0.00692,0.0576,24.0,0.0
2142,160.15,2.7475,2.3,1.0,14.0,0.0
2143,171.22,72.91,0.000672,0.0056,26.0,0.0
2144,171.22,76.142,0.000274,0.00228,27.0,0.0
2145,171.22,77.744,0.000154,0.00128,28.0,0.0
2146,171.22,79.637,7.1e-05,0.00059,29.0,0.0
2147,171.22,81.93,2.7e-05,0.000226,29.0,0.0
2148,171.22,83.132,1.8e-05,0.000151,30.0,0.0
2149,171.22,86.627,5.4e-05,0.000447,28.0,0.0
2150,171.22,90.122,0.000262,0.00218,27.0,0.0
2151,171.22,92.493,0.00047,0.00392,26.0,0.0
2152,171.22,93.617,0.000585,0.00488,26.0,0.0
2153,171.22,97.112,0.001,0.00835,26.0,0.0
2154,171.22,98.772,0.00123,0.0102,25.0,0.0
2155,171.22,100.61,0.0015,0.0125,25.0,0.0
2156,171.22,102.06,0.00172,0.0144,25.0,0.0
2157,171.22,104.1,0.00206,0.0172,25.0,0.0
2158,171.22,105.06,0.00223,0.0186,25.0,0.0
2159,171.22,107.6,0.00269,0.0224,25.0,0.0
2160,171.22,108.95,0.00295,0.0246,25.0,0.0
2161,171.22,111.09,0.00337,0.0281,25.0,0.0
2162,171.22,112.83,0.00373,0.0311,25.0,0.0
2163,171.22,114.59,0.00411,0.0343,24.0,0.0
2164,171.22,116.75,0.00459,0.0382,24.0,0.0
2165,171.22,118.08,0.00489,0.0408,24.0,0.0
2166,171.22,121.58,0.00572,0.0477,24.0,0.0
2167,171.22,124.97,0.00656,0.0546,24.0,0.0
2168,171.22,125.07,0.00658,0.0549,24.0,0.0
2169,171.22,128.57,0.00749,0.0624,24.0,0.0
2170,171.22,132.06,0.00843,0.0702,24.0,0.0
2171,171.22,133.19,0.00874,0.0728,24.0,0.0
2172,171.22,135.56,0.0094,0.0783,24.0,0.0
2173,171.22,139.05,0.0104,0.0867,24.0,0.0
2174,171.22,142.55,0.0114,0.0953,24.0,0.0
2175,171.22,144.15,0.0119,0.0993,24.0,0.0
2176,171.22,146.04,0.0125,0.104,24.0,0.0
2177,171.22,149.54,0.0135,0.113,23.0,0.0
2178,171.22,149.89,0.0136,0.114,23.0,0.0
2179,171.22,153.03,0.0145,0.121,23.0,0.0
2180,171.22,153.87,0.0146,0.122,23.0,0.0
2181,171.22,156.53,0.0148,0.124,24.0,0.0
2182,171.22,160.02,0.0138,0.115,24.0,0.0
2183,171.22,161.99,0.0121,0.101,24.0,0.0
2184,171.22,163.52,0.0104,0.0868,24.0,0.0
2185,171.22,167.01,0.00594,0.0495,25.0,0.0
2186,171.22,170.51,0.00269,0.0224,25.0,0.0
2187,171.22,171.17,0.00227,0.0189,26.0,0.0
2188,171.22,174.0,0.00135,0.0113,26.0,0.0
2189,171.22,177.5,0.00104,0.00866,26.0,0.0
2190,171.22,180.35,0.000905,0.00754,26.0,0.0
2191,171.22,180.99,0.000882,0.00735,26.0,0.0
2192,171.22,184.49,0.000784,0.00653,26.0,0.0
2193,171.22,187.98,0.000716,0.00597,26.0,0.0
2194,171.22,188.7,0.000705,0.00587,27.0,0.0
2195,171.22,191.48,0.000666,0.00555,27.0,0.0
2196,171.22,194.97,0.000628,0.00524,27.0,0.0
2197,171.22,196.18,0.000617,0.00514,27.0,0.0
2198,171.22,198.47,0.000598,0.00499,27.0,0.0
2199,171.22,200.38,0.000585,0.00487,27.0,0.0
2200,171.22,201.96,0.000574,0.00479,27.0,0.0
2201,171.22,205.46,0.000554,0.00462,27.0,0.0
2202,171.22,208.95,0.000537,0.00448,27.0,0.0
2203,171.22,212.45,0.000523,0.00436,27.0,0.0
2204,171.22,212.84,0.000521,0.00435,27.0,0.0
2205,171.22,215.94,0.000511,0.00425,27.0,0.0
2206,171.22,219.44,0.0005,0.00416,27.0,0.0
2207,171.22,222.32,0.000492,0.0041,27.0,0.0
2208,171.22,222.93,0.00049,0.00409,27.0,0.0
2209,171.22,226.43,0.000482,0.00402,27.0,0.0
2210,171.22,229.92,0.000474,0.00395,27.0,0.0
2211,171.22,231.06,0.000472,0.00393,27.0,0.0
2212,171.22,233.42,0.000468,0.0039,27.0,0.0
2213,171.22,236.91,0.000461,0.00384,27.0,0.0
2214,171.22,237.44,0.000461,0.00384,27.0,0.0
2215,171.22,327.73,0.00038,0.00317,28.0,0.0
2216,171.22,450.11,0.000314,0.00262,28.0,0.0
2217,171.22,515.03,0.000284,0.00236,29.0,0.0
2218,171.22,588.03,0.000252,0.0021,29.0,0.0
2219,171.22,586.41,0.000253,0.00211,29.0,0.0
2220,171.22,585.58,0.000253,0.00211,29.0,0.0
2221,171.22,583.12,0.000254,0.00212,29.0,0.0
2222,171.22,582.92,0.000254,0.00212,29.0,0.0
2223,171.22,580.67,0.000255,0.00213,29.0,0.0
2224,171.22,579.42,0.000256,0.00213,29.0,0.0
2225,171.22,578.21,0.000256,0.00214,29.0,0.0
2226,171.22,575.93,0.000257,0.00214,29.0,0.0
2227,171.22,575.76,0.000257,0.00214,29.0,0.0
2228,171.22,573.33,0.000258,0.00215,29.0,0.0
2229,171.22,572.43,0.000259,0.00216,29.0,0.0
2230,171.22,571.02,0.000259,0.00216,29.0,0.0
2231,171.22,568.94,0.00026,0.00217,29.0,0.0
2232,171.22,568.87,0.00026,0.00217,29.0,0.0
2233,171.22,567.35,0.000261,0.00217,29.0,0.0
2234,171.22,565.86,0.000261,0.00218,29.0,0.0
2235,171.22,565.44,0.000262,0.00218,29.0,0.0
2236,171.22,564.37,0.000262,0.00218,29.0,0.0
2237,171.22,562.88,0.000263,0.00219,29.0,0.0
2238,171.22,561.95,0.000263,0.00219,29.0,0.0
2239,171.22,558.45,0.000265,0.0022,29.0,0.0
2240,171.22,557.76,0.000265,0.00221,29.0,0.0
2241,171.22,554.96,0.000266,0.00222,29.0,0.0
2242,171.22,551.46,0.000268,0.00223,29.0,0.0
2243,171.22,549.1,0.000269,0.00224,29.0,0.0
2244,171.22,547.97,0.000269,0.00224,29.0,0.0
2245,171.22,544.47,0.000271,0.00225,29.0,0.0
2246,171.22,540.98,0.000272,0.00227,29.0,0.0
2247,171.22,537.48,0.000274,0.00228,29.0,0.0
2248,171.22,533.99,0.000275,0.00229,29.0,0.0
2249,171.22,531.44,0.000276,0.0023,29.0,0.0
2250,171.22,530.49,0.000277,0.00231,29.0,0.0
2251,171.22,527.0,0.000278,0.00232,29.0,0.0
2252,171.22,523.5,0.00028,0.00233,29.0,0.0
2253,171.22,453.6,0.000313,0.00261,28.0,0.0
2254,171.22,451.25,0.000314,0.00262,28.0,0.0
2255,171.22,450.11,0.000314,0.00262,28.0,0.0
2256,171.22,446.61,0.000316,0.00263,28.0,0.0
2257,171.22,443.12,0.000318,0.00265,28.0,0.0
2258,171.22,299.82,0.000398,0.00331,28.0,0.0
2259,171.22,264.87,0.000426,0.00355,27.0,0.0
2260,171.22,121.58,0.00572,0.0477,24.0,0.0
2261,171.22,2.7475,2.93,1.0,14.0,0.0
2262,180.17,72.91,0.00147,0.0122,25.0,0.0
2263,180.17,76.142,0.000834,0.00695,26.0,0.0
2264,180.17,77.744,0.000584,0.00487,26.0,0.0
2265,180.17,79.637,0.000349,0.00291,27.0,0.0
2266,180.17,81.93,0.000161,0.00134,28.0,0.0
2267,180.17,83.132,0.000102,0.000848,28.0,0.0
2268,180.17,86.627,2.6e-05,0.000215,30.0,0.0
2269,180.17,90.122,2.8e-05,0.000234,29.0,0.0
2270,180.17,92.493,0.000125,0.00104,28.0,0.0
2271,180.17,93.617,0.000197,0.00164,27.0,0.0
2272,180.17,97.112,0.000496,0.00414,26.0,0.0
2273,180.17,98.772,0.000674,0.00562,26.0,0.0
2274,180.17,100.61,0.000895,0.00746,26.0,0.0
2275,180.17,102.06,0.00109,0.00905,26.0,0.0
2276,180.17,104.1,0.00138,0.0115,25.0,0.0
2277,180.17,105.06,0.00152,0.0127,25.0,0.0
2278,180.17,107.6,0.00193,0.0161,25.0,0.0
2279,180.17,108.95,0.00217,0.0181,25.0,0.0
2280,180.17,111.09,0.00256,0.0213,25.0,0.0
2281,180.17,112.83,0.00289,0.0241,25.0,0.0
2282,180.17,114.59,0.00324,0.027,25.0,0.0
2283,180.17,116.75,0.00369,0.0307,25.0,0.0
2284,180.17,118.08,0.00397,0.0331,24.0,0.0
2285,180.17,121.58,0.00476,0.0397,24.0,0.0
2286,180.17,124.97,0.00556,0.0464,24.0,0.0
2287,180.17,125.07,0.00559,0.0466,24.0,0.0
2288,180.17,128.57,0.00646,0.0539,24.0,0.0
2289,180.17,132.06,0.00738,0.0615,24.0,0.0
2290,180.17,133.19,0.00768,0.064,24.0,0.0
2291,180.17,135.56,0.00833,0.0694,24.0,0.0
2292,180.17,139.05,0.00932,0.0776,24.0,0.0
2293,180.17,142.55,0.0103,0.0862,24.0,0.0
2294,180.17,144.15,0.0108,0.0902,24.0,0.0
2295,180.17,146.04,0.0114,0.0949,24.0,0.0
2296,180.17,149.54,0.0125,0.104,24.0,0.0
2297,180.17,149.89,0.0126,0.105,24.0,0.0
2298,180.17,153.03,0.0136,0.113,23.0,0.0
2299,180.17,153.87,0.0138,0.115,23.0,0.0
2300,180.17,156.53,0.0146,0.121,23.0,0.0
2301,180.17,160.02,0.0151,0.126,23.0,0.0
2302,180.17,161.99,0.0149,0.124,24.0,0.0
2303,180.17,163.52,0.0143,0.119,24.0,0.0
2304,180.17,167.01,0.0105,0.0877,24.0,0.0
2305,180.17,170.51,0.00506,0.0422,25.0,0.0
2306,180.17,171.17,0.00416,0.0347,25.0,0.0
2307,180.17,174.0,0.00224,0.0186,25.0,0.0
2308,180.17,177.5,0.0016,0.0133,26.0,0.0
2309,180.17,180.35,0.0013,0.0108,26.0,0.0
2310,180.17,180.99,0.00125,0.0104,26.0,0.0
2311,180.17,184.49,0.00106,0.00884,26.0,0.0
2312,180.17,187.98,0.00094,0.00783,26.0,0.0
2313,180.17,188.7,0.00092,0.00767,26.0,0.0
2314,180.17,191.48,0.000855,0.00713,26.0,0.0
2315,180.17,194.97,0.000793,0.00661,26.0,0.0
2316,180.17,196.18,0.000776,0.00646,26.0,0.0
2317,180.17,198.47,0.000746,0.00622,26.0,0.0
2318,180.17,200.38,0.000724,0.00603,27.0,0.0
2319,180.17,201.96,0.000708,0.0059,27.0,0.0
2320,180.17,205.46,0.000678,0.00565,27.0,0.0
2321,180.17,208.95,0.000653,0.00544,27.0,0.0
2322,180.17,212.45,0.000632,0.00527,27.0,0.0
2323,180.17,212.84,0.00063,0.00525,27.0,0.0
2324,180.17,215.94,0.000615,0.00512,27.0,0.0
2325,180.17,219.44,0.0006,0.005,27.0,0.0
2326,180.17,222.32,0.000589,0.00491,27.0,0.0
2327,180.17,222.93,0.000587,0.00489,27.0,0.0
2328,180.17,226.43,0.000575,0.0048,27.0,0.0
2329,180.17,229.92,0.000565,0.00471,27.0,0.0
2330,180.17,231.06,0.000562,0.00469,27.0,0.0
2331,180.17,233.42,0.000556,0.00464,27.0,0.0
2332,180.17,236.91,0.000548,0.00457,27.0,0.0
2333,180.17,237.44,0.000547,0.00456,27.0,0.0
2334,180.17,327.73,0.000452,0.00377,28.0,0.0
2335,180.17,450.11,0.000378,0.00315,28.0,0.0
2336,180.17,515.03,0.000342,0.00285,28.0,0.0
2337,180.17,588.03,0.000305,0.00254,29.0,0.0
2338,180.17,586.41,0.000305,0.00254,29.0,0.0
2339,180.17,585.58,0.000306,0.00255,29.0,0.0
2340,180.17,583.12,0.000307,0.00256,29.0,0.0
2341,180.17,582.92,0.000307,0.00256,29.0,0.0
2342,180.17,580.67,0.000308,0.00257,29.0,0.0
2343,180.17,579.42,0.000309,0.00257,29.0,0.0
2344,180.17,578.21,0.000309,0.00258,29.0,0.0
2345,180.17,575.93,0.00031,0.00259,29.0,0.0
2346,180.17,575.76,0.000311,0.00259,29.0,0.0
2347,180.17,573.33,0.000312,0.0026,29.0,0.0
2348,180.17,572.43,0.000312,0.0026,29.0,0.0
2349,180.17,571.02,0.000313,0.00261,29.0,0.0
2350,180.17,568.94,0.000314,0.00262,29.0,0.0
2351,180.17,568.87,0.000314,0.00262,29.0,0.0
2352,180.17,567.35,0.000315,0.00262,29.0,0.0
2353,180.17,565.86,0.000315,0.00263,29.0,0.0
2354,180.17,565.44,0.000316,0.00263,29.0,0.0
2355,180.17,564.37,0.000316,0.00263,29.0,0.0
2356,180.17,562.88,0.000317,0.00264,29.0,0.0
2357,180.17,561.95,0.000317,0.00264,29.0,0.0
2358,180.17,558.45,0.000319,0.00266,28.0,0.0
2359,180.17,557.76,0.00032,0.00266,28.0,0.0
2360,180.17,554.96,0.000321,0.00268,28.0,0.0
2361,180.17,551.46,0.000323,0.00269,28.0,0.0
2362,180.17,549.1,0.000324,0.0027,28.0,0.0
2363,180.17,547.97,0.000325,0.0027,28.0,0.0
2364,180.17,544.47,0.000326,0.00272,28.0,0.0
2365,180.17,540.98,0.000328,0.00273,28.0,0.0
2366,180.17,537.48,0.00033,0.00275,28.0,0.0
2367,180.17,533.99,0.000332,0.00277,28.0,0.0
2368,180.17,531.44,0.000333,0.00278,28.0,0.0
2369,180.17,530.49,0.000334,0.00278,28.0,0.0
2370,180.17,527.0,0.000335,0.0028,28.0,0.0
2371,180.17,523.5,0.000337,0.00281,28.0,0.0
2372,180.17,453.6,0.000376,0.00313,28.0,0.0
2373,180.17,451.25,0.000377,0.00314,28.0,0.0
2374,180.17,450.11,0.000378,0.00315,28.0,0.0
2375,180.17,446.61,0.00038,0.00317,28.0,0.0
2376,180.17,443.12,0.000382,0.00318,28.0,0.0
2377,180.17,299.82,0.000472,0.00394,27.0,0.0
2378,180.17,264.87,0.000505,0.00421,27.0,0.0
2379,180.17,121.58,0.00476,0.0397,24.0,0.0
2380,180.17,2.7475,3.52,1.0,14.0,0.0
2381,189.15,72.91,0.00256,0.0213,25.0,0.0
2382,189.15,76.142,0.0017,0.0142,25.0,0.0
2383,189.15,77.744,0.00134,0.0112,25.0,0.0
2384,189.15,79.637,0.000967,0.00806,26.0,0.0
2385,189.15,81.93,0.000594,0.00495,26.0,0.0
2386,189.15,83.132,0.000436,0.00363,27.0,0.0
2387,189.15,86.627,0.000142,0.00118,28.0,0.0
2388,189.15,90.122,3.8e-05,0.000313,29.0,0.0
2389,189.15,92.493,1.9e-05,0.00016,30.0,0.0
2390,189.15,93.617,2e-05,0.000163,30.0,0.0
2391,189.15,97.112,0.000138,0.00115,28.0,0.0
2392,189.15,98.772,0.000252,0.0021,27.0,0.0
2393,189.15,100.61,0.00041,0.00342,27.0,0.0
2394,189.15,102.06,0.000556,0.00463,26.0,0.0
2395,189.15,104.1,0.000788,0.00657,26.0,0.0
2396,189.15,105.06,0.000908,0.00757,26.0,0.0
2397,189.15,107.6,0.00126,0.0105,26.0,0.0
2398,189.15,108.95,0.00146,0.0122,25.0,0.0
2399,189.15,111.09,0.0018,0.015,25.0,0.0
2400,189.15,112.83,0.0021,0.0175,25.0,0.0
2401,189.15,114.59,0.00242,0.0201,25.0,0.0
2402,189.15,116.75,0.00283,0.0236,25.0,0.0
2403,189.15,118.08,0.00309,0.0258,25.0,0.0
2404,189.15,121.58,0.00383,0.0319,25.0,0.0
2405,189.15,124.97,0.00459,0.0382,24.0,0.0
2406,189.15,125.07,0.00461,0.0384,24.0,0.0
2407,189.15,128.57,0.00545,0.0454,24.0,0.0
2408,189.15,132.06,0.00633,0.0527,24.0,0.0
2409,189.15,133.19,0.00662,0.0552,24.0,0.0
2410,189.15,135.56,0.00725,0.0604,24.0,0.0
2411,189.15,139.05,0.00821,0.0684,24.0,0.0
2412,189.15,142.55,0.00921,0.0768,24.0,0.0
2413,189.15,144.15,0.00968,0.0807,24.0,0.0
2414,189.15,146.04,0.0102,0.0854,24.0,0.0
2415,189.15,149.54,0.0113,0.0943,24.0,0.0
2416,189.15,149.89,0.0114,0.0952,24.0,0.0
2417,189.15,153.03,0.0124,0.103,24.0,0.0
2418,189.15,153.87,0.0127,0.105,24.0,0.0
2419,189.15,156.53,0.0135,0.112,24.0,0.0
2420,189.15,160.02,0.0143,0.119,24.0,0.0
2421,189.15,161.99,0.0144,0.12,24.0,0.0
2422,189.15,163.52,0.0141,0.118,24.0,0.0
2423,189.15,167.01,0.0114,0.0953,24.0,0.0
2424,189.15,170.51,0.00609,0.0507,24.0,0.0
2425,189.15,171.17,0.00507,0.0422,25.0,0.0
2426,189.15,174.0,0.00284,0.0237,25.0,0.0
2427,189.15,177.5,0.00219,0.0182,25.0,0.0
2428,189.15,180.35,0.0019,0.0158,25.0,0.0
2429,189.15,180.99,0.00184,0.0154,25.0,0.0
2430,189.15,184.49,0.00158,0.0131,26.0,0.0
2431,189.15,187.98,0.00134,0.0111,26.0,0.0
2432,189.15,188.7,0.00129,0.0108,26.0,0.0
2433,189.15,191.48,0.00116,0.00965,26.0,0.0
2434,189.15,194.97,0.00104,0.00869,26.0,0.0
2435,189.15,196.18,0.00101,0.00842,26.0,0.0
2436,189.15,198.47,0.000958,0.00799,26.0,0.0
2437,189.15,200.38,0.000921,0.00768,26.0,0.0
2438,189.15,201.96,0.000895,0.00746,26.0,0.0
2439,189.15,205.46,0.000845,0.00704,26.0,0.0
2440,189.15,208.95,0.000805,0.00671,26.0,0.0
2441,189.15,212.45,0.000772,0.00644,27.0,0.0
2442,189.15,212.84,0.000769,0.00641,27.0,0.0
2443,189.15,215.94,0.000745,0.00621,27.0,0.0
2444,189.15,219.44,0.000723,0.00602,27.0,0.0
2445,189.15,222.32,0.000707,0.00589,27.0,0.0
2446,189.15,222.93,0.000704,0.00587,27.0,0.0
2447,189.15,226.43,0.000687,0.00573,27.0,0.0
2448,189.15,229.92,0.000673,0.00561,27.0,0.0
2449,189.15,231.06,0.000669,0.00557,27.0,0.0
2450,189.15,233.42,0.000661,0.00551,27.0,0.0
2451,189.15,236.91,0.00065,0.00541,27.0,0.0
2452,189.15,237.44,0.000648,0.0054,27.0,0.0
2453,189.15,327.73,0.000533,0.00444,27.0,0.0
2454,189.15,450.11,0.000449,0.00375,28.0,0.0
2455,189.15,515.03,0.000408,0.0034,28.0,0.0
2456,189.15,588.03,0.000364,0.00304,28.0,0.0
2457,189.15,586.41,0.000365,0.00304,28.0,0.0
2458,189.15,585.58,0.000366,0.00305,28.0,0.0
2459,189.15,583.12,0.000367,0.00306,28.0,0.0
2460,189.15,582.92,0.000367,0.00306,28.0,0.0
2461,189.15,580.67,0.000369,0.00307,28.0,0.0
2462,189.15,579.42,0.000369,0.00308,28.0,0.0
2463,189.15,578.21,0.00037,0.00308,28.0,0.0
2464,189.15,575.93,0.000371,0.00309,28.0,0.0
2465,189.15,575.76,0.000371,0.00309,28.0,0.0
2466,189.15,573.33,0.000373,0.00311,28.0,0.0
2467,189.15,572.43,0.000373,0.00311,28.0,0.0
2468,189.15,571.02,0.000374,0.00312,28.0,0.0
2469,189.15,568.94,0.000375,0.00313,28.0,0.0
2470,189.15,568.87,0.000375,0.00313,28.0,0.0
2471,189.15,567.35,0.000376,0.00314,28.0,0.0
2472,189.15,565.86,0.000377,0.00314,28.0,0.0
2473,189.15,565.44,0.000377,0.00314,28.0,0.0
2474,189.15,564.37,0.000378,0.00315,28.0,0.0
2475,189.15,562.88,0.000379,0.00316,28.0,0.0
2476,189.15,561.95,0.000379,0.00316,28.0,0.0
2477,189.15,558.45,0.000382,0.00318,28.0,0.0
2478,189.15,557.76,0.000382,0.00318,28.0,0.0
2479,189.15,554.96,0.000384,0.0032,28.0,0.0
2480,189.15,551.46,0.000386,0.00321,28.0,0.0
2481,189.15,549.1,0.000387,0.00323,28.0,0.0
2482,189.15,547.97,0.000388,0.00323,28.0,0.0
2483,189.15,544.47,0.00039,0.00325,28.0,0.0
2484,189.15,540.98,0.000392,0.00327,28.0,0.0
2485,189.15,537.48,0.000394,0.00328,28.0,0.0
2486,189.15,533.99,0.000396,0.0033,28.0,0.0
2487,189.15,531.44,0.000398,0.00331,28.0,0.0
2488,189.15,530.49,0.000398,0.00332,28.0,0.0
2489,189.15,527.0,0.000401,0.00334,28.0,0.0
2490,189.15,523.5,0.000403,0.00336,28.0,0.0
2491,189.15,453.6,0.000447,0.00373,28.0,0.0
2492,189.15,451.25,0.000449,0.00374,28.0,0.0
2493,189.15,450.11,0.000449,0.00375,28.0,0.0
2494,189.15,446.61,0.000452,0.00376,28.0,0.0
2495,189.15,443.12,0.000454,0.00378,28.0,0.0
2496,189.15,299.82,0.000555,0.00463,27.0,0.0
2497,189.15,264.87,0.000593,0.00494,27.0,0.0
2498,189.15,121.58,0.00383,0.0319,25.0,0.0
2499,189.15,2.7475,4.2,1.0,14.0,0.0
2500,200.19,72.91,0.00434,0.0362,24.0,0.0
2501,200.19,76.142,0.00317,0.0264,24.0,0.0
2502,200.19,77.744,0.00267,0.0222,25.0,0.0
2503,200.19,79.637,0.00213,0.0178,25.0,0.0
2504,200.19,81.93,0.00157,0.0131,25.0,0.0
2505,200.19,83.132,0.0013,0.0109,26.0,0.0
2506,200.19,86.627,0.000672,0.0056,26.0,0.0
2507,200.19,90.122,0.000263,0.00219,27.0,0.0
2508,200.19,92.493,0.000118,0.000985,28.0,0.0
2509,200.19,93.617,7.9e-05,0.000656,29.0,0.0
2510,200.19,97.112,2.5e-05,0.000207,30.0,0.0
2511,200.19,98.772,2.1e-05,0.000174,30.0,0.0
2512,200.19,100.61,4.7e-05,0.000391,29.0,0.0
2513,200.19,102.06,0.000111,0.000923,28.0,0.0
2514,200.19,104.1,0.000246,0.00205,27.0,0.0
2515,200.19,105.06,0.000325,0.00271,27.0,0.0
2516,200.19,107.6,0.000573,0.00478,26.0,0.0
2517,200.19,108.95,0.000727,0.00605,26.0,0.0
2518,200.19,111.09,0.000998,0.00831,26.0,0.0
2519,200.19,112.83,0.00124,0.0103,26.0,0.0
2520,200.19,114.59,0.00151,0.0126,25.0,0.0
2521,200.19,116.75,0.00186,0.0155,25.0,0.0
2522,200.19,118.08,0.00209,0.0175,25.0,0.0
2523,200.19,121.58,0.00275,0.0229,25.0,0.0
2524,200.19,124.97,0.00344,0.0287,25.0,0.0
2525,200.19,125.07,0.00346,0.0289,25.0,0.0
2526,200.19,128.57,0.00424,0.0353,24.0,0.0
2527,200.19,132.06,0.00506,0.0422,24.0,0.0
2528,200.19,133.19,0.00534,0.0445,24.0,0.0
2529,200.19,135.56,0.00594,0.0495,24.0,0.0
2530,200.19,139.05,0.00686,0.0571,24.0,0.0
2531,200.19,142.55,0.00782,0.0652,24.0,0.0
2532,200.19,144.15,0.00827,0.069,24.0,0.0
2533,200.19,146.04,0.00882,0.0735,24.0,0.0
2534,200.19,149.54,0.00986,0.0822,24.0,0.0
2535,200.19,149.89,0.00997,0.0831,24.0,0.0
2536,200.19,153.03,0.0109,0.0911,24.0,0.0
2537,200.19,153.87,0.0112,0.0932,24.0,0.0
2538,200.19,156.53,0.012,0.1,24.0,0.0
2539,200.19,160.02,0.0129,0.108,24.0,0.0
2540,200.19,161.99,0.0132,0.11,24.0,0.0
2541,200.19,163.52,0.0132,0.11,24.0,0.0
2542,200.19,167.01,0.0115,0.0955,24.0,0.0
2543,200.19,170.51,0.00682,0.0569,24.0,0.0
2544,200.19,171.17,0.00579,0.0483,24.0,0.0
2545,200.19,174.0,0.0034,0.0283,25.0,0.0
2546,200.19,177.5,0.00268,0.0223,25.0,0.0
2547,200.19,180.35,0.00237,0.0198,25.0,0.0
2548,200.19,180.99,0.00232,0.0194,25.0,0.0
2549,200.19,184.49,0.00209,0.0174,25.0,0.0
2550,200.19,187.98,0.00192,0.016,25.0,0.0
2551,200.19,188.7,0.00189,0.0157,25.0,0.0
2552,200.19,191.48,0.00176,0.0147,26.0,0.0
2553,200.19,194.97,0.00161,0.0134,26.0,0.0
2554,200.19,196.18,0.00155,0.0129,26.0,0.0
2555,200.19,198.47,0.00143,0.0119,26.0,0.0
2556,200.19,200.38,0.00133,0.0111,26.0,0.0
2557,200.19,201.96,0.00127,0.0106,26.0,0.0
2558,200.19,205.46,0.00116,0.00967,26.0,0.0
2559,200.19,208.95,0.00108,0.009,26.0,0.0
2560,200.19,212.45,0.00102,0.00847,26.0,0.0
2561,200.19,212.84,0.00101,0.00842,26.0,0.0
2562,200.19,215.94,0.000966,0.00805,26.0,0.0
2563,200.19,219.44,0.000925,0.00771,26.0,0.0
2564,200.19,222.32,0.000897,0.00747,26.0,0.0
2565,200.19,222.93,0.000892,0.00743,26.0,0.0
2566,200.19,226.43,0.000863,0.00719,26.0,0.0
2567,200.19,229.92,0.000839,0.00699,27.0,0.0
2568,200.19,231.06,0.000832,0.00693,27.0,0.0
2569,200.19,233.42,0.000819,0.00682,27.0,0.0
2570,200.19,236.91,0.000801,0.00667,27.0,0.0
2571,200.19,237.44,0.000798,0.00665,27.0,0.0
2572,200.19,327.73,0.000643,0.00536,27.0,0.0
2573,200.19,450.11,0.000549,0.00457,28.0,0.0
2574,200.19,515.03,0.0005,0.00417,28.0,0.0
2575,200.19,588.03,0.000448,0.00373,28.0,0.0
2576,200.19,586.41,0.000449,0.00374,28.0,0.0
2577,200.19,585.58,0.00045,0.00375,28.0,0.0
2578,200.19,583.12,0.000452,0.00376,28.0,0.0
2579,200.19,582.92,0.000452,0.00376,28.0,0.0
2580,200.19,580.67,0.000453,0.00378,28.0,0.0
2581,200.19,579.42,0.000454,0.00378,28.0,0.0
2582,200.19,578.21,0.000455,0.00379,28.0,0.0
2583,200.19,575.93,0.000457,0.0038,28.0,0.0
2584,200.19,575.76,0.000457,0.00381,28.0,0.0
2585,200.19,573.33,0.000458,0.00382,28.0,0.0
2586,200.19,572.43,0.000459,0.00382,28.0,0.0
2587,200.19,571.02,0.00046,0.00383,28.0,0.0
2588,200.19,568.94,0.000461,0.00384,28.0,0.0
2589,200.19,568.87,0.000461,0.00385,28.0,0.0
2590,200.19,567.35,0.000463,0.00385,28.0,0.0
2591,200.19,565.86,0.000464,0.00386,28.0,0.0
2592,200.19,565.44,0.000464,0.00387,28.0,0.0
2593,200.19,564.37,0.000465,0.00387,28.0,0.0
2594,200.19,562.88,0.000466,0.00388,28.0,0.0
2595,200.19,561.95,0.000466,0.00389,28.0,0.0
2596,200.19,558.45,0.000469,0.00391,28.0,0.0
2597,200.19,557.76,0.000469,0.00391,28.0,0.0
2598,200.19,554.96,0.000471,0.00393,28.0,0.0
2599,200.19,551.46,0.000474,0.00395,28.0,0.0
2600,200.19,549.1,0.000475,0.00396,28.0,0.0
2601,200.19,547.97,0.000476,0.00397,28.0,0.0
2602,200.19,544.47,0.000479,0.00399,28.0,0.0
2603,200.19,540.98,0.000481,0.00401,28.0,0.0
2604,200.19,537.48,0.000484,0.00403,28.0,0.0
2605,200.19,533.99,0.000486,0.00405,28.0,0.0
2606,200.19,531.44,0.000488,0.00407,28.0,0.0
2607,200.19,530.49,0.000489,0.00407,28.0,0.0
2608,200.19,527.0,0.000491,0.00409,28.0,0.0
2609,200.19,523.5,0.000494,0.00412,28.0,0.0
2610,200.19,453.6,0.000546,0.00455,28.0,0.0
2611,200.19,451.25,0.000548,0.00456,28.0,0.0
2612,200.19,450.11,0.000549,0.00457,28.0,0.0
2613,200.19,446.61,0.000551,0.00459,28.0,0.0
2614,200.19,443.12,0.000554,0.00462,28.0,0.0
2615,200.19,299.82,0.000669,0.00557,27.0,0.0
2616,200.19,264.87,0.000717,0.00597,27.0,0.0
2617,200.19,121.58,0.00275,0.0229,25.0,0.0
2618,200.19,2.7475,5.16,1.0,13.0,0.0
2619,203.43,72.91,0.00497,0.0414,24.0,0.0
2620,203.43,76.142,0.00369,0.0308,24.0,0.0
2621,203.43,77.744,0.00315,0.0262,24.0,0.0
2622,203.43,79.637,0.00256,0.0213,25.0,0.0
2623,203.43,81.93,0.00194,0.0161,25.0,0.0
2624,203.43,83.132,0.00164,0.0137,25.0,0.0
2625,203.43,86.627,0.000925,0.00771,26.0,0.0
2626,203.43,90.122,0.000414,0.00345,27.0,0.0
2627,203.43,92.493,0.000203,0.00169,28.0,0.0
2628,203.43,93.617,0.000139,0.00116,28.0,0.0
2629,203.43,97.112,4e-05,0.000337,29.0,0.0
2630,203.43,98.772,2.5e-05,0.000209,30.0,0.0
2631,203.43,100.61,2.2e-05,0.000185,29.0,0.0
2632,203.43,102.06,4.3e-05,0.000358,29.0,0.0
2633,203.43,104.1,0.000137,0.00114,28.0,0.0
2634,203.43,105.06,0.0002,0.00167,27.0,0.0
2635,203.43,107.6,0.000412,0.00343,27.0,0.0
2636,203.43,108.95,0.000548,0.00457,26.0,0.0
2637,203.43,111.09,0.000795,0.00663,26.0,0.0
2638,203.43,112.83,0.00102,0.00851,26.0,0.0
2639,203.43,114.59,0.00127,0.0106,26.0,0.0
2640,203.43,116.75,0.0016,0.0134,25.0,0.0
2641,203.43,118.08,0.00183,0.0152,25.0,0.0
2642,203.43,121.58,0.00245,0.0204,25.0,0.0
2643,203.43,124.97,0.00312,0.026,25.0,0.0
2644,203.43,125.07,0.00314,0.0262,25.0,0.0
2645,203.43,128.57,0.0039,0.0325,25.0,0.0
2646,203.43,132.06,0.0047,0.0392,24.0,0.0
2647,203.43,133.19,0.00497,0.0414,24.0,0.0
2648,203.43,135.56,0.00556,0.0463,24.0,0.0
2649,203.43,139.05,0.00646,0.0539,24.0,0.0
2650,203.43,142.55,0.00741,0.0618,24.0,0.0
2651,203.43,144.15,0.00786,0.0655,24.0,0.0
2652,203.43,146.04,0.0084,0.07,24.0,0.0
2653,203.43,149.54,0.00944,0.0786,24.0,0.0
2654,203.43,149.89,0.00954,0.0795,24.0,0.0
2655,203.43,153.03,0.0105,0.0875,24.0,0.0
2656,203.43,153.87,0.0108,0.0896,24.0,0.0
2657,203.43,156.53,0.0116,0.0963,24.0,0.0
2658,203.43,160.02,0.0125,0.104,24.0,0.0
2659,203.43,161.99,0.0128,0.107,24.0,0.0
2660,203.43,163.52,0.0129,0.107,24.0,0.0
2661,203.43,167.01,0.0114,0.095,24.0,0.0
2662,203.43,170.51,0.007,0.0583,24.0,0.0
2663,203.43,171.17,0.00598,0.0498,24.0,0.0
2664,203.43,174.0,0.00356,0.0297,25.0,0.0
2665,203.43,177.5,0.00282,0.0235,25.0,0.0
2666,203.43,180.35,0.00251,0.0209,25.0,0.0
2667,203.43,180.99,0.00245,0.0204,25.0,0.0
2668,203.43,184.49,0.00221,0.0185,25.0,0.0
2669,203.43,187.98,0.00204,0.017,25.0,0.0
2670,203.43,188.7,0.00201,0.0168,25.0,0.0
2671,203.43,191.48,0.0019,0.0159,25.0,0.0
2672,203.43,194.97,0.00177,0.0147,26.0,0.0
2673,203.43,196.18,0.00172,0.0143,26.0,0.0
2674,203.43,198.47,0.00162,0.0135,26.0,0.0
2675,203.43,200.38,0.00153,0.0127,26.0,0.0
2676,203.43,201.96,0.00144,0.012,26.0,0.0
2677,203.43,205.46,0.00129,0.0108,26.0,0.0
2678,203.43,208.95,0.00119,0.00993,26.0,0.0
2679,203.43,212.45,0.00111,0.00927,26.0,0.0
2680,203.43,212.84,0.00111,0.00921,26.0,0.0
2681,203.43,215.94,0.00105,0.00876,26.0,0.0
2682,203.43,219.44,0.001,0.00834,26.0,0.0
2683,203.43,222.32,0.000967,0.00806,26.0,0.0
2684,203.43,222.93,0.00096,0.008,26.0,0.0
2685,203.43,226.43,0.000926,0.00772,26.0,0.0
2686,203.43,229.92,0.000898,0.00748,26.0,0.0
2687,203.43,231.06,0.00089,0.00741,26.0,0.0
2688,203.43,233.42,0.000874,0.00728,26.0,0.0
2689,203.43,236.91,0.000853,0.00711,27.0,0.0
2690,203.43,237.44,0.00085,0.00708,27.0,0.0
2691,203.43,327.73,0.000677,0.00565,27.0,0.0
2692,203.43,450.11,0.00058,0.00483,28.0,0.0
2693,203.43,515.03,0.00053,0.00441,28.0,0.0
2694,203.43,588.03,0.000475,0.00396,28.0,0.0
2695,203.43,586.41,0.000476,0.00397,28.0,0.0
2696,203.43,585.58,0.000477,0.00397,28.0,0.0
2697,203.43,583.12,0.000479,0.00399,28.0,0.0
2698,203.43,582.92,0.000479,0.00399,28.0,0.0
2699,203.43,580.67,0.00048,0.004,28.0,0.0
2700,203.43,579.42,0.000481,0.00401,28.0,0.0
2701,203.43,578.21,0.000482,0.00402,28.0,0.0
2702,203.43,575.93,0.000484,0.00403,28.0,0.0
2703,203.43,575.76,0.000484,0.00403,28.0,0.0
2704,203.43,573.33,0.000486,0.00405,28.0,0.0
2705,203.43,572.43,0.000486,0.00405,28.0,0.0
2706,203.43,571.02,0.000487,0.00406,28.0,0.0
2707,203.43,568.94,0.000489,0.00407,28.0,0.0
2708,203.43,568.87,0.000489,0.00408,28.0,0.0
2709,203.43,567.35,0.00049,0.00408,28.0,0.0
2710,203.43,565.86,0.000491,0.00409,28.0,0.0
2711,203.43,565.44,0.000492,0.0041,28.0,0.0
2712,203.43,564.37,0.000492,0.0041,28.0,0.0
2713,203.43,562.88,0.000493,0.00411,28.0,0.0
2714,203.43,561.95,0.000494,0.00412,28.0,0.0
2715,203.43,558.45,0.000497,0.00414,28.0,0.0
2716,203.43,557.76,0.000497,0.00414,28.0,0.0
2717,203.43,554.96,0.000499,0.00416,28.0,0.0
2718,203.43,551.46,0.000502,0.00418,28.0,0.0
2719,203.43,549.1,0.000504,0.0042,28.0,0.0
2720,203.43,547.97,0.000505,0.0042,28.0,0.0
2721,203.43,544.47,0.000507,0.00423,28.0,0.0
2722,203.43,540.98,0.00051,0.00425,28.0,0.0
2723,203.43,537.48,0.000512,0.00427,28.0,0.0
2724,203.43,533.99,0.000515,0.00429,28.0,0.0
2725,203.43,531.44,0.000517,0.00431,28.0,0.0
2726,203.43,530.49,0.000518,0.00431,28.0,0.0
2727,203.43,527.0,0.00052,0.00434,28.0,0.0
2728,203.43,523.5,0.000523,0.00436,28.0,0.0
2729,203.43,453.6,0.000577,0.00481,28.0,0.0
2730,203.43,451.25,0.000579,0.00483,28.0,0.0
2731,203.43,450.11,0.00058,0.00483,28.0,0.0
2732,203.43,446.61,0.000583,0.00486,28.0,0.0
2733,203.43,443.12,0.000586,0.00488,28.0,0.0
2734,203.43,299.82,0.000704,0.00587,27.0,0.0
2735,203.43,264.87,0.000757,0.00631,27.0,0.0
2736,203.43,121.58,0.00245,0.0204,25.0,0.0
2737,203.43,2.7475,5.47,1.0,13.0,0.0
2738,211.94,72.91,0.00685,0.0571,24.0,0.0
2739,211.94,76.142,0.00529,0.044,24.0,0.0
2740,211.94,77.744,0.0046,0.0384,24.0,0.0
2741,211.94,79.637,0.00388,0.0323,24.0,0.0
2742,211.94,81.93,0.00309,0.0257,25.0,0.0
2743,211.94,83.132,0.00271,0.0226,25.0,0.0
2744,211.94,86.627,0.00177,0.0147,25.0,0.0
2745,211.94,90.122,0.00102,0.00851,26.0,0.0
2746,211.94,92.493,0.000628,0.00523,27.0,0.0
2747,211.94,93.617,0.000479,0.00399,27.0,0.0
2748,211.94,97.112,0.000172,0.00143,28.0,0.0
2749,211.94,98.772,9.8e-05,0.000819,29.0,0.0
2750,211.94,100.61,5.2e-05,0.000438,29.0,0.0
2751,211.94,102.06,3.4e-05,0.000279,29.0,0.0
2752,211.94,104.1,2.3e-05,0.000191,30.0,0.0
2753,211.94,105.06,2.5e-05,0.00021,29.0,0.0
2754,211.94,107.6,9.9e-05,0.000824,28.0,0.0
2755,211.94,108.95,0.00018,0.0015,27.0,0.0
2756,211.94,111.09,0.00035,0.00292,27.0,0.0
2757,211.94,112.83,0.00052,0.00433,26.0,0.0
2758,211.94,114.59,0.000717,0.00598,26.0,0.0
2759,211.94,116.75,0.000993,0.00827,26.0,0.0
2760,211.94,118.08,0.00118,0.00983,26.0,0.0
2761,211.94,121.58,0.00173,0.0144,25.0,0.0
2762,211.94,124.97,0.00233,0.0194,25.0,0.0
2763,211.94,125.07,0.00235,0.0195,25.0,0.0
2764,211.94,128.57,0.00303,0.0253,25.0,0.0
2765,211.94,132.06,0.00378,0.0315,25.0,0.0
2766,211.94,133.19,0.00404,0.0336,25.0,0.0
2767,211.94,135.56,0.00459,0.0383,24.0,0.0
2768,211.94,139.05,0.00545,0.0454,24.0,0.0
2769,211.94,142.55,0.00636,0.053,24.0,0.0
2770,211.94,144.15,0.00679,0.0566,24.0,0.0
2771,211.94,146.04,0.00731,0.061,24.0,0.0
2772,211.94,149.54,0.00831,0.0693,24.0,0.0
2773,211.94,149.89,0.00842,0.0701,24.0,0.0
2774,211.94,153.03,0.00935,0.0779,24.0,0.0
2775,211.94,153.87,0.0096,0.08,24.0,0.0
2776,211.94,156.53,0.0104,0.0867,24.0,0.0
2777,211.94,160.02,0.0114,0.0949,24.0,0.0
2778,211.94,161.99,0.0118,0.0984,24.0,0.0
2779,211.94,163.52,0.012,0.0997,24.0,0.0
2780,211.94,167.01,0.0111,0.0923,24.0,0.0
2781,211.94,170.51,0.00737,0.0614,24.0,0.0
2782,211.94,171.17,0.00641,0.0534,24.0,0.0
2783,211.94,174.0,0.00397,0.0331,25.0,0.0
2784,211.94,177.5,0.00319,0.0266,25.0,0.0
2785,211.94,180.35,0.00285,0.0238,25.0,0.0
2786,211.94,180.99,0.00279,0.0233,25.0,0.0
2787,211.94,184.49,0.00254,0.0212,25.0,0.0
2788,211.94,187.98,0.00236,0.0197,25.0,0.0
2789,211.94,188.7,0.00233,0.0194,25.0,0.0
2790,211.94,191.48,0.00222,0.0185,25.0,0.0
2791,211.94,194.97,0.00211,0.0176,25.0,0.0
2792,211.94,196.18,0.00207,0.0173,25.0,0.0
2793,211.94,198.47,0.00201,0.0167,25.0,0.0
2794,211.94,200.38,0.00195,0.0163,25.0,0.0
2795,211.94,201.96,0.0019,0.0159,26.0,0.0
2796,211.94,205.46,0.00178,0.0149,26.0,0.0
2797,211.94,208.95,0.00163,0.0136,26.0,0.0
2798,211.94,212.45,0.00146,0.0122,26.0,0.0
2799,211.94,212.84,0.00145,0.0121,26.0,0.0
2800,211.94,215.94,0.00135,0.0112,26.0,0.0
2801,211.94,219.44,0.00126,0.0105,26.0,0.0
2802,211.94,222.32,0.0012,0.00999,26.0,0.0
2803,211.94,222.93,0.00119,0.00989,26.0,0.0
2804,211.94,226.43,0.00113,0.00942,26.0,0.0
2805,211.94,229.92,0.00108,0.00904,26.0,0.0
2806,211.94,231.06,0.00107,0.00893,26.0,0.0
2807,211.94,233.42,0.00105,0.00872,26.0,0.0
2808,211.94,236.91,0.00101,0.00845,26.0,0.0
2809,211.94,237.44,0.00101,0.00841,26.0,0.0
2810,211.94,327.73,0.000774,0.00645,27.0,0.0
2811,211.94,450.11,0.000668,0.00557,27.0,0.0
2812,211.94,515.03,0.000612,0.0051,28.0,0.0
2813,211.94,588.03,0.000551,0.00459,28.0,0.0
2814,211.94,586.41,0.000552,0.0046,28.0,0.0
2815,211.94,585.58,0.000553,0.00461,28.0,0.0
2816,211.94,583.12,0.000555,0.00462,28.0,0.0
2817,211.94,582.92,0.000555,0.00463,28.0,0.0
2818,211.94,580.67,0.000557,0.00464,28.0,0.0
2819,211.94,579.42,0.000558,0.00465,28.0,0.0
2820,211.94,578.21,0.000559,0.00466,28.0,0.0
2821,211.94,575.93,0.000561,0.00467,28.0,0.0
2822,211.94,575.76,0.000561,0.00467,28.0,0.0
2823,211.94,573.33,0.000563,0.00469,28.0,0.0
2824,211.94,572.43,0.000564,0.0047,28.0,0.0
2825,211.94,571.02,0.000565,0.00471,28.0,0.0
2826,211.94,568.94,0.000567,0.00472,28.0,0.0
2827,211.94,568.87,0.000567,0.00472,28.0,0.0
2828,211.94,567.35,0.000568,0.00473,28.0,0.0
2829,211.94,565.86,0.000569,0.00474,28.0,0.0
2830,211.94,565.44,0.000569,0.00475,28.0,0.0
2831,211.94,564.37,0.00057,0.00475,28.0,0.0
2832,211.94,562.88,0.000572,0.00476,28.0,0.0
2833,211.94,561.95,0.000572,0.00477,28.0,0.0
2834,211.94,558.45,0.000575,0.00479,28.0,0.0
2835,211.94,557.76,0.000576,0.0048,28.0,0.0
2836,211.94,554.96,0.000578,0.00482,28.0,0.0
2837,211.94,551.46,0.000581,0.00484,28.0,0.0
2838,211.94,549.1,0.000583,0.00486,28.0,0.0
2839,211.94,547.97,0.000584,0.00487,28.0,0.0
2840,211.94,544.47,0.000587,0.00489,28.0,0.0
2841,211.94,540.98,0.00059,0.00492,28.0,0.0
2842,211.94,537.48,0.000593,0.00494,28.0,0.0
2843,211.94,533.99,0.000596,0.00497,28.0,0.0
2844,211.94,531.44,0.000598,0.00499,28.0,0.0
2845,211.94,530.49,0.000599,0.00499,28.0,0.0
2846,211.94,527.0,0.000602,0.00502,28.0,0.0
2847,211.94,523.5,0.000605,0.00504,28.0,0.0
2848,211.94,453.6,0.000665,0.00554,27.0,0.0
2849,211.94,451.25,0.000667,0.00556,27.0,0.0
2850,211.94,450.11,0.000668,0.00557,27.0,0.0
2851,211.94,446.61,0.000671,0.00559,27.0,0.0
2852,211.94,443.12,0.000674,0.00562,27.0,0.0
2853,211.94,299.82,0.000805,0.00671,27.0,0.0
2854,211.94,264.87,0.000873,0.00727,27.0,0.0
2855,211.94,121.58,0.00173,0.0144,25.0,0.0
2856,211.94,2.7475,6.35,1.0,13.0,0.0
2857,220.21,72.91,0.00902,0.0752,23.0,0.0
2858,220.21,76.142,0.00715,0.0596,24.0,0.0
2859,220.21,77.744,0.00633,0.0528,24.0,0.0
2860,220.21,79.637,0.00544,0.0453,24.0,0.0
2861,220.21,81.93,0.00448,0.0373,24.0,0.0
2862,220.21,83.132,0.00402,0.0335,24.0,0.0
2863,220.21,86.627,0.00284,0.0236,25.0,0.0
2864,220.21,90.122,0.00187,0.0156,25.0,0.0
2865,220.21,92.493,0.00133,0.0111,26.0,0.0
2866,220.21,93.617,0.0011,0.00918,26.0,0.0
2867,220.21,97.112,0.000534,0.00445,27.0,0.0
2868,220.21,98.772,0.000347,0.00289,27.0,0.0
2869,220.21,100.61,0.000202,0.00168,28.0,0.0
2870,220.21,102.06,0.000127,0.00106,28.0,0.0
2871,220.21,104.1,6.5e-05,0.000541,29.0,0.0
2872,220.21,105.06,4.8e-05,0.000399,29.0,0.0
2873,220.21,107.6,2.6e-05,0.000216,30.0,0.0
2874,220.21,108.95,2.6e-05,0.000217,29.0,0.0
2875,220.21,111.09,7.2e-05,0.000603,28.0,0.0
2876,220.21,112.83,0.000168,0.0014,28.0,0.0
2877,220.21,114.59,0.000302,0.00252,27.0,0.0
2878,220.21,116.75,0.000507,0.00423,26.0,0.0
2879,220.21,118.08,0.000654,0.00545,26.0,0.0
2880,220.21,121.58,0.00111,0.00922,26.0,0.0
2881,220.21,124.97,0.00163,0.0136,25.0,0.0
2882,220.21,125.07,0.00164,0.0137,25.0,0.0
2883,220.21,128.57,0.00226,0.0188,25.0,0.0
2884,220.21,132.06,0.00294,0.0245,25.0,0.0
2885,220.21,133.19,0.00318,0.0265,25.0,0.0
2886,220.21,135.56,0.00369,0.0308,25.0,0.0
2887,220.21,139.05,0.0045,0.0375,25.0,0.0
2888,220.21,142.55,0.00537,0.0447,24.0,0.0
2889,220.21,144.15,0.00578,0.0481,24.0,0.0
2890,220.21,146.04,0.00628,0.0523,24.0,0.0
2891,220.21,149.54,0.00724,0.0603,24.0,0.0
2892,220.21,149.89,0.00734,0.0612,24.0,0.0
2893,220.21,153.03,0.00824,0.0687,24.0,0.0
2894,220.21,153.87,0.00849,0.0707,24.0,0.0
2895,220.21,156.53,0.00928,0.0773,24.0,0.0
2896,220.21,160.02,0.0103,0.0856,24.0,0.0
2897,220.21,161.99,0.0107,0.0896,24.0,0.0
2898,220.21,163.52,0.011,0.0916,24.0,0.0
2899,220.21,167.01,0.0106,0.0882,24.0,0.0
2900,220.21,170.51,0.0076,0.0633,24.0,0.0
2901,220.21,171.17,0.00672,0.056,24.0,0.0
2902,220.21,174.0,0.00435,0.0362,25.0,0.0
2903,220.21,177.5,0.00355,0.0296,25.0,0.0
2904,220.21,180.35,0.0032,0.0266,25.0,0.0
2905,220.21,180.99,0.00314,0.0261,25.0,0.0
2906,220.21,184.49,0.00287,0.0239,25.0,0.0
2907,220.21,187.98,0.00267,0.0223,25.0,0.0
2908,220.21,188.7,0.00264,0.022,25.0,0.0
2909,220.21,191.48,0.00253,0.0211,25.0,0.0
2910,220.21,194.97,0.00241,0.0201,25.0,0.0
2911,220.21,196.18,0.00237,0.0198,25.0,0.0
2912,220.21,198.47,0.00231,0.0193,25.0,0.0
2913,220.21,200.38,0.00226,0.0189,25.0,0.0
2914,220.21,201.96,0.00223,0.0186,25.0,0.0
2915,220.21,205.46,0.00215,0.0179,25.0,0.0
2916,220.21,208.95,0.00206,0.0172,25.0,0.0
2917,220.21,212.45,0.00196,0.0163,26.0,0.0
2918,220.21,212.84,0.00195,0.0162,26.0,0.0
2919,220.21,215.94,0.00182,0.0152,26.0,0.0
2920,220.21,219.44,0.00165,0.0138,26.0,0.0
2921,220.21,222.32,0.00153,0.0128,26.0,0.0
2922,220.21,222.93,0.00151,0.0126,26.0,0.0
2923,220.21,226.43,0.00141,0.0118,26.0,0.0
2924,220.21,229.92,0.00133,0.0111,26.0,0.0
2925,220.21,231.06,0.00131,0.0109,26.0,0.0
2926,220.21,233.42,0.00127,0.0106,26.0,0.0
2927,220.21,236.91,0.00122,0.0101,26.0,0.0
2928,220.21,237.44,0.00121,0.0101,26.0,0.0
2929,220.21,327.73,0.000875,0.00729,27.0,0.0
2930,220.21,450.11,0.000761,0.00634,27.0,0.0
2931,220.21,515.03,0.0007,0.00583,28.0,0.0
2932,220.21,588.03,0.000632,0.00526,28.0,0.0
2933,220.21,586.41,0.000633,0.00528,28.0,0.0
2934,220.21,585.58,0.000634,0.00528,28.0,0.0
2935,220.21,583.12,0.000636,0.0053,28.0,0.0
2936,220.21,582.92,0.000636,0.0053,28.0,0.0
2937,220.21,580.67,0.000639,0.00532,28.0,0.0
2938,220.21,579.42,0.00064,0.00533,28.0,0.0
2939,220.21,578.21,0.000641,0.00534,28.0,0.0
2940,220.21,575.93,0.000643,0.00536,28.0,0.0
2941,220.21,575.76,0.000643,0.00536,28.0,0.0
2942,220.21,573.33,0.000645,0.00538,28.0,0.0
2943,220.21,572.43,0.000646,0.00538,28.0,0.0
2944,220.21,571.02,0.000647,0.0054,28.0,0.0
2945,220.21,568.94,0.000649,0.00541,28.0,0.0
2946,220.21,568.87,0.000649,0.00541,28.0,0.0
2947,220.21,567.35,0.000651,0.00542,28.0,0.0
2948,220.21,565.86,0.000652,0.00544,28.0,0.0
2949,220.21,565.44,0.000653,0.00544,28.0,0.0
2950,220.21,564.37,0.000654,0.00545,28.0,0.0
2951,220.21,562.88,0.000655,0.00546,28.0,0.0
2952,220.21,561.95,0.000656,0.00547,28.0,0.0
2953,220.21,558.45,0.000659,0.00549,28.0,0.0
2954,220.21,557.76,0.00066,0.0055,28.0,0.0
2955,220.21,554.96,0.000662,0.00552,28.0,0.0
2956,220.21,551.46,0.000666,0.00555,28.0,0.0
2957,220.21,549.1,0.000668,0.00557,28.0,0.0
2958,220.21,547.97,0.000669,0.00557,28.0,0.0
2959,220.21,544.47,0.000672,0.0056,28.0,0.0
2960,220.21,540.98,0.000676,0.00563,28.0,0.0
2961,220.21,537.48,0.000679,0.00566,28.0,0.0
2962,220.21,533.99,0.000682,0.00568,28.0,0.0
2963,220.21,531.44,0.000685,0.0057,28.0,0.0
2964,220.21,530.49,0.000685,0.00571,28.0,0.0
2965,220.21,527.0,0.000689,0.00574,28.0,0.0
2966,220.21,523.5,0.000692,0.00577,28.0,0.0
2967,220.21,453.6,0.000758,0.00632,27.0,0.0
2968,220.21,451.25,0.00076,0.00634,27.0,0.0
2969,220.21,450.11,0.000761,0.00634,27.0,0.0
2970,220.21,446.61,0.000765,0.00637,27.0,0.0
2971,220.21,443.12,0.000768,0.0064,27.0,0.0
2972,220.21,299.82,0.000912,0.0076,27.0,0.0
2973,220.21,264.87,0.001,0.00836,26.0,0.0
2974,220.21,121.58,0.00111,0.00922,26.0,0.0
2975,220.21,2.7475,7.29,1.0,13.0,0.0
2976,220.46,72.91,0.00909,0.0758,23.0,0.0
2977,220.46,76.142,0.00721,0.0601,24.0,0.0
2978,220.46,77.744,0.00639,0.0532,24.0,0.0
2979,220.46,79.637,0.00549,0.0458,24.0,0.0
2980,220.46,81.93,0.00453,0.0377,24.0,0.0
2981,220.46,83.132,0.00406,0.0339,24.0,0.0
2982,220.46,86.627,0.00287,0.0239,25.0,0.0
2983,220.46,90.122,0.0019,0.0158,25.0,0.0
2984,220.46,92.493,0.00135,0.0113,26.0,0.0
2985,220.46,93.617,0.00112,0.00937,26.0,0.0
2986,220.46,97.112,0.000549,0.00458,27.0,0.0
2987,220.46,98.772,0.000359,0.00299,27.0,0.0
2988,220.46,100.61,0.00021,0.00175,28.0,0.0
2989,220.46,102.06,0.000132,0.0011,28.0,0.0
2990,220.46,104.1,6.8e-05,0.000563,29.0,0.0
2991,220.46,105.06,5e-05,0.000414,29.0,0.0
2992,220.46,107.6,2.6e-05,0.00022,30.0,0.0
2993,220.46,108.95,2.6e-05,0.000213,29.0,0.0
2994,220.46,111.09,6.7e-05,0.000561,28.0,0.0
2995,220.46,112.83,0.00016,0.00134,28.0,0.0
2996,220.46,114.59,0.000292,0.00243,27.0,0.0
2997,220.46,116.75,0.000495,0.00412,27.0,0.0
2998,220.46,118.08,0.00064,0.00533,26.0,0.0
2999,220.46,121.58,0.00109,0.00908,26.0,0.0
3000,220.46,124.97,0.00161,0.0134,25.0,0.0
3001,220.46,125.07,0.00162,0.0135,25.0,0.0
3002,220.46,128.57,0.00224,0.0186,25.0,0.0
3003,220.46,132.06,0.00292,0.0243,25.0,0.0
3004,220.46,133.19,0.00315,0.0263,25.0,0.0
3005,220.46,135.56,0.00367,0.0306,25.0,0.0
3006,220.46,139.05,0.00447,0.0373,25.0,0.0
3007,220.46,142.55,0.00534,0.0445,24.0,0.0
3008,220.46,144.15,0.00575,0.0479,24.0,0.0
3009,220.46,146.04,0.00625,0.0521,24.0,0.0
3010,220.46,149.54,0.00721,0.0601,24.0,0.0
3011,220.46,149.89,0.00731,0.0609,24.0,0.0
3012,220.46,153.03,0.00821,0.0684,24.0,0.0
3013,220.46,153.87,0.00846,0.0705,24.0,0.0
3014,220.46,156.53,0.00924,0.077,24.0,0.0
3015,220.46,160.02,0.0102,0.0853,24.0,0.0
3016,220.46,161.99,0.0107,0.0893,24.0,0.0
3017,220.46,163.52,0.011,0.0913,24.0,0.0
3018,220.46,167.01,0.0106,0.0881,24.0,0.0
3019,220.46,170.51,0.0076,0.0633,24.0,0.0
3020,220.46,171.17,0.00673,0.056,24.0,0.0
3021,220.46,174.0,0.00436,0.0363,25.0,0.0
3022,220.46,177.5,0.00356,0.0297,25.0,0.0
3023,220.46,180.35,0.00321,0.0267,25.0,0.0
3024,220.46,180.99,0.00315,0.0262,25.0,0.0
3025,220.46,184.49,0.00288,0.024,25.0,0.0
3026,220.46,187.98,0.00268,0.0224,25.0,0.0
3027,220.46,188.7,0.00265,0.0221,25.0,0.0
3028,220.46,191.48,0.00254,0.0211,25.0,0.0
3029,220.46,194.97,0.00242,0.0202,25.0,0.0
3030,220.46,196.18,0.00238,0.0199,25.0,0.0
3031,220.46,198.47,0.00232,0.0193,25.0,0.0
3032,220.46,200.38,0.00227,0.0189,25.0,0.0
3033,220.46,201.96,0.00224,0.0186,25.0,0.0
3034,220.46,205.46,0.00216,0.018,25.0,0.0
3035,220.46,208.95,0.00207,0.0173,25.0,0.0
3036,220.46,212.45,0.00197,0.0164,26.0,0.0
3037,220.46,212.84,0.00196,0.0163,26.0,0.0
3038,220.46,215.94,0.00184,0.0153,26.0,0.0
3039,220.46,219.44,0.00167,0.0139,26.0,0.0
3040,220.46,222.32,0.00155,0.0129,26.0,0.0
3041,220.46,222.93,0.00153,0.0127,26.0,0.0
3042,220.46,226.43,0.00142,0.0119,26.0,0.0
3043,220.46,229.92,0.00134,0.0112,26.0,0.0
3044,220.46,231.06,0.00132,0.011,26.0,0.0
3045,220.46,233.42,0.00128,0.0106,26.0,0.0
3046,220.46,236.91,0.00122,0.0102,26.0,0.0
3047,220.46,237.44,0.00122,0.0101,26.0,0.0
3048,220.46,327.73,0.000878,0.00732,27.0,0.0
3049,220.46,450.11,0.000764,0.00637,27.0,0.0
3050,220.46,515.03,0.000703,0.00586,28.0,0.0
3051,220.46,588.03,0.000634,0.00529,28.0,0.0
3052,220.46,586.41,0.000636,0.0053,28.0,0.0
3053,220.46,585.58,0.000637,0.0053,28.0,0.0
3054,220.46,583.12,0.000639,0.00532,28.0,0.0
3055,220.46,582.92,0.000639,0.00533,28.0,0.0
3056,220.46,580.67,0.000641,0.00534,28.0,0.0
3057,220.46,579.42,0.000642,0.00535,28.0,0.0
3058,220.46,578.21,0.000643,0.00536,28.0,0.0
3059,220.46,575.93,0.000646,0.00538,28.0,0.0
3060,220.46,575.76,0.000646,0.00538,28.0,0.0
3061,220.46,573.33,0.000648,0.0054,28.0,0.0
3062,220.46,572.43,0.000649,0.00541,28.0,0.0
3063,220.46,571.02,0.00065,0.00542,28.0,0.0
3064,220.46,568.94,0.000652,0.00543,28.0,0.0
3065,220.46,568.87,0.000652,0.00543,28.0,0.0
3066,220.46,567.35,0.000653,0.00545,28.0,0.0
3067,220.46,565.86,0.000655,0.00546,28.0,0.0
3068,220.46,565.44,0.000655,0.00546,28.0,0.0
3069,220.46,564.37,0.000656,0.00547,28.0,0.0
3070,220.46,562.88,0.000658,0.00548,28.0,0.0
3071,220.46,561.95,0.000659,0.00549,28.0,0.0
3072,220.46,558.45,0.000662,0.00552,28.0,0.0
3073,220.46,557.76,0.000662,0.00552,28.0,0.0
3074,220.46,554.96,0.000665,0.00554,28.0,0.0
3075,220.46,551.46,0.000668,0.00557,28.0,0.0
3076,220.46,549.1,0.000671,0.00559,28.0,0.0
3077,220.46,547.97,0.000672,0.0056,28.0,0.0
3078,220.46,544.47,0.000675,0.00562,28.0,0.0
3079,220.46,540.98,0.000678,0.00565,28.0,0.0
3080,220.46,537.48,0.000682,0.00568,28.0,0.0
3081,220.46,533.99,0.000685,0.00571,28.0,0.0
3082,220.46,531.44,0.000687,0.00573,28.0,0.0
3083,220.46,530.49,0.000688,0.00573,28.0,0.0
3084,220.46,527.0,0.000691,0.00576,28.0,0.0
3085,220.46,523.5,0.000695,0.00579,28.0,0.0
3086,220.46,453.6,0.000761,0.00634,27.0,0.0
3087,220.46,451.25,0.000763,0.00636,27.0,0.0
3088,220.46,450.11,0.000764,0.00637,27.0,0.0
3089,220.46,446.61,0.000768,0.0064,27.0,0.0
3090,220.46,443.12,0.000771,0.00642,27.0,0.0
3091,220.46,299.82,0.000916,0.00763,27.0,0.0
3092,220.46,264.87,0.00101,0.00839,26.0,0.0
3093,220.46,121.58,0.00109,0.00908,26.0,0.0
3094,220.46,2.7475,7.32,1.0,13.0,0.0
3095,228.97,72.91,0.0117,0.0977,23.0,0.0
3096,228.97,76.142,0.0095,0.0791,23.0,0.0
3097,228.97,77.744,0.00851,0.0709,23.0,0.0
3098,228.97,79.637,0.00744,0.062,24.0,0.0
3099,228.97,81.93,0.00627,0.0522,24.0,0.0
3100,228.97,83.132,0.0057,0.0475,24.0,0.0
3101,228.97,86.627,0.00425,0.0354,24.0,0.0
3102,228.97,90.122,0.00304,0.0253,25.0,0.0
3103,228.97,92.493,0.00234,0.0195,25.0,0.0
3104,228.97,93.617,0.00204,0.017,25.0,0.0
3105,228.97,97.112,0.00123,0.0103,26.0,0.0
3106,228.97,98.772,0.000915,0.00762,26.0,0.0
3107,228.97,100.61,0.000623,0.0052,27.0,0.0
3108,228.97,102.06,0.00044,0.00367,27.0,0.0
3109,228.97,104.1,0.000252,0.0021,28.0,0.0
3110,228.97,105.06,0.00019,0.00158,28.0,0.0
3111,228.97,107.6,8.5e-05,0.000711,29.0,0.0
3112,228.97,108.95,5.6e-05,0.000468,29.0,0.0
3113,228.97,111.09,3.2e-05,0.000266,29.0,0.0
3114,228.97,112.83,2.7e-05,0.000222,29.0,0.0
3115,228.97,114.59,4.6e-05,0.000382,29.0,0.0
3116,228.97,116.75,0.000144,0.0012,28.0,0.0
3117,228.97,118.08,0.000237,0.00198,27.0,0.0
3118,228.97,121.58,0.000567,0.00472,26.0,0.0
3119,228.97,124.97,0.000986,0.00822,26.0,0.0
3120,228.97,125.07,0.001,0.00833,26.0,0.0
3121,228.97,128.57,0.00152,0.0127,26.0,0.0
3122,228.97,132.06,0.00213,0.0177,25.0,0.0
3123,228.97,133.19,0.00234,0.0195,25.0,0.0
3124,228.97,135.56,0.00281,0.0234,25.0,0.0
3125,228.97,139.05,0.00355,0.0296,25.0,0.0
3126,228.97,142.55,0.00435,0.0363,25.0,0.0
3127,228.97,144.15,0.00474,0.0395,24.0,0.0
3128,228.97,146.04,0.00521,0.0435,24.0,0.0
3129,228.97,149.54,0.00613,0.0511,24.0,0.0
3130,228.97,149.89,0.00622,0.0519,24.0,0.0
3131,228.97,153.03,0.00709,0.0591,24.0,0.0
3132,228.97,153.87,0.00733,0.0611,24.0,0.0
3133,228.97,156.53,0.00809,0.0674,24.0,0.0
3134,228.97,160.02,0.00909,0.0757,24.0,0.0
3135,228.97,161.99,0.0096,0.08,24.0,0.0
3136,228.97,163.52,0.0099,0.0825,24.0,0.0
3137,228.97,167.01,0.0099,0.0825,24.0,0.0
3138,228.97,170.51,0.00767,0.0639,24.0,0.0
3139,228.97,171.17,0.00691,0.0576,24.0,0.0
3140,228.97,174.0,0.0047,0.0392,25.0,0.0
3141,228.97,177.5,0.00391,0.0326,25.0,0.0
3142,228.97,180.35,0.00356,0.0296,25.0,0.0
3143,228.97,180.99,0.00349,0.0291,25.0,0.0
3144,228.97,184.49,0.00322,0.0268,25.0,0.0
3145,228.97,187.98,0.00302,0.0251,25.0,0.0
3146,228.97,188.7,0.00298,0.0249,25.0,0.0
3147,228.97,191.48,0.00286,0.0239,25.0,0.0
3148,228.97,194.97,0.00274,0.0228,25.0,0.0
3149,228.97,196.18,0.0027,0.0225,25.0,0.0
3150,228.97,198.47,0.00264,0.022,25.0,0.0
3151,228.97,200.38,0.00259,0.0216,25.0,0.0
3152,228.97,201.96,0.00255,0.0213,25.0,0.0
3153,228.97,205.46,0.00248,0.0206,25.0,0.0
3154,228.97,208.95,0.00241,0.0201,25.0,0.0
3155,228.97,212.45,0.00234,0.0195,25.0,0.0
3156,228.97,212.84,0.00234,0.0195,25.0,0.0
3157,228.97,215.94,0.00227,0.0189,25.0,0.0
3158,228.97,219.44,0.00219,0.0182,25.0,0.0
3159,228.97,222.32,0.00209,0.0174,26.0,0.0
3160,228.97,222.93,0.00207,0.0172,26.0,0.0
3161,228.97,226.43,0.0019,0.0159,26.0,0.0
3162,228.97,229.92,0.00173,0.0144,26.0,0.0
3163,228.97,231.06,0.00169,0.0141,26.0,0.0
3164,228.97,233.42,0.00161,0.0134,26.0,0.0
3165,228.97,236.91,0.00152,0.0127,26.0,0.0
3166,228.97,237.44,0.00151,0.0126,26.0,0.0
3167,228.97,327.73,0.000992,0.00826,27.0,0.0
3168,228.97,450.11,0.000868,0.00723,27.0,0.0
3169,228.97,515.03,0.000801,0.00668,27.0,0.0
3170,228.97,588.03,0.000726,0.00605,28.0,0.0
3171,228.97,586.41,0.000727,0.00606,28.0,0.0
3172,228.97,585.58,0.000728,0.00607,28.0,0.0
3173,228.97,583.12,0.000731,0.00609,28.0,0.0
3174,228.97,582.92,0.000731,0.00609,28.0,0.0
3175,228.97,580.67,0.000733,0.00611,28.0,0.0
3176,228.97,579.42,0.000734,0.00612,28.0,0.0
3177,228.97,578.21,0.000736,0.00613,28.0,0.0
3178,228.97,575.93,0.000738,0.00615,28.0,0.0
3179,228.97,575.76,0.000738,0.00615,28.0,0.0
3180,228.97,573.33,0.000741,0.00617,28.0,0.0
3181,228.97,572.43,0.000742,0.00618,28.0,0.0
3182,228.97,571.02,0.000743,0.00619,28.0,0.0
3183,228.97,568.94,0.000745,0.00621,28.0,0.0
3184,228.97,568.87,0.000745,0.00621,28.0,0.0
3185,228.97,567.35,0.000747,0.00622,28.0,0.0
3186,228.97,565.86,0.000748,0.00624,28.0,0.0
3187,228.97,565.44,0.000749,0.00624,28.0,0.0
3188,228.97,564.37,0.00075,0.00625,28.0,0.0
3189,228.97,562.88,0.000751,0.00626,28.0,0.0
3190,228.97,561.95,0.000752,0.00627,28.0,0.0
3191,228.97,558.45,0.000756,0.0063,28.0,0.0
3192,228.97,557.76,0.000757,0.00631,28.0,0.0
3193,228.97,554.96,0.00076,0.00633,28.0,0.0
3194,228.97,551.46,0.000763,0.00636,28.0,0.0
3195,228.97,549.1,0.000766,0.00638,28.0,0.0
3196,228.97,547.97,0.000767,0.00639,28.0,0.0
3197,228.97,544.47,0.000771,0.00642,28.0,0.0
3198,228.97,540.98,0.000774,0.00645,28.0,0.0
3199,228.97,537.48,0.000778,0.00648,28.0,0.0
3200,228.97,533.99,0.000781,0.00651,28.0,0.0
3201,228.97,531.44,0.000784,0.00654,27.0,0.0
3202,228.97,530.49,0.000785,0.00654,27.0,0.0
3203,228.97,527.0,0.000789,0.00657,27.0,0.0
3204,228.97,523.5,0.000793,0.0066,27.0,0.0
3205,228.97,453.6,0.000864,0.0072,27.0,0.0
3206,228.97,451.25,0.000867,0.00722,27.0,0.0
3207,228.97,450.11,0.000868,0.00723,27.0,0.0
3208,228.97,446.61,0.000871,0.00726,27.0,0.0
3209,228.97,443.12,0.000875,0.00729,27.0,0.0
3210,228.97,299.82,0.00104,0.00865,27.0,0.0
3211,228.97,264.87,0.00117,0.00973,26.0,0.0
3212,228.97,121.58,0.000567,0.00472,26.0,0.0
3213,228.97,2.7475,8.39,1.0,13.0,0.0
3214,237.48,72.91,0.0148,0.123,23.0,0.0
3215,237.48,76.142,0.0122,0.101,23.0,0.0
3216,237.48,77.744,0.011,0.0917,23.0,0.0
3217,237.48,79.637,0.00974,0.0811,23.0,0.0
3218,237.48,81.93,0.00835,0.0695,23.0,0.0
3219,237.48,83.132,0.00767,0.0639,24.0,0.0
3220,237.48,86.627,0.00592,0.0494,24.0,0.0
3221,237.48,90.122,0.00444,0.037,24.0,0.0
3222,237.48,92.493,0.00358,0.0298,25.0,0.0
3223,237.48,93.617,0.0032,0.0267,25.0,0.0
3224,237.48,97.112,0.00218,0.0181,25.0,0.0
3225,237.48,98.772,0.00176,0.0146,25.0,0.0
3226,237.48,100.61,0.00134,0.0112,26.0,0.0
3227,237.48,102.06,0.00105,0.00874,26.0,0.0
3228,237.48,104.1,0.000704,0.00586,27.0,0.0
3229,237.48,105.06,0.000569,0.00474,27.0,0.0
3230,237.48,107.6,0.000299,0.00249,28.0,0.0
3231,237.48,108.95,0.000204,0.0017,28.0,0.0
3232,237.48,111.09,0.000107,0.000891,29.0,0.0
3233,237.48,112.83,6.3e-05,0.000526,29.0,0.0
3234,237.48,114.59,3.9e-05,0.000327,29.0,0.0
3235,237.48,116.75,2.8e-05,0.000237,29.0,0.0
3236,237.48,118.08,3.5e-05,0.00029,29.0,0.0
3237,237.48,121.58,0.000187,0.00156,27.0,0.0
3238,237.48,124.97,0.000485,0.00404,27.0,0.0
3239,237.48,125.07,0.000495,0.00413,27.0,0.0
3240,237.48,128.57,0.000914,0.00761,26.0,0.0
3241,237.48,132.06,0.00142,0.0119,26.0,0.0
3242,237.48,133.19,0.00161,0.0134,25.0,0.0
3243,237.48,135.56,0.00202,0.0168,25.0,0.0
3244,237.48,139.05,0.00269,0.0224,25.0,0.0
3245,237.48,142.55,0.00343,0.0286,25.0,0.0
3246,237.48,144.15,0.00379,0.0316,25.0,0.0
3247,237.48,146.04,0.00423,0.0352,25.0,0.0
3248,237.48,149.54,0.00509,0.0424,24.0,0.0
3249,237.48,149.89,0.00518,0.0432,24.0,0.0
3250,237.48,153.03,0.006,0.05,24.0,0.0
3251,237.48,153.87,0.00623,0.0519,24.0,0.0
3252,237.48,156.53,0.00697,0.058,24.0,0.0
3253,237.48,160.02,0.00794,0.0662,24.0,0.0
3254,237.48,161.99,0.00847,0.0705,24.0,0.0
3255,237.48,163.52,0.00882,0.0735,24.0,0.0
3256,237.48,167.01,0.00911,0.0759,24.0,0.0
3257,237.48,170.51,0.00756,0.063,24.0,0.0
3258,237.48,171.17,0.00693,0.0578,24.0,0.0
3259,237.48,174.0,0.00497,0.0414,25.0,0.0
3260,237.48,177.5,0.00423,0.0352,25.0,0.0
3261,237.48,180.35,0.00389,0.0324,25.0,0.0
3262,237.48,180.99,0.00383,0.0319,25.0,0.0
3263,237.48,184.49,0.00355,0.0296,25.0,0.0
3264,237.48,187.98,0.00335,0.0279,25.0,0.0
3265,237.48,188.7,0.00332,0.0277,25.0,0.0
3266,237.48,191.48,0.0032,0.0266,25.0,0.0
3267,237.48,194.97,0.00307,0.0256,25.0,0.0
3268,237.48,196.18,0.00303,0.0253,25.0,0.0
3269,237.48,198.47,0.00297,0.0247,25.0,0.0
3270,237.48,200.38,0.00292,0.0243,25.0,0.0
3271,237.48,201.96,0.00288,0.024,25.0,0.0
3272,237.48,205.46,0.0028,0.0233,25.0,0.0
3273,237.48,208.95,0.00273,0.0228,25.0,0.0
3274,237.48,212.45,0.00267,0.0223,25.0,0.0
3275,237.48,212.84,0.00266,0.0222,25.0,0.0
3276,237.48,215.94,0.00262,0.0218,25.0,0.0
3277,237.48,219.44,0.00256,0.0213,25.0,0.0
3278,237.48,222.32,0.00251,0.0209,25.0,0.0
3279,237.48,222.93,0.0025,0.0208,25.0,0.0
3280,237.48,226.43,0.00242,0.0202,25.0,0.0
3281,237.48,229.92,0.00232,0.0193,25.0,0.0
3282,237.48,231.06,0.00227,0.0189,26.0,0.0
3283,237.48,233.42,0.00216,0.018,26.0,0.0
3284,237.48,236.91,0.00198,0.0165,26.0,0.0
3285,237.48,237.44,0.00195,0.0162,26.0,0.0
3286,237.48,327.73,0.00111,0.00929,27.0,0.0
3287,237.48,450.11,0.000979,0.00816,27.0,0.0
3288,237.48,515.03,0.000908,0.00757,27.0,0.0
3289,237.48,588.03,0.000825,0.00687,28.0,0.0
3290,237.48,586.41,0.000827,0.00689,28.0,0.0
3291,237.48,585.58,0.000828,0.0069,28.0,0.0
3292,237.48,583.12,0.00083,0.00692,28.0,0.0
3293,237.48,582.92,0.000831,0.00692,28.0,0.0
3294,237.48,580.67,0.000833,0.00694,28.0,0.0
3295,237.48,579.42,0.000835,0.00695,28.0,0.0
3296,237.48,578.21,0.000836,0.00697,28.0,0.0
3297,237.48,575.93,0.000838,0.00699,28.0,0.0
3298,237.48,575.76,0.000839,0.00699,28.0,0.0
3299,237.48,573.33,0.000841,0.00701,28.0,0.0
3300,237.48,572.43,0.000842,0.00702,28.0,0.0
3301,237.48,571.02,0.000844,0.00703,28.0,0.0
3302,237.48,568.94,0.000847,0.00706,27.0,0.0
3303,237.48,568.87,0.000847,0.00706,27.0,0.0
3304,237.48,567.35,0.000848,0.00707,27.0,0.0
3305,237.48,565.86,0.00085,0.00708,27.0,0.0
3306,237.48,565.44,0.000851,0.00709,27.0,0.0
3307,237.48,564.37,0.000852,0.0071,27.0,0.0
3308,237.48,562.88,0.000854,0.00711,27.0,0.0
3309,237.48,561.95,0.000855,0.00712,27.0,0.0
3310,237.48,558.45,0.000859,0.00715,27.0,0.0
3311,237.48,557.76,0.000859,0.00716,27.0,0.0
3312,237.48,554.96,0.000863,0.00719,27.0,0.0
3313,237.48,551.46,0.000867,0.00722,27.0,0.0
3314,237.48,549.1,0.000869,0.00724,27.0,0.0
3315,237.48,547.97,0.00087,0.00725,27.0,0.0
3316,237.48,544.47,0.000874,0.00729,27.0,0.0
3317,237.48,540.98,0.000878,0.00732,27.0,0.0
3318,237.48,537.48,0.000882,0.00735,27.0,0.0
3319,237.48,533.99,0.000886,0.00739,27.0,0.0
3320,237.48,531.44,0.000889,0.00741,27.0,0.0
3321,237.48,530.49,0.00089,0.00742,27.0,0.0
3322,237.48,527.0,0.000894,0.00745,27.0,0.0
3323,237.48,523.5,0.000898,0.00749,27.0,0.0
3324,237.48,453.6,0.000975,0.00813,27.0,0.0
3325,237.48,451.25,0.000978,0.00815,27.0,0.0
3326,237.48,450.11,0.000979,0.00816,27.0,0.0
3327,237.48,446.61,0.000983,0.00819,27.0,0.0
3328,237.48,443.12,0.000986,0.00822,27.0,0.0
3329,237.48,299.82,0.00118,0.00979,26.0,0.0
3330,237.48,264.87,0.00137,0.0114,26.0,0.0
3331,237.48,121.58,0.000187,0.00156,27.0,0.0
3332,237.48,2.7475,9.57,1.0,13.0,0.0
3333,240.23,72.91,0.0158,0.132,23.0,0.0
3334,240.23,76.142,0.0131,0.109,23.0,0.0
3335,240.23,77.744,0.0119,0.0991,23.0,0.0
3336,240.23,79.637,0.0106,0.088,23.0,0.0
3337,240.23,81.93,0.00909,0.0758,23.0,0.0
3338,240.23,83.132,0.00838,0.0698,24.0,0.0
3339,240.23,86.627,0.00653,0.0544,24.0,0.0
3340,240.23,90.122,0.00496,0.0413,24.0,0.0
3341,240.23,92.493,0.00404,0.0336,24.0,0.0
3342,240.23,93.617,0.00364,0.0303,25.0,0.0
3343,240.23,97.112,0.00254,0.0211,25.0,0.0
3344,240.23,98.772,0.00208,0.0173,25.0,0.0
3345,240.23,100.61,0.00163,0.0136,26.0,0.0
3346,240.23,102.06,0.00131,0.0109,26.0,0.0
3347,240.23,104.1,0.000916,0.00763,26.0,0.0
3348,240.23,105.06,0.000757,0.00631,26.0,0.0
3349,240.23,107.6,0.000423,0.00353,27.0,0.0
3350,240.23,108.95,0.000297,0.00247,28.0,0.0
3351,240.23,111.09,0.000161,0.00134,28.0,0.0
3352,240.23,112.83,9.5e-05,0.000793,29.0,0.0
3353,240.23,114.59,5.7e-05,0.000473,29.0,0.0
3354,240.23,116.75,3.4e-05,0.00028,29.0,0.0
3355,240.23,118.08,2.9e-05,0.000243,29.0,0.0
3356,240.23,121.58,0.000105,0.000871,28.0,0.0
3357,240.23,124.97,0.000353,0.00294,27.0,0.0
3358,240.23,125.07,0.000362,0.00302,27.0,0.0
3359,240.23,128.57,0.000742,0.00618,26.0,0.0
3360,240.23,132.06,0.00122,0.0102,26.0,0.0
3361,240.23,133.19,0.00139,0.0116,26.0,0.0
3362,240.23,135.56,0.00178,0.0149,25.0,0.0
3363,240.23,139.05,0.00243,0.0202,25.0,0.0
3364,240.23,142.55,0.00314,0.0262,25.0,0.0
3365,240.23,144.15,0.00349,0.0291,25.0,0.0
3366,240.23,146.04,0.00392,0.0327,25.0,0.0
3367,240.23,149.54,0.00477,0.0397,25.0,0.0
3368,240.23,149.89,0.00485,0.0404,25.0,0.0
3369,240.23,153.03,0.00566,0.0472,24.0,0.0
3370,240.23,153.87,0.00589,0.049,24.0,0.0
3371,240.23,156.53,0.00661,0.0551,24.0,0.0
3372,240.23,160.02,0.00758,0.0631,24.0,0.0
3373,240.23,161.99,0.0081,0.0675,24.0,0.0
3374,240.23,163.52,0.00846,0.0705,24.0,0.0
3375,240.23,167.01,0.00883,0.0736,24.0,0.0
3376,240.23,170.51,0.00748,0.0624,24.0,0.0
3377,240.23,171.17,0.0069,0.0575,24.0,0.0
3378,240.23,174.0,0.00504,0.042,24.0,0.0
3379,240.23,177.5,0.00432,0.036,25.0,0.0
3380,240.23,180.35,0.00399,0.0332,25.0,0.0
3381,240.23,180.99,0.00393,0.0327,25.0,0.0
3382,240.23,184.49,0.00366,0.0305,25.0,0.0
3383,240.23,187.98,0.00346,0.0288,25.0,0.0
3384,240.23,188.7,0.00343,0.0285,25.0,0.0
3385,240.23,191.48,0.00331,0.0275,25.0,0.0
3386,240.23,194.97,0.00318,0.0265,25.0,0.0
3387,240.23,196.18,0.00314,0.0262,25.0,0.0
3388,240.23,198.47,0.00307,0.0256,25.0,0.0
3389,240.23,200.38,0.00302,0.0252,25.0,0.0
3390,240.23,201.96,0.00298,0.0249,25.0,0.0
3391,240.23,205.46,0.00291,0.0242,25.0,0.0
3392,240.23,208.95,0.00284,0.0237,25.0,0.0
3393,240.23,212.45,0.00278,0.0232,25.0,0.0
3394,240.23,212.84,0.00277,0.0231,25.0,0.0
3395,240.23,215.94,0.00272,0.0227,25.0,0.0
3396,240.23,219.44,0.00267,0.0223,25.0,0.0
3397,240.23,222.32,0.00263,0.0219,25.0,0.0
3398,240.23,222.93,0.00262,0.0218,25.0,0.0
3399,240.23,226.43,0.00255,0.0213,25.0,0.0
3400,240.23,229.92,0.00247,0.0206,25.0,0.0
3401,240.23,231.06,0.00244,0.0203,25.0,0.0
3402,240.23,233.42,0.00236,0.0196,25.0,0.0
3403,240.23,236.91,0.00219,0.0182,26.0,0.0
3404,240.23,237.44,0.00216,0.018,26.0,0.0
3405,240.23,327.73,0.00116,0.00964,27.0,0.0
3406,240.23,450.11,0.00102,0.00847,27.0,0.0
3407,240.23,515.03,0.000944,0.00787,27.0,0.0
3408,240.23,588.03,0.000859,0.00716,28.0,0.0
3409,240.23,586.41,0.00086,0.00717,28.0,0.0
3410,240.23,585.58,0.000861,0.00718,28.0,0.0
3411,240.23,583.12,0.000864,0.0072,28.0,0.0
3412,240.23,582.92,0.000865,0.0072,28.0,0.0
3413,240.23,580.67,0.000867,0.00723,27.0,0.0
3414,240.23,579.42,0.000869,0.00724,27.0,0.0
3415,240.23,578.21,0.00087,0.00725,27.0,0.0
3416,240.23,575.93,0.000873,0.00727,27.0,0.0
3417,240.23,575.76,0.000873,0.00728,27.0,0.0
3418,240.23,573.33,0.000876,0.0073,27.0,0.0
3419,240.23,572.43,0.000877,0.00731,27.0,0.0
3420,240.23,571.02,0.000879,0.00732,27.0,0.0
3421,240.23,568.94,0.000881,0.00734,27.0,0.0
3422,240.23,568.87,0.000881,0.00734,27.0,0.0
3423,240.23,567.35,0.000883,0.00736,27.0,0.0
3424,240.23,565.86,0.000885,0.00737,27.0,0.0
3425,240.23,565.44,0.000885,0.00738,27.0,0.0
3426,240.23,564.37,0.000886,0.00739,27.0,0.0
3427,240.23,562.88,0.000888,0.0074,27.0,0.0
3428,240.23,561.95,0.000889,0.00741,27.0,0.0
3429,240.23,558.45,0.000893,0.00744,27.0,0.0
3430,240.23,557.76,0.000894,0.00745,27.0,0.0
3431,240.23,554.96,0.000897,0.00748,27.0,0.0
3432,240.23,551.46,0.000902,0.00751,27.0,0.0
3433,240.23,549.1,0.000904,0.00754,27.0,0.0
3434,240.23,547.97,0.000906,0.00755,27.0,0.0
3435,240.23,544.47,0.00091,0.00758,27.0,0.0
3436,240.23,540.98,0.000914,0.00761,27.0,0.0
3437,240.23,537.48,0.000918,0.00765,27.0,0.0
3438,240.23,533.99,0.000922,0.00768,27.0,0.0
3439,240.23,531.44,0.000925,0.00771,27.0,0.0
3440,240.23,530.49,0.000926,0.00772,27.0,0.0
3441,240.23,527.0,0.00093,0.00775,27.0,0.0
3442,240.23,523.5,0.000934,0.00778,27.0,0.0
3443,240.23,453.6,0.00101,0.00844,27.0,0.0
3444,240.23,451.25,0.00102,0.00846,27.0,0.0
3445,240.23,450.11,0.00102,0.00847,27.0,0.0
3446,240.23,446.61,0.00102,0.0085,27.0,0.0
3447,240.23,443.12,0.00102,0.00853,27.0,0.0
3448,240.23,299.82,0.00122,0.0102,26.0,0.0
3449,240.23,264.87,0.00144,0.012,26.0,0.0
3450,240.23,121.58,0.000105,0.000871,28.0,0.0
3451,240.23,2.7475,9.98,1.0,13.0,0.0
3452,245.87,72.91,0.0182,0.152,23.0,0.0
3453,245.87,76.142,0.0152,0.126,23.0,0.0
3454,245.87,77.744,0.0138,0.115,23.0,0.0
3455,245.87,79.637,0.0124,0.103,23.0,0.0
3456,245.87,81.93,0.0107,0.0895,23.0,0.0
3457,245.87,83.132,0.00995,0.0829,23.0,0.0
3458,245.87,86.627,0.00788,0.0657,24.0,0.0
3459,245.87,90.122,0.00612,0.051,24.0,0.0
3460,245.87,92.493,0.00507,0.0423,24.0,0.0
3461,245.87,93.617,0.00462,0.0385,24.0,0.0
3462,245.87,97.112,0.00336,0.028,25.0,0.0
3463,245.87,98.772,0.00283,0.0236,25.0,0.0
3464,245.87,100.61,0.0023,0.0192,25.0,0.0
3465,245.87,102.06,0.00192,0.016,25.0,0.0
3466,245.87,104.1,0.00144,0.012,26.0,0.0
3467,245.87,105.06,0.00124,0.0103,26.0,0.0
3468,245.87,107.6,0.000778,0.00649,26.0,0.0
3469,245.87,108.95,0.000583,0.00486,27.0,0.0
3470,245.87,111.09,0.000346,0.00288,27.0,0.0
3471,245.87,112.83,0.000215,0.0018,28.0,0.0
3472,245.87,114.59,0.000129,0.00108,28.0,0.0
3473,245.87,116.75,6.9e-05,0.000572,29.0,0.0
3474,245.87,118.08,4.8e-05,0.000399,29.0,0.0
3475,245.87,121.58,3.2e-05,0.000265,29.0,0.0
3476,245.87,124.97,0.00014,0.00117,28.0,0.0
3477,245.87,125.07,0.000146,0.00122,28.0,0.0
3478,245.87,128.57,0.000434,0.00361,27.0,0.0
3479,245.87,132.06,0.000835,0.00696,26.0,0.0
3480,245.87,133.19,0.000987,0.00822,26.0,0.0
3481,245.87,135.56,0.00134,0.0111,26.0,0.0
3482,245.87,139.05,0.00192,0.016,25.0,0.0
3483,245.87,142.55,0.00258,0.0215,25.0,0.0
3484,245.87,144.15,0.00291,0.0243,25.0,0.0
3485,245.87,146.04,0.00332,0.0276,25.0,0.0
3486,245.87,149.54,0.00412,0.0343,25.0,0.0
3487,245.87,149.89,0.0042,0.035,25.0,0.0
3488,245.87,153.03,0.00498,0.0415,24.0,0.0
3489,245.87,153.87,0.00519,0.0433,24.0,0.0
3490,245.87,156.53,0.00589,0.0491,24.0,0.0
3491,245.87,160.02,0.00683,0.0569,24.0,0.0
3492,245.87,161.99,0.00736,0.0613,24.0,0.0
3493,245.87,163.52,0.00773,0.0644,24.0,0.0
3494,245.87,167.01,0.00823,0.0686,24.0,0.0
3495,245.87,170.51,0.00727,0.0606,24.0,0.0
3496,245.87,171.17,0.00679,0.0566,24.0,0.0
3497,245.87,174.0,0.00514,0.0429,24.0,0.0
3498,245.87,177.5,0.00449,0.0374,25.0,0.0
3499,245.87,180.35,0.00417,0.0348,25.0,0.0
3500,245.87,180.99,0.00412,0.0343,25.0,0.0
3501,245.87,184.49,0.00386,0.0322,25.0,0.0
3502,245.87,187.98,0.00368,0.0306,25.0,0.0
3503,245.87,188.7,0.00364,0.0303,25.0,0.0
3504,245.87,191.48,0.00352,0.0294,25.0,0.0
3505,245.87,194.97,0.0034,0.0283,25.0,0.0
3506,245.87,196.18,0.00336,0.028,25.0,0.0
3507,245.87,198.47,0.0033,0.0275,25.0,0.0
3508,245.87,200.38,0.00325,0.0271,25.0,0.0
3509,245.87,201.96,0.00321,0.0267,25.0,0.0
3510,245.87,205.46,0.00313,0.0261,25.0,0.0
3511,245.87,208.95,0.00306,0.0255,25.0,0.0
3512,245.87,212.45,0.003,0.025,25.0,0.0
3513,245.87,212.84,0.00299,0.025,25.0,0.0
3514,245.87,215.94,0.00295,0.0246,25.0,0.0
3515,245.87,219.44,0.0029,0.0241,25.0,0.0
3516,245.87,222.32,0.00286,0.0238,25.0,0.0
3517,245.87,222.93,0.00285,0.0237,25.0,0.0
3518,245.87,226.43,0.0028,0.0233,25.0,0.0
3519,245.87,229.92,0.00275,0.0229,25.0,0.0
3520,245.87,231.06,0.00273,0.0227,25.0,0.0
3521,245.87,233.42,0.00268,0.0223,25.0,0.0
3522,245.87,236.91,0.00258,0.0215,25.0,0.0
3523,245.87,237.44,0.00256,0.0214,25.0,0.0
3524,245.87,327.73,0.00125,0.0104,26.0,0.0
3525,245.87,450.11,0.0011,0.00914,27.0,0.0
3526,245.87,515.03,0.00102,0.00851,27.0,0.0
3527,245.87,588.03,0.000931,0.00776,27.0,0.0
3528,245.87,586.41,0.000933,0.00777,27.0,0.0
3529,245.87,585.58,0.000934,0.00778,27.0,0.0
3530,245.87,583.12,0.000937,0.00781,27.0,0.0
3531,245.87,582.92,0.000937,0.00781,27.0,0.0
3532,245.87,580.67,0.00094,0.00783,27.0,0.0
3533,245.87,579.42,0.000942,0.00785,27.0,0.0
3534,245.87,578.21,0.000943,0.00786,27.0,0.0
3535,245.87,575.93,0.000946,0.00788,27.0,0.0
3536,245.87,575.76,0.000946,0.00788,27.0,0.0
3537,245.87,573.33,0.000949,0.00791,27.0,0.0
3538,245.87,572.43,0.00095,0.00792,27.0,0.0
3539,245.87,571.02,0.000952,0.00793,27.0,0.0
3540,245.87,568.94,0.000955,0.00795,27.0,0.0
3541,245.87,568.87,0.000955,0.00796,27.0,0.0
3542,245.87,567.35,0.000956,0.00797,27.0,0.0
3543,245.87,565.86,0.000958,0.00799,27.0,0.0
3544,245.87,565.44,0.000959,0.00799,27.0,0.0
3545,245.87,564.37,0.00096,0.008,27.0,0.0
3546,245.87,562.88,0.000962,0.00802,27.0,0.0
3547,245.87,561.95,0.000963,0.00803,27.0,0.0
3548,245.87,558.45,0.000967,0.00806,27.0,0.0
3549,245.87,557.76,0.000968,0.00807,27.0,0.0
3550,245.87,554.96,0.000972,0.0081,27.0,0.0
3551,245.87,551.46,0.000976,0.00813,27.0,0.0
3552,245.87,549.1,0.000979,0.00816,27.0,0.0
3553,245.87,547.97,0.00098,0.00817,27.0,0.0
3554,245.87,544.47,0.000985,0.00821,27.0,0.0
3555,245.87,540.98,0.000989,0.00824,27.0,0.0
3556,245.87,537.48,0.000993,0.00828,27.0,0.0
3557,245.87,533.99,0.000998,0.00831,27.0,0.0
3558,245.87,531.44,0.001,0.00834,27.0,0.0
3559,245.87,530.49,0.001,0.00835,27.0,0.0
3560,245.87,527.0,0.00101,0.00838,27.0,0.0
3561,245.87,523.5,0.00101,0.00842,27.0,0.0
3562,245.87,453.6,0.00109,0.0091,27.0,0.0
3563,245.87,451.25,0.00109,0.00912,27.0,0.0
3564,245.87,450.11,0.0011,0.00914,27.0,0.0
3565,245.87,446.61,0.0011,0.00917,27.0,0.0
3566,245.87,443.12,0.0011,0.0092,27.0,0.0
3567,245.87,299.82,0.00133,0.0111,26.0,0.0
3568,245.87,264.87,0.00162,0.0135,26.0,0.0
3569,245.87,121.58,3.2e-05,0.000265,29.0,0.0
3570,245.87,2.7475,10.8,1.0,13.0,0.0
3571,252.66,72.91,0.0213,0.178,22.0,0.0
3572,252.66,76.142,0.0179,0.149,23.0,0.0
3573,252.66,77.744,0.0164,0.137,23.0,0.0
3574,252.66,79.637,0.0148,0.123,23.0,0.0
3575,252.66,81.93,0.0129,0.108,23.0,0.0
3576,252.66,83.132,0.0121,0.1,23.0,0.0
3577,252.66,86.627,0.00971,0.0809,23.0,0.0
3578,252.66,90.122,0.00769,0.0641,24.0,0.0
3579,252.66,92.493,0.00649,0.0541,24.0,0.0
3580,252.66,93.617,0.00597,0.0497,24.0,0.0
3581,252.66,97.112,0.0045,0.0375,24.0,0.0
3582,252.66,98.772,0.00389,0.0324,25.0,0.0
3583,252.66,100.61,0.00326,0.0272,25.0,0.0
3584,252.66,102.06,0.00281,0.0234,25.0,0.0
3585,252.66,104.1,0.00223,0.0186,25.0,0.0
3586,252.66,105.06,0.00198,0.0165,25.0,0.0
3587,252.66,107.6,0.00138,0.0115,26.0,0.0
3588,252.66,108.95,0.00111,0.00921,26.0,0.0
3589,252.66,111.09,0.000737,0.00614,27.0,0.0
3590,252.66,112.83,0.000503,0.00419,27.0,0.0
3591,252.66,114.59,0.000326,0.00271,27.0,0.0
3592,252.66,116.75,0.000181,0.00151,28.0,0.0
3593,252.66,118.08,0.000124,0.00103,28.0,0.0
3594,252.66,121.58,4.8e-05,0.000397,29.0,0.0
3595,252.66,124.97,3.4e-05,0.00028,29.0,0.0
3596,252.66,125.07,3.4e-05,0.000285,29.0,0.0
3597,252.66,128.57,0.000157,0.00131,28.0,0.0
3598,252.66,132.06,0.000451,0.00375,27.0,0.0
3599,252.66,133.19,0.000571,0.00476,26.0,0.0
3600,252.66,135.56,0.00086,0.00717,26.0,0.0
3601,252.66,139.05,0.00137,0.0114,26.0,0.0
3602,252.66,142.55,0.00196,0.0163,25.0,0.0
3603,252.66,144.15,0.00226,0.0188,25.0,0.0
3604,252.66,146.04,0.00263,0.0219,25.0,0.0
3605,252.66,149.54,0.00337,0.0281,25.0,0.0
3606,252.66,149.89,0.00345,0.0288,25.0,0.0
3607,252.66,153.03,0.00418,0.0348,25.0,0.0
3608,252.66,153.87,0.00438,0.0365,25.0,0.0
3609,252.66,156.53,0.00505,0.0421,25.0,0.0
3610,252.66,160.02,0.00596,0.0497,24.0,0.0
3611,252.66,161.99,0.00648,0.054,24.0,0.0
3612,252.66,163.52,0.00686,0.0571,24.0,0.0
3613,252.66,167.01,0.00748,0.0623,24.0,0.0
3614,252.66,170.51,0.00693,0.0578,24.0,0.0
3615,252.66,171.17,0.00656,0.0547,24.0,0.0
3616,252.66,174.0,0.0052,0.0433,24.0,0.0
3617,252.66,177.5,0.00464,0.0387,25.0,0.0
3618,252.66,180.35,0.00437,0.0364,25.0,0.0
3619,252.66,180.99,0.00432,0.036,25.0,0.0
3620,252.66,184.49,0.00409,0.0341,25.0,0.0
3621,252.66,187.98,0.00392,0.0327,25.0,0.0
3622,252.66,188.7,0.00389,0.0324,25.0,0.0
3623,252.66,191.48,0.00378,0.0315,25.0,0.0
3624,252.66,194.97,0.00366,0.0305,25.0,0.0
3625,252.66,196.18,0.00363,0.0302,25.0,0.0
3626,252.66,198.47,0.00356,0.0297,25.0,0.0
3627,252.66,200.38,0.00352,0.0293,25.0,0.0
3628,252.66,201.96,0.00348,0.029,25.0,0.0
3629,252.66,205.46,0.0034,0.0284,25.0,0.0
3630,252.66,208.95,0.00334,0.0278,25.0,0.0
3631,252.66,212.45,0.00328,0.0273,25.0,0.0
3632,252.66,212.84,0.00327,0.0272,25.0,0.0
3633,252.66,215.94,0.00322,0.0268,25.0,0.0
3634,252.66,219.44,0.00317,0.0264,25.0,0.0
3635,252.66,222.32,0.00313,0.0261,25.0,0.0
3636,252.66,222.93,0.00313,0.0261,25.0,0.0
3637,252.66,226.43,0.00308,0.0257,25.0,0.0
3638,252.66,229.92,0.00304,0.0253,25.0,0.0
3639,252.66,231.06,0.00303,0.0252,25.0,0.0
3640,252.66,233.42,0.003,0.025,25.0,0.0
3641,252.66,236.91,0.00294,0.0245,25.0,0.0
3642,252.66,237.44,0.00293,0.0244,25.0,0.0
3643,252.66,327.73,0.00137,0.0114,26.0,0.0
3644,252.66,450.11,0.0012,0.00997,27.0,0.0
3645,252.66,515.03,0.00112,0.00931,27.0,0.0
3646,252.66,588.03,0.00102,0.00852,27.0,0.0
3647,252.66,586.41,0.00102,0.00854,27.0,0.0
3648,252.66,585.58,0.00103,0.00855,27.0,0.0
3649,252.66,583.12,0.00103,0.00858,27.0,0.0
3650,252.66,582.92,0.00103,0.00858,27.0,0.0
3651,252.66,580.67,0.00103,0.0086,27.0,0.0
3652,252.66,579.42,0.00103,0.00862,27.0,0.0
3653,252.66,578.21,0.00104,0.00863,27.0,0.0
3654,252.66,575.93,0.00104,0.00865,27.0,0.0
3655,252.66,575.76,0.00104,0.00866,27.0,0.0
3656,252.66,573.33,0.00104,0.00868,27.0,0.0
3657,252.66,572.43,0.00104,0.00869,27.0,0.0
3658,252.66,571.02,0.00104,0.00871,27.0,0.0
3659,252.66,568.94,0.00105,0.00873,27.0,0.0
3660,252.66,568.87,0.00105,0.00873,27.0,0.0
3661,252.66,567.35,0.00105,0.00875,27.0,0.0
3662,252.66,565.86,0.00105,0.00876,27.0,0.0
3663,252.66,565.44,0.00105,0.00877,27.0,0.0
3664,252.66,564.37,0.00105,0.00878,27.0,0.0
3665,252.66,562.88,0.00106,0.0088,27.0,0.0
3666,252.66,561.95,0.00106,0.00881,27.0,0.0
3667,252.66,558.45,0.00106,0.00885,27.0,0.0
3668,252.66,557.76,0.00106,0.00885,27.0,0.0
3669,252.66,554.96,0.00107,0.00888,27.0,0.0
3670,252.66,551.46,0.00107,0.00892,27.0,0.0
3671,252.66,549.1,0.00107,0.00895,27.0,0.0
3672,252.66,547.97,0.00108,0.00896,27.0,0.0
3673,252.66,544.47,0.00108,0.009,27.0,0.0
3674,252.66,540.98,0.00108,0.00904,27.0,0.0
3675,252.66,537.48,0.00109,0.00907,27.0,0.0
3676,252.66,533.99,0.00109,0.00911,27.0,0.0
3677,252.66,531.44,0.0011,0.00914,27.0,0.0
3678,252.66,530.49,0.0011,0.00915,27.0,0.0
3679,252.66,527.0,0.0011,0.00919,27.0,0.0
3680,252.66,523.5,0.00111,0.00922,27.0,0.0
3681,252.66,453.6,0.00119,0.00994,27.0,0.0
3682,252.66,451.25,0.0012,0.00996,27.0,0.0
3683,252.66,450.11,0.0012,0.00997,27.0,0.0
3684,252.66,446.61,0.0012,0.01,27.0,0.0
3685,252.66,443.12,0.0012,0.01,27.0,0.0
3686,252.66,299.82,0.00147,0.0123,26.0,0.0
3687,252.66,264.87,0.00188,0.0157,26.0,0.0
3688,252.66,121.58,4.8e-05,0.000397,29.0,0.0
3689,252.66,2.7475,12.0,1.0,12.0,0.0
3690,257.93,72.91,0.0239,0.199,22.0,0.0
3691,257.93,76.142,0.0203,0.169,22.0,0.0
3692,257.93,77.744,0.0186,0.155,23.0,0.0
3693,257.93,79.637,0.0168,0.14,23.0,0.0
3694,257.93,81.93,0.0148,0.124,23.0,0.0
3695,257.93,83.132,0.0139,0.115,23.0,0.0
3696,257.93,86.627,0.0113,0.094,23.0,0.0
3697,257.93,90.122,0.00905,0.0755,24.0,0.0
3698,257.93,92.493,0.00773,0.0644,24.0,0.0
3699,257.93,93.617,0.00715,0.0596,24.0,0.0
3700,257.93,97.112,0.00551,0.046,24.0,0.0
3701,257.93,98.772,0.00483,0.0402,24.0,0.0
3702,257.93,100.61,0.00412,0.0344,24.0,0.0
3703,257.93,102.06,0.00361,0.0301,25.0,0.0
3704,257.93,104.1,0.00295,0.0246,25.0,0.0
3705,257.93,105.06,0.00266,0.0222,25.0,0.0
3706,257.93,107.6,0.00197,0.0164,25.0,0.0
3707,257.93,108.95,0.00164,0.0136,26.0,0.0
3708,257.93,111.09,0.00117,0.00979,26.0,0.0
3709,257.93,112.83,0.000858,0.00715,26.0,0.0
3710,257.93,114.59,0.000597,0.00497,27.0,0.0
3711,257.93,116.75,0.000359,0.00299,27.0,0.0
3712,257.93,118.08,0.000254,0.00212,28.0,0.0
3713,257.93,121.58,9.6e-05,0.000801,29.0,0.0
3714,257.93,124.97,4.1e-05,0.000344,29.0,0.0
3715,257.93,125.07,4e-05,0.000337,29.0,0.0
3716,257.93,128.57,4.6e-05,0.000381,29.0,0.0
3717,257.93,132.06,0.00022,0.00184,27.0,0.0
3718,257.93,133.19,0.000313,0.00261,27.0,0.0
3719,257.93,135.56,0.000548,0.00457,27.0,0.0
3720,257.93,139.05,0.000986,0.00821,26.0,0.0
3721,257.93,142.55,0.00152,0.0127,26.0,0.0
3722,257.93,144.15,0.00179,0.0149,25.0,0.0
3723,257.93,146.04,0.00214,0.0178,25.0,0.0
3724,257.93,149.54,0.00283,0.0236,25.0,0.0
3725,257.93,149.89,0.0029,0.0242,25.0,0.0
3726,257.93,153.03,0.00359,0.0299,25.0,0.0
3727,257.93,153.87,0.00379,0.0316,25.0,0.0
3728,257.93,156.53,0.00442,0.0369,25.0,0.0
3729,257.93,160.02,0.0053,0.0442,24.0,0.0
3730,257.93,161.99,0.00581,0.0484,24.0,0.0
3731,257.93,163.52,0.00619,0.0515,24.0,0.0
3732,257.93,167.01,0.00687,0.0573,24.0,0.0
3733,257.93,170.51,0.0066,0.055,24.0,0.0
3734,257.93,171.17,0.00632,0.0526,24.0,0.0
3735,257.93,174.0,0.00518,0.0432,24.0,0.0
3736,257.93,177.5,0.00471,0.0393,25.0,0.0
3737,257.93,180.35,0.00448,0.0374,25.0,0.0
3738,257.93,180.99,0.00444,0.037,25.0,0.0
3739,257.93,184.49,0.00425,0.0354,25.0,0.0
3740,257.93,187.98,0.00409,0.0341,25.0,0.0
3741,257.93,188.7,0.00407,0.0339,25.0,0.0
3742,257.93,191.48,0.00397,0.0331,25.0,0.0
3743,257.93,194.97,0.00386,0.0322,25.0,0.0
3744,257.93,196.18,0.00383,0.0319,25.0,0.0
3745,257.93,198.47,0.00377,0.0314,25.0,0.0
3746,257.93,200.38,0.00372,0.031,25.0,0.0
3747,257.93,201.96,0.00369,0.0307,25.0,0.0
3748,257.93,205.46,0.00362,0.0301,25.0,0.0
3749,257.93,208.95,0.00355,0.0296,25.0,0.0
3750,257.93,212.45,0.00349,0.0291,25.0,0.0
3751,257.93,212.84,0.00349,0.0291,25.0,0.0
3752,257.93,215.94,0.00344,0.0287,25.0,0.0
3753,257.93,219.44,0.00339,0.0283,25.0,0.0
3754,257.93,222.32,0.00336,0.028,25.0,0.0
3755,257.93,222.93,0.00335,0.0279,25.0,0.0
3756,257.93,226.43,0.00331,0.0275,25.0,0.0
3757,257.93,229.92,0.00327,0.0272,25.0,0.0
3758,257.93,231.06,0.00325,0.0271,25.0,0.0
3759,257.93,233.42,0.00323,0.0269,25.0,0.0
3760,257.93,236.91,0.00319,0.0266,25.0,0.0
3761,257.93,237.44,0.00318,0.0265,25.0,0.0
3762,257.93,327.73,0.00146,0.0122,26.0,0.0
3763,257.93,450.11,0.00128,0.0106,27.0,0.0
3764,257.93,515.03,0.0012,0.00997,27.0,0.0
3765,257.93,588.03,0.0011,0.00914,27.0,0.0
3766,257.93,586.41,0.0011,0.00916,27.0,0.0
3767,257.93,585.58,0.0011,0.00917,27.0,0.0
3768,257.93,583.12,0.0011,0.0092,27.0,0.0
3769,257.93,582.92,0.0011,0.0092,27.0,0.0
3770,257.93,580.67,0.00111,0.00923,27.0,0.0
3771,257.93,579.42,0.00111,0.00924,27.0,0.0
3772,257.93,578.21,0.00111,0.00926,27.0,0.0
3773,257.93,575.93,0.00111,0.00928,27.0,0.0
3774,257.93,575.76,0.00111,0.00929,27.0,0.0
3775,257.93,573.33,0.00112,0.00931,27.0,0.0
3776,257.93,572.43,0.00112,0.00932,27.0,0.0
3777,257.93,571.02,0.00112,0.00934,27.0,0.0
3778,257.93,568.94,0.00112,0.00936,27.0,0.0
3779,257.93,568.87,0.00112,0.00936,27.0,0.0
3780,257.93,567.35,0.00113,0.00938,27.0,0.0
3781,257.93,565.86,0.00113,0.0094,27.0,0.0
3782,257.93,565.44,0.00113,0.0094,27.0,0.0
3783,257.93,564.37,0.00113,0.00942,27.0,0.0
3784,257.93,562.88,0.00113,0.00943,27.0,0.0
3785,257.93,561.95,0.00113,0.00944,27.0,0.0
3786,257.93,558.45,0.00114,0.00948,27.0,0.0
3787,257.93,557.76,0.00114,0.00949,27.0,0.0
3788,257.93,554.96,0.00114,0.00952,27.0,0.0
3789,257.93,551.46,0.00115,0.00956,27.0,0.0
3790,257.93,549.1,0.00115,0.00959,27.0,0.0
3791,257.93,547.97,0.00115,0.0096,27.0,0.0
3792,257.93,544.47,0.00116,0.00964,27.0,0.0
3793,257.93,540.98,0.00116,0.00968,27.0,0.0
3794,257.93,537.48,0.00117,0.00972,27.0,0.0
3795,257.93,533.99,0.00117,0.00976,27.0,0.0
3796,257.93,531.44,0.00117,0.00979,27.0,0.0
3797,257.93,530.49,0.00118,0.0098,27.0,0.0
3798,257.93,527.0,0.00118,0.00984,27.0,0.0
3799,257.93,523.5,0.00119,0.00988,27.0,0.0
3800,257.93,453.6,0.00127,0.0106,27.0,0.0
3801,257.93,451.25,0.00128,0.0106,27.0,0.0
3802,257.93,450.11,0.00128,0.0106,27.0,0.0
3803,257.93,446.61,0.00128,0.0107,27.0,0.0
3804,257.93,443.12,0.00129,0.0107,27.0,0.0
3805,257.93,299.82,0.0016,0.0133,26.0,0.0
3806,257.93,264.87,0.00215,0.0179,26.0,0.0
3807,257.93,121.58,9.6e-05,0.000801,29.0,0.0
3808,257.93,2.7475,12.9,1.0,12.0,0.0
3809,260.25,72.91,0.0252,0.21,22.0,0.0
3810,260.25,76.142,0.0214,0.178,22.0,0.0
3811,260.25,77.744,0.0197,0.164,23.0,0.0
3812,260.25,79.637,0.0178,0.148,23.0,0.0
3813,260.25,81.93,0.0157,0.131,23.0,0.0
3814,260.25,83.132,0.0147,0.122,23.0,0.0
3815,260.25,86.627,0.012,0.1,23.0,0.0
3816,260.25,90.122,0.0097,0.0808,23.0,0.0
3817,260.25,92.493,0.00831,0.0693,24.0,0.0
3818,260.25,93.617,0.0077,0.0642,24.0,0.0
3819,260.25,97.112,0.006,0.05,24.0,0.0
3820,260.25,98.772,0.00527,0.0439,24.0,0.0
3821,260.25,100.61,0.00453,0.0378,24.0,0.0
3822,260.25,102.06,0.00399,0.0333,25.0,0.0
3823,260.25,104.1,0.00329,0.0275,25.0,0.0
3824,260.25,105.06,0.00299,0.0249,25.0,0.0
3825,260.25,107.6,0.00226,0.0188,25.0,0.0
3826,260.25,108.95,0.0019,0.0159,25.0,0.0
3827,260.25,111.09,0.0014,0.0117,26.0,0.0
3828,260.25,112.83,0.00105,0.00877,26.0,0.0
3829,260.25,114.59,0.000754,0.00628,27.0,0.0
3830,260.25,116.75,0.00047,0.00392,27.0,0.0
3831,260.25,118.08,0.00034,0.00283,27.0,0.0
3832,260.25,121.58,0.000133,0.00111,28.0,0.0
3833,260.25,124.97,5.4e-05,0.000446,29.0,0.0
3834,260.25,125.07,5.2e-05,0.000435,29.0,0.0
3835,260.25,128.57,3.5e-05,0.000291,29.0,0.0
3836,260.25,132.06,0.000142,0.00119,28.0,0.0
3837,260.25,133.19,0.00022,0.00183,27.0,0.0
3838,260.25,135.56,0.000429,0.00357,27.0,0.0
3839,260.25,139.05,0.000833,0.00694,26.0,0.0
3840,260.25,142.55,0.00134,0.0111,26.0,0.0
3841,260.25,144.15,0.0016,0.0133,26.0,0.0
3842,260.25,146.04,0.00193,0.0161,25.0,0.0
3843,260.25,149.54,0.0026,0.0217,25.0,0.0
3844,260.25,149.89,0.00267,0.0223,25.0,0.0
3845,260.25,153.03,0.00334,0.0279,25.0,0.0
3846,260.25,153.87,0.00353,0.0294,25.0,0.0
3847,260.25,156.53,0.00415,0.0346,25.0,0.0
3848,260.25,160.02,0.00502,0.0418,25.0,0.0
3849,260.25,161.99,0.00552,0.046,24.0,0.0
3850,260.25,163.52,0.00589,0.0491,24.0,0.0
3851,260.25,167.01,0.0066,0.055,24.0,0.0
3852,260.25,170.51,0.00644,0.0537,24.0,0.0
3853,260.25,171.17,0.00619,0.0516,24.0,0.0
3854,260.25,174.0,0.00516,0.043,25.0,0.0
3855,260.25,177.5,0.00473,0.0395,25.0,0.0
3856,260.25,180.35,0.00452,0.0377,25.0,0.0
3857,260.25,180.99,0.00449,0.0374,25.0,0.0
3858,260.25,184.49,0.00431,0.0359,25.0,0.0
3859,260.25,187.98,0.00416,0.0347,25.0,0.0
3860,260.25,188.7,0.00414,0.0345,25.0,0.0
3861,260.25,191.48,0.00405,0.0337,25.0,0.0
3862,260.25,194.97,0.00395,0.0329,25.0,0.0
3863,260.25,196.18,0.00391,0.0326,25.0,0.0
3864,260.25,198.47,0.00386,0.0321,25.0,0.0
3865,260.25,200.38,0.00381,0.0318,25.0,0.0
3866,260.25,201.96,0.00378,0.0315,25.0,0.0
3867,260.25,205.46,0.00371,0.0309,25.0,0.0
3868,260.25,208.95,0.00365,0.0304,25.0,0.0
3869,260.25,212.45,0.00359,0.0299,25.0,0.0
3870,260.25,212.84,0.00358,0.0299,25.0,0.0
3871,260.25,215.94,0.00354,0.0295,25.0,0.0
3872,260.25,219.44,0.00349,0.0291,25.0,0.0
3873,260.25,222.32,0.00345,0.0288,25.0,0.0
3874,260.25,222.93,0.00345,0.0287,25.0,0.0
3875,260.25,226.43,0.00341,0.0284,25.0,0.0
3876,260.25,229.92,0.00337,0.0281,25.0,0.0
3877,260.25,231.06,0.00335,0.028,25.0,0.0
3878,260.25,233.42,0.00333,0.0277,25.0,0.0
3879,260.25,236.91,0.00329,0.0274,25.0,0.0
3880,260.25,237.44,0.00329,0.0274,25.0,0.0
3881,260.25,327.73,0.00151,0.0126,26.0,0.0
3882,260.25,450.11,0.00131,0.011,27.0,0.0
3883,260.25,515.03,0.00123,0.0103,27.0,0.0
3884,260.25,588.03,0.00113,0.00943,27.0,0.0
3885,260.25,586.41,0.00113,0.00945,27.0,0.0
3886,260.25,585.58,0.00113,0.00946,27.0,0.0
3887,260.25,583.12,0.00114,0.00949,27.0,0.0
3888,260.25,582.92,0.00114,0.00949,27.0,0.0
3889,260.25,580.67,0.00114,0.00951,27.0,0.0
3890,260.25,579.42,0.00114,0.00953,27.0,0.0
3891,260.25,578.21,0.00115,0.00954,27.0,0.0
3892,260.25,575.93,0.00115,0.00957,27.0,0.0
3893,260.25,575.76,0.00115,0.00957,27.0,0.0
3894,260.25,573.33,0.00115,0.0096,27.0,0.0
3895,260.25,572.43,0.00115,0.00961,27.0,0.0
3896,260.25,571.02,0.00116,0.00963,27.0,0.0
3897,260.25,568.94,0.00116,0.00965,27.0,0.0
3898,260.25,568.87,0.00116,0.00965,27.0,0.0
3899,260.25,567.35,0.00116,0.00967,27.0,0.0
3900,260.25,565.86,0.00116,0.00969,27.0,0.0
3901,260.25,565.44,0.00116,0.00969,27.0,0.0
3902,260.25,564.37,0.00116,0.0097,27.0,0.0
3903,260.25,562.88,0.00117,0.00972,27.0,0.0
3904,260.25,561.95,0.00117,0.00973,27.0,0.0
3905,260.25,558.45,0.00117,0.00977,27.0,0.0
3906,260.25,557.76,0.00117,0.00978,27.0,0.0
3907,260.25,554.96,0.00118,0.00981,27.0,0.0
3908,260.25,551.46,0.00118,0.00985,27.0,0.0
3909,260.25,549.1,0.00119,0.00988,27.0,0.0
3910,260.25,547.97,0.00119,0.00989,27.0,0.0
3911,260.25,544.47,0.00119,0.00993,27.0,0.0
3912,260.25,540.98,0.0012,0.00997,27.0,0.0
3913,260.25,537.48,0.0012,0.01,27.0,0.0
3914,260.25,533.99,0.00121,0.0101,27.0,0.0
3915,260.25,531.44,0.00121,0.0101,27.0,0.0
3916,260.25,530.49,0.00121,0.0101,27.0,0.0
3917,260.25,527.0,0.00122,0.0101,27.0,0.0
3918,260.25,523.5,0.00122,0.0102,27.0,0.0
3919,260.25,453.6,0.00131,0.0109,27.0,0.0
3920,260.25,451.25,0.00131,0.0109,27.0,0.0
3921,260.25,450.11,0.00131,0.011,27.0,0.0
3922,260.25,446.61,0.00132,0.011,27.0,0.0
3923,260.25,443.12,0.00132,0.011,27.0,0.0
3924,260.25,299.82,0.00165,0.0138,26.0,0.0
3925,260.25,264.87,0.00228,0.019,26.0,0.0
3926,260.25,121.58,0.000133,0.00111,28.0,0.0
3927,260.25,2.7475,13.3,1.0,12.0,0.0
3928,263.01,72.91,0.0267,0.222,22.0,0.0
3929,263.01,76.142,0.0227,0.189,22.0,0.0
3930,263.01,77.744,0.0209,0.174,22.0,0.0
3931,263.01,79.637,0.019,0.158,23.0,0.0
3932,263.01,81.93,0.0168,0.14,23.0,0.0
3933,263.01,83.132,0.0157,0.131,23.0,0.0
3934,263.01,86.627,0.0129,0.108,23.0,0.0
3935,263.01,90.122,0.0105,0.0875,23.0,0.0
3936,263.01,92.493,0.00904,0.0753,24.0,0.0
3937,263.01,93.617,0.0084,0.07,24.0,0.0
3938,263.01,97.112,0.0066,0.055,24.0,0.0
3939,263.01,98.772,0.00583,0.0486,24.0,0.0
3940,263.01,100.61,0.00505,0.0421,24.0,0.0
3941,263.01,102.06,0.00448,0.0373,24.0,0.0
3942,263.01,104.1,0.00373,0.0311,25.0,0.0
3943,263.01,105.06,0.00341,0.0284,25.0,0.0
3944,263.01,107.6,0.00262,0.0218,25.0,0.0
3945,263.01,108.95,0.00224,0.0187,25.0,0.0
3946,263.01,111.09,0.0017,0.0142,26.0,0.0
3947,263.01,112.83,0.00131,0.0109,26.0,0.0
3948,263.01,114.59,0.00097,0.00808,26.0,0.0
3949,263.01,116.75,0.000632,0.00526,27.0,0.0
3950,263.01,118.08,0.000469,0.00391,27.0,0.0
3951,263.01,121.58,0.000193,0.0016,28.0,0.0
3952,263.01,124.97,7.6e-05,0.000636,29.0,0.0
3953,263.01,125.07,7.4e-05,0.000619,29.0,0.0
3954,263.01,128.57,3.6e-05,0.000301,29.0,0.0
3955,263.01,132.06,7.4e-05,0.00062,28.0,0.0
3956,263.01,133.19,0.000129,0.00108,28.0,0.0
3957,263.01,135.56,0.000302,0.00252,27.0,0.0
3958,263.01,139.05,0.000664,0.00554,26.0,0.0
3959,263.01,142.55,0.00113,0.00944,26.0,0.0
3960,263.01,144.15,0.00138,0.0115,26.0,0.0
3961,263.01,146.04,0.00169,0.0141,26.0,0.0
3962,263.01,149.54,0.00234,0.0195,25.0,0.0
3963,263.01,149.89,0.00241,0.02,25.0,0.0
3964,263.01,153.03,0.00305,0.0254,25.0,0.0
3965,263.01,153.87,0.00324,0.027,25.0,0.0
3966,263.01,156.53,0.00384,0.032,25.0,0.0
3967,263.01,160.02,0.00468,0.039,25.0,0.0
3968,263.01,161.99,0.00517,0.0431,25.0,0.0
3969,263.01,163.52,0.00555,0.0463,24.0,0.0
3970,263.01,167.01,0.00628,0.0523,24.0,0.0
3971,263.01,170.51,0.00624,0.052,24.0,0.0
3972,263.01,171.17,0.00603,0.0502,24.0,0.0
3973,263.01,174.0,0.00512,0.0426,25.0,0.0
3974,263.01,177.5,0.00475,0.0396,25.0,0.0
3975,263.01,180.35,0.00456,0.038,25.0,0.0
3976,263.01,180.99,0.00453,0.0377,25.0,0.0
3977,263.01,184.49,0.00437,0.0364,25.0,0.0
3978,263.01,187.98,0.00424,0.0354,25.0,0.0
3979,263.01,188.7,0.00422,0.0352,25.0,0.0
3980,263.01,191.48,0.00414,0.0345,25.0,0.0
3981,263.01,194.97,0.00404,0.0337,25.0,0.0
3982,263.01,196.18,0.00401,0.0334,25.0,0.0
3983,263.01,198.47,0.00396,0.033,25.0,0.0
3984,263.01,200.38,0.00392,0.0327,25.0,0.0
3985,263.01,201.96,0.00389,0.0324,25.0,0.0
3986,263.01,205.46,0.00382,0.0318,25.0,0.0
3987,263.01,208.95,0.00376,0.0313,25.0,0.0
3988,263.01,212.45,0.0037,0.0309,25.0,0.0
3989,263.01,212.84,0.0037,0.0308,25.0,0.0
3990,263.01,215.94,0.00365,0.0305,25.0,0.0
3991,263.01,219.44,0.00361,0.0301,25.0,0.0
3992,263.01,222.32,0.00357,0.0298,25.0,0.0
3993,263.01,222.93,0.00356,0.0297,25.0,0.0
3994,263.01,226.43,0.00352,0.0294,25.0,0.0
3995,263.01,229.92,0.00349,0.0291,25.0,0.0
3996,263.01,231.06,0.00347,0.029,25.0,0.0
3997,263.01,233.42,0.00345,0.0288,25.0,0.0
3998,263.01,236.91,0.00342,0.0285,25.0,0.0
3999,263.01,237.44,0.00341,0.0284,25.0,0.0
4000,263.01,327.73,0.00157,0.013,26.0,0.0
4001,263.01,450.11,0.00136,0.0113,27.0,0.0
4002,263.01,515.03,0.00128,0.0106,27.0,0.0
4003,263.01,588.03,0.00117,0.00977,27.0,0.0
4004,263.01,586.41,0.00117,0.00979,27.0,0.0
4005,263.01,585.58,0.00118,0.0098,27.0,0.0
4006,263.01,583.12,0.00118,0.00983,27.0,0.0
4007,263.01,582.92,0.00118,0.00983,27.0,0.0
4008,263.01,580.67,0.00118,0.00986,27.0,0.0
4009,263.01,579.42,0.00118,0.00987,27.0,0.0
4010,263.01,578.21,0.00119,0.00989,27.0,0.0
4011,263.01,575.93,0.00119,0.00992,27.0,0.0
4012,263.01,575.76,0.00119,0.00992,27.0,0.0
4013,263.01,573.33,0.00119,0.00995,27.0,0.0
4014,263.01,572.43,0.00119,0.00996,27.0,0.0
4015,263.01,571.02,0.0012,0.00997,27.0,0.0
4016,263.01,568.94,0.0012,0.01,27.0,0.0
4017,263.01,568.87,0.0012,0.01,27.0,0.0
4018,263.01,567.35,0.0012,0.01,27.0,0.0
4019,263.01,565.86,0.0012,0.01,27.0,0.0
4020,263.01,565.44,0.0012,0.01,27.0,0.0
4021,263.01,564.37,0.00121,0.0101,27.0,0.0
4022,263.01,562.88,0.00121,0.0101,27.0,0.0
4023,263.01,561.95,0.00121,0.0101,27.0,0.0
4024,263.01,558.45,0.00121,0.0101,27.0,0.0
4025,263.01,557.76,0.00122,0.0101,27.0,0.0
4026,263.01,554.96,0.00122,0.0102,27.0,0.0
4027,263.01,551.46,0.00122,0.0102,27.0,0.0
4028,263.01,549.1,0.00123,0.0102,27.0,0.0
4029,263.01,547.97,0.00123,0.0102,27.0,0.0
4030,263.01,544.47,0.00123,0.0103,27.0,0.0
4031,263.01,540.98,0.00124,0.0103,27.0,0.0
4032,263.01,537.48,0.00124,0.0104,27.0,0.0
4033,263.01,533.99,0.00125,0.0104,27.0,0.0
4034,263.01,531.44,0.00125,0.0104,27.0,0.0
4035,263.01,530.49,0.00125,0.0104,27.0,0.0
4036,263.01,527.0,0.00126,0.0105,27.0,0.0
4037,263.01,523.5,0.00126,0.0105,27.0,0.0
4038,263.01,453.6,0.00135,0.0113,27.0,0.0
4039,263.01,451.25,0.00136,0.0113,27.0,0.0
4040,263.01,450.11,0.00136,0.0113,27.0,0.0
4041,263.01,446.61,0.00136,0.0114,27.0,0.0
4042,263.01,443.12,0.00137,0.0114,27.0,0.0
4043,263.01,299.82,0.00173,0.0144,26.0,0.0
4044,263.01,264.87,0.00248,0.0206,26.0,0.0
4045,263.01,121.58,0.000193,0.0016,28.0,0.0
4046,263.01,2.7475,13.8,1.0,12.0,0.0
4047,278.41,72.91,0.0361,0.301,22.0,0.0
4048,278.41,76.142,0.0311,0.259,22.0,0.0
4049,278.41,77.744,0.0289,0.241,22.0,0.0
4050,278.41,79.637,0.0264,0.22,22.0,0.0
4051,278.41,81.93,0.0237,0.197,22.0,0.0
4052,278.41,83.132,0.0224,0.186,22.0,0.0
4053,278.41,86.627,0.0188,0.156,23.0,0.0
4054,278.41,90.122,0.0157,0.131,23.0,0.0
4055,278.41,92.493,0.0138,0.115,23.0,0.0
4056,278.41,93.617,0.0129,0.108,23.0,0.0
4057,278.41,97.112,0.0106,0.088,23.0,0.0
4058,278.41,98.772,0.00954,0.0795,24.0,0.0
4059,278.41,100.61,0.00849,0.0707,24.0,0.0
4060,278.41,102.06,0.00772,0.0643,24.0,0.0
4061,278.41,104.1,0.0067,0.0559,24.0,0.0
4062,278.41,105.06,0.00626,0.0521,24.0,0.0
4063,278.41,107.6,0.00515,0.043,24.0,0.0
4064,278.41,108.95,0.00462,0.0385,24.0,0.0
4065,278.41,111.09,0.00383,0.0319,25.0,0.0
4066,278.41,112.83,0.00325,0.0271,25.0,0.0
4067,278.41,114.59,0.00271,0.0226,25.0,0.0
4068,278.41,116.75,0.0021,0.0175,25.0,0.0
4069,278.41,118.08,0.00177,0.0147,26.0,0.0
4070,278.41,121.58,0.00103,0.00855,26.0,0.0
4071,278.41,124.97,0.000524,0.00437,27.0,0.0
4072,278.41,125.07,0.000513,0.00427,27.0,0.0
4073,278.41,128.57,0.000221,0.00184,28.0,0.0
4074,278.41,132.06,9e-05,0.000749,29.0,0.0
4075,278.41,133.19,6.8e-05,0.000568,29.0,0.0
4076,278.41,135.56,4.3e-05,0.000357,29.0,0.0
4077,278.41,139.05,5.9e-05,0.000491,29.0,0.0
4078,278.41,142.55,0.000255,0.00213,27.0,0.0
4079,278.41,144.15,0.000399,0.00333,27.0,0.0
4080,278.41,146.04,0.000601,0.00501,27.0,0.0
4081,278.41,149.54,0.00106,0.00883,26.0,0.0
4082,278.41,149.89,0.00111,0.00925,26.0,0.0
4083,278.41,153.03,0.00161,0.0134,26.0,0.0
4084,278.41,153.87,0.00176,0.0146,26.0,0.0
4085,278.41,156.53,0.00225,0.0188,25.0,0.0
4086,278.41,160.02,0.00296,0.0247,25.0,0.0
4087,278.41,161.99,0.0034,0.0283,25.0,0.0
4088,278.41,163.52,0.00374,0.0312,25.0,0.0
4089,278.41,167.01,0.0045,0.0375,25.0,0.0
4090,278.41,170.51,0.00492,0.041,25.0,0.0
4091,278.41,171.17,0.00488,0.0407,25.0,0.0
4092,278.41,174.0,0.00461,0.0384,25.0,0.0
4093,278.41,177.5,0.00457,0.0381,25.0,0.0
4094,278.41,180.35,0.00457,0.0381,25.0,0.0
4095,278.41,180.99,0.00457,0.0381,25.0,0.0
4096,278.41,184.49,0.00456,0.038,25.0,0.0
4097,278.41,187.98,0.00455,0.0379,25.0,0.0
4098,278.41,188.7,0.00454,0.0379,25.0,0.0
4099,278.41,191.48,0.00453,0.0377,25.0,0.0
4100,278.41,194.97,0.0045,0.0375,25.0,0.0
4101,278.41,196.18,0.00449,0.0374,25.0,0.0
4102,278.41,198.47,0.00447,0.0373,25.0,0.0
4103,278.41,200.38,0.00445,0.0371,25.0,0.0
4104,278.41,201.96,0.00444,0.037,25.0,0.0
4105,278.41,205.46,0.0044,0.0367,25.0,0.0
4106,278.41,208.95,0.00437,0.0364,25.0,0.0
4107,278.41,212.45,0.00434,0.0361,25.0,0.0
4108,278.41,212.84,0.00433,0.0361,25.0,0.0
4109,278.41,215.94,0.0043,0.0359,25.0,0.0
4110,278.41,219.44,0.00427,0.0356,25.0,0.0
4111,278.41,222.32,0.00424,0.0354,25.0,0.0
4112,278.41,222.93,0.00424,0.0353,25.0,0.0
4113,278.41,226.43,0.00421,0.035,25.0,0.0
4114,278.41,229.92,0.00418,0.0348,25.0,0.0
4115,278.41,231.06,0.00417,0.0347,25.0,0.0
4116,278.41,233.42,0.00415,0.0346,25.0,0.0
4117,278.41,236.91,0.00412,0.0343,25.0,0.0
4118,278.41,237.44,0.00411,0.0343,25.0,0.0
4119,278.41,327.73,0.00193,0.0161,26.0,0.0
4120,278.41,450.11,0.00162,0.0135,27.0,0.0
4121,278.41,515.03,0.00153,0.0128,27.0,0.0
4122,278.41,588.03,0.00142,0.0118,27.0,0.0
4123,278.41,586.41,0.00142,0.0118,27.0,0.0
4124,278.41,585.58,0.00142,0.0119,27.0,0.0
4125,278.41,583.12,0.00143,0.0119,27.0,0.0
4126,278.41,582.92,0.00143,0.0119,27.0,0.0
4127,278.41,580.67,0.00143,0.0119,27.0,0.0
4128,278.41,579.42,0.00143,0.0119,27.0,0.0
4129,278.41,578.21,0.00143,0.0119,27.0,0.0
4130,278.41,575.93,0.00144,0.012,27.0,0.0
4131,278.41,575.76,0.00144,0.012,27.0,0.0
4132,278.41,573.33,0.00144,0.012,27.0,0.0
4133,278.41,572.43,0.00144,0.012,27.0,0.0
4134,278.41,571.02,0.00145,0.012,27.0,0.0
4135,278.41,568.94,0.00145,0.0121,27.0,0.0
4136,278.41,568.87,0.00145,0.0121,27.0,0.0
4137,278.41,567.35,0.00145,0.0121,27.0,0.0
4138,278.41,565.86,0.00145,0.0121,27.0,0.0
4139,278.41,565.44,0.00145,0.0121,27.0,0.0
4140,278.41,564.37,0.00146,0.0121,27.0,0.0
4141,278.41,562.88,0.00146,0.0122,27.0,0.0
4142,278.41,561.95,0.00146,0.0122,27.0,0.0
4143,278.41,558.45,0.00147,0.0122,27.0,0.0
4144,278.41,557.76,0.00147,0.0122,27.0,0.0
4145,278.41,554.96,0.00147,0.0123,27.0,0.0
4146,278.41,551.46,0.00148,0.0123,27.0,0.0
4147,278.41,549.1,0.00148,0.0123,27.0,0.0
4148,278.41,547.97,0.00148,0.0123,27.0,0.0
4149,278.41,544.47,0.00149,0.0124,27.0,0.0
4150,278.41,540.98,0.00149,0.0124,27.0,0.0
4151,278.41,537.48,0.0015,0.0125,27.0,0.0
4152,278.41,533.99,0.0015,0.0125,27.0,0.0
4153,278.41,531.44,0.00151,0.0126,27.0,0.0
4154,278.41,530.49,0.00151,0.0126,27.0,0.0
4155,278.41,527.0,0.00151,0.0126,27.0,0.0
4156,278.41,523.5,0.00152,0.0127,27.0,0.0
4157,278.41,453.6,0.00162,0.0135,27.0,0.0
4158,278.41,451.25,0.00162,0.0135,27.0,0.0
4159,278.41,450.11,0.00162,0.0135,27.0,0.0
4160,278.41,446.61,0.00163,0.0135,27.0,0.0
4161,278.41,443.12,0.00163,0.0136,27.0,0.0
4162,278.41,299.82,0.00227,0.0189,26.0,0.0
4163,278.41,264.87,0.00382,0.0318,25.0,0.0
4164,278.41,121.58,0.00103,0.00855,26.0,0.0
4165,278.41,2.7475,17.0,1.0,12.0,0.0
4166,280.27,72.91,0.0374,0.311,22.0,0.0
4167,280.27,76.142,0.0323,0.269,22.0,0.0
4168,280.27,77.744,0.03,0.25,22.0,0.0
4169,280.27,79.637,0.0275,0.229,22.0,0.0
4170,280.27,81.93,0.0246,0.205,22.0,0.0
4171,280.27,83.132,0.0232,0.194,22.0,0.0
4172,280.27,86.627,0.0196,0.163,23.0,0.0
4173,280.27,90.122,0.0164,0.136,23.0,0.0
4174,280.27,92.493,0.0144,0.12,23.0,0.0
4175,280.27,93.617,0.0136,0.113,23.0,0.0
4176,280.27,97.112,0.0111,0.0926,23.0,0.0
4177,280.27,98.772,0.0101,0.0838,23.0,0.0
4178,280.27,100.61,0.00897,0.0748,24.0,0.0
4179,280.27,102.06,0.00817,0.0681,24.0,0.0
4180,280.27,104.1,0.00713,0.0594,24.0,0.0
4181,280.27,105.06,0.00666,0.0555,24.0,0.0
4182,280.27,107.6,0.00552,0.046,24.0,0.0
4183,280.27,108.95,0.00497,0.0414,24.0,0.0
4184,280.27,111.09,0.00415,0.0346,25.0,0.0
4185,280.27,112.83,0.00354,0.0295,25.0,0.0
4186,280.27,114.59,0.00297,0.0248,25.0,0.0
4187,280.27,116.75,0.00234,0.0195,25.0,0.0
4188,280.27,118.08,0.00199,0.0166,26.0,0.0
4189,280.27,121.58,0.00119,0.00994,26.0,0.0
4190,280.27,124.97,0.000634,0.00528,27.0,0.0
4191,280.27,125.07,0.000621,0.00517,27.0,0.0
4192,280.27,128.57,0.000278,0.00231,28.0,0.0
4193,280.27,132.06,0.000114,0.000948,29.0,0.0
4194,280.27,133.19,8.6e-05,0.000713,29.0,0.0
4195,280.27,135.56,5e-05,0.00042,29.0,0.0
4196,280.27,139.05,4.4e-05,0.000368,29.0,0.0
4197,280.27,142.55,0.000186,0.00155,28.0,0.0
4198,280.27,144.15,0.000314,0.00262,27.0,0.0
4199,280.27,146.04,0.0005,0.00416,27.0,0.0
4200,280.27,149.54,0.000931,0.00776,26.0,0.0
4201,280.27,149.89,0.00098,0.00816,26.0,0.0
4202,280.27,153.03,0.00146,0.0122,26.0,0.0
4203,280.27,153.87,0.0016,0.0133,26.0,0.0
4204,280.27,156.53,0.00208,0.0173,25.0,0.0
4205,280.27,160.02,0.00277,0.0231,25.0,0.0
4206,280.27,161.99,0.0032,0.0266,25.0,0.0
4207,280.27,163.52,0.00353,0.0294,25.0,0.0
4208,280.27,167.01,0.00429,0.0357,25.0,0.0
4209,280.27,170.51,0.00475,0.0395,25.0,0.0
4210,280.27,171.17,0.00473,0.0394,25.0,0.0
4211,280.27,174.0,0.00452,0.0376,25.0,0.0
4212,280.27,177.5,0.00452,0.0377,25.0,0.0
4213,280.27,180.35,0.00454,0.0378,25.0,0.0
4214,280.27,180.99,0.00454,0.0379,25.0,0.0
4215,280.27,184.49,0.00456,0.038,25.0,0.0
4216,280.27,187.98,0.00456,0.038,25.0,0.0
4217,280.27,188.7,0.00456,0.038,25.0,0.0
4218,280.27,191.48,0.00456,0.038,25.0,0.0
4219,280.27,194.97,0.00454,0.0379,25.0,0.0
4220,280.27,196.18,0.00454,0.0378,25.0,0.0
4221,280.27,198.47,0.00452,0.0377,25.0,0.0
4222,280.27,200.38,0.00451,0.0376,25.0,0.0
4223,280.27,201.96,0.0045,0.0375,25.0,0.0
4224,280.27,205.46,0.00447,0.0372,25.0,0.0
4225,280.27,208.95,0.00444,0.037,25.0,0.0
4226,280.27,212.45,0.00441,0.0367,25.0,0.0
4227,280.27,212.84,0.00441,0.0367,25.0,0.0
4228,280.27,215.94,0.00438,0.0365,25.0,0.0
4229,280.27,219.44,0.00435,0.0362,25.0,0.0
4230,280.27,222.32,0.00432,0.036,25.0,0.0
4231,280.27,222.93,0.00432,0.036,25.0,0.0
4232,280.27,226.43,0.00429,0.0357,25.0,0.0
4233,280.27,229.92,0.00426,0.0355,25.0,0.0
4234,280.27,231.06,0.00425,0.0354,25.0,0.0
4235,280.27,233.42,0.00423,0.0353,25.0,0.0
4236,280.27,236.91,0.00421,0.035,25.0,0.0
4237,280.27,237.44,0.0042,0.035,25.0,0.0
4238,280.27,327.73,0.00198,0.0165,26.0,0.0
4239,280.27,450.11,0.00165,0.0138,27.0,0.0
4240,280.27,515.03,0.00156,0.013,27.0,0.0
4241,280.27,588.03,0.00145,0.0121,27.0,0.0
4242,280.27,586.41,0.00145,0.0121,27.0,0.0
4243,280.27,585.58,0.00145,0.0121,27.0,0.0
4244,280.27,583.12,0.00146,0.0121,27.0,0.0
4245,280.27,582.92,0.00146,0.0121,27.0,0.0
4246,280.27,580.67,0.00146,0.0122,27.0,0.0
4247,280.27,579.42,0.00146,0.0122,27.0,0.0
4248,280.27,578.21,0.00147,0.0122,27.0,0.0
4249,280.27,575.93,0.00147,0.0122,27.0,0.0
4250,280.27,575.76,0.00147,0.0122,27.0,0.0
4251,280.27,573.33,0.00147,0.0123,27.0,0.0
4252,280.27,572.43,0.00147,0.0123,27.0,0.0
4253,280.27,571.02,0.00148,0.0123,27.0,0.0
4254,280.27,568.94,0.00148,0.0123,27.0,0.0
4255,280.27,568.87,0.00148,0.0123,27.0,0.0
4256,280.27,567.35,0.00148,0.0124,27.0,0.0
4257,280.27,565.86,0.00149,0.0124,27.0,0.0
4258,280.27,565.44,0.00149,0.0124,27.0,0.0
4259,280.27,564.37,0.00149,0.0124,27.0,0.0
4260,280.27,562.88,0.00149,0.0124,27.0,0.0
4261,280.27,561.95,0.00149,0.0124,27.0,0.0
4262,280.27,558.45,0.0015,0.0125,27.0,0.0
4263,280.27,557.76,0.0015,0.0125,27.0,0.0
4264,280.27,554.96,0.0015,0.0125,27.0,0.0
4265,280.27,551.46,0.00151,0.0126,27.0,0.0
4266,280.27,549.1,0.00151,0.0126,27.0,0.0
4267,280.27,547.97,0.00151,0.0126,27.0,0.0
4268,280.27,544.47,0.00152,0.0127,27.0,0.0
4269,280.27,540.98,0.00152,0.0127,27.0,0.0
4270,280.27,537.48,0.00153,0.0127,27.0,0.0
4271,280.27,533.99,0.00154,0.0128,27.0,0.0
4272,280.27,531.44,0.00154,0.0128,27.0,0.0
4273,280.27,530.49,0.00154,0.0128,27.0,0.0
4274,280.27,527.0,0.00155,0.0129,27.0,0.0
4275,280.27,523.5,0.00155,0.0129,27.0,0.0
4276,280.27,453.6,0.00165,0.0137,27.0,0.0
4277,280.27,451.25,0.00165,0.0138,27.0,0.0
4278,280.27,450.11,0.00165,0.0138,27.0,0.0
4279,280.27,446.61,0.00166,0.0138,27.0,0.0
4280,280.27,443.12,0.00166,0.0139,26.0,0.0
4281,280.27,299.82,0.00235,0.0196,26.0,0.0
4282,280.27,264.87,0.00394,0.0328,25.0,0.0
4283,280.27,121.58,0.00119,0.00994,26.0,0.0
4284,280.27,2.7475,17.4,1.0,12.0,0.0
4285,296.77,72.91,0.0499,0.416,21.0,0.0
4286,296.77,76.142,0.0435,0.363,22.0,0.0
4287,296.77,77.744,0.0407,0.339,22.0,0.0
4288,296.77,79.637,0.0375,0.312,22.0,0.0
4289,296.77,81.93,0.034,0.283,22.0,0.0
4290,296.77,83.132,0.0322,0.269,22.0,0.0
4291,296.77,86.627,0.0276,0.23,22.0,0.0
4292,296.77,90.122,0.0235,0.196,22.0,0.0
4293,296.77,92.493,0.021,0.175,23.0,0.0
4294,296.77,93.617,0.0199,0.166,23.0,0.0
4295,296.77,97.112,0.0168,0.14,23.0,0.0
4296,296.77,98.772,0.0154,0.128,23.0,0.0
4297,296.77,100.61,0.014,0.116,23.0,0.0
4298,296.77,102.06,0.0129,0.108,23.0,0.0
4299,296.77,104.1,0.0115,0.096,23.0,0.0
4300,296.77,105.06,0.0109,0.0908,23.0,0.0
4301,296.77,107.6,0.00936,0.078,24.0,0.0
4302,296.77,108.95,0.00861,0.0718,24.0,0.0
4303,296.77,111.09,0.00749,0.0625,24.0,0.0
4304,296.77,112.83,0.00665,0.0554,24.0,0.0
4305,296.77,114.59,0.00586,0.0488,24.0,0.0
4306,296.77,116.75,0.00496,0.0413,24.0,0.0
4307,296.77,118.08,0.00445,0.037,25.0,0.0
4308,296.77,121.58,0.00323,0.0269,25.0,0.0
4309,296.77,124.97,0.00223,0.0186,25.0,0.0
4310,296.77,125.07,0.0022,0.0183,25.0,0.0
4311,296.77,128.57,0.00136,0.0113,26.0,0.0
4312,296.77,132.06,0.000742,0.00618,27.0,0.0
4313,296.77,133.19,0.000592,0.00494,27.0,0.0
4314,296.77,135.56,0.000353,0.00294,28.0,0.0
4315,296.77,139.05,0.000153,0.00128,28.0,0.0
4316,296.77,142.55,6.8e-05,0.000566,29.0,0.0
4317,296.77,144.15,5.1e-05,0.000424,29.0,0.0
4318,296.77,146.04,4.4e-05,0.000363,29.0,0.0
4319,296.77,149.54,0.000119,0.00099,28.0,0.0
4320,296.77,149.89,0.000138,0.00115,28.0,0.0
4321,296.77,153.03,0.000388,0.00323,27.0,0.0
4322,296.77,153.87,0.000473,0.00394,27.0,0.0
4323,296.77,156.53,0.000788,0.00657,26.0,0.0
4324,296.77,160.02,0.00129,0.0108,26.0,0.0
4325,296.77,161.99,0.00162,0.0135,26.0,0.0
4326,296.77,163.52,0.00189,0.0157,26.0,0.0
4327,296.77,167.01,0.00255,0.0212,25.0,0.0
4328,296.77,170.51,0.00316,0.0263,25.0,0.0
4329,296.77,171.17,0.00323,0.027,25.0,0.0
4330,296.77,174.0,0.00346,0.0289,25.0,0.0
4331,296.77,177.5,0.00379,0.0316,25.0,0.0
4332,296.77,180.35,0.00402,0.0335,25.0,0.0
4333,296.77,180.99,0.00407,0.0339,25.0,0.0
4334,296.77,184.49,0.0043,0.0359,25.0,0.0
4335,296.77,187.98,0.00449,0.0374,25.0,0.0
4336,296.77,188.7,0.00452,0.0377,25.0,0.0
4337,296.77,191.48,0.00463,0.0386,25.0,0.0
4338,296.77,194.97,0.00475,0.0395,25.0,0.0
4339,296.77,196.18,0.00478,0.0398,25.0,0.0
4340,296.77,198.47,0.00483,0.0403,25.0,0.0
4341,296.77,200.38,0.00487,0.0406,25.0,0.0
4342,296.77,201.96,0.00489,0.0408,25.0,0.0
4343,296.77,205.46,0.00494,0.0412,25.0,0.0
4344,296.77,208.95,0.00497,0.0414,25.0,0.0
4345,296.77,212.45,0.00499,0.0416,25.0,0.0
4346,296.77,212.84,0.005,0.0416,25.0,0.0
4347,296.77,215.94,0.00501,0.0417,25.0,0.0
4348,296.77,219.44,0.00501,0.0418,25.0,0.0
4349,296.77,222.32,0.00501,0.0418,25.0,0.0
4350,296.77,222.93,0.00501,0.0418,25.0,0.0
4351,296.77,226.43,0.00501,0.0418,25.0,0.0
4352,296.77,229.92,0.005,0.0417,25.0,0.0
4353,296.77,231.06,0.005,0.0417,25.0,0.0
4354,296.77,233.42,0.005,0.0416,25.0,0.0
4355,296.77,236.91,0.00499,0.0415,25.0,0.0
4356,296.77,237.44,0.00498,0.0415,25.0,0.0
4357,296.77,327.73,0.00254,0.0212,26.0,0.0
4358,296.77,450.11,0.00197,0.0164,26.0,0.0
4359,296.77,515.03,0.00187,0.0156,27.0,0.0
4360,296.77,588.03,0.00175,0.0146,27.0,0.0
4361,296.77,586.41,0.00175,0.0146,27.0,0.0
4362,296.77,585.58,0.00175,0.0146,27.0,0.0
4363,296.77,583.12,0.00175,0.0146,27.0,0.0
4364,296.77,582.92,0.00176,0.0146,27.0,0.0
4365,296.77,580.67,0.00176,0.0147,27.0,0.0
4366,296.77,579.42,0.00176,0.0147,27.0,0.0
4367,296.77,578.21,0.00176,0.0147,27.0,0.0
4368,296.77,575.93,0.00177,0.0147,27.0,0.0
4369,296.77,575.76,0.00177,0.0147,27.0,0.0
4370,296.77,573.33,0.00177,0.0148,27.0,0.0
4371,296.77,572.43,0.00177,0.0148,27.0,0.0
4372,296.77,571.02,0.00178,0.0148,27.0,0.0
4373,296.77,568.94,0.00178,0.0148,27.0,0.0
4374,296.77,568.87,0.00178,0.0148,27.0,0.0
4375,296.77,567.35,0.00178,0.0149,27.0,0.0
4376,296.77,565.86,0.00179,0.0149,27.0,0.0
4377,296.77,565.44,0.00179,0.0149,27.0,0.0
4378,296.77,564.37,0.00179,0.0149,27.0,0.0
4379,296.77,562.88,0.00179,0.0149,27.0,0.0
4380,296.77,561.95,0.00179,0.0149,27.0,0.0
4381,296.77,558.45,0.0018,0.015,27.0,0.0
4382,296.77,557.76,0.0018,0.015,27.0,0.0
4383,296.77,554.96,0.0018,0.015,27.0,0.0
4384,296.77,551.46,0.00181,0.0151,27.0,0.0
4385,296.77,549.1,0.00181,0.0151,27.0,0.0
4386,296.77,547.97,0.00182,0.0151,27.0,0.0
4387,296.77,544.47,0.00182,0.0152,27.0,0.0
4388,296.77,540.98,0.00183,0.0152,27.0,0.0
4389,296.77,537.48,0.00183,0.0153,27.0,0.0
4390,296.77,533.99,0.00184,0.0153,27.0,0.0
4391,296.77,531.44,0.00184,0.0154,27.0,0.0
4392,296.77,530.49,0.00184,0.0154,27.0,0.0
4393,296.77,527.0,0.00185,0.0154,27.0,0.0
4394,296.77,523.5,0.00186,0.0155,27.0,0.0
4395,296.77,453.6,0.00196,0.0164,26.0,0.0
4396,296.77,451.25,0.00197,0.0164,26.0,0.0
4397,296.77,450.11,0.00197,0.0164,26.0,0.0
4398,296.77,446.61,0.00197,0.0165,26.0,0.0
4399,296.77,443.12,0.00198,0.0165,26.0,0.0
4400,296.77,299.82,0.00344,0.0287,25.0,0.0
4401,296.77,264.87,0.00487,0.0406,25.0,0.0
4402,296.77,121.58,0.00323,0.0269,25.0,0.0
4403,296.77,2.7475,21.3,1.0,12.0,0.0
4404,300.29,72.91,0.0528,0.44,21.0,0.0
4405,300.29,76.142,0.0462,0.385,22.0,0.0
4406,300.29,77.744,0.0432,0.36,22.0,0.0
4407,300.29,79.637,0.0399,0.333,22.0,0.0
4408,300.29,81.93,0.0362,0.302,22.0,0.0
4409,300.29,83.132,0.0344,0.286,22.0,0.0
4410,300.29,86.627,0.0295,0.246,22.0,0.0
4411,300.29,90.122,0.0252,0.21,22.0,0.0
4412,300.29,92.493,0.0226,0.189,23.0,0.0
4413,300.29,93.617,0.0215,0.179,23.0,0.0
4414,300.29,97.112,0.0181,0.151,23.0,0.0
4415,300.29,98.772,0.0167,0.139,23.0,0.0
4416,300.29,100.61,0.0152,0.127,23.0,0.0
4417,300.29,102.06,0.0141,0.117,23.0,0.0
4418,300.29,104.1,0.0126,0.105,23.0,0.0
4419,300.29,105.06,0.012,0.0996,23.0,0.0
4420,300.29,107.6,0.0103,0.0861,24.0,0.0
4421,300.29,108.95,0.00953,0.0794,24.0,0.0
4422,300.29,111.09,0.00835,0.0696,24.0,0.0
4423,300.29,112.83,0.00745,0.0621,24.0,0.0
4424,300.29,114.59,0.0066,0.055,24.0,0.0
4425,300.29,116.75,0.00564,0.047,24.0,0.0
4426,300.29,118.08,0.00509,0.0425,24.0,0.0
4427,300.29,121.58,0.00378,0.0315,25.0,0.0
4428,300.29,124.97,0.0027,0.0225,25.0,0.0
4429,300.29,125.07,0.00267,0.0222,25.0,0.0
4430,300.29,128.57,0.00174,0.0145,26.0,0.0
4431,300.29,132.06,0.00101,0.00841,26.0,0.0
4432,300.29,133.19,0.000824,0.00686,27.0,0.0
4433,300.29,135.56,0.000513,0.00428,27.0,0.0
4434,300.29,139.05,0.000233,0.00194,28.0,0.0
4435,300.29,142.55,0.000101,0.00084,29.0,0.0
4436,300.29,144.15,7.1e-05,0.00059,29.0,0.0
4437,300.29,146.04,5.1e-05,0.000422,29.0,0.0
4438,300.29,149.54,5.8e-05,0.000486,29.0,0.0
4439,300.29,149.89,6.6e-05,0.000549,29.0,0.0
4440,300.29,153.03,0.000236,0.00196,27.0,0.0
4441,300.29,153.87,0.000306,0.00255,27.0,0.0
4442,300.29,156.53,0.000577,0.00481,27.0,0.0
4443,300.29,160.02,0.00103,0.0086,26.0,0.0
4444,300.29,161.99,0.00133,0.0111,26.0,0.0
4445,300.29,163.52,0.00159,0.0132,26.0,0.0
4446,300.29,167.01,0.00221,0.0184,25.0,0.0
4447,300.29,170.51,0.00282,0.0235,25.0,0.0
4448,300.29,171.17,0.00291,0.0243,25.0,0.0
4449,300.29,174.0,0.0032,0.0267,25.0,0.0
4450,300.29,177.5,0.00358,0.0298,25.0,0.0
4451,300.29,180.35,0.00385,0.0321,25.0,0.0
4452,300.29,180.99,0.00391,0.0326,25.0,0.0
4453,300.29,184.49,0.00419,0.0349,25.0,0.0
4454,300.29,187.98,0.00441,0.0368,25.0,0.0
4455,300.29,188.7,0.00445,0.0371,25.0,0.0
4456,300.29,191.48,0.0046,0.0383,25.0,0.0
4457,300.29,194.97,0.00474,0.0395,25.0,0.0
4458,300.29,196.18,0.00478,0.0399,25.0,0.0
4459,300.29,198.47,0.00485,0.0405,25.0,0.0
4460,300.29,200.38,0.00491,0.0409,25.0,0.0
4461,300.29,201.96,0.00494,0.0412,25.0,0.0
4462,300.29,205.46,0.00501,0.0417,25.0,0.0
4463,300.29,208.95,0.00506,0.0422,25.0,0.0
4464,300.29,212.45,0.0051,0.0425,25.0,0.0
4465,300.29,212.84,0.0051,0.0425,25.0,0.0
4466,300.29,215.94,0.00512,0.0427,25.0,0.0
4467,300.29,219.44,0.00514,0.0428,25.0,0.0
4468,300.29,222.32,0.00515,0.0429,25.0,0.0
4469,300.29,222.93,0.00515,0.0429,25.0,0.0
4470,300.29,226.43,0.00516,0.043,25.0,0.0
4471,300.29,229.92,0.00516,0.043,25.0,0.0
4472,300.29,231.06,0.00516,0.043,25.0,0.0
4473,300.29,233.42,0.00516,0.043,25.0,0.0
4474,300.29,236.91,0.00515,0.0429,25.0,0.0
4475,300.29,237.44,0.00515,0.0429,25.0,0.0
4476,300.29,327.73,0.0027,0.0225,26.0,0.0
4477,300.29,450.11,0.00204,0.017,26.0,0.0
4478,300.29,515.03,0.00194,0.0161,27.0,0.0
4479,300.29,588.03,0.00181,0.0151,27.0,0.0
4480,300.29,586.41,0.00182,0.0151,27.0,0.0
4481,300.29,585.58,0.00182,0.0151,27.0,0.0
4482,300.29,583.12,0.00182,0.0152,27.0,0.0
4483,300.29,582.92,0.00182,0.0152,27.0,0.0
4484,300.29,580.67,0.00183,0.0152,27.0,0.0
4485,300.29,579.42,0.00183,0.0152,27.0,0.0
4486,300.29,578.21,0.00183,0.0153,27.0,0.0
4487,300.29,575.93,0.00183,0.0153,27.0,0.0
4488,300.29,575.76,0.00184,0.0153,27.0,0.0
4489,300.29,573.33,0.00184,0.0153,27.0,0.0
4490,300.29,572.43,0.00184,0.0153,27.0,0.0
4491,300.29,571.02,0.00184,0.0154,27.0,0.0
4492,300.29,568.94,0.00185,0.0154,27.0,0.0
4493,300.29,568.87,0.00185,0.0154,27.0,0.0
4494,300.29,567.35,0.00185,0.0154,27.0,0.0
4495,300.29,565.86,0.00185,0.0154,27.0,0.0
4496,300.29,565.44,0.00185,0.0154,27.0,0.0
4497,300.29,564.37,0.00186,0.0155,27.0,0.0
4498,300.29,562.88,0.00186,0.0155,27.0,0.0
4499,300.29,561.95,0.00186,0.0155,27.0,0.0
4500,300.29,558.45,0.00187,0.0155,27.0,0.0
4501,300.29,557.76,0.00187,0.0156,27.0,0.0
4502,300.29,554.96,0.00187,0.0156,27.0,0.0
4503,300.29,551.46,0.00188,0.0156,27.0,0.0
4504,300.29,549.1,0.00188,0.0157,27.0,0.0
4505,300.29,547.97,0.00188,0.0157,27.0,0.0
4506,300.29,544.47,0.00189,0.0157,27.0,0.0
4507,300.29,540.98,0.0019,0.0158,27.0,0.0
4508,300.29,537.48,0.0019,0.0158,27.0,0.0
4509,300.29,533.99,0.00191,0.0159,27.0,0.0
4510,300.29,531.44,0.00191,0.0159,27.0,0.0
4511,300.29,530.49,0.00191,0.0159,27.0,0.0
4512,300.29,527.0,0.00192,0.016,27.0,0.0
4513,300.29,523.5,0.00192,0.016,27.0,0.0
4514,300.29,453.6,0.00203,0.017,26.0,0.0
4515,300.29,451.25,0.00204,0.017,26.0,0.0
4516,300.29,450.11,0.00204,0.017,26.0,0.0
4517,300.29,446.61,0.00205,0.017,26.0,0.0
4518,300.29,443.12,0.00205,0.0171,26.0,0.0
4519,300.29,299.82,0.00382,0.0318,25.0,0.0
4520,300.29,264.87,0.00506,0.0422,25.0,0.0
4521,300.29,121.58,0.00378,0.0315,25.0,0.0
4522,300.29,2.7475,22.2,1.0,12.0,0.0
4523,311.01,72.91,0.0626,0.522,21.0,0.0
4524,311.01,76.142,0.0551,0.459,21.0,0.0
4525,311.01,77.744,0.0516,0.43,22.0,0.0
4526,311.01,79.637,0.0478,0.399,22.0,0.0
4527,311.01,81.93,0.0436,0.363,22.0,0.0
4528,311.01,83.132,0.0415,0.346,22.0,0.0
4529,311.01,86.627,0.0359,0.299,22.0,0.0
4530,311.01,90.122,0.031,0.258,22.0,0.0
4531,311.01,92.493,0.028,0.233,22.0,0.0
4532,311.01,93.617,0.0266,0.222,22.0,0.0
4533,311.01,97.112,0.0228,0.19,23.0,0.0
4534,311.01,98.772,0.0211,0.176,23.0,0.0
4535,311.01,100.61,0.0193,0.161,23.0,0.0
4536,311.01,102.06,0.018,0.15,23.0,0.0
4537,311.01,104.1,0.0163,0.136,23.0,0.0
4538,311.01,105.06,0.0155,0.13,23.0,0.0
4539,311.01,107.6,0.0136,0.114,23.0,0.0
4540,311.01,108.95,0.0127,0.106,23.0,0.0
4541,311.01,111.09,0.0113,0.0938,23.0,0.0
4542,311.01,112.83,0.0102,0.0849,24.0,0.0
4543,311.01,114.59,0.00917,0.0764,24.0,0.0
4544,311.01,116.75,0.00801,0.0667,24.0,0.0
4545,311.01,118.08,0.00734,0.0612,24.0,0.0
4546,311.01,121.58,0.00574,0.0479,24.0,0.0
4547,311.01,124.97,0.00439,0.0366,25.0,0.0
4548,311.01,125.07,0.00435,0.0362,25.0,0.0
4549,311.01,128.57,0.00315,0.0262,25.0,0.0
4550,311.01,132.06,0.00213,0.0178,26.0,0.0
4551,311.01,133.19,0.00184,0.0154,26.0,0.0
4552,311.01,135.56,0.00131,0.0109,26.0,0.0
4553,311.01,139.05,0.000716,0.00596,27.0,0.0
4554,311.01,142.55,0.000346,0.00288,28.0,0.0
4555,311.01,144.15,0.000241,0.00201,28.0,0.0
4556,311.01,146.04,0.000155,0.00129,28.0,0.0
4557,311.01,149.54,7.2e-05,0.000601,29.0,0.0
4558,311.01,149.89,6.8e-05,0.000562,29.0,0.0
4559,311.01,153.03,4.8e-05,0.000397,29.0,0.0
4560,311.01,153.87,5e-05,0.000419,29.0,0.0
4561,311.01,156.53,0.00012,0.001,28.0,0.0
4562,311.01,160.02,0.000389,0.00324,27.0,0.0
4563,311.01,161.99,0.000602,0.00501,27.0,0.0
4564,311.01,163.52,0.000792,0.0066,26.0,0.0
4565,311.01,167.01,0.0013,0.0108,26.0,0.0
4566,311.01,170.51,0.00186,0.0155,26.0,0.0
4567,311.01,171.17,0.00196,0.0163,26.0,0.0
4568,311.01,174.0,0.00235,0.0196,25.0,0.0
4569,311.01,177.5,0.00284,0.0237,25.0,0.0
4570,311.01,180.35,0.00321,0.0268,25.0,0.0
4571,311.01,180.99,0.00329,0.0274,25.0,0.0
4572,311.01,184.49,0.0037,0.0308,25.0,0.0
4573,311.01,187.98,0.00405,0.0337,25.0,0.0
4574,311.01,188.7,0.00411,0.0343,25.0,0.0
4575,311.01,191.48,0.00435,0.0362,25.0,0.0
4576,311.01,194.97,0.0046,0.0384,25.0,0.0
4577,311.01,196.18,0.00468,0.039,25.0,0.0
4578,311.01,198.47,0.00481,0.0401,25.0,0.0
4579,311.01,200.38,0.00491,0.0409,25.0,0.0
4580,311.01,201.96,0.00499,0.0416,25.0,0.0
4581,311.01,205.46,0.00513,0.0428,25.0,0.0
4582,311.01,208.95,0.00525,0.0437,25.0,0.0
4583,311.01,212.45,0.00534,0.0445,25.0,0.0
4584,311.01,212.84,0.00535,0.0446,25.0,0.0
4585,311.01,215.94,0.00542,0.0452,25.0,0.0
4586,311.01,219.44,0.00548,0.0457,25.0,0.0
4587,311.01,222.32,0.00552,0.046,25.0,0.0
4588,311.01,222.93,0.00553,0.0461,25.0,0.0
4589,311.01,226.43,0.00557,0.0464,25.0,0.0
4590,311.01,229.92,0.0056,0.0467,25.0,0.0
4591,311.01,231.06,0.00561,0.0467,25.0,0.0
4592,311.01,233.42,0.00562,0.0468,25.0,0.0
4593,311.01,236.91,0.00564,0.047,25.0,0.0
4594,311.01,237.44,0.00564,0.047,25.0,0.0
4595,311.01,327.73,0.00328,0.0273,26.0,0.0
4596,311.01,450.11,0.00227,0.0189,26.0,0.0
4597,311.01,515.03,0.00216,0.018,26.0,0.0
4598,311.01,588.03,0.00203,0.0169,27.0,0.0
4599,311.01,586.41,0.00203,0.0169,27.0,0.0
4600,311.01,585.58,0.00203,0.0169,27.0,0.0
4601,311.01,583.12,0.00204,0.017,27.0,0.0
4602,311.01,582.92,0.00204,0.017,27.0,0.0
4603,311.01,580.67,0.00204,0.017,27.0,0.0
4604,311.01,579.42,0.00204,0.017,27.0,0.0
4605,311.01,578.21,0.00204,0.017,27.0,0.0
4606,311.01,575.93,0.00205,0.0171,27.0,0.0
4607,311.01,575.76,0.00205,0.0171,27.0,0.0
4608,311.01,573.33,0.00205,0.0171,27.0,0.0
4609,311.01,572.43,0.00206,0.0171,27.0,0.0
4610,311.01,571.02,0.00206,0.0171,27.0,0.0
4611,311.01,568.94,0.00206,0.0172,27.0,0.0
4612,311.01,568.87,0.00206,0.0172,27.0,0.0
4613,311.01,567.35,0.00206,0.0172,27.0,0.0
4614,311.01,565.86,0.00207,0.0172,27.0,0.0
4615,311.01,565.44,0.00207,0.0172,27.0,0.0
4616,311.01,564.37,0.00207,0.0172,27.0,0.0
4617,311.01,562.88,0.00207,0.0173,27.0,0.0
4618,311.01,561.95,0.00207,0.0173,27.0,0.0
4619,311.01,558.45,0.00208,0.0173,27.0,0.0
4620,311.01,557.76,0.00208,0.0173,27.0,0.0
4621,311.01,554.96,0.00209,0.0174,27.0,0.0
4622,311.01,551.46,0.00209,0.0174,27.0,0.0
4623,311.01,549.1,0.0021,0.0175,26.0,0.0
4624,311.01,547.97,0.0021,0.0175,26.0,0.0
4625,311.01,544.47,0.00211,0.0175,26.0,0.0
4626,311.01,540.98,0.00211,0.0176,26.0,0.0
4627,311.01,537.48,0.00212,0.0176,26.0,0.0
4628,311.01,533.99,0.00212,0.0177,26.0,0.0
4629,311.01,531.44,0.00213,0.0177,26.0,0.0
4630,311.01,530.49,0.00213,0.0178,26.0,0.0
4631,311.01,527.0,0.00214,0.0178,26.0,0.0
4632,311.01,523.5,0.00214,0.0178,26.0,0.0
4633,311.01,453.6,0.00226,0.0188,26.0,0.0
4634,311.01,451.25,0.00226,0.0189,26.0,0.0
4635,311.01,450.11,0.00227,0.0189,26.0,0.0
4636,311.01,446.61,0.00227,0.0189,26.0,0.0
4637,311.01,443.12,0.00228,0.019,26.0,0.0
4638,311.01,299.82,0.00521,0.0434,25.0,0.0
4639,311.01,264.87,0.00565,0.0471,25.0,0.0
4640,311.01,121.58,0.00574,0.0479,24.0,0.0
4641,311.01,2.7475,25.2,1.0,12.0,0.0
4642,316.02,72.91,0.0676,0.563,21.0,0.0
4643,316.02,76.142,0.0595,0.496,21.0,0.0
4644,316.02,77.744,0.0559,0.466,21.0,0.0
4645,316.02,79.637,0.0519,0.432,22.0,0.0
4646,316.02,81.93,0.0474,0.395,22.0,0.0
4647,316.02,83.132,0.0451,0.376,22.0,0.0
4648,316.02,86.627,0.0392,0.327,22.0,0.0
4649,316.02,90.122,0.0339,0.283,22.0,0.0
4650,316.02,92.493,0.0307,0.256,22.0,0.0
4651,316.02,93.617,0.0293,0.244,22.0,0.0
4652,316.02,97.112,0.0252,0.21,23.0,0.0
4653,316.02,98.772,0.0234,0.195,23.0,0.0
4654,316.02,100.61,0.0215,0.179,23.0,0.0
4655,316.02,102.06,0.0201,0.167,23.0,0.0
4656,316.02,104.1,0.0182,0.152,23.0,0.0
4657,316.02,105.06,0.0174,0.145,23.0,0.0
4658,316.02,107.6,0.0153,0.128,23.0,0.0
4659,316.02,108.95,0.0143,0.119,23.0,0.0
4660,316.02,111.09,0.0128,0.107,23.0,0.0
4661,316.02,112.83,0.0116,0.097,23.0,0.0
4662,316.02,114.59,0.0105,0.0878,24.0,0.0
4663,316.02,116.75,0.00928,0.0773,24.0,0.0
4664,316.02,118.08,0.00854,0.0712,24.0,0.0
4665,316.02,121.58,0.0068,0.0566,24.0,0.0
4666,316.02,124.97,0.00532,0.0443,24.0,0.0
4667,316.02,125.07,0.00527,0.044,24.0,0.0
4668,316.02,128.57,0.00394,0.0328,25.0,0.0
4669,316.02,132.06,0.0028,0.0234,25.0,0.0
4670,316.02,133.19,0.00247,0.0206,25.0,0.0
4671,316.02,135.56,0.00185,0.0154,26.0,0.0
4672,316.02,139.05,0.0011,0.00914,26.0,0.0
4673,316.02,142.55,0.000577,0.00481,27.0,0.0
4674,316.02,144.15,0.000414,0.00345,27.0,0.0
4675,316.02,146.04,0.000273,0.00228,28.0,0.0
4676,316.02,149.54,0.000123,0.00103,29.0,0.0
4677,316.02,149.89,0.000114,0.000952,29.0,0.0
4678,316.02,153.03,6.2e-05,0.000512,29.0,0.0
4679,316.02,153.87,5.5e-05,0.000455,29.0,0.0
4680,316.02,156.53,5.3e-05,0.000443,29.0,0.0
4681,316.02,160.02,0.000182,0.00152,28.0,0.0
4682,316.02,161.99,0.000342,0.00285,27.0,0.0
4683,316.02,163.52,0.000497,0.00414,27.0,0.0
4684,316.02,167.01,0.000932,0.00777,26.0,0.0
4685,316.02,170.51,0.00145,0.0121,26.0,0.0
4686,316.02,171.17,0.00155,0.0129,26.0,0.0
4687,316.02,174.0,0.00195,0.0163,26.0,0.0
4688,316.02,177.5,0.00247,0.0206,25.0,0.0
4689,316.02,180.35,0.00287,0.0239,25.0,0.0
4690,316.02,180.99,0.00296,0.0246,25.0,0.0
4691,316.02,184.49,0.00341,0.0284,25.0,0.0
4692,316.02,187.98,0.00381,0.0318,25.0,0.0
4693,316.02,188.7,0.00389,0.0324,25.0,0.0
4694,316.02,191.48,0.00416,0.0347,25.0,0.0
4695,316.02,194.97,0.00447,0.0373,25.0,0.0
4696,316.02,196.18,0.00457,0.038,25.0,0.0
4697,316.02,198.47,0.00473,0.0394,25.0,0.0
4698,316.02,200.38,0.00486,0.0405,25.0,0.0
4699,316.02,201.96,0.00495,0.0413,25.0,0.0
4700,316.02,205.46,0.00514,0.0428,25.0,0.0
4701,316.02,208.95,0.00529,0.0441,25.0,0.0
4702,316.02,212.45,0.00542,0.0451,25.0,0.0
4703,316.02,212.84,0.00543,0.0453,25.0,0.0
4704,316.02,215.94,0.00552,0.046,25.0,0.0
4705,316.02,219.44,0.00561,0.0467,25.0,0.0
4706,316.02,222.32,0.00567,0.0472,25.0,0.0
4707,316.02,222.93,0.00568,0.0473,25.0,0.0
4708,316.02,226.43,0.00574,0.0478,25.0,0.0
4709,316.02,229.92,0.00579,0.0482,25.0,0.0
4710,316.02,231.06,0.0058,0.0483,25.0,0.0
4711,316.02,233.42,0.00582,0.0485,25.0,0.0
4712,316.02,236.91,0.00585,0.0488,25.0,0.0
4713,316.02,237.44,0.00586,0.0488,25.0,0.0
4714,316.02,327.73,0.00364,0.0304,25.0,0.0
4715,316.02,450.11,0.00238,0.0198,26.0,0.0
4716,316.02,515.03,0.00226,0.0189,26.0,0.0
4717,316.02,588.03,0.00213,0.0177,27.0,0.0
4718,316.02,586.41,0.00213,0.0178,27.0,0.0
4719,316.02,585.58,0.00213,0.0178,27.0,0.0
4720,316.02,583.12,0.00214,0.0178,27.0,0.0
4721,316.02,582.92,0.00214,0.0178,27.0,0.0
4722,316.02,580.67,0.00214,0.0179,27.0,0.0
4723,316.02,579.42,0.00215,0.0179,27.0,0.0
4724,316.02,578.21,0.00215,0.0179,27.0,0.0
4725,316.02,575.93,0.00215,0.0179,27.0,0.0
4726,316.02,575.76,0.00215,0.0179,27.0,0.0
4727,316.02,573.33,0.00216,0.018,27.0,0.0
4728,316.02,572.43,0.00216,0.018,27.0,0.0
4729,316.02,571.02,0.00216,0.018,27.0,0.0
4730,316.02,568.94,0.00217,0.018,27.0,0.0
4731,316.02,568.87,0.00217,0.018,27.0,0.0
4732,316.02,567.35,0.00217,0.0181,26.0,0.0
4733,316.02,565.86,0.00217,0.0181,26.0,0.0
4734,316.02,565.44,0.00217,0.0181,26.0,0.0
4735,316.02,564.37,0.00217,0.0181,26.0,0.0
4736,316.02,562.88,0.00218,0.0181,26.0,0.0
4737,316.02,561.95,0.00218,0.0182,26.0,0.0
4738,316.02,558.45,0.00219,0.0182,26.0,0.0
4739,316.02,557.76,0.00219,0.0182,26.0,0.0
4740,316.02,554.96,0.00219,0.0183,26.0,0.0
4741,316.02,551.46,0.0022,0.0183,26.0,0.0
4742,316.02,549.1,0.0022,0.0184,26.0,0.0
4743,316.02,547.97,0.0022,0.0184,26.0,0.0
4744,316.02,544.47,0.00221,0.0184,26.0,0.0
4745,316.02,540.98,0.00222,0.0185,26.0,0.0
4746,316.02,537.48,0.00222,0.0185,26.0,0.0
4747,316.02,533.99,0.00223,0.0186,26.0,0.0
4748,316.02,531.44,0.00223,0.0186,26.0,0.0
4749,316.02,530.49,0.00224,0.0186,26.0,0.0
4750,316.02,527.0,0.00224,0.0187,26.0,0.0
4751,316.02,523.5,0.00225,0.0187,26.0,0.0
4752,316.02,453.6,0.00237,0.0198,26.0,0.0
4753,316.02,451.25,0.00238,0.0198,26.0,0.0
4754,316.02,450.11,0.00238,0.0198,26.0,0.0
4755,316.02,446.61,0.00239,0.0199,26.0,0.0
4756,316.02,443.12,0.00239,0.0199,26.0,0.0
4757,316.02,299.82,0.0057,0.0475,25.0,0.0
4758,316.02,264.87,0.00593,0.0494,25.0,0.0
4759,316.02,121.58,0.0068,0.0566,24.0,0.0
4760,316.02,2.7475,26.7,1.0,12.0,0.0
4761,320.31,72.91,0.072,0.6,21.0,0.0
4762,320.31,76.142,0.0636,0.53,21.0,0.0
4763,320.31,77.744,0.0597,0.498,21.0,0.0
4764,320.31,79.637,0.0555,0.463,21.0,0.0
4765,320.31,81.93,0.0507,0.423,22.0,0.0
4766,320.31,83.132,0.0484,0.403,22.0,0.0
4767,320.31,86.627,0.0421,0.351,22.0,0.0
4768,320.31,90.122,0.0366,0.305,22.0,0.0
4769,320.31,92.493,0.0332,0.277,22.0,0.0
4770,320.31,93.617,0.0317,0.264,22.0,0.0
4771,320.31,97.112,0.0273,0.228,22.0,0.0
4772,320.31,98.772,0.0254,0.212,23.0,0.0
4773,320.31,100.61,0.0234,0.195,23.0,0.0
4774,320.31,102.06,0.022,0.183,23.0,0.0
4775,320.31,104.1,0.02,0.167,23.0,0.0
4776,320.31,105.06,0.0191,0.159,23.0,0.0
4777,320.31,107.6,0.0169,0.141,23.0,0.0
4778,320.31,108.95,0.0158,0.132,23.0,0.0
4779,320.31,111.09,0.0142,0.118,23.0,0.0
4780,320.31,112.83,0.013,0.108,23.0,0.0
4781,320.31,114.59,0.0118,0.0982,23.0,0.0
4782,320.31,116.75,0.0104,0.087,24.0,0.0
4783,320.31,118.08,0.00966,0.0805,24.0,0.0
4784,320.31,121.58,0.00777,0.0648,24.0,0.0
4785,320.31,124.97,0.00618,0.0515,24.0,0.0
4786,320.31,125.07,0.00613,0.0511,24.0,0.0
4787,320.31,128.57,0.00469,0.0391,25.0,0.0
4788,320.31,132.06,0.00344,0.0287,25.0,0.0
4789,320.31,133.19,0.00308,0.0257,25.0,0.0
4790,320.31,135.56,0.00238,0.0198,25.0,0.0
4791,320.31,139.05,0.00151,0.0126,26.0,0.0
4792,320.31,142.55,0.000852,0.0071,27.0,0.0
4793,320.31,144.15,0.000632,0.00527,27.0,0.0
4794,320.31,146.04,0.000431,0.00359,27.0,0.0
4795,320.31,149.54,0.0002,0.00166,28.0,0.0
4796,320.31,149.89,0.000184,0.00154,28.0,0.0
4797,320.31,153.03,9.3e-05,0.000772,29.0,0.0
4798,320.31,153.87,7.8e-05,0.000652,29.0,0.0
4799,320.31,156.53,5.3e-05,0.00044,29.0,0.0
4800,320.31,160.02,7.8e-05,0.000653,29.0,0.0
4801,320.31,161.99,0.000174,0.00145,28.0,0.0
4802,320.31,163.52,0.000291,0.00242,27.0,0.0
4803,320.31,167.01,0.000657,0.00547,27.0,0.0
4804,320.31,170.51,0.00113,0.00938,26.0,0.0
4805,320.31,171.17,0.00122,0.0102,26.0,0.0
4806,320.31,174.0,0.00162,0.0135,26.0,0.0
4807,320.31,177.5,0.00214,0.0178,25.0,0.0
4808,320.31,180.35,0.00256,0.0213,25.0,0.0
4809,320.31,180.99,0.00265,0.0221,25.0,0.0
4810,320.31,184.49,0.00313,0.0261,25.0,0.0
4811,320.31,187.98,0.00358,0.0298,25.0,0.0
4812,320.31,188.7,0.00366,0.0305,25.0,0.0
4813,320.31,191.48,0.00397,0.0331,25.0,0.0
4814,320.31,194.97,0.00432,0.036,25.0,0.0
4815,320.31,196.18,0.00443,0.0369,25.0,0.0
4816,320.31,198.47,0.00463,0.0386,25.0,0.0
4817,320.31,200.38,0.00477,0.0398,25.0,0.0
4818,320.31,201.96,0.00489,0.0407,25.0,0.0
4819,320.31,205.46,0.00511,0.0426,25.0,0.0
4820,320.31,208.95,0.0053,0.0441,25.0,0.0
4821,320.31,212.45,0.00546,0.0455,25.0,0.0
4822,320.31,212.84,0.00547,0.0456,25.0,0.0
4823,320.31,215.94,0.00559,0.0466,25.0,0.0
4824,320.31,219.44,0.0057,0.0475,25.0,0.0
4825,320.31,222.32,0.00578,0.0481,25.0,0.0
4826,320.31,222.93,0.00579,0.0483,25.0,0.0
4827,320.31,226.43,0.00587,0.0489,25.0,0.0
4828,320.31,229.92,0.00593,0.0494,25.0,0.0
4829,320.31,231.06,0.00595,0.0496,25.0,0.0
4830,320.31,233.42,0.00598,0.0499,25.0,0.0
4831,320.31,236.91,0.00603,0.0502,25.0,0.0
4832,320.31,237.44,0.00603,0.0503,25.0,0.0
4833,320.31,327.73,0.00402,0.0335,25.0,0.0
4834,320.31,450.11,0.00248,0.0206,26.0,0.0
4835,320.31,515.03,0.00236,0.0196,26.0,0.0
4836,320.31,588.03,0.00222,0.0185,27.0,0.0
4837,320.31,586.41,0.00222,0.0185,27.0,0.0
4838,320.31,585.58,0.00222,0.0185,27.0,0.0
4839,320.31,583.12,0.00223,0.0186,26.0,0.0
4840,320.31,582.92,0.00223,0.0186,26.0,0.0
4841,320.31,580.67,0.00224,0.0186,26.0,0.0
4842,320.31,579.42,0.00224,0.0186,26.0,0.0
4843,320.31,578.21,0.00224,0.0187,26.0,0.0
4844,320.31,575.93,0.00224,0.0187,26.0,0.0
4845,320.31,575.76,0.00224,0.0187,26.0,0.0
4846,320.31,573.33,0.00225,0.0187,26.0,0.0
4847,320.31,572.43,0.00225,0.0188,26.0,0.0
4848,320.31,571.02,0.00225,0.0188,26.0,0.0
4849,320.31,568.94,0.00226,0.0188,26.0,0.0
4850,320.31,568.87,0.00226,0.0188,26.0,0.0
4851,320.31,567.35,0.00226,0.0188,26.0,0.0
4852,320.31,565.86,0.00226,0.0189,26.0,0.0
4853,320.31,565.44,0.00226,0.0189,26.0,0.0
4854,320.31,564.37,0.00227,0.0189,26.0,0.0
4855,320.31,562.88,0.00227,0.0189,26.0,0.0
4856,320.31,561.95,0.00227,0.0189,26.0,0.0
4857,320.31,558.45,0.00228,0.019,26.0,0.0
4858,320.31,557.76,0.00228,0.019,26.0,0.0
4859,320.31,554.96,0.00228,0.019,26.0,0.0
4860,320.31,551.46,0.00229,0.0191,26.0,0.0
4861,320.31,549.1,0.00229,0.0191,26.0,0.0
4862,320.31,547.97,0.0023,0.0191,26.0,0.0
4863,320.31,544.47,0.0023,0.0192,26.0,0.0
4864,320.31,540.98,0.00231,0.0192,26.0,0.0
4865,320.31,537.48,0.00232,0.0193,26.0,0.0
4866,320.31,533.99,0.00232,0.0193,26.0,0.0
4867,320.31,531.44,0.00233,0.0194,26.0,0.0
4868,320.31,530.49,0.00233,0.0194,26.0,0.0
4869,320.31,527.0,0.00233,0.0195,26.0,0.0
4870,320.31,523.5,0.00234,0.0195,26.0,0.0
4871,320.31,453.6,0.00247,0.0206,26.0,0.0
4872,320.31,451.25,0.00247,0.0206,26.0,0.0
4873,320.31,450.11,0.00248,0.0206,26.0,0.0
4874,320.31,446.61,0.00249,0.0207,26.0,0.0
4875,320.31,443.12,0.00249,0.0208,26.0,0.0
4876,320.31,299.82,0.00605,0.0504,25.0,0.0
4877,320.31,264.87,0.00617,0.0514,25.0,0.0
4878,320.31,121.58,0.00777,0.0648,24.0,0.0
4879,320.31,2.7475,28.0,1.0,12.0,0.0
4880,323.64,72.91,0.0756,0.63,21.0,0.0
4881,323.64,76.142,0.0668,0.557,21.0,0.0
4882,323.64,77.744,0.0628,0.524,21.0,0.0
4883,323.64,79.637,0.0584,0.487,21.0,0.0
4884,323.64,81.93,0.0535,0.446,22.0,0.0
4885,323.64,83.132,0.051,0.425,22.0,0.0
4886,323.64,86.627,0.0445,0.371,22.0,0.0
4887,323.64,90.122,0.0388,0.323,22.0,0.0
4888,323.64,92.493,0.0352,0.293,22.0,0.0
4889,323.64,93.617,0.0336,0.28,22.0,0.0
4890,323.64,97.112,0.0291,0.242,22.0,0.0
4891,323.64,98.772,0.0271,0.226,22.0,0.0
4892,323.64,100.61,0.025,0.208,23.0,0.0
4893,323.64,102.06,0.0235,0.196,23.0,0.0
4894,323.64,104.1,0.0214,0.178,23.0,0.0
4895,323.64,105.06,0.0205,0.171,23.0,0.0
4896,323.64,107.6,0.0182,0.152,23.0,0.0
4897,323.64,108.95,0.0171,0.142,23.0,0.0
4898,323.64,111.09,0.0154,0.128,23.0,0.0
4899,323.64,112.83,0.0141,0.117,23.0,0.0
4900,323.64,114.59,0.0128,0.107,23.0,0.0
4901,323.64,116.75,0.0114,0.0949,24.0,0.0
4902,323.64,118.08,0.0106,0.0881,24.0,0.0
4903,323.64,121.58,0.00858,0.0715,24.0,0.0
4904,323.64,124.97,0.00689,0.0574,24.0,0.0
4905,323.64,125.07,0.00684,0.057,24.0,0.0
4906,323.64,128.57,0.00531,0.0443,24.0,0.0
4907,323.64,132.06,0.00398,0.0332,25.0,0.0
4908,323.64,133.19,0.00359,0.0299,25.0,0.0
4909,323.64,135.56,0.00283,0.0236,25.0,0.0
4910,323.64,139.05,0.00187,0.0156,26.0,0.0
4911,323.64,142.55,0.00112,0.00933,26.0,0.0
4912,323.64,144.15,0.000851,0.00709,27.0,0.0
4913,323.64,146.04,0.000597,0.00497,27.0,0.0
4914,323.64,149.54,0.000287,0.00239,28.0,0.0
4915,323.64,149.89,0.000266,0.00222,28.0,0.0
4916,323.64,153.03,0.000132,0.0011,29.0,0.0
4917,323.64,153.87,0.00011,0.00092,29.0,0.0
4918,323.64,156.53,6.6e-05,0.000552,29.0,0.0
4919,323.64,160.02,5.4e-05,0.000447,29.0,0.0
4920,323.64,161.99,9e-05,0.000749,28.0,0.0
4921,323.64,163.52,0.000167,0.00139,28.0,0.0
4922,323.64,167.01,0.000471,0.00392,27.0,0.0
4923,323.64,170.51,0.000894,0.00745,26.0,0.0
4924,323.64,171.17,0.000982,0.00818,26.0,0.0
4925,323.64,174.0,0.00137,0.0114,26.0,0.0
4926,323.64,177.5,0.00189,0.0157,26.0,0.0
4927,323.64,180.35,0.00231,0.0192,25.0,0.0
4928,323.64,180.99,0.0024,0.02,25.0,0.0
4929,323.64,184.49,0.00291,0.0242,25.0,0.0
4930,323.64,187.98,0.00338,0.0281,25.0,0.0
4931,323.64,188.7,0.00347,0.0289,25.0,0.0
4932,323.64,191.48,0.0038,0.0317,25.0,0.0
4933,323.64,194.97,0.00419,0.0349,25.0,0.0
4934,323.64,196.18,0.00431,0.0359,25.0,0.0
4935,323.64,198.47,0.00452,0.0377,25.0,0.0
4936,323.64,200.38,0.00469,0.0391,25.0,0.0
4937,323.64,201.96,0.00482,0.0401,25.0,0.0
4938,323.64,205.46,0.00507,0.0422,25.0,0.0
4939,323.64,208.95,0.00528,0.044,25.0,0.0
4940,323.64,212.45,0.00547,0.0456,25.0,0.0
4941,323.64,212.84,0.00549,0.0457,25.0,0.0
4942,323.64,215.94,0.00562,0.0469,25.0,0.0
4943,323.64,219.44,0.00575,0.048,25.0,0.0
4944,323.64,222.32,0.00585,0.0487,25.0,0.0
4945,323.64,222.93,0.00587,0.0489,25.0,0.0
4946,323.64,226.43,0.00596,0.0497,25.0,0.0
4947,323.64,229.92,0.00604,0.0503,24.0,0.0
4948,323.64,231.06,0.00606,0.0505,24.0,0.0
4949,323.64,233.42,0.0061,0.0509,24.0,0.0
4950,323.64,236.91,0.00616,0.0513,24.0,0.0
4951,323.64,237.44,0.00617,0.0514,24.0,0.0
4952,323.64,327.73,0.00437,0.0364,25.0,0.0
4953,323.64,450.11,0.00256,0.0213,26.0,0.0
4954,323.64,515.03,0.00243,0.0202,26.0,0.0
4955,323.64,588.03,0.00229,0.0191,26.0,0.0
4956,323.64,586.41,0.0023,0.0191,26.0,0.0
4957,323.64,585.58,0.0023,0.0191,26.0,0.0
4958,323.64,583.12,0.0023,0.0192,26.0,0.0
4959,323.64,582.92,0.0023,0.0192,26.0,0.0
4960,323.64,580.67,0.00231,0.0192,26.0,0.0
4961,323.64,579.42,0.00231,0.0192,26.0,0.0
4962,323.64,578.21,0.00231,0.0193,26.0,0.0
4963,323.64,575.93,0.00232,0.0193,26.0,0.0
4964,323.64,575.76,0.00232,0.0193,26.0,0.0
4965,323.64,573.33,0.00232,0.0193,26.0,0.0
4966,323.64,572.43,0.00232,0.0194,26.0,0.0
4967,323.64,571.02,0.00233,0.0194,26.0,0.0
4968,323.64,568.94,0.00233,0.0194,26.0,0.0
4969,323.64,568.87,0.00233,0.0194,26.0,0.0
4970,323.64,567.35,0.00233,0.0194,26.0,0.0
4971,323.64,565.86,0.00234,0.0195,26.0,0.0
4972,323.64,565.44,0.00234,0.0195,26.0,0.0
4973,323.64,564.37,0.00234,0.0195,26.0,0.0
4974,323.64,562.88,0.00234,0.0195,26.0,0.0
4975,323.64,561.95,0.00234,0.0195,26.0,0.0
4976,323.64,558.45,0.00235,0.0196,26.0,0.0
4977,323.64,557.76,0.00235,0.0196,26.0,0.0
4978,323.64,554.96,0.00236,0.0196,26.0,0.0
4979,323.64,551.46,0.00236,0.0197,26.0,0.0
4980,323.64,549.1,0.00237,0.0197,26.0,0.0
4981,323.64,547.97,0.00237,0.0197,26.0,0.0
4982,323.64,544.47,0.00238,0.0198,26.0,0.0
4983,323.64,540.98,0.00238,0.0199,26.0,0.0
4984,323.64,537.48,0.00239,0.0199,26.0,0.0
4985,323.64,533.99,0.00239,0.02,26.0,0.0
4986,323.64,531.44,0.0024,0.02,26.0,0.0
4987,323.64,530.49,0.0024,0.02,26.0,0.0
4988,323.64,527.0,0.00241,0.0201,26.0,0.0
4989,323.64,523.5,0.00241,0.0201,26.0,0.0
4990,323.64,453.6,0.00255,0.0212,26.0,0.0
4991,323.64,451.25,0.00255,0.0213,26.0,0.0
4992,323.64,450.11,0.00256,0.0213,26.0,0.0
4993,323.64,446.61,0.00256,0.0214,26.0,0.0
4994,323.64,443.12,0.00257,0.0214,26.0,0.0
4995,323.64,299.82,0.00631,0.0526,25.0,0.0
4996,323.64,264.87,0.00636,0.053,25.0,0.0
4997,323.64,121.58,0.00858,0.0715,24.0,0.0
4998,323.64,2.7475,29.0,1.0,12.0,0.0
4999,331.27,72.91,0.0842,0.702,21.0,0.0
5000,331.27,76.142,0.0747,0.622,21.0,0.0
5001,331.27,77.744,0.0703,0.586,21.0,0.0
5002,331.27,79.637,0.0655,0.546,21.0,0.0
5003,331.27,81.93,0.0601,0.501,21.0,0.0
5004,331.27,83.132,0.0574,0.479,21.0,0.0
5005,331.27,86.627,0.0503,0.419,22.0,0.0
5006,331.27,90.122,0.044,0.367,22.0,0.0
5007,331.27,92.493,0.0401,0.334,22.0,0.0
5008,331.27,93.617,0.0384,0.32,22.0,0.0
5009,331.27,97.112,0.0334,0.278,22.0,0.0
5010,331.27,98.772,0.0312,0.26,22.0,0.0
5011,331.27,100.61,0.0289,0.241,22.0,0.0
5012,331.27,102.06,0.0272,0.227,22.0,0.0
5013,331.27,104.1,0.0249,0.208,23.0,0.0
5014,331.27,105.06,0.0239,0.199,23.0,0.0
5015,331.27,107.6,0.0214,0.178,23.0,0.0
5016,331.27,108.95,0.0201,0.167,23.0,0.0
5017,331.27,111.09,0.0182,0.152,23.0,0.0
5018,331.27,112.83,0.0167,0.139,23.0,0.0
5019,331.27,114.59,0.0154,0.128,23.0,0.0
5020,331.27,116.75,0.0138,0.115,23.0,0.0
5021,331.27,118.08,0.0128,0.107,23.0,0.0
5022,331.27,121.58,0.0106,0.0884,24.0,0.0
5023,331.27,124.97,0.00869,0.0724,24.0,0.0
5024,331.27,125.07,0.00863,0.0719,24.0,0.0
5025,331.27,128.57,0.00689,0.0574,24.0,0.0
5026,331.27,132.06,0.00536,0.0447,24.0,0.0
5027,331.27,133.19,0.00491,0.0409,25.0,0.0
5028,331.27,135.56,0.00402,0.0335,25.0,0.0
5029,331.27,139.05,0.00287,0.0239,25.0,0.0
5030,331.27,142.55,0.0019,0.0158,26.0,0.0
5031,331.27,144.15,0.00153,0.0127,26.0,0.0
5032,331.27,146.04,0.00114,0.00954,26.0,0.0
5033,331.27,149.54,0.000616,0.00514,27.0,0.0
5034,331.27,149.89,0.000576,0.0048,27.0,0.0
5035,331.27,153.03,0.000302,0.00252,28.0,0.0
5036,331.27,153.87,0.000252,0.0021,28.0,0.0
5037,331.27,156.53,0.000141,0.00118,29.0,0.0
5038,331.27,160.02,7.2e-05,0.000596,29.0,0.0
5039,331.27,161.99,5.6e-05,0.000465,29.0,0.0
5040,331.27,163.52,5.5e-05,0.000457,29.0,0.0
5041,331.27,167.01,0.000152,0.00126,28.0,0.0
5042,331.27,170.51,0.000444,0.0037,27.0,0.0
5043,331.27,171.17,0.000513,0.00428,27.0,0.0
5044,331.27,174.0,0.000847,0.00706,26.0,0.0
5045,331.27,177.5,0.00132,0.011,26.0,0.0
5046,331.27,180.35,0.00174,0.0145,26.0,0.0
5047,331.27,180.99,0.00183,0.0153,26.0,0.0
5048,331.27,184.49,0.00236,0.0196,25.0,0.0
5049,331.27,187.98,0.00287,0.0239,25.0,0.0
5050,331.27,188.7,0.00297,0.0248,25.0,0.0
5051,331.27,191.48,0.00336,0.028,25.0,0.0
5052,331.27,194.97,0.00381,0.0317,25.0,0.0
5053,331.27,196.18,0.00395,0.0329,25.0,0.0
5054,331.27,198.47,0.00422,0.0351,25.0,0.0
5055,331.27,200.38,0.00442,0.0368,25.0,0.0
5056,331.27,201.96,0.00458,0.0382,25.0,0.0
5057,331.27,205.46,0.0049,0.0409,25.0,0.0
5058,331.27,208.95,0.00519,0.0432,25.0,0.0
5059,331.27,212.45,0.00543,0.0453,25.0,0.0
5060,331.27,212.84,0.00546,0.0455,25.0,0.0
5061,331.27,215.94,0.00565,0.0471,25.0,0.0
5062,331.27,219.44,0.00583,0.0486,25.0,0.0
5063,331.27,222.32,0.00596,0.0497,25.0,0.0
5064,331.27,222.93,0.00599,0.0499,25.0,0.0
5065,331.27,226.43,0.00613,0.0511,24.0,0.0
5066,331.27,229.92,0.00624,0.052,24.0,0.0
5067,331.27,231.06,0.00628,0.0523,24.0,0.0
5068,331.27,233.42,0.00634,0.0529,24.0,0.0
5069,331.27,236.91,0.00643,0.0536,24.0,0.0
5070,331.27,237.44,0.00644,0.0537,24.0,0.0
5071,331.27,327.73,0.0055,0.0458,25.0,0.0
5072,331.27,450.11,0.00274,0.0229,26.0,0.0
5073,331.27,515.03,0.0026,0.0217,26.0,0.0
5074,331.27,588.03,0.00246,0.0205,26.0,0.0
5075,331.27,586.41,0.00247,0.0205,26.0,0.0
5076,331.27,585.58,0.00247,0.0206,26.0,0.0
5077,331.27,583.12,0.00247,0.0206,26.0,0.0
5078,331.27,582.92,0.00247,0.0206,26.0,0.0
5079,331.27,580.67,0.00248,0.0206,26.0,0.0
5080,331.27,579.42,0.00248,0.0207,26.0,0.0
5081,331.27,578.21,0.00248,0.0207,26.0,0.0
5082,331.27,575.93,0.00249,0.0207,26.0,0.0
5083,331.27,575.76,0.00249,0.0207,26.0,0.0
5084,331.27,573.33,0.00249,0.0208,26.0,0.0
5085,331.27,572.43,0.00249,0.0208,26.0,0.0
5086,331.27,571.02,0.0025,0.0208,26.0,0.0
5087,331.27,568.94,0.0025,0.0208,26.0,0.0
5088,331.27,568.87,0.0025,0.0208,26.0,0.0
5089,331.27,567.35,0.0025,0.0209,26.0,0.0
5090,331.27,565.86,0.00251,0.0209,26.0,0.0
5091,331.27,565.44,0.00251,0.0209,26.0,0.0
5092,331.27,564.37,0.00251,0.0209,26.0,0.0
5093,331.27,562.88,0.00251,0.0209,26.0,0.0
5094,331.27,561.95,0.00251,0.0209,26.0,0.0
5095,331.27,558.45,0.00252,0.021,26.0,0.0
5096,331.27,557.76,0.00252,0.021,26.0,0.0
5097,331.27,554.96,0.00253,0.0211,26.0,0.0
5098,331.27,551.46,0.00253,0.0211,26.0,0.0
5099,331.27,549.1,0.00254,0.0212,26.0,0.0
5100,331.27,547.97,0.00254,0.0212,26.0,0.0
5101,331.27,544.47,0.00255,0.0212,26.0,0.0
5102,331.27,540.98,0.00255,0.0213,26.0,0.0
5103,331.27,537.48,0.00256,0.0213,26.0,0.0
5104,331.27,533.99,0.00257,0.0214,26.0,0.0
5105,331.27,531.44,0.00257,0.0214,26.0,0.0
5106,331.27,530.49,0.00257,0.0214,26.0,0.0
5107,331.27,527.0,0.00258,0.0215,26.0,0.0
5108,331.27,523.5,0.00259,0.0216,26.0,0.0
5109,331.27,453.6,0.00273,0.0228,26.0,0.0
5110,331.27,451.25,0.00274,0.0228,26.0,0.0
5111,331.27,450.11,0.00274,0.0229,26.0,0.0
5112,331.27,446.61,0.00275,0.0229,26.0,0.0
5113,331.27,443.12,0.00276,0.023,26.0,0.0
5114,331.27,299.82,0.00685,0.0571,25.0,0.0
5115,331.27,264.87,0.00678,0.0565,24.0,0.0
5116,331.27,121.58,0.0106,0.0884,24.0,0.0
5117,331.27,2.7475,31.6,1.0,11.0,0.0
5118,338.89,72.91,0.0935,0.779,21.0,0.0
5119,338.89,76.142,0.0831,0.692,21.0,0.0
5120,338.89,77.744,0.0783,0.653,21.0,0.0
5121,338.89,79.637,0.0731,0.609,21.0,0.0
5122,338.89,81.93,0.0672,0.56,21.0,0.0
5123,338.89,83.132,0.0643,0.536,21.0,0.0
5124,338.89,86.627,0.0565,0.471,22.0,0.0
5125,338.89,90.122,0.0496,0.414,22.0,0.0
5126,338.89,92.493,0.0454,0.378,22.0,0.0
5127,338.89,93.617,0.0435,0.362,22.0,0.0
5128,338.89,97.112,0.038,0.317,22.0,0.0
5129,338.89,98.772,0.0356,0.297,22.0,0.0
5130,338.89,100.61,0.0331,0.276,22.0,0.0
5131,338.89,102.06,0.0312,0.26,22.0,0.0
5132,338.89,104.1,0.0287,0.239,22.0,0.0
5133,338.89,105.06,0.0276,0.23,22.0,0.0
5134,338.89,107.6,0.0248,0.207,23.0,0.0
5135,338.89,108.95,0.0234,0.195,23.0,0.0
5136,338.89,111.09,0.0213,0.178,23.0,0.0
5137,338.89,112.83,0.0197,0.164,23.0,0.0
5138,338.89,114.59,0.0182,0.151,23.0,0.0
5139,338.89,116.75,0.0164,0.137,23.0,0.0
5140,338.89,118.08,0.0154,0.128,23.0,0.0
5141,338.89,121.58,0.0129,0.107,23.0,0.0
5142,338.89,124.97,0.0107,0.0892,24.0,0.0
5143,338.89,125.07,0.0106,0.0887,24.0,0.0
5144,338.89,128.57,0.00868,0.0723,24.0,0.0
5145,338.89,132.06,0.00694,0.0578,24.0,0.0
5146,338.89,133.19,0.00642,0.0535,24.0,0.0
5147,338.89,135.56,0.0054,0.045,25.0,0.0
5148,338.89,139.05,0.00406,0.0339,25.0,0.0
5149,338.89,142.55,0.0029,0.0242,25.0,0.0
5150,338.89,144.15,0.00243,0.0203,26.0,0.0
5151,338.89,146.04,0.00193,0.0161,26.0,0.0
5152,338.89,149.54,0.00117,0.00973,26.0,0.0
5153,338.89,149.89,0.0011,0.0092,26.0,0.0
5154,338.89,153.03,0.000637,0.00531,27.0,0.0
5155,338.89,153.87,0.000542,0.00452,27.0,0.0
5156,338.89,156.53,0.000317,0.00264,28.0,0.0
5157,338.89,160.02,0.000151,0.00126,28.0,0.0
5158,338.89,161.99,0.000101,0.000844,29.0,0.0
5159,338.89,163.52,7.7e-05,0.00064,29.0,0.0
5160,338.89,167.01,5.6e-05,0.000471,29.0,0.0
5161,338.89,170.51,0.000139,0.00116,28.0,0.0
5162,338.89,171.17,0.000178,0.00149,28.0,0.0
5163,338.89,174.0,0.000415,0.00346,27.0,0.0
5164,338.89,177.5,0.000811,0.00676,26.0,0.0
5165,338.89,180.35,0.00119,0.00991,26.0,0.0
5166,338.89,180.99,0.00128,0.0107,26.0,0.0
5167,338.89,184.49,0.00179,0.0149,26.0,0.0
5168,338.89,187.98,0.00232,0.0193,25.0,0.0
5169,338.89,188.7,0.00243,0.0202,25.0,0.0
5170,338.89,191.48,0.00284,0.0237,25.0,0.0
5171,338.89,194.97,0.00334,0.0279,25.0,0.0
5172,338.89,196.18,0.00351,0.0293,25.0,0.0
5173,338.89,198.47,0.00381,0.0318,25.0,0.0
5174,338.89,200.38,0.00406,0.0338,25.0,0.0
5175,338.89,201.96,0.00425,0.0354,25.0,0.0
5176,338.89,205.46,0.00464,0.0387,25.0,0.0
5177,338.89,208.95,0.00499,0.0416,25.0,0.0
5178,338.89,212.45,0.00531,0.0442,25.0,0.0
5179,338.89,212.84,0.00534,0.0445,25.0,0.0
5180,338.89,215.94,0.00558,0.0465,25.0,0.0
5181,338.89,219.44,0.00583,0.0485,25.0,0.0
5182,338.89,222.32,0.006,0.05,25.0,0.0
5183,338.89,222.93,0.00604,0.0503,25.0,0.0
5184,338.89,226.43,0.00623,0.0519,24.0,0.0
5185,338.89,229.92,0.00639,0.0532,24.0,0.0
5186,338.89,231.06,0.00643,0.0536,24.0,0.0
5187,338.89,233.42,0.00653,0.0544,24.0,0.0
5188,338.89,236.91,0.00665,0.0554,24.0,0.0
5189,338.89,237.44,0.00667,0.0556,24.0,0.0
5190,338.89,327.73,0.00676,0.0563,25.0,0.0
5191,338.89,450.11,0.00294,0.0245,26.0,0.0
5192,338.89,515.03,0.00278,0.0232,26.0,0.0
5193,338.89,588.03,0.00264,0.022,26.0,0.0
5194,338.89,586.41,0.00264,0.022,26.0,0.0
5195,338.89,585.58,0.00264,0.022,26.0,0.0
5196,338.89,583.12,0.00265,0.0221,26.0,0.0
5197,338.89,582.92,0.00265,0.0221,26.0,0.0
5198,338.89,580.67,0.00265,0.0221,26.0,0.0
5199,338.89,579.42,0.00265,0.0221,26.0,0.0
5200,338.89,578.21,0.00266,0.0221,26.0,0.0
5201,338.89,575.93,0.00266,0.0222,26.0,0.0
5202,338.89,575.76,0.00266,0.0222,26.0,0.0
5203,338.89,573.33,0.00267,0.0222,26.0,0.0
5204,338.89,572.43,0.00267,0.0222,26.0,0.0
5205,338.89,571.02,0.00267,0.0223,26.0,0.0
5206,338.89,568.94,0.00268,0.0223,26.0,0.0
5207,338.89,568.87,0.00268,0.0223,26.0,0.0
5208,338.89,567.35,0.00268,0.0223,26.0,0.0
5209,338.89,565.86,0.00268,0.0223,26.0,0.0
5210,338.89,565.44,0.00268,0.0224,26.0,0.0
5211,338.89,564.37,0.00268,0.0224,26.0,0.0
5212,338.89,562.88,0.00269,0.0224,26.0,0.0
5213,338.89,561.95,0.00269,0.0224,26.0,0.0
5214,338.89,558.45,0.0027,0.0225,26.0,0.0
5215,338.89,557.76,0.0027,0.0225,26.0,0.0
5216,338.89,554.96,0.0027,0.0225,26.0,0.0
5217,338.89,551.46,0.00271,0.0226,26.0,0.0
5218,338.89,549.1,0.00272,0.0226,26.0,0.0
5219,338.89,547.97,0.00272,0.0226,26.0,0.0
5220,338.89,544.47,0.00272,0.0227,26.0,0.0
5221,338.89,540.98,0.00273,0.0228,26.0,0.0
5222,338.89,537.48,0.00274,0.0228,26.0,0.0
5223,338.89,533.99,0.00274,0.0229,26.0,0.0
5224,338.89,531.44,0.00275,0.0229,26.0,0.0
5225,338.89,530.49,0.00275,0.0229,26.0,0.0
5226,338.89,527.0,0.00276,0.023,26.0,0.0
5227,338.89,523.5,0.00276,0.023,26.0,0.0
5228,338.89,453.6,0.00293,0.0244,26.0,0.0
5229,338.89,451.25,0.00294,0.0245,26.0,0.0
5230,338.89,450.11,0.00294,0.0245,26.0,0.0
5231,338.89,446.61,0.00296,0.0246,26.0,0.0
5232,338.89,443.12,0.00297,0.0247,26.0,0.0
5233,338.89,299.82,0.00737,0.0614,24.0,0.0
5234,338.89,264.87,0.00719,0.0599,24.0,0.0
5235,338.89,121.58,0.0129,0.107,23.0,0.0
5236,338.89,2.7475,34.2,1.0,11.0,0.0
5237,340.33,72.91,0.0953,0.794,21.0,0.0
5238,340.33,76.142,0.0847,0.706,21.0,0.0
5239,340.33,77.744,0.0799,0.666,21.0,0.0
5240,340.33,79.637,0.0746,0.622,21.0,0.0
5241,340.33,81.93,0.0686,0.572,21.0,0.0
5242,340.33,83.132,0.0657,0.547,21.0,0.0
5243,340.33,86.627,0.0578,0.481,22.0,0.0
5244,340.33,90.122,0.0508,0.423,22.0,0.0
5245,340.33,92.493,0.0464,0.387,22.0,0.0
5246,340.33,93.617,0.0445,0.371,22.0,0.0
5247,340.33,97.112,0.0389,0.324,22.0,0.0
5248,340.33,98.772,0.0365,0.304,22.0,0.0
5249,340.33,100.61,0.0339,0.283,22.0,0.0
5250,340.33,102.06,0.032,0.267,22.0,0.0
5251,340.33,104.1,0.0295,0.246,22.0,0.0
5252,340.33,105.06,0.0284,0.236,22.0,0.0
5253,340.33,107.6,0.0255,0.212,23.0,0.0
5254,340.33,108.95,0.0241,0.201,23.0,0.0
5255,340.33,111.09,0.0219,0.183,23.0,0.0
5256,340.33,112.83,0.0203,0.169,23.0,0.0
5257,340.33,114.59,0.0187,0.156,23.0,0.0
5258,340.33,116.75,0.0169,0.141,23.0,0.0
5259,340.33,118.08,0.0159,0.132,23.0,0.0
5260,340.33,121.58,0.0133,0.111,23.0,0.0
5261,340.33,124.97,0.0111,0.0926,24.0,0.0
5262,340.33,125.07,0.0111,0.0921,24.0,0.0
5263,340.33,128.57,0.00904,0.0753,24.0,0.0
5264,340.33,132.06,0.00726,0.0605,24.0,0.0
5265,340.33,133.19,0.00673,0.0561,24.0,0.0
5266,340.33,135.56,0.00568,0.0474,24.0,0.0
5267,340.33,139.05,0.00431,0.0359,25.0,0.0
5268,340.33,142.55,0.00311,0.026,25.0,0.0
5269,340.33,144.15,0.00263,0.0219,25.0,0.0
5270,340.33,146.04,0.0021,0.0175,26.0,0.0
5271,340.33,149.54,0.0013,0.0108,26.0,0.0
5272,340.33,149.89,0.00123,0.0103,26.0,0.0
5273,340.33,153.03,0.000724,0.00603,27.0,0.0
5274,340.33,153.87,0.00062,0.00516,27.0,0.0
5275,340.33,156.53,0.000366,0.00305,28.0,0.0
5276,340.33,160.02,0.000176,0.00146,28.0,0.0
5277,340.33,161.99,0.000117,0.000974,29.0,0.0
5278,340.33,163.52,8.7e-05,0.000727,29.0,0.0
5279,340.33,167.01,5.7e-05,0.000475,29.0,0.0
5280,340.33,170.51,0.000105,0.000877,28.0,0.0
5281,340.33,171.17,0.000136,0.00114,28.0,0.0
5282,340.33,174.0,0.000347,0.0029,27.0,0.0
5283,340.33,177.5,0.000723,0.00603,27.0,0.0
5284,340.33,180.35,0.00109,0.0091,26.0,0.0
5285,340.33,180.99,0.00118,0.00983,26.0,0.0
5286,340.33,184.49,0.00169,0.014,26.0,0.0
5287,340.33,187.98,0.00221,0.0184,25.0,0.0
5288,340.33,188.7,0.00232,0.0193,25.0,0.0
5289,340.33,191.48,0.00274,0.0228,25.0,0.0
5290,340.33,194.97,0.00325,0.0271,25.0,0.0
5291,340.33,196.18,0.00342,0.0285,25.0,0.0
5292,340.33,198.47,0.00373,0.0311,25.0,0.0
5293,340.33,200.38,0.00398,0.0331,25.0,0.0
5294,340.33,201.96,0.00417,0.0348,25.0,0.0
5295,340.33,205.46,0.00458,0.0382,25.0,0.0
5296,340.33,208.95,0.00495,0.0412,25.0,0.0
5297,340.33,212.45,0.00527,0.0439,25.0,0.0
5298,340.33,212.84,0.00531,0.0442,25.0,0.0
5299,340.33,215.94,0.00556,0.0463,25.0,0.0
5300,340.33,219.44,0.00582,0.0485,25.0,0.0
5301,340.33,222.32,0.006,0.05,25.0,0.0
5302,340.33,222.93,0.00604,0.0503,25.0,0.0
5303,340.33,226.43,0.00624,0.052,24.0,0.0
5304,340.33,229.92,0.00641,0.0534,24.0,0.0
5305,340.33,231.06,0.00646,0.0538,24.0,0.0
5306,340.33,233.42,0.00656,0.0546,24.0,0.0
5307,340.33,236.91,0.00668,0.0557,24.0,0.0
5308,340.33,237.44,0.0067,0.0559,24.0,0.0
5309,340.33,327.73,0.00696,0.058,25.0,0.0
5310,340.33,450.11,0.00298,0.0249,26.0,0.0
5311,340.33,515.03,0.00282,0.0235,26.0,0.0
5312,340.33,588.03,0.00267,0.0223,26.0,0.0
5313,340.33,586.41,0.00267,0.0223,26.0,0.0
5314,340.33,585.58,0.00268,0.0223,26.0,0.0
5315,340.33,583.12,0.00268,0.0223,26.0,0.0
5316,340.33,582.92,0.00268,0.0223,26.0,0.0
5317,340.33,580.67,0.00269,0.0224,26.0,0.0
5318,340.33,579.42,0.00269,0.0224,26.0,0.0
5319,340.33,578.21,0.00269,0.0224,26.0,0.0
5320,340.33,575.93,0.0027,0.0225,26.0,0.0
5321,340.33,575.76,0.0027,0.0225,26.0,0.0
5322,340.33,573.33,0.0027,0.0225,26.0,0.0
5323,340.33,572.43,0.0027,0.0225,26.0,0.0
5324,340.33,571.02,0.00271,0.0225,26.0,0.0
5325,340.33,568.94,0.00271,0.0226,26.0,0.0
5326,340.33,568.87,0.00271,0.0226,26.0,0.0
5327,340.33,567.35,0.00271,0.0226,26.0,0.0
5328,340.33,565.86,0.00272,0.0226,26.0,0.0
5329,340.33,565.44,0.00272,0.0226,26.0,0.0
5330,340.33,564.37,0.00272,0.0227,26.0,0.0
5331,340.33,562.88,0.00272,0.0227,26.0,0.0
5332,340.33,561.95,0.00272,0.0227,26.0,0.0
5333,340.33,558.45,0.00273,0.0228,26.0,0.0
5334,340.33,557.76,0.00273,0.0228,26.0,0.0
5335,340.33,554.96,0.00274,0.0228,26.0,0.0
5336,340.33,551.46,0.00274,0.0229,26.0,0.0
5337,340.33,549.1,0.00275,0.0229,26.0,0.0
5338,340.33,547.97,0.00275,0.0229,26.0,0.0
5339,340.33,544.47,0.00276,0.023,26.0,0.0
5340,340.33,540.98,0.00277,0.023,26.0,0.0
5341,340.33,537.48,0.00277,0.0231,26.0,0.0
5342,340.33,533.99,0.00278,0.0232,26.0,0.0
5343,340.33,531.44,0.00278,0.0232,26.0,0.0
5344,340.33,530.49,0.00279,0.0232,26.0,0.0
5345,340.33,527.0,0.00279,0.0233,26.0,0.0
5346,340.33,523.5,0.0028,0.0233,26.0,0.0
5347,340.33,453.6,0.00297,0.0247,26.0,0.0
5348,340.33,451.25,0.00298,0.0248,26.0,0.0
5349,340.33,450.11,0.00298,0.0249,26.0,0.0
5350,340.33,446.61,0.003,0.025,26.0,0.0
5351,340.33,443.12,0.00301,0.0251,26.0,0.0
5352,340.33,299.82,0.00747,0.0623,24.0,0.0
5353,340.33,264.87,0.00727,0.0606,24.0,0.0
5354,340.33,121.58,0.0133,0.111,23.0,0.0
5355,340.33,2.7475,34.8,1.0,11.0,0.0
5356,346.51,72.91,0.103,0.862,21.0,0.0
5357,346.51,76.142,0.0921,0.768,21.0,0.0
5358,346.51,77.744,0.087,0.725,21.0,0.0
5359,346.51,79.637,0.0813,0.677,21.0,0.0
5360,346.51,81.93,0.0749,0.624,21.0,0.0
5361,346.51,83.132,0.0717,0.598,21.0,0.0
5362,346.51,86.627,0.0633,0.527,21.0,0.0
5363,346.51,90.122,0.0557,0.464,22.0,0.0
5364,346.51,92.493,0.0511,0.426,22.0,0.0
5365,346.51,93.617,0.049,0.409,22.0,0.0
5366,346.51,97.112,0.0431,0.359,22.0,0.0
5367,346.51,98.772,0.0404,0.337,22.0,0.0
5368,346.51,100.61,0.0377,0.314,22.0,0.0
5369,346.51,102.06,0.0356,0.297,22.0,0.0
5370,346.51,104.1,0.0329,0.274,22.0,0.0
5371,346.51,105.06,0.0317,0.264,22.0,0.0
5372,346.51,107.6,0.0286,0.238,22.0,0.0
5373,346.51,108.95,0.027,0.225,23.0,0.0
5374,346.51,111.09,0.0247,0.206,23.0,0.0
5375,346.51,112.83,0.023,0.191,23.0,0.0
5376,346.51,114.59,0.0213,0.177,23.0,0.0
5377,346.51,116.75,0.0193,0.161,23.0,0.0
5378,346.51,118.08,0.0182,0.151,23.0,0.0
5379,346.51,121.58,0.0154,0.128,23.0,0.0
5380,346.51,124.97,0.013,0.108,23.0,0.0
5381,346.51,125.07,0.0129,0.108,23.0,0.0
5382,346.51,128.57,0.0107,0.0891,24.0,0.0
5383,346.51,132.06,0.00873,0.0727,24.0,0.0
5384,346.51,133.19,0.00814,0.0678,24.0,0.0
5385,346.51,135.56,0.00699,0.0582,24.0,0.0
5386,346.51,139.05,0.00545,0.0454,25.0,0.0
5387,346.51,142.55,0.0041,0.0342,25.0,0.0
5388,346.51,144.15,0.00355,0.0295,25.0,0.0
5389,346.51,146.04,0.00294,0.0245,25.0,0.0
5390,346.51,149.54,0.00196,0.0163,26.0,0.0
5391,346.51,149.89,0.00187,0.0156,26.0,0.0
5392,346.51,153.03,0.00119,0.00994,26.0,0.0
5393,346.51,153.87,0.00104,0.00869,27.0,0.0
5394,346.51,156.53,0.000657,0.00547,27.0,0.0
5395,346.51,160.02,0.000332,0.00277,28.0,0.0
5396,346.51,161.99,0.000221,0.00184,28.0,0.0
5397,346.51,163.52,0.000161,0.00134,28.0,0.0
5398,346.51,167.01,8.3e-05,0.000689,29.0,0.0
5399,346.51,170.51,5.9e-05,0.000489,29.0,0.0
5400,346.51,171.17,6e-05,0.000503,29.0,0.0
5401,346.51,174.0,0.000126,0.00105,28.0,0.0
5402,346.51,177.5,0.00039,0.00325,27.0,0.0
5403,346.51,180.35,0.000699,0.00583,27.0,0.0
5404,346.51,180.99,0.000777,0.00648,26.0,0.0
5405,346.51,184.49,0.00124,0.0104,26.0,0.0
5406,346.51,187.98,0.00175,0.0146,26.0,0.0
5407,346.51,188.7,0.00186,0.0155,26.0,0.0
5408,346.51,191.48,0.00228,0.019,25.0,0.0
5409,346.51,194.97,0.00282,0.0235,25.0,0.0
5410,346.51,196.18,0.003,0.025,25.0,0.0
5411,346.51,198.47,0.00333,0.0278,25.0,0.0
5412,346.51,200.38,0.00361,0.0301,25.0,0.0
5413,346.51,201.96,0.00382,0.0319,25.0,0.0
5414,346.51,205.46,0.00428,0.0357,25.0,0.0
5415,346.51,208.95,0.0047,0.0392,25.0,0.0
5416,346.51,212.45,0.00508,0.0424,25.0,0.0
5417,346.51,212.84,0.00512,0.0427,25.0,0.0
5418,346.51,215.94,0.00543,0.0452,25.0,0.0
5419,346.51,219.44,0.00573,0.0478,25.0,0.0
5420,346.51,222.32,0.00596,0.0496,25.0,0.0
5421,346.51,222.93,0.006,0.05,25.0,0.0
5422,346.51,226.43,0.00625,0.0521,24.0,0.0
5423,346.51,229.92,0.00646,0.0538,24.0,0.0
5424,346.51,231.06,0.00652,0.0544,24.0,0.0
5425,346.51,233.42,0.00665,0.0554,24.0,0.0
5426,346.51,236.91,0.00681,0.0568,24.0,0.0
5427,346.51,237.44,0.00684,0.057,24.0,0.0
5428,346.51,327.73,0.00771,0.0642,25.0,0.0
5429,346.51,450.11,0.00316,0.0263,26.0,0.0
5430,346.51,515.03,0.00297,0.0247,26.0,0.0
5431,346.51,588.03,0.00282,0.0235,26.0,0.0
5432,346.51,586.41,0.00282,0.0235,26.0,0.0
5433,346.51,585.58,0.00282,0.0235,26.0,0.0
5434,346.51,583.12,0.00283,0.0236,26.0,0.0
5435,346.51,582.92,0.00283,0.0236,26.0,0.0
5436,346.51,580.67,0.00283,0.0236,26.0,0.0
5437,346.51,579.42,0.00284,0.0236,26.0,0.0
5438,346.51,578.21,0.00284,0.0237,26.0,0.0
5439,346.51,575.93,0.00284,0.0237,26.0,0.0
5440,346.51,575.76,0.00284,0.0237,26.0,0.0
5441,346.51,573.33,0.00285,0.0237,26.0,0.0
5442,346.51,572.43,0.00285,0.0238,26.0,0.0
5443,346.51,571.02,0.00285,0.0238,26.0,0.0
5444,346.51,568.94,0.00286,0.0238,26.0,0.0
5445,346.51,568.87,0.00286,0.0238,26.0,0.0
5446,346.51,567.35,0.00286,0.0238,26.0,0.0
5447,346.51,565.86,0.00286,0.0239,26.0,0.0
5448,346.51,565.44,0.00286,0.0239,26.0,0.0
5449,346.51,564.37,0.00287,0.0239,26.0,0.0
5450,346.51,562.88,0.00287,0.0239,26.0,0.0
5451,346.51,561.95,0.00287,0.0239,26.0,0.0
5452,346.51,558.45,0.00288,0.024,26.0,0.0
5453,346.51,557.76,0.00288,0.024,26.0,0.0
5454,346.51,554.96,0.00289,0.0241,26.0,0.0
5455,346.51,551.46,0.00289,0.0241,26.0,0.0
5456,346.51,549.1,0.0029,0.0242,26.0,0.0
5457,346.51,547.97,0.0029,0.0242,26.0,0.0
5458,346.51,544.47,0.00291,0.0242,26.0,0.0
5459,346.51,540.98,0.00291,0.0243,26.0,0.0
5460,346.51,537.48,0.00292,0.0243,26.0,0.0
5461,346.51,533.99,0.00293,0.0244,26.0,0.0
5462,346.51,531.44,0.00293,0.0245,26.0,0.0
5463,346.51,530.49,0.00294,0.0245,26.0,0.0
5464,346.51,527.0,0.00294,0.0245,26.0,0.0
5465,346.51,523.5,0.00295,0.0246,26.0,0.0
5466,346.51,453.6,0.00314,0.0262,26.0,0.0
5467,346.51,451.25,0.00315,0.0263,26.0,0.0
5468,346.51,450.11,0.00316,0.0263,26.0,0.0
5469,346.51,446.61,0.00317,0.0264,26.0,0.0
5470,346.51,443.12,0.00319,0.0266,26.0,0.0
5471,346.51,299.82,0.00789,0.0658,24.0,0.0
5472,346.51,264.87,0.00759,0.0632,24.0,0.0
5473,346.51,121.58,0.0154,0.128,23.0,0.0
5474,346.51,2.7475,37.1,1.0,11.0,0.0
5475,354.13,72.91,0.114,0.95,21.0,0.0
5476,354.13,76.142,0.102,0.848,21.0,0.0
5477,354.13,77.744,0.0962,0.802,21.0,0.0
5478,354.13,79.637,0.09,0.75,21.0,0.0
5479,354.13,81.93,0.0831,0.692,21.0,0.0
5480,354.13,83.132,0.0797,0.664,21.0,0.0
5481,354.13,86.627,0.0705,0.587,21.0,0.0
5482,354.13,90.122,0.0623,0.519,21.0,0.0
5483,354.13,92.493,0.0573,0.477,22.0,0.0
5484,354.13,93.617,0.055,0.458,22.0,0.0
5485,354.13,97.112,0.0485,0.404,22.0,0.0
5486,354.13,98.772,0.0456,0.38,22.0,0.0
5487,354.13,100.61,0.0426,0.355,22.0,0.0
5488,354.13,102.06,0.0404,0.337,22.0,0.0
5489,354.13,104.1,0.0374,0.312,22.0,0.0
5490,354.13,105.06,0.0361,0.301,22.0,0.0
5491,354.13,107.6,0.0327,0.272,22.0,0.0
5492,354.13,108.95,0.031,0.258,22.0,0.0
5493,354.13,111.09,0.0285,0.237,23.0,0.0
5494,354.13,112.83,0.0265,0.221,23.0,0.0
5495,354.13,114.59,0.0247,0.205,23.0,0.0
5496,354.13,116.75,0.0225,0.188,23.0,0.0
5497,354.13,118.08,0.0212,0.177,23.0,0.0
5498,354.13,121.58,0.0182,0.151,23.0,0.0
5499,354.13,124.97,0.0155,0.129,23.0,0.0
5500,354.13,125.07,0.0154,0.128,23.0,0.0
5501,354.13,128.57,0.0129,0.108,23.0,0.0
5502,354.13,132.06,0.0107,0.0895,24.0,0.0
5503,354.13,133.19,0.0101,0.084,24.0,0.0
5504,354.13,135.56,0.00877,0.0731,24.0,0.0
5505,354.13,139.05,0.00704,0.0586,24.0,0.0
5506,354.13,142.55,0.00549,0.0458,25.0,0.0
5507,354.13,144.15,0.00485,0.0404,25.0,0.0
5508,354.13,146.04,0.00414,0.0345,25.0,0.0
5509,354.13,149.54,0.00297,0.0247,25.0,0.0
5510,354.13,149.89,0.00286,0.0239,25.0,0.0
5511,354.13,153.03,0.00199,0.0166,26.0,0.0
5512,354.13,153.87,0.00178,0.0149,26.0,0.0
5513,354.13,156.53,0.00122,0.0101,26.0,0.0
5514,354.13,160.02,0.000678,0.00565,27.0,0.0
5515,354.13,161.99,0.000469,0.00391,27.0,0.0
5516,354.13,163.52,0.000347,0.00289,28.0,0.0
5517,354.13,167.01,0.000171,0.00143,28.0,0.0
5518,354.13,170.51,8.9e-05,0.000739,29.0,0.0
5519,354.13,171.17,8e-05,0.000666,29.0,0.0
5520,354.13,174.0,6.1e-05,0.00051,29.0,0.0
5521,354.13,177.5,0.000117,0.000971,28.0,0.0
5522,354.13,180.35,0.000308,0.00256,27.0,0.0
5523,354.13,180.99,0.000365,0.00304,27.0,0.0
5524,354.13,184.49,0.000745,0.00621,27.0,0.0
5525,354.13,187.98,0.00121,0.01,26.0,0.0
5526,354.13,188.7,0.00131,0.0109,26.0,0.0
5527,354.13,191.48,0.00172,0.0143,26.0,0.0
5528,354.13,194.97,0.00225,0.0188,25.0,0.0
5529,354.13,196.18,0.00244,0.0203,25.0,0.0
5530,354.13,198.47,0.00279,0.0233,25.0,0.0
5531,354.13,200.38,0.00309,0.0257,25.0,0.0
5532,354.13,201.96,0.00333,0.0277,25.0,0.0
5533,354.13,205.46,0.00384,0.032,25.0,0.0
5534,354.13,208.95,0.00432,0.036,25.0,0.0
5535,354.13,212.45,0.00476,0.0397,25.0,0.0
5536,354.13,212.84,0.00481,0.0401,25.0,0.0
5537,354.13,215.94,0.00517,0.0431,25.0,0.0
5538,354.13,219.44,0.00554,0.0462,25.0,0.0
5539,354.13,222.32,0.00582,0.0485,25.0,0.0
5540,354.13,222.93,0.00588,0.049,25.0,0.0
5541,354.13,226.43,0.00618,0.0515,25.0,0.0
5542,354.13,229.92,0.00645,0.0537,24.0,0.0
5543,354.13,231.06,0.00653,0.0544,24.0,0.0
5544,354.13,233.42,0.00669,0.0558,24.0,0.0
5545,354.13,236.91,0.00691,0.0575,24.0,0.0
5546,354.13,237.44,0.00694,0.0578,24.0,0.0
5547,354.13,327.73,0.00845,0.0704,24.0,0.0
5548,354.13,450.11,0.00339,0.0282,26.0,0.0
5549,354.13,515.03,0.00316,0.0264,26.0,0.0
5550,354.13,588.03,0.003,0.025,26.0,0.0
5551,354.13,586.41,0.00301,0.0251,26.0,0.0
5552,354.13,585.58,0.00301,0.0251,26.0,0.0
5553,354.13,583.12,0.00302,0.0251,26.0,0.0
5554,354.13,582.92,0.00302,0.0251,26.0,0.0
5555,354.13,580.67,0.00302,0.0252,26.0,0.0
5556,354.13,579.42,0.00302,0.0252,26.0,0.0
5557,354.13,578.21,0.00303,0.0252,26.0,0.0
5558,354.13,575.93,0.00303,0.0253,26.0,0.0
5559,354.13,575.76,0.00303,0.0253,26.0,0.0
5560,354.13,573.33,0.00304,0.0253,26.0,0.0
5561,354.13,572.43,0.00304,0.0253,26.0,0.0
5562,354.13,571.02,0.00304,0.0253,26.0,0.0
5563,354.13,568.94,0.00305,0.0254,26.0,0.0
5564,354.13,568.87,0.00305,0.0254,26.0,0.0
5565,354.13,567.35,0.00305,0.0254,26.0,0.0
5566,354.13,565.86,0.00305,0.0254,26.0,0.0
5567,354.13,565.44,0.00305,0.0254,26.0,0.0
5568,354.13,564.37,0.00306,0.0255,26.0,0.0
5569,354.13,562.88,0.00306,0.0255,26.0,0.0
5570,354.13,561.95,0.00306,0.0255,26.0,0.0
5571,354.13,558.45,0.00307,0.0256,26.0,0.0
5572,354.13,557.76,0.00307,0.0256,26.0,0.0
5573,354.13,554.96,0.00308,0.0256,26.0,0.0
5574,354.13,551.46,0.00308,0.0257,26.0,0.0
5575,354.13,549.1,0.00309,0.0257,26.0,0.0
5576,354.13,547.97,0.00309,0.0258,26.0,0.0
5577,354.13,544.47,0.0031,0.0258,26.0,0.0
5578,354.13,540.98,0.00311,0.0259,26.0,0.0
5579,354.13,537.48,0.00311,0.0259,26.0,0.0
5580,354.13,533.99,0.00312,0.026,26.0,0.0
5581,354.13,531.44,0.00313,0.0261,26.0,0.0
5582,354.13,530.49,0.00313,0.0261,26.0,0.0
5583,354.13,527.0,0.00314,0.0261,26.0,0.0
5584,354.13,523.5,0.00314,0.0262,26.0,0.0
5585,354.13,453.6,0.00337,0.0281,26.0,0.0
5586,354.13,451.25,0.00338,0.0282,26.0,0.0
5587,354.13,450.11,0.00339,0.0282,26.0,0.0
5588,354.13,446.61,0.00341,0.0284,26.0,0.0
5589,354.13,443.12,0.00343,0.0285,26.0,0.0
5590,354.13,299.82,0.00842,0.0701,24.0,0.0
5591,354.13,264.87,0.00795,0.0663,24.0,0.0
5592,354.13,121.58,0.0182,0.151,23.0,0.0
5593,354.13,2.7475,40.0,1.0,11.0,0.0
5594,360.35,72.91,0.123,1.0,21.0,0.0
5595,360.35,76.142,0.11,0.918,21.0,0.0
5596,360.35,77.744,0.104,0.868,21.0,0.0
5597,360.35,79.637,0.0976,0.814,21.0,0.0
5598,360.35,81.93,0.0902,0.752,21.0,0.0
5599,360.35,83.132,0.0866,0.721,21.0,0.0
5600,360.35,86.627,0.0768,0.64,21.0,0.0
5601,360.35,90.122,0.068,0.567,21.0,0.0
5602,360.35,92.493,0.0626,0.522,21.0,0.0
5603,360.35,93.617,0.0602,0.502,22.0,0.0
5604,360.35,97.112,0.0532,0.444,22.0,0.0
5605,360.35,98.772,0.0502,0.418,22.0,0.0
5606,360.35,100.61,0.047,0.392,22.0,0.0
5607,360.35,102.06,0.0446,0.372,22.0,0.0
5608,360.35,104.1,0.0414,0.345,22.0,0.0
5609,360.35,105.06,0.0399,0.333,22.0,0.0
5610,360.35,107.6,0.0363,0.303,22.0,0.0
5611,360.35,108.95,0.0345,0.287,22.0,0.0
5612,360.35,111.09,0.0318,0.265,22.0,0.0
5613,360.35,112.83,0.0297,0.247,22.0,0.0
5614,360.35,114.59,0.0276,0.23,23.0,0.0
5615,360.35,116.75,0.0253,0.211,23.0,0.0
5616,360.35,118.08,0.024,0.2,23.0,0.0
5617,360.35,121.58,0.0206,0.172,23.0,0.0
5618,360.35,124.97,0.0177,0.148,23.0,0.0
5619,360.35,125.07,0.0176,0.147,23.0,0.0
5620,360.35,128.57,0.015,0.125,23.0,0.0
5621,360.35,132.06,0.0125,0.105,24.0,0.0
5622,360.35,133.19,0.0118,0.0986,24.0,0.0
5623,360.35,135.56,0.0104,0.0866,24.0,0.0
5624,360.35,139.05,0.00848,0.0707,24.0,0.0
5625,360.35,142.55,0.00678,0.0565,24.0,0.0
5626,360.35,144.15,0.00606,0.0505,24.0,0.0
5627,360.35,146.04,0.00527,0.0439,25.0,0.0
5628,360.35,149.54,0.00395,0.0329,25.0,0.0
5629,360.35,149.89,0.00382,0.0319,25.0,0.0
5630,360.35,153.03,0.0028,0.0234,25.0,0.0
5631,360.35,153.87,0.00256,0.0213,26.0,0.0
5632,360.35,156.53,0.00185,0.0154,26.0,0.0
5633,360.35,160.02,0.00112,0.00934,27.0,0.0
5634,360.35,161.99,0.000811,0.00676,27.0,0.0
5635,360.35,163.52,0.000619,0.00516,27.0,0.0
5636,360.35,167.01,0.000318,0.00265,28.0,0.0
5637,360.35,170.51,0.000158,0.00132,28.0,0.0
5638,360.35,171.17,0.000139,0.00116,29.0,0.0
5639,360.35,174.0,8.5e-05,0.000707,29.0,0.0
5640,360.35,177.5,6.4e-05,0.000529,29.0,0.0
5641,360.35,180.35,0.00011,0.000913,28.0,0.0
5642,360.35,180.99,0.000138,0.00115,28.0,0.0
5643,360.35,184.49,0.000407,0.00339,27.0,0.0
5644,360.35,187.98,0.000798,0.00665,26.0,0.0
5645,360.35,188.7,0.00089,0.00741,26.0,0.0
5646,360.35,191.48,0.00127,0.0106,26.0,0.0
5647,360.35,194.97,0.00178,0.0149,26.0,0.0
5648,360.35,196.18,0.00197,0.0164,26.0,0.0
5649,360.35,198.47,0.00233,0.0194,25.0,0.0
5650,360.35,200.38,0.00263,0.0219,25.0,0.0
5651,360.35,201.96,0.00288,0.024,25.0,0.0
5652,360.35,205.46,0.00342,0.0285,25.0,0.0
5653,360.35,208.95,0.00394,0.0328,25.0,0.0
5654,360.35,212.45,0.00443,0.0369,25.0,0.0
5655,360.35,212.84,0.00448,0.0374,25.0,0.0
5656,360.35,215.94,0.00489,0.0408,25.0,0.0
5657,360.35,219.44,0.00531,0.0443,25.0,0.0
5658,360.35,222.32,0.00564,0.047,25.0,0.0
5659,360.35,222.93,0.0057,0.0475,25.0,0.0
5660,360.35,226.43,0.00606,0.0505,25.0,0.0
5661,360.35,229.92,0.00637,0.0531,25.0,0.0
5662,360.35,231.06,0.00647,0.0539,24.0,0.0
5663,360.35,233.42,0.00667,0.0555,24.0,0.0
5664,360.35,236.91,0.00692,0.0577,24.0,0.0
5665,360.35,237.44,0.00696,0.058,24.0,0.0
5666,360.35,327.73,0.00899,0.0749,24.0,0.0
5667,360.35,450.11,0.00359,0.0299,26.0,0.0
5668,360.35,515.03,0.00333,0.0277,26.0,0.0
5669,360.35,588.03,0.00316,0.0263,26.0,0.0
5670,360.35,586.41,0.00317,0.0264,26.0,0.0
5671,360.35,585.58,0.00317,0.0264,26.0,0.0
5672,360.35,583.12,0.00317,0.0264,26.0,0.0
5673,360.35,582.92,0.00317,0.0264,26.0,0.0
5674,360.35,580.67,0.00318,0.0265,26.0,0.0
5675,360.35,579.42,0.00318,0.0265,26.0,0.0
5676,360.35,578.21,0.00318,0.0265,26.0,0.0
5677,360.35,575.93,0.00319,0.0266,26.0,0.0
5678,360.35,575.76,0.00319,0.0266,26.0,0.0
5679,360.35,573.33,0.00319,0.0266,26.0,0.0
5680,360.35,572.43,0.0032,0.0266,26.0,0.0
5681,360.35,571.02,0.0032,0.0267,26.0,0.0
5682,360.35,568.94,0.0032,0.0267,26.0,0.0
5683,360.35,568.87,0.0032,0.0267,26.0,0.0
5684,360.35,567.35,0.00321,0.0267,26.0,0.0
5685,360.35,565.86,0.00321,0.0268,26.0,0.0
5686,360.35,565.44,0.00321,0.0268,26.0,0.0
5687,360.35,564.37,0.00321,0.0268,26.0,0.0
5688,360.35,562.88,0.00322,0.0268,26.0,0.0
5689,360.35,561.95,0.00322,0.0268,26.0,0.0
5690,360.35,558.45,0.00323,0.0269,26.0,0.0
5691,360.35,557.76,0.00323,0.0269,26.0,0.0
5692,360.35,554.96,0.00323,0.027,26.0,0.0
5693,360.35,551.46,0.00324,0.027,26.0,0.0
5694,360.35,549.1,0.00325,0.0271,26.0,0.0
5695,360.35,547.97,0.00325,0.0271,26.0,0.0
5696,360.35,544.47,0.00326,0.0272,26.0,0.0
5697,360.35,540.98,0.00327,0.0272,26.0,0.0
5698,360.35,537.48,0.00327,0.0273,26.0,0.0
5699,360.35,533.99,0.00328,0.0274,26.0,0.0
5700,360.35,531.44,0.00329,0.0274,26.0,0.0
5701,360.35,530.49,0.00329,0.0274,26.0,0.0
5702,360.35,527.0,0.0033,0.0275,26.0,0.0
5703,360.35,523.5,0.00331,0.0276,26.0,0.0
5704,360.35,453.6,0.00357,0.0297,26.0,0.0
5705,360.35,451.25,0.00358,0.0298,26.0,0.0
5706,360.35,450.11,0.00359,0.0299,26.0,0.0
5707,360.35,446.61,0.00361,0.0301,26.0,0.0
5708,360.35,443.12,0.00364,0.0303,26.0,0.0
5709,360.35,299.82,0.00884,0.0737,24.0,0.0
5710,360.35,264.87,0.00823,0.0685,24.0,0.0
5711,360.35,121.58,0.0206,0.172,23.0,0.0
5712,360.35,2.7475,42.6,1.0,11.0,0.0
5713,361.77,72.91,0.125,1.0,21.0,0.0
5714,361.77,76.142,0.112,0.934,21.0,0.0
5715,361.77,77.744,0.106,0.884,21.0,0.0
5716,361.77,79.637,0.0994,0.828,21.0,0.0
5717,361.77,81.93,0.0919,0.766,21.0,0.0
5718,361.77,83.132,0.0882,0.735,21.0,0.0
5719,361.77,86.627,0.0782,0.652,21.0,0.0
5720,361.77,90.122,0.0694,0.578,21.0,0.0
5721,361.77,92.493,0.0639,0.533,21.0,0.0
5722,361.77,93.617,0.0615,0.512,22.0,0.0
5723,361.77,97.112,0.0544,0.453,22.0,0.0
5724,361.77,98.772,0.0513,0.427,22.0,0.0
5725,361.77,100.61,0.048,0.4,22.0,0.0
5726,361.77,102.06,0.0456,0.38,22.0,0.0
5727,361.77,104.1,0.0423,0.353,22.0,0.0
5728,361.77,105.06,0.0408,0.34,22.0,0.0
5729,361.77,107.6,0.0372,0.31,22.0,0.0
5730,361.77,108.95,0.0353,0.294,22.0,0.0
5731,361.77,111.09,0.0325,0.271,22.0,0.0
5732,361.77,112.83,0.0304,0.253,22.0,0.0
5733,361.77,114.59,0.0284,0.236,23.0,0.0
5734,361.77,116.75,0.026,0.217,23.0,0.0
5735,361.77,118.08,0.0246,0.205,23.0,0.0
5736,361.77,121.58,0.0212,0.177,23.0,0.0
5737,361.77,124.97,0.0183,0.152,23.0,0.0
5738,361.77,125.07,0.0182,0.152,23.0,0.0
5739,361.77,128.57,0.0154,0.129,23.0,0.0
5740,361.77,132.06,0.013,0.108,24.0,0.0
5741,361.77,133.19,0.0122,0.102,24.0,0.0
5742,361.77,135.56,0.0108,0.0899,24.0,0.0
5743,361.77,139.05,0.00883,0.0736,24.0,0.0
5744,361.77,142.55,0.00709,0.0591,24.0,0.0
5745,361.77,144.15,0.00635,0.053,24.0,0.0
5746,361.77,146.04,0.00554,0.0462,25.0,0.0
5747,361.77,149.54,0.00418,0.0349,25.0,0.0
5748,361.77,149.89,0.00406,0.0338,25.0,0.0
5749,361.77,153.03,0.00301,0.0251,25.0,0.0
5750,361.77,153.87,0.00275,0.0229,25.0,0.0
5751,361.77,156.53,0.00202,0.0168,26.0,0.0
5752,361.77,160.02,0.00125,0.0104,26.0,0.0
5753,361.77,161.99,0.00091,0.00758,27.0,0.0
5754,361.77,163.52,0.0007,0.00583,27.0,0.0
5755,361.77,167.01,0.000364,0.00303,28.0,0.0
5756,361.77,170.51,0.000182,0.00152,28.0,0.0
5757,361.77,171.17,0.00016,0.00133,28.0,0.0
5758,361.77,174.0,9.5e-05,0.000793,29.0,0.0
5759,361.77,177.5,6.4e-05,0.000535,29.0,0.0
5760,361.77,180.35,8.8e-05,0.000733,29.0,0.0
5761,361.77,180.99,0.000108,0.000898,28.0,0.0
5762,361.77,184.49,0.000342,0.00285,27.0,0.0
5763,361.77,187.98,0.000713,0.00594,27.0,0.0
5764,361.77,188.7,0.000801,0.00667,26.0,0.0
5765,361.77,191.48,0.00117,0.00975,26.0,0.0
5766,361.77,194.97,0.00168,0.014,26.0,0.0
5767,361.77,196.18,0.00186,0.0155,26.0,0.0
5768,361.77,198.47,0.00222,0.0185,26.0,0.0
5769,361.77,200.38,0.00252,0.021,25.0,0.0
5770,361.77,201.96,0.00277,0.0231,25.0,0.0
5771,361.77,205.46,0.00332,0.0276,25.0,0.0
5772,361.77,208.95,0.00385,0.032,25.0,0.0
5773,361.77,212.45,0.00435,0.0362,25.0,0.0
5774,361.77,212.84,0.0044,0.0367,25.0,0.0
5775,361.77,215.94,0.00482,0.0401,25.0,0.0
5776,361.77,219.44,0.00525,0.0438,25.0,0.0
5777,361.77,222.32,0.00559,0.0466,25.0,0.0
5778,361.77,222.93,0.00565,0.0471,25.0,0.0
5779,361.77,226.43,0.00602,0.0502,25.0,0.0
5780,361.77,229.92,0.00635,0.0529,25.0,0.0
5781,361.77,231.06,0.00645,0.0538,25.0,0.0
5782,361.77,233.42,0.00665,0.0554,24.0,0.0
5783,361.77,236.91,0.00692,0.0577,24.0,0.0
5784,361.77,237.44,0.00696,0.058,24.0,0.0
5785,361.77,327.73,0.0091,0.0759,24.0,0.0
5786,361.77,450.11,0.00364,0.0303,26.0,0.0
5787,361.77,515.03,0.00337,0.0281,26.0,0.0
5788,361.77,588.03,0.0032,0.0267,26.0,0.0
5789,361.77,586.41,0.0032,0.0267,26.0,0.0
5790,361.77,585.58,0.0032,0.0267,26.0,0.0
5791,361.77,583.12,0.00321,0.0267,26.0,0.0
5792,361.77,582.92,0.00321,0.0267,26.0,0.0
5793,361.77,580.67,0.00321,0.0268,26.0,0.0
5794,361.77,579.42,0.00322,0.0268,26.0,0.0
5795,361.77,578.21,0.00322,0.0268,26.0,0.0
5796,361.77,575.93,0.00323,0.0269,26.0,0.0
5797,361.77,575.76,0.00323,0.0269,26.0,0.0
5798,361.77,573.33,0.00323,0.0269,26.0,0.0
5799,361.77,572.43,0.00323,0.0269,26.0,0.0
5800,361.77,571.02,0.00324,0.027,26.0,0.0
5801,361.77,568.94,0.00324,0.027,26.0,0.0
5802,361.77,568.87,0.00324,0.027,26.0,0.0
5803,361.77,567.35,0.00324,0.027,26.0,0.0
5804,361.77,565.86,0.00325,0.0271,26.0,0.0
5805,361.77,565.44,0.00325,0.0271,26.0,0.0
5806,361.77,564.37,0.00325,0.0271,26.0,0.0
5807,361.77,562.88,0.00325,0.0271,26.0,0.0
5808,361.77,561.95,0.00326,0.0271,26.0,0.0
5809,361.77,558.45,0.00326,0.0272,26.0,0.0
5810,361.77,557.76,0.00327,0.0272,26.0,0.0
5811,361.77,554.96,0.00327,0.0273,26.0,0.0
5812,361.77,551.46,0.00328,0.0273,26.0,0.0
5813,361.77,549.1,0.00328,0.0274,26.0,0.0
5814,361.77,547.97,0.00329,0.0274,26.0,0.0
5815,361.77,544.47,0.0033,0.0275,26.0,0.0
5816,361.77,540.98,0.0033,0.0275,26.0,0.0
5817,361.77,537.48,0.00331,0.0276,26.0,0.0
5818,361.77,533.99,0.00332,0.0277,26.0,0.0
5819,361.77,531.44,0.00333,0.0277,26.0,0.0
5820,361.77,530.49,0.00333,0.0277,26.0,0.0
5821,361.77,527.0,0.00334,0.0278,26.0,0.0
5822,361.77,523.5,0.00335,0.0279,26.0,0.0
5823,361.77,453.6,0.00361,0.0301,26.0,0.0
5824,361.77,451.25,0.00363,0.0302,26.0,0.0
5825,361.77,450.11,0.00364,0.0303,26.0,0.0
5826,361.77,446.61,0.00366,0.0305,26.0,0.0
5827,361.77,443.12,0.00369,0.0307,26.0,0.0
5828,361.77,299.82,0.00894,0.0745,24.0,0.0
5829,361.77,264.87,0.00828,0.069,24.0,0.0
5830,361.77,121.58,0.0212,0.177,23.0,0.0
5831,361.77,2.7475,43.2,1.0,11.0,0.0
5832,369.82,72.91,0.138,1.0,20.0,0.0
5833,369.82,76.142,0.124,1.0,21.0,0.0
5834,369.82,77.744,0.117,0.977,21.0,0.0
5835,369.82,79.637,0.11,0.917,21.0,0.0
5836,369.82,81.93,0.102,0.849,21.0,0.0
5837,369.82,83.132,0.0978,0.815,21.0,0.0
5838,369.82,86.627,0.087,0.725,21.0,0.0
5839,369.82,90.122,0.0774,0.645,21.0,0.0
5840,369.82,92.493,0.0714,0.595,21.0,0.0
5841,369.82,93.617,0.0688,0.573,21.0,0.0
5842,369.82,97.112,0.061,0.509,22.0,0.0
5843,369.82,98.772,0.0577,0.48,22.0,0.0
5844,369.82,100.61,0.0541,0.451,22.0,0.0
5845,369.82,102.06,0.0514,0.429,22.0,0.0
5846,369.82,104.1,0.0479,0.399,22.0,0.0
5847,369.82,105.06,0.0463,0.386,22.0,0.0
5848,369.82,107.6,0.0423,0.352,22.0,0.0
5849,369.82,108.95,0.0402,0.335,22.0,0.0
5850,369.82,111.09,0.0372,0.31,22.0,0.0
5851,369.82,112.83,0.0349,0.291,22.0,0.0
5852,369.82,114.59,0.0326,0.272,22.0,0.0
5853,369.82,116.75,0.03,0.25,22.0,0.0
5854,369.82,118.08,0.0285,0.237,23.0,0.0
5855,369.82,121.58,0.0248,0.206,23.0,0.0
5856,369.82,124.97,0.0215,0.179,23.0,0.0
5857,369.82,125.07,0.0214,0.178,23.0,0.0
5858,369.82,128.57,0.0184,0.153,23.0,0.0
5859,369.82,132.06,0.0156,0.13,23.0,0.0
5860,369.82,133.19,0.0148,0.123,23.0,0.0
5861,369.82,135.56,0.0132,0.11,24.0,0.0
5862,369.82,139.05,0.011,0.0913,24.0,0.0
5863,369.82,142.55,0.00899,0.0749,24.0,0.0
5864,369.82,144.15,0.00816,0.068,24.0,0.0
5865,369.82,146.04,0.00724,0.0603,24.0,0.0
5866,369.82,149.54,0.00567,0.0473,25.0,0.0
5867,369.82,149.89,0.00553,0.0461,25.0,0.0
5868,369.82,153.03,0.0043,0.0359,25.0,0.0
5869,369.82,153.87,0.004,0.0333,25.0,0.0
5870,369.82,156.53,0.0031,0.0259,25.0,0.0
5871,369.82,160.02,0.0021,0.0175,26.0,0.0
5872,369.82,161.99,0.00163,0.0136,26.0,0.0
5873,369.82,163.52,0.00131,0.0109,26.0,0.0
5874,369.82,167.01,0.000747,0.00623,27.0,0.0
5875,369.82,170.51,0.000395,0.00329,28.0,0.0
5876,369.82,171.17,0.000348,0.0029,28.0,0.0
5877,369.82,174.0,0.000201,0.00167,28.0,0.0
5878,369.82,177.5,0.000105,0.000879,29.0,0.0
5879,369.82,180.35,7.2e-05,0.000599,29.0,0.0
5880,369.82,180.99,6.8e-05,0.000571,29.0,0.0
5881,369.82,184.49,9.5e-05,0.000794,28.0,0.0
5882,369.82,187.98,0.0003,0.0025,27.0,0.0
5883,369.82,188.7,0.000365,0.00304,27.0,0.0
5884,369.82,191.48,0.000658,0.00548,27.0,0.0
5885,369.82,194.97,0.00111,0.00921,26.0,0.0
5886,369.82,196.18,0.00128,0.0106,26.0,0.0
5887,369.82,198.47,0.00161,0.0134,26.0,0.0
5888,369.82,200.38,0.00191,0.0159,26.0,0.0
5889,369.82,201.96,0.00216,0.018,26.0,0.0
5890,369.82,205.46,0.00272,0.0226,25.0,0.0
5891,369.82,208.95,0.00328,0.0273,25.0,0.0
5892,369.82,212.45,0.00382,0.0319,25.0,0.0
5893,369.82,212.84,0.00388,0.0324,25.0,0.0
5894,369.82,215.94,0.00435,0.0362,25.0,0.0
5895,369.82,219.44,0.00485,0.0404,25.0,0.0
5896,369.82,222.32,0.00523,0.0436,25.0,0.0
5897,369.82,222.93,0.00531,0.0443,25.0,0.0
5898,369.82,226.43,0.00575,0.0479,25.0,0.0
5899,369.82,229.92,0.00614,0.0512,25.0,0.0
5900,369.82,231.06,0.00626,0.0522,25.0,0.0
5901,369.82,233.42,0.00651,0.0542,25.0,0.0
5902,369.82,236.91,0.00684,0.057,24.0,0.0
5903,369.82,237.44,0.00689,0.0574,24.0,0.0
5904,369.82,327.73,0.00976,0.0813,24.0,0.0
5905,369.82,450.11,0.00392,0.0327,26.0,0.0
5906,369.82,515.03,0.00359,0.0299,26.0,0.0
5907,369.82,588.03,0.00341,0.0284,26.0,0.0
5908,369.82,586.41,0.00341,0.0284,26.0,0.0
5909,369.82,585.58,0.00341,0.0285,26.0,0.0
5910,369.82,583.12,0.00342,0.0285,26.0,0.0
5911,369.82,582.92,0.00342,0.0285,26.0,0.0
5912,369.82,580.67,0.00343,0.0286,26.0,0.0
5913,369.82,579.42,0.00343,0.0286,26.0,0.0
5914,369.82,578.21,0.00343,0.0286,26.0,0.0
5915,369.82,575.93,0.00344,0.0286,26.0,0.0
5916,369.82,575.76,0.00344,0.0286,26.0,0.0
5917,369.82,573.33,0.00344,0.0287,26.0,0.0
5918,369.82,572.43,0.00345,0.0287,26.0,0.0
5919,369.82,571.02,0.00345,0.0287,26.0,0.0
5920,369.82,568.94,0.00345,0.0288,26.0,0.0
5921,369.82,568.87,0.00345,0.0288,26.0,0.0
5922,369.82,567.35,0.00346,0.0288,26.0,0.0
5923,369.82,565.86,0.00346,0.0288,26.0,0.0
5924,369.82,565.44,0.00346,0.0288,26.0,0.0
5925,369.82,564.37,0.00346,0.0289,26.0,0.0
5926,369.82,562.88,0.00347,0.0289,26.0,0.0
5927,369.82,561.95,0.00347,0.0289,26.0,0.0
5928,369.82,558.45,0.00348,0.029,26.0,0.0
5929,369.82,557.76,0.00348,0.029,26.0,0.0
5930,369.82,554.96,0.00349,0.0291,26.0,0.0
5931,369.82,551.46,0.00349,0.0291,26.0,0.0
5932,369.82,549.1,0.0035,0.0292,26.0,0.0
5933,369.82,547.97,0.0035,0.0292,26.0,0.0
5934,369.82,544.47,0.00351,0.0293,26.0,0.0
5935,369.82,540.98,0.00352,0.0293,26.0,0.0
5936,369.82,537.48,0.00353,0.0294,26.0,0.0
5937,369.82,533.99,0.00354,0.0295,26.0,0.0
5938,369.82,531.44,0.00355,0.0295,26.0,0.0
5939,369.82,530.49,0.00355,0.0296,26.0,0.0
5940,369.82,527.0,0.00356,0.0296,26.0,0.0
5941,369.82,523.5,0.00357,0.0297,26.0,0.0
5942,369.82,453.6,0.00389,0.0324,26.0,0.0
5943,369.82,451.25,0.00391,0.0326,26.0,0.0
5944,369.82,450.11,0.00392,0.0327,26.0,0.0
5945,369.82,446.61,0.00396,0.033,26.0,0.0
5946,369.82,443.12,0.00399,0.0333,26.0,0.0
5947,369.82,299.82,0.00948,0.079,24.0,0.0
5948,369.82,264.87,0.00858,0.0715,24.0,0.0
5949,369.82,121.58,0.0248,0.206,23.0,0.0
5950,369.82,2.7475,46.7,1.0,11.0,0.0
5951,378.56,72.91,0.153,1.0,20.0,0.0
5952,378.56,76.142,0.137,1.0,20.0,0.0
5953,378.56,77.744,0.13,1.0,21.0,0.0
5954,378.56,79.637,0.122,1.0,21.0,0.0
5955,378.56,81.93,0.113,0.945,21.0,0.0
5956,378.56,83.132,0.109,0.908,21.0,0.0
5957,378.56,86.627,0.0972,0.81,21.0,0.0
5958,378.56,90.122,0.0867,0.722,21.0,0.0
5959,378.56,92.493,0.0802,0.668,21.0,0.0
5960,378.56,93.617,0.0773,0.644,21.0,0.0
5961,378.56,97.112,0.0689,0.574,21.0,0.0
5962,378.56,98.772,0.0651,0.543,22.0,0.0
5963,378.56,100.61,0.0613,0.511,22.0,0.0
5964,378.56,102.06,0.0583,0.486,22.0,0.0
5965,378.56,104.1,0.0544,0.454,22.0,0.0
5966,378.56,105.06,0.0527,0.439,22.0,0.0
5967,378.56,107.6,0.0483,0.402,22.0,0.0
5968,378.56,108.95,0.0461,0.384,22.0,0.0
5969,378.56,111.09,0.0427,0.356,22.0,0.0
5970,378.56,112.83,0.0401,0.335,22.0,0.0
5971,378.56,114.59,0.0377,0.314,22.0,0.0
5972,378.56,116.75,0.0348,0.29,22.0,0.0
5973,378.56,118.08,0.0331,0.276,22.0,0.0
5974,378.56,121.58,0.029,0.241,23.0,0.0
5975,378.56,124.97,0.0253,0.211,23.0,0.0
5976,378.56,125.07,0.0252,0.21,23.0,0.0
5977,378.56,128.57,0.0219,0.182,23.0,0.0
5978,378.56,132.06,0.0188,0.157,23.0,0.0
5979,378.56,133.19,0.0179,0.149,23.0,0.0
5980,378.56,135.56,0.016,0.134,23.0,0.0
5981,378.56,139.05,0.0136,0.113,24.0,0.0
5982,378.56,142.55,0.0113,0.0944,24.0,0.0
5983,378.56,144.15,0.0104,0.0865,24.0,0.0
5984,378.56,146.04,0.00933,0.0777,24.0,0.0
5985,378.56,149.54,0.00754,0.0628,24.0,0.0
5986,378.56,149.89,0.00737,0.0614,24.0,0.0
5987,378.56,153.03,0.00595,0.0495,25.0,0.0
5988,378.56,153.87,0.00559,0.0466,25.0,0.0
5989,378.56,156.53,0.00454,0.0378,25.0,0.0
5990,378.56,160.02,0.00331,0.0276,25.0,0.0
5991,378.56,161.99,0.0027,0.0225,26.0,0.0
5992,378.56,163.52,0.00227,0.0189,26.0,0.0
5993,378.56,167.01,0.00144,0.012,26.0,0.0
5994,378.56,170.51,0.000837,0.00698,27.0,0.0
5995,378.56,171.17,0.000749,0.00624,27.0,0.0
5996,378.56,174.0,0.000453,0.00377,28.0,0.0
5997,378.56,177.5,0.000235,0.00196,28.0,0.0
5998,378.56,180.35,0.000139,0.00116,29.0,0.0
5999,378.56,180.99,0.000124,0.00103,29.0,0.0
6000,378.56,184.49,7.6e-05,0.000634,29.0,0.0
6001,378.56,187.98,8.1e-05,0.000678,29.0,0.0
6002,378.56,188.7,9.6e-05,0.000798,29.0,0.0
6003,378.56,191.48,0.000237,0.00198,28.0,0.0
6004,378.56,194.97,0.000566,0.00471,27.0,0.0
6005,378.56,196.18,0.000706,0.00588,27.0,0.0
6006,378.56,198.47,0.000998,0.00831,26.0,0.0
6007,378.56,200.38,0.00126,0.0105,26.0,0.0
6008,378.56,201.96,0.0015,0.0125,26.0,0.0
6009,378.56,205.46,0.00204,0.017,26.0,0.0
6010,378.56,208.95,0.00261,0.0217,25.0,0.0
6011,378.56,212.45,0.00318,0.0265,25.0,0.0
6012,378.56,212.84,0.00324,0.027,25.0,0.0
6013,378.56,215.94,0.00375,0.0312,25.0,0.0
6014,378.56,219.44,0.0043,0.0358,25.0,0.0
6015,378.56,222.32,0.00474,0.0395,25.0,0.0
6016,378.56,222.93,0.00483,0.0402,25.0,0.0
6017,378.56,226.43,0.00533,0.0444,25.0,0.0
6018,378.56,229.92,0.0058,0.0483,25.0,0.0
6019,378.56,231.06,0.00594,0.0495,25.0,0.0
6020,378.56,233.42,0.00623,0.0519,25.0,0.0
6021,378.56,236.91,0.00663,0.0553,25.0,0.0
6022,378.56,237.44,0.00669,0.0558,25.0,0.0
6023,378.56,327.73,0.0105,0.0872,24.0,0.0
6024,378.56,450.11,0.00427,0.0356,26.0,0.0
6025,378.56,515.03,0.00385,0.0321,26.0,0.0
6026,378.56,588.03,0.00365,0.0304,26.0,0.0
6027,378.56,586.41,0.00365,0.0304,26.0,0.0
6028,378.56,585.58,0.00365,0.0304,26.0,0.0
6029,378.56,583.12,0.00366,0.0305,26.0,0.0
6030,378.56,582.92,0.00366,0.0305,26.0,0.0
6031,378.56,580.67,0.00366,0.0305,26.0,0.0
6032,378.56,579.42,0.00367,0.0306,26.0,0.0
6033,378.56,578.21,0.00367,0.0306,26.0,0.0
6034,378.56,575.93,0.00368,0.0306,26.0,0.0
6035,378.56,575.76,0.00368,0.0306,26.0,0.0
6036,378.56,573.33,0.00368,0.0307,26.0,0.0
6037,378.56,572.43,0.00368,0.0307,26.0,0.0
6038,378.56,571.02,0.00369,0.0307,26.0,0.0
6039,378.56,568.94,0.00369,0.0308,26.0,0.0
6040,378.56,568.87,0.00369,0.0308,26.0,0.0
6041,378.56,567.35,0.0037,0.0308,26.0,0.0
6042,378.56,565.86,0.0037,0.0308,26.0,0.0
6043,378.56,565.44,0.0037,0.0308,26.0,0.0
6044,378.56,564.37,0.0037,0.0309,26.0,0.0
6045,378.56,562.88,0.00371,0.0309,26.0,0.0
6046,378.56,561.95,0.00371,0.0309,26.0,0.0
6047,378.56,558.45,0.00372,0.031,26.0,0.0
6048,378.56,557.76,0.00372,0.031,26.0,0.0
6049,378.56,554.96,0.00373,0.0311,26.0,0.0
6050,378.56,551.46,0.00374,0.0311,26.0,0.0
6051,378.56,549.1,0.00374,0.0312,26.0,0.0
6052,378.56,547.97,0.00375,0.0312,26.0,0.0
6053,378.56,544.47,0.00376,0.0313,26.0,0.0
6054,378.56,540.98,0.00377,0.0314,26.0,0.0
6055,378.56,537.48,0.00378,0.0315,26.0,0.0
6056,378.56,533.99,0.00379,0.0316,26.0,0.0
6057,378.56,531.44,0.0038,0.0316,26.0,0.0
6058,378.56,530.49,0.0038,0.0317,26.0,0.0
6059,378.56,527.0,0.00381,0.0317,26.0,0.0
6060,378.56,523.5,0.00382,0.0318,26.0,0.0
6061,378.56,453.6,0.00423,0.0353,26.0,0.0
6062,378.56,451.25,0.00426,0.0355,26.0,0.0
6063,378.56,450.11,0.00427,0.0356,26.0,0.0
6064,378.56,446.61,0.00432,0.036,26.0,0.0
6065,378.56,443.12,0.00436,0.0364,25.0,0.0
6066,378.56,299.82,0.01,0.0837,24.0,0.0
6067,378.56,264.87,0.00884,0.0737,24.0,0.0
6068,378.56,121.58,0.029,0.241,23.0,0.0
6069,378.56,2.7475,50.7,1.0,11.0,0.0
6070,380.37,72.91,0.156,1.0,20.0,0.0
6071,380.37,76.142,0.14,1.0,20.0,0.0
6072,380.37,77.744,0.133,1.0,21.0,0.0
6073,380.37,79.637,0.125,1.0,21.0,0.0
6074,380.37,81.93,0.116,0.966,21.0,0.0
6075,380.37,83.132,0.111,0.929,21.0,0.0
6076,380.37,86.627,0.0994,0.828,21.0,0.0
6077,380.37,90.122,0.0887,0.739,21.0,0.0
6078,380.37,92.493,0.0821,0.684,21.0,0.0
6079,380.37,93.617,0.0791,0.66,21.0,0.0
6080,380.37,97.112,0.0706,0.588,21.0,0.0
6081,380.37,98.772,0.0668,0.557,21.0,0.0
6082,380.37,100.61,0.0628,0.523,22.0,0.0
6083,380.37,102.06,0.0598,0.499,22.0,0.0
6084,380.37,104.1,0.0559,0.466,22.0,0.0
6085,380.37,105.06,0.0541,0.451,22.0,0.0
6086,380.37,107.6,0.0496,0.413,22.0,0.0
6087,380.37,108.95,0.0473,0.394,22.0,0.0
6088,380.37,111.09,0.0439,0.366,22.0,0.0
6089,380.37,112.83,0.0413,0.344,22.0,0.0
6090,380.37,114.59,0.0388,0.323,22.0,0.0
6091,380.37,116.75,0.0358,0.299,22.0,0.0
6092,380.37,118.08,0.0341,0.284,22.0,0.0
6093,380.37,121.58,0.0299,0.249,23.0,0.0
6094,380.37,124.97,0.0262,0.218,23.0,0.0
6095,380.37,125.07,0.0261,0.217,23.0,0.0
6096,380.37,128.57,0.0226,0.189,23.0,0.0
6097,380.37,132.06,0.0195,0.163,23.0,0.0
6098,380.37,133.19,0.0186,0.155,23.0,0.0
6099,380.37,135.56,0.0167,0.139,23.0,0.0
6100,380.37,139.05,0.0141,0.118,23.0,0.0
6101,380.37,142.55,0.0118,0.0987,24.0,0.0
6102,380.37,144.15,0.0109,0.0906,24.0,0.0
6103,380.37,146.04,0.0098,0.0816,24.0,0.0
6104,380.37,149.54,0.00796,0.0663,24.0,0.0
6105,380.37,149.89,0.00778,0.0649,24.0,0.0
6106,380.37,153.03,0.00632,0.0527,24.0,0.0
6107,380.37,153.87,0.00595,0.0496,25.0,0.0
6108,380.37,156.53,0.00486,0.0405,25.0,0.0
6109,380.37,160.02,0.00359,0.03,25.0,0.0
6110,380.37,161.99,0.00296,0.0246,25.0,0.0
6111,380.37,163.52,0.0025,0.0209,26.0,0.0
6112,380.37,167.01,0.00162,0.0135,26.0,0.0
6113,380.37,170.51,0.000964,0.00803,27.0,0.0
6114,380.37,171.17,0.000865,0.00721,27.0,0.0
6115,380.37,174.0,0.000531,0.00442,27.0,0.0
6116,380.37,177.5,0.000278,0.00232,28.0,0.0
6117,380.37,180.35,0.000163,0.00136,28.0,0.0
6118,380.37,180.99,0.000146,0.00121,29.0,0.0
6119,380.37,184.49,8.4e-05,0.000704,29.0,0.0
6120,380.37,187.98,7.3e-05,0.000609,29.0,0.0
6121,380.37,188.7,8e-05,0.000664,29.0,0.0
6122,380.37,191.48,0.000177,0.00148,28.0,0.0
6123,380.37,194.97,0.000471,0.00392,27.0,0.0
6124,380.37,196.18,0.000602,0.00501,27.0,0.0
6125,380.37,198.47,0.00088,0.00734,26.0,0.0
6126,380.37,200.38,0.00114,0.00948,26.0,0.0
6127,380.37,201.96,0.00136,0.0114,26.0,0.0
6128,380.37,205.46,0.0019,0.0158,26.0,0.0
6129,380.37,208.95,0.00246,0.0205,25.0,0.0
6130,380.37,212.45,0.00304,0.0253,25.0,0.0
6131,380.37,212.84,0.0031,0.0259,25.0,0.0
6132,380.37,215.94,0.00361,0.0301,25.0,0.0
6133,380.37,219.44,0.00417,0.0348,25.0,0.0
6134,380.37,222.32,0.00462,0.0385,25.0,0.0
6135,380.37,222.93,0.00471,0.0393,25.0,0.0
6136,380.37,226.43,0.00523,0.0436,25.0,0.0
6137,380.37,229.92,0.00571,0.0476,25.0,0.0
6138,380.37,231.06,0.00586,0.0488,25.0,0.0
6139,380.37,233.42,0.00616,0.0513,25.0,0.0
6140,380.37,236.91,0.00657,0.0548,25.0,0.0
6141,380.37,237.44,0.00663,0.0553,25.0,0.0
6142,380.37,327.73,0.0106,0.0884,24.0,0.0
6143,380.37,450.11,0.00435,0.0363,26.0,0.0
6144,380.37,515.03,0.00391,0.0325,26.0,0.0
6145,380.37,588.03,0.0037,0.0308,26.0,0.0
6146,380.37,586.41,0.0037,0.0308,26.0,0.0
6147,380.37,585.58,0.0037,0.0309,26.0,0.0
6148,380.37,583.12,0.00371,0.0309,26.0,0.0
6149,380.37,582.92,0.00371,0.0309,26.0,0.0
6150,380.37,580.67,0.00371,0.031,26.0,0.0
6151,380.37,579.42,0.00372,0.031,26.0,0.0
6152,380.37,578.21,0.00372,0.031,26.0,0.0
6153,380.37,575.93,0.00373,0.0311,26.0,0.0
6154,380.37,575.76,0.00373,0.0311,26.0,0.0
6155,380.37,573.33,0.00373,0.0311,26.0,0.0
6156,380.37,572.43,0.00373,0.0311,26.0,0.0
6157,380.37,571.02,0.00374,0.0312,26.0,0.0
6158,380.37,568.94,0.00374,0.0312,26.0,0.0
6159,380.37,568.87,0.00374,0.0312,26.0,0.0
6160,380.37,567.35,0.00375,0.0312,26.0,0.0
6161,380.37,565.86,0.00375,0.0313,26.0,0.0
6162,380.37,565.44,0.00375,0.0313,26.0,0.0
6163,380.37,564.37,0.00376,0.0313,26.0,0.0
6164,380.37,562.88,0.00376,0.0313,26.0,0.0
6165,380.37,561.95,0.00376,0.0313,26.0,0.0
6166,380.37,558.45,0.00377,0.0314,26.0,0.0
6167,380.37,557.76,0.00377,0.0314,26.0,0.0
6168,380.37,554.96,0.00378,0.0315,26.0,0.0
6169,380.37,551.46,0.00379,0.0316,26.0,0.0
6170,380.37,549.1,0.0038,0.0316,26.0,0.0
6171,380.37,547.97,0.0038,0.0317,26.0,0.0
6172,380.37,544.47,0.00381,0.0317,26.0,0.0
6173,380.37,540.98,0.00382,0.0318,26.0,0.0
6174,380.37,537.48,0.00383,0.0319,26.0,0.0
6175,380.37,533.99,0.00384,0.032,26.0,0.0
6176,380.37,531.44,0.00385,0.0321,26.0,0.0
6177,380.37,530.49,0.00385,0.0321,26.0,0.0
6178,380.37,527.0,0.00386,0.0322,26.0,0.0
6179,380.37,523.5,0.00387,0.0323,26.0,0.0
6180,380.37,453.6,0.00431,0.0359,26.0,0.0
6181,380.37,451.25,0.00434,0.0361,26.0,0.0
6182,380.37,450.11,0.00435,0.0363,26.0,0.0
6183,380.37,446.61,0.0044,0.0367,25.0,0.0
6184,380.37,443.12,0.00445,0.0371,25.0,0.0
6185,380.37,299.82,0.0102,0.0846,24.0,0.0
6186,380.37,264.87,0.00888,0.074,24.0,0.0
6187,380.37,121.58,0.0299,0.249,23.0,0.0
6188,380.37,2.7475,51.6,1.0,11.0,0.0
6189,387.48,72.91,0.169,1.0,20.0,0.0
6190,387.48,76.142,0.152,1.0,20.0,0.0
6191,387.48,77.744,0.144,1.0,20.0,0.0
6192,387.48,79.637,0.136,1.0,21.0,0.0
6193,387.48,81.93,0.126,1.0,21.0,0.0
6194,387.48,83.132,0.121,1.0,21.0,0.0
6195,387.48,86.627,0.108,0.904,21.0,0.0
6196,387.48,90.122,0.097,0.808,21.0,0.0
6197,387.48,92.493,0.0899,0.749,21.0,0.0
6198,387.48,93.617,0.0867,0.722,21.0,0.0
6199,387.48,97.112,0.0775,0.646,21.0,0.0
6200,387.48,98.772,0.0734,0.612,21.0,0.0
6201,387.48,100.61,0.0692,0.576,21.0,0.0
6202,387.48,102.06,0.066,0.55,22.0,0.0
6203,387.48,104.1,0.0617,0.514,22.0,0.0
6204,387.48,105.06,0.0598,0.498,22.0,0.0
6205,387.48,107.6,0.0549,0.458,22.0,0.0
6206,387.48,108.95,0.0525,0.438,22.0,0.0
6207,387.48,111.09,0.0488,0.407,22.0,0.0
6208,387.48,112.83,0.046,0.383,22.0,0.0
6209,387.48,114.59,0.0433,0.361,22.0,0.0
6210,387.48,116.75,0.0401,0.334,22.0,0.0
6211,387.48,118.08,0.0383,0.319,22.0,0.0
6212,387.48,121.58,0.0337,0.281,22.0,0.0
6213,387.48,124.97,0.0297,0.247,23.0,0.0
6214,387.48,125.07,0.0296,0.246,23.0,0.0
6215,387.48,128.57,0.0258,0.215,23.0,0.0
6216,387.48,132.06,0.0224,0.187,23.0,0.0
6217,387.48,133.19,0.0214,0.178,23.0,0.0
6218,387.48,135.56,0.0193,0.161,23.0,0.0
6219,387.48,139.05,0.0165,0.138,23.0,0.0
6220,387.48,142.55,0.014,0.117,24.0,0.0
6221,387.48,144.15,0.0129,0.108,24.0,0.0
6222,387.48,146.04,0.0118,0.0979,24.0,0.0
6223,387.48,149.54,0.00971,0.081,24.0,0.0
6224,387.48,149.89,0.00952,0.0794,24.0,0.0
6225,387.48,153.03,0.00789,0.0658,24.0,0.0
6226,387.48,153.87,0.00748,0.0623,24.0,0.0
6227,387.48,156.53,0.00626,0.0521,25.0,0.0
6228,387.48,160.02,0.00481,0.0401,25.0,0.0
6229,387.48,161.99,0.00408,0.034,25.0,0.0
6230,387.48,163.52,0.00354,0.0295,25.0,0.0
6231,387.48,167.01,0.00246,0.0205,26.0,0.0
6232,387.48,170.51,0.00158,0.0132,26.0,0.0
6233,387.48,171.17,0.00144,0.012,26.0,0.0
6234,387.48,174.0,0.000941,0.00784,27.0,0.0
6235,387.48,177.5,0.000524,0.00436,27.0,0.0
6236,387.48,180.35,0.000313,0.00261,28.0,0.0
6237,387.48,180.99,0.000278,0.00232,28.0,0.0
6238,387.48,184.49,0.000148,0.00123,29.0,0.0
6239,387.48,187.98,8.7e-05,0.000727,29.0,0.0
6240,387.48,188.7,8.1e-05,0.000672,29.0,0.0
6241,387.48,191.48,7.6e-05,0.000632,29.0,0.0
6242,387.48,194.97,0.000178,0.00148,28.0,0.0
6243,387.48,196.18,0.000262,0.00218,28.0,0.0
6244,387.48,198.47,0.000471,0.00392,27.0,0.0
6245,387.48,200.38,0.000683,0.00569,27.0,0.0
6246,387.48,201.96,0.00088,0.00734,26.0,0.0
6247,387.48,205.46,0.00137,0.0114,26.0,0.0
6248,387.48,208.95,0.00191,0.0159,26.0,0.0
6249,387.48,212.45,0.00248,0.0206,25.0,0.0
6250,387.48,212.84,0.00254,0.0212,25.0,0.0
6251,387.48,215.94,0.00306,0.0255,25.0,0.0
6252,387.48,219.44,0.00365,0.0304,25.0,0.0
6253,387.48,222.32,0.00412,0.0344,25.0,0.0
6254,387.48,222.93,0.00422,0.0352,25.0,0.0
6255,387.48,226.43,0.00478,0.0399,25.0,0.0
6256,387.48,229.92,0.00531,0.0443,25.0,0.0
6257,387.48,231.06,0.00548,0.0457,25.0,0.0
6258,387.48,233.42,0.00582,0.0485,25.0,0.0
6259,387.48,236.91,0.00629,0.0524,25.0,0.0
6260,387.48,237.44,0.00636,0.053,25.0,0.0
6261,387.48,327.73,0.0112,0.0931,24.0,0.0
6262,387.48,450.11,0.00468,0.039,25.0,0.0
6263,387.48,515.03,0.00413,0.0344,26.0,0.0
6264,387.48,588.03,0.0039,0.0325,26.0,0.0
6265,387.48,586.41,0.0039,0.0325,26.0,0.0
6266,387.48,585.58,0.0039,0.0325,26.0,0.0
6267,387.48,583.12,0.00391,0.0326,26.0,0.0
6268,387.48,582.92,0.00391,0.0326,26.0,0.0
6269,387.48,580.67,0.00392,0.0326,26.0,0.0
6270,387.48,579.42,0.00392,0.0327,26.0,0.0
6271,387.48,578.21,0.00392,0.0327,26.0,0.0
6272,387.48,575.93,0.00393,0.0327,26.0,0.0
6273,387.48,575.76,0.00393,0.0327,26.0,0.0
6274,387.48,573.33,0.00394,0.0328,26.0,0.0
6275,387.48,572.43,0.00394,0.0328,26.0,0.0
6276,387.48,571.02,0.00394,0.0328,26.0,0.0
6277,387.48,568.94,0.00395,0.0329,26.0,0.0
6278,387.48,568.87,0.00395,0.0329,26.0,0.0
6279,387.48,567.35,0.00395,0.0329,26.0,0.0
6280,387.48,565.86,0.00396,0.033,26.0,0.0
6281,387.48,565.44,0.00396,0.033,26.0,0.0
6282,387.48,564.37,0.00396,0.033,26.0,0.0
6283,387.48,562.88,0.00396,0.033,26.0,0.0
6284,387.48,561.95,0.00397,0.0331,26.0,0.0
6285,387.48,558.45,0.00398,0.0331,26.0,0.0
6286,387.48,557.76,0.00398,0.0332,26.0,0.0
6287,387.48,554.96,0.00399,0.0332,26.0,0.0
6288,387.48,551.46,0.004,0.0333,26.0,0.0
6289,387.48,549.1,0.004,0.0334,26.0,0.0
6290,387.48,547.97,0.00401,0.0334,26.0,0.0
6291,387.48,544.47,0.00402,0.0335,26.0,0.0
6292,387.48,540.98,0.00403,0.0336,26.0,0.0
6293,387.48,537.48,0.00404,0.0337,26.0,0.0
6294,387.48,533.99,0.00405,0.0338,26.0,0.0
6295,387.48,531.44,0.00406,0.0339,26.0,0.0
6296,387.48,530.49,0.00407,0.0339,26.0,0.0
6297,387.48,527.0,0.00408,0.034,26.0,0.0
6298,387.48,523.5,0.00409,0.0341,26.0,0.0
6299,387.48,453.6,0.00463,0.0386,25.0,0.0
6300,387.48,451.25,0.00467,0.0389,25.0,0.0
6301,387.48,450.11,0.00468,0.039,25.0,0.0
6302,387.48,446.61,0.00474,0.0395,25.0,0.0
6303,387.48,443.12,0.00481,0.0401,25.0,0.0
6304,387.48,299.82,0.0106,0.0883,24.0,0.0
6305,387.48,264.87,0.00901,0.0751,24.0,0.0
6306,387.48,121.58,0.0337,0.281,22.0,0.0
6307,387.48,2.7475,55.1,1.0,11.0,0.0
6308,396.34,72.91,0.186,1.0,20.0,0.0
6309,396.34,76.142,0.168,1.0,20.0,0.0
6310,396.34,77.744,0.159,1.0,20.0,0.0
6311,396.34,79.637,0.15,1.0,20.0,0.0
6312,396.34,81.93,0.14,1.0,21.0,0.0
6313,396.34,83.132,0.134,1.0,21.0,0.0
6314,396.34,86.627,0.12,1.0,21.0,0.0
6315,396.34,90.122,0.108,0.899,21.0,0.0
6316,396.34,92.493,0.1,0.835,21.0,0.0
6317,396.34,93.617,0.0967,0.806,21.0,0.0
6318,396.34,97.112,0.0867,0.722,21.0,0.0
6319,396.34,98.772,0.0823,0.686,21.0,0.0
6320,396.34,100.61,0.0776,0.647,21.0,0.0
6321,396.34,102.06,0.0742,0.618,21.0,0.0
6322,396.34,104.1,0.0695,0.579,22.0,0.0
6323,396.34,105.06,0.0674,0.562,22.0,0.0
6324,396.34,107.6,0.0621,0.517,22.0,0.0
6325,396.34,108.95,0.0594,0.495,22.0,0.0
6326,396.34,111.09,0.0554,0.462,22.0,0.0
6327,396.34,112.83,0.0523,0.436,22.0,0.0
6328,396.34,114.59,0.0493,0.411,22.0,0.0
6329,396.34,116.75,0.0459,0.382,22.0,0.0
6330,396.34,118.08,0.0438,0.365,22.0,0.0
6331,396.34,121.58,0.0388,0.323,22.0,0.0
6332,396.34,124.97,0.0344,0.287,22.0,0.0
6333,396.34,125.07,0.0343,0.286,22.0,0.0
6334,396.34,128.57,0.0301,0.251,23.0,0.0
6335,396.34,132.06,0.0264,0.22,23.0,0.0
6336,396.34,133.19,0.0252,0.21,23.0,0.0
6337,396.34,135.56,0.0229,0.191,23.0,0.0
6338,396.34,139.05,0.0198,0.165,23.0,0.0
6339,396.34,142.55,0.017,0.142,23.0,0.0
6340,396.34,144.15,0.0158,0.132,23.0,0.0
6341,396.34,146.04,0.0145,0.121,24.0,0.0
6342,396.34,149.54,0.0122,0.101,24.0,0.0
6343,396.34,149.89,0.0119,0.0996,24.0,0.0
6344,396.34,153.03,0.0101,0.0841,24.0,0.0
6345,396.34,153.87,0.00963,0.0803,24.0,0.0
6346,396.34,156.53,0.00823,0.0686,24.0,0.0
6347,396.34,160.02,0.00657,0.0547,24.0,0.0
6348,396.34,161.99,0.00571,0.0475,25.0,0.0
6349,396.34,163.52,0.00508,0.0423,25.0,0.0
6350,396.34,167.01,0.00377,0.0314,25.0,0.0
6351,396.34,170.51,0.00263,0.0219,26.0,0.0
6352,396.34,171.17,0.00243,0.0203,26.0,0.0
6353,396.34,174.0,0.00171,0.0143,26.0,0.0
6354,396.34,177.5,0.00105,0.00873,27.0,0.0
6355,396.34,180.35,0.000667,0.00556,27.0,0.0
6356,396.34,180.99,0.0006,0.005,27.0,0.0
6357,396.34,184.49,0.000325,0.00271,28.0,0.0
6358,396.34,187.98,0.000175,0.00146,28.0,0.0
6359,396.34,188.7,0.000154,0.00129,29.0,0.0
6360,396.34,191.48,0.000101,0.000838,29.0,0.0
6361,396.34,194.97,7.7e-05,0.000639,29.0,0.0
6362,396.34,196.18,8.2e-05,0.000681,29.0,0.0
6363,396.34,198.47,0.000136,0.00113,28.0,0.0
6364,396.34,200.38,0.000251,0.00209,28.0,0.0
6365,396.34,201.96,0.000386,0.00321,27.0,0.0
6366,396.34,205.46,0.000772,0.00643,27.0,0.0
6367,396.34,208.95,0.00124,0.0104,26.0,0.0
6368,396.34,212.45,0.00178,0.0148,26.0,0.0
6369,396.34,212.84,0.00184,0.0153,26.0,0.0
6370,396.34,215.94,0.00235,0.0196,26.0,0.0
6371,396.34,219.44,0.00294,0.0245,25.0,0.0
6372,396.34,222.32,0.00344,0.0287,25.0,0.0
6373,396.34,222.93,0.00354,0.0295,25.0,0.0
6374,396.34,226.43,0.00414,0.0345,25.0,0.0
6375,396.34,229.92,0.00472,0.0394,25.0,0.0
6376,396.34,231.06,0.00491,0.0409,25.0,0.0
6377,396.34,233.42,0.00529,0.0441,25.0,0.0
6378,396.34,236.91,0.00583,0.0486,25.0,0.0
6379,396.34,237.44,0.00591,0.0492,25.0,0.0
6380,396.34,327.73,0.0119,0.0989,24.0,0.0
6381,396.34,450.11,0.00516,0.043,25.0,0.0
6382,396.34,515.03,0.00443,0.0369,26.0,0.0
6383,396.34,588.03,0.00416,0.0346,26.0,0.0
6384,396.34,586.41,0.00416,0.0347,26.0,0.0
6385,396.34,585.58,0.00416,0.0347,26.0,0.0
6386,396.34,583.12,0.00417,0.0347,26.0,0.0
6387,396.34,582.92,0.00417,0.0348,26.0,0.0
6388,396.34,580.67,0.00418,0.0348,26.0,0.0
6389,396.34,579.42,0.00418,0.0348,26.0,0.0
6390,396.34,578.21,0.00418,0.0349,26.0,0.0
6391,396.34,575.93,0.00419,0.0349,26.0,0.0
6392,396.34,575.76,0.00419,0.0349,26.0,0.0
6393,396.34,573.33,0.0042,0.035,26.0,0.0
6394,396.34,572.43,0.0042,0.035,26.0,0.0
6395,396.34,571.02,0.00421,0.035,26.0,0.0
6396,396.34,568.94,0.00421,0.0351,26.0,0.0
6397,396.34,568.87,0.00421,0.0351,26.0,0.0
6398,396.34,567.35,0.00422,0.0351,26.0,0.0
6399,396.34,565.86,0.00422,0.0352,26.0,0.0
6400,396.34,565.44,0.00422,0.0352,26.0,0.0
6401,396.34,564.37,0.00423,0.0352,26.0,0.0
6402,396.34,562.88,0.00423,0.0353,26.0,0.0
6403,396.34,561.95,0.00423,0.0353,26.0,0.0
6404,396.34,558.45,0.00424,0.0354,26.0,0.0
6405,396.34,557.76,0.00425,0.0354,26.0,0.0
6406,396.34,554.96,0.00426,0.0355,26.0,0.0
6407,396.34,551.46,0.00427,0.0356,26.0,0.0
6408,396.34,549.1,0.00428,0.0356,26.0,0.0
6409,396.34,547.97,0.00428,0.0357,26.0,0.0
6410,396.34,544.47,0.00429,0.0358,26.0,0.0
6411,396.34,540.98,0.00431,0.0359,26.0,0.0
6412,396.34,537.48,0.00432,0.036,26.0,0.0
6413,396.34,533.99,0.00434,0.0361,26.0,0.0
6414,396.34,531.44,0.00435,0.0362,26.0,0.0
6415,396.34,530.49,0.00435,0.0363,26.0,0.0
6416,396.34,527.0,0.00437,0.0364,26.0,0.0
6417,396.34,523.5,0.00438,0.0365,26.0,0.0
6418,396.34,453.6,0.00508,0.0424,25.0,0.0
6419,396.34,451.25,0.00513,0.0428,25.0,0.0
6420,396.34,450.11,0.00516,0.043,25.0,0.0
6421,396.34,446.61,0.00524,0.0436,25.0,0.0
6422,396.34,443.12,0.00533,0.0444,25.0,0.0
6423,396.34,299.82,0.0111,0.0924,24.0,0.0
6424,396.34,264.87,0.00908,0.0756,24.0,0.0
6425,396.34,121.58,0.0388,0.323,22.0,0.0
6426,396.34,2.7475,59.7,1.0,11.0,0.0
6427,400.39,72.91,0.195,1.0,20.0,0.0
6428,400.39,76.142,0.175,1.0,20.0,0.0
6429,400.39,77.744,0.167,1.0,20.0,0.0
6430,400.39,79.637,0.157,1.0,20.0,0.0
6431,400.39,81.93,0.146,1.0,20.0,0.0
6432,400.39,83.132,0.141,1.0,21.0,0.0
6433,400.39,86.627,0.126,1.0,21.0,0.0
6434,400.39,90.122,0.113,0.943,21.0,0.0
6435,400.39,92.493,0.105,0.876,21.0,0.0
6436,400.39,93.617,0.102,0.846,21.0,0.0
6437,400.39,97.112,0.0911,0.759,21.0,0.0
6438,400.39,98.772,0.0866,0.721,21.0,0.0
6439,400.39,100.61,0.0817,0.681,21.0,0.0
6440,400.39,102.06,0.0781,0.651,21.0,0.0
6441,400.39,104.1,0.0733,0.61,21.0,0.0
6442,400.39,105.06,0.0711,0.592,21.0,0.0
6443,400.39,107.6,0.0656,0.546,22.0,0.0
6444,400.39,108.95,0.0628,0.523,22.0,0.0
6445,400.39,111.09,0.0586,0.488,22.0,0.0
6446,400.39,112.83,0.0554,0.462,22.0,0.0
6447,400.39,114.59,0.0523,0.436,22.0,0.0
6448,400.39,116.75,0.0487,0.406,22.0,0.0
6449,400.39,118.08,0.0465,0.388,22.0,0.0
6450,400.39,121.58,0.0413,0.344,22.0,0.0
6451,400.39,124.97,0.0367,0.306,22.0,0.0
6452,400.39,125.07,0.0366,0.305,22.0,0.0
6453,400.39,128.57,0.0322,0.269,23.0,0.0
6454,400.39,132.06,0.0283,0.236,23.0,0.0
6455,400.39,133.19,0.0271,0.226,23.0,0.0
6456,400.39,135.56,0.0247,0.206,23.0,0.0
6457,400.39,139.05,0.0215,0.179,23.0,0.0
6458,400.39,142.55,0.0185,0.154,23.0,0.0
6459,400.39,144.15,0.0172,0.144,23.0,0.0
6460,400.39,146.04,0.0158,0.132,23.0,0.0
6461,400.39,149.54,0.0134,0.112,24.0,0.0
6462,400.39,149.89,0.0132,0.11,24.0,0.0
6463,400.39,153.03,0.0112,0.0933,24.0,0.0
6464,400.39,153.87,0.0107,0.0892,24.0,0.0
6465,400.39,156.53,0.00923,0.0769,24.0,0.0
6466,400.39,160.02,0.00745,0.0621,24.0,0.0
6467,400.39,161.99,0.00654,0.0545,25.0,0.0
6468,400.39,163.52,0.00586,0.0489,25.0,0.0
6469,400.39,167.01,0.00445,0.0371,25.0,0.0
6470,400.39,170.51,0.0032,0.0267,25.0,0.0
6471,400.39,171.17,0.00298,0.0249,25.0,0.0
6472,400.39,174.0,0.00216,0.018,26.0,0.0
6473,400.39,177.5,0.00138,0.0115,26.0,0.0
6474,400.39,180.35,0.000911,0.00759,27.0,0.0
6475,400.39,180.99,0.000825,0.00687,27.0,0.0
6476,400.39,184.49,0.000461,0.00384,28.0,0.0
6477,400.39,187.98,0.000249,0.00208,28.0,0.0
6478,400.39,188.7,0.000219,0.00183,28.0,0.0
6479,400.39,191.48,0.000137,0.00114,29.0,0.0
6480,400.39,194.97,8.6e-05,0.000719,29.0,0.0
6481,400.39,196.18,7.9e-05,0.000662,29.0,0.0
6482,400.39,198.47,8.6e-05,0.00072,29.0,0.0
6483,400.39,200.38,0.000134,0.00112,28.0,0.0
6484,400.39,201.96,0.000221,0.00185,28.0,0.0
6485,400.39,205.46,0.000539,0.00449,27.0,0.0
6486,400.39,208.95,0.000966,0.00805,26.0,0.0
6487,400.39,212.45,0.00147,0.0122,26.0,0.0
6488,400.39,212.84,0.00153,0.0127,26.0,0.0
6489,400.39,215.94,0.00202,0.0169,26.0,0.0
6490,400.39,219.44,0.00261,0.0218,25.0,0.0
6491,400.39,222.32,0.00311,0.0259,25.0,0.0
6492,400.39,222.93,0.00321,0.0268,25.0,0.0
6493,400.39,226.43,0.00382,0.0319,25.0,0.0
6494,400.39,229.92,0.00442,0.0369,25.0,0.0
6495,400.39,231.06,0.00462,0.0385,25.0,0.0
6496,400.39,233.42,0.00501,0.0418,25.0,0.0
6497,400.39,236.91,0.00557,0.0465,25.0,0.0
6498,400.39,237.44,0.00566,0.0471,25.0,0.0
6499,400.39,327.73,0.0122,0.101,24.0,0.0
6500,400.39,450.11,0.0054,0.045,25.0,0.0
6501,400.39,515.03,0.00457,0.0381,26.0,0.0
6502,400.39,588.03,0.00428,0.0356,26.0,0.0
6503,400.39,586.41,0.00428,0.0357,26.0,0.0
6504,400.39,585.58,0.00429,0.0357,26.0,0.0
6505,400.39,583.12,0.00429,0.0358,26.0,0.0
6506,400.39,582.92,0.00429,0.0358,26.0,0.0
6507,400.39,580.67,0.0043,0.0358,26.0,0.0
6508,400.39,579.42,0.0043,0.0359,26.0,0.0
6509,400.39,578.21,0.00431,0.0359,26.0,0.0
6510,400.39,575.93,0.00431,0.036,26.0,0.0
6511,400.39,575.76,0.00431,0.036,26.0,0.0
6512,400.39,573.33,0.00432,0.036,26.0,0.0
6513,400.39,572.43,0.00433,0.036,26.0,0.0
6514,400.39,571.02,0.00433,0.0361,26.0,0.0
6515,400.39,568.94,0.00434,0.0361,26.0,0.0
6516,400.39,568.87,0.00434,0.0361,26.0,0.0
6517,400.39,567.35,0.00434,0.0362,26.0,0.0
6518,400.39,565.86,0.00435,0.0362,26.0,0.0
6519,400.39,565.44,0.00435,0.0362,26.0,0.0
6520,400.39,564.37,0.00435,0.0363,26.0,0.0
6521,400.39,562.88,0.00436,0.0363,26.0,0.0
6522,400.39,561.95,0.00436,0.0363,26.0,0.0
6523,400.39,558.45,0.00437,0.0364,26.0,0.0
6524,400.39,557.76,0.00437,0.0365,26.0,0.0
6525,400.39,554.96,0.00438,0.0365,26.0,0.0
6526,400.39,551.46,0.0044,0.0366,26.0,0.0
6527,400.39,549.1,0.00441,0.0367,26.0,0.0
6528,400.39,547.97,0.00441,0.0368,26.0,0.0
6529,400.39,544.47,0.00442,0.0369,26.0,0.0
6530,400.39,540.98,0.00444,0.037,26.0,0.0
6531,400.39,537.48,0.00445,0.0371,26.0,0.0
6532,400.39,533.99,0.00447,0.0372,26.0,0.0
6533,400.39,531.44,0.00448,0.0373,26.0,0.0
6534,400.39,530.49,0.00449,0.0374,26.0,0.0
6535,400.39,527.0,0.0045,0.0375,26.0,0.0
6536,400.39,523.5,0.00452,0.0377,26.0,0.0
6537,400.39,453.6,0.00532,0.0443,25.0,0.0
6538,400.39,451.25,0.00537,0.0448,25.0,0.0
6539,400.39,450.11,0.0054,0.045,25.0,0.0
6540,400.39,446.61,0.00549,0.0458,25.0,0.0
6541,400.39,443.12,0.0056,0.0466,25.0,0.0
6542,400.39,299.82,0.0113,0.0942,24.0,0.0
6543,400.39,264.87,0.00907,0.0756,24.0,0.0
6544,400.39,121.58,0.0413,0.344,22.0,0.0
6545,400.39,2.7475,61.9,1.0,11.0,0.0
6546,411.24,72.91,0.218,1.0,20.0,0.0
6547,411.24,76.142,0.197,1.0,20.0,0.0
6548,411.24,77.744,0.187,1.0,20.0,0.0
6549,411.24,79.637,0.176,1.0,20.0,0.0
6550,411.24,81.93,0.164,1.0,20.0,0.0
6551,411.24,83.132,0.158,1.0,20.0,0.0
6552,411.24,86.627,0.142,1.0,21.0,0.0
6553,411.24,90.122,0.128,1.0,21.0,0.0
6554,411.24,92.493,0.119,0.994,21.0,0.0
6555,411.24,93.617,0.115,0.961,21.0,0.0
6556,411.24,97.112,0.104,0.865,21.0,0.0
6557,411.24,98.772,0.0987,0.823,21.0,0.0
6558,411.24,100.61,0.0934,0.778,21.0,0.0
6559,411.24,102.06,0.0894,0.745,21.0,0.0
6560,411.24,104.1,0.084,0.7,21.0,0.0
6561,411.24,105.06,0.0816,0.68,21.0,0.0
6562,411.24,107.6,0.0755,0.629,21.0,0.0
6563,411.24,108.95,0.0724,0.603,22.0,0.0
6564,411.24,111.09,0.0677,0.564,22.0,0.0
6565,411.24,112.83,0.0642,0.535,22.0,0.0
6566,411.24,114.59,0.0607,0.506,22.0,0.0
6567,411.24,116.75,0.0567,0.472,22.0,0.0
6568,411.24,118.08,0.0543,0.453,22.0,0.0
6569,411.24,121.58,0.0485,0.404,22.0,0.0
6570,411.24,124.97,0.0433,0.361,22.0,0.0
6571,411.24,125.07,0.0432,0.36,22.0,0.0
6572,411.24,128.57,0.0383,0.319,22.0,0.0
6573,411.24,132.06,0.0339,0.282,22.0,0.0
6574,411.24,133.19,0.0325,0.271,23.0,0.0
6575,411.24,135.56,0.0298,0.249,23.0,0.0
6576,411.24,139.05,0.0262,0.218,23.0,0.0
6577,411.24,142.55,0.0228,0.19,23.0,0.0
6578,411.24,144.15,0.0214,0.178,23.0,0.0
6579,411.24,146.04,0.0198,0.165,23.0,0.0
6580,411.24,149.54,0.017,0.141,23.0,0.0
6581,411.24,149.89,0.0167,0.139,23.0,0.0
6582,411.24,153.03,0.0145,0.12,24.0,0.0
6583,411.24,153.87,0.0139,0.116,24.0,0.0
6584,411.24,156.53,0.0122,0.101,24.0,0.0
6585,411.24,160.02,0.0101,0.0843,24.0,0.0
6586,411.24,161.99,0.00903,0.0753,24.0,0.0
6587,411.24,163.52,0.00824,0.0686,24.0,0.0
6588,411.24,167.01,0.00654,0.0545,25.0,0.0
6589,411.24,170.51,0.00498,0.0415,25.0,0.0
6590,411.24,171.17,0.0047,0.0392,25.0,0.0
6591,411.24,174.0,0.00362,0.0301,25.0,0.0
6592,411.24,177.5,0.00255,0.0213,26.0,0.0
6593,411.24,180.35,0.00184,0.0154,26.0,0.0
6594,411.24,180.99,0.0017,0.0142,26.0,0.0
6595,411.24,184.49,0.00106,0.00886,27.0,0.0
6596,411.24,187.98,0.000621,0.00517,27.0,0.0
6597,411.24,188.7,0.000551,0.0046,27.0,0.0
6598,411.24,191.48,0.000345,0.00287,28.0,0.0
6599,411.24,194.97,0.00019,0.00158,28.0,0.0
6600,411.24,196.18,0.000156,0.0013,29.0,0.0
6601,411.24,198.47,0.000111,0.000925,29.0,0.0
6602,411.24,200.38,9e-05,0.00075,29.0,0.0
6603,411.24,201.96,8.3e-05,0.000689,29.0,0.0
6604,411.24,205.46,0.000127,0.00106,28.0,0.0
6605,411.24,208.95,0.000355,0.00296,27.0,0.0
6606,411.24,212.45,0.000731,0.00609,27.0,0.0
6607,411.24,212.84,0.00078,0.0065,27.0,0.0
6608,411.24,215.94,0.0012,0.01,26.0,0.0
6609,411.24,219.44,0.00174,0.0145,26.0,0.0
6610,411.24,222.32,0.00221,0.0184,26.0,0.0
6611,411.24,222.93,0.00231,0.0193,26.0,0.0
6612,411.24,226.43,0.00292,0.0244,25.0,0.0
6613,411.24,229.92,0.00355,0.0296,25.0,0.0
6614,411.24,231.06,0.00375,0.0313,25.0,0.0
6615,411.24,233.42,0.00417,0.0348,25.0,0.0
6616,411.24,236.91,0.00479,0.0399,25.0,0.0
6617,411.24,237.44,0.00489,0.0407,25.0,0.0
6618,411.24,327.73,0.013,0.108,24.0,0.0
6619,411.24,450.11,0.00617,0.0514,25.0,0.0
6620,411.24,515.03,0.00498,0.0415,26.0,0.0
6621,411.24,588.03,0.00462,0.0385,26.0,0.0
6622,411.24,586.41,0.00462,0.0385,26.0,0.0
6623,411.24,585.58,0.00462,0.0385,26.0,0.0
6624,411.24,583.12,0.00463,0.0386,26.0,0.0
6625,411.24,582.92,0.00463,0.0386,26.0,0.0
6626,411.24,580.67,0.00464,0.0387,26.0,0.0
6627,411.24,579.42,0.00465,0.0387,26.0,0.0
6628,411.24,578.21,0.00465,0.0387,26.0,0.0
6629,411.24,575.93,0.00466,0.0388,26.0,0.0
6630,411.24,575.76,0.00466,0.0388,26.0,0.0
6631,411.24,573.33,0.00467,0.0389,26.0,0.0
6632,411.24,572.43,0.00467,0.0389,26.0,0.0
6633,411.24,571.02,0.00468,0.039,26.0,0.0
6634,411.24,568.94,0.00468,0.039,26.0,0.0
6635,411.24,568.87,0.00468,0.039,26.0,0.0
6636,411.24,567.35,0.00469,0.0391,26.0,0.0
6637,411.24,565.86,0.0047,0.0391,26.0,0.0
6638,411.24,565.44,0.0047,0.0391,26.0,0.0
6639,411.24,564.37,0.0047,0.0392,26.0,0.0
6640,411.24,562.88,0.00471,0.0392,26.0,0.0
6641,411.24,561.95,0.00471,0.0393,26.0,0.0
6642,411.24,558.45,0.00473,0.0394,26.0,0.0
6643,411.24,557.76,0.00473,0.0394,26.0,0.0
6644,411.24,554.96,0.00474,0.0395,26.0,0.0
6645,411.24,551.46,0.00476,0.0397,26.0,0.0
6646,411.24,549.1,0.00477,0.0397,26.0,0.0
6647,411.24,547.97,0.00477,0.0398,26.0,0.0
6648,411.24,544.47,0.00479,0.0399,26.0,0.0
6649,411.24,540.98,0.00481,0.0401,26.0,0.0
6650,411.24,537.48,0.00483,0.0403,26.0,0.0
6651,411.24,533.99,0.00485,0.0404,26.0,0.0
6652,411.24,531.44,0.00487,0.0405,26.0,0.0
6653,411.24,530.49,0.00487,0.0406,26.0,0.0
6654,411.24,527.0,0.00489,0.0408,26.0,0.0
6655,411.24,523.5,0.00492,0.041,26.0,0.0
6656,411.24,453.6,0.00605,0.0504,25.0,0.0
6657,411.24,451.25,0.00613,0.0511,25.0,0.0
6658,411.24,450.11,0.00617,0.0514,25.0,0.0
6659,411.24,446.61,0.00631,0.0526,25.0,0.0
6660,411.24,443.12,0.00647,0.0539,25.0,0.0
6661,411.24,299.82,0.0118,0.0983,24.0,0.0
6662,411.24,264.87,0.00892,0.0743,24.0,0.0
6663,411.24,121.58,0.0485,0.404,22.0,0.0
6664,411.24,2.7475,68.0,1.0,11.0,0.0
6665,420.41,72.91,0.239,1.0,20.0,0.0
6666,420.41,76.142,0.216,1.0,20.0,0.0
6667,420.41,77.744,0.206,1.0,20.0,0.0
6668,420.41,79.637,0.194,1.0,20.0,0.0
6669,420.41,81.93,0.181,1.0,20.0,0.0
6670,420.41,83.132,0.175,1.0,20.0,0.0
6671,420.41,86.627,0.157,1.0,20.0,0.0
6672,420.41,90.122,0.142,1.0,21.0,0.0
6673,420.41,92.493,0.132,1.0,21.0,0.0
6674,420.41,93.617,0.128,1.0,21.0,0.0
6675,420.41,97.112,0.115,0.961,21.0,0.0
6676,420.41,98.772,0.11,0.915,21.0,0.0
6677,420.41,100.61,0.104,0.867,21.0,0.0
6678,420.41,102.06,0.0996,0.83,21.0,0.0
6679,420.41,104.1,0.0938,0.782,21.0,0.0
6680,420.41,105.06,0.0912,0.76,21.0,0.0
6681,420.41,107.6,0.0845,0.704,21.0,0.0
6682,420.41,108.95,0.0812,0.676,21.0,0.0
6683,420.41,111.09,0.0761,0.634,21.0,0.0
6684,420.41,112.83,0.0722,0.602,22.0,0.0
6685,420.41,114.59,0.0684,0.57,22.0,0.0
6686,420.41,116.75,0.0641,0.534,22.0,0.0
6687,420.41,118.08,0.0615,0.512,22.0,0.0
6688,420.41,121.58,0.0551,0.459,22.0,0.0
6689,420.41,124.97,0.0494,0.412,22.0,0.0
6690,420.41,125.07,0.0493,0.411,22.0,0.0
6691,420.41,128.57,0.044,0.366,22.0,0.0
6692,420.41,132.06,0.0391,0.326,22.0,0.0
6693,420.41,133.19,0.0376,0.313,22.0,0.0
6694,420.41,135.56,0.0346,0.289,23.0,0.0
6695,420.41,139.05,0.0306,0.255,23.0,0.0
6696,420.41,142.55,0.0269,0.224,23.0,0.0
6697,420.41,144.15,0.0253,0.211,23.0,0.0
6698,420.41,146.04,0.0235,0.196,23.0,0.0
6699,420.41,149.54,0.0204,0.17,23.0,0.0
6700,420.41,149.89,0.0201,0.167,23.0,0.0
6701,420.41,153.03,0.0176,0.146,23.0,0.0
6702,420.41,153.87,0.0169,0.141,23.0,0.0
6703,420.41,156.53,0.015,0.125,24.0,0.0
6704,420.41,160.02,0.0127,0.106,24.0,0.0
6705,420.41,161.99,0.0115,0.0955,24.0,0.0
6706,420.41,163.52,0.0106,0.0879,24.0,0.0
6707,420.41,167.01,0.0086,0.0717,24.0,0.0
6708,420.41,170.51,0.00676,0.0564,25.0,0.0
6709,420.41,171.17,0.00642,0.0535,25.0,0.0
6710,420.41,174.0,0.0051,0.0425,25.0,0.0
6711,420.41,177.5,0.00382,0.0319,25.0,0.0
6712,420.41,180.35,0.00294,0.0245,26.0,0.0
6713,420.41,180.99,0.00276,0.023,26.0,0.0
6714,420.41,184.49,0.00188,0.0157,26.0,0.0
6715,420.41,187.98,0.0012,0.01,27.0,0.0
6716,420.41,188.7,0.00109,0.00905,27.0,0.0
6717,420.41,191.48,0.000719,0.00599,27.0,0.0
6718,420.41,194.97,0.000408,0.0034,28.0,0.0
6719,420.41,196.18,0.000333,0.00278,28.0,0.0
6720,420.41,198.47,0.000227,0.00189,28.0,0.0
6721,420.41,200.38,0.000167,0.00139,29.0,0.0
6722,420.41,201.96,0.000132,0.0011,29.0,0.0
6723,420.41,205.46,9e-05,0.00075,29.0,0.0
6724,420.41,208.95,0.000104,0.000865,29.0,0.0
6725,420.41,212.45,0.000271,0.00226,28.0,0.0
6726,420.41,212.84,0.000302,0.00252,27.0,0.0
6727,420.41,215.94,0.000611,0.00509,27.0,0.0
6728,420.41,219.44,0.00106,0.00882,26.0,0.0
6729,420.41,222.32,0.00148,0.0124,26.0,0.0
6730,420.41,222.93,0.00158,0.0132,26.0,0.0
6731,420.41,226.43,0.00215,0.018,26.0,0.0
6732,420.41,229.92,0.00277,0.023,25.0,0.0
6733,420.41,231.06,0.00297,0.0248,25.0,0.0
6734,420.41,233.42,0.0034,0.0283,25.0,0.0
6735,420.41,236.91,0.00404,0.0337,25.0,0.0
6736,420.41,237.44,0.00414,0.0345,25.0,0.0
6737,420.41,327.73,0.0136,0.113,24.0,0.0
6738,420.41,450.11,0.007,0.0583,25.0,0.0
6739,420.41,515.03,0.00537,0.0448,25.0,0.0
6740,420.41,588.03,0.00492,0.041,26.0,0.0
6741,420.41,586.41,0.00492,0.041,26.0,0.0
6742,420.41,585.58,0.00493,0.0411,26.0,0.0
6743,420.41,583.12,0.00494,0.0411,26.0,0.0
6744,420.41,582.92,0.00494,0.0411,26.0,0.0
6745,420.41,580.67,0.00495,0.0412,26.0,0.0
6746,420.41,579.42,0.00495,0.0413,26.0,0.0
6747,420.41,578.21,0.00496,0.0413,26.0,0.0
6748,420.41,575.93,0.00497,0.0414,26.0,0.0
6749,420.41,575.76,0.00497,0.0414,26.0,0.0
6750,420.41,573.33,0.00498,0.0415,26.0,0.0
6751,420.41,572.43,0.00498,0.0415,26.0,0.0
6752,420.41,571.02,0.00499,0.0416,26.0,0.0
6753,420.41,568.94,0.005,0.0416,26.0,0.0
6754,420.41,568.87,0.005,0.0416,26.0,0.0
6755,420.41,567.35,0.005,0.0417,26.0,0.0
6756,420.41,565.86,0.00501,0.0418,26.0,0.0
6757,420.41,565.44,0.00501,0.0418,26.0,0.0
6758,420.41,564.37,0.00502,0.0418,26.0,0.0
6759,420.41,562.88,0.00502,0.0419,26.0,0.0
6760,420.41,561.95,0.00503,0.0419,26.0,0.0
6761,420.41,558.45,0.00505,0.0421,26.0,0.0
6762,420.41,557.76,0.00505,0.0421,26.0,0.0
6763,420.41,554.96,0.00507,0.0422,26.0,0.0
6764,420.41,551.46,0.00509,0.0424,26.0,0.0
6765,420.41,549.1,0.0051,0.0425,26.0,0.0
6766,420.41,547.97,0.00511,0.0425,26.0,0.0
6767,420.41,544.47,0.00513,0.0427,26.0,0.0
6768,420.41,540.98,0.00515,0.0429,26.0,0.0
6769,420.41,537.48,0.00517,0.0431,26.0,0.0
6770,420.41,533.99,0.0052,0.0433,26.0,0.0
6771,420.41,531.44,0.00522,0.0435,25.0,0.0
6772,420.41,530.49,0.00523,0.0436,25.0,0.0
6773,420.41,527.0,0.00526,0.0438,25.0,0.0
6774,420.41,523.5,0.00529,0.0441,25.0,0.0
6775,420.41,453.6,0.00682,0.0568,25.0,0.0
6776,420.41,451.25,0.00694,0.0578,25.0,0.0
6777,420.41,450.11,0.007,0.0583,25.0,0.0
6778,420.41,446.61,0.0072,0.06,25.0,0.0
6779,420.41,443.12,0.00743,0.062,25.0,0.0
6780,420.41,299.82,0.0121,0.101,24.0,0.0
6781,420.41,264.87,0.00864,0.072,24.0,0.0
6782,420.41,121.58,0.0551,0.459,22.0,0.0
6783,420.41,2.7475,73.6,1.0,11.0,0.0
6784,428.0,72.91,0.258,1.0,20.0,0.0
6785,428.0,76.142,0.233,1.0,20.0,0.0
6786,428.0,77.744,0.222,1.0,20.0,0.0
6787,428.0,79.637,0.21,1.0,20.0,0.0
6788,428.0,81.93,0.196,1.0,20.0,0.0
6789,428.0,83.132,0.189,1.0,20.0,0.0
6790,428.0,86.627,0.17,1.0,20.0,0.0
6791,428.0,90.122,0.154,1.0,21.0,0.0
6792,428.0,92.493,0.143,1.0,21.0,0.0
6793,428.0,93.617,0.139,1.0,21.0,0.0
6794,428.0,97.112,0.125,1.0,21.0,0.0
6795,428.0,98.772,0.12,0.997,21.0,0.0
6796,428.0,100.61,0.113,0.945,21.0,0.0
6797,428.0,102.06,0.109,0.906,21.0,0.0
6798,428.0,104.1,0.102,0.854,21.0,0.0
6799,428.0,105.06,0.0996,0.83,21.0,0.0
6800,428.0,107.6,0.0925,0.771,21.0,0.0
6801,428.0,108.95,0.089,0.741,21.0,0.0
6802,428.0,111.09,0.0835,0.696,21.0,0.0
6803,428.0,112.83,0.0793,0.661,21.0,0.0
6804,428.0,114.59,0.0753,0.627,22.0,0.0
6805,428.0,116.75,0.0706,0.588,22.0,0.0
6806,428.0,118.08,0.0678,0.565,22.0,0.0
6807,428.0,121.58,0.061,0.508,22.0,0.0
6808,428.0,124.97,0.0549,0.457,22.0,0.0
6809,428.0,125.07,0.0547,0.456,22.0,0.0
6810,428.0,128.57,0.049,0.408,22.0,0.0
6811,428.0,132.06,0.0438,0.365,22.0,0.0
6812,428.0,133.19,0.0422,0.351,22.0,0.0
6813,428.0,135.56,0.039,0.325,22.0,0.0
6814,428.0,139.05,0.0346,0.288,23.0,0.0
6815,428.0,142.55,0.0305,0.255,23.0,0.0
6816,428.0,144.15,0.0288,0.24,23.0,0.0
6817,428.0,146.04,0.0269,0.224,23.0,0.0
6818,428.0,149.54,0.0235,0.196,23.0,0.0
6819,428.0,149.89,0.0232,0.193,23.0,0.0
6820,428.0,153.03,0.0204,0.17,23.0,0.0
6821,428.0,153.87,0.0197,0.164,23.0,0.0
6822,428.0,156.53,0.0176,0.147,23.0,0.0
6823,428.0,160.02,0.015,0.125,24.0,0.0
6824,428.0,161.99,0.0137,0.114,24.0,0.0
6825,428.0,163.52,0.0127,0.106,24.0,0.0
6826,428.0,167.01,0.0105,0.0876,24.0,0.0
6827,428.0,170.51,0.00842,0.0702,24.0,0.0
6828,428.0,171.17,0.00802,0.0668,24.0,0.0
6829,428.0,174.0,0.00648,0.054,25.0,0.0
6830,428.0,177.5,0.00504,0.042,25.0,0.0
6831,428.0,180.35,0.00403,0.0336,25.0,0.0
6832,428.0,180.99,0.00382,0.0318,25.0,0.0
6833,428.0,184.49,0.00277,0.0231,26.0,0.0
6834,428.0,187.98,0.0019,0.0158,26.0,0.0
6835,428.0,188.7,0.00174,0.0145,26.0,0.0
6836,428.0,191.48,0.00122,0.0102,27.0,0.0
6837,428.0,194.97,0.000738,0.00615,27.0,0.0
6838,428.0,196.18,0.000612,0.0051,27.0,0.0
6839,428.0,198.47,0.000423,0.00353,28.0,0.0
6840,428.0,200.38,0.000309,0.00257,28.0,0.0
6841,428.0,201.96,0.000239,0.00199,28.0,0.0
6842,428.0,205.46,0.000139,0.00116,29.0,0.0
6843,428.0,208.95,9.5e-05,0.000788,29.0,0.0
6844,428.0,212.45,0.000103,0.000858,29.0,0.0
6845,428.0,212.84,0.00011,0.000917,29.0,0.0
6846,428.0,215.94,0.000254,0.00212,28.0,0.0
6847,428.0,219.44,0.000585,0.00487,27.0,0.0
6848,428.0,222.32,0.000943,0.00786,26.0,0.0
6849,428.0,222.93,0.00103,0.00855,26.0,0.0
6850,428.0,226.43,0.00155,0.0129,26.0,0.0
6851,428.0,229.92,0.00212,0.0177,26.0,0.0
6852,428.0,231.06,0.00232,0.0193,26.0,0.0
6853,428.0,233.42,0.00274,0.0228,25.0,0.0
6854,428.0,236.91,0.00338,0.0282,25.0,0.0
6855,428.0,237.44,0.00348,0.029,25.0,0.0
6856,428.0,327.73,0.0141,0.117,24.0,0.0
6857,428.0,450.11,0.00787,0.0656,25.0,0.0
6858,428.0,515.03,0.00572,0.0477,25.0,0.0
6859,428.0,588.03,0.00518,0.0431,26.0,0.0
6860,428.0,586.41,0.00518,0.0432,26.0,0.0
6861,428.0,585.58,0.00519,0.0432,26.0,0.0
6862,428.0,583.12,0.0052,0.0433,26.0,0.0
6863,428.0,582.92,0.0052,0.0433,26.0,0.0
6864,428.0,580.67,0.00521,0.0434,26.0,0.0
6865,428.0,579.42,0.00522,0.0435,26.0,0.0
6866,428.0,578.21,0.00522,0.0435,26.0,0.0
6867,428.0,575.93,0.00523,0.0436,26.0,0.0
6868,428.0,575.76,0.00523,0.0436,26.0,0.0
6869,428.0,573.33,0.00525,0.0437,26.0,0.0
6870,428.0,572.43,0.00525,0.0438,26.0,0.0
6871,428.0,571.02,0.00526,0.0438,26.0,0.0
6872,428.0,568.94,0.00527,0.0439,26.0,0.0
6873,428.0,568.87,0.00527,0.0439,26.0,0.0
6874,428.0,567.35,0.00528,0.044,26.0,0.0
6875,428.0,565.86,0.00529,0.044,26.0,0.0
6876,428.0,565.44,0.00529,0.0441,26.0,0.0
6877,428.0,564.37,0.00529,0.0441,26.0,0.0
6878,428.0,562.88,0.0053,0.0442,26.0,0.0
6879,428.0,561.95,0.00531,0.0442,26.0,0.0
6880,428.0,558.45,0.00533,0.0444,26.0,0.0
6881,428.0,557.76,0.00533,0.0444,26.0,0.0
6882,428.0,554.96,0.00535,0.0446,26.0,0.0
6883,428.0,551.46,0.00537,0.0448,26.0,0.0
6884,428.0,549.1,0.00539,0.0449,25.0,0.0
6885,428.0,547.97,0.0054,0.045,25.0,0.0
6886,428.0,544.47,0.00543,0.0452,25.0,0.0
6887,428.0,540.98,0.00545,0.0454,25.0,0.0
6888,428.0,537.48,0.00548,0.0457,25.0,0.0
6889,428.0,533.99,0.00551,0.046,25.0,0.0
6890,428.0,531.44,0.00554,0.0462,25.0,0.0
6891,428.0,530.49,0.00555,0.0462,25.0,0.0
6892,428.0,527.0,0.00558,0.0465,25.0,0.0
6893,428.0,523.5,0.00562,0.0468,25.0,0.0
6894,428.0,453.6,0.00762,0.0635,25.0,0.0
6895,428.0,451.25,0.00778,0.0649,25.0,0.0
6896,428.0,450.11,0.00787,0.0656,25.0,0.0
6897,428.0,446.61,0.00815,0.0679,25.0,0.0
6898,428.0,443.12,0.00847,0.0706,25.0,0.0
6899,428.0,299.82,0.0123,0.103,24.0,0.0
6900,428.0,264.87,0.00831,0.0693,24.0,0.0
6901,428.0,121.58,0.061,0.508,22.0,0.0
6902,428.0,2.7475,78.4,1.0,11.0,0.0
6903,435.5,72.91,0.277,1.0,20.0,0.0
6904,435.5,76.142,0.251,1.0,20.0,0.0
6905,435.5,77.744,0.239,1.0,20.0,0.0
6906,435.5,79.637,0.226,1.0,20.0,0.0
6907,435.5,81.93,0.211,1.0,20.0,0.0
6908,435.5,83.132,0.204,1.0,20.0,0.0
6909,435.5,86.627,0.184,1.0,20.0,0.0
6910,435.5,90.122,0.166,1.0,20.0,0.0
6911,435.5,92.493,0.155,1.0,21.0,0.0
6912,435.5,93.617,0.15,1.0,21.0,0.0
6913,435.5,97.112,0.136,1.0,21.0,0.0
6914,435.5,98.772,0.13,1.0,21.0,0.0
6915,435.5,100.61,0.123,1.0,21.0,0.0
6916,435.5,102.06,0.118,0.985,21.0,0.0
6917,435.5,104.1,0.112,0.929,21.0,0.0
6918,435.5,105.06,0.109,0.904,21.0,0.0
6919,435.5,107.6,0.101,0.841,21.0,0.0
6920,435.5,108.95,0.0971,0.809,21.0,0.0
6921,435.5,111.09,0.0913,0.761,21.0,0.0
6922,435.5,112.83,0.0868,0.724,21.0,0.0
6923,435.5,114.59,0.0825,0.688,21.0,0.0
6924,435.5,116.75,0.0775,0.645,22.0,0.0
6925,435.5,118.08,0.0745,0.621,22.0,0.0
6926,435.5,121.58,0.0672,0.56,22.0,0.0
6927,435.5,124.97,0.0606,0.505,22.0,0.0
6928,435.5,125.07,0.0605,0.504,22.0,0.0
6929,435.5,128.57,0.0543,0.453,22.0,0.0
6930,435.5,132.06,0.0487,0.406,22.0,0.0
6931,435.5,133.19,0.047,0.391,22.0,0.0
6932,435.5,135.56,0.0435,0.363,22.0,0.0
6933,435.5,139.05,0.0388,0.323,22.0,0.0
6934,435.5,142.55,0.0344,0.287,23.0,0.0
6935,435.5,144.15,0.0326,0.271,23.0,0.0
6936,435.5,146.04,0.0305,0.254,23.0,0.0
6937,435.5,149.54,0.0268,0.223,23.0,0.0
6938,435.5,149.89,0.0265,0.221,23.0,0.0
6939,435.5,153.03,0.0235,0.196,23.0,0.0
6940,435.5,153.87,0.0227,0.189,23.0,0.0
6941,435.5,156.53,0.0204,0.17,23.0,0.0
6942,435.5,160.02,0.0176,0.147,23.0,0.0
6943,435.5,161.99,0.0161,0.134,24.0,0.0
6944,435.5,163.52,0.015,0.125,24.0,0.0
6945,435.5,167.01,0.0126,0.105,24.0,0.0
6946,435.5,170.51,0.0102,0.0852,24.0,0.0
6947,435.5,171.17,0.00976,0.0814,24.0,0.0
6948,435.5,174.0,0.00799,0.0666,24.0,0.0
6949,435.5,177.5,0.00637,0.0531,25.0,0.0
6950,435.5,180.35,0.00524,0.0437,25.0,0.0
6951,435.5,180.99,0.005,0.0417,25.0,0.0
6952,435.5,184.49,0.00381,0.0317,25.0,0.0
6953,435.5,187.98,0.00278,0.0231,26.0,0.0
6954,435.5,188.7,0.00258,0.0215,26.0,0.0
6955,435.5,191.48,0.00191,0.0159,26.0,0.0
6956,435.5,194.97,0.00123,0.0103,27.0,0.0
6957,435.5,196.18,0.00105,0.00872,27.0,0.0
6958,435.5,198.47,0.000751,0.00626,27.0,0.0
6959,435.5,200.38,0.00056,0.00467,27.0,0.0
6960,435.5,201.96,0.000436,0.00363,28.0,0.0
6961,435.5,205.46,0.000248,0.00207,28.0,0.0
6962,435.5,208.95,0.000146,0.00122,29.0,0.0
6963,435.5,212.45,9.9e-05,0.000825,29.0,0.0
6964,435.5,212.84,9.6e-05,0.000804,29.0,0.0
6965,435.5,215.94,0.000103,0.000861,29.0,0.0
6966,435.5,219.44,0.000242,0.00202,28.0,0.0
6967,435.5,222.32,0.000497,0.00415,27.0,0.0
6968,435.5,222.93,0.000563,0.00469,27.0,0.0
6969,435.5,226.43,0.001,0.00835,26.0,0.0
6970,435.5,229.92,0.00152,0.0127,26.0,0.0
6971,435.5,231.06,0.0017,0.0142,26.0,0.0
6972,435.5,233.42,0.0021,0.0175,26.0,0.0
6973,435.5,236.91,0.00272,0.0227,25.0,0.0
6974,435.5,237.44,0.00282,0.0235,25.0,0.0
6975,435.5,327.73,0.0145,0.121,24.0,0.0
6976,435.5,450.11,0.00896,0.0746,25.0,0.0
6977,435.5,515.03,0.00611,0.0509,25.0,0.0
6978,435.5,588.03,0.00545,0.0454,26.0,0.0
6979,435.5,586.41,0.00545,0.0454,26.0,0.0
6980,435.5,585.58,0.00546,0.0455,26.0,0.0
6981,435.5,583.12,0.00547,0.0456,26.0,0.0
6982,435.5,582.92,0.00547,0.0456,26.0,0.0
6983,435.5,580.67,0.00548,0.0457,26.0,0.0
6984,435.5,579.42,0.00549,0.0458,26.0,0.0
6985,435.5,578.21,0.0055,0.0458,26.0,0.0
6986,435.5,575.93,0.00551,0.0459,26.0,0.0
6987,435.5,575.76,0.00551,0.0459,26.0,0.0
6988,435.5,573.33,0.00553,0.046,26.0,0.0
6989,435.5,572.43,0.00553,0.0461,26.0,0.0
6990,435.5,571.02,0.00554,0.0462,26.0,0.0
6991,435.5,568.94,0.00555,0.0463,25.0,0.0
6992,435.5,568.87,0.00555,0.0463,25.0,0.0
6993,435.5,567.35,0.00556,0.0464,25.0,0.0
6994,435.5,565.86,0.00557,0.0464,25.0,0.0
6995,435.5,565.44,0.00558,0.0465,25.0,0.0
6996,435.5,564.37,0.00558,0.0465,25.0,0.0
6997,435.5,562.88,0.00559,0.0466,25.0,0.0
6998,435.5,561.95,0.0056,0.0467,25.0,0.0
6999,435.5,558.45,0.00563,0.0469,25.0,0.0
7000,435.5,557.76,0.00563,0.0469,25.0,0.0
7001,435.5,554.96,0.00565,0.0471,25.0,0.0
7002,435.5,551.46,0.00568,0.0473,25.0,0.0
7003,435.5,549.1,0.0057,0.0475,25.0,0.0
7004,435.5,547.97,0.00571,0.0476,25.0,0.0
7005,435.5,544.47,0.00574,0.0478,25.0,0.0
7006,435.5,540.98,0.00577,0.0481,25.0,0.0
7007,435.5,537.48,0.00581,0.0484,25.0,0.0
7008,435.5,533.99,0.00585,0.0487,25.0,0.0
7009,435.5,531.44,0.00588,0.049,25.0,0.0
7010,435.5,530.49,0.00589,0.0491,25.0,0.0
7011,435.5,527.0,0.00593,0.0494,25.0,0.0
7012,435.5,523.5,0.00598,0.0498,25.0,0.0
7013,435.5,453.6,0.00861,0.0717,25.0,0.0
7014,435.5,451.25,0.00884,0.0736,25.0,0.0
7015,435.5,450.11,0.00896,0.0746,25.0,0.0
7016,435.5,446.61,0.00936,0.078,25.0,0.0
7017,435.5,443.12,0.00983,0.0819,25.0,0.0
7018,435.5,299.82,0.0124,0.104,24.0,0.0
7019,435.5,264.87,0.00789,0.0657,24.0,0.0
7020,435.5,121.58,0.0672,0.56,22.0,0.0
7021,435.5,2.7475,83.3,1.0,10.0,0.0
7022,437.37,72.91,0.282,1.0,20.0,0.0
7023,437.37,76.142,0.255,1.0,20.0,0.0
7024,437.37,77.744,0.243,1.0,20.0,0.0
7025,437.37,79.637,0.23,1.0,20.0,0.0
7026,437.37,81.93,0.215,1.0,20.0,0.0
7027,437.37,83.132,0.207,1.0,20.0,0.0
7028,437.37,86.627,0.187,1.0,20.0,0.0
7029,437.37,90.122,0.169,1.0,20.0,0.0
7030,437.37,92.493,0.158,1.0,21.0,0.0
7031,437.37,93.617,0.153,1.0,21.0,0.0
7032,437.37,97.112,0.139,1.0,21.0,0.0
7033,437.37,98.772,0.132,1.0,21.0,0.0
7034,437.37,100.61,0.126,1.0,21.0,0.0
7035,437.37,102.06,0.121,1.0,21.0,0.0
7036,437.37,104.1,0.114,0.949,21.0,0.0
7037,437.37,105.06,0.111,0.923,21.0,0.0
7038,437.37,107.6,0.103,0.859,21.0,0.0
7039,437.37,108.95,0.0992,0.827,21.0,0.0
7040,437.37,111.09,0.0933,0.778,21.0,0.0
7041,437.37,112.83,0.0888,0.74,21.0,0.0
7042,437.37,114.59,0.0844,0.703,21.0,0.0
7043,437.37,116.75,0.0792,0.66,21.0,0.0
7044,437.37,118.08,0.0762,0.635,22.0,0.0
7045,437.37,121.58,0.0688,0.573,22.0,0.0
7046,437.37,124.97,0.0621,0.518,22.0,0.0
7047,437.37,125.07,0.0619,0.516,22.0,0.0
7048,437.37,128.57,0.0557,0.464,22.0,0.0
7049,437.37,132.06,0.05,0.416,22.0,0.0
7050,437.37,133.19,0.0482,0.402,22.0,0.0
7051,437.37,135.56,0.0447,0.373,22.0,0.0
7052,437.37,139.05,0.0399,0.332,22.0,0.0
7053,437.37,142.55,0.0355,0.295,23.0,0.0
7054,437.37,144.15,0.0336,0.28,23.0,0.0
7055,437.37,146.04,0.0314,0.262,23.0,0.0
7056,437.37,149.54,0.0277,0.231,23.0,0.0
7057,437.37,149.89,0.0273,0.228,23.0,0.0
7058,437.37,153.03,0.0243,0.202,23.0,0.0
7059,437.37,153.87,0.0235,0.196,23.0,0.0
7060,437.37,156.53,0.0211,0.176,23.0,0.0
7061,437.37,160.02,0.0183,0.152,23.0,0.0
7062,437.37,161.99,0.0168,0.14,23.0,0.0
7063,437.37,163.52,0.0156,0.13,24.0,0.0
7064,437.37,167.01,0.0131,0.11,24.0,0.0
7065,437.37,170.51,0.0107,0.0892,24.0,0.0
7066,437.37,171.17,0.0102,0.0852,24.0,0.0
7067,437.37,174.0,0.00838,0.0699,24.0,0.0
7068,437.37,177.5,0.00672,0.056,25.0,0.0
7069,437.37,180.35,0.00556,0.0463,25.0,0.0
7070,437.37,180.99,0.00532,0.0443,25.0,0.0
7071,437.37,184.49,0.00409,0.0341,25.0,0.0
7072,437.37,187.98,0.00302,0.0252,26.0,0.0
7073,437.37,188.7,0.00282,0.0235,26.0,0.0
7074,437.37,191.48,0.00211,0.0176,26.0,0.0
7075,437.37,194.97,0.00139,0.0116,26.0,0.0
7076,437.37,196.18,0.00118,0.00986,27.0,0.0
7077,437.37,198.47,0.000859,0.00716,27.0,0.0
7078,437.37,200.38,0.000645,0.00537,27.0,0.0
7079,437.37,201.96,0.000504,0.0042,28.0,0.0
7080,437.37,205.46,0.000288,0.0024,28.0,0.0
7081,437.37,208.95,0.000167,0.00139,29.0,0.0
7082,437.37,212.45,0.000108,0.000899,29.0,0.0
7083,437.37,212.84,0.000104,0.000867,29.0,0.0
7084,437.37,215.94,9.6e-05,0.000798,29.0,0.0
7085,437.37,219.44,0.000186,0.00155,28.0,0.0
7086,437.37,222.32,0.000405,0.00338,27.0,0.0
7087,437.37,222.93,0.000466,0.00388,27.0,0.0
7088,437.37,226.43,0.000878,0.00731,27.0,0.0
7089,437.37,229.92,0.00138,0.0115,26.0,0.0
7090,437.37,231.06,0.00156,0.013,26.0,0.0
7091,437.37,233.42,0.00194,0.0162,26.0,0.0
7092,437.37,236.91,0.00256,0.0213,26.0,0.0
7093,437.37,237.44,0.00265,0.0221,25.0,0.0
7094,437.37,327.73,0.0146,0.122,24.0,0.0
7095,437.37,450.11,0.00928,0.0773,25.0,0.0
7096,437.37,515.03,0.00621,0.0517,25.0,0.0
7097,437.37,588.03,0.00551,0.046,26.0,0.0
7098,437.37,586.41,0.00552,0.046,26.0,0.0
7099,437.37,585.58,0.00553,0.0461,26.0,0.0
7100,437.37,583.12,0.00554,0.0462,26.0,0.0
7101,437.37,582.92,0.00554,0.0462,26.0,0.0
7102,437.37,580.67,0.00555,0.0463,26.0,0.0
7103,437.37,579.42,0.00556,0.0463,26.0,0.0
7104,437.37,578.21,0.00557,0.0464,26.0,0.0
7105,437.37,575.93,0.00558,0.0465,26.0,0.0
7106,437.37,575.76,0.00558,0.0465,26.0,0.0
7107,437.37,573.33,0.0056,0.0467,25.0,0.0
7108,437.37,572.43,0.0056,0.0467,25.0,0.0
7109,437.37,571.02,0.00561,0.0468,25.0,0.0
7110,437.37,568.94,0.00563,0.0469,25.0,0.0
7111,437.37,568.87,0.00563,0.0469,25.0,0.0
7112,437.37,567.35,0.00564,0.047,25.0,0.0
7113,437.37,565.86,0.00565,0.0471,25.0,0.0
7114,437.37,565.44,0.00565,0.0471,25.0,0.0
7115,437.37,564.37,0.00566,0.0472,25.0,0.0
7116,437.37,562.88,0.00567,0.0472,25.0,0.0
7117,437.37,561.95,0.00568,0.0473,25.0,0.0
7118,437.37,558.45,0.0057,0.0475,25.0,0.0
7119,437.37,557.76,0.00571,0.0476,25.0,0.0
7120,437.37,554.96,0.00573,0.0477,25.0,0.0
7121,437.37,551.46,0.00576,0.048,25.0,0.0
7122,437.37,549.1,0.00578,0.0482,25.0,0.0
7123,437.37,547.97,0.00579,0.0483,25.0,0.0
7124,437.37,544.47,0.00582,0.0485,25.0,0.0
7125,437.37,540.98,0.00586,0.0488,25.0,0.0
7126,437.37,537.48,0.0059,0.0491,25.0,0.0
7127,437.37,533.99,0.00594,0.0495,25.0,0.0
7128,437.37,531.44,0.00597,0.0497,25.0,0.0
7129,437.37,530.49,0.00598,0.0498,25.0,0.0
7130,437.37,527.0,0.00602,0.0502,25.0,0.0
7131,437.37,523.5,0.00607,0.0506,25.0,0.0
7132,437.37,453.6,0.0089,0.0741,25.0,0.0
7133,437.37,451.25,0.00915,0.0762,25.0,0.0
7134,437.37,450.11,0.00928,0.0773,25.0,0.0
7135,437.37,446.61,0.00972,0.081,25.0,0.0
7136,437.37,443.12,0.0102,0.0853,25.0,0.0
7137,437.37,299.82,0.0125,0.104,24.0,0.0
7138,437.37,264.87,0.00777,0.0648,24.0,0.0
7139,437.37,121.58,0.0688,0.573,22.0,0.0
7140,437.37,2.7475,84.6,1.0,10.0,0.0
7141,439.64,72.91,0.288,1.0,20.0,0.0
7142,439.64,76.142,0.261,1.0,20.0,0.0
7143,439.64,77.744,0.249,1.0,20.0,0.0
7144,439.64,79.637,0.235,1.0,20.0,0.0
7145,439.64,81.93,0.22,1.0,20.0,0.0
7146,439.64,83.132,0.212,1.0,20.0,0.0
7147,439.64,86.627,0.192,1.0,20.0,0.0
7148,439.64,90.122,0.173,1.0,20.0,0.0
7149,439.64,92.493,0.162,1.0,21.0,0.0
7150,439.64,93.617,0.157,1.0,21.0,0.0
7151,439.64,97.112,0.142,1.0,21.0,0.0
7152,439.64,98.772,0.136,1.0,21.0,0.0
7153,439.64,100.61,0.129,1.0,21.0,0.0
7154,439.64,102.06,0.124,1.0,21.0,0.0
7155,439.64,104.1,0.117,0.973,21.0,0.0
7156,439.64,105.06,0.114,0.947,21.0,0.0
7157,439.64,107.6,0.106,0.881,21.0,0.0
7158,439.64,108.95,0.102,0.848,21.0,0.0
7159,439.64,111.09,0.0958,0.798,21.0,0.0
7160,439.64,112.83,0.0911,0.76,21.0,0.0
7161,439.64,114.59,0.0867,0.722,21.0,0.0
7162,439.64,116.75,0.0814,0.679,21.0,0.0
7163,439.64,118.08,0.0784,0.653,22.0,0.0
7164,439.64,121.58,0.0707,0.589,22.0,0.0
7165,439.64,124.97,0.064,0.533,22.0,0.0
7166,439.64,125.07,0.0638,0.532,22.0,0.0
7167,439.64,128.57,0.0574,0.478,22.0,0.0
7168,439.64,132.06,0.0515,0.43,22.0,0.0
7169,439.64,133.19,0.0498,0.415,22.0,0.0
7170,439.64,135.56,0.0462,0.385,22.0,0.0
7171,439.64,139.05,0.0412,0.344,22.0,0.0
7172,439.64,142.55,0.0367,0.306,22.0,0.0
7173,439.64,144.15,0.0348,0.29,23.0,0.0
7174,439.64,146.04,0.0326,0.271,23.0,0.0
7175,439.64,149.54,0.0288,0.24,23.0,0.0
7176,439.64,149.89,0.0284,0.237,23.0,0.0
7177,439.64,153.03,0.0253,0.211,23.0,0.0
7178,439.64,153.87,0.0245,0.204,23.0,0.0
7179,439.64,156.53,0.022,0.184,23.0,0.0
7180,439.64,160.02,0.0191,0.159,23.0,0.0
7181,439.64,161.99,0.0175,0.146,23.0,0.0
7182,439.64,163.52,0.0164,0.137,23.0,0.0
7183,439.64,167.01,0.0138,0.115,24.0,0.0
7184,439.64,170.51,0.0113,0.0941,24.0,0.0
7185,439.64,171.17,0.0108,0.0899,24.0,0.0
7186,439.64,174.0,0.00887,0.0739,24.0,0.0
7187,439.64,177.5,0.00715,0.0596,24.0,0.0
7188,439.64,180.35,0.00596,0.0497,25.0,0.0
7189,439.64,180.99,0.00571,0.0476,25.0,0.0
7190,439.64,184.49,0.00444,0.037,25.0,0.0
7191,439.64,187.98,0.00333,0.0277,25.0,0.0
7192,439.64,188.7,0.00312,0.026,26.0,0.0
7193,439.64,191.48,0.00237,0.0197,26.0,0.0
7194,439.64,194.97,0.00159,0.0133,26.0,0.0
7195,439.64,196.18,0.00136,0.0114,27.0,0.0
7196,439.64,198.47,0.001,0.00835,27.0,0.0
7197,439.64,200.38,0.000761,0.00634,27.0,0.0
7198,439.64,201.96,0.000599,0.00499,27.0,0.0
7199,439.64,205.46,0.000344,0.00287,28.0,0.0
7200,439.64,208.95,0.000199,0.00166,28.0,0.0
7201,439.64,212.45,0.000122,0.00102,29.0,0.0
7202,439.64,212.84,0.000117,0.000977,29.0,0.0
7203,439.64,215.94,9.5e-05,0.000789,29.0,0.0
7204,439.64,219.44,0.000138,0.00115,28.0,0.0
7205,439.64,222.32,0.000307,0.00256,28.0,0.0
7206,439.64,222.93,0.000359,0.00299,27.0,0.0
7207,439.64,226.43,0.000736,0.00613,27.0,0.0
7208,439.64,229.92,0.00121,0.0101,26.0,0.0
7209,439.64,231.06,0.00138,0.0115,26.0,0.0
7210,439.64,233.42,0.00176,0.0147,26.0,0.0
7211,439.64,236.91,0.00236,0.0197,26.0,0.0
7212,439.64,237.44,0.00245,0.0204,26.0,0.0
7213,439.64,327.73,0.0147,0.123,24.0,0.0
7214,439.64,450.11,0.0097,0.0808,25.0,0.0
7215,439.64,515.03,0.00634,0.0528,25.0,0.0
7216,439.64,588.03,0.0056,0.0467,26.0,0.0
7217,439.64,586.41,0.00561,0.0467,26.0,0.0
7218,439.64,585.58,0.00561,0.0468,26.0,0.0
7219,439.64,583.12,0.00563,0.0469,26.0,0.0
7220,439.64,582.92,0.00563,0.0469,26.0,0.0
7221,439.64,580.67,0.00564,0.047,26.0,0.0
7222,439.64,579.42,0.00565,0.0471,25.0,0.0
7223,439.64,578.21,0.00566,0.0471,25.0,0.0
7224,439.64,575.93,0.00567,0.0473,25.0,0.0
7225,439.64,575.76,0.00567,0.0473,25.0,0.0
7226,439.64,573.33,0.00569,0.0474,25.0,0.0
7227,439.64,572.43,0.00569,0.0475,25.0,0.0
7228,439.64,571.02,0.0057,0.0475,25.0,0.0
7229,439.64,568.94,0.00572,0.0476,25.0,0.0
7230,439.64,568.87,0.00572,0.0477,25.0,0.0
7231,439.64,567.35,0.00573,0.0477,25.0,0.0
7232,439.64,565.86,0.00574,0.0478,25.0,0.0
7233,439.64,565.44,0.00574,0.0479,25.0,0.0
7234,439.64,564.37,0.00575,0.0479,25.0,0.0
7235,439.64,562.88,0.00576,0.048,25.0,0.0
7236,439.64,561.95,0.00577,0.0481,25.0,0.0
7237,439.64,558.45,0.0058,0.0483,25.0,0.0
7238,439.64,557.76,0.0058,0.0484,25.0,0.0
7239,439.64,554.96,0.00583,0.0485,25.0,0.0
7240,439.64,551.46,0.00586,0.0488,25.0,0.0
7241,439.64,549.1,0.00588,0.049,25.0,0.0
7242,439.64,547.97,0.00589,0.0491,25.0,0.0
7243,439.64,544.47,0.00593,0.0494,25.0,0.0
7244,439.64,540.98,0.00596,0.0497,25.0,0.0
7245,439.64,537.48,0.006,0.05,25.0,0.0
7246,439.64,533.99,0.00604,0.0504,25.0,0.0
7247,439.64,531.44,0.00608,0.0506,25.0,0.0
7248,439.64,530.49,0.00609,0.0508,25.0,0.0
7249,439.64,527.0,0.00614,0.0512,25.0,0.0
7250,439.64,523.5,0.00619,0.0516,25.0,0.0
7251,439.64,453.6,0.00927,0.0773,25.0,0.0
7252,439.64,451.25,0.00955,0.0796,25.0,0.0
7253,439.64,450.11,0.0097,0.0808,25.0,0.0
7254,439.64,446.61,0.0102,0.085,25.0,0.0
7255,439.64,443.12,0.0108,0.0899,25.0,0.0
7256,439.64,299.82,0.0125,0.104,24.0,0.0
7257,439.64,264.87,0.00762,0.0635,25.0,0.0
7258,439.64,121.58,0.0707,0.589,22.0,0.0
7259,439.64,2.7475,86.2,1.0,10.0,0.0
7260,440.43,72.91,0.29,1.0,20.0,0.0
7261,440.43,76.142,0.263,1.0,20.0,0.0
7262,440.43,77.744,0.251,1.0,20.0,0.0
7263,440.43,79.637,0.237,1.0,20.0,0.0
7264,440.43,81.93,0.221,1.0,20.0,0.0
7265,440.43,83.132,0.214,1.0,20.0,0.0
7266,440.43,86.627,0.193,1.0,20.0,0.0
7267,440.43,90.122,0.175,1.0,20.0,0.0
7268,440.43,92.493,0.163,1.0,20.0,0.0
7269,440.43,93.617,0.158,1.0,21.0,0.0
7270,440.43,97.112,0.143,1.0,21.0,0.0
7271,440.43,98.772,0.137,1.0,21.0,0.0
7272,440.43,100.61,0.13,1.0,21.0,0.0
7273,440.43,102.06,0.125,1.0,21.0,0.0
7274,440.43,104.1,0.118,0.981,21.0,0.0
7275,440.43,105.06,0.115,0.955,21.0,0.0
7276,440.43,107.6,0.107,0.889,21.0,0.0
7277,440.43,108.95,0.103,0.856,21.0,0.0
7278,440.43,111.09,0.0967,0.805,21.0,0.0
7279,440.43,112.83,0.092,0.767,21.0,0.0
7280,440.43,114.59,0.0875,0.729,21.0,0.0
7281,440.43,116.75,0.0822,0.685,21.0,0.0
7282,440.43,118.08,0.0791,0.659,21.0,0.0
7283,440.43,121.58,0.0714,0.595,22.0,0.0
7284,440.43,124.97,0.0646,0.539,22.0,0.0
7285,440.43,125.07,0.0644,0.537,22.0,0.0
7286,440.43,128.57,0.058,0.483,22.0,0.0
7287,440.43,132.06,0.0521,0.434,22.0,0.0
7288,440.43,133.19,0.0503,0.419,22.0,0.0
7289,440.43,135.56,0.0467,0.389,22.0,0.0
7290,440.43,139.05,0.0417,0.348,22.0,0.0
7291,440.43,142.55,0.0372,0.31,22.0,0.0
7292,440.43,144.15,0.0352,0.293,23.0,0.0
7293,440.43,146.04,0.033,0.275,23.0,0.0
7294,440.43,149.54,0.0291,0.243,23.0,0.0
7295,440.43,149.89,0.0288,0.24,23.0,0.0
7296,440.43,153.03,0.0256,0.213,23.0,0.0
7297,440.43,153.87,0.0248,0.207,23.0,0.0
7298,440.43,156.53,0.0224,0.186,23.0,0.0
7299,440.43,160.02,0.0194,0.162,23.0,0.0
7300,440.43,161.99,0.0178,0.149,23.0,0.0
7301,440.43,163.52,0.0167,0.139,23.0,0.0
7302,440.43,167.01,0.0141,0.117,24.0,0.0
7303,440.43,170.51,0.0115,0.0959,24.0,0.0
7304,440.43,171.17,0.011,0.0916,24.0,0.0
7305,440.43,174.0,0.00905,0.0754,24.0,0.0
7306,440.43,177.5,0.00731,0.0609,24.0,0.0
7307,440.43,180.35,0.0061,0.0508,25.0,0.0
7308,440.43,180.99,0.00585,0.0487,25.0,0.0
7309,440.43,184.49,0.00457,0.038,25.0,0.0
7310,440.43,187.98,0.00344,0.0287,25.0,0.0
7311,440.43,188.7,0.00323,0.0269,25.0,0.0
7312,440.43,191.48,0.00246,0.0205,26.0,0.0
7313,440.43,194.97,0.00167,0.0139,26.0,0.0
7314,440.43,196.18,0.00143,0.0119,26.0,0.0
7315,440.43,198.47,0.00106,0.0088,27.0,0.0
7316,440.43,200.38,0.000805,0.00671,27.0,0.0
7317,440.43,201.96,0.000635,0.00529,27.0,0.0
7318,440.43,205.46,0.000366,0.00305,28.0,0.0
7319,440.43,208.95,0.000211,0.00176,28.0,0.0
7320,440.43,212.45,0.000129,0.00107,29.0,0.0
7321,440.43,212.84,0.000123,0.00102,29.0,0.0
7322,440.43,215.94,9.6e-05,0.000798,29.0,0.0
7323,440.43,219.44,0.000127,0.00105,28.0,0.0
7324,440.43,222.32,0.000276,0.0023,28.0,0.0
7325,440.43,222.93,0.000325,0.00271,27.0,0.0
7326,440.43,226.43,0.000688,0.00573,27.0,0.0
7327,440.43,229.92,0.00115,0.00961,26.0,0.0
7328,440.43,231.06,0.00132,0.011,26.0,0.0
7329,440.43,233.42,0.0017,0.0141,26.0,0.0
7330,440.43,236.91,0.00229,0.0191,26.0,0.0
7331,440.43,237.44,0.00238,0.0199,26.0,0.0
7332,440.43,327.73,0.0148,0.123,24.0,0.0
7333,440.43,450.11,0.00985,0.0821,25.0,0.0
7334,440.43,515.03,0.00638,0.0532,25.0,0.0
7335,440.43,588.03,0.00563,0.0469,26.0,0.0
7336,440.43,586.41,0.00564,0.047,26.0,0.0
7337,440.43,585.58,0.00564,0.047,26.0,0.0
7338,440.43,583.12,0.00566,0.0471,26.0,0.0
7339,440.43,582.92,0.00566,0.0472,26.0,0.0
7340,440.43,580.67,0.00567,0.0473,25.0,0.0
7341,440.43,579.42,0.00568,0.0473,25.0,0.0
7342,440.43,578.21,0.00569,0.0474,25.0,0.0
7343,440.43,575.93,0.0057,0.0475,25.0,0.0
7344,440.43,575.76,0.0057,0.0475,25.0,0.0
7345,440.43,573.33,0.00572,0.0477,25.0,0.0
7346,440.43,572.43,0.00573,0.0477,25.0,0.0
7347,440.43,571.02,0.00574,0.0478,25.0,0.0
7348,440.43,568.94,0.00575,0.0479,25.0,0.0
7349,440.43,568.87,0.00575,0.0479,25.0,0.0
7350,440.43,567.35,0.00576,0.048,25.0,0.0
7351,440.43,565.86,0.00577,0.0481,25.0,0.0
7352,440.43,565.44,0.00577,0.0481,25.0,0.0
7353,440.43,564.37,0.00578,0.0482,25.0,0.0
7354,440.43,562.88,0.00579,0.0483,25.0,0.0
7355,440.43,561.95,0.0058,0.0483,25.0,0.0
7356,440.43,558.45,0.00583,0.0486,25.0,0.0
7357,440.43,557.76,0.00584,0.0486,25.0,0.0
7358,440.43,554.96,0.00586,0.0488,25.0,0.0
7359,440.43,551.46,0.00589,0.0491,25.0,0.0
7360,440.43,549.1,0.00591,0.0493,25.0,0.0
7361,440.43,547.97,0.00593,0.0494,25.0,0.0
7362,440.43,544.47,0.00596,0.0497,25.0,0.0
7363,440.43,540.98,0.006,0.05,25.0,0.0
7364,440.43,537.48,0.00604,0.0503,25.0,0.0
7365,440.43,533.99,0.00608,0.0507,25.0,0.0
7366,440.43,531.44,0.00612,0.051,25.0,0.0
7367,440.43,530.49,0.00613,0.0511,25.0,0.0
7368,440.43,527.0,0.00618,0.0515,25.0,0.0
7369,440.43,523.5,0.00623,0.0519,25.0,0.0
7370,440.43,453.6,0.00941,0.0784,25.0,0.0
7371,440.43,451.25,0.0097,0.0808,25.0,0.0
7372,440.43,450.11,0.00985,0.0821,25.0,0.0
7373,440.43,446.61,0.0104,0.0864,25.0,0.0
7374,440.43,443.12,0.011,0.0916,25.0,0.0
7375,440.43,299.82,0.0125,0.104,24.0,0.0
7376,440.43,264.87,0.00756,0.063,25.0,0.0
7377,440.43,121.58,0.0714,0.595,22.0,0.0
7378,440.43,2.7475,86.7,1.0,10.0,0.0
7379,446.96,72.91,0.308,1.0,20.0,0.0
7380,446.96,76.142,0.28,1.0,20.0,0.0
7381,446.96,77.744,0.267,1.0,20.0,0.0
7382,446.96,79.637,0.252,1.0,20.0,0.0
7383,446.96,81.93,0.236,1.0,20.0,0.0
7384,446.96,83.132,0.228,1.0,20.0,0.0
7385,446.96,86.627,0.206,1.0,20.0,0.0
7386,446.96,90.122,0.187,1.0,20.0,0.0
7387,446.96,92.493,0.175,1.0,20.0,0.0
7388,446.96,93.617,0.169,1.0,20.0,0.0
7389,446.96,97.112,0.153,1.0,21.0,0.0
7390,446.96,98.772,0.147,1.0,21.0,0.0
7391,446.96,100.61,0.139,1.0,21.0,0.0
7392,446.96,102.06,0.134,1.0,21.0,0.0
7393,446.96,104.1,0.126,1.0,21.0,0.0
7394,446.96,105.06,0.123,1.0,21.0,0.0
7395,446.96,107.6,0.115,0.956,21.0,0.0
7396,446.96,108.95,0.11,0.92,21.0,0.0
7397,446.96,111.09,0.104,0.867,21.0,0.0
7398,446.96,112.83,0.0991,0.826,21.0,0.0
7399,446.96,114.59,0.0943,0.786,21.0,0.0
7400,446.96,116.75,0.0888,0.74,21.0,0.0
7401,446.96,118.08,0.0855,0.712,21.0,0.0
7402,446.96,121.58,0.0774,0.645,22.0,0.0
7403,446.96,124.97,0.0701,0.584,22.0,0.0
7404,446.96,125.07,0.0699,0.583,22.0,0.0
7405,446.96,128.57,0.0631,0.526,22.0,0.0
7406,446.96,132.06,0.0569,0.474,22.0,0.0
7407,446.96,133.19,0.0549,0.458,22.0,0.0
7408,446.96,135.56,0.0511,0.426,22.0,0.0
7409,446.96,139.05,0.0458,0.382,22.0,0.0
7410,446.96,142.55,0.0409,0.341,22.0,0.0
7411,446.96,144.15,0.0389,0.324,22.0,0.0
7412,446.96,146.04,0.0365,0.304,23.0,0.0
7413,446.96,149.54,0.0324,0.27,23.0,0.0
7414,446.96,149.89,0.032,0.267,23.0,0.0
7415,446.96,153.03,0.0286,0.238,23.0,0.0
7416,446.96,153.87,0.0278,0.231,23.0,0.0
7417,446.96,156.53,0.0251,0.21,23.0,0.0
7418,446.96,160.02,0.0219,0.183,23.0,0.0
7419,446.96,161.99,0.0202,0.169,23.0,0.0
7420,446.96,163.52,0.019,0.158,23.0,0.0
7421,446.96,167.01,0.0162,0.135,24.0,0.0
7422,446.96,170.51,0.0133,0.111,24.0,0.0
7423,446.96,171.17,0.0127,0.106,24.0,0.0
7424,446.96,174.0,0.0105,0.0878,24.0,0.0
7425,446.96,177.5,0.00863,0.0719,24.0,0.0
7426,446.96,180.35,0.00732,0.061,24.0,0.0
7427,446.96,180.99,0.00704,0.0587,25.0,0.0
7428,446.96,184.49,0.00565,0.0471,25.0,0.0
7429,446.96,187.98,0.00441,0.0367,25.0,0.0
7430,446.96,188.7,0.00417,0.0348,25.0,0.0
7431,446.96,191.48,0.00331,0.0276,25.0,0.0
7432,446.96,194.97,0.00236,0.0197,26.0,0.0
7433,446.96,196.18,0.00207,0.0173,26.0,0.0
7434,446.96,198.47,0.00159,0.0132,26.0,0.0
7435,446.96,200.38,0.00124,0.0104,27.0,0.0
7436,446.96,201.96,0.00101,0.0084,27.0,0.0
7437,446.96,205.46,0.000604,0.00503,27.0,0.0
7438,446.96,208.95,0.000351,0.00293,28.0,0.0
7439,446.96,212.45,0.000204,0.0017,28.0,0.0
7440,446.96,212.84,0.000193,0.00161,28.0,0.0
7441,446.96,215.94,0.000127,0.00106,29.0,0.0
7442,446.96,219.44,9.8e-05,0.000817,29.0,0.0
7443,446.96,222.32,0.000121,0.00101,28.0,0.0
7444,446.96,222.93,0.000137,0.00114,28.0,0.0
7445,446.96,226.43,0.000351,0.00292,27.0,0.0
7446,446.96,229.92,0.000723,0.00602,27.0,0.0
7447,446.96,231.06,0.000868,0.00723,27.0,0.0
7448,446.96,233.42,0.0012,0.00998,26.0,0.0
7449,446.96,236.91,0.00175,0.0145,26.0,0.0
7450,446.96,237.44,0.00183,0.0153,26.0,0.0
7451,446.96,327.73,0.0151,0.126,24.0,0.0
7452,446.96,450.11,0.0114,0.0948,25.0,0.0
7453,446.96,515.03,0.00678,0.0565,25.0,0.0
7454,446.96,588.03,0.00588,0.049,25.0,0.0
7455,446.96,586.41,0.00589,0.0491,25.0,0.0
7456,446.96,585.58,0.0059,0.0492,25.0,0.0
7457,446.96,583.12,0.00592,0.0493,25.0,0.0
7458,446.96,582.92,0.00592,0.0493,25.0,0.0
7459,446.96,580.67,0.00593,0.0494,25.0,0.0
7460,446.96,579.42,0.00594,0.0495,25.0,0.0
7461,446.96,578.21,0.00595,0.0496,25.0,0.0
7462,446.96,575.93,0.00597,0.0497,25.0,0.0
7463,446.96,575.76,0.00597,0.0497,25.0,0.0
7464,446.96,573.33,0.00599,0.0499,25.0,0.0
7465,446.96,572.43,0.00599,0.0499,25.0,0.0
7466,446.96,571.02,0.006,0.05,25.0,0.0
7467,446.96,568.94,0.00602,0.0502,25.0,0.0
7468,446.96,568.87,0.00602,0.0502,25.0,0.0
7469,446.96,567.35,0.00603,0.0503,25.0,0.0
7470,446.96,565.86,0.00605,0.0504,25.0,0.0
7471,446.96,565.44,0.00605,0.0504,25.0,0.0
7472,446.96,564.37,0.00606,0.0505,25.0,0.0
7473,446.96,562.88,0.00607,0.0506,25.0,0.0
7474,446.96,561.95,0.00608,0.0507,25.0,0.0
7475,446.96,558.45,0.00612,0.051,25.0,0.0
7476,446.96,557.76,0.00612,0.051,25.0,0.0
7477,446.96,554.96,0.00615,0.0513,25.0,0.0
7478,446.96,551.46,0.00619,0.0516,25.0,0.0
7479,446.96,549.1,0.00622,0.0518,25.0,0.0
7480,446.96,547.97,0.00623,0.0519,25.0,0.0
7481,446.96,544.47,0.00627,0.0523,25.0,0.0
7482,446.96,540.98,0.00632,0.0526,25.0,0.0
7483,446.96,537.48,0.00637,0.053,25.0,0.0
7484,446.96,533.99,0.00642,0.0535,25.0,0.0
7485,446.96,531.44,0.00646,0.0538,25.0,0.0
7486,446.96,530.49,0.00647,0.0539,25.0,0.0
7487,446.96,527.0,0.00653,0.0544,25.0,0.0
7488,446.96,523.5,0.0066,0.055,25.0,0.0
7489,446.96,453.6,0.0107,0.0895,25.0,0.0
7490,446.96,451.25,0.0112,0.0929,25.0,0.0
7491,446.96,450.11,0.0114,0.0948,25.0,0.0
7492,446.96,446.61,0.0122,0.101,25.0,0.0
7493,446.96,443.12,0.0132,0.11,24.0,0.0
7494,446.96,299.82,0.0125,0.104,24.0,0.0
7495,446.96,264.87,0.00708,0.059,25.0,0.0
7496,446.96,121.58,0.0774,0.645,22.0,0.0
7497,446.96,2.7475,91.3,1.0,10.0,0.0
7498,454.03,72.91,0.329,1.0,20.0,0.0
7499,454.03,76.142,0.298,1.0,20.0,0.0
7500,454.03,77.744,0.285,1.0,20.0,0.0
7501,454.03,79.637,0.269,1.0,20.0,0.0
7502,454.03,81.93,0.252,1.0,20.0,0.0
7503,454.03,83.132,0.244,1.0,20.0,0.0
7504,454.03,86.627,0.221,1.0,20.0,0.0
7505,454.03,90.122,0.2,1.0,20.0,0.0
7506,454.03,92.493,0.187,1.0,20.0,0.0
7507,454.03,93.617,0.181,1.0,20.0,0.0
7508,454.03,97.112,0.165,1.0,21.0,0.0
7509,454.03,98.772,0.157,1.0,21.0,0.0
7510,454.03,100.61,0.15,1.0,21.0,0.0
7511,454.03,102.06,0.144,1.0,21.0,0.0
7512,454.03,104.1,0.136,1.0,21.0,0.0
7513,454.03,105.06,0.133,1.0,21.0,0.0
7514,454.03,107.6,0.124,1.0,21.0,0.0
7515,454.03,108.95,0.119,0.994,21.0,0.0
7516,454.03,111.09,0.112,0.937,21.0,0.0
7517,454.03,112.83,0.107,0.894,21.0,0.0
7518,454.03,114.59,0.102,0.851,21.0,0.0
7519,454.03,116.75,0.0962,0.802,21.0,0.0
7520,454.03,118.08,0.0928,0.773,21.0,0.0
7521,454.03,121.58,0.0841,0.701,21.0,0.0
7522,454.03,124.97,0.0764,0.637,22.0,0.0
7523,454.03,125.07,0.0762,0.635,22.0,0.0
7524,454.03,128.57,0.0689,0.575,22.0,0.0
7525,454.03,132.06,0.0623,0.519,22.0,0.0
7526,454.03,133.19,0.0603,0.502,22.0,0.0
7527,454.03,135.56,0.0561,0.468,22.0,0.0
7528,454.03,139.05,0.0505,0.421,22.0,0.0
7529,454.03,142.55,0.0453,0.378,22.0,0.0
7530,454.03,144.15,0.0431,0.359,22.0,0.0
7531,454.03,146.04,0.0405,0.338,22.0,0.0
7532,454.03,149.54,0.0361,0.301,23.0,0.0
7533,454.03,149.89,0.0357,0.298,23.0,0.0
7534,454.03,153.03,0.0321,0.267,23.0,0.0
7535,454.03,153.87,0.0312,0.26,23.0,0.0
7536,454.03,156.53,0.0284,0.236,23.0,0.0
7537,454.03,160.02,0.0249,0.207,23.0,0.0
7538,454.03,161.99,0.023,0.192,23.0,0.0
7539,454.03,163.52,0.0217,0.181,23.0,0.0
7540,454.03,167.01,0.0186,0.155,23.0,0.0
7541,454.03,170.51,0.0154,0.128,24.0,0.0
7542,454.03,171.17,0.0147,0.123,24.0,0.0
7543,454.03,174.0,0.0123,0.102,24.0,0.0
7544,454.03,177.5,0.0102,0.0847,24.0,0.0
7545,454.03,180.35,0.00873,0.0728,24.0,0.0
7546,454.03,180.99,0.00843,0.0703,24.0,0.0
7547,454.03,184.49,0.00692,0.0576,25.0,0.0
7548,454.03,187.98,0.00556,0.0464,25.0,0.0
7549,454.03,188.7,0.0053,0.0442,25.0,0.0
7550,454.03,191.48,0.00434,0.0362,25.0,0.0
7551,454.03,194.97,0.00326,0.0271,26.0,0.0
7552,454.03,196.18,0.00291,0.0243,26.0,0.0
7553,454.03,198.47,0.00232,0.0193,26.0,0.0
7554,454.03,200.38,0.00188,0.0157,26.0,0.0
7555,454.03,201.96,0.00156,0.013,26.0,0.0
7556,454.03,205.46,0.000992,0.00827,27.0,0.0
7557,454.03,208.95,0.000599,0.005,27.0,0.0
7558,454.03,212.45,0.000351,0.00292,28.0,0.0
7559,454.03,212.84,0.00033,0.00275,28.0,0.0
7560,454.03,215.94,0.000207,0.00172,28.0,0.0
7561,454.03,219.44,0.00013,0.00108,29.0,0.0
7562,454.03,222.32,0.000103,0.000857,29.0,0.0
7563,454.03,222.93,0.000101,0.000843,29.0,0.0
7564,454.03,226.43,0.000141,0.00117,28.0,0.0
7565,454.03,229.92,0.000353,0.00294,27.0,0.0
7566,454.03,231.06,0.000461,0.00384,27.0,0.0
7567,454.03,233.42,0.000726,0.00605,27.0,0.0
7568,454.03,236.91,0.0012,0.01,26.0,0.0
7569,454.03,237.44,0.00128,0.0107,26.0,0.0
7570,454.03,327.73,0.0153,0.128,24.0,0.0
7571,454.03,450.11,0.0139,0.115,24.0,0.0
7572,454.03,515.03,0.00726,0.0605,25.0,0.0
7573,454.03,588.03,0.00617,0.0514,25.0,0.0
7574,454.03,586.41,0.00618,0.0515,25.0,0.0
7575,454.03,585.58,0.00619,0.0516,25.0,0.0
7576,454.03,583.12,0.00621,0.0517,25.0,0.0
7577,454.03,582.92,0.00621,0.0518,25.0,0.0
7578,454.03,580.67,0.00623,0.0519,25.0,0.0
7579,454.03,579.42,0.00624,0.052,25.0,0.0
7580,454.03,578.21,0.00625,0.0521,25.0,0.0
7581,454.03,575.93,0.00627,0.0522,25.0,0.0
7582,454.03,575.76,0.00627,0.0523,25.0,0.0
7583,454.03,573.33,0.00629,0.0524,25.0,0.0
7584,454.03,572.43,0.0063,0.0525,25.0,0.0
7585,454.03,571.02,0.00631,0.0526,25.0,0.0
7586,454.03,568.94,0.00633,0.0528,25.0,0.0
7587,454.03,568.87,0.00633,0.0528,25.0,0.0
7588,454.03,567.35,0.00635,0.0529,25.0,0.0
7589,454.03,565.86,0.00636,0.053,25.0,0.0
7590,454.03,565.44,0.00637,0.0531,25.0,0.0
7591,454.03,564.37,0.00638,0.0532,25.0,0.0
7592,454.03,562.88,0.0064,0.0533,25.0,0.0
7593,454.03,561.95,0.00641,0.0534,25.0,0.0
7594,454.03,558.45,0.00645,0.0537,25.0,0.0
7595,454.03,557.76,0.00645,0.0538,25.0,0.0
7596,454.03,554.96,0.00649,0.0541,25.0,0.0
7597,454.03,551.46,0.00653,0.0545,25.0,0.0
7598,454.03,549.1,0.00657,0.0547,25.0,0.0
7599,454.03,547.97,0.00658,0.0549,25.0,0.0
7600,454.03,544.47,0.00663,0.0553,25.0,0.0
7601,454.03,540.98,0.00669,0.0557,25.0,0.0
7602,454.03,537.48,0.00675,0.0562,25.0,0.0
7603,454.03,533.99,0.00681,0.0568,25.0,0.0
7604,454.03,531.44,0.00686,0.0572,25.0,0.0
7605,454.03,530.49,0.00688,0.0573,25.0,0.0
7606,454.03,527.0,0.00696,0.058,25.0,0.0
7607,454.03,523.5,0.00704,0.0586,25.0,0.0
7608,454.03,453.6,0.0127,0.106,25.0,0.0
7609,454.03,451.25,0.0135,0.112,24.0,0.0
7610,454.03,450.11,0.0139,0.115,24.0,0.0
7611,454.03,446.61,0.015,0.125,24.0,0.0
7612,454.03,443.12,0.0161,0.134,24.0,0.0
7613,454.03,299.82,0.0124,0.103,24.0,0.0
7614,454.03,264.87,0.0065,0.0542,25.0,0.0
7615,454.03,121.58,0.0841,0.701,21.0,0.0
7616,454.03,2.7475,96.5,1.0,10.0,0.0
7617,460.45,72.91,0.348,1.0,19.0,0.0
7618,460.45,76.142,0.316,1.0,20.0,0.0
7619,460.45,77.744,0.302,1.0,20.0,0.0
7620,460.45,79.637,0.286,1.0,20.0,0.0
7621,460.45,81.93,0.268,1.0,20.0,0.0
7622,460.45,83.132,0.259,1.0,20.0,0.0
7623,460.45,86.627,0.234,1.0,20.0,0.0
7624,460.45,90.122,0.213,1.0,20.0,0.0
7625,460.45,92.493,0.199,1.0,20.0,0.0
7626,460.45,93.617,0.193,1.0,20.0,0.0
7627,460.45,97.112,0.176,1.0,20.0,0.0
7628,460.45,98.772,0.168,1.0,21.0,0.0
7629,460.45,100.61,0.16,1.0,21.0,0.0
7630,460.45,102.06,0.154,1.0,21.0,0.0
7631,460.45,104.1,0.145,1.0,21.0,0.0
7632,460.45,105.06,0.142,1.0,21.0,0.0
7633,460.45,107.6,0.132,1.0,21.0,0.0
7634,460.45,108.95,0.128,1.0,21.0,0.0
7635,460.45,111.09,0.12,1.0,21.0,0.0
7636,460.45,112.83,0.115,0.958,21.0,0.0
7637,460.45,114.59,0.11,0.913,21.0,0.0
7638,460.45,116.75,0.103,0.861,21.0,0.0
7639,460.45,118.08,0.0997,0.831,21.0,0.0
7640,460.45,121.58,0.0906,0.755,21.0,0.0
7641,460.45,124.97,0.0824,0.687,22.0,0.0
7642,460.45,125.07,0.0822,0.685,22.0,0.0
7643,460.45,128.57,0.0745,0.621,22.0,0.0
7644,460.45,132.06,0.0675,0.562,22.0,0.0
7645,460.45,133.19,0.0653,0.545,22.0,0.0
7646,460.45,135.56,0.061,0.508,22.0,0.0
7647,460.45,139.05,0.055,0.459,22.0,0.0
7648,460.45,142.55,0.0495,0.413,22.0,0.0
7649,460.45,144.15,0.0471,0.393,22.0,0.0
7650,460.45,146.04,0.0444,0.37,22.0,0.0
7651,460.45,149.54,0.0397,0.331,22.0,0.0
7652,460.45,149.89,0.0393,0.328,22.0,0.0
7653,460.45,153.03,0.0355,0.295,23.0,0.0
7654,460.45,153.87,0.0345,0.287,23.0,0.0
7655,460.45,156.53,0.0315,0.262,23.0,0.0
7656,460.45,160.02,0.0278,0.231,23.0,0.0
7657,460.45,161.99,0.0258,0.215,23.0,0.0
7658,460.45,163.52,0.0243,0.202,23.0,0.0
7659,460.45,167.01,0.021,0.175,23.0,0.0
7660,460.45,170.51,0.0175,0.145,23.0,0.0
7661,460.45,171.17,0.0167,0.139,24.0,0.0
7662,460.45,174.0,0.0139,0.116,24.0,0.0
7663,460.45,177.5,0.0116,0.0971,24.0,0.0
7664,460.45,180.35,0.0101,0.0842,24.0,0.0
7665,460.45,180.99,0.00978,0.0815,24.0,0.0
7666,460.45,184.49,0.00815,0.0679,24.0,0.0
7667,460.45,187.98,0.0067,0.0558,25.0,0.0
7668,460.45,188.7,0.00642,0.0535,25.0,0.0
7669,460.45,191.48,0.00538,0.0448,25.0,0.0
7670,460.45,194.97,0.00418,0.0349,25.0,0.0
7671,460.45,196.18,0.0038,0.0317,25.0,0.0
7672,460.45,198.47,0.00312,0.026,26.0,0.0
7673,460.45,200.38,0.0026,0.0217,26.0,0.0
7674,460.45,201.96,0.00221,0.0184,26.0,0.0
7675,460.45,205.46,0.00148,0.0123,26.0,0.0
7676,460.45,208.95,0.000939,0.00782,27.0,0.0
7677,460.45,212.45,0.000567,0.00472,27.0,0.0
7678,460.45,212.84,0.000535,0.00446,28.0,0.0
7679,460.45,215.94,0.000334,0.00279,28.0,0.0
7680,460.45,219.44,0.000199,0.00166,28.0,0.0
7681,460.45,222.32,0.000137,0.00114,29.0,0.0
7682,460.45,222.93,0.000128,0.00107,29.0,0.0
7683,460.45,226.43,0.000104,0.000865,29.0,0.0
7684,460.45,229.92,0.000155,0.00129,28.0,0.0
7685,460.45,231.06,0.000207,0.00173,28.0,0.0
7686,460.45,233.42,0.000385,0.00321,27.0,0.0
7687,460.45,236.91,0.000769,0.0064,27.0,0.0
7688,460.45,237.44,0.000836,0.00697,27.0,0.0
7689,460.45,327.73,0.0155,0.129,24.0,0.0
7690,460.45,450.11,0.0166,0.138,24.0,0.0
7691,460.45,515.03,0.00775,0.0646,25.0,0.0
7692,460.45,588.03,0.00645,0.0537,25.0,0.0
7693,460.45,586.41,0.00646,0.0538,25.0,0.0
7694,460.45,585.58,0.00647,0.0539,25.0,0.0
7695,460.45,583.12,0.00649,0.0541,25.0,0.0
7696,460.45,582.92,0.00649,0.0541,25.0,0.0
7697,460.45,580.67,0.00651,0.0543,25.0,0.0
7698,460.45,579.42,0.00653,0.0544,25.0,0.0
7699,460.45,578.21,0.00654,0.0545,25.0,0.0
7700,460.45,575.93,0.00656,0.0547,25.0,0.0
7701,460.45,575.76,0.00656,0.0547,25.0,0.0
7702,460.45,573.33,0.00659,0.0549,25.0,0.0
7703,460.45,572.43,0.0066,0.055,25.0,0.0
7704,460.45,571.02,0.00661,0.0551,25.0,0.0
7705,460.45,568.94,0.00664,0.0553,25.0,0.0
7706,460.45,568.87,0.00664,0.0553,25.0,0.0
7707,460.45,567.35,0.00666,0.0555,25.0,0.0
7708,460.45,565.86,0.00667,0.0556,25.0,0.0
7709,460.45,565.44,0.00668,0.0557,25.0,0.0
7710,460.45,564.37,0.00669,0.0558,25.0,0.0
7711,460.45,562.88,0.00671,0.0559,25.0,0.0
7712,460.45,561.95,0.00672,0.056,25.0,0.0
7713,460.45,558.45,0.00677,0.0564,25.0,0.0
7714,460.45,557.76,0.00678,0.0565,25.0,0.0
7715,460.45,554.96,0.00682,0.0568,25.0,0.0
7716,460.45,551.46,0.00687,0.0573,25.0,0.0
7717,460.45,549.1,0.00691,0.0576,25.0,0.0
7718,460.45,547.97,0.00693,0.0578,25.0,0.0
7719,460.45,544.47,0.00699,0.0583,25.0,0.0
7720,460.45,540.98,0.00706,0.0588,25.0,0.0
7721,460.45,537.48,0.00713,0.0594,25.0,0.0
7722,460.45,533.99,0.00721,0.0601,25.0,0.0
7723,460.45,531.44,0.00727,0.0606,25.0,0.0
7724,460.45,530.49,0.00729,0.0608,25.0,0.0
7725,460.45,527.0,0.00738,0.0615,25.0,0.0
7726,460.45,523.5,0.00748,0.0623,25.0,0.0
7727,460.45,453.6,0.0154,0.129,24.0,0.0
7728,460.45,451.25,0.0162,0.135,24.0,0.0
7729,460.45,450.11,0.0166,0.138,24.0,0.0
7730,460.45,446.61,0.0176,0.147,24.0,0.0
7731,460.45,443.12,0.0184,0.154,24.0,0.0
7732,460.45,299.82,0.0122,0.102,24.0,0.0
7733,460.45,264.87,0.00593,0.0494,25.0,0.0
7734,460.45,121.58,0.0906,0.755,21.0,0.0
7735,460.45,2.7475,101.0,1.0,10.0,0.0
7736,461.81,72.91,0.352,1.0,19.0,0.0
7737,461.81,76.142,0.32,1.0,20.0,0.0
7738,461.81,77.744,0.306,1.0,20.0,0.0
7739,461.81,79.637,0.289,1.0,20.0,0.0
7740,461.81,81.93,0.271,1.0,20.0,0.0
7741,461.81,83.132,0.262,1.0,20.0,0.0
7742,461.81,86.627,0.237,1.0,20.0,0.0
7743,461.81,90.122,0.215,1.0,20.0,0.0
7744,461.81,92.493,0.202,1.0,20.0,0.0
7745,461.81,93.617,0.196,1.0,20.0,0.0
7746,461.81,97.112,0.178,1.0,20.0,0.0
7747,461.81,98.772,0.17,1.0,21.0,0.0
7748,461.81,100.61,0.162,1.0,21.0,0.0
7749,461.81,102.06,0.156,1.0,21.0,0.0
7750,461.81,104.1,0.147,1.0,21.0,0.0
7751,461.81,105.06,0.144,1.0,21.0,0.0
7752,461.81,107.6,0.134,1.0,21.0,0.0
7753,461.81,108.95,0.129,1.0,21.0,0.0
7754,461.81,111.09,0.122,1.0,21.0,0.0
7755,461.81,112.83,0.117,0.972,21.0,0.0
7756,461.81,114.59,0.111,0.927,21.0,0.0
7757,461.81,116.75,0.105,0.874,21.0,0.0
7758,461.81,118.08,0.101,0.843,21.0,0.0
7759,461.81,121.58,0.092,0.767,21.0,0.0
7760,461.81,124.97,0.0838,0.698,21.0,0.0
7761,461.81,125.07,0.0835,0.696,21.0,0.0
7762,461.81,128.57,0.0758,0.631,22.0,0.0
7763,461.81,132.06,0.0686,0.572,22.0,0.0
7764,461.81,133.19,0.0665,0.554,22.0,0.0
7765,461.81,135.56,0.0621,0.517,22.0,0.0
7766,461.81,139.05,0.056,0.467,22.0,0.0
7767,461.81,142.55,0.0504,0.42,22.0,0.0
7768,461.81,144.15,0.048,0.4,22.0,0.0
7769,461.81,146.04,0.0453,0.377,22.0,0.0
7770,461.81,149.54,0.0405,0.338,22.0,0.0
7771,461.81,149.89,0.0401,0.334,22.0,0.0
7772,461.81,153.03,0.0362,0.302,23.0,0.0
7773,461.81,153.87,0.0352,0.293,23.0,0.0
7774,461.81,156.53,0.0321,0.268,23.0,0.0
7775,461.81,160.02,0.0284,0.237,23.0,0.0
7776,461.81,161.99,0.0264,0.22,23.0,0.0
7777,461.81,163.52,0.0249,0.207,23.0,0.0
7778,461.81,167.01,0.0215,0.179,23.0,0.0
7779,461.81,170.51,0.0179,0.149,23.0,0.0
7780,461.81,171.17,0.0172,0.143,23.0,0.0
7781,461.81,174.0,0.0143,0.119,24.0,0.0
7782,461.81,177.5,0.012,0.0998,24.0,0.0
7783,461.81,180.35,0.0104,0.0867,24.0,0.0
7784,461.81,180.99,0.0101,0.084,24.0,0.0
7785,461.81,184.49,0.00842,0.0702,24.0,0.0
7786,461.81,187.98,0.00695,0.0579,25.0,0.0
7787,461.81,188.7,0.00666,0.0555,25.0,0.0
7788,461.81,191.48,0.00561,0.0467,25.0,0.0
7789,461.81,194.97,0.00439,0.0366,25.0,0.0
7790,461.81,196.18,0.004,0.0333,25.0,0.0
7791,461.81,198.47,0.0033,0.0275,26.0,0.0
7792,461.81,200.38,0.00277,0.0231,26.0,0.0
7793,461.81,201.96,0.00237,0.0197,26.0,0.0
7794,461.81,205.46,0.0016,0.0133,26.0,0.0
7795,461.81,208.95,0.00103,0.00855,27.0,0.0
7796,461.81,212.45,0.000625,0.00521,27.0,0.0
7797,461.81,212.84,0.000591,0.00492,27.0,0.0
7798,461.81,215.94,0.00037,0.00309,28.0,0.0
7799,461.81,219.44,0.00022,0.00183,28.0,0.0
7800,461.81,222.32,0.000149,0.00124,29.0,0.0
7801,461.81,222.93,0.000138,0.00115,29.0,0.0
7802,461.81,226.43,0.000105,0.000878,29.0,0.0
7803,461.81,229.92,0.000134,0.00112,28.0,0.0
7804,461.81,231.06,0.000174,0.00145,28.0,0.0
7805,461.81,233.42,0.000326,0.00272,27.0,0.0
7806,461.81,236.91,0.000686,0.00572,27.0,0.0
7807,461.81,237.44,0.000751,0.00626,27.0,0.0
7808,461.81,327.73,0.0156,0.13,24.0,0.0
7809,461.81,450.11,0.0172,0.143,24.0,0.0
7810,461.81,515.03,0.00786,0.0655,25.0,0.0
7811,461.81,588.03,0.00651,0.0542,25.0,0.0
7812,461.81,586.41,0.00652,0.0544,25.0,0.0
7813,461.81,585.58,0.00653,0.0544,25.0,0.0
7814,461.81,583.12,0.00655,0.0546,25.0,0.0
7815,461.81,582.92,0.00655,0.0546,25.0,0.0
7816,461.81,580.67,0.00658,0.0548,25.0,0.0
7817,461.81,579.42,0.00659,0.0549,25.0,0.0
7818,461.81,578.21,0.0066,0.055,25.0,0.0
7819,461.81,575.93,0.00662,0.0552,25.0,0.0
7820,461.81,575.76,0.00663,0.0552,25.0,0.0
7821,461.81,573.33,0.00665,0.0554,25.0,0.0
7822,461.81,572.43,0.00666,0.0555,25.0,0.0
7823,461.81,571.02,0.00668,0.0557,25.0,0.0
7824,461.81,568.94,0.0067,0.0559,25.0,0.0
7825,461.81,568.87,0.0067,0.0559,25.0,0.0
7826,461.81,567.35,0.00672,0.056,25.0,0.0
7827,461.81,565.86,0.00674,0.0562,25.0,0.0
7828,461.81,565.44,0.00675,0.0562,25.0,0.0
7829,461.81,564.37,0.00676,0.0563,25.0,0.0
7830,461.81,562.88,0.00678,0.0565,25.0,0.0
7831,461.81,561.95,0.00679,0.0566,25.0,0.0
7832,461.81,558.45,0.00684,0.057,25.0,0.0
7833,461.81,557.76,0.00685,0.0571,25.0,0.0
7834,461.81,554.96,0.00689,0.0574,25.0,0.0
7835,461.81,551.46,0.00695,0.0579,25.0,0.0
7836,461.81,549.1,0.00699,0.0582,25.0,0.0
7837,461.81,547.97,0.00701,0.0584,25.0,0.0
7838,461.81,544.47,0.00707,0.0589,25.0,0.0
7839,461.81,540.98,0.00714,0.0595,25.0,0.0
7840,461.81,537.48,0.00722,0.0601,25.0,0.0
7841,461.81,533.99,0.0073,0.0608,25.0,0.0
7842,461.81,531.44,0.00736,0.0613,25.0,0.0
7843,461.81,530.49,0.00738,0.0615,25.0,0.0
7844,461.81,527.0,0.00748,0.0623,25.0,0.0
7845,461.81,523.5,0.00758,0.0632,25.0,0.0
7846,461.81,453.6,0.0161,0.134,24.0,0.0
7847,461.81,451.25,0.0168,0.14,24.0,0.0
7848,461.81,450.11,0.0172,0.143,24.0,0.0
7849,461.81,446.61,0.0181,0.151,24.0,0.0
7850,461.81,443.12,0.0188,0.157,24.0,0.0
7851,461.81,299.82,0.0122,0.101,24.0,0.0
7852,461.81,264.87,0.0058,0.0484,25.0,0.0
7853,461.81,121.58,0.092,0.767,21.0,0.0
7854,461.81,2.7475,102.0,1.0,10.0,0.0
7855,469.59,72.91,0.377,1.0,19.0,0.0
7856,469.59,76.142,0.343,1.0,20.0,0.0
7857,469.59,77.744,0.327,1.0,20.0,0.0
7858,469.59,79.637,0.31,1.0,20.0,0.0
7859,469.59,81.93,0.291,1.0,20.0,0.0
7860,469.59,83.132,0.281,1.0,20.0,0.0
7861,469.59,86.627,0.255,1.0,20.0,0.0
7862,469.59,90.122,0.232,1.0,20.0,0.0
7863,469.59,92.493,0.217,1.0,20.0,0.0
7864,469.59,93.617,0.211,1.0,20.0,0.0
7865,469.59,97.112,0.192,1.0,20.0,0.0
7866,469.59,98.772,0.184,1.0,20.0,0.0
7867,469.59,100.61,0.175,1.0,21.0,0.0
7868,469.59,102.06,0.168,1.0,21.0,0.0
7869,469.59,104.1,0.159,1.0,21.0,0.0
7870,469.59,105.06,0.155,1.0,21.0,0.0
7871,469.59,107.6,0.145,1.0,21.0,0.0
7872,469.59,108.95,0.14,1.0,21.0,0.0
7873,469.59,111.09,0.133,1.0,21.0,0.0
7874,469.59,112.83,0.127,1.0,21.0,0.0
7875,469.59,114.59,0.121,1.0,21.0,0.0
7876,469.59,116.75,0.114,0.951,21.0,0.0
7877,469.59,118.08,0.11,0.918,21.0,0.0
7878,469.59,121.58,0.1,0.836,21.0,0.0
7879,469.59,124.97,0.0916,0.763,21.0,0.0
7880,469.59,125.07,0.0913,0.761,21.0,0.0
7881,469.59,128.57,0.083,0.692,22.0,0.0
7882,469.59,132.06,0.0754,0.628,22.0,0.0
7883,469.59,133.19,0.073,0.609,22.0,0.0
7884,469.59,135.56,0.0683,0.569,22.0,0.0
7885,469.59,139.05,0.0619,0.516,22.0,0.0
7886,469.59,142.55,0.0559,0.466,22.0,0.0
7887,469.59,144.15,0.0533,0.444,22.0,0.0
7888,469.59,146.04,0.0504,0.42,22.0,0.0
7889,469.59,149.54,0.0453,0.377,22.0,0.0
7890,469.59,149.89,0.0448,0.373,22.0,0.0
7891,469.59,153.03,0.0406,0.338,22.0,0.0
7892,469.59,153.87,0.0395,0.329,22.0,0.0
7893,469.59,156.53,0.0362,0.302,23.0,0.0
7894,469.59,160.02,0.0322,0.268,23.0,0.0
7895,469.59,161.99,0.03,0.25,23.0,0.0
7896,469.59,163.52,0.0284,0.236,23.0,0.0
7897,469.59,167.01,0.0246,0.205,23.0,0.0
7898,469.59,170.51,0.0206,0.172,23.0,0.0
7899,469.59,171.17,0.0197,0.164,23.0,0.0
7900,469.59,174.0,0.0165,0.138,24.0,0.0
7901,469.59,177.5,0.0139,0.116,24.0,0.0
7902,469.59,180.35,0.0122,0.102,24.0,0.0
7903,469.59,180.99,0.0118,0.0987,24.0,0.0
7904,469.59,184.49,0.01,0.0837,24.0,0.0
7905,469.59,187.98,0.00845,0.0704,24.0,0.0
7906,469.59,188.7,0.00814,0.0678,24.0,0.0
7907,469.59,191.48,0.00699,0.0583,25.0,0.0
7908,469.59,194.97,0.00566,0.0472,25.0,0.0
7909,469.59,196.18,0.00523,0.0435,25.0,0.0
7910,469.59,198.47,0.00444,0.037,25.0,0.0
7911,469.59,200.38,0.00383,0.0319,25.0,0.0
7912,469.59,201.96,0.00335,0.0279,26.0,0.0
7913,469.59,205.46,0.00241,0.0201,26.0,0.0
7914,469.59,208.95,0.00164,0.0137,26.0,0.0
7915,469.59,212.45,0.00106,0.00883,27.0,0.0
7916,469.59,212.84,0.00101,0.00838,27.0,0.0
7917,469.59,215.94,0.000653,0.00544,27.0,0.0
7918,469.59,219.44,0.00039,0.00325,28.0,0.0
7919,469.59,222.32,0.000255,0.00212,28.0,0.0
7920,469.59,222.93,0.000233,0.00194,28.0,0.0
7921,469.59,226.43,0.000147,0.00123,29.0,0.0
7922,469.59,229.92,0.00011,0.000918,29.0,0.0
7923,469.59,231.06,0.000108,0.000902,29.0,0.0
7924,469.59,233.42,0.00013,0.00109,28.0,0.0
7925,469.59,236.91,0.000301,0.00251,28.0,0.0
7926,469.59,237.44,0.000344,0.00287,27.0,0.0
7927,469.59,327.73,0.0157,0.131,24.0,0.0
7928,469.59,450.11,0.02,0.166,24.0,0.0
7929,469.59,515.03,0.00857,0.0714,25.0,0.0
7930,469.59,588.03,0.00687,0.0572,25.0,0.0
7931,469.59,586.41,0.00688,0.0574,25.0,0.0
7932,469.59,585.58,0.00689,0.0574,25.0,0.0
7933,469.59,583.12,0.00692,0.0577,25.0,0.0
7934,469.59,582.92,0.00692,0.0577,25.0,0.0
7935,469.59,580.67,0.00695,0.0579,25.0,0.0
7936,469.59,579.42,0.00696,0.058,25.0,0.0
7937,469.59,578.21,0.00698,0.0582,25.0,0.0
7938,469.59,575.93,0.00701,0.0584,25.0,0.0
7939,469.59,575.76,0.00701,0.0584,25.0,0.0
7940,469.59,573.33,0.00704,0.0587,25.0,0.0
7941,469.59,572.43,0.00705,0.0588,25.0,0.0
7942,469.59,571.02,0.00707,0.0589,25.0,0.0
7943,469.59,568.94,0.0071,0.0592,25.0,0.0
7944,469.59,568.87,0.0071,0.0592,25.0,0.0
7945,469.59,567.35,0.00713,0.0594,25.0,0.0
7946,469.59,565.86,0.00715,0.0596,25.0,0.0
7947,469.59,565.44,0.00716,0.0596,25.0,0.0
7948,469.59,564.37,0.00717,0.0598,25.0,0.0
7949,469.59,562.88,0.0072,0.06,25.0,0.0
7950,469.59,561.95,0.00721,0.0601,25.0,0.0
7951,469.59,558.45,0.00727,0.0606,25.0,0.0
7952,469.59,557.76,0.00729,0.0607,25.0,0.0
7953,469.59,554.96,0.00734,0.0611,25.0,0.0
7954,469.59,551.46,0.00741,0.0617,25.0,0.0
7955,469.59,549.1,0.00746,0.0621,25.0,0.0
7956,469.59,547.97,0.00748,0.0623,25.0,0.0
7957,469.59,544.47,0.00756,0.063,25.0,0.0
7958,469.59,540.98,0.00765,0.0637,25.0,0.0
7959,469.59,537.48,0.00774,0.0645,25.0,0.0
7960,469.59,533.99,0.00784,0.0653,25.0,0.0
7961,469.59,531.44,0.00792,0.066,25.0,0.0
7962,469.59,530.49,0.00795,0.0663,25.0,0.0
7963,469.59,527.0,0.00807,0.0673,25.0,0.0
7964,469.59,523.5,0.0082,0.0683,25.0,0.0
7965,469.59,453.6,0.0192,0.16,24.0,0.0
7966,469.59,451.25,0.0198,0.165,24.0,0.0
7967,469.59,450.11,0.02,0.166,24.0,0.0
7968,469.59,446.61,0.0206,0.171,24.0,0.0
7969,469.59,443.12,0.0209,0.174,24.0,0.0
7970,469.59,299.82,0.0119,0.0989,24.0,0.0
7971,469.59,264.87,0.00506,0.0422,25.0,0.0
7972,469.59,121.58,0.1,0.836,21.0,0.0
7973,469.59,2.7475,109.0,1.0,10.0,0.0
7974,477.38,72.91,0.403,1.0,19.0,0.0
7975,477.38,76.142,0.367,1.0,19.0,0.0
7976,477.38,77.744,0.35,1.0,20.0,0.0
7977,477.38,79.637,0.332,1.0,20.0,0.0
7978,477.38,81.93,0.311,1.0,20.0,0.0
7979,477.38,83.132,0.301,1.0,20.0,0.0
7980,477.38,86.627,0.273,1.0,20.0,0.0
7981,477.38,90.122,0.249,1.0,20.0,0.0
7982,477.38,92.493,0.233,1.0,20.0,0.0
7983,477.38,93.617,0.227,1.0,20.0,0.0
7984,477.38,97.112,0.207,1.0,20.0,0.0
7985,477.38,98.772,0.198,1.0,20.0,0.0
7986,477.38,100.61,0.188,1.0,20.0,0.0
7987,477.38,102.06,0.181,1.0,20.0,0.0
7988,477.38,104.1,0.172,1.0,21.0,0.0
7989,477.38,105.06,0.168,1.0,21.0,0.0
7990,477.38,107.6,0.157,1.0,21.0,0.0
7991,477.38,108.95,0.152,1.0,21.0,0.0
7992,477.38,111.09,0.143,1.0,21.0,0.0
7993,477.38,112.83,0.137,1.0,21.0,0.0
7994,477.38,114.59,0.131,1.0,21.0,0.0
7995,477.38,116.75,0.124,1.0,21.0,0.0
7996,477.38,118.08,0.12,0.996,21.0,0.0
7997,477.38,121.58,0.109,0.909,21.0,0.0
7998,477.38,124.97,0.0998,0.831,21.0,0.0
7999,477.38,125.07,0.0995,0.829,21.0,0.0
8000,477.38,128.57,0.0907,0.755,21.0,0.0
8001,477.38,132.06,0.0825,0.688,22.0,0.0
8002,477.38,133.19,0.08,0.667,22.0,0.0
8003,477.38,135.56,0.075,0.625,22.0,0.0
8004,477.38,139.05,0.0681,0.567,22.0,0.0
8005,477.38,142.55,0.0617,0.514,22.0,0.0
8006,477.38,144.15,0.0589,0.491,22.0,0.0
8007,477.38,146.04,0.0558,0.465,22.0,0.0
8008,477.38,149.54,0.0503,0.419,22.0,0.0
8009,477.38,149.89,0.0498,0.415,22.0,0.0
8010,477.38,153.03,0.0453,0.377,22.0,0.0
8011,477.38,153.87,0.0441,0.368,22.0,0.0
8012,477.38,156.53,0.0406,0.338,22.0,0.0
8013,477.38,160.02,0.0362,0.302,23.0,0.0
8014,477.38,161.99,0.0339,0.282,23.0,0.0
8015,477.38,163.52,0.0321,0.267,23.0,0.0
8016,477.38,167.01,0.028,0.233,23.0,0.0
8017,477.38,170.51,0.0235,0.196,23.0,0.0
8018,477.38,171.17,0.0225,0.188,23.0,0.0
8019,477.38,174.0,0.0189,0.157,23.0,0.0
8020,477.38,177.5,0.016,0.133,24.0,0.0
8021,477.38,180.35,0.0141,0.118,24.0,0.0
8022,477.38,180.99,0.0137,0.114,24.0,0.0
8023,477.38,184.49,0.0118,0.0982,24.0,0.0
8024,477.38,187.98,0.0101,0.0838,24.0,0.0
8025,477.38,188.7,0.00972,0.081,24.0,0.0
8026,477.38,191.48,0.00849,0.0707,24.0,0.0
8027,477.38,194.97,0.00705,0.0587,25.0,0.0
8028,477.38,196.18,0.00657,0.0548,25.0,0.0
8029,477.38,198.47,0.00572,0.0476,25.0,0.0
8030,477.38,200.38,0.00504,0.042,25.0,0.0
8031,477.38,201.96,0.0045,0.0375,25.0,0.0
8032,477.38,205.46,0.0034,0.0284,26.0,0.0
8033,477.38,208.95,0.00246,0.0205,26.0,0.0
8034,477.38,212.45,0.00168,0.014,26.0,0.0
8035,477.38,212.84,0.00161,0.0134,26.0,0.0
8036,477.38,215.94,0.0011,0.00914,27.0,0.0
8037,477.38,219.44,0.00068,0.00567,27.0,0.0
8038,477.38,222.32,0.000449,0.00374,28.0,0.0
8039,477.38,222.93,0.000411,0.00342,28.0,0.0
8040,477.38,226.43,0.000248,0.00206,28.0,0.0
8041,477.38,229.92,0.000157,0.00131,29.0,0.0
8042,477.38,231.06,0.000138,0.00115,29.0,0.0
8043,477.38,233.42,0.000115,0.000962,29.0,0.0
8044,477.38,236.91,0.000128,0.00106,28.0,0.0
8045,477.38,237.44,0.000138,0.00115,28.0,0.0
8046,477.38,327.73,0.0158,0.131,24.0,0.0
8047,477.38,450.11,0.0221,0.184,24.0,0.0
8048,477.38,515.03,0.00941,0.0784,25.0,0.0
8049,477.38,588.03,0.00725,0.0604,25.0,0.0
8050,477.38,586.41,0.00727,0.0606,25.0,0.0
8051,477.38,585.58,0.00729,0.0607,25.0,0.0
8052,477.38,583.12,0.00732,0.061,25.0,0.0
8053,477.38,582.92,0.00732,0.061,25.0,0.0
8054,477.38,580.67,0.00735,0.0613,25.0,0.0
8055,477.38,579.42,0.00737,0.0614,25.0,0.0
8056,477.38,578.21,0.00739,0.0616,25.0,0.0
8057,477.38,575.93,0.00742,0.0619,25.0,0.0
8058,477.38,575.76,0.00743,0.0619,25.0,0.0
8059,477.38,573.33,0.00747,0.0622,25.0,0.0
8060,477.38,572.43,0.00748,0.0623,25.0,0.0
8061,477.38,571.02,0.00751,0.0625,25.0,0.0
8062,477.38,568.94,0.00754,0.0628,25.0,0.0
8063,477.38,568.87,0.00754,0.0629,25.0,0.0
8064,477.38,567.35,0.00757,0.0631,25.0,0.0
8065,477.38,565.86,0.0076,0.0633,25.0,0.0
8066,477.38,565.44,0.00761,0.0634,25.0,0.0
8067,477.38,564.37,0.00763,0.0636,25.0,0.0
8068,477.38,562.88,0.00766,0.0638,25.0,0.0
8069,477.38,561.95,0.00768,0.064,25.0,0.0
8070,477.38,558.45,0.00775,0.0646,25.0,0.0
8071,477.38,557.76,0.00777,0.0647,25.0,0.0
8072,477.38,554.96,0.00783,0.0653,25.0,0.0
8073,477.38,551.46,0.00792,0.066,25.0,0.0
8074,477.38,549.1,0.00798,0.0665,25.0,0.0
8075,477.38,547.97,0.00801,0.0668,25.0,0.0
8076,477.38,544.47,0.00811,0.0676,25.0,0.0
8077,477.38,540.98,0.00822,0.0685,25.0,0.0
8078,477.38,537.48,0.00834,0.0695,25.0,0.0
8079,477.38,533.99,0.00847,0.0706,25.0,0.0
8080,477.38,531.44,0.00857,0.0714,25.0,0.0
8081,477.38,530.49,0.00861,0.0717,25.0,0.0
8082,477.38,527.0,0.00876,0.073,25.0,0.0
8083,477.38,523.5,0.00893,0.0744,25.0,0.0
8084,477.38,453.6,0.0217,0.181,24.0,0.0
8085,477.38,451.25,0.022,0.184,24.0,0.0
8086,477.38,450.11,0.0221,0.184,24.0,0.0
8087,477.38,446.61,0.0224,0.187,24.0,0.0
8088,477.38,443.12,0.0225,0.188,24.0,0.0
8089,477.38,299.82,0.0115,0.0956,24.0,0.0
8090,477.38,264.87,0.00429,0.0358,25.0,0.0
8091,477.38,121.58,0.109,0.909,21.0,0.0
8092,477.38,2.7475,115.0,1.0,10.0,0.0
8093,480.47,72.91,0.414,1.0,19.0,0.0
8094,480.47,76.142,0.377,1.0,19.0,0.0
8095,480.47,77.744,0.36,1.0,19.0,0.0
8096,480.47,79.637,0.341,1.0,20.0,0.0
8097,480.47,81.93,0.32,1.0,20.0,0.0
8098,480.47,83.132,0.309,1.0,20.0,0.0
8099,480.47,86.627,0.281,1.0,20.0,0.0
8100,480.47,90.122,0.256,1.0,20.0,0.0
8101,480.47,92.493,0.24,1.0,20.0,0.0
8102,480.47,93.617,0.233,1.0,20.0,0.0
8103,480.47,97.112,0.213,1.0,20.0,0.0
8104,480.47,98.772,0.203,1.0,20.0,0.0
8105,480.47,100.61,0.194,1.0,20.0,0.0
8106,480.47,102.06,0.187,1.0,20.0,0.0
8107,480.47,104.1,0.177,1.0,21.0,0.0
8108,480.47,105.06,0.173,1.0,21.0,0.0
8109,480.47,107.6,0.162,1.0,21.0,0.0
8110,480.47,108.95,0.156,1.0,21.0,0.0
8111,480.47,111.09,0.148,1.0,21.0,0.0
8112,480.47,112.83,0.141,1.0,21.0,0.0
8113,480.47,114.59,0.135,1.0,21.0,0.0
8114,480.47,116.75,0.128,1.0,21.0,0.0
8115,480.47,118.08,0.123,1.0,21.0,0.0
8116,480.47,121.58,0.113,0.939,21.0,0.0
8117,480.47,124.97,0.103,0.86,21.0,0.0
8118,480.47,125.07,0.103,0.858,21.0,0.0
8119,480.47,128.57,0.0938,0.782,21.0,0.0
8120,480.47,132.06,0.0855,0.712,22.0,0.0
8121,480.47,133.19,0.0829,0.691,22.0,0.0
8122,480.47,135.56,0.0778,0.648,22.0,0.0
8123,480.47,139.05,0.0707,0.589,22.0,0.0
8124,480.47,142.55,0.0641,0.534,22.0,0.0
8125,480.47,144.15,0.0613,0.51,22.0,0.0
8126,480.47,146.04,0.058,0.484,22.0,0.0
8127,480.47,149.54,0.0524,0.437,22.0,0.0
8128,480.47,149.89,0.0519,0.432,22.0,0.0
8129,480.47,153.03,0.0472,0.394,22.0,0.0
8130,480.47,153.87,0.046,0.384,22.0,0.0
8131,480.47,156.53,0.0424,0.353,22.0,0.0
8132,480.47,160.02,0.0379,0.316,23.0,0.0
8133,480.47,161.99,0.0355,0.296,23.0,0.0
8134,480.47,163.52,0.0337,0.28,23.0,0.0
8135,480.47,167.01,0.0294,0.245,23.0,0.0
8136,480.47,170.51,0.0247,0.206,23.0,0.0
8137,480.47,171.17,0.0237,0.197,23.0,0.0
8138,480.47,174.0,0.0198,0.165,23.0,0.0
8139,480.47,177.5,0.0169,0.14,23.0,0.0
8140,480.47,180.35,0.0149,0.124,24.0,0.0
8141,480.47,180.99,0.0145,0.121,24.0,0.0
8142,480.47,184.49,0.0125,0.104,24.0,0.0
8143,480.47,187.98,0.0107,0.0894,24.0,0.0
8144,480.47,188.7,0.0104,0.0865,24.0,0.0
8145,480.47,191.48,0.00911,0.0759,24.0,0.0
8146,480.47,194.97,0.00763,0.0636,24.0,0.0
8147,480.47,196.18,0.00714,0.0595,25.0,0.0
8148,480.47,198.47,0.00625,0.0521,25.0,0.0
8149,480.47,200.38,0.00555,0.0463,25.0,0.0
8150,480.47,201.96,0.00499,0.0416,25.0,0.0
8151,480.47,205.46,0.00384,0.032,25.0,0.0
8152,480.47,208.95,0.00284,0.0236,26.0,0.0
8153,480.47,212.45,0.00199,0.0166,26.0,0.0
8154,480.47,212.84,0.0019,0.0159,26.0,0.0
8155,480.47,215.94,0.00132,0.011,27.0,0.0
8156,480.47,219.44,0.000838,0.00699,27.0,0.0
8157,480.47,222.32,0.000559,0.00466,28.0,0.0
8158,480.47,222.93,0.000512,0.00427,28.0,0.0
8159,480.47,226.43,0.000309,0.00257,28.0,0.0
8160,480.47,229.92,0.000191,0.00159,28.0,0.0
8161,480.47,231.06,0.000165,0.00138,29.0,0.0
8162,480.47,233.42,0.000129,0.00108,29.0,0.0
8163,480.47,236.91,0.000114,0.000954,29.0,0.0
8164,480.47,237.44,0.000117,0.000979,29.0,0.0
8165,480.47,327.73,0.0157,0.131,24.0,0.0
8166,480.47,450.11,0.0228,0.19,24.0,0.0
8167,480.47,515.03,0.00979,0.0816,25.0,0.0
8168,480.47,588.03,0.00742,0.0618,25.0,0.0
8169,480.47,586.41,0.00744,0.062,25.0,0.0
8170,480.47,585.58,0.00745,0.0621,25.0,0.0
8171,480.47,583.12,0.00749,0.0624,25.0,0.0
8172,480.47,582.92,0.00749,0.0624,25.0,0.0
8173,480.47,580.67,0.00752,0.0627,25.0,0.0
8174,480.47,579.42,0.00754,0.0629,25.0,0.0
8175,480.47,578.21,0.00756,0.063,25.0,0.0
8176,480.47,575.93,0.0076,0.0633,25.0,0.0
8177,480.47,575.76,0.0076,0.0634,25.0,0.0
8178,480.47,573.33,0.00765,0.0637,25.0,0.0
8179,480.47,572.43,0.00766,0.0638,25.0,0.0
8180,480.47,571.02,0.00769,0.0641,25.0,0.0
8181,480.47,568.94,0.00773,0.0644,25.0,0.0
8182,480.47,568.87,0.00773,0.0644,25.0,0.0
8183,480.47,567.35,0.00776,0.0647,25.0,0.0
8184,480.47,565.86,0.00779,0.0649,25.0,0.0
8185,480.47,565.44,0.0078,0.065,25.0,0.0
8186,480.47,564.37,0.00782,0.0652,25.0,0.0
8187,480.47,562.88,0.00785,0.0654,25.0,0.0
8188,480.47,561.95,0.00787,0.0656,25.0,0.0
8189,480.47,558.45,0.00796,0.0663,25.0,0.0
8190,480.47,557.76,0.00797,0.0664,25.0,0.0
8191,480.47,554.96,0.00804,0.067,25.0,0.0
8192,480.47,551.46,0.00814,0.0678,25.0,0.0
8193,480.47,549.1,0.00821,0.0684,25.0,0.0
8194,480.47,547.97,0.00824,0.0687,25.0,0.0
8195,480.47,544.47,0.00835,0.0696,25.0,0.0
8196,480.47,540.98,0.00847,0.0706,25.0,0.0
8197,480.47,537.48,0.0086,0.0717,25.0,0.0
8198,480.47,533.99,0.00874,0.0728,25.0,0.0
8199,480.47,531.44,0.00885,0.0738,25.0,0.0
8200,480.47,530.49,0.0089,0.0741,25.0,0.0
8201,480.47,527.0,0.00907,0.0755,25.0,0.0
8202,480.47,523.5,0.00925,0.0771,25.0,0.0
8203,480.47,453.6,0.0225,0.188,24.0,0.0
8204,480.47,451.25,0.0227,0.19,24.0,0.0
8205,480.47,450.11,0.0228,0.19,24.0,0.0
8206,480.47,446.61,0.023,0.192,24.0,0.0
8207,480.47,443.12,0.0231,0.193,24.0,0.0
8208,480.47,299.82,0.0113,0.094,24.0,0.0
8209,480.47,264.87,0.00398,0.0332,25.0,0.0
8210,480.47,121.58,0.113,0.939,21.0,0.0
8211,480.47,2.7475,118.0,1.0,10.0,0.0
8212,487.86,72.91,0.44,1.0,19.0,0.0
8213,487.86,76.142,0.401,1.0,19.0,0.0
8214,487.86,77.744,0.383,1.0,19.0,0.0
8215,487.86,79.637,0.363,1.0,20.0,0.0
8216,487.86,81.93,0.341,1.0,20.0,0.0
8217,487.86,83.132,0.33,1.0,20.0,0.0
8218,487.86,86.627,0.3,1.0,20.0,0.0
8219,487.86,90.122,0.273,1.0,20.0,0.0
8220,487.86,92.493,0.256,1.0,20.0,0.0
8221,487.86,93.617,0.249,1.0,20.0,0.0
8222,487.86,97.112,0.227,1.0,20.0,0.0
8223,487.86,98.772,0.218,1.0,20.0,0.0
8224,487.86,100.61,0.208,1.0,20.0,0.0
8225,487.86,102.06,0.2,1.0,20.0,0.0
8226,487.86,104.1,0.19,1.0,20.0,0.0
8227,487.86,105.06,0.185,1.0,20.0,0.0
8228,487.86,107.6,0.174,1.0,21.0,0.0
8229,487.86,108.95,0.168,1.0,21.0,0.0
8230,487.86,111.09,0.159,1.0,21.0,0.0
8231,487.86,112.83,0.152,1.0,21.0,0.0
8232,487.86,114.59,0.145,1.0,21.0,0.0
8233,487.86,116.75,0.138,1.0,21.0,0.0
8234,487.86,118.08,0.133,1.0,21.0,0.0
8235,487.86,121.58,0.122,1.0,21.0,0.0
8236,487.86,124.97,0.112,0.93,21.0,0.0
8237,487.86,125.07,0.111,0.927,21.0,0.0
8238,487.86,128.57,0.102,0.847,21.0,0.0
8239,487.86,132.06,0.0928,0.773,21.0,0.0
8240,487.86,133.19,0.0901,0.751,21.0,0.0
8241,487.86,135.56,0.0846,0.705,22.0,0.0
8242,487.86,139.05,0.0771,0.642,22.0,0.0
8243,487.86,142.55,0.0701,0.584,22.0,0.0
8244,487.86,144.15,0.0671,0.559,22.0,0.0
8245,487.86,146.04,0.0636,0.53,22.0,0.0
8246,487.86,149.54,0.0576,0.48,22.0,0.0
8247,487.86,149.89,0.0571,0.476,22.0,0.0
8248,487.86,153.03,0.0521,0.434,22.0,0.0
8249,487.86,153.87,0.0508,0.424,22.0,0.0
8250,487.86,156.53,0.0469,0.391,22.0,0.0
8251,487.86,160.02,0.0421,0.351,22.0,0.0
8252,487.86,161.99,0.0395,0.329,23.0,0.0
8253,487.86,163.52,0.0376,0.313,23.0,0.0
8254,487.86,167.01,0.033,0.275,23.0,0.0
8255,487.86,170.51,0.0277,0.231,23.0,0.0
8256,487.86,171.17,0.0266,0.222,23.0,0.0
8257,487.86,174.0,0.0223,0.186,23.0,0.0
8258,487.86,177.5,0.019,0.158,23.0,0.0
8259,487.86,180.35,0.0169,0.141,23.0,0.0
8260,487.86,180.99,0.0165,0.137,24.0,0.0
8261,487.86,184.49,0.0143,0.119,24.0,0.0
8262,487.86,187.98,0.0124,0.103,24.0,0.0
8263,487.86,188.7,0.012,0.1,24.0,0.0
8264,487.86,191.48,0.0107,0.0889,24.0,0.0
8265,487.86,194.97,0.00909,0.0757,24.0,0.0
8266,487.86,196.18,0.00857,0.0714,24.0,0.0
8267,487.86,198.47,0.00761,0.0634,25.0,0.0
8268,487.86,200.38,0.00685,0.0571,25.0,0.0
8269,487.86,201.96,0.00625,0.0521,25.0,0.0
8270,487.86,205.46,0.00499,0.0416,25.0,0.0
8271,487.86,208.95,0.00384,0.032,25.0,0.0
8272,487.86,212.45,0.00283,0.0236,26.0,0.0
8273,487.86,212.84,0.00273,0.0228,26.0,0.0
8274,487.86,215.94,0.00199,0.0166,26.0,0.0
8275,487.86,219.44,0.00133,0.0111,27.0,0.0
8276,487.86,222.32,0.00092,0.00767,27.0,0.0
8277,487.86,222.93,0.000849,0.00707,27.0,0.0
8278,487.86,226.43,0.000522,0.00435,28.0,0.0
8279,487.86,229.92,0.000317,0.00264,28.0,0.0
8280,487.86,231.06,0.00027,0.00225,28.0,0.0
8281,487.86,233.42,0.000197,0.00164,28.0,0.0
8282,487.86,236.91,0.000135,0.00112,29.0,0.0
8283,487.86,237.44,0.000129,0.00107,29.0,0.0
8284,487.86,327.73,0.0157,0.131,24.0,0.0
8285,487.86,450.11,0.0243,0.202,24.0,0.0
8286,487.86,515.03,0.0108,0.0903,25.0,0.0
8287,487.86,588.03,0.00783,0.0652,25.0,0.0
8288,487.86,586.41,0.00785,0.0654,25.0,0.0
8289,487.86,585.58,0.00787,0.0656,25.0,0.0
8290,487.86,583.12,0.00791,0.0659,25.0,0.0
8291,487.86,582.92,0.00791,0.0659,25.0,0.0
8292,487.86,580.67,0.00795,0.0663,25.0,0.0
8293,487.86,579.42,0.00798,0.0665,25.0,0.0
8294,487.86,578.21,0.008,0.0667,25.0,0.0
8295,487.86,575.93,0.00805,0.0671,25.0,0.0
8296,487.86,575.76,0.00805,0.0671,25.0,0.0
8297,487.86,573.33,0.0081,0.0675,25.0,0.0
8298,487.86,572.43,0.00812,0.0677,25.0,0.0
8299,487.86,571.02,0.00816,0.068,25.0,0.0
8300,487.86,568.94,0.0082,0.0684,25.0,0.0
8301,487.86,568.87,0.00821,0.0684,25.0,0.0
8302,487.86,567.35,0.00824,0.0687,25.0,0.0
8303,487.86,565.86,0.00828,0.069,25.0,0.0
8304,487.86,565.44,0.00829,0.0691,25.0,0.0
8305,487.86,564.37,0.00832,0.0693,25.0,0.0
8306,487.86,562.88,0.00836,0.0697,25.0,0.0
8307,487.86,561.95,0.00838,0.0699,25.0,0.0
8308,487.86,558.45,0.00848,0.0707,25.0,0.0
8309,487.86,557.76,0.0085,0.0709,25.0,0.0
8310,487.86,554.96,0.00859,0.0716,25.0,0.0
8311,487.86,551.46,0.00871,0.0726,25.0,0.0
8312,487.86,549.1,0.00879,0.0733,25.0,0.0
8313,487.86,547.97,0.00884,0.0736,25.0,0.0
8314,487.86,544.47,0.00898,0.0748,25.0,0.0
8315,487.86,540.98,0.00913,0.076,25.0,0.0
8316,487.86,537.48,0.00929,0.0774,25.0,0.0
8317,487.86,533.99,0.00947,0.0789,25.0,0.0
8318,487.86,531.44,0.00961,0.0801,25.0,0.0
8319,487.86,530.49,0.00967,0.0806,25.0,0.0
8320,487.86,527.0,0.00989,0.0824,25.0,0.0
8321,487.86,523.5,0.0101,0.0844,25.0,0.0
8322,487.86,453.6,0.0242,0.202,24.0,0.0
8323,487.86,451.25,0.0243,0.202,24.0,0.0
8324,487.86,450.11,0.0243,0.202,24.0,0.0
8325,487.86,446.61,0.0243,0.203,24.0,0.0
8326,487.86,443.12,0.0243,0.202,24.0,0.0
8327,487.86,299.82,0.0108,0.0898,24.0,0.0
8328,487.86,264.87,0.00325,0.0271,25.0,0.0
8329,487.86,121.58,0.122,1.0,21.0,0.0
8330,487.86,2.7475,124.0,1.0,10.0,0.0
8331,498.83,72.91,0.481,1.0,19.0,0.0
8332,498.83,76.142,0.439,1.0,19.0,0.0
8333,498.83,77.744,0.419,1.0,19.0,0.0
8334,498.83,79.637,0.398,1.0,19.0,0.0
8335,498.83,81.93,0.374,1.0,20.0,0.0
8336,498.83,83.132,0.362,1.0,20.0,0.0
8337,498.83,86.627,0.329,1.0,20.0,0.0
8338,498.83,90.122,0.3,1.0,20.0,0.0
8339,498.83,92.493,0.282,1.0,20.0,0.0
8340,498.83,93.617,0.274,1.0,20.0,0.0
8341,498.83,97.112,0.251,1.0,20.0,0.0
8342,498.83,98.772,0.24,1.0,20.0,0.0
8343,498.83,100.61,0.229,1.0,20.0,0.0
8344,498.83,102.06,0.221,1.0,20.0,0.0
8345,498.83,104.1,0.21,1.0,20.0,0.0
8346,498.83,105.06,0.205,1.0,20.0,0.0
8347,498.83,107.6,0.192,1.0,20.0,0.0
8348,498.83,108.95,0.186,1.0,21.0,0.0
8349,498.83,111.09,0.176,1.0,21.0,0.0
8350,498.83,112.83,0.169,1.0,21.0,0.0
8351,498.83,114.59,0.162,1.0,21.0,0.0
8352,498.83,116.75,0.153,1.0,21.0,0.0
8353,498.83,118.08,0.148,1.0,21.0,0.0
8354,498.83,121.58,0.136,1.0,21.0,0.0
8355,498.83,124.97,0.125,1.0,21.0,0.0
8356,498.83,125.07,0.125,1.0,21.0,0.0
8357,498.83,128.57,0.114,0.95,21.0,0.0
8358,498.83,132.06,0.104,0.87,21.0,0.0
8359,498.83,133.19,0.101,0.845,21.0,0.0
8360,498.83,135.56,0.0955,0.796,21.0,0.0
8361,498.83,139.05,0.0872,0.727,22.0,0.0
8362,498.83,142.55,0.0796,0.663,22.0,0.0
8363,498.83,144.15,0.0763,0.636,22.0,0.0
8364,498.83,146.04,0.0725,0.604,22.0,0.0
8365,498.83,149.54,0.066,0.55,22.0,0.0
8366,498.83,149.89,0.0653,0.544,22.0,0.0
8367,498.83,153.03,0.0599,0.499,22.0,0.0
8368,498.83,153.87,0.0585,0.487,22.0,0.0
8369,498.83,156.53,0.0542,0.452,22.0,0.0
8370,498.83,160.02,0.0489,0.408,22.0,0.0
8371,498.83,161.99,0.046,0.384,22.0,0.0
8372,498.83,163.52,0.0438,0.365,22.0,0.0
8373,498.83,167.01,0.0386,0.322,23.0,0.0
8374,498.83,170.51,0.0326,0.272,23.0,0.0
8375,498.83,171.17,0.0312,0.26,23.0,0.0
8376,498.83,174.0,0.0261,0.218,23.0,0.0
8377,498.83,177.5,0.0224,0.187,23.0,0.0
8378,498.83,180.35,0.0201,0.167,23.0,0.0
8379,498.83,180.99,0.0196,0.163,23.0,0.0
8380,498.83,184.49,0.0172,0.143,23.0,0.0
8381,498.83,187.98,0.0151,0.126,24.0,0.0
8382,498.83,188.7,0.0147,0.122,24.0,0.0
8383,498.83,191.48,0.0132,0.11,24.0,0.0
8384,498.83,194.97,0.0114,0.0952,24.0,0.0
8385,498.83,196.18,0.0109,0.0905,24.0,0.0
8386,498.83,198.47,0.00981,0.0817,24.0,0.0
8387,498.83,200.38,0.00897,0.0748,24.0,0.0
8388,498.83,201.96,0.0083,0.0692,24.0,0.0
8389,498.83,205.46,0.00689,0.0574,25.0,0.0
8390,498.83,208.95,0.00558,0.0465,25.0,0.0
8391,498.83,212.45,0.00438,0.0365,25.0,0.0
8392,498.83,212.84,0.00425,0.0354,25.0,0.0
8393,498.83,215.94,0.0033,0.0275,26.0,0.0
8394,498.83,219.44,0.00238,0.0198,26.0,0.0
8395,498.83,222.32,0.00175,0.0146,26.0,0.0
8396,498.83,222.93,0.00164,0.0136,26.0,0.0
8397,498.83,226.43,0.00107,0.00895,27.0,0.0
8398,498.83,229.92,0.000677,0.00564,27.0,0.0
8399,498.83,231.06,0.000579,0.00483,28.0,0.0
8400,498.83,233.42,0.000417,0.00347,28.0,0.0
8401,498.83,236.91,0.000258,0.00215,28.0,0.0
8402,498.83,237.44,0.000241,0.00201,28.0,0.0
8403,498.83,327.73,0.0154,0.128,24.0,0.0
8404,498.83,450.11,0.0261,0.217,24.0,0.0
8405,498.83,515.03,0.0129,0.107,25.0,0.0
8406,498.83,588.03,0.0085,0.0709,25.0,0.0
8407,498.83,586.41,0.00854,0.0712,25.0,0.0
8408,498.83,585.58,0.00856,0.0713,25.0,0.0
8409,498.83,583.12,0.00862,0.0718,25.0,0.0
8410,498.83,582.92,0.00862,0.0718,25.0,0.0
8411,498.83,580.67,0.00868,0.0723,25.0,0.0
8412,498.83,579.42,0.00871,0.0726,25.0,0.0
8413,498.83,578.21,0.00874,0.0728,25.0,0.0
8414,498.83,575.93,0.0088,0.0733,25.0,0.0
8415,498.83,575.76,0.00881,0.0734,25.0,0.0
8416,498.83,573.33,0.00888,0.074,25.0,0.0
8417,498.83,572.43,0.0089,0.0742,25.0,0.0
8418,498.83,571.02,0.00895,0.0746,25.0,0.0
8419,498.83,568.94,0.00901,0.0751,25.0,0.0
8420,498.83,568.87,0.00901,0.0751,25.0,0.0
8421,498.83,567.35,0.00907,0.0755,25.0,0.0
8422,498.83,565.86,0.00912,0.076,25.0,0.0
8423,498.83,565.44,0.00913,0.0761,25.0,0.0
8424,498.83,564.37,0.00917,0.0764,25.0,0.0
8425,498.83,562.88,0.00922,0.0769,25.0,0.0
8426,498.83,561.95,0.00926,0.0772,25.0,0.0
8427,498.83,558.45,0.0094,0.0783,25.0,0.0
8428,498.83,557.76,0.00943,0.0785,25.0,0.0
8429,498.83,554.96,0.00955,0.0796,25.0,0.0
8430,498.83,551.46,0.00971,0.0809,25.0,0.0
8431,498.83,549.1,0.00983,0.0819,25.0,0.0
8432,498.83,547.97,0.00989,0.0824,25.0,0.0
8433,498.83,544.47,0.0101,0.0841,25.0,0.0
8434,498.83,540.98,0.0103,0.0858,25.0,0.0
8435,498.83,537.48,0.0105,0.0878,25.0,0.0
8436,498.83,533.99,0.0108,0.09,25.0,0.0
8437,498.83,531.44,0.011,0.0917,25.0,0.0
8438,498.83,530.49,0.0111,0.0924,25.0,0.0
8439,498.83,527.0,0.0114,0.0951,25.0,0.0
8440,498.83,523.5,0.0118,0.0981,25.0,0.0
8441,498.83,453.6,0.0261,0.218,24.0,0.0
8442,498.83,451.25,0.0261,0.217,24.0,0.0
8443,498.83,450.11,0.0261,0.217,24.0,0.0
8444,498.83,446.61,0.026,0.216,24.0,0.0
8445,498.83,443.12,0.0259,0.215,24.0,0.0
8446,498.83,299.82,0.00989,0.0824,24.0,0.0
8447,498.83,264.87,0.00222,0.0185,26.0,0.0
8448,498.83,121.58,0.136,1.0,21.0,0.0
8449,498.83,2.7475,134.0,1.0,10.0,0.0
8450,500.49,72.91,0.488,1.0,19.0,0.0
8451,500.49,76.142,0.445,1.0,19.0,0.0
8452,500.49,77.744,0.425,1.0,19.0,0.0
8453,500.49,79.637,0.403,1.0,19.0,0.0
8454,500.49,81.93,0.379,1.0,19.0,0.0
8455,500.49,83.132,0.367,1.0,20.0,0.0
8456,500.49,86.627,0.334,1.0,20.0,0.0
8457,500.49,90.122,0.304,1.0,20.0,0.0
8458,500.49,92.493,0.286,1.0,20.0,0.0
8459,500.49,93.617,0.278,1.0,20.0,0.0
8460,500.49,97.112,0.254,1.0,20.0,0.0
8461,500.49,98.772,0.244,1.0,20.0,0.0
8462,500.49,100.61,0.233,1.0,20.0,0.0
8463,500.49,102.06,0.224,1.0,20.0,0.0
8464,500.49,104.1,0.213,1.0,20.0,0.0
8465,500.49,105.06,0.208,1.0,20.0,0.0
8466,500.49,107.6,0.195,1.0,20.0,0.0
8467,500.49,108.95,0.189,1.0,21.0,0.0
8468,500.49,111.09,0.179,1.0,21.0,0.0
8469,500.49,112.83,0.172,1.0,21.0,0.0
8470,500.49,114.59,0.164,1.0,21.0,0.0
8471,500.49,116.75,0.156,1.0,21.0,0.0
8472,500.49,118.08,0.151,1.0,21.0,0.0
8473,500.49,121.58,0.138,1.0,21.0,0.0
8474,500.49,124.97,0.127,1.0,21.0,0.0
8475,500.49,125.07,0.127,1.0,21.0,0.0
8476,500.49,128.57,0.116,0.967,21.0,0.0
8477,500.49,132.06,0.106,0.885,21.0,0.0
8478,500.49,133.19,0.103,0.86,21.0,0.0
8479,500.49,135.56,0.0972,0.81,21.0,0.0
8480,500.49,139.05,0.0888,0.74,22.0,0.0
8481,500.49,142.55,0.0811,0.676,22.0,0.0
8482,500.49,144.15,0.0777,0.648,22.0,0.0
8483,500.49,146.04,0.0739,0.616,22.0,0.0
8484,500.49,149.54,0.0673,0.561,22.0,0.0
8485,500.49,149.89,0.0666,0.555,22.0,0.0
8486,500.49,153.03,0.0611,0.509,22.0,0.0
8487,500.49,153.87,0.0597,0.498,22.0,0.0
8488,500.49,156.53,0.0554,0.461,22.0,0.0
8489,500.49,160.02,0.05,0.417,22.0,0.0
8490,500.49,161.99,0.0471,0.392,22.0,0.0
8491,500.49,163.52,0.0448,0.374,22.0,0.0
8492,500.49,167.01,0.0395,0.329,23.0,0.0
8493,500.49,170.51,0.0334,0.278,23.0,0.0
8494,500.49,171.17,0.032,0.266,23.0,0.0
8495,500.49,174.0,0.0268,0.223,23.0,0.0
8496,500.49,177.5,0.023,0.191,23.0,0.0
8497,500.49,180.35,0.0206,0.171,23.0,0.0
8498,500.49,180.99,0.0201,0.167,23.0,0.0
8499,500.49,184.49,0.0176,0.147,23.0,0.0
8500,500.49,187.98,0.0155,0.129,24.0,0.0
8501,500.49,188.7,0.0151,0.126,24.0,0.0
8502,500.49,191.48,0.0136,0.113,24.0,0.0
8503,500.49,194.97,0.0118,0.0983,24.0,0.0
8504,500.49,196.18,0.0112,0.0935,24.0,0.0
8505,500.49,198.47,0.0102,0.0847,24.0,0.0
8506,500.49,200.38,0.00931,0.0776,24.0,0.0
8507,500.49,201.96,0.00863,0.0719,24.0,0.0
8508,500.49,205.46,0.0072,0.06,25.0,0.0
8509,500.49,208.95,0.00587,0.0489,25.0,0.0
8510,500.49,212.45,0.00464,0.0386,25.0,0.0
8511,500.49,212.84,0.00451,0.0376,25.0,0.0
8512,500.49,215.94,0.00353,0.0294,26.0,0.0
8513,500.49,219.44,0.00257,0.0215,26.0,0.0
8514,500.49,222.32,0.00191,0.0159,26.0,0.0
8515,500.49,222.93,0.00179,0.0149,26.0,0.0
8516,500.49,226.43,0.00119,0.00989,27.0,0.0
8517,500.49,229.92,0.000755,0.00629,27.0,0.0
8518,500.49,231.06,0.000647,0.00539,27.0,0.0
8519,500.49,233.42,0.000467,0.00389,28.0,0.0
8520,500.49,236.91,0.000289,0.00241,28.0,0.0
8521,500.49,237.44,0.000269,0.00224,28.0,0.0
8522,500.49,327.73,0.0153,0.128,24.0,0.0
8523,500.49,450.11,0.0263,0.219,24.0,0.0
8524,500.49,515.03,0.0132,0.11,25.0,0.0
8525,500.49,588.03,0.00861,0.0718,25.0,0.0
8526,500.49,586.41,0.00865,0.0721,25.0,0.0
8527,500.49,585.58,0.00867,0.0723,25.0,0.0
8528,500.49,583.12,0.00873,0.0728,25.0,0.0
8529,500.49,582.92,0.00874,0.0728,25.0,0.0
8530,500.49,580.67,0.00879,0.0733,25.0,0.0
8531,500.49,579.42,0.00883,0.0736,25.0,0.0
8532,500.49,578.21,0.00886,0.0738,25.0,0.0
8533,500.49,575.93,0.00893,0.0744,25.0,0.0
8534,500.49,575.76,0.00893,0.0744,25.0,0.0
8535,500.49,573.33,0.009,0.075,25.0,0.0
8536,500.49,572.43,0.00903,0.0753,25.0,0.0
8537,500.49,571.02,0.00908,0.0756,25.0,0.0
8538,500.49,568.94,0.00915,0.0762,25.0,0.0
8539,500.49,568.87,0.00915,0.0762,25.0,0.0
8540,500.49,567.35,0.0092,0.0767,25.0,0.0
8541,500.49,565.86,0.00926,0.0771,25.0,0.0
8542,500.49,565.44,0.00927,0.0773,25.0,0.0
8543,500.49,564.37,0.00931,0.0776,25.0,0.0
8544,500.49,562.88,0.00937,0.0781,25.0,0.0
8545,500.49,561.95,0.00941,0.0784,25.0,0.0
8546,500.49,558.45,0.00955,0.0796,25.0,0.0
8547,500.49,557.76,0.00958,0.0798,25.0,0.0
8548,500.49,554.96,0.00971,0.0809,25.0,0.0
8549,500.49,551.46,0.00988,0.0823,25.0,0.0
8550,500.49,549.1,0.01,0.0834,25.0,0.0
8551,500.49,547.97,0.0101,0.0839,25.0,0.0
8552,500.49,544.47,0.0103,0.0856,25.0,0.0
8553,500.49,540.98,0.0105,0.0875,25.0,0.0
8554,500.49,537.48,0.0108,0.0896,25.0,0.0
8555,500.49,533.99,0.011,0.0919,25.0,0.0
8556,500.49,531.44,0.0113,0.0938,25.0,0.0
8557,500.49,530.49,0.0113,0.0945,25.0,0.0
8558,500.49,527.0,0.0117,0.0974,25.0,0.0
8559,500.49,523.5,0.0121,0.101,25.0,0.0
8560,500.49,453.6,0.0264,0.22,24.0,0.0
8561,500.49,451.25,0.0263,0.219,24.0,0.0
8562,500.49,450.11,0.0263,0.219,24.0,0.0
8563,500.49,446.61,0.0262,0.218,24.0,0.0
8564,500.49,443.12,0.0261,0.217,24.0,0.0
8565,500.49,299.82,0.00974,0.0811,24.0,0.0
8566,500.49,264.87,0.00207,0.0172,26.0,0.0
8567,500.49,121.58,0.138,1.0,21.0,0.0
8568,500.49,2.7475,136.0,1.0,10.0,0.0
8569,700.69,72.91,1.8,1.0,18.0,0.0
8570,700.69,76.142,1.66,1.0,18.0,0.0
8571,700.69,77.744,1.59,1.0,18.0,0.0
8572,700.69,79.637,1.52,1.0,18.0,0.0
8573,700.69,81.93,1.44,1.0,18.0,0.0
8574,700.69,83.132,1.4,1.0,18.0,0.0
8575,700.69,86.627,1.29,1.0,18.0,0.0
8576,700.69,90.122,1.19,1.0,18.0,0.0
8577,700.69,92.493,1.13,1.0,18.0,0.0
8578,700.69,93.617,1.1,1.0,19.0,0.0
8579,700.69,97.112,1.02,1.0,19.0,0.0
8580,700.69,98.772,0.985,1.0,19.0,0.0
8581,700.69,100.61,0.948,1.0,19.0,0.0
8582,700.69,102.06,0.92,1.0,19.0,0.0
8583,700.69,104.1,0.882,1.0,19.0,0.0
8584,700.69,105.06,0.865,1.0,19.0,0.0
8585,700.69,107.6,0.821,1.0,19.0,0.0
8586,700.69,108.95,0.799,1.0,19.0,0.0
8587,700.69,111.09,0.766,1.0,19.0,0.0
8588,700.69,112.83,0.74,1.0,19.0,0.0
8589,700.69,114.59,0.715,1.0,19.0,0.0
8590,700.69,116.75,0.686,1.0,19.0,0.0
8591,700.69,118.08,0.669,1.0,19.0,0.0
8592,700.69,121.58,0.625,1.0,19.0,0.0
8593,700.69,124.97,0.587,1.0,19.0,0.0
8594,700.69,125.07,0.586,1.0,19.0,0.0
8595,700.69,128.57,0.549,1.0,20.0,0.0
8596,700.69,132.06,0.515,1.0,20.0,0.0
8597,700.69,133.19,0.504,1.0,20.0,0.0
8598,700.69,135.56,0.483,1.0,20.0,0.0
8599,700.69,139.05,0.453,1.0,20.0,0.0
8600,700.69,142.55,0.426,1.0,20.0,0.0
8601,700.69,144.15,0.414,1.0,20.0,0.0
8602,700.69,146.04,0.4,1.0,20.0,0.0
8603,700.69,149.54,0.376,1.0,20.0,0.0
8604,700.69,149.89,0.373,1.0,20.0,0.0
8605,700.69,153.03,0.353,1.0,20.0,0.0
8606,700.69,153.87,0.348,1.0,20.0,0.0
8607,700.69,156.53,0.331,1.0,20.0,0.0
8608,700.69,160.02,0.31,1.0,20.0,0.0
8609,700.69,161.99,0.298,1.0,20.0,0.0
8610,700.69,163.52,0.287,1.0,20.0,0.0
8611,700.69,167.01,0.26,1.0,21.0,0.0
8612,700.69,170.51,0.217,1.0,21.0,0.0
8613,700.69,171.17,0.206,1.0,21.0,0.0
8614,700.69,174.0,0.167,1.0,21.0,0.0
8615,700.69,177.5,0.146,1.0,21.0,0.0
8616,700.69,180.35,0.134,1.0,21.0,0.0
8617,700.69,180.99,0.132,1.0,21.0,0.0
8618,700.69,184.49,0.121,1.0,21.0,0.0
8619,700.69,187.98,0.112,0.933,21.0,0.0
8620,700.69,188.7,0.11,0.92,21.0,0.0
8621,700.69,191.48,0.105,0.871,22.0,0.0
8622,700.69,194.97,0.0981,0.818,22.0,0.0
8623,700.69,196.18,0.0961,0.801,22.0,0.0
8624,700.69,198.47,0.0924,0.77,22.0,0.0
8625,700.69,200.38,0.0894,0.745,22.0,0.0
8626,700.69,201.96,0.0871,0.726,22.0,0.0
8627,700.69,205.46,0.0823,0.686,22.0,0.0
8628,700.69,208.95,0.0779,0.649,22.0,0.0
8629,700.69,212.45,0.0736,0.614,22.0,0.0
8630,700.69,212.84,0.0732,0.61,22.0,0.0
8631,700.69,215.94,0.0697,0.581,22.0,0.0
8632,700.69,219.44,0.0659,0.549,22.0,0.0
8633,700.69,222.32,0.0629,0.524,22.0,0.0
8634,700.69,222.93,0.0623,0.519,22.0,0.0
8635,700.69,226.43,0.0588,0.49,22.0,0.0
8636,700.69,229.92,0.0555,0.462,22.0,0.0
8637,700.69,231.06,0.0544,0.453,22.0,0.0
8638,700.69,233.42,0.0522,0.435,23.0,0.0
8639,700.69,236.91,0.0491,0.409,23.0,0.0
8640,700.69,237.44,0.0486,0.405,23.0,0.0
8641,700.69,327.73,0.000796,0.00663,27.0,0.0
8642,700.69,450.11,0.0313,0.261,24.0,0.0
8643,700.69,515.03,0.0524,0.436,23.0,0.0
8644,700.69,588.03,0.0693,0.577,23.0,0.0
8645,700.69,586.41,0.069,0.575,23.0,0.0
8646,700.69,585.58,0.0688,0.574,23.0,0.0
8647,700.69,583.12,0.0684,0.57,23.0,0.0
8648,700.69,582.92,0.0683,0.569,23.0,0.0
8649,700.69,580.67,0.0679,0.566,23.0,0.0
8650,700.69,579.42,0.0676,0.564,23.0,0.0
8651,700.69,578.21,0.0674,0.562,23.0,0.0
8652,700.69,575.93,0.0669,0.558,23.0,0.0
8653,700.69,575.76,0.0669,0.558,23.0,0.0
8654,700.69,573.33,0.0664,0.553,23.0,0.0
8655,700.69,572.43,0.0662,0.552,23.0,0.0
8656,700.69,571.02,0.0659,0.55,23.0,0.0
8657,700.69,568.94,0.0655,0.546,23.0,0.0
8658,700.69,568.87,0.0655,0.546,23.0,0.0
8659,700.69,567.35,0.0652,0.543,23.0,0.0
8660,700.69,565.86,0.0649,0.54,23.0,0.0
8661,700.69,565.44,0.0648,0.54,23.0,0.0
8662,700.69,564.37,0.0645,0.538,23.0,0.0
8663,700.69,562.88,0.0642,0.535,23.0,0.0
8664,700.69,561.95,0.064,0.533,23.0,0.0
8665,700.69,558.45,0.0632,0.527,23.0,0.0
8666,700.69,557.76,0.0631,0.526,23.0,0.0
8667,700.69,554.96,0.0625,0.521,23.0,0.0
8668,700.69,551.46,0.0617,0.514,23.0,0.0
8669,700.69,549.1,0.0611,0.509,23.0,0.0
8670,700.69,547.97,0.0608,0.507,23.0,0.0
8671,700.69,544.47,0.06,0.5,23.0,0.0
8672,700.69,540.98,0.0592,0.493,23.0,0.0
8673,700.69,537.48,0.0583,0.486,23.0,0.0
8674,700.69,533.99,0.0574,0.479,23.0,0.0
8675,700.69,531.44,0.0568,0.473,23.0,0.0
8676,700.69,530.49,0.0565,0.471,23.0,0.0
8677,700.69,527.0,0.0556,0.463,23.0,0.0
8678,700.69,523.5,0.0547,0.456,23.0,0.0
8679,700.69,453.6,0.0326,0.271,24.0,0.0
8680,700.69,451.25,0.0317,0.264,24.0,0.0
8681,700.69,450.11,0.0313,0.261,24.0,0.0
8682,700.69,446.61,0.03,0.25,24.0,0.0
8683,700.69,443.12,0.0287,0.239,24.0,0.0
8684,700.69,299.82,0.00749,0.0624,25.0,0.0
8685,700.69,264.87,0.0272,0.227,23.0,0.0
8686,700.69,121.58,0.625,1.0,19.0,0.0
8687,700.69,2.7475,439.0,1.0,9.0,0.0
8688,1000.1,72.91,6.8,1.0,16.0,0.0
8689,1000.1,76.142,6.29,1.0,16.0,0.0
8690,1000.1,77.744,6.06,1.0,17.0,0.0
8691,1000.1,79.637,5.8,1.0,17.0,0.0
8692,1000.1,81.93,5.51,1.0,17.0,0.0
8693,1000.1,83.132,5.36,1.0,17.0,0.0
8694,1000.1,86.627,4.97,1.0,17.0,0.0
8695,1000.1,90.122,4.62,1.0,17.0,0.0
8696,1000.1,92.493,4.4,1.0,17.0,0.0
8697,1000.1,93.617,4.3,1.0,17.0,0.0
8698,1000.1,97.112,4.02,1.0,17.0,0.0
8699,1000.1,98.772,3.89,1.0,17.0,0.0
8700,1000.1,100.61,3.76,1.0,17.0,0.0
8701,1000.1,102.06,3.66,1.0,17.0,0.0
8702,1000.1,104.1,3.52,1.0,17.0,0.0
8703,1000.1,105.06,3.46,1.0,17.0,0.0
8704,1000.1,107.6,3.3,1.0,18.0,0.0
8705,1000.1,108.95,3.23,1.0,18.0,0.0
8706,1000.1,111.09,3.11,1.0,18.0,0.0
8707,1000.1,112.83,3.01,1.0,18.0,0.0
8708,1000.1,114.59,2.92,1.0,18.0,0.0
8709,1000.1,116.75,2.82,1.0,18.0,0.0
8710,1000.1,118.08,2.76,1.0,18.0,0.0
8711,1000.1,121.58,2.6,1.0,18.0,0.0
8712,1000.1,124.97,2.46,1.0,18.0,0.0
8713,1000.1,125.07,2.46,1.0,18.0,0.0
8714,1000.1,128.57,2.33,1.0,18.0,0.0
8715,1000.1,132.06,2.2,1.0,18.0,0.0
8716,1000.1,133.19,2.16,1.0,18.0,0.0
8717,1000.1,135.56,2.09,1.0,18.0,0.0
8718,1000.1,139.05,1.98,1.0,18.0,0.0
8719,1000.1,142.55,1.88,1.0,18.0,0.0
8720,1000.1,144.15,1.84,1.0,18.0,0.0
8721,1000.1,146.04,1.79,1.0,18.0,0.0
8722,1000.1,149.54,1.7,1.0,19.0,0.0
8723,1000.1,149.89,1.69,1.0,19.0,0.0
8724,1000.1,153.03,1.62,1.0,19.0,0.0
8725,1000.1,153.87,1.6,1.0,19.0,0.0
8726,1000.1,156.53,1.53,1.0,19.0,0.0
8727,1000.1,160.02,1.45,1.0,19.0,0.0
8728,1000.1,161.99,1.4,1.0,19.0,0.0
8729,1000.1,163.52,1.36,1.0,19.0,0.0
8730,1000.1,167.01,1.22,1.0,19.0,0.0
8731,1000.1,170.51,1.01,1.0,19.0,0.0
8732,1000.1,171.17,0.953,1.0,19.0,0.0
8733,1000.1,174.0,0.762,1.0,19.0,0.0
8734,1000.1,177.5,0.663,1.0,20.0,0.0
8735,1000.1,180.35,0.61,1.0,20.0,0.0
8736,1000.1,180.99,0.6,1.0,20.0,0.0
8737,1000.1,184.49,0.554,1.0,20.0,0.0
8738,1000.1,187.98,0.518,1.0,20.0,0.0
8739,1000.1,188.7,0.512,1.0,20.0,0.0
8740,1000.1,191.48,0.489,1.0,20.0,0.0
8741,1000.1,194.97,0.464,1.0,20.0,0.0
8742,1000.1,196.18,0.456,1.0,20.0,0.0
8743,1000.1,198.47,0.442,1.0,20.0,0.0
8744,1000.1,200.38,0.431,1.0,20.0,0.0
8745,1000.1,201.96,0.423,1.0,20.0,0.0
8746,1000.1,205.46,0.405,1.0,20.0,0.0
8747,1000.1,208.95,0.39,1.0,20.0,0.0
8748,1000.1,212.45,0.375,1.0,20.0,0.0
8749,1000.1,212.84,0.374,1.0,20.0,0.0
8750,1000.1,215.94,0.362,1.0,20.0,0.0
8751,1000.1,219.44,0.349,1.0,20.0,0.0
8752,1000.1,222.32,0.339,1.0,20.0,0.0
8753,1000.1,222.93,0.337,1.0,20.0,0.0
8754,1000.1,226.43,0.326,1.0,20.0,0.0
8755,1000.1,229.92,0.316,1.0,21.0,0.0
8756,1000.1,231.06,0.312,1.0,21.0,0.0
8757,1000.1,233.42,0.306,1.0,21.0,0.0
8758,1000.1,236.91,0.296,1.0,21.0,0.0
8759,1000.1,237.44,0.295,1.0,21.0,0.0
8760,1000.1,327.73,0.119,0.988,22.0,0.0
8761,1000.1,450.11,0.00482,0.0402,26.0,0.0
8762,1000.1,515.03,0.00335,0.0279,26.0,0.0
8763,1000.1,588.03,0.0352,0.293,24.0,0.0
8764,1000.1,586.41,0.0342,0.285,24.0,0.0
8765,1000.1,585.58,0.0338,0.282,24.0,0.0
8766,1000.1,583.12,0.0324,0.27,24.0,0.0
8767,1000.1,582.92,0.0323,0.269,24.0,0.0
8768,1000.1,580.67,0.0311,0.259,24.0,0.0
8769,1000.1,579.42,0.0304,0.253,24.0,0.0
8770,1000.1,578.21,0.0297,0.248,24.0,0.0
8771,1000.1,575.93,0.0285,0.238,24.0,0.0
8772,1000.1,575.76,0.0284,0.237,24.0,0.0
8773,1000.1,573.33,0.0271,0.226,24.0,0.0
8774,1000.1,572.43,0.0267,0.222,24.0,0.0
8775,1000.1,571.02,0.0259,0.216,24.0,0.0
8776,1000.1,568.94,0.0249,0.207,24.0,0.0
8777,1000.1,568.87,0.0248,0.207,24.0,0.0
8778,1000.1,567.35,0.0241,0.2,24.0,0.0
8779,1000.1,565.86,0.0233,0.194,24.0,0.0
8780,1000.1,565.44,0.0231,0.192,24.0,0.0
8781,1000.1,564.37,0.0226,0.188,24.0,0.0
8782,1000.1,562.88,0.0218,0.182,24.0,0.0
8783,1000.1,561.95,0.0214,0.178,24.0,0.0
8784,1000.1,558.45,0.0197,0.164,24.0,0.0
8785,1000.1,557.76,0.0193,0.161,24.0,0.0
8786,1000.1,554.96,0.018,0.15,24.0,0.0
8787,1000.1,551.46,0.0164,0.137,24.0,0.0
8788,1000.1,549.1,0.0154,0.128,25.0,0.0
8789,1000.1,547.97,0.0149,0.124,25.0,0.0
8790,1000.1,544.47,0.0134,0.112,25.0,0.0
8791,1000.1,540.98,0.0119,0.0996,25.0,0.0
8792,1000.1,537.48,0.0106,0.088,25.0,0.0
8793,1000.1,533.99,0.00925,0.0771,25.0,0.0
8794,1000.1,531.44,0.00833,0.0694,25.0,0.0
8795,1000.1,530.49,0.008,0.0666,25.0,0.0
8796,1000.1,527.0,0.00681,0.0568,25.0,0.0
8797,1000.1,523.5,0.0057,0.0475,25.0,0.0
8798,1000.1,453.6,0.0039,0.0325,26.0,0.0
8799,1000.1,451.25,0.0045,0.0375,26.0,0.0
8800,1000.1,450.11,0.00482,0.0402,26.0,0.0
8801,1000.1,446.61,0.0059,0.0491,26.0,0.0
8802,1000.1,443.12,0.00714,0.0595,26.0,0.0
8803,1000.1,299.82,0.163,1.0,22.0,0.0
8804,1000.1,264.87,0.23,1.0,21.0,0.0
8805,1000.1,121.58,2.6,1.0,18.0,0.0
8806,1000.1,2.7475,1480.0,1.0,7.0,0.0
8807,1201.2,72.91,13.3,1.0,16.0,0.0
8808,1201.2,76.142,12.3,1.0,16.0,0.0
8809,1201.2,77.744,11.9,1.0,16.0,0.0
8810,1201.2,79.637,11.4,1.0,16.0,0.0
8811,1201.2,81.93,10.8,1.0,16.0,0.0
8812,1201.2,83.132,10.5,1.0,16.0,0.0
8813,1201.2,86.627,9.78,1.0,16.0,0.0
8814,1201.2,90.122,9.11,1.0,16.0,0.0
8815,1201.2,92.493,8.69,1.0,16.0,0.0
8816,1201.2,93.617,8.5,1.0,16.0,0.0
8817,1201.2,97.112,7.95,1.0,16.0,0.0
8818,1201.2,98.772,7.71,1.0,17.0,0.0
8819,1201.2,100.61,7.46,1.0,17.0,0.0
8820,1201.2,102.06,7.26,1.0,17.0,0.0
8821,1201.2,104.1,7.0,1.0,17.0,0.0
8822,1201.2,105.06,6.88,1.0,17.0,0.0
8823,1201.2,107.6,6.59,1.0,17.0,0.0
8824,1201.2,108.95,6.44,1.0,17.0,0.0
8825,1201.2,111.09,6.21,1.0,17.0,0.0
8826,1201.2,112.83,6.03,1.0,17.0,0.0
8827,1201.2,114.59,5.86,1.0,17.0,0.0
8828,1201.2,116.75,5.65,1.0,17.0,0.0
8829,1201.2,118.08,5.54,1.0,17.0,0.0
8830,1201.2,121.58,5.24,1.0,17.0,0.0
8831,1201.2,124.97,4.97,1.0,17.0,0.0
8832,1201.2,125.07,4.96,1.0,17.0,0.0
8833,1201.2,128.57,4.71,1.0,17.0,0.0
8834,1201.2,132.06,4.47,1.0,17.0,0.0
8835,1201.2,133.19,4.4,1.0,17.0,0.0
8836,1201.2,135.56,4.25,1.0,17.0,0.0
8837,1201.2,139.05,4.04,1.0,18.0,0.0
8838,1201.2,142.55,3.85,1.0,18.0,0.0
8839,1201.2,144.15,3.77,1.0,18.0,0.0
8840,1201.2,146.04,3.67,1.0,18.0,0.0
8841,1201.2,149.54,3.5,1.0,18.0,0.0
8842,1201.2,149.89,3.48,1.0,18.0,0.0
8843,1201.2,153.03,3.34,1.0,18.0,0.0
8844,1201.2,153.87,3.3,1.0,18.0,0.0
8845,1201.2,156.53,3.18,1.0,18.0,0.0
8846,1201.2,160.02,3.02,1.0,18.0,0.0
8847,1201.2,161.99,2.91,1.0,18.0,0.0
8848,1201.2,163.52,2.82,1.0,18.0,0.0
8849,1201.2,167.01,2.54,1.0,18.0,0.0
8850,1201.2,170.51,2.09,1.0,18.0,0.0
8851,1201.2,171.17,1.97,1.0,18.0,0.0
8852,1201.2,174.0,1.57,1.0,19.0,0.0
8853,1201.2,177.5,1.37,1.0,19.0,0.0
8854,1201.2,180.35,1.26,1.0,19.0,0.0
8855,1201.2,180.99,1.24,1.0,19.0,0.0
8856,1201.2,184.49,1.15,1.0,19.0,0.0
8857,1201.2,187.98,1.08,1.0,19.0,0.0
8858,1201.2,188.7,1.06,1.0,19.0,0.0
8859,1201.2,191.48,1.02,1.0,19.0,0.0
8860,1201.2,194.97,0.968,1.0,19.0,0.0
8861,1201.2,196.18,0.952,1.0,19.0,0.0
8862,1201.2,198.47,0.924,1.0,19.0,0.0
8863,1201.2,200.38,0.903,1.0,19.0,0.0
8864,1201.2,201.96,0.886,1.0,19.0,0.0
8865,1201.2,205.46,0.852,1.0,19.0,0.0
8866,1201.2,208.95,0.822,1.0,19.0,0.0
8867,1201.2,212.45,0.793,1.0,19.0,0.0
8868,1201.2,212.84,0.79,1.0,19.0,0.0
8869,1201.2,215.94,0.767,1.0,20.0,0.0
8870,1201.2,219.44,0.743,1.0,20.0,0.0
8871,1201.2,222.32,0.725,1.0,20.0,0.0
8872,1201.2,222.93,0.721,1.0,20.0,0.0
8873,1201.2,226.43,0.7,1.0,20.0,0.0
8874,1201.2,229.92,0.68,1.0,20.0,0.0
8875,1201.2,231.06,0.674,1.0,20.0,0.0
8876,1201.2,233.42,0.661,1.0,20.0,0.0
8877,1201.2,236.91,0.643,1.0,20.0,0.0
8878,1201.2,237.44,0.64,1.0,20.0,0.0
8879,1201.2,327.73,0.323,1.0,21.0,0.0
8880,1201.2,450.11,0.0844,0.703,23.0,0.0
8881,1201.2,515.03,0.0196,0.163,25.0,0.0
8882,1201.2,588.03,0.000702,0.00585,28.0,0.0
8883,1201.2,586.41,0.00072,0.006,28.0,0.0
8884,1201.2,585.58,0.000733,0.00611,28.0,0.0
8885,1201.2,583.12,0.000783,0.00653,28.0,0.0
8886,1201.2,582.92,0.000788,0.00657,28.0,0.0
8887,1201.2,580.67,0.000853,0.00711,28.0,0.0
8888,1201.2,579.42,0.000895,0.00746,28.0,0.0
8889,1201.2,578.21,0.000941,0.00784,28.0,0.0
8890,1201.2,575.93,0.00104,0.00868,28.0,0.0
8891,1201.2,575.76,0.00105,0.00875,28.0,0.0
8892,1201.2,573.33,0.00118,0.00984,27.0,0.0
8893,1201.2,572.43,0.00123,0.0103,27.0,0.0
8894,1201.2,571.02,0.00133,0.0111,27.0,0.0
8895,1201.2,568.94,0.00148,0.0123,27.0,0.0
8896,1201.2,568.87,0.00148,0.0124,27.0,0.0
8897,1201.2,567.35,0.00161,0.0134,27.0,0.0
8898,1201.2,565.86,0.00174,0.0145,27.0,0.0
8899,1201.2,565.44,0.00178,0.0149,27.0,0.0
8900,1201.2,564.37,0.00189,0.0158,27.0,0.0
8901,1201.2,562.88,0.00205,0.0171,27.0,0.0
8902,1201.2,561.95,0.00216,0.018,27.0,0.0
8903,1201.2,558.45,0.00262,0.0218,27.0,0.0
8904,1201.2,557.76,0.00272,0.0227,27.0,0.0
8905,1201.2,554.96,0.00318,0.0265,27.0,0.0
8906,1201.2,551.46,0.00384,0.032,26.0,0.0
8907,1201.2,549.1,0.00436,0.0363,26.0,0.0
8908,1201.2,547.97,0.00463,0.0386,26.0,0.0
8909,1201.2,544.47,0.00555,0.0463,26.0,0.0
8910,1201.2,540.98,0.00662,0.0551,26.0,0.0
8911,1201.2,537.48,0.00784,0.0654,26.0,0.0
8912,1201.2,533.99,0.00922,0.0769,26.0,0.0
8913,1201.2,531.44,0.0103,0.0861,25.0,0.0
8914,1201.2,530.49,0.0108,0.0898,25.0,0.0
8915,1201.2,527.0,0.0125,0.104,25.0,0.0
8916,1201.2,523.5,0.0144,0.12,25.0,0.0
8917,1201.2,453.6,0.0798,0.665,23.0,0.0
8918,1201.2,451.25,0.0829,0.691,23.0,0.0
8919,1201.2,450.11,0.0844,0.703,23.0,0.0
8920,1201.2,446.61,0.089,0.742,23.0,0.0
8921,1201.2,443.12,0.0938,0.781,23.0,0.0
8922,1201.2,299.82,0.403,1.0,21.0,0.0
8923,1201.2,264.87,0.521,1.0,20.0,0.0
8924,1201.2,121.58,5.24,1.0,17.0,0.0
8925,1201.2,2.7475,2730.0,1.0,7.0,0.0
8926,1501.5,72.91,29.8,1.0,15.0,0.0
8927,1501.5,76.142,27.6,1.0,15.0,0.0
8928,1501.5,77.744,26.7,1.0,15.0,0.0
8929,1501.5,79.637,25.6,1.0,15.0,0.0
8930,1501.5,81.93,24.3,1.0,15.0,0.0
8931,1501.5,83.132,23.7,1.0,15.0,0.0
8932,1501.5,86.627,22.1,1.0,15.0,0.0
8933,1501.5,90.122,20.6,1.0,15.0,0.0
8934,1501.5,92.493,19.7,1.0,15.0,0.0
8935,1501.5,93.617,19.3,1.0,16.0,0.0
8936,1501.5,97.112,18.0,1.0,16.0,0.0
8937,1501.5,98.772,17.5,1.0,16.0,0.0
8938,1501.5,100.61,16.9,1.0,16.0,0.0
8939,1501.5,102.06,16.5,1.0,16.0,0.0
8940,1501.5,104.1,15.9,1.0,16.0,0.0
8941,1501.5,105.06,15.7,1.0,16.0,0.0
8942,1501.5,107.6,15.0,1.0,16.0,0.0
8943,1501.5,108.95,14.7,1.0,16.0,0.0
8944,1501.5,111.09,14.2,1.0,16.0,0.0
8945,1501.5,112.83,13.8,1.0,16.0,0.0
8946,1501.5,114.59,13.4,1.0,16.0,0.0
8947,1501.5,116.75,13.0,1.0,16.0,0.0
8948,1501.5,118.08,12.7,1.0,16.0,0.0
8949,1501.5,121.58,12.1,1.0,16.0,0.0
8950,1501.5,124.97,11.5,1.0,16.0,0.0
8951,1501.5,125.07,11.4,1.0,16.0,0.0
8952,1501.5,128.57,10.9,1.0,16.0,0.0
8953,1501.5,132.06,10.4,1.0,17.0,0.0
8954,1501.5,133.19,10.2,1.0,17.0,0.0
8955,1501.5,135.56,9.87,1.0,17.0,0.0
8956,1501.5,139.05,9.41,1.0,17.0,0.0
8957,1501.5,142.55,8.99,1.0,17.0,0.0
8958,1501.5,144.15,8.8,1.0,17.0,0.0
8959,1501.5,146.04,8.59,1.0,17.0,0.0
8960,1501.5,149.54,8.21,1.0,17.0,0.0
8961,1501.5,149.89,8.17,1.0,17.0,0.0
8962,1501.5,153.03,7.85,1.0,17.0,0.0
8963,1501.5,153.87,7.76,1.0,17.0,0.0
8964,1501.5,156.53,7.49,1.0,17.0,0.0
8965,1501.5,160.02,7.11,1.0,17.0,0.0
8966,1501.5,161.99,6.87,1.0,17.0,0.0
8967,1501.5,163.52,6.65,1.0,17.0,0.0
8968,1501.5,167.01,5.99,1.0,17.0,0.0
8969,1501.5,170.51,4.91,1.0,18.0,0.0
8970,1501.5,171.17,4.64,1.0,18.0,0.0
8971,1501.5,174.0,3.72,1.0,18.0,0.0
8972,1501.5,177.5,3.24,1.0,18.0,0.0
8973,1501.5,180.35,2.99,1.0,18.0,0.0
8974,1501.5,180.99,2.95,1.0,18.0,0.0
8975,1501.5,184.49,2.73,1.0,18.0,0.0
8976,1501.5,187.98,2.56,1.0,18.0,0.0
8977,1501.5,188.7,2.53,1.0,18.0,0.0
8978,1501.5,191.48,2.42,1.0,18.0,0.0
8979,1501.5,194.97,2.31,1.0,18.0,0.0
8980,1501.5,196.18,2.27,1.0,18.0,0.0
8981,1501.5,198.47,2.21,1.0,18.0,0.0
8982,1501.5,200.38,2.16,1.0,18.0,0.0
8983,1501.5,201.96,2.12,1.0,18.0,0.0
8984,1501.5,205.46,2.05,1.0,18.0,0.0
8985,1501.5,208.95,1.97,1.0,19.0,0.0
8986,1501.5,212.45,1.91,1.0,19.0,0.0
8987,1501.5,212.84,1.9,1.0,19.0,0.0
8988,1501.5,215.94,1.85,1.0,19.0,0.0
8989,1501.5,219.44,1.8,1.0,19.0,0.0
8990,1501.5,222.32,1.76,1.0,19.0,0.0
8991,1501.5,222.93,1.75,1.0,19.0,0.0
8992,1501.5,226.43,1.7,1.0,19.0,0.0
8993,1501.5,229.92,1.66,1.0,19.0,0.0
8994,1501.5,231.06,1.64,1.0,19.0,0.0
8995,1501.5,233.42,1.62,1.0,19.0,0.0
8996,1501.5,236.91,1.58,1.0,19.0,0.0
8997,1501.5,237.44,1.57,1.0,19.0,0.0
8998,1501.5,327.73,0.901,1.0,20.0,0.0
8999,1501.5,450.11,0.394,1.0,21.0,0.0
9000,1501.5,515.03,0.222,1.0,22.0,0.0
9001,1501.5,588.03,0.0914,0.762,23.0,0.0
9002,1501.5,586.41,0.0937,0.781,23.0,0.0
9003,1501.5,585.58,0.0948,0.79,23.0,0.0
9004,1501.5,583.12,0.0983,0.82,23.0,0.0
9005,1501.5,582.92,0.0986,0.822,23.0,0.0
9006,1501.5,580.67,0.102,0.849,23.0,0.0
9007,1501.5,579.42,0.104,0.865,23.0,0.0
9008,1501.5,578.21,0.106,0.88,23.0,0.0
9009,1501.5,575.93,0.109,0.908,23.0,0.0
9010,1501.5,575.76,0.109,0.911,23.0,0.0
9011,1501.5,573.33,0.113,0.941,23.0,0.0
9012,1501.5,572.43,0.114,0.952,23.0,0.0
9013,1501.5,571.02,0.116,0.97,23.0,0.0
9014,1501.5,568.94,0.12,0.998,23.0,0.0
9015,1501.5,568.87,0.12,0.999,23.0,0.0
9016,1501.5,567.35,0.122,1.0,23.0,0.0
9017,1501.5,565.86,0.125,1.0,23.0,0.0
9018,1501.5,565.44,0.125,1.0,23.0,0.0
9019,1501.5,564.37,0.127,1.0,23.0,0.0
9020,1501.5,562.88,0.13,1.0,23.0,0.0
9021,1501.5,561.95,0.131,1.0,23.0,0.0
9022,1501.5,558.45,0.137,1.0,22.0,0.0
9023,1501.5,557.76,0.138,1.0,22.0,0.0
9024,1501.5,554.96,0.143,1.0,22.0,0.0
9025,1501.5,551.46,0.149,1.0,22.0,0.0
9026,1501.5,549.1,0.153,1.0,22.0,0.0
9027,1501.5,547.97,0.155,1.0,22.0,0.0
9028,1501.5,544.47,0.162,1.0,22.0,0.0
9029,1501.5,540.98,0.168,1.0,22.0,0.0
9030,1501.5,537.48,0.175,1.0,22.0,0.0
9031,1501.5,533.99,0.182,1.0,22.0,0.0
9032,1501.5,531.44,0.187,1.0,22.0,0.0
9033,1501.5,530.49,0.189,1.0,22.0,0.0
9034,1501.5,527.0,0.196,1.0,22.0,0.0
9035,1501.5,523.5,0.204,1.0,22.0,0.0
9036,1501.5,453.6,0.383,1.0,21.0,0.0
9037,1501.5,451.25,0.39,1.0,21.0,0.0
9038,1501.5,450.11,0.394,1.0,21.0,0.0
9039,1501.5,446.61,0.405,1.0,21.0,0.0
9040,1501.5,443.12,0.416,1.0,21.0,0.0
9041,1501.5,299.82,1.06,1.0,20.0,0.0
9042,1501.5,264.87,1.31,1.0,19.0,0.0
9043,1501.5,121.58,12.1,1.0,16.0,0.0
9044,1501.5,2.7475,5710.0,1.0,6.0,0.0
9045,1514.7,72.91,30.7,1.0,15.0,0.0
9046,1514.7,76.142,28.5,1.0,15.0,0.0
9047,1514.7,77.744,27.5,1.0,15.0,0.0
9048,1514.7,79.637,26.4,1.0,15.0,0.0
9049,1514.7,81.93,25.1,1.0,15.0,0.0
9050,1514.7,83.132,24.5,1.0,15.0,0.0
9051,1514.7,86.627,22.8,1.0,15.0,0.0
9052,1514.7,90.122,21.3,1.0,15.0,0.0
9053,1514.7,92.493,20.3,1.0,15.0,0.0
9054,1514.7,93.617,19.9,1.0,15.0,0.0
9055,1514.7,97.112,18.6,1.0,16.0,0.0
9056,1514.7,98.772,18.1,1.0,16.0,0.0
9057,1514.7,100.61,17.5,1.0,16.0,0.0
9058,1514.7,102.06,17.1,1.0,16.0,0.0
9059,1514.7,104.1,16.5,1.0,16.0,0.0
9060,1514.7,105.06,16.2,1.0,16.0,0.0
9061,1514.7,107.6,15.5,1.0,16.0,0.0
9062,1514.7,108.95,15.2,1.0,16.0,0.0
9063,1514.7,111.09,14.7,1.0,16.0,0.0
9064,1514.7,112.83,14.3,1.0,16.0,0.0
9065,1514.7,114.59,13.9,1.0,16.0,0.0
9066,1514.7,116.75,13.4,1.0,16.0,0.0
9067,1514.7,118.08,13.1,1.0,16.0,0.0
9068,1514.7,121.58,12.4,1.0,16.0,0.0
9069,1514.7,124.97,11.8,1.0,16.0,0.0
9070,1514.7,125.07,11.8,1.0,16.0,0.0
9071,1514.7,128.57,11.2,1.0,16.0,0.0
9072,1514.7,132.06,10.7,1.0,16.0,0.0
9073,1514.7,133.19,10.5,1.0,17.0,0.0
9074,1514.7,135.56,10.2,1.0,17.0,0.0
9075,1514.7,139.05,9.73,1.0,17.0,0.0
9076,1514.7,142.55,9.29,1.0,17.0,0.0
9077,1514.7,144.15,9.09,1.0,17.0,0.0
9078,1514.7,146.04,8.87,1.0,17.0,0.0
9079,1514.7,149.54,8.48,1.0,17.0,0.0
9080,1514.7,149.89,8.45,1.0,17.0,0.0
9081,1514.7,153.03,8.11,1.0,17.0,0.0
9082,1514.7,153.87,8.02,1.0,17.0,0.0
9083,1514.7,156.53,7.74,1.0,17.0,0.0
9084,1514.7,160.02,7.35,1.0,17.0,0.0
9085,1514.7,161.99,7.1,1.0,17.0,0.0
9086,1514.7,163.52,6.87,1.0,17.0,0.0
9087,1514.7,167.01,6.2,1.0,17.0,0.0
9088,1514.7,170.51,5.08,1.0,18.0,0.0
9089,1514.7,171.17,4.79,1.0,18.0,0.0
9090,1514.7,174.0,3.85,1.0,18.0,0.0
9091,1514.7,177.5,3.35,1.0,18.0,0.0
9092,1514.7,180.35,3.1,1.0,18.0,0.0
9093,1514.7,180.99,3.05,1.0,18.0,0.0
9094,1514.7,184.49,2.82,1.0,18.0,0.0
9095,1514.7,187.98,2.65,1.0,18.0,0.0
9096,1514.7,188.7,2.62,1.0,18.0,0.0
9097,1514.7,191.48,2.51,1.0,18.0,0.0
9098,1514.7,194.97,2.39,1.0,18.0,0.0
9099,1514.7,196.18,2.35,1.0,18.0,0.0
9100,1514.7,198.47,2.29,1.0,18.0,0.0
9101,1514.7,200.38,2.24,1.0,18.0,0.0
9102,1514.7,201.96,2.2,1.0,18.0,0.0
9103,1514.7,205.46,2.12,1.0,18.0,0.0
9104,1514.7,208.95,2.04,1.0,18.0,0.0
9105,1514.7,212.45,1.98,1.0,19.0,0.0
9106,1514.7,212.84,1.97,1.0,19.0,0.0
9107,1514.7,215.94,1.92,1.0,19.0,0.0
9108,1514.7,219.44,1.86,1.0,19.0,0.0
9109,1514.7,222.32,1.82,1.0,19.0,0.0
9110,1514.7,222.93,1.81,1.0,19.0,0.0
9111,1514.7,226.43,1.76,1.0,19.0,0.0
9112,1514.7,229.92,1.72,1.0,19.0,0.0
9113,1514.7,231.06,1.7,1.0,19.0,0.0
9114,1514.7,233.42,1.67,1.0,19.0,0.0
9115,1514.7,236.91,1.63,1.0,19.0,0.0
9116,1514.7,237.44,1.63,1.0,19.0,0.0
9117,1514.7,327.73,0.936,1.0,20.0,0.0
9118,1514.7,450.11,0.414,1.0,21.0,0.0
9119,1514.7,515.03,0.236,1.0,22.0,0.0
9120,1514.7,588.03,0.1,0.836,23.0,0.0
9121,1514.7,586.41,0.103,0.856,23.0,0.0
9122,1514.7,585.58,0.104,0.866,23.0,0.0
9123,1514.7,583.12,0.108,0.897,23.0,0.0
9124,1514.7,582.92,0.108,0.899,23.0,0.0
9125,1514.7,580.67,0.111,0.928,23.0,0.0
9126,1514.7,579.42,0.113,0.944,23.0,0.0
9127,1514.7,578.21,0.115,0.958,23.0,0.0
9128,1514.7,575.93,0.119,0.988,23.0,0.0
9129,1514.7,575.76,0.119,0.99,23.0,0.0
9130,1514.7,573.33,0.123,1.0,23.0,0.0
9131,1514.7,572.43,0.124,1.0,23.0,0.0
9132,1514.7,571.02,0.126,1.0,23.0,0.0
9133,1514.7,568.94,0.13,1.0,23.0,0.0
9134,1514.7,568.87,0.13,1.0,23.0,0.0
9135,1514.7,567.35,0.133,1.0,23.0,0.0
9136,1514.7,565.86,0.135,1.0,23.0,0.0
9137,1514.7,565.44,0.136,1.0,23.0,0.0
9138,1514.7,564.37,0.138,1.0,22.0,0.0
9139,1514.7,562.88,0.14,1.0,22.0,0.0
9140,1514.7,561.95,0.142,1.0,22.0,0.0
9141,1514.7,558.45,0.148,1.0,22.0,0.0
9142,1514.7,557.76,0.149,1.0,22.0,0.0
9143,1514.7,554.96,0.154,1.0,22.0,0.0
9144,1514.7,551.46,0.161,1.0,22.0,0.0
9145,1514.7,549.1,0.165,1.0,22.0,0.0
9146,1514.7,547.97,0.167,1.0,22.0,0.0
9147,1514.7,544.47,0.174,1.0,22.0,0.0
9148,1514.7,540.98,0.181,1.0,22.0,0.0
9149,1514.7,537.48,0.188,1.0,22.0,0.0
9150,1514.7,533.99,0.195,1.0,22.0,0.0
9151,1514.7,531.44,0.2,1.0,22.0,0.0
9152,1514.7,530.49,0.202,1.0,22.0,0.0
9153,1514.7,527.0,0.209,1.0,22.0,0.0
9154,1514.7,523.5,0.217,1.0,22.0,0.0
9155,1514.7,453.6,0.403,1.0,21.0,0.0
9156,1514.7,451.25,0.41,1.0,21.0,0.0
9157,1514.7,450.11,0.414,1.0,21.0,0.0
9158,1514.7,446.61,0.425,1.0,21.0,0.0
9159,1514.7,443.12,0.436,1.0,21.0,0.0
9160,1514.7,299.82,1.1,1.0,20.0,0.0
9161,1514.7,264.87,1.36,1.0,19.0,0.0
9162,1514.7,121.58,12.4,1.0,16.0,0.0
9163,1514.7,2.7475,5880.0,1.0,6.0,0.0
9164,1521.5,72.91,31.2,1.0,15.0,0.0
9165,1521.5,76.142,29.0,1.0,15.0,0.0
9166,1521.5,77.744,28.0,1.0,15.0,0.0
9167,1521.5,79.637,26.8,1.0,15.0,0.0
9168,1521.5,81.93,25.5,1.0,15.0,0.0
9169,1521.5,83.132,24.9,1.0,15.0,0.0
9170,1521.5,86.627,23.2,1.0,15.0,0.0
9171,1521.5,90.122,21.6,1.0,15.0,0.0
9172,1521.5,92.493,20.6,1.0,15.0,0.0
9173,1521.5,93.617,20.2,1.0,15.0,0.0
9174,1521.5,97.112,18.9,1.0,16.0,0.0
9175,1521.5,98.772,18.4,1.0,16.0,0.0
9176,1521.5,100.61,17.8,1.0,16.0,0.0
9177,1521.5,102.06,17.3,1.0,16.0,0.0
9178,1521.5,104.1,16.7,1.0,16.0,0.0
9179,1521.5,105.06,16.5,1.0,16.0,0.0
9180,1521.5,107.6,15.8,1.0,16.0,0.0
9181,1521.5,108.95,15.4,1.0,16.0,0.0
9182,1521.5,111.09,14.9,1.0,16.0,0.0
9183,1521.5,112.83,14.5,1.0,16.0,0.0
9184,1521.5,114.59,14.1,1.0,16.0,0.0
9185,1521.5,116.75,13.6,1.0,16.0,0.0
9186,1521.5,118.08,13.3,1.0,16.0,0.0
9187,1521.5,121.58,12.7,1.0,16.0,0.0
9188,1521.5,124.97,12.0,1.0,16.0,0.0
9189,1521.5,125.07,12.0,1.0,16.0,0.0
9190,1521.5,128.57,11.4,1.0,16.0,0.0
9191,1521.5,132.06,10.9,1.0,16.0,0.0
9192,1521.5,133.19,10.7,1.0,16.0,0.0
9193,1521.5,135.56,10.4,1.0,17.0,0.0
9194,1521.5,139.05,9.89,1.0,17.0,0.0
9195,1521.5,142.55,9.44,1.0,17.0,0.0
9196,1521.5,144.15,9.25,1.0,17.0,0.0
9197,1521.5,146.04,9.02,1.0,17.0,0.0
9198,1521.5,149.54,8.63,1.0,17.0,0.0
9199,1521.5,149.89,8.59,1.0,17.0,0.0
9200,1521.5,153.03,8.25,1.0,17.0,0.0
9201,1521.5,153.87,8.16,1.0,17.0,0.0
9202,1521.5,156.53,7.87,1.0,17.0,0.0
9203,1521.5,160.02,7.48,1.0,17.0,0.0
9204,1521.5,161.99,7.22,1.0,17.0,0.0
9205,1521.5,163.52,6.99,1.0,17.0,0.0
9206,1521.5,167.01,6.3,1.0,17.0,0.0
9207,1521.5,170.51,5.16,1.0,17.0,0.0
9208,1521.5,171.17,4.87,1.0,18.0,0.0
9209,1521.5,174.0,3.91,1.0,18.0,0.0
9210,1521.5,177.5,3.41,1.0,18.0,0.0
9211,1521.5,180.35,3.15,1.0,18.0,0.0
9212,1521.5,180.99,3.1,1.0,18.0,0.0
9213,1521.5,184.49,2.87,1.0,18.0,0.0
9214,1521.5,187.98,2.7,1.0,18.0,0.0
9215,1521.5,188.7,2.66,1.0,18.0,0.0
9216,1521.5,191.48,2.55,1.0,18.0,0.0
9217,1521.5,194.97,2.43,1.0,18.0,0.0
9218,1521.5,196.18,2.39,1.0,18.0,0.0
9219,1521.5,198.47,2.33,1.0,18.0,0.0
9220,1521.5,200.38,2.27,1.0,18.0,0.0
9221,1521.5,201.96,2.23,1.0,18.0,0.0
9222,1521.5,205.46,2.15,1.0,18.0,0.0
9223,1521.5,208.95,2.08,1.0,18.0,0.0
9224,1521.5,212.45,2.01,1.0,18.0,0.0
9225,1521.5,212.84,2.0,1.0,19.0,0.0
9226,1521.5,215.94,1.95,1.0,19.0,0.0
9227,1521.5,219.44,1.89,1.0,19.0,0.0
9228,1521.5,222.32,1.85,1.0,19.0,0.0
9229,1521.5,222.93,1.84,1.0,19.0,0.0
9230,1521.5,226.43,1.79,1.0,19.0,0.0
9231,1521.5,229.92,1.75,1.0,19.0,0.0
9232,1521.5,231.06,1.73,1.0,19.0,0.0
9233,1521.5,233.42,1.7,1.0,19.0,0.0
9234,1521.5,236.91,1.66,1.0,19.0,0.0
9235,1521.5,237.44,1.65,1.0,19.0,0.0
9236,1521.5,327.73,0.954,1.0,20.0,0.0
9237,1521.5,450.11,0.424,1.0,21.0,0.0
9238,1521.5,515.03,0.244,1.0,22.0,0.0
9239,1521.5,588.03,0.105,0.875,23.0,0.0
9240,1521.5,586.41,0.108,0.896,23.0,0.0
9241,1521.5,585.58,0.109,0.907,23.0,0.0
9242,1521.5,583.12,0.113,0.938,23.0,0.0
9243,1521.5,582.92,0.113,0.94,23.0,0.0
9244,1521.5,580.67,0.116,0.968,23.0,0.0
9245,1521.5,579.42,0.118,0.985,23.0,0.0
9246,1521.5,578.21,0.12,1.0,23.0,0.0
9247,1521.5,575.93,0.124,1.0,23.0,0.0
9248,1521.5,575.76,0.124,1.0,23.0,0.0
9249,1521.5,573.33,0.128,1.0,23.0,0.0
9250,1521.5,572.43,0.129,1.0,23.0,0.0
9251,1521.5,571.02,0.132,1.0,23.0,0.0
9252,1521.5,568.94,0.135,1.0,23.0,0.0
9253,1521.5,568.87,0.135,1.0,23.0,0.0
9254,1521.5,567.35,0.138,1.0,22.0,0.0
9255,1521.5,565.86,0.141,1.0,22.0,0.0
9256,1521.5,565.44,0.141,1.0,22.0,0.0
9257,1521.5,564.37,0.143,1.0,22.0,0.0
9258,1521.5,562.88,0.146,1.0,22.0,0.0
9259,1521.5,561.95,0.147,1.0,22.0,0.0
9260,1521.5,558.45,0.154,1.0,22.0,0.0
9261,1521.5,557.76,0.155,1.0,22.0,0.0
9262,1521.5,554.96,0.16,1.0,22.0,0.0
9263,1521.5,551.46,0.167,1.0,22.0,0.0
9264,1521.5,549.1,0.171,1.0,22.0,0.0
9265,1521.5,547.97,0.173,1.0,22.0,0.0
9266,1521.5,544.47,0.18,1.0,22.0,0.0
9267,1521.5,540.98,0.187,1.0,22.0,0.0
9268,1521.5,537.48,0.194,1.0,22.0,0.0
9269,1521.5,533.99,0.201,1.0,22.0,0.0
9270,1521.5,531.44,0.207,1.0,22.0,0.0
9271,1521.5,530.49,0.209,1.0,22.0,0.0
9272,1521.5,527.0,0.216,1.0,22.0,0.0
9273,1521.5,523.5,0.224,1.0,22.0,0.0
9274,1521.5,453.6,0.413,1.0,21.0,0.0
9275,1521.5,451.25,0.42,1.0,21.0,0.0
9276,1521.5,450.11,0.424,1.0,21.0,0.0
9277,1521.5,446.61,0.436,1.0,21.0,0.0
9278,1521.5,443.12,0.447,1.0,21.0,0.0
9279,1521.5,299.82,1.12,1.0,20.0,0.0
9280,1521.5,264.87,1.39,1.0,19.0,0.0
9281,1521.5,121.58,12.7,1.0,16.0,0.0
9282,1521.5,2.7475,5970.0,1.0,6.0,0.0
9283,1541.5,72.91,32.8,1.0,15.0,0.0
9284,1541.5,76.142,30.4,1.0,15.0,0.0
9285,1541.5,77.744,29.3,1.0,15.0,0.0
9286,1541.5,79.637,28.1,1.0,15.0,0.0
9287,1541.5,81.93,26.8,1.0,15.0,0.0
9288,1541.5,83.132,26.1,1.0,15.0,0.0
9289,1541.5,86.627,24.3,1.0,15.0,0.0
9290,1541.5,90.122,22.7,1.0,15.0,0.0
9291,1541.5,92.493,21.6,1.0,15.0,0.0
9292,1541.5,93.617,21.2,1.0,15.0,0.0
9293,1541.5,97.112,19.9,1.0,16.0,0.0
9294,1541.5,98.772,19.3,1.0,16.0,0.0
9295,1541.5,100.61,18.7,1.0,16.0,0.0
9296,1541.5,102.06,18.2,1.0,16.0,0.0
9297,1541.5,104.1,17.6,1.0,16.0,0.0
9298,1541.5,105.06,17.3,1.0,16.0,0.0
9299,1541.5,107.6,16.6,1.0,16.0,0.0
9300,1541.5,108.95,16.2,1.0,16.0,0.0
9301,1541.5,111.09,15.6,1.0,16.0,0.0
9302,1541.5,112.83,15.2,1.0,16.0,0.0
9303,1541.5,114.59,14.8,1.0,16.0,0.0
9304,1541.5,116.75,14.3,1.0,16.0,0.0
9305,1541.5,118.08,14.0,1.0,16.0,0.0
9306,1541.5,121.58,13.3,1.0,16.0,0.0
9307,1541.5,124.97,12.6,1.0,16.0,0.0
9308,1541.5,125.07,12.6,1.0,16.0,0.0
9309,1541.5,128.57,12.0,1.0,16.0,0.0
9310,1541.5,132.06,11.4,1.0,16.0,0.0
9311,1541.5,133.19,11.2,1.0,16.0,0.0
9312,1541.5,135.56,10.9,1.0,16.0,0.0
9313,1541.5,139.05,10.4,1.0,17.0,0.0
9314,1541.5,142.55,9.92,1.0,17.0,0.0
9315,1541.5,144.15,9.71,1.0,17.0,0.0
9316,1541.5,146.04,9.48,1.0,17.0,0.0
9317,1541.5,149.54,9.06,1.0,17.0,0.0
9318,1541.5,149.89,9.02,1.0,17.0,0.0
9319,1541.5,153.03,8.67,1.0,17.0,0.0
9320,1541.5,153.87,8.57,1.0,17.0,0.0
9321,1541.5,156.53,8.27,1.0,17.0,0.0
9322,1541.5,160.02,7.85,1.0,17.0,0.0
9323,1541.5,161.99,7.59,1.0,17.0,0.0
9324,1541.5,163.52,7.34,1.0,17.0,0.0
9325,1541.5,167.01,6.62,1.0,17.0,0.0
9326,1541.5,170.51,5.43,1.0,17.0,0.0
9327,1541.5,171.17,5.12,1.0,17.0,0.0
9328,1541.5,174.0,4.11,1.0,18.0,0.0
9329,1541.5,177.5,3.59,1.0,18.0,0.0
9330,1541.5,180.35,3.31,1.0,18.0,0.0
9331,1541.5,180.99,3.26,1.0,18.0,0.0
9332,1541.5,184.49,3.02,1.0,18.0,0.0
9333,1541.5,187.98,2.83,1.0,18.0,0.0
9334,1541.5,188.7,2.8,1.0,18.0,0.0
9335,1541.5,191.48,2.68,1.0,18.0,0.0
9336,1541.5,194.97,2.56,1.0,18.0,0.0
9337,1541.5,196.18,2.52,1.0,18.0,0.0
9338,1541.5,198.47,2.45,1.0,18.0,0.0
9339,1541.5,200.38,2.39,1.0,18.0,0.0
9340,1541.5,201.96,2.35,1.0,18.0,0.0
9341,1541.5,205.46,2.26,1.0,18.0,0.0
9342,1541.5,208.95,2.19,1.0,18.0,0.0
9343,1541.5,212.45,2.12,1.0,18.0,0.0
9344,1541.5,212.84,2.11,1.0,18.0,0.0
9345,1541.5,215.94,2.05,1.0,18.0,0.0
9346,1541.5,219.44,1.99,1.0,19.0,0.0
9347,1541.5,222.32,1.95,1.0,19.0,0.0
9348,1541.5,222.93,1.94,1.0,19.0,0.0
9349,1541.5,226.43,1.89,1.0,19.0,0.0
9350,1541.5,229.92,1.84,1.0,19.0,0.0
9351,1541.5,231.06,1.82,1.0,19.0,0.0
9352,1541.5,233.42,1.79,1.0,19.0,0.0
9353,1541.5,236.91,1.75,1.0,19.0,0.0
9354,1541.5,237.44,1.74,1.0,19.0,0.0
9355,1541.5,327.73,1.01,1.0,20.0,0.0
9356,1541.5,450.11,0.456,1.0,21.0,0.0
9357,1541.5,515.03,0.266,1.0,22.0,0.0
9358,1541.5,588.03,0.12,0.998,23.0,0.0
9359,1541.5,586.41,0.122,1.0,23.0,0.0
9360,1541.5,585.58,0.123,1.0,23.0,0.0
9361,1541.5,583.12,0.127,1.0,23.0,0.0
9362,1541.5,582.92,0.128,1.0,23.0,0.0
9363,1541.5,580.67,0.132,1.0,23.0,0.0
9364,1541.5,579.42,0.134,1.0,23.0,0.0
9365,1541.5,578.21,0.136,1.0,23.0,0.0
9366,1541.5,575.93,0.14,1.0,22.0,0.0
9367,1541.5,575.76,0.14,1.0,22.0,0.0
9368,1541.5,573.33,0.144,1.0,22.0,0.0
9369,1541.5,572.43,0.146,1.0,22.0,0.0
9370,1541.5,571.02,0.148,1.0,22.0,0.0
9371,1541.5,568.94,0.152,1.0,22.0,0.0
9372,1541.5,568.87,0.152,1.0,22.0,0.0
9373,1541.5,567.35,0.155,1.0,22.0,0.0
9374,1541.5,565.86,0.157,1.0,22.0,0.0
9375,1541.5,565.44,0.158,1.0,22.0,0.0
9376,1541.5,564.37,0.16,1.0,22.0,0.0
9377,1541.5,562.88,0.163,1.0,22.0,0.0
9378,1541.5,561.95,0.165,1.0,22.0,0.0
9379,1541.5,558.45,0.171,1.0,22.0,0.0
9380,1541.5,557.76,0.173,1.0,22.0,0.0
9381,1541.5,554.96,0.178,1.0,22.0,0.0
9382,1541.5,551.46,0.185,1.0,22.0,0.0
9383,1541.5,549.1,0.19,1.0,22.0,0.0
9384,1541.5,547.97,0.192,1.0,22.0,0.0
9385,1541.5,544.47,0.199,1.0,22.0,0.0
9386,1541.5,540.98,0.207,1.0,22.0,0.0
9387,1541.5,537.48,0.214,1.0,22.0,0.0
9388,1541.5,533.99,0.222,1.0,22.0,0.0
9389,1541.5,531.44,0.228,1.0,22.0,0.0
9390,1541.5,530.49,0.23,1.0,22.0,0.0
9391,1541.5,527.0,0.238,1.0,22.0,0.0
9392,1541.5,523.5,0.246,1.0,22.0,0.0
9393,1541.5,453.6,0.444,1.0,21.0,0.0
9394,1541.5,451.25,0.452,1.0,21.0,0.0
9395,1541.5,450.11,0.456,1.0,21.0,0.0
9396,1541.5,446.61,0.468,1.0,21.0,0.0
9397,1541.5,443.12,0.48,1.0,21.0,0.0
9398,1541.5,299.82,1.19,1.0,19.0,0.0
9399,1541.5,264.87,1.46,1.0,19.0,0.0
9400,1541.5,121.58,13.3,1.0,16.0,0.0
9401,1541.5,2.7475,6230.0,1.0,6.0,0.0
9402,1543.2,72.91,32.9,1.0,15.0,0.0
9403,1543.2,76.142,30.5,1.0,15.0,0.0
9404,1543.2,77.744,29.4,1.0,15.0,0.0
9405,1543.2,79.637,28.2,1.0,15.0,0.0
9406,1543.2,81.93,26.9,1.0,15.0,0.0
9407,1543.2,83.132,26.2,1.0,15.0,0.0
9408,1543.2,86.627,24.4,1.0,15.0,0.0
9409,1543.2,90.122,22.7,1.0,15.0,0.0
9410,1543.2,92.493,21.7,1.0,15.0,0.0
9411,1543.2,93.617,21.3,1.0,15.0,0.0
9412,1543.2,97.112,19.9,1.0,16.0,0.0
9413,1543.2,98.772,19.4,1.0,16.0,0.0
9414,1543.2,100.61,18.7,1.0,16.0,0.0
9415,1543.2,102.06,18.3,1.0,16.0,0.0
9416,1543.2,104.1,17.6,1.0,16.0,0.0
9417,1543.2,105.06,17.3,1.0,16.0,0.0
9418,1543.2,107.6,16.6,1.0,16.0,0.0
9419,1543.2,108.95,16.3,1.0,16.0,0.0
9420,1543.2,111.09,15.7,1.0,16.0,0.0
9421,1543.2,112.83,15.3,1.0,16.0,0.0
9422,1543.2,114.59,14.8,1.0,16.0,0.0
9423,1543.2,116.75,14.4,1.0,16.0,0.0
9424,1543.2,118.08,14.1,1.0,16.0,0.0
9425,1543.2,121.58,13.3,1.0,16.0,0.0
9426,1543.2,124.97,12.7,1.0,16.0,0.0
9427,1543.2,125.07,12.7,1.0,16.0,0.0
9428,1543.2,128.57,12.0,1.0,16.0,0.0
9429,1543.2,132.06,11.5,1.0,16.0,0.0
9430,1543.2,133.19,11.3,1.0,16.0,0.0
9431,1543.2,135.56,10.9,1.0,16.0,0.0
9432,1543.2,139.05,10.4,1.0,17.0,0.0
9433,1543.2,142.55,9.96,1.0,17.0,0.0
9434,1543.2,144.15,9.75,1.0,17.0,0.0
9435,1543.2,146.04,9.52,1.0,17.0,0.0
9436,1543.2,149.54,9.1,1.0,17.0,0.0
9437,1543.2,149.89,9.06,1.0,17.0,0.0
9438,1543.2,153.03,8.7,1.0,17.0,0.0
9439,1543.2,153.87,8.61,1.0,17.0,0.0
9440,1543.2,156.53,8.31,1.0,17.0,0.0
9441,1543.2,160.02,7.89,1.0,17.0,0.0
9442,1543.2,161.99,7.62,1.0,17.0,0.0
9443,1543.2,163.52,7.37,1.0,17.0,0.0
9444,1543.2,167.01,6.65,1.0,17.0,0.0
9445,1543.2,170.51,5.45,1.0,17.0,0.0
9446,1543.2,171.17,5.14,1.0,17.0,0.0
9447,1543.2,174.0,4.13,1.0,18.0,0.0
9448,1543.2,177.5,3.6,1.0,18.0,0.0
9449,1543.2,180.35,3.32,1.0,18.0,0.0
9450,1543.2,180.99,3.27,1.0,18.0,0.0
9451,1543.2,184.49,3.03,1.0,18.0,0.0
9452,1543.2,187.98,2.85,1.0,18.0,0.0
9453,1543.2,188.7,2.81,1.0,18.0,0.0
9454,1543.2,191.48,2.69,1.0,18.0,0.0
9455,1543.2,194.97,2.57,1.0,18.0,0.0
9456,1543.2,196.18,2.53,1.0,18.0,0.0
9457,1543.2,198.47,2.46,1.0,18.0,0.0
9458,1543.2,200.38,2.4,1.0,18.0,0.0
9459,1543.2,201.96,2.36,1.0,18.0,0.0
9460,1543.2,205.46,2.27,1.0,18.0,0.0
9461,1543.2,208.95,2.2,1.0,18.0,0.0
9462,1543.2,212.45,2.13,1.0,18.0,0.0
9463,1543.2,212.84,2.12,1.0,18.0,0.0
9464,1543.2,215.94,2.06,1.0,18.0,0.0
9465,1543.2,219.44,2.0,1.0,19.0,0.0
9466,1543.2,222.32,1.96,1.0,19.0,0.0
9467,1543.2,222.93,1.95,1.0,19.0,0.0
9468,1543.2,226.43,1.89,1.0,19.0,0.0
9469,1543.2,229.92,1.85,1.0,19.0,0.0
9470,1543.2,231.06,1.83,1.0,19.0,0.0
9471,1543.2,233.42,1.8,1.0,19.0,0.0
9472,1543.2,236.91,1.76,1.0,19.0,0.0
9473,1543.2,237.44,1.75,1.0,19.0,0.0
9474,1543.2,327.73,1.01,1.0,20.0,0.0
9475,1543.2,450.11,0.458,1.0,21.0,0.0
9476,1543.2,515.03,0.268,1.0,22.0,0.0
9477,1543.2,588.03,0.121,1.0,23.0,0.0
9478,1543.2,586.41,0.123,1.0,23.0,0.0
9479,1543.2,585.58,0.125,1.0,23.0,0.0
9480,1543.2,583.12,0.129,1.0,23.0,0.0
9481,1543.2,582.92,0.129,1.0,23.0,0.0
9482,1543.2,580.67,0.133,1.0,23.0,0.0
9483,1543.2,579.42,0.135,1.0,23.0,0.0
9484,1543.2,578.21,0.137,1.0,23.0,0.0
9485,1543.2,575.93,0.141,1.0,22.0,0.0
9486,1543.2,575.76,0.141,1.0,22.0,0.0
9487,1543.2,573.33,0.146,1.0,22.0,0.0
9488,1543.2,572.43,0.147,1.0,22.0,0.0
9489,1543.2,571.02,0.15,1.0,22.0,0.0
9490,1543.2,568.94,0.153,1.0,22.0,0.0
9491,1543.2,568.87,0.153,1.0,22.0,0.0
9492,1543.2,567.35,0.156,1.0,22.0,0.0
9493,1543.2,565.86,0.159,1.0,22.0,0.0
9494,1543.2,565.44,0.16,1.0,22.0,0.0
9495,1543.2,564.37,0.162,1.0,22.0,0.0
9496,1543.2,562.88,0.165,1.0,22.0,0.0
9497,1543.2,561.95,0.166,1.0,22.0,0.0
9498,1543.2,558.45,0.173,1.0,22.0,0.0
9499,1543.2,557.76,0.174,1.0,22.0,0.0
9500,1543.2,554.96,0.18,1.0,22.0,0.0
9501,1543.2,551.46,0.187,1.0,22.0,0.0
9502,1543.2,549.1,0.192,1.0,22.0,0.0
9503,1543.2,547.97,0.194,1.0,22.0,0.0
9504,1543.2,544.47,0.201,1.0,22.0,0.0
9505,1543.2,540.98,0.209,1.0,22.0,0.0
9506,1543.2,537.48,0.216,1.0,22.0,0.0
9507,1543.2,533.99,0.224,1.0,22.0,0.0
9508,1543.2,531.44,0.23,1.0,22.0,0.0
9509,1543.2,530.49,0.232,1.0,22.0,0.0
9510,1543.2,527.0,0.24,1.0,22.0,0.0
9511,1543.2,523.5,0.248,1.0,22.0,0.0
9512,1543.2,453.6,0.447,1.0,21.0,0.0
9513,1543.2,451.25,0.455,1.0,21.0,0.0
9514,1543.2,450.11,0.458,1.0,21.0,0.0
9515,1543.2,446.61,0.471,1.0,21.0,0.0
9516,1543.2,443.12,0.483,1.0,21.0,0.0
9517,1543.2,299.82,1.19,1.0,19.0,0.0
9518,1543.2,264.87,1.47,1.0,19.0,0.0
9519,1543.2,121.58,13.3,1.0,16.0,0.0
9520,1543.2,2.7475,6250.0,1.0,6.0,0.0
9521,1561.5,72.91,34.3,1.0,15.0,0.0
9522,1561.5,76.142,31.8,1.0,15.0,0.0
9523,1561.5,77.744,30.7,1.0,15.0,0.0
9524,1561.5,79.637,29.4,1.0,15.0,0.0
9525,1561.5,81.93,28.0,1.0,15.0,0.0
9526,1561.5,83.132,27.3,1.0,15.0,0.0
9527,1561.5,86.627,25.4,1.0,15.0,0.0
9528,1561.5,90.122,23.7,1.0,15.0,0.0
9529,1561.5,92.493,22.7,1.0,15.0,0.0
9530,1561.5,93.617,22.2,1.0,15.0,0.0
9531,1561.5,97.112,20.8,1.0,15.0,0.0
9532,1561.5,98.772,20.2,1.0,16.0,0.0
9533,1561.5,100.61,19.6,1.0,16.0,0.0
9534,1561.5,102.06,19.1,1.0,16.0,0.0
9535,1561.5,104.1,18.4,1.0,16.0,0.0
9536,1561.5,105.06,18.1,1.0,16.0,0.0
9537,1561.5,107.6,17.4,1.0,16.0,0.0
9538,1561.5,108.95,17.0,1.0,16.0,0.0
9539,1561.5,111.09,16.4,1.0,16.0,0.0
9540,1561.5,112.83,15.9,1.0,16.0,0.0
9541,1561.5,114.59,15.5,1.0,16.0,0.0
9542,1561.5,116.75,15.0,1.0,16.0,0.0
9543,1561.5,118.08,14.7,1.0,16.0,0.0
9544,1561.5,121.58,13.9,1.0,16.0,0.0
9545,1561.5,124.97,13.3,1.0,16.0,0.0
9546,1561.5,125.07,13.2,1.0,16.0,0.0
9547,1561.5,128.57,12.6,1.0,16.0,0.0
9548,1561.5,132.06,12.0,1.0,16.0,0.0
9549,1561.5,133.19,11.8,1.0,16.0,0.0
9550,1561.5,135.56,11.4,1.0,16.0,0.0
9551,1561.5,139.05,10.9,1.0,17.0,0.0
9552,1561.5,142.55,10.4,1.0,17.0,0.0
9553,1561.5,144.15,10.2,1.0,17.0,0.0
9554,1561.5,146.04,9.95,1.0,17.0,0.0
9555,1561.5,149.54,9.51,1.0,17.0,0.0
9556,1561.5,149.89,9.47,1.0,17.0,0.0
9557,1561.5,153.03,9.1,1.0,17.0,0.0
9558,1561.5,153.87,9.0,1.0,17.0,0.0
9559,1561.5,156.53,8.68,1.0,17.0,0.0
9560,1561.5,160.02,8.24,1.0,17.0,0.0
9561,1561.5,161.99,7.96,1.0,17.0,0.0
9562,1561.5,163.52,7.71,1.0,17.0,0.0
9563,1561.5,167.01,6.94,1.0,17.0,0.0
9564,1561.5,170.51,5.7,1.0,17.0,0.0
9565,1561.5,171.17,5.38,1.0,17.0,0.0
9566,1561.5,174.0,4.32,1.0,18.0,0.0
9567,1561.5,177.5,3.77,1.0,18.0,0.0
9568,1561.5,180.35,3.48,1.0,18.0,0.0
9569,1561.5,180.99,3.42,1.0,18.0,0.0
9570,1561.5,184.49,3.17,1.0,18.0,0.0
9571,1561.5,187.98,2.98,1.0,18.0,0.0
9572,1561.5,188.7,2.94,1.0,18.0,0.0
9573,1561.5,191.48,2.82,1.0,18.0,0.0
9574,1561.5,194.97,2.69,1.0,18.0,0.0
9575,1561.5,196.18,2.64,1.0,18.0,0.0
9576,1561.5,198.47,2.57,1.0,18.0,0.0
9577,1561.5,200.38,2.51,1.0,18.0,0.0
9578,1561.5,201.96,2.47,1.0,18.0,0.0
9579,1561.5,205.46,2.38,1.0,18.0,0.0
9580,1561.5,208.95,2.3,1.0,18.0,0.0
9581,1561.5,212.45,2.23,1.0,18.0,0.0
9582,1561.5,212.84,2.22,1.0,18.0,0.0
9583,1561.5,215.94,2.16,1.0,18.0,0.0
9584,1561.5,219.44,2.1,1.0,18.0,0.0
9585,1561.5,222.32,2.05,1.0,19.0,0.0
9586,1561.5,222.93,2.04,1.0,19.0,0.0
9587,1561.5,226.43,1.98,1.0,19.0,0.0
9588,1561.5,229.92,1.93,1.0,19.0,0.0
9589,1561.5,231.06,1.92,1.0,19.0,0.0
9590,1561.5,233.42,1.88,1.0,19.0,0.0
9591,1561.5,236.91,1.84,1.0,19.0,0.0
9592,1561.5,237.44,1.83,1.0,19.0,0.0
9593,1561.5,327.73,1.07,1.0,20.0,0.0
9594,1561.5,450.11,0.489,1.0,21.0,0.0
9595,1561.5,515.03,0.29,1.0,22.0,0.0
9596,1561.5,588.03,0.135,1.0,23.0,0.0
9597,1561.5,586.41,0.138,1.0,23.0,0.0
9598,1561.5,585.58,0.139,1.0,23.0,0.0
9599,1561.5,583.12,0.144,1.0,22.0,0.0
9600,1561.5,582.92,0.144,1.0,22.0,0.0
9601,1561.5,580.67,0.148,1.0,22.0,0.0
9602,1561.5,579.42,0.15,1.0,22.0,0.0
9603,1561.5,578.21,0.152,1.0,22.0,0.0
9604,1561.5,575.93,0.156,1.0,22.0,0.0
9605,1561.5,575.76,0.157,1.0,22.0,0.0
9606,1561.5,573.33,0.161,1.0,22.0,0.0
9607,1561.5,572.43,0.163,1.0,22.0,0.0
9608,1561.5,571.02,0.166,1.0,22.0,0.0
9609,1561.5,568.94,0.169,1.0,22.0,0.0
9610,1561.5,568.87,0.17,1.0,22.0,0.0
9611,1561.5,567.35,0.173,1.0,22.0,0.0
9612,1561.5,565.86,0.175,1.0,22.0,0.0
9613,1561.5,565.44,0.176,1.0,22.0,0.0
9614,1561.5,564.37,0.178,1.0,22.0,0.0
9615,1561.5,562.88,0.181,1.0,22.0,0.0
9616,1561.5,561.95,0.183,1.0,22.0,0.0
9617,1561.5,558.45,0.19,1.0,22.0,0.0
9618,1561.5,557.76,0.192,1.0,22.0,0.0
9619,1561.5,554.96,0.197,1.0,22.0,0.0
9620,1561.5,551.46,0.205,1.0,22.0,0.0
9621,1561.5,549.1,0.21,1.0,22.0,0.0
9622,1561.5,547.97,0.212,1.0,22.0,0.0
9623,1561.5,544.47,0.22,1.0,22.0,0.0
9624,1561.5,540.98,0.228,1.0,22.0,0.0
9625,1561.5,537.48,0.236,1.0,22.0,0.0
9626,1561.5,533.99,0.244,1.0,22.0,0.0
9627,1561.5,531.44,0.25,1.0,22.0,0.0
9628,1561.5,530.49,0.252,1.0,22.0,0.0
9629,1561.5,527.0,0.26,1.0,22.0,0.0
9630,1561.5,523.5,0.269,1.0,22.0,0.0
9631,1561.5,453.6,0.476,1.0,21.0,0.0
9632,1561.5,451.25,0.485,1.0,21.0,0.0
9633,1561.5,450.11,0.489,1.0,21.0,0.0
9634,1561.5,446.61,0.501,1.0,21.0,0.0
9635,1561.5,443.12,0.514,1.0,21.0,0.0
9636,1561.5,299.82,1.25,1.0,19.0,0.0
9637,1561.5,264.87,1.54,1.0,19.0,0.0
9638,1561.5,121.58,13.9,1.0,16.0,0.0
9639,1561.5,2.7475,6490.0,1.0,6.0,0.0
9640,1571.7,72.91,35.1,1.0,15.0,0.0
9641,1571.7,76.142,32.6,1.0,15.0,0.0
9642,1571.7,77.744,31.4,1.0,15.0,0.0
9643,1571.7,79.637,30.1,1.0,15.0,0.0
9644,1571.7,81.93,28.7,1.0,15.0,0.0
9645,1571.7,83.132,28.0,1.0,15.0,0.0
9646,1571.7,86.627,26.0,1.0,15.0,0.0
9647,1571.7,90.122,24.3,1.0,15.0,0.0
9648,1571.7,92.493,23.2,1.0,15.0,0.0
9649,1571.7,93.617,22.7,1.0,15.0,0.0
9650,1571.7,97.112,21.3,1.0,15.0,0.0
9651,1571.7,98.772,20.7,1.0,16.0,0.0
9652,1571.7,100.61,20.0,1.0,16.0,0.0
9653,1571.7,102.06,19.5,1.0,16.0,0.0
9654,1571.7,104.1,18.8,1.0,16.0,0.0
9655,1571.7,105.06,18.5,1.0,16.0,0.0
9656,1571.7,107.6,17.8,1.0,16.0,0.0
9657,1571.7,108.95,17.4,1.0,16.0,0.0
9658,1571.7,111.09,16.8,1.0,16.0,0.0
9659,1571.7,112.83,16.3,1.0,16.0,0.0
9660,1571.7,114.59,15.9,1.0,16.0,0.0
9661,1571.7,116.75,15.4,1.0,16.0,0.0
9662,1571.7,118.08,15.0,1.0,16.0,0.0
9663,1571.7,121.58,14.3,1.0,16.0,0.0
9664,1571.7,124.97,13.6,1.0,16.0,0.0
9665,1571.7,125.07,13.6,1.0,16.0,0.0
9666,1571.7,128.57,12.9,1.0,16.0,0.0
9667,1571.7,132.06,12.3,1.0,16.0,0.0
9668,1571.7,133.19,12.1,1.0,16.0,0.0
9669,1571.7,135.56,11.7,1.0,16.0,0.0
9670,1571.7,139.05,11.2,1.0,16.0,0.0
9671,1571.7,142.55,10.7,1.0,17.0,0.0
9672,1571.7,144.15,10.4,1.0,17.0,0.0
9673,1571.7,146.04,10.2,1.0,17.0,0.0
9674,1571.7,149.54,9.75,1.0,17.0,0.0
9675,1571.7,149.89,9.7,1.0,17.0,0.0
9676,1571.7,153.03,9.32,1.0,17.0,0.0
9677,1571.7,153.87,9.22,1.0,17.0,0.0
9678,1571.7,156.53,8.9,1.0,17.0,0.0
9679,1571.7,160.02,8.45,1.0,17.0,0.0
9680,1571.7,161.99,8.16,1.0,17.0,0.0
9681,1571.7,163.52,7.9,1.0,17.0,0.0
9682,1571.7,167.01,7.12,1.0,17.0,0.0
9683,1571.7,170.51,5.84,1.0,17.0,0.0
9684,1571.7,171.17,5.51,1.0,17.0,0.0
9685,1571.7,174.0,4.43,1.0,18.0,0.0
9686,1571.7,177.5,3.86,1.0,18.0,0.0
9687,1571.7,180.35,3.56,1.0,18.0,0.0
9688,1571.7,180.99,3.51,1.0,18.0,0.0
9689,1571.7,184.49,3.25,1.0,18.0,0.0
9690,1571.7,187.98,3.05,1.0,18.0,0.0
9691,1571.7,188.7,3.02,1.0,18.0,0.0
9692,1571.7,191.48,2.89,1.0,18.0,0.0
9693,1571.7,194.97,2.75,1.0,18.0,0.0
9694,1571.7,196.18,2.71,1.0,18.0,0.0
9695,1571.7,198.47,2.64,1.0,18.0,0.0
9696,1571.7,200.38,2.58,1.0,18.0,0.0
9697,1571.7,201.96,2.53,1.0,18.0,0.0
9698,1571.7,205.46,2.44,1.0,18.0,0.0
9699,1571.7,208.95,2.36,1.0,18.0,0.0
9700,1571.7,212.45,2.28,1.0,18.0,0.0
9701,1571.7,212.84,2.27,1.0,18.0,0.0
9702,1571.7,215.94,2.21,1.0,18.0,0.0
9703,1571.7,219.44,2.15,1.0,18.0,0.0
9704,1571.7,222.32,2.1,1.0,19.0,0.0
9705,1571.7,222.93,2.09,1.0,19.0,0.0
9706,1571.7,226.43,2.03,1.0,19.0,0.0
9707,1571.7,229.92,1.98,1.0,19.0,0.0
9708,1571.7,231.06,1.97,1.0,19.0,0.0
9709,1571.7,233.42,1.93,1.0,19.0,0.0
9710,1571.7,236.91,1.89,1.0,19.0,0.0
9711,1571.7,237.44,1.88,1.0,19.0,0.0
9712,1571.7,327.73,1.1,1.0,20.0,0.0
9713,1571.7,450.11,0.506,1.0,21.0,0.0
9714,1571.7,515.03,0.303,1.0,22.0,0.0
9715,1571.7,588.03,0.143,1.0,22.0,0.0
9716,1571.7,586.41,0.146,1.0,22.0,0.0
9717,1571.7,585.58,0.148,1.0,22.0,0.0
9718,1571.7,583.12,0.152,1.0,22.0,0.0
9719,1571.7,582.92,0.153,1.0,22.0,0.0
9720,1571.7,580.67,0.157,1.0,22.0,0.0
9721,1571.7,579.42,0.159,1.0,22.0,0.0
9722,1571.7,578.21,0.161,1.0,22.0,0.0
9723,1571.7,575.93,0.165,1.0,22.0,0.0
9724,1571.7,575.76,0.166,1.0,22.0,0.0
9725,1571.7,573.33,0.17,1.0,22.0,0.0
9726,1571.7,572.43,0.172,1.0,22.0,0.0
9727,1571.7,571.02,0.175,1.0,22.0,0.0
9728,1571.7,568.94,0.179,1.0,22.0,0.0
9729,1571.7,568.87,0.179,1.0,22.0,0.0
9730,1571.7,567.35,0.182,1.0,22.0,0.0
9731,1571.7,565.86,0.185,1.0,22.0,0.0
9732,1571.7,565.44,0.186,1.0,22.0,0.0
9733,1571.7,564.37,0.188,1.0,22.0,0.0
9734,1571.7,562.88,0.191,1.0,22.0,0.0
9735,1571.7,561.95,0.193,1.0,22.0,0.0
9736,1571.7,558.45,0.2,1.0,22.0,0.0
9737,1571.7,557.76,0.202,1.0,22.0,0.0
9738,1571.7,554.96,0.208,1.0,22.0,0.0
9739,1571.7,551.46,0.215,1.0,22.0,0.0
9740,1571.7,549.1,0.22,1.0,22.0,0.0
9741,1571.7,547.97,0.223,1.0,22.0,0.0
9742,1571.7,544.47,0.231,1.0,22.0,0.0
9743,1571.7,540.98,0.239,1.0,22.0,0.0
9744,1571.7,537.48,0.247,1.0,22.0,0.0
9745,1571.7,533.99,0.255,1.0,22.0,0.0
9746,1571.7,531.44,0.261,1.0,22.0,0.0
9747,1571.7,530.49,0.264,1.0,22.0,0.0
9748,1571.7,527.0,0.272,1.0,22.0,0.0
9749,1571.7,523.5,0.281,1.0,22.0,0.0
9750,1571.7,453.6,0.494,1.0,21.0,0.0
9751,1571.7,451.25,0.502,1.0,21.0,0.0
9752,1571.7,450.11,0.506,1.0,21.0,0.0
9753,1571.7,446.61,0.519,1.0,21.0,0.0
9754,1571.7,443.12,0.532,1.0,21.0,0.0
9755,1571.7,299.82,1.29,1.0,19.0,0.0
9756,1571.7,264.87,1.58,1.0,19.0,0.0
9757,1571.7,121.58,14.3,1.0,16.0,0.0
9758,1571.7,2.7475,6630.0,1.0,6.0,0.0
9759,1581.6,72.91,35.9,1.0,15.0,0.0
9760,1581.6,76.142,33.3,1.0,15.0,0.0
9761,1581.6,77.744,32.1,1.0,15.0,0.0
9762,1581.6,79.637,30.8,1.0,15.0,0.0
9763,1581.6,81.93,29.4,1.0,15.0,0.0
9764,1581.6,83.132,28.6,1.0,15.0,0.0
9765,1581.6,86.627,26.6,1.0,15.0,0.0
9766,1581.6,90.122,24.9,1.0,15.0,0.0
9767,1581.6,92.493,23.8,1.0,15.0,0.0
9768,1581.6,93.617,23.3,1.0,15.0,0.0
9769,1581.6,97.112,21.8,1.0,15.0,0.0
9770,1581.6,98.772,21.2,1.0,15.0,0.0
9771,1581.6,100.61,20.5,1.0,16.0,0.0
9772,1581.6,102.06,20.0,1.0,16.0,0.0
9773,1581.6,104.1,19.3,1.0,16.0,0.0
9774,1581.6,105.06,19.0,1.0,16.0,0.0
9775,1581.6,107.6,18.2,1.0,16.0,0.0
9776,1581.6,108.95,17.8,1.0,16.0,0.0
9777,1581.6,111.09,17.2,1.0,16.0,0.0
9778,1581.6,112.83,16.7,1.0,16.0,0.0
9779,1581.6,114.59,16.2,1.0,16.0,0.0
9780,1581.6,116.75,15.7,1.0,16.0,0.0
9781,1581.6,118.08,15.4,1.0,16.0,0.0
9782,1581.6,121.58,14.6,1.0,16.0,0.0
9783,1581.6,124.97,13.9,1.0,16.0,0.0
9784,1581.6,125.07,13.9,1.0,16.0,0.0
9785,1581.6,128.57,13.2,1.0,16.0,0.0
9786,1581.6,132.06,12.6,1.0,16.0,0.0
9787,1581.6,133.19,12.4,1.0,16.0,0.0
9788,1581.6,135.56,12.0,1.0,16.0,0.0
9789,1581.6,139.05,11.4,1.0,16.0,0.0
9790,1581.6,142.55,10.9,1.0,17.0,0.0
9791,1581.6,144.15,10.7,1.0,17.0,0.0
9792,1581.6,146.04,10.4,1.0,17.0,0.0
9793,1581.6,149.54,9.98,1.0,17.0,0.0
9794,1581.6,149.89,9.93,1.0,17.0,0.0
9795,1581.6,153.03,9.54,1.0,17.0,0.0
9796,1581.6,153.87,9.44,1.0,17.0,0.0
9797,1581.6,156.53,9.11,1.0,17.0,0.0
9798,1581.6,160.02,8.65,1.0,17.0,0.0
9799,1581.6,161.99,8.36,1.0,17.0,0.0
9800,1581.6,163.52,8.09,1.0,17.0,0.0
9801,1581.6,167.01,7.29,1.0,17.0,0.0
9802,1581.6,170.51,5.98,1.0,17.0,0.0
9803,1581.6,171.17,5.64,1.0,17.0,0.0
9804,1581.6,174.0,4.53,1.0,18.0,0.0
9805,1581.6,177.5,3.96,1.0,18.0,0.0
9806,1581.6,180.35,3.65,1.0,18.0,0.0
9807,1581.6,180.99,3.59,1.0,18.0,0.0
9808,1581.6,184.49,3.33,1.0,18.0,0.0
9809,1581.6,187.98,3.13,1.0,18.0,0.0
9810,1581.6,188.7,3.09,1.0,18.0,0.0
9811,1581.6,191.48,2.96,1.0,18.0,0.0
9812,1581.6,194.97,2.82,1.0,18.0,0.0
9813,1581.6,196.18,2.78,1.0,18.0,0.0
9814,1581.6,198.47,2.7,1.0,18.0,0.0
9815,1581.6,200.38,2.64,1.0,18.0,0.0
9816,1581.6,201.96,2.59,1.0,18.0,0.0
9817,1581.6,205.46,2.5,1.0,18.0,0.0
9818,1581.6,208.95,2.42,1.0,18.0,0.0
9819,1581.6,212.45,2.34,1.0,18.0,0.0
9820,1581.6,212.84,2.33,1.0,18.0,0.0
9821,1581.6,215.94,2.27,1.0,18.0,0.0
9822,1581.6,219.44,2.2,1.0,18.0,0.0
9823,1581.6,222.32,2.15,1.0,18.0,0.0
9824,1581.6,222.93,2.14,1.0,18.0,0.0
9825,1581.6,226.43,2.08,1.0,19.0,0.0
9826,1581.6,229.92,2.03,1.0,19.0,0.0
9827,1581.6,231.06,2.01,1.0,19.0,0.0
9828,1581.6,233.42,1.98,1.0,19.0,0.0
9829,1581.6,236.91,1.93,1.0,19.0,0.0
9830,1581.6,237.44,1.93,1.0,19.0,0.0
9831,1581.6,327.73,1.13,1.0,20.0,0.0
9832,1581.6,450.11,0.523,1.0,21.0,0.0
9833,1581.6,515.03,0.316,1.0,21.0,0.0
9834,1581.6,588.03,0.152,1.0,22.0,0.0
9835,1581.6,586.41,0.155,1.0,22.0,0.0
9836,1581.6,585.58,0.156,1.0,22.0,0.0
9837,1581.6,583.12,0.161,1.0,22.0,0.0
9838,1581.6,582.92,0.161,1.0,22.0,0.0
9839,1581.6,580.67,0.165,1.0,22.0,0.0
9840,1581.6,579.42,0.168,1.0,22.0,0.0
9841,1581.6,578.21,0.17,1.0,22.0,0.0
9842,1581.6,575.93,0.174,1.0,22.0,0.0
9843,1581.6,575.76,0.175,1.0,22.0,0.0
9844,1581.6,573.33,0.179,1.0,22.0,0.0
9845,1581.6,572.43,0.181,1.0,22.0,0.0
9846,1581.6,571.02,0.184,1.0,22.0,0.0
9847,1581.6,568.94,0.188,1.0,22.0,0.0
9848,1581.6,568.87,0.188,1.0,22.0,0.0
9849,1581.6,567.35,0.191,1.0,22.0,0.0
9850,1581.6,565.86,0.194,1.0,22.0,0.0
9851,1581.6,565.44,0.195,1.0,22.0,0.0
9852,1581.6,564.37,0.198,1.0,22.0,0.0
9853,1581.6,562.88,0.201,1.0,22.0,0.0
9854,1581.6,561.95,0.203,1.0,22.0,0.0
9855,1581.6,558.45,0.21,1.0,22.0,0.0
9856,1581.6,557.76,0.212,1.0,22.0,0.0
9857,1581.6,554.96,0.218,1.0,22.0,0.0
9858,1581.6,551.46,0.225,1.0,22.0,0.0
9859,1581.6,549.1,0.231,1.0,22.0,0.0
9860,1581.6,547.97,0.233,1.0,22.0,0.0
9861,1581.6,544.47,0.241,1.0,22.0,0.0
9862,1581.6,540.98,0.25,1.0,22.0,0.0
9863,1581.6,537.48,0.258,1.0,22.0,0.0
9864,1581.6,533.99,0.266,1.0,22.0,0.0
9865,1581.6,531.44,0.273,1.0,22.0,0.0
9866,1581.6,530.49,0.275,1.0,22.0,0.0
9867,1581.6,527.0,0.284,1.0,22.0,0.0
9868,1581.6,523.5,0.293,1.0,22.0,0.0
9869,1581.6,453.6,0.511,1.0,21.0,0.0
9870,1581.6,451.25,0.519,1.0,21.0,0.0
9871,1581.6,450.11,0.523,1.0,21.0,0.0
9872,1581.6,446.61,0.536,1.0,21.0,0.0
9873,1581.6,443.12,0.55,1.0,21.0,0.0
9874,1581.6,299.82,1.32,1.0,19.0,0.0
9875,1581.6,264.87,1.62,1.0,19.0,0.0
9876,1581.6,121.58,14.6,1.0,16.0,0.0
9877,1581.6,2.7475,6770.0,1.0,6.0,0.0
9878,1600.2,72.91,37.5,1.0,15.0,0.0
9879,1600.2,76.142,34.8,1.0,15.0,0.0
9880,1600.2,77.744,33.5,1.0,15.0,0.0
9881,1600.2,79.637,32.2,1.0,15.0,0.0
9882,1600.2,81.93,30.6,1.0,15.0,0.0
9883,1600.2,83.132,29.9,1.0,15.0,0.0
9884,1600.2,86.627,27.8,1.0,15.0,0.0
9885,1600.2,90.122,25.9,1.0,15.0,0.0
9886,1600.2,92.493,24.8,1.0,15.0,0.0
9887,1600.2,93.617,24.3,1.0,15.0,0.0
9888,1600.2,97.112,22.8,1.0,15.0,0.0
9889,1600.2,98.772,22.1,1.0,15.0,0.0
9890,1600.2,100.61,21.4,1.0,15.0,0.0
9891,1600.2,102.06,20.8,1.0,16.0,0.0
9892,1600.2,104.1,20.1,1.0,16.0,0.0
9893,1600.2,105.06,19.8,1.0,16.0,0.0
9894,1600.2,107.6,19.0,1.0,16.0,0.0
9895,1600.2,108.95,18.6,1.0,16.0,0.0
9896,1600.2,111.09,17.9,1.0,16.0,0.0
9897,1600.2,112.83,17.4,1.0,16.0,0.0
9898,1600.2,114.59,17.0,1.0,16.0,0.0
9899,1600.2,116.75,16.4,1.0,16.0,0.0
9900,1600.2,118.08,16.1,1.0,16.0,0.0
9901,1600.2,121.58,15.2,1.0,16.0,0.0
9902,1600.2,124.97,14.5,1.0,16.0,0.0
9903,1600.2,125.07,14.5,1.0,16.0,0.0
9904,1600.2,128.57,13.8,1.0,16.0,0.0
9905,1600.2,132.06,13.1,1.0,16.0,0.0
9906,1600.2,133.19,12.9,1.0,16.0,0.0
9907,1600.2,135.56,12.5,1.0,16.0,0.0
9908,1600.2,139.05,11.9,1.0,16.0,0.0
9909,1600.2,142.55,11.4,1.0,16.0,0.0
9910,1600.2,144.15,11.2,1.0,17.0,0.0
9911,1600.2,146.04,10.9,1.0,17.0,0.0
9912,1600.2,149.54,10.4,1.0,17.0,0.0
9913,1600.2,149.89,10.4,1.0,17.0,0.0
9914,1600.2,153.03,9.97,1.0,17.0,0.0
9915,1600.2,153.87,9.86,1.0,17.0,0.0
9916,1600.2,156.53,9.52,1.0,17.0,0.0
9917,1600.2,160.02,9.04,1.0,17.0,0.0
9918,1600.2,161.99,8.73,1.0,17.0,0.0
9919,1600.2,163.52,8.45,1.0,17.0,0.0
9920,1600.2,167.01,7.61,1.0,17.0,0.0
9921,1600.2,170.51,6.25,1.0,17.0,0.0
9922,1600.2,171.17,5.9,1.0,17.0,0.0
9923,1600.2,174.0,4.74,1.0,17.0,0.0
9924,1600.2,177.5,4.13,1.0,18.0,0.0
9925,1600.2,180.35,3.82,1.0,18.0,0.0
9926,1600.2,180.99,3.76,1.0,18.0,0.0
9927,1600.2,184.49,3.48,1.0,18.0,0.0
9928,1600.2,187.98,3.27,1.0,18.0,0.0
9929,1600.2,188.7,3.23,1.0,18.0,0.0
9930,1600.2,191.48,3.1,1.0,18.0,0.0
9931,1600.2,194.97,2.95,1.0,18.0,0.0
9932,1600.2,196.18,2.9,1.0,18.0,0.0
9933,1600.2,198.47,2.82,1.0,18.0,0.0
9934,1600.2,200.38,2.76,1.0,18.0,0.0
9935,1600.2,201.96,2.71,1.0,18.0,0.0
9936,1600.2,205.46,2.61,1.0,18.0,0.0
9937,1600.2,208.95,2.53,1.0,18.0,0.0
9938,1600.2,212.45,2.45,1.0,18.0,0.0
9939,1600.2,212.84,2.44,1.0,18.0,0.0
9940,1600.2,215.94,2.37,1.0,18.0,0.0
9941,1600.2,219.44,2.3,1.0,18.0,0.0
9942,1600.2,222.32,2.25,1.0,18.0,0.0
9943,1600.2,222.93,2.24,1.0,18.0,0.0
9944,1600.2,226.43,2.18,1.0,18.0,0.0
9945,1600.2,229.92,2.13,1.0,19.0,0.0
9946,1600.2,231.06,2.11,1.0,19.0,0.0
9947,1600.2,233.42,2.07,1.0,19.0,0.0
9948,1600.2,236.91,2.02,1.0,19.0,0.0
9949,1600.2,237.44,2.02,1.0,19.0,0.0
9950,1600.2,327.73,1.18,1.0,20.0,0.0
9951,1600.2,450.11,0.557,1.0,21.0,0.0
9952,1600.2,515.03,0.34,1.0,21.0,0.0
9953,1600.2,588.03,0.168,1.0,22.0,0.0
9954,1600.2,586.41,0.171,1.0,22.0,0.0
9955,1600.2,585.58,0.173,1.0,22.0,0.0
9956,1600.2,583.12,0.178,1.0,22.0,0.0
9957,1600.2,582.92,0.178,1.0,22.0,0.0
9958,1600.2,580.67,0.182,1.0,22.0,0.0
9959,1600.2,579.42,0.185,1.0,22.0,0.0
9960,1600.2,578.21,0.187,1.0,22.0,0.0
9961,1600.2,575.93,0.192,1.0,22.0,0.0
9962,1600.2,575.76,0.192,1.0,22.0,0.0
9963,1600.2,573.33,0.197,1.0,22.0,0.0
9964,1600.2,572.43,0.199,1.0,22.0,0.0
9965,1600.2,571.02,0.202,1.0,22.0,0.0
9966,1600.2,568.94,0.206,1.0,22.0,0.0
9967,1600.2,568.87,0.207,1.0,22.0,0.0
9968,1600.2,567.35,0.21,1.0,22.0,0.0
9969,1600.2,565.86,0.213,1.0,22.0,0.0
9970,1600.2,565.44,0.214,1.0,22.0,0.0
9971,1600.2,564.37,0.216,1.0,22.0,0.0
9972,1600.2,562.88,0.22,1.0,22.0,0.0
9973,1600.2,561.95,0.222,1.0,22.0,0.0
9974,1600.2,558.45,0.23,1.0,22.0,0.0
9975,1600.2,557.76,0.231,1.0,22.0,0.0
9976,1600.2,554.96,0.237,1.0,22.0,0.0
9977,1600.2,551.46,0.246,1.0,22.0,0.0
9978,1600.2,549.1,0.251,1.0,22.0,0.0
9979,1600.2,547.97,0.254,1.0,22.0,0.0
9980,1600.2,544.47,0.262,1.0,22.0,0.0
9981,1600.2,540.98,0.271,1.0,22.0,0.0
9982,1600.2,537.48,0.28,1.0,22.0,0.0
9983,1600.2,533.99,0.289,1.0,22.0,0.0
9984,1600.2,531.44,0.295,1.0,22.0,0.0
9985,1600.2,530.49,0.298,1.0,22.0,0.0
9986,1600.2,527.0,0.307,1.0,22.0,0.0
9987,1600.2,523.5,0.316,1.0,22.0,0.0
9988,1600.2,453.6,0.543,1.0,21.0,0.0
9989,1600.2,451.25,0.552,1.0,21.0,0.0
9990,1600.2,450.11,0.557,1.0,21.0,0.0
9991,1600.2,446.61,0.57,1.0,21.0,0.0
9992,1600.2,443.12,0.584,1.0,21.0,0.0
9993,1600.2,299.82,1.39,1.0,19.0,0.0
9994,1600.2,264.87,1.69,1.0,19.0,0.0
9995,1600.2,121.58,15.2,1.0,16.0,0.0
9996,1600.2,2.7475,7030.0,1.0,6.0,0.0
9997,1601.6,72.91,37.6,1.0,15.0,0.0
9998,1601.6,76.142,34.9,1.0,15.0,0.0
9999,1601.6,77.744,33.6,1.0,15.0,0.0
10000,1601.6,79.637,32.3,1.0,15.0,0.0
10001,1601.6,81.93,30.7,1.0,15.0,0.0
10002,1601.6,83.132,29.9,1.0,15.0,0.0
10003,1601.6,86.627,27.9,1.0,15.0,0.0
10004,1601.6,90.122,26.0,1.0,15.0,0.0
10005,1601.6,92.493,24.9,1.0,15.0,0.0
10006,1601.6,93.617,24.3,1.0,15.0,0.0
10007,1601.6,97.112,22.8,1.0,15.0,0.0
10008,1601.6,98.772,22.2,1.0,15.0,0.0
10009,1601.6,100.61,21.4,1.0,15.0,0.0
10010,1601.6,102.06,20.9,1.0,16.0,0.0
10011,1601.6,104.1,20.2,1.0,16.0,0.0
10012,1601.6,105.06,19.9,1.0,16.0,0.0
10013,1601.6,107.6,19.0,1.0,16.0,0.0
10014,1601.6,108.95,18.6,1.0,16.0,0.0
10015,1601.6,111.09,18.0,1.0,16.0,0.0
10016,1601.6,112.83,17.5,1.0,16.0,0.0
10017,1601.6,114.59,17.0,1.0,16.0,0.0
10018,1601.6,116.75,16.5,1.0,16.0,0.0
10019,1601.6,118.08,16.1,1.0,16.0,0.0
10020,1601.6,121.58,15.3,1.0,16.0,0.0
10021,1601.6,124.97,14.6,1.0,16.0,0.0
10022,1601.6,125.07,14.5,1.0,16.0,0.0
10023,1601.6,128.57,13.8,1.0,16.0,0.0
10024,1601.6,132.06,13.2,1.0,16.0,0.0
10025,1601.6,133.19,13.0,1.0,16.0,0.0
10026,1601.6,135.56,12.5,1.0,16.0,0.0
10027,1601.6,139.05,12.0,1.0,16.0,0.0
10028,1601.6,142.55,11.4,1.0,16.0,0.0
10029,1601.6,144.15,11.2,1.0,17.0,0.0
10030,1601.6,146.04,10.9,1.0,17.0,0.0
10031,1601.6,149.54,10.5,1.0,17.0,0.0
10032,1601.6,149.89,10.4,1.0,17.0,0.0
10033,1601.6,153.03,10.0,1.0,17.0,0.0
10034,1601.6,153.87,9.89,1.0,17.0,0.0
10035,1601.6,156.53,9.55,1.0,17.0,0.0
10036,1601.6,160.02,9.07,1.0,17.0,0.0
10037,1601.6,161.99,8.76,1.0,17.0,0.0
10038,1601.6,163.52,8.48,1.0,17.0,0.0
10039,1601.6,167.01,7.64,1.0,17.0,0.0
10040,1601.6,170.51,6.27,1.0,17.0,0.0
10041,1601.6,171.17,5.92,1.0,17.0,0.0
10042,1601.6,174.0,4.76,1.0,17.0,0.0
10043,1601.6,177.5,4.15,1.0,18.0,0.0
10044,1601.6,180.35,3.83,1.0,18.0,0.0
10045,1601.6,180.99,3.77,1.0,18.0,0.0
10046,1601.6,184.49,3.49,1.0,18.0,0.0
10047,1601.6,187.98,3.28,1.0,18.0,0.0
10048,1601.6,188.7,3.24,1.0,18.0,0.0
10049,1601.6,191.48,3.11,1.0,18.0,0.0
10050,1601.6,194.97,2.96,1.0,18.0,0.0
10051,1601.6,196.18,2.91,1.0,18.0,0.0
10052,1601.6,198.47,2.83,1.0,18.0,0.0
10053,1601.6,200.38,2.77,1.0,18.0,0.0
10054,1601.6,201.96,2.72,1.0,18.0,0.0
10055,1601.6,205.46,2.62,1.0,18.0,0.0
10056,1601.6,208.95,2.54,1.0,18.0,0.0
10057,1601.6,212.45,2.45,1.0,18.0,0.0
10058,1601.6,212.84,2.45,1.0,18.0,0.0
10059,1601.6,215.94,2.38,1.0,18.0,0.0
10060,1601.6,219.44,2.31,1.0,18.0,0.0
10061,1601.6,222.32,2.26,1.0,18.0,0.0
10062,1601.6,222.93,2.25,1.0,18.0,0.0
10063,1601.6,226.43,2.19,1.0,18.0,0.0
10064,1601.6,229.92,2.13,1.0,19.0,0.0
10065,1601.6,231.06,2.12,1.0,19.0,0.0
10066,1601.6,233.42,2.08,1.0,19.0,0.0
10067,1601.6,236.91,2.03,1.0,19.0,0.0
10068,1601.6,237.44,2.02,1.0,19.0,0.0
10069,1601.6,327.73,1.19,1.0,20.0,0.0
10070,1601.6,450.11,0.559,1.0,21.0,0.0
10071,1601.6,515.03,0.342,1.0,21.0,0.0
10072,1601.6,588.03,0.169,1.0,22.0,0.0
10073,1601.6,586.41,0.172,1.0,22.0,0.0
10074,1601.6,585.58,0.174,1.0,22.0,0.0
10075,1601.6,583.12,0.179,1.0,22.0,0.0
10076,1601.6,582.92,0.179,1.0,22.0,0.0
10077,1601.6,580.67,0.184,1.0,22.0,0.0
10078,1601.6,579.42,0.186,1.0,22.0,0.0
10079,1601.6,578.21,0.189,1.0,22.0,0.0
10080,1601.6,575.93,0.193,1.0,22.0,0.0
10081,1601.6,575.76,0.194,1.0,22.0,0.0
10082,1601.6,573.33,0.199,1.0,22.0,0.0
10083,1601.6,572.43,0.201,1.0,22.0,0.0
10084,1601.6,571.02,0.203,1.0,22.0,0.0
10085,1601.6,568.94,0.208,1.0,22.0,0.0
10086,1601.6,568.87,0.208,1.0,22.0,0.0
10087,1601.6,567.35,0.211,1.0,22.0,0.0
10088,1601.6,565.86,0.215,1.0,22.0,0.0
10089,1601.6,565.44,0.215,1.0,22.0,0.0
10090,1601.6,564.37,0.218,1.0,22.0,0.0
10091,1601.6,562.88,0.221,1.0,22.0,0.0
10092,1601.6,561.95,0.223,1.0,22.0,0.0
10093,1601.6,558.45,0.231,1.0,22.0,0.0
10094,1601.6,557.76,0.233,1.0,22.0,0.0
10095,1601.6,554.96,0.239,1.0,22.0,0.0
10096,1601.6,551.46,0.247,1.0,22.0,0.0
10097,1601.6,549.1,0.253,1.0,22.0,0.0
10098,1601.6,547.97,0.255,1.0,22.0,0.0
10099,1601.6,544.47,0.264,1.0,22.0,0.0
10100,1601.6,540.98,0.273,1.0,22.0,0.0
10101,1601.6,537.48,0.281,1.0,22.0,0.0
10102,1601.6,533.99,0.29,1.0,22.0,0.0
10103,1601.6,531.44,0.297,1.0,22.0,0.0
10104,1601.6,530.49,0.3,1.0,22.0,0.0
10105,1601.6,527.0,0.309,1.0,22.0,0.0
10106,1601.6,523.5,0.318,1.0,21.0,0.0
10107,1601.6,453.6,0.546,1.0,21.0,0.0
10108,1601.6,451.25,0.555,1.0,21.0,0.0
10109,1601.6,450.11,0.559,1.0,21.0,0.0
10110,1601.6,446.61,0.573,1.0,21.0,0.0
10111,1601.6,443.12,0.587,1.0,21.0,0.0
10112,1601.6,299.82,1.39,1.0,19.0,0.0
10113,1601.6,264.87,1.7,1.0,19.0,0.0
10114,1601.6,121.58,15.3,1.0,16.0,0.0
10115,1601.6,2.7475,7050.0,1.0,6.0,0.0
10116,1621.6,72.91,39.3,1.0,15.0,0.0
10117,1621.6,76.142,36.5,1.0,15.0,0.0
10118,1621.6,77.744,35.2,1.0,15.0,0.0
10119,1621.6,79.637,33.7,1.0,15.0,0.0
10120,1621.6,81.93,32.1,1.0,15.0,0.0
10121,1621.6,83.132,31.3,1.0,15.0,0.0
10122,1621.6,86.627,29.2,1.0,15.0,0.0
10123,1621.6,90.122,27.2,1.0,15.0,0.0
10124,1621.6,92.493,26.0,1.0,15.0,0.0
10125,1621.6,93.617,25.5,1.0,15.0,0.0
10126,1621.6,97.112,23.9,1.0,15.0,0.0
10127,1621.6,98.772,23.2,1.0,15.0,0.0
10128,1621.6,100.61,22.4,1.0,15.0,0.0
10129,1621.6,102.06,21.9,1.0,15.0,0.0
10130,1621.6,104.1,21.1,1.0,16.0,0.0
10131,1621.6,105.06,20.8,1.0,16.0,0.0
10132,1621.6,107.6,19.9,1.0,16.0,0.0
10133,1621.6,108.95,19.5,1.0,16.0,0.0
10134,1621.6,111.09,18.8,1.0,16.0,0.0
10135,1621.6,112.83,18.3,1.0,16.0,0.0
10136,1621.6,114.59,17.8,1.0,16.0,0.0
10137,1621.6,116.75,17.2,1.0,16.0,0.0
10138,1621.6,118.08,16.9,1.0,16.0,0.0
10139,1621.6,121.58,16.0,1.0,16.0,0.0
10140,1621.6,124.97,15.2,1.0,16.0,0.0
10141,1621.6,125.07,15.2,1.0,16.0,0.0
10142,1621.6,128.57,14.5,1.0,16.0,0.0
10143,1621.6,132.06,13.8,1.0,16.0,0.0
10144,1621.6,133.19,13.6,1.0,16.0,0.0
10145,1621.6,135.56,13.1,1.0,16.0,0.0
10146,1621.6,139.05,12.5,1.0,16.0,0.0
10147,1621.6,142.55,12.0,1.0,16.0,0.0
10148,1621.6,144.15,11.7,1.0,16.0,0.0
10149,1621.6,146.04,11.5,1.0,17.0,0.0
10150,1621.6,149.54,11.0,1.0,17.0,0.0
10151,1621.6,149.89,10.9,1.0,17.0,0.0
10152,1621.6,153.03,10.5,1.0,17.0,0.0
10153,1621.6,153.87,10.4,1.0,17.0,0.0
10154,1621.6,156.53,10.0,1.0,17.0,0.0
10155,1621.6,160.02,9.5,1.0,17.0,0.0
10156,1621.6,161.99,9.18,1.0,17.0,0.0
10157,1621.6,163.52,8.88,1.0,17.0,0.0
10158,1621.6,167.01,8.0,1.0,17.0,0.0
10159,1621.6,170.51,6.57,1.0,17.0,0.0
10160,1621.6,171.17,6.2,1.0,17.0,0.0
10161,1621.6,174.0,4.98,1.0,17.0,0.0
10162,1621.6,177.5,4.35,1.0,18.0,0.0
10163,1621.6,180.35,4.01,1.0,18.0,0.0
10164,1621.6,180.99,3.95,1.0,18.0,0.0
10165,1621.6,184.49,3.66,1.0,18.0,0.0
10166,1621.6,187.98,3.44,1.0,18.0,0.0
10167,1621.6,188.7,3.4,1.0,18.0,0.0
10168,1621.6,191.48,3.26,1.0,18.0,0.0
10169,1621.6,194.97,3.1,1.0,18.0,0.0
10170,1621.6,196.18,3.06,1.0,18.0,0.0
10171,1621.6,198.47,2.97,1.0,18.0,0.0
10172,1621.6,200.38,2.91,1.0,18.0,0.0
10173,1621.6,201.96,2.86,1.0,18.0,0.0
10174,1621.6,205.46,2.75,1.0,18.0,0.0
10175,1621.6,208.95,2.66,1.0,18.0,0.0
10176,1621.6,212.45,2.57,1.0,18.0,0.0
10177,1621.6,212.84,2.57,1.0,18.0,0.0
10178,1621.6,215.94,2.5,1.0,18.0,0.0
10179,1621.6,219.44,2.43,1.0,18.0,0.0
10180,1621.6,222.32,2.37,1.0,18.0,0.0
10181,1621.6,222.93,2.36,1.0,18.0,0.0
10182,1621.6,226.43,2.3,1.0,18.0,0.0
10183,1621.6,229.92,2.24,1.0,18.0,0.0
10184,1621.6,231.06,2.22,1.0,18.0,0.0
10185,1621.6,233.42,2.18,1.0,19.0,0.0
10186,1621.6,236.91,2.13,1.0,19.0,0.0
10187,1621.6,237.44,2.12,1.0,19.0,0.0
10188,1621.6,327.73,1.25,1.0,19.0,0.0
10189,1621.6,450.11,0.597,1.0,21.0,0.0
10190,1621.6,515.03,0.37,1.0,21.0,0.0
10191,1621.6,588.03,0.188,1.0,22.0,0.0
10192,1621.6,586.41,0.191,1.0,22.0,0.0
10193,1621.6,585.58,0.193,1.0,22.0,0.0
10194,1621.6,583.12,0.198,1.0,22.0,0.0
10195,1621.6,582.92,0.198,1.0,22.0,0.0
10196,1621.6,580.67,0.203,1.0,22.0,0.0
10197,1621.6,579.42,0.206,1.0,22.0,0.0
10198,1621.6,578.21,0.208,1.0,22.0,0.0
10199,1621.6,575.93,0.213,1.0,22.0,0.0
10200,1621.6,575.76,0.214,1.0,22.0,0.0
10201,1621.6,573.33,0.219,1.0,22.0,0.0
10202,1621.6,572.43,0.221,1.0,22.0,0.0
10203,1621.6,571.02,0.224,1.0,22.0,0.0
10204,1621.6,568.94,0.229,1.0,22.0,0.0
10205,1621.6,568.87,0.229,1.0,22.0,0.0
10206,1621.6,567.35,0.232,1.0,22.0,0.0
10207,1621.6,565.86,0.236,1.0,22.0,0.0
10208,1621.6,565.44,0.237,1.0,22.0,0.0
10209,1621.6,564.37,0.239,1.0,22.0,0.0
10210,1621.6,562.88,0.243,1.0,22.0,0.0
10211,1621.6,561.95,0.245,1.0,22.0,0.0
10212,1621.6,558.45,0.253,1.0,22.0,0.0
10213,1621.6,557.76,0.255,1.0,22.0,0.0
10214,1621.6,554.96,0.261,1.0,22.0,0.0
10215,1621.6,551.46,0.27,1.0,22.0,0.0
10216,1621.6,549.1,0.276,1.0,22.0,0.0
10217,1621.6,547.97,0.279,1.0,22.0,0.0
10218,1621.6,544.47,0.288,1.0,22.0,0.0
10219,1621.6,540.98,0.297,1.0,22.0,0.0
10220,1621.6,537.48,0.306,1.0,22.0,0.0
10221,1621.6,533.99,0.315,1.0,22.0,0.0
10222,1621.6,531.44,0.322,1.0,21.0,0.0
10223,1621.6,530.49,0.325,1.0,21.0,0.0
10224,1621.6,527.0,0.335,1.0,21.0,0.0
10225,1621.6,523.5,0.345,1.0,21.0,0.0
10226,1621.6,453.6,0.583,1.0,21.0,0.0
10227,1621.6,451.25,0.592,1.0,21.0,0.0
10228,1621.6,450.11,0.597,1.0,21.0,0.0
10229,1621.6,446.61,0.611,1.0,21.0,0.0
10230,1621.6,443.12,0.625,1.0,21.0,0.0
10231,1621.6,299.82,1.46,1.0,19.0,0.0
10232,1621.6,264.87,1.79,1.0,19.0,0.0
10233,1621.6,121.58,16.0,1.0,16.0,0.0
10234,1621.6,2.7475,7340.0,1.0,6.0,0.0
10235,1629.7,72.91,40.0,1.0,15.0,0.0
10236,1629.7,76.142,37.1,1.0,15.0,0.0
10237,1629.7,77.744,35.8,1.0,15.0,0.0
10238,1629.7,79.637,34.3,1.0,15.0,0.0
10239,1629.7,81.93,32.7,1.0,15.0,0.0
10240,1629.7,83.132,31.9,1.0,15.0,0.0
10241,1629.7,86.627,29.7,1.0,15.0,0.0
10242,1629.7,90.122,27.7,1.0,15.0,0.0
10243,1629.7,92.493,26.5,1.0,15.0,0.0
10244,1629.7,93.617,25.9,1.0,15.0,0.0
10245,1629.7,97.112,24.3,1.0,15.0,0.0
10246,1629.7,98.772,23.6,1.0,15.0,0.0
10247,1629.7,100.61,22.8,1.0,15.0,0.0
10248,1629.7,102.06,22.3,1.0,15.0,0.0
10249,1629.7,104.1,21.5,1.0,16.0,0.0
10250,1629.7,105.06,21.2,1.0,16.0,0.0
10251,1629.7,107.6,20.3,1.0,16.0,0.0
10252,1629.7,108.95,19.8,1.0,16.0,0.0
10253,1629.7,111.09,19.2,1.0,16.0,0.0
10254,1629.7,112.83,18.6,1.0,16.0,0.0
10255,1629.7,114.59,18.1,1.0,16.0,0.0
10256,1629.7,116.75,17.5,1.0,16.0,0.0
10257,1629.7,118.08,17.2,1.0,16.0,0.0
10258,1629.7,121.58,16.3,1.0,16.0,0.0
10259,1629.7,124.97,15.5,1.0,16.0,0.0
10260,1629.7,125.07,15.5,1.0,16.0,0.0
10261,1629.7,128.57,14.7,1.0,16.0,0.0
10262,1629.7,132.06,14.0,1.0,16.0,0.0
10263,1629.7,133.19,13.8,1.0,16.0,0.0
10264,1629.7,135.56,13.4,1.0,16.0,0.0
10265,1629.7,139.05,12.8,1.0,16.0,0.0
10266,1629.7,142.55,12.2,1.0,16.0,0.0
10267,1629.7,144.15,12.0,1.0,16.0,0.0
10268,1629.7,146.04,11.7,1.0,16.0,0.0
10269,1629.7,149.54,11.2,1.0,17.0,0.0
10270,1629.7,149.89,11.1,1.0,17.0,0.0
10271,1629.7,153.03,10.7,1.0,17.0,0.0
10272,1629.7,153.87,10.6,1.0,17.0,0.0
10273,1629.7,156.53,10.2,1.0,17.0,0.0
10274,1629.7,160.02,9.68,1.0,17.0,0.0
10275,1629.7,161.99,9.35,1.0,17.0,0.0
10276,1629.7,163.52,9.05,1.0,17.0,0.0
10277,1629.7,167.01,8.15,1.0,17.0,0.0
10278,1629.7,170.51,6.69,1.0,17.0,0.0
10279,1629.7,171.17,6.32,1.0,17.0,0.0
10280,1629.7,174.0,5.08,1.0,17.0,0.0
10281,1629.7,177.5,4.43,1.0,18.0,0.0
10282,1629.7,180.35,4.09,1.0,18.0,0.0
10283,1629.7,180.99,4.03,1.0,18.0,0.0
10284,1629.7,184.49,3.73,1.0,18.0,0.0
10285,1629.7,187.98,3.51,1.0,18.0,0.0
10286,1629.7,188.7,3.47,1.0,18.0,0.0
10287,1629.7,191.48,3.32,1.0,18.0,0.0
10288,1629.7,194.97,3.16,1.0,18.0,0.0
10289,1629.7,196.18,3.11,1.0,18.0,0.0
10290,1629.7,198.47,3.03,1.0,18.0,0.0
10291,1629.7,200.38,2.96,1.0,18.0,0.0
10292,1629.7,201.96,2.91,1.0,18.0,0.0
10293,1629.7,205.46,2.81,1.0,18.0,0.0
10294,1629.7,208.95,2.71,1.0,18.0,0.0
10295,1629.7,212.45,2.62,1.0,18.0,0.0
10296,1629.7,212.84,2.62,1.0,18.0,0.0
10297,1629.7,215.94,2.55,1.0,18.0,0.0
10298,1629.7,219.44,2.47,1.0,18.0,0.0
10299,1629.7,222.32,2.42,1.0,18.0,0.0
10300,1629.7,222.93,2.41,1.0,18.0,0.0
10301,1629.7,226.43,2.34,1.0,18.0,0.0
10302,1629.7,229.92,2.28,1.0,18.0,0.0
10303,1629.7,231.06,2.26,1.0,18.0,0.0
10304,1629.7,233.42,2.23,1.0,18.0,0.0
10305,1629.7,236.91,2.17,1.0,19.0,0.0
10306,1629.7,237.44,2.17,1.0,19.0,0.0
10307,1629.7,327.73,1.28,1.0,19.0,0.0
10308,1629.7,450.11,0.612,1.0,21.0,0.0
10309,1629.7,515.03,0.381,1.0,21.0,0.0
10310,1629.7,588.03,0.196,1.0,22.0,0.0
10311,1629.7,586.41,0.199,1.0,22.0,0.0
10312,1629.7,585.58,0.201,1.0,22.0,0.0
10313,1629.7,583.12,0.206,1.0,22.0,0.0
10314,1629.7,582.92,0.206,1.0,22.0,0.0
10315,1629.7,580.67,0.211,1.0,22.0,0.0
10316,1629.7,579.42,0.214,1.0,22.0,0.0
10317,1629.7,578.21,0.217,1.0,22.0,0.0
10318,1629.7,575.93,0.222,1.0,22.0,0.0
10319,1629.7,575.76,0.222,1.0,22.0,0.0
10320,1629.7,573.33,0.227,1.0,22.0,0.0
10321,1629.7,572.43,0.229,1.0,22.0,0.0
10322,1629.7,571.02,0.233,1.0,22.0,0.0
10323,1629.7,568.94,0.237,1.0,22.0,0.0
10324,1629.7,568.87,0.238,1.0,22.0,0.0
10325,1629.7,567.35,0.241,1.0,22.0,0.0
10326,1629.7,565.86,0.245,1.0,22.0,0.0
10327,1629.7,565.44,0.246,1.0,22.0,0.0
10328,1629.7,564.37,0.248,1.0,22.0,0.0
10329,1629.7,562.88,0.252,1.0,22.0,0.0
10330,1629.7,561.95,0.254,1.0,22.0,0.0
10331,1629.7,558.45,0.262,1.0,22.0,0.0
10332,1629.7,557.76,0.264,1.0,22.0,0.0
10333,1629.7,554.96,0.271,1.0,22.0,0.0
10334,1629.7,551.46,0.28,1.0,22.0,0.0
10335,1629.7,549.1,0.286,1.0,22.0,0.0
10336,1629.7,547.97,0.289,1.0,22.0,0.0
10337,1629.7,544.47,0.298,1.0,22.0,0.0
10338,1629.7,540.98,0.307,1.0,22.0,0.0
10339,1629.7,537.48,0.316,1.0,22.0,0.0
10340,1629.7,533.99,0.326,1.0,21.0,0.0
10341,1629.7,531.44,0.333,1.0,21.0,0.0
10342,1629.7,530.49,0.336,1.0,21.0,0.0
10343,1629.7,527.0,0.346,1.0,21.0,0.0
10344,1629.7,523.5,0.356,1.0,21.0,0.0
10345,1629.7,453.6,0.598,1.0,21.0,0.0
10346,1629.7,451.25,0.608,1.0,21.0,0.0
10347,1629.7,450.11,0.612,1.0,21.0,0.0
10348,1629.7,446.61,0.627,1.0,21.0,0.0
10349,1629.7,443.12,0.641,1.0,21.0,0.0
10350,1629.7,299.82,1.49,1.0,19.0,0.0
10351,1629.7,264.87,1.82,1.0,19.0,0.0
10352,1629.7,121.58,16.3,1.0,16.0,0.0
10353,1629.7,2.7475,7460.0,1.0,6.0,0.0
10354,1641.6,72.91,41.0,1.0,14.0,0.0
10355,1641.6,76.142,38.1,1.0,15.0,0.0
10356,1641.6,77.744,36.8,1.0,15.0,0.0
10357,1641.6,79.637,35.3,1.0,15.0,0.0
10358,1641.6,81.93,33.6,1.0,15.0,0.0
10359,1641.6,83.132,32.7,1.0,15.0,0.0
10360,1641.6,86.627,30.5,1.0,15.0,0.0
10361,1641.6,90.122,28.5,1.0,15.0,0.0
10362,1641.6,92.493,27.2,1.0,15.0,0.0
10363,1641.6,93.617,26.6,1.0,15.0,0.0
10364,1641.6,97.112,25.0,1.0,15.0,0.0
10365,1641.6,98.772,24.2,1.0,15.0,0.0
10366,1641.6,100.61,23.5,1.0,15.0,0.0
10367,1641.6,102.06,22.9,1.0,15.0,0.0
10368,1641.6,104.1,22.1,1.0,15.0,0.0
10369,1641.6,105.06,21.7,1.0,16.0,0.0
10370,1641.6,107.6,20.8,1.0,16.0,0.0
10371,1641.6,108.95,20.4,1.0,16.0,0.0
10372,1641.6,111.09,19.7,1.0,16.0,0.0
10373,1641.6,112.83,19.1,1.0,16.0,0.0
10374,1641.6,114.59,18.6,1.0,16.0,0.0
10375,1641.6,116.75,18.0,1.0,16.0,0.0
10376,1641.6,118.08,17.6,1.0,16.0,0.0
10377,1641.6,121.58,16.7,1.0,16.0,0.0
10378,1641.6,124.97,15.9,1.0,16.0,0.0
10379,1641.6,125.07,15.9,1.0,16.0,0.0
10380,1641.6,128.57,15.1,1.0,16.0,0.0
10381,1641.6,132.06,14.4,1.0,16.0,0.0
10382,1641.6,133.19,14.2,1.0,16.0,0.0
10383,1641.6,135.56,13.7,1.0,16.0,0.0
10384,1641.6,139.05,13.1,1.0,16.0,0.0
10385,1641.6,142.55,12.5,1.0,16.0,0.0
10386,1641.6,144.15,12.3,1.0,16.0,0.0
10387,1641.6,146.04,12.0,1.0,16.0,0.0
10388,1641.6,149.54,11.5,1.0,17.0,0.0
10389,1641.6,149.89,11.4,1.0,17.0,0.0
10390,1641.6,153.03,11.0,1.0,17.0,0.0
10391,1641.6,153.87,10.9,1.0,17.0,0.0
10392,1641.6,156.53,10.5,1.0,17.0,0.0
10393,1641.6,160.02,9.95,1.0,17.0,0.0
10394,1641.6,161.99,9.61,1.0,17.0,0.0
10395,1641.6,163.52,9.3,1.0,17.0,0.0
10396,1641.6,167.01,8.38,1.0,17.0,0.0
10397,1641.6,170.51,6.87,1.0,17.0,0.0
10398,1641.6,171.17,6.49,1.0,17.0,0.0
10399,1641.6,174.0,5.22,1.0,17.0,0.0
10400,1641.6,177.5,4.56,1.0,18.0,0.0
10401,1641.6,180.35,4.21,1.0,18.0,0.0
10402,1641.6,180.99,4.14,1.0,18.0,0.0
10403,1641.6,184.49,3.84,1.0,18.0,0.0
10404,1641.6,187.98,3.6,1.0,18.0,0.0
10405,1641.6,188.7,3.56,1.0,18.0,0.0
10406,1641.6,191.48,3.41,1.0,18.0,0.0
10407,1641.6,194.97,3.25,1.0,18.0,0.0
10408,1641.6,196.18,3.2,1.0,18.0,0.0
10409,1641.6,198.47,3.11,1.0,18.0,0.0
10410,1641.6,200.38,3.05,1.0,18.0,0.0
10411,1641.6,201.96,2.99,1.0,18.0,0.0
10412,1641.6,205.46,2.88,1.0,18.0,0.0
10413,1641.6,208.95,2.79,1.0,18.0,0.0
10414,1641.6,212.45,2.7,1.0,18.0,0.0
10415,1641.6,212.84,2.69,1.0,18.0,0.0
10416,1641.6,215.94,2.62,1.0,18.0,0.0
10417,1641.6,219.44,2.54,1.0,18.0,0.0
10418,1641.6,222.32,2.49,1.0,18.0,0.0
10419,1641.6,222.93,2.47,1.0,18.0,0.0
10420,1641.6,226.43,2.41,1.0,18.0,0.0
10421,1641.6,229.92,2.35,1.0,18.0,0.0
10422,1641.6,231.06,2.33,1.0,18.0,0.0
10423,1641.6,233.42,2.29,1.0,18.0,0.0
10424,1641.6,236.91,2.24,1.0,19.0,0.0
10425,1641.6,237.44,2.23,1.0,19.0,0.0
10426,1641.6,327.73,1.32,1.0,19.0,0.0
10427,1641.6,450.11,0.636,1.0,21.0,0.0
10428,1641.6,515.03,0.398,1.0,21.0,0.0
10429,1641.6,588.03,0.208,1.0,22.0,0.0
10430,1641.6,586.41,0.211,1.0,22.0,0.0
10431,1641.6,585.58,0.213,1.0,22.0,0.0
10432,1641.6,583.12,0.218,1.0,22.0,0.0
10433,1641.6,582.92,0.219,1.0,22.0,0.0
10434,1641.6,580.67,0.224,1.0,22.0,0.0
10435,1641.6,579.42,0.226,1.0,22.0,0.0
10436,1641.6,578.21,0.229,1.0,22.0,0.0
10437,1641.6,575.93,0.234,1.0,22.0,0.0
10438,1641.6,575.76,0.235,1.0,22.0,0.0
10439,1641.6,573.33,0.24,1.0,22.0,0.0
10440,1641.6,572.43,0.242,1.0,22.0,0.0
10441,1641.6,571.02,0.246,1.0,22.0,0.0
10442,1641.6,568.94,0.251,1.0,22.0,0.0
10443,1641.6,568.87,0.251,1.0,22.0,0.0
10444,1641.6,567.35,0.254,1.0,22.0,0.0
10445,1641.6,565.86,0.258,1.0,22.0,0.0
10446,1641.6,565.44,0.259,1.0,22.0,0.0
10447,1641.6,564.37,0.262,1.0,22.0,0.0
10448,1641.6,562.88,0.265,1.0,22.0,0.0
10449,1641.6,561.95,0.267,1.0,22.0,0.0
10450,1641.6,558.45,0.276,1.0,22.0,0.0
10451,1641.6,557.76,0.278,1.0,22.0,0.0
10452,1641.6,554.96,0.285,1.0,22.0,0.0
10453,1641.6,551.46,0.294,1.0,22.0,0.0
10454,1641.6,549.1,0.3,1.0,22.0,0.0
10455,1641.6,547.97,0.303,1.0,22.0,0.0
10456,1641.6,544.47,0.313,1.0,22.0,0.0
10457,1641.6,540.98,0.322,1.0,22.0,0.0
10458,1641.6,537.48,0.332,1.0,21.0,0.0
10459,1641.6,533.99,0.342,1.0,21.0,0.0
10460,1641.6,531.44,0.349,1.0,21.0,0.0
10461,1641.6,530.49,0.352,1.0,21.0,0.0
10462,1641.6,527.0,0.362,1.0,21.0,0.0
10463,1641.6,523.5,0.372,1.0,21.0,0.0
10464,1641.6,453.6,0.621,1.0,21.0,0.0
10465,1641.6,451.25,0.631,1.0,21.0,0.0
10466,1641.6,450.11,0.636,1.0,21.0,0.0
10467,1641.6,446.61,0.65,1.0,21.0,0.0
10468,1641.6,443.12,0.665,1.0,21.0,0.0
10469,1641.6,299.82,1.54,1.0,19.0,0.0
10470,1641.6,264.87,1.88,1.0,19.0,0.0
10471,1641.6,121.58,16.7,1.0,16.0,0.0
10472,1641.6,2.7475,7640.0,1.0,6.0,0.0
10473,1661.0,72.91,42.8,1.0,14.0,0.0
10474,1661.0,76.142,39.7,1.0,15.0,0.0
10475,1661.0,77.744,38.3,1.0,15.0,0.0
10476,1661.0,79.637,36.8,1.0,15.0,0.0
10477,1661.0,81.93,35.0,1.0,15.0,0.0
10478,1661.0,83.132,34.1,1.0,15.0,0.0
10479,1661.0,86.627,31.8,1.0,15.0,0.0
10480,1661.0,90.122,29.7,1.0,15.0,0.0
10481,1661.0,92.493,28.4,1.0,15.0,0.0
10482,1661.0,93.617,27.8,1.0,15.0,0.0
10483,1661.0,97.112,26.0,1.0,15.0,0.0
10484,1661.0,98.772,25.3,1.0,15.0,0.0
10485,1661.0,100.61,24.5,1.0,15.0,0.0
10486,1661.0,102.06,23.9,1.0,15.0,0.0
10487,1661.0,104.1,23.1,1.0,15.0,0.0
10488,1661.0,105.06,22.7,1.0,15.0,0.0
10489,1661.0,107.6,21.7,1.0,16.0,0.0
10490,1661.0,108.95,21.3,1.0,16.0,0.0
10491,1661.0,111.09,20.5,1.0,16.0,0.0
10492,1661.0,112.83,20.0,1.0,16.0,0.0
10493,1661.0,114.59,19.4,1.0,16.0,0.0
10494,1661.0,116.75,18.8,1.0,16.0,0.0
10495,1661.0,118.08,18.4,1.0,16.0,0.0
10496,1661.0,121.58,17.5,1.0,16.0,0.0
10497,1661.0,124.97,16.6,1.0,16.0,0.0
10498,1661.0,125.07,16.6,1.0,16.0,0.0
10499,1661.0,128.57,15.8,1.0,16.0,0.0
10500,1661.0,132.06,15.1,1.0,16.0,0.0
10501,1661.0,133.19,14.8,1.0,16.0,0.0
10502,1661.0,135.56,14.4,1.0,16.0,0.0
10503,1661.0,139.05,13.7,1.0,16.0,0.0
10504,1661.0,142.55,13.1,1.0,16.0,0.0
10505,1661.0,144.15,12.8,1.0,16.0,0.0
10506,1661.0,146.04,12.5,1.0,16.0,0.0
10507,1661.0,149.54,12.0,1.0,16.0,0.0
10508,1661.0,149.89,11.9,1.0,17.0,0.0
10509,1661.0,153.03,11.5,1.0,17.0,0.0
10510,1661.0,153.87,11.3,1.0,17.0,0.0
10511,1661.0,156.53,10.9,1.0,17.0,0.0
10512,1661.0,160.02,10.4,1.0,17.0,0.0
10513,1661.0,161.99,10.0,1.0,17.0,0.0
10514,1661.0,163.52,9.72,1.0,17.0,0.0
10515,1661.0,167.01,8.75,1.0,17.0,0.0
10516,1661.0,170.51,7.18,1.0,17.0,0.0
10517,1661.0,171.17,6.78,1.0,17.0,0.0
10518,1661.0,174.0,5.46,1.0,17.0,0.0
10519,1661.0,177.5,4.76,1.0,17.0,0.0
10520,1661.0,180.35,4.4,1.0,18.0,0.0
10521,1661.0,180.99,4.33,1.0,18.0,0.0
10522,1661.0,184.49,4.01,1.0,18.0,0.0
10523,1661.0,187.98,3.77,1.0,18.0,0.0
10524,1661.0,188.7,3.73,1.0,18.0,0.0
10525,1661.0,191.48,3.57,1.0,18.0,0.0
10526,1661.0,194.97,3.4,1.0,18.0,0.0
10527,1661.0,196.18,3.35,1.0,18.0,0.0
10528,1661.0,198.47,3.26,1.0,18.0,0.0
10529,1661.0,200.38,3.19,1.0,18.0,0.0
10530,1661.0,201.96,3.13,1.0,18.0,0.0
10531,1661.0,205.46,3.02,1.0,18.0,0.0
10532,1661.0,208.95,2.92,1.0,18.0,0.0
10533,1661.0,212.45,2.82,1.0,18.0,0.0
10534,1661.0,212.84,2.81,1.0,18.0,0.0
10535,1661.0,215.94,2.74,1.0,18.0,0.0
10536,1661.0,219.44,2.66,1.0,18.0,0.0
10537,1661.0,222.32,2.6,1.0,18.0,0.0
10538,1661.0,222.93,2.59,1.0,18.0,0.0
10539,1661.0,226.43,2.52,1.0,18.0,0.0
10540,1661.0,229.92,2.46,1.0,18.0,0.0
10541,1661.0,231.06,2.44,1.0,18.0,0.0
10542,1661.0,233.42,2.4,1.0,18.0,0.0
10543,1661.0,236.91,2.34,1.0,18.0,0.0
10544,1661.0,237.44,2.33,1.0,18.0,0.0
10545,1661.0,327.73,1.38,1.0,19.0,0.0
10546,1661.0,450.11,0.675,1.0,21.0,0.0
10547,1661.0,515.03,0.428,1.0,21.0,0.0
10548,1661.0,588.03,0.228,1.0,22.0,0.0
10549,1661.0,586.41,0.231,1.0,22.0,0.0
10550,1661.0,585.58,0.233,1.0,22.0,0.0
10551,1661.0,583.12,0.239,1.0,22.0,0.0
10552,1661.0,582.92,0.239,1.0,22.0,0.0
10553,1661.0,580.67,0.244,1.0,22.0,0.0
10554,1661.0,579.42,0.247,1.0,22.0,0.0
10555,1661.0,578.21,0.25,1.0,22.0,0.0
10556,1661.0,575.93,0.256,1.0,22.0,0.0
10557,1661.0,575.76,0.256,1.0,22.0,0.0
10558,1661.0,573.33,0.262,1.0,22.0,0.0
10559,1661.0,572.43,0.264,1.0,22.0,0.0
10560,1661.0,571.02,0.268,1.0,22.0,0.0
10561,1661.0,568.94,0.273,1.0,22.0,0.0
10562,1661.0,568.87,0.273,1.0,22.0,0.0
10563,1661.0,567.35,0.277,1.0,22.0,0.0
10564,1661.0,565.86,0.281,1.0,22.0,0.0
10565,1661.0,565.44,0.282,1.0,22.0,0.0
10566,1661.0,564.37,0.284,1.0,22.0,0.0
10567,1661.0,562.88,0.288,1.0,22.0,0.0
10568,1661.0,561.95,0.291,1.0,22.0,0.0
10569,1661.0,558.45,0.3,1.0,22.0,0.0
10570,1661.0,557.76,0.302,1.0,22.0,0.0
10571,1661.0,554.96,0.309,1.0,22.0,0.0
10572,1661.0,551.46,0.318,1.0,22.0,0.0
10573,1661.0,549.1,0.325,1.0,22.0,0.0
10574,1661.0,547.97,0.328,1.0,22.0,0.0
10575,1661.0,544.47,0.338,1.0,21.0,0.0
10576,1661.0,540.98,0.348,1.0,21.0,0.0
10577,1661.0,537.48,0.358,1.0,21.0,0.0
10578,1661.0,533.99,0.368,1.0,21.0,0.0
10579,1661.0,531.44,0.376,1.0,21.0,0.0
10580,1661.0,530.49,0.379,1.0,21.0,0.0
10581,1661.0,527.0,0.39,1.0,21.0,0.0
10582,1661.0,523.5,0.401,1.0,21.0,0.0
10583,1661.0,453.6,0.66,1.0,21.0,0.0
10584,1661.0,451.25,0.67,1.0,21.0,0.0
10585,1661.0,450.11,0.675,1.0,21.0,0.0
10586,1661.0,446.61,0.69,1.0,20.0,0.0
10587,1661.0,443.12,0.706,1.0,20.0,0.0
10588,1661.0,299.82,1.61,1.0,19.0,0.0
10589,1661.0,264.87,1.97,1.0,19.0,0.0
10590,1661.0,121.58,17.5,1.0,16.0,0.0
10591,1661.0,2.7475,7940.0,1.0,6.0,0.0
10592,1661.7,72.91,42.9,1.0,14.0,0.0
10593,1661.7,76.142,39.8,1.0,15.0,0.0
10594,1661.7,77.744,38.4,1.0,15.0,0.0
10595,1661.7,79.637,36.8,1.0,15.0,0.0
10596,1661.7,81.93,35.1,1.0,15.0,0.0
10597,1661.7,83.132,34.2,1.0,15.0,0.0
10598,1661.7,86.627,31.8,1.0,15.0,0.0
10599,1661.7,90.122,29.7,1.0,15.0,0.0
10600,1661.7,92.493,28.4,1.0,15.0,0.0
10601,1661.7,93.617,27.8,1.0,15.0,0.0
10602,1661.7,97.112,26.1,1.0,15.0,0.0
10603,1661.7,98.772,25.3,1.0,15.0,0.0
10604,1661.7,100.61,24.5,1.0,15.0,0.0
10605,1661.7,102.06,23.9,1.0,15.0,0.0
10606,1661.7,104.1,23.1,1.0,15.0,0.0
10607,1661.7,105.06,22.7,1.0,15.0,0.0
10608,1661.7,107.6,21.8,1.0,16.0,0.0
10609,1661.7,108.95,21.3,1.0,16.0,0.0
10610,1661.7,111.09,20.6,1.0,16.0,0.0
10611,1661.7,112.83,20.0,1.0,16.0,0.0
10612,1661.7,114.59,19.5,1.0,16.0,0.0
10613,1661.7,116.75,18.8,1.0,16.0,0.0
10614,1661.7,118.08,18.5,1.0,16.0,0.0
10615,1661.7,121.58,17.5,1.0,16.0,0.0
10616,1661.7,124.97,16.7,1.0,16.0,0.0
10617,1661.7,125.07,16.6,1.0,16.0,0.0
10618,1661.7,128.57,15.8,1.0,16.0,0.0
10619,1661.7,132.06,15.1,1.0,16.0,0.0
10620,1661.7,133.19,14.9,1.0,16.0,0.0
10621,1661.7,135.56,14.4,1.0,16.0,0.0
10622,1661.7,139.05,13.7,1.0,16.0,0.0
10623,1661.7,142.55,13.1,1.0,16.0,0.0
10624,1661.7,144.15,12.9,1.0,16.0,0.0
10625,1661.7,146.04,12.5,1.0,16.0,0.0
10626,1661.7,149.54,12.0,1.0,16.0,0.0
10627,1661.7,149.89,11.9,1.0,17.0,0.0
10628,1661.7,153.03,11.5,1.0,17.0,0.0
10629,1661.7,153.87,11.4,1.0,17.0,0.0
10630,1661.7,156.53,11.0,1.0,17.0,0.0
10631,1661.7,160.02,10.4,1.0,17.0,0.0
10632,1661.7,161.99,10.1,1.0,17.0,0.0
10633,1661.7,163.52,9.74,1.0,17.0,0.0
10634,1661.7,167.01,8.77,1.0,17.0,0.0
10635,1661.7,170.51,7.2,1.0,17.0,0.0
10636,1661.7,171.17,6.79,1.0,17.0,0.0
10637,1661.7,174.0,5.47,1.0,17.0,0.0
10638,1661.7,177.5,4.77,1.0,17.0,0.0
10639,1661.7,180.35,4.41,1.0,18.0,0.0
10640,1661.7,180.99,4.34,1.0,18.0,0.0
10641,1661.7,184.49,4.02,1.0,18.0,0.0
10642,1661.7,187.98,3.78,1.0,18.0,0.0
10643,1661.7,188.7,3.73,1.0,18.0,0.0
10644,1661.7,191.48,3.58,1.0,18.0,0.0
10645,1661.7,194.97,3.41,1.0,18.0,0.0
10646,1661.7,196.18,3.36,1.0,18.0,0.0
10647,1661.7,198.47,3.26,1.0,18.0,0.0
10648,1661.7,200.38,3.19,1.0,18.0,0.0
10649,1661.7,201.96,3.14,1.0,18.0,0.0
10650,1661.7,205.46,3.02,1.0,18.0,0.0
10651,1661.7,208.95,2.92,1.0,18.0,0.0
10652,1661.7,212.45,2.83,1.0,18.0,0.0
10653,1661.7,212.84,2.82,1.0,18.0,0.0
10654,1661.7,215.94,2.74,1.0,18.0,0.0
10655,1661.7,219.44,2.67,1.0,18.0,0.0
10656,1661.7,222.32,2.61,1.0,18.0,0.0
10657,1661.7,222.93,2.59,1.0,18.0,0.0
10658,1661.7,226.43,2.53,1.0,18.0,0.0
10659,1661.7,229.92,2.46,1.0,18.0,0.0
10660,1661.7,231.06,2.44,1.0,18.0,0.0
10661,1661.7,233.42,2.4,1.0,18.0,0.0
10662,1661.7,236.91,2.34,1.0,18.0,0.0
10663,1661.7,237.44,2.34,1.0,18.0,0.0
10664,1661.7,327.73,1.39,1.0,19.0,0.0
10665,1661.7,450.11,0.676,1.0,21.0,0.0
10666,1661.7,515.03,0.429,1.0,21.0,0.0
10667,1661.7,588.03,0.228,1.0,22.0,0.0
10668,1661.7,586.41,0.232,1.0,22.0,0.0
10669,1661.7,585.58,0.234,1.0,22.0,0.0
10670,1661.7,583.12,0.24,1.0,22.0,0.0
10671,1661.7,582.92,0.24,1.0,22.0,0.0
10672,1661.7,580.67,0.245,1.0,22.0,0.0
10673,1661.7,579.42,0.248,1.0,22.0,0.0
10674,1661.7,578.21,0.251,1.0,22.0,0.0
10675,1661.7,575.93,0.257,1.0,22.0,0.0
10676,1661.7,575.76,0.257,1.0,22.0,0.0
10677,1661.7,573.33,0.263,1.0,22.0,0.0
10678,1661.7,572.43,0.265,1.0,22.0,0.0
10679,1661.7,571.02,0.268,1.0,22.0,0.0
10680,1661.7,568.94,0.274,1.0,22.0,0.0
10681,1661.7,568.87,0.274,1.0,22.0,0.0
10682,1661.7,567.35,0.278,1.0,22.0,0.0
10683,1661.7,565.86,0.281,1.0,22.0,0.0
10684,1661.7,565.44,0.282,1.0,22.0,0.0
10685,1661.7,564.37,0.285,1.0,22.0,0.0
10686,1661.7,562.88,0.289,1.0,22.0,0.0
10687,1661.7,561.95,0.291,1.0,22.0,0.0
10688,1661.7,558.45,0.301,1.0,22.0,0.0
10689,1661.7,557.76,0.302,1.0,22.0,0.0
10690,1661.7,554.96,0.31,1.0,22.0,0.0
10691,1661.7,551.46,0.319,1.0,22.0,0.0
10692,1661.7,549.1,0.326,1.0,22.0,0.0
10693,1661.7,547.97,0.329,1.0,22.0,0.0
10694,1661.7,544.47,0.339,1.0,21.0,0.0
10695,1661.7,540.98,0.349,1.0,21.0,0.0
10696,1661.7,537.48,0.359,1.0,21.0,0.0
10697,1661.7,533.99,0.369,1.0,21.0,0.0
10698,1661.7,531.44,0.377,1.0,21.0,0.0
10699,1661.7,530.49,0.38,1.0,21.0,0.0
10700,1661.7,527.0,0.391,1.0,21.0,0.0
10701,1661.7,523.5,0.402,1.0,21.0,0.0
10702,1661.7,453.6,0.661,1.0,21.0,0.0
10703,1661.7,451.25,0.671,1.0,21.0,0.0
10704,1661.7,450.11,0.676,1.0,21.0,0.0
10705,1661.7,446.61,0.692,1.0,20.0,0.0
10706,1661.7,443.12,0.708,1.0,20.0,0.0
10707,1661.7,299.82,1.62,1.0,19.0,0.0
10708,1661.7,264.87,1.97,1.0,19.0,0.0
10709,1661.7,121.58,17.5,1.0,16.0,0.0
10710,1661.7,2.7475,7950.0,1.0,6.0,0.0
10711,1681.7,72.91,44.8,1.0,14.0,0.0
10712,1681.7,76.142,41.5,1.0,15.0,0.0
10713,1681.7,77.744,40.1,1.0,15.0,0.0
10714,1681.7,79.637,38.5,1.0,15.0,0.0
10715,1681.7,81.93,36.6,1.0,15.0,0.0
10716,1681.7,83.132,35.7,1.0,15.0,0.0
10717,1681.7,86.627,33.3,1.0,15.0,0.0
10718,1681.7,90.122,31.0,1.0,15.0,0.0
10719,1681.7,92.493,29.7,1.0,15.0,0.0
10720,1681.7,93.617,29.0,1.0,15.0,0.0
10721,1681.7,97.112,27.2,1.0,15.0,0.0
10722,1681.7,98.772,26.4,1.0,15.0,0.0
10723,1681.7,100.61,25.6,1.0,15.0,0.0
10724,1681.7,102.06,25.0,1.0,15.0,0.0
10725,1681.7,104.1,24.1,1.0,15.0,0.0
10726,1681.7,105.06,23.7,1.0,15.0,0.0
10727,1681.7,107.6,22.7,1.0,15.0,0.0
10728,1681.7,108.95,22.2,1.0,16.0,0.0
10729,1681.7,111.09,21.5,1.0,16.0,0.0
10730,1681.7,112.83,20.9,1.0,16.0,0.0
10731,1681.7,114.59,20.3,1.0,16.0,0.0
10732,1681.7,116.75,19.7,1.0,16.0,0.0
10733,1681.7,118.08,19.3,1.0,16.0,0.0
10734,1681.7,121.58,18.3,1.0,16.0,0.0
10735,1681.7,124.97,17.4,1.0,16.0,0.0
10736,1681.7,125.07,17.4,1.0,16.0,0.0
10737,1681.7,128.57,16.5,1.0,16.0,0.0
10738,1681.7,132.06,15.8,1.0,16.0,0.0
10739,1681.7,133.19,15.5,1.0,16.0,0.0
10740,1681.7,135.56,15.0,1.0,16.0,0.0
10741,1681.7,139.05,14.4,1.0,16.0,0.0
10742,1681.7,142.55,13.7,1.0,16.0,0.0
10743,1681.7,144.15,13.4,1.0,16.0,0.0
10744,1681.7,146.04,13.1,1.0,16.0,0.0
10745,1681.7,149.54,12.5,1.0,16.0,0.0
10746,1681.7,149.89,12.5,1.0,16.0,0.0
10747,1681.7,153.03,12.0,1.0,17.0,0.0
10748,1681.7,153.87,11.9,1.0,17.0,0.0
10749,1681.7,156.53,11.5,1.0,17.0,0.0
10750,1681.7,160.02,10.9,1.0,17.0,0.0
10751,1681.7,161.99,10.5,1.0,17.0,0.0
10752,1681.7,163.52,10.2,1.0,17.0,0.0
10753,1681.7,167.01,9.17,1.0,17.0,0.0
10754,1681.7,170.51,7.53,1.0,17.0,0.0
10755,1681.7,171.17,7.11,1.0,17.0,0.0
10756,1681.7,174.0,5.72,1.0,17.0,0.0
10757,1681.7,177.5,4.99,1.0,17.0,0.0
10758,1681.7,180.35,4.61,1.0,18.0,0.0
10759,1681.7,180.99,4.54,1.0,18.0,0.0
10760,1681.7,184.49,4.21,1.0,18.0,0.0
10761,1681.7,187.98,3.95,1.0,18.0,0.0
10762,1681.7,188.7,3.91,1.0,18.0,0.0
10763,1681.7,191.48,3.74,1.0,18.0,0.0
10764,1681.7,194.97,3.57,1.0,18.0,0.0
10765,1681.7,196.18,3.51,1.0,18.0,0.0
10766,1681.7,198.47,3.42,1.0,18.0,0.0
10767,1681.7,200.38,3.34,1.0,18.0,0.0
10768,1681.7,201.96,3.28,1.0,18.0,0.0
10769,1681.7,205.46,3.16,1.0,18.0,0.0
10770,1681.7,208.95,3.06,1.0,18.0,0.0
10771,1681.7,212.45,2.96,1.0,18.0,0.0
10772,1681.7,212.84,2.95,1.0,18.0,0.0
10773,1681.7,215.94,2.87,1.0,18.0,0.0
10774,1681.7,219.44,2.79,1.0,18.0,0.0
10775,1681.7,222.32,2.73,1.0,18.0,0.0
10776,1681.7,222.93,2.72,1.0,18.0,0.0
10777,1681.7,226.43,2.65,1.0,18.0,0.0
10778,1681.7,229.92,2.58,1.0,18.0,0.0
10779,1681.7,231.06,2.56,1.0,18.0,0.0
10780,1681.7,233.42,2.52,1.0,18.0,0.0
10781,1681.7,236.91,2.46,1.0,18.0,0.0
10782,1681.7,237.44,2.45,1.0,18.0,0.0
10783,1681.7,327.73,1.46,1.0,19.0,0.0
10784,1681.7,450.11,0.718,1.0,20.0,0.0
10785,1681.7,515.03,0.46,1.0,21.0,0.0
10786,1681.7,588.03,0.25,1.0,22.0,0.0
10787,1681.7,586.41,0.254,1.0,22.0,0.0
10788,1681.7,585.58,0.256,1.0,22.0,0.0
10789,1681.7,583.12,0.262,1.0,22.0,0.0
10790,1681.7,582.92,0.262,1.0,22.0,0.0
10791,1681.7,580.67,0.268,1.0,22.0,0.0
10792,1681.7,579.42,0.271,1.0,22.0,0.0
10793,1681.7,578.21,0.274,1.0,22.0,0.0
10794,1681.7,575.93,0.28,1.0,22.0,0.0
10795,1681.7,575.76,0.28,1.0,22.0,0.0
10796,1681.7,573.33,0.286,1.0,22.0,0.0
10797,1681.7,572.43,0.289,1.0,22.0,0.0
10798,1681.7,571.02,0.292,1.0,22.0,0.0
10799,1681.7,568.94,0.298,1.0,22.0,0.0
10800,1681.7,568.87,0.298,1.0,22.0,0.0
10801,1681.7,567.35,0.302,1.0,22.0,0.0
10802,1681.7,565.86,0.306,1.0,22.0,0.0
10803,1681.7,565.44,0.307,1.0,22.0,0.0
10804,1681.7,564.37,0.31,1.0,22.0,0.0
10805,1681.7,562.88,0.314,1.0,22.0,0.0
10806,1681.7,561.95,0.316,1.0,22.0,0.0
10807,1681.7,558.45,0.326,1.0,22.0,0.0
10808,1681.7,557.76,0.328,1.0,22.0,0.0
10809,1681.7,554.96,0.336,1.0,22.0,0.0
10810,1681.7,551.46,0.346,1.0,21.0,0.0
10811,1681.7,549.1,0.353,1.0,21.0,0.0
10812,1681.7,547.97,0.356,1.0,21.0,0.0
10813,1681.7,544.47,0.366,1.0,21.0,0.0
10814,1681.7,540.98,0.377,1.0,21.0,0.0
10815,1681.7,537.48,0.387,1.0,21.0,0.0
10816,1681.7,533.99,0.398,1.0,21.0,0.0
10817,1681.7,531.44,0.406,1.0,21.0,0.0
10818,1681.7,530.49,0.409,1.0,21.0,0.0
10819,1681.7,527.0,0.42,1.0,21.0,0.0
10820,1681.7,523.5,0.432,1.0,21.0,0.0
10821,1681.7,453.6,0.703,1.0,20.0,0.0
10822,1681.7,451.25,0.713,1.0,20.0,0.0
10823,1681.7,450.11,0.718,1.0,20.0,0.0
10824,1681.7,446.61,0.735,1.0,20.0,0.0
10825,1681.7,443.12,0.751,1.0,20.0,0.0
10826,1681.7,299.82,1.7,1.0,19.0,0.0
10827,1681.7,264.87,2.06,1.0,19.0,0.0
10828,1681.7,121.58,18.3,1.0,16.0,0.0
10829,1681.7,2.7475,8260.0,1.0,6.0,0.0
10830,1701.7,72.91,46.7,1.0,14.0,0.0
10831,1701.7,76.142,43.3,1.0,14.0,0.0
10832,1701.7,77.744,41.8,1.0,15.0,0.0
10833,1701.7,79.637,40.1,1.0,15.0,0.0
10834,1701.7,81.93,38.2,1.0,15.0,0.0
10835,1701.7,83.132,37.3,1.0,15.0,0.0
10836,1701.7,86.627,34.7,1.0,15.0,0.0
10837,1701.7,90.122,32.4,1.0,15.0,0.0
10838,1701.7,92.493,31.0,1.0,15.0,0.0
10839,1701.7,93.617,30.3,1.0,15.0,0.0
10840,1701.7,97.112,28.4,1.0,15.0,0.0
10841,1701.7,98.772,27.6,1.0,15.0,0.0
10842,1701.7,100.61,26.7,1.0,15.0,0.0
10843,1701.7,102.06,26.1,1.0,15.0,0.0
10844,1701.7,104.1,25.2,1.0,15.0,0.0
10845,1701.7,105.06,24.8,1.0,15.0,0.0
10846,1701.7,107.6,23.7,1.0,15.0,0.0
10847,1701.7,108.95,23.2,1.0,15.0,0.0
10848,1701.7,111.09,22.4,1.0,16.0,0.0
10849,1701.7,112.83,21.8,1.0,16.0,0.0
10850,1701.7,114.59,21.2,1.0,16.0,0.0
10851,1701.7,116.75,20.5,1.0,16.0,0.0
10852,1701.7,118.08,20.1,1.0,16.0,0.0
10853,1701.7,121.58,19.1,1.0,16.0,0.0
10854,1701.7,124.97,18.2,1.0,16.0,0.0
10855,1701.7,125.07,18.2,1.0,16.0,0.0
10856,1701.7,128.57,17.3,1.0,16.0,0.0
10857,1701.7,132.06,16.5,1.0,16.0,0.0
10858,1701.7,133.19,16.2,1.0,16.0,0.0
10859,1701.7,135.56,15.7,1.0,16.0,0.0
10860,1701.7,139.05,15.0,1.0,16.0,0.0
10861,1701.7,142.55,14.3,1.0,16.0,0.0
10862,1701.7,144.15,14.0,1.0,16.0,0.0
10863,1701.7,146.04,13.7,1.0,16.0,0.0
10864,1701.7,149.54,13.1,1.0,16.0,0.0
10865,1701.7,149.89,13.1,1.0,16.0,0.0
10866,1701.7,153.03,12.5,1.0,16.0,0.0
10867,1701.7,153.87,12.4,1.0,16.0,0.0
10868,1701.7,156.53,12.0,1.0,17.0,0.0
10869,1701.7,160.02,11.4,1.0,17.0,0.0
10870,1701.7,161.99,11.0,1.0,17.0,0.0
10871,1701.7,163.52,10.6,1.0,17.0,0.0
10872,1701.7,167.01,9.58,1.0,17.0,0.0
10873,1701.7,170.51,7.86,1.0,17.0,0.0
10874,1701.7,171.17,7.43,1.0,17.0,0.0
10875,1701.7,174.0,5.98,1.0,17.0,0.0
10876,1701.7,177.5,5.22,1.0,17.0,0.0
10877,1701.7,180.35,4.82,1.0,17.0,0.0
10878,1701.7,180.99,4.75,1.0,17.0,0.0
10879,1701.7,184.49,4.4,1.0,18.0,0.0
10880,1701.7,187.98,4.13,1.0,18.0,0.0
10881,1701.7,188.7,4.09,1.0,18.0,0.0
10882,1701.7,191.48,3.92,1.0,18.0,0.0
10883,1701.7,194.97,3.73,1.0,18.0,0.0
10884,1701.7,196.18,3.67,1.0,18.0,0.0
10885,1701.7,198.47,3.57,1.0,18.0,0.0
10886,1701.7,200.38,3.5,1.0,18.0,0.0
10887,1701.7,201.96,3.44,1.0,18.0,0.0
10888,1701.7,205.46,3.31,1.0,18.0,0.0
10889,1701.7,208.95,3.2,1.0,18.0,0.0
10890,1701.7,212.45,3.1,1.0,18.0,0.0
10891,1701.7,212.84,3.09,1.0,18.0,0.0
10892,1701.7,215.94,3.01,1.0,18.0,0.0
10893,1701.7,219.44,2.92,1.0,18.0,0.0
10894,1701.7,222.32,2.86,1.0,18.0,0.0
10895,1701.7,222.93,2.84,1.0,18.0,0.0
10896,1701.7,226.43,2.77,1.0,18.0,0.0
10897,1701.7,229.92,2.7,1.0,18.0,0.0
10898,1701.7,231.06,2.68,1.0,18.0,0.0
10899,1701.7,233.42,2.63,1.0,18.0,0.0
10900,1701.7,236.91,2.57,1.0,18.0,0.0
10901,1701.7,237.44,2.56,1.0,18.0,0.0
10902,1701.7,327.73,1.53,1.0,19.0,0.0
10903,1701.7,450.11,0.762,1.0,20.0,0.0
10904,1701.7,515.03,0.493,1.0,21.0,0.0
10905,1701.7,588.03,0.273,1.0,22.0,0.0
10906,1701.7,586.41,0.277,1.0,22.0,0.0
10907,1701.7,585.58,0.279,1.0,22.0,0.0
10908,1701.7,583.12,0.285,1.0,22.0,0.0
10909,1701.7,582.92,0.286,1.0,22.0,0.0
10910,1701.7,580.67,0.292,1.0,22.0,0.0
10911,1701.7,579.42,0.295,1.0,22.0,0.0
10912,1701.7,578.21,0.298,1.0,22.0,0.0
10913,1701.7,575.93,0.304,1.0,22.0,0.0
10914,1701.7,575.76,0.305,1.0,22.0,0.0
10915,1701.7,573.33,0.311,1.0,22.0,0.0
10916,1701.7,572.43,0.314,1.0,22.0,0.0
10917,1701.7,571.02,0.317,1.0,22.0,0.0
10918,1701.7,568.94,0.323,1.0,22.0,0.0
10919,1701.7,568.87,0.323,1.0,22.0,0.0
10920,1701.7,567.35,0.327,1.0,22.0,0.0
10921,1701.7,565.86,0.332,1.0,22.0,0.0
10922,1701.7,565.44,0.333,1.0,22.0,0.0
10923,1701.7,564.37,0.336,1.0,22.0,0.0
10924,1701.7,562.88,0.34,1.0,22.0,0.0
10925,1701.7,561.95,0.343,1.0,21.0,0.0
10926,1701.7,558.45,0.353,1.0,21.0,0.0
10927,1701.7,557.76,0.355,1.0,21.0,0.0
10928,1701.7,554.96,0.363,1.0,21.0,0.0
10929,1701.7,551.46,0.373,1.0,21.0,0.0
10930,1701.7,549.1,0.381,1.0,21.0,0.0
10931,1701.7,547.97,0.384,1.0,21.0,0.0
10932,1701.7,544.47,0.395,1.0,21.0,0.0
10933,1701.7,540.98,0.406,1.0,21.0,0.0
10934,1701.7,537.48,0.417,1.0,21.0,0.0
10935,1701.7,533.99,0.428,1.0,21.0,0.0
10936,1701.7,531.44,0.437,1.0,21.0,0.0
10937,1701.7,530.49,0.44,1.0,21.0,0.0
10938,1701.7,527.0,0.451,1.0,21.0,0.0
10939,1701.7,523.5,0.463,1.0,21.0,0.0
10940,1701.7,453.6,0.746,1.0,20.0,0.0
10941,1701.7,451.25,0.757,1.0,20.0,0.0
10942,1701.7,450.11,0.762,1.0,20.0,0.0
10943,1701.7,446.61,0.779,1.0,20.0,0.0
10944,1701.7,443.12,0.796,1.0,20.0,0.0
10945,1701.7,299.82,1.78,1.0,19.0,0.0
10946,1701.7,264.87,2.16,1.0,19.0,0.0
10947,1701.7,121.58,19.1,1.0,16.0,0.0
10948,1701.7,2.7475,8580.0,1.0,6.0,0.0
10949,1707.3,72.91,47.2,1.0,14.0,0.0
10950,1707.3,76.142,43.9,1.0,14.0,0.0
10951,1707.3,77.744,42.3,1.0,15.0,0.0
10952,1707.3,79.637,40.6,1.0,15.0,0.0
10953,1707.3,81.93,38.7,1.0,15.0,0.0
10954,1707.3,83.132,37.7,1.0,15.0,0.0
10955,1707.3,86.627,35.1,1.0,15.0,0.0
10956,1707.3,90.122,32.8,1.0,15.0,0.0
10957,1707.3,92.493,31.3,1.0,15.0,0.0
10958,1707.3,93.617,30.7,1.0,15.0,0.0
10959,1707.3,97.112,28.8,1.0,15.0,0.0
10960,1707.3,98.772,27.9,1.0,15.0,0.0
10961,1707.3,100.61,27.0,1.0,15.0,0.0
10962,1707.3,102.06,26.4,1.0,15.0,0.0
10963,1707.3,104.1,25.5,1.0,15.0,0.0
10964,1707.3,105.06,25.1,1.0,15.0,0.0
10965,1707.3,107.6,24.0,1.0,15.0,0.0
10966,1707.3,108.95,23.5,1.0,15.0,0.0
10967,1707.3,111.09,22.7,1.0,16.0,0.0
10968,1707.3,112.83,22.1,1.0,16.0,0.0
10969,1707.3,114.59,21.5,1.0,16.0,0.0
10970,1707.3,116.75,20.8,1.0,16.0,0.0
10971,1707.3,118.08,20.4,1.0,16.0,0.0
10972,1707.3,121.58,19.3,1.0,16.0,0.0
10973,1707.3,124.97,18.4,1.0,16.0,0.0
10974,1707.3,125.07,18.4,1.0,16.0,0.0
10975,1707.3,128.57,17.5,1.0,16.0,0.0
10976,1707.3,132.06,16.7,1.0,16.0,0.0
10977,1707.3,133.19,16.4,1.0,16.0,0.0
10978,1707.3,135.56,15.9,1.0,16.0,0.0
10979,1707.3,139.05,15.2,1.0,16.0,0.0
10980,1707.3,142.55,14.5,1.0,16.0,0.0
10981,1707.3,144.15,14.2,1.0,16.0,0.0
10982,1707.3,146.04,13.9,1.0,16.0,0.0
10983,1707.3,149.54,13.3,1.0,16.0,0.0
10984,1707.3,149.89,13.2,1.0,16.0,0.0
10985,1707.3,153.03,12.7,1.0,16.0,0.0
10986,1707.3,153.87,12.6,1.0,16.0,0.0
10987,1707.3,156.53,12.1,1.0,17.0,0.0
10988,1707.3,160.02,11.5,1.0,17.0,0.0
10989,1707.3,161.99,11.1,1.0,17.0,0.0
10990,1707.3,163.52,10.8,1.0,17.0,0.0
10991,1707.3,167.01,9.7,1.0,17.0,0.0
10992,1707.3,170.51,7.96,1.0,17.0,0.0
10993,1707.3,171.17,7.52,1.0,17.0,0.0
10994,1707.3,174.0,6.05,1.0,17.0,0.0
10995,1707.3,177.5,5.29,1.0,17.0,0.0
10996,1707.3,180.35,4.88,1.0,17.0,0.0
10997,1707.3,180.99,4.81,1.0,17.0,0.0
10998,1707.3,184.49,4.46,1.0,18.0,0.0
10999,1707.3,187.98,4.19,1.0,18.0,0.0
11000,1707.3,188.7,4.14,1.0,18.0,0.0
11001,1707.3,191.48,3.96,1.0,18.0,0.0
11002,1707.3,194.97,3.78,1.0,18.0,0.0
11003,1707.3,196.18,3.72,1.0,18.0,0.0
11004,1707.3,198.47,3.62,1.0,18.0,0.0
11005,1707.3,200.38,3.54,1.0,18.0,0.0
11006,1707.3,201.96,3.48,1.0,18.0,0.0
11007,1707.3,205.46,3.35,1.0,18.0,0.0
11008,1707.3,208.95,3.24,1.0,18.0,0.0
11009,1707.3,212.45,3.14,1.0,18.0,0.0
11010,1707.3,212.84,3.13,1.0,18.0,0.0
11011,1707.3,215.94,3.05,1.0,18.0,0.0
11012,1707.3,219.44,2.96,1.0,18.0,0.0
11013,1707.3,222.32,2.89,1.0,18.0,0.0
11014,1707.3,222.93,2.88,1.0,18.0,0.0
11015,1707.3,226.43,2.8,1.0,18.0,0.0
11016,1707.3,229.92,2.73,1.0,18.0,0.0
11017,1707.3,231.06,2.71,1.0,18.0,0.0
11018,1707.3,233.42,2.67,1.0,18.0,0.0
11019,1707.3,236.91,2.6,1.0,18.0,0.0
11020,1707.3,237.44,2.6,1.0,18.0,0.0
11021,1707.3,327.73,1.55,1.0,19.0,0.0
11022,1707.3,450.11,0.775,1.0,20.0,0.0
11023,1707.3,515.03,0.502,1.0,21.0,0.0
11024,1707.3,588.03,0.28,1.0,22.0,0.0
11025,1707.3,586.41,0.284,1.0,22.0,0.0
11026,1707.3,585.58,0.286,1.0,22.0,0.0
11027,1707.3,583.12,0.292,1.0,22.0,0.0
11028,1707.3,582.92,0.293,1.0,22.0,0.0
11029,1707.3,580.67,0.299,1.0,22.0,0.0
11030,1707.3,579.42,0.302,1.0,22.0,0.0
11031,1707.3,578.21,0.305,1.0,22.0,0.0
11032,1707.3,575.93,0.311,1.0,22.0,0.0
11033,1707.3,575.76,0.312,1.0,22.0,0.0
11034,1707.3,573.33,0.318,1.0,22.0,0.0
11035,1707.3,572.43,0.321,1.0,22.0,0.0
11036,1707.3,571.02,0.325,1.0,22.0,0.0
11037,1707.3,568.94,0.33,1.0,22.0,0.0
11038,1707.3,568.87,0.331,1.0,22.0,0.0
11039,1707.3,567.35,0.335,1.0,22.0,0.0
11040,1707.3,565.86,0.339,1.0,22.0,0.0
11041,1707.3,565.44,0.34,1.0,22.0,0.0
11042,1707.3,564.37,0.343,1.0,21.0,0.0
11043,1707.3,562.88,0.348,1.0,21.0,0.0
11044,1707.3,561.95,0.35,1.0,21.0,0.0
11045,1707.3,558.45,0.36,1.0,21.0,0.0
11046,1707.3,557.76,0.362,1.0,21.0,0.0
11047,1707.3,554.96,0.371,1.0,21.0,0.0
11048,1707.3,551.46,0.381,1.0,21.0,0.0
11049,1707.3,549.1,0.389,1.0,21.0,0.0
11050,1707.3,547.97,0.392,1.0,21.0,0.0
11051,1707.3,544.47,0.403,1.0,21.0,0.0
11052,1707.3,540.98,0.414,1.0,21.0,0.0
11053,1707.3,537.48,0.425,1.0,21.0,0.0
11054,1707.3,533.99,0.437,1.0,21.0,0.0
11055,1707.3,531.44,0.445,1.0,21.0,0.0
11056,1707.3,530.49,0.448,1.0,21.0,0.0
11057,1707.3,527.0,0.46,1.0,21.0,0.0
11058,1707.3,523.5,0.472,1.0,21.0,0.0
11059,1707.3,453.6,0.758,1.0,20.0,0.0
11060,1707.3,451.25,0.769,1.0,20.0,0.0
11061,1707.3,450.11,0.775,1.0,20.0,0.0
11062,1707.3,446.61,0.792,1.0,20.0,0.0
11063,1707.3,443.12,0.809,1.0,20.0,0.0
11064,1707.3,299.82,1.8,1.0,19.0,0.0
11065,1707.3,264.87,2.19,1.0,19.0,0.0
11066,1707.3,121.58,19.3,1.0,16.0,0.0
11067,1707.3,2.7475,8670.0,1.0,6.0,0.0
11068,1721.7,72.91,48.7,1.0,14.0,0.0
11069,1721.7,76.142,45.2,1.0,14.0,0.0
11070,1721.7,77.744,43.6,1.0,14.0,0.0
11071,1721.7,79.637,41.8,1.0,15.0,0.0
11072,1721.7,81.93,39.8,1.0,15.0,0.0
11073,1721.7,83.132,38.9,1.0,15.0,0.0
11074,1721.7,86.627,36.2,1.0,15.0,0.0
11075,1721.7,90.122,33.8,1.0,15.0,0.0
11076,1721.7,92.493,32.3,1.0,15.0,0.0
11077,1721.7,93.617,31.6,1.0,15.0,0.0
11078,1721.7,97.112,29.7,1.0,15.0,0.0
11079,1721.7,98.772,28.8,1.0,15.0,0.0
11080,1721.7,100.61,27.9,1.0,15.0,0.0
11081,1721.7,102.06,27.2,1.0,15.0,0.0
11082,1721.7,104.1,26.3,1.0,15.0,0.0
11083,1721.7,105.06,25.8,1.0,15.0,0.0
11084,1721.7,107.6,24.8,1.0,15.0,0.0
11085,1721.7,108.95,24.2,1.0,15.0,0.0
11086,1721.7,111.09,23.4,1.0,15.0,0.0
11087,1721.7,112.83,22.8,1.0,16.0,0.0
11088,1721.7,114.59,22.2,1.0,16.0,0.0
11089,1721.7,116.75,21.4,1.0,16.0,0.0
11090,1721.7,118.08,21.0,1.0,16.0,0.0
11091,1721.7,121.58,19.9,1.0,16.0,0.0
11092,1721.7,124.97,19.0,1.0,16.0,0.0
11093,1721.7,125.07,19.0,1.0,16.0,0.0
11094,1721.7,128.57,18.0,1.0,16.0,0.0
11095,1721.7,132.06,17.2,1.0,16.0,0.0
11096,1721.7,133.19,16.9,1.0,16.0,0.0
11097,1721.7,135.56,16.4,1.0,16.0,0.0
11098,1721.7,139.05,15.7,1.0,16.0,0.0
11099,1721.7,142.55,15.0,1.0,16.0,0.0
11100,1721.7,144.15,14.7,1.0,16.0,0.0
11101,1721.7,146.04,14.3,1.0,16.0,0.0
11102,1721.7,149.54,13.7,1.0,16.0,0.0
11103,1721.7,149.89,13.6,1.0,16.0,0.0
11104,1721.7,153.03,13.1,1.0,16.0,0.0
11105,1721.7,153.87,13.0,1.0,16.0,0.0
11106,1721.7,156.53,12.5,1.0,17.0,0.0
11107,1721.7,160.02,11.9,1.0,17.0,0.0
11108,1721.7,161.99,11.5,1.0,17.0,0.0
11109,1721.7,163.52,11.1,1.0,17.0,0.0
11110,1721.7,167.01,10.0,1.0,17.0,0.0
11111,1721.7,170.51,8.22,1.0,17.0,0.0
11112,1721.7,171.17,7.76,1.0,17.0,0.0
11113,1721.7,174.0,6.25,1.0,17.0,0.0
11114,1721.7,177.5,5.46,1.0,17.0,0.0
11115,1721.7,180.35,5.04,1.0,17.0,0.0
11116,1721.7,180.99,4.96,1.0,17.0,0.0
11117,1721.7,184.49,4.6,1.0,18.0,0.0
11118,1721.7,187.98,4.32,1.0,18.0,0.0
11119,1721.7,188.7,4.27,1.0,18.0,0.0
11120,1721.7,191.48,4.09,1.0,18.0,0.0
11121,1721.7,194.97,3.9,1.0,18.0,0.0
11122,1721.7,196.18,3.84,1.0,18.0,0.0
11123,1721.7,198.47,3.74,1.0,18.0,0.0
11124,1721.7,200.38,3.66,1.0,18.0,0.0
11125,1721.7,201.96,3.59,1.0,18.0,0.0
11126,1721.7,205.46,3.46,1.0,18.0,0.0
11127,1721.7,208.95,3.35,1.0,18.0,0.0
11128,1721.7,212.45,3.24,1.0,18.0,0.0
11129,1721.7,212.84,3.23,1.0,18.0,0.0
11130,1721.7,215.94,3.15,1.0,18.0,0.0
11131,1721.7,219.44,3.06,1.0,18.0,0.0
11132,1721.7,222.32,2.99,1.0,18.0,0.0
11133,1721.7,222.93,2.97,1.0,18.0,0.0
11134,1721.7,226.43,2.9,1.0,18.0,0.0
11135,1721.7,229.92,2.82,1.0,18.0,0.0
11136,1721.7,231.06,2.8,1.0,18.0,0.0
11137,1721.7,233.42,2.76,1.0,18.0,0.0
11138,1721.7,236.91,2.69,1.0,18.0,0.0
11139,1721.7,237.44,2.68,1.0,18.0,0.0
11140,1721.7,327.73,1.61,1.0,19.0,0.0
11141,1721.7,450.11,0.807,1.0,20.0,0.0
11142,1721.7,515.03,0.527,1.0,21.0,0.0
11143,1721.7,588.03,0.297,1.0,22.0,0.0
11144,1721.7,586.41,0.301,1.0,22.0,0.0
11145,1721.7,585.58,0.304,1.0,22.0,0.0
11146,1721.7,583.12,0.31,1.0,22.0,0.0
11147,1721.7,582.92,0.311,1.0,22.0,0.0
11148,1721.7,580.67,0.317,1.0,22.0,0.0
11149,1721.7,579.42,0.32,1.0,22.0,0.0
11150,1721.7,578.21,0.323,1.0,22.0,0.0
11151,1721.7,575.93,0.33,1.0,22.0,0.0
11152,1721.7,575.76,0.33,1.0,22.0,0.0
11153,1721.7,573.33,0.337,1.0,22.0,0.0
11154,1721.7,572.43,0.34,1.0,22.0,0.0
11155,1721.7,571.02,0.344,1.0,22.0,0.0
11156,1721.7,568.94,0.35,1.0,21.0,0.0
11157,1721.7,568.87,0.35,1.0,21.0,0.0
11158,1721.7,567.35,0.354,1.0,21.0,0.0
11159,1721.7,565.86,0.359,1.0,21.0,0.0
11160,1721.7,565.44,0.36,1.0,21.0,0.0
11161,1721.7,564.37,0.363,1.0,21.0,0.0
11162,1721.7,562.88,0.367,1.0,21.0,0.0
11163,1721.7,561.95,0.37,1.0,21.0,0.0
11164,1721.7,558.45,0.381,1.0,21.0,0.0
11165,1721.7,557.76,0.383,1.0,21.0,0.0
11166,1721.7,554.96,0.391,1.0,21.0,0.0
11167,1721.7,551.46,0.402,1.0,21.0,0.0
11168,1721.7,549.1,0.41,1.0,21.0,0.0
11169,1721.7,547.97,0.413,1.0,21.0,0.0
11170,1721.7,544.47,0.425,1.0,21.0,0.0
11171,1721.7,540.98,0.436,1.0,21.0,0.0
11172,1721.7,537.48,0.448,1.0,21.0,0.0
11173,1721.7,533.99,0.459,1.0,21.0,0.0
11174,1721.7,531.44,0.468,1.0,21.0,0.0
11175,1721.7,530.49,0.472,1.0,21.0,0.0
11176,1721.7,527.0,0.484,1.0,21.0,0.0
11177,1721.7,523.5,0.496,1.0,21.0,0.0
11178,1721.7,453.6,0.79,1.0,20.0,0.0
11179,1721.7,451.25,0.802,1.0,20.0,0.0
11180,1721.7,450.11,0.807,1.0,20.0,0.0
11181,1721.7,446.61,0.825,1.0,20.0,0.0
11182,1721.7,443.12,0.843,1.0,20.0,0.0
11183,1721.7,299.82,1.87,1.0,19.0,0.0
11184,1721.7,264.87,2.26,1.0,19.0,0.0
11185,1721.7,121.58,19.9,1.0,16.0,0.0
11186,1721.7,2.7475,8910.0,1.0,6.0,0.0
11187,1741.7,72.91,50.7,1.0,14.0,0.0
11188,1741.7,76.142,47.1,1.0,14.0,0.0
11189,1741.7,77.744,45.4,1.0,14.0,0.0
11190,1741.7,79.637,43.6,1.0,15.0,0.0
11191,1741.7,81.93,41.5,1.0,15.0,0.0
11192,1741.7,83.132,40.5,1.0,15.0,0.0
11193,1741.7,86.627,37.7,1.0,15.0,0.0
11194,1741.7,90.122,35.2,1.0,15.0,0.0
11195,1741.7,92.493,33.7,1.0,15.0,0.0
11196,1741.7,93.617,33.0,1.0,15.0,0.0
11197,1741.7,97.112,30.9,1.0,15.0,0.0
11198,1741.7,98.772,30.0,1.0,15.0,0.0
11199,1741.7,100.61,29.1,1.0,15.0,0.0
11200,1741.7,102.06,28.4,1.0,15.0,0.0
11201,1741.7,104.1,27.4,1.0,15.0,0.0
11202,1741.7,105.06,26.9,1.0,15.0,0.0
11203,1741.7,107.6,25.8,1.0,15.0,0.0
11204,1741.7,108.95,25.3,1.0,15.0,0.0
11205,1741.7,111.09,24.4,1.0,15.0,0.0
11206,1741.7,112.83,23.8,1.0,15.0,0.0
11207,1741.7,114.59,23.1,1.0,16.0,0.0
11208,1741.7,116.75,22.4,1.0,16.0,0.0
11209,1741.7,118.08,21.9,1.0,16.0,0.0
11210,1741.7,121.58,20.8,1.0,16.0,0.0
11211,1741.7,124.97,19.8,1.0,16.0,0.0
11212,1741.7,125.07,19.8,1.0,16.0,0.0
11213,1741.7,128.57,18.8,1.0,16.0,0.0
11214,1741.7,132.06,17.9,1.0,16.0,0.0
11215,1741.7,133.19,17.7,1.0,16.0,0.0
11216,1741.7,135.56,17.1,1.0,16.0,0.0
11217,1741.7,139.05,16.3,1.0,16.0,0.0
11218,1741.7,142.55,15.6,1.0,16.0,0.0
11219,1741.7,144.15,15.3,1.0,16.0,0.0
11220,1741.7,146.04,14.9,1.0,16.0,0.0
11221,1741.7,149.54,14.3,1.0,16.0,0.0
11222,1741.7,149.89,14.2,1.0,16.0,0.0
11223,1741.7,153.03,13.7,1.0,16.0,0.0
11224,1741.7,153.87,13.5,1.0,16.0,0.0
11225,1741.7,156.53,13.1,1.0,16.0,0.0
11226,1741.7,160.02,12.4,1.0,17.0,0.0
11227,1741.7,161.99,12.0,1.0,17.0,0.0
11228,1741.7,163.52,11.6,1.0,17.0,0.0
11229,1741.7,167.01,10.4,1.0,17.0,0.0
11230,1741.7,170.51,8.58,1.0,17.0,0.0
11231,1741.7,171.17,8.1,1.0,17.0,0.0
11232,1741.7,174.0,6.53,1.0,17.0,0.0
11233,1741.7,177.5,5.7,1.0,17.0,0.0
11234,1741.7,180.35,5.27,1.0,17.0,0.0
11235,1741.7,180.99,5.18,1.0,17.0,0.0
11236,1741.7,184.49,4.81,1.0,17.0,0.0
11237,1741.7,187.98,4.52,1.0,18.0,0.0
11238,1741.7,188.7,4.46,1.0,18.0,0.0
11239,1741.7,191.48,4.28,1.0,18.0,0.0
11240,1741.7,194.97,4.08,1.0,18.0,0.0
11241,1741.7,196.18,4.02,1.0,18.0,0.0
11242,1741.7,198.47,3.9,1.0,18.0,0.0
11243,1741.7,200.38,3.82,1.0,18.0,0.0
11244,1741.7,201.96,3.75,1.0,18.0,0.0
11245,1741.7,205.46,3.62,1.0,18.0,0.0
11246,1741.7,208.95,3.5,1.0,18.0,0.0
11247,1741.7,212.45,3.39,1.0,18.0,0.0
11248,1741.7,212.84,3.38,1.0,18.0,0.0
11249,1741.7,215.94,3.29,1.0,18.0,0.0
11250,1741.7,219.44,3.2,1.0,18.0,0.0
11251,1741.7,222.32,3.12,1.0,18.0,0.0
11252,1741.7,222.93,3.11,1.0,18.0,0.0
11253,1741.7,226.43,3.03,1.0,18.0,0.0
11254,1741.7,229.92,2.95,1.0,18.0,0.0
11255,1741.7,231.06,2.93,1.0,18.0,0.0
11256,1741.7,233.42,2.88,1.0,18.0,0.0
11257,1741.7,236.91,2.81,1.0,18.0,0.0
11258,1741.7,237.44,2.8,1.0,18.0,0.0
11259,1741.7,327.73,1.69,1.0,19.0,0.0
11260,1741.7,450.11,0.854,1.0,20.0,0.0
11261,1741.7,515.03,0.563,1.0,21.0,0.0
11262,1741.7,588.03,0.322,1.0,22.0,0.0
11263,1741.7,586.41,0.327,1.0,22.0,0.0
11264,1741.7,585.58,0.329,1.0,22.0,0.0
11265,1741.7,583.12,0.336,1.0,22.0,0.0
11266,1741.7,582.92,0.336,1.0,22.0,0.0
11267,1741.7,580.67,0.343,1.0,22.0,0.0
11268,1741.7,579.42,0.346,1.0,22.0,0.0
11269,1741.7,578.21,0.35,1.0,21.0,0.0
11270,1741.7,575.93,0.357,1.0,21.0,0.0
11271,1741.7,575.76,0.357,1.0,21.0,0.0
11272,1741.7,573.33,0.364,1.0,21.0,0.0
11273,1741.7,572.43,0.367,1.0,21.0,0.0
11274,1741.7,571.02,0.371,1.0,21.0,0.0
11275,1741.7,568.94,0.377,1.0,21.0,0.0
11276,1741.7,568.87,0.378,1.0,21.0,0.0
11277,1741.7,567.35,0.382,1.0,21.0,0.0
11278,1741.7,565.86,0.387,1.0,21.0,0.0
11279,1741.7,565.44,0.388,1.0,21.0,0.0
11280,1741.7,564.37,0.391,1.0,21.0,0.0
11281,1741.7,562.88,0.396,1.0,21.0,0.0
11282,1741.7,561.95,0.399,1.0,21.0,0.0
11283,1741.7,558.45,0.41,1.0,21.0,0.0
11284,1741.7,557.76,0.412,1.0,21.0,0.0
11285,1741.7,554.96,0.421,1.0,21.0,0.0
11286,1741.7,551.46,0.432,1.0,21.0,0.0
11287,1741.7,549.1,0.44,1.0,21.0,0.0
11288,1741.7,547.97,0.444,1.0,21.0,0.0
11289,1741.7,544.47,0.456,1.0,21.0,0.0
11290,1741.7,540.98,0.468,1.0,21.0,0.0
11291,1741.7,537.48,0.48,1.0,21.0,0.0
11292,1741.7,533.99,0.492,1.0,21.0,0.0
11293,1741.7,531.44,0.501,1.0,21.0,0.0
11294,1741.7,530.49,0.505,1.0,21.0,0.0
11295,1741.7,527.0,0.517,1.0,21.0,0.0
11296,1741.7,523.5,0.53,1.0,21.0,0.0
11297,1741.7,453.6,0.837,1.0,20.0,0.0
11298,1741.7,451.25,0.849,1.0,20.0,0.0
11299,1741.7,450.11,0.854,1.0,20.0,0.0
11300,1741.7,446.61,0.873,1.0,20.0,0.0
11301,1741.7,443.12,0.891,1.0,20.0,0.0
11302,1741.7,299.82,1.95,1.0,19.0,0.0
11303,1741.7,264.87,2.37,1.0,19.0,0.0
11304,1741.7,121.58,20.8,1.0,16.0,0.0
11305,1741.7,2.7475,9250.0,1.0,5.0,0.0
11306,1745.4,72.91,51.1,1.0,14.0,0.0
11307,1745.4,76.142,47.5,1.0,14.0,0.0
11308,1745.4,77.744,45.8,1.0,14.0,0.0
11309,1745.4,79.637,43.9,1.0,15.0,0.0
11310,1745.4,81.93,41.8,1.0,15.0,0.0
11311,1745.4,83.132,40.8,1.0,15.0,0.0
11312,1745.4,86.627,38.0,1.0,15.0,0.0
11313,1745.4,90.122,35.5,1.0,15.0,0.0
11314,1745.4,92.493,33.9,1.0,15.0,0.0
11315,1745.4,93.617,33.2,1.0,15.0,0.0
11316,1745.4,97.112,31.2,1.0,15.0,0.0
11317,1745.4,98.772,30.3,1.0,15.0,0.0
11318,1745.4,100.61,29.3,1.0,15.0,0.0
11319,1745.4,102.06,28.6,1.0,15.0,0.0
11320,1745.4,104.1,27.6,1.0,15.0,0.0
11321,1745.4,105.06,27.2,1.0,15.0,0.0
11322,1745.4,107.6,26.0,1.0,15.0,0.0
11323,1745.4,108.95,25.5,1.0,15.0,0.0
11324,1745.4,111.09,24.6,1.0,15.0,0.0
11325,1745.4,112.83,23.9,1.0,15.0,0.0
11326,1745.4,114.59,23.3,1.0,16.0,0.0
11327,1745.4,116.75,22.5,1.0,16.0,0.0
11328,1745.4,118.08,22.1,1.0,16.0,0.0
11329,1745.4,121.58,21.0,1.0,16.0,0.0
11330,1745.4,124.97,20.0,1.0,16.0,0.0
11331,1745.4,125.07,19.9,1.0,16.0,0.0
11332,1745.4,128.57,19.0,1.0,16.0,0.0
11333,1745.4,132.06,18.1,1.0,16.0,0.0
11334,1745.4,133.19,17.8,1.0,16.0,0.0
11335,1745.4,135.56,17.2,1.0,16.0,0.0
11336,1745.4,139.05,16.5,1.0,16.0,0.0
11337,1745.4,142.55,15.7,1.0,16.0,0.0
11338,1745.4,144.15,15.4,1.0,16.0,0.0
11339,1745.4,146.04,15.1,1.0,16.0,0.0
11340,1745.4,149.54,14.4,1.0,16.0,0.0
11341,1745.4,149.89,14.3,1.0,16.0,0.0
11342,1745.4,153.03,13.8,1.0,16.0,0.0
11343,1745.4,153.87,13.6,1.0,16.0,0.0
11344,1745.4,156.53,13.2,1.0,16.0,0.0
11345,1745.4,160.02,12.5,1.0,17.0,0.0
11346,1745.4,161.99,12.1,1.0,17.0,0.0
11347,1745.4,163.52,11.7,1.0,17.0,0.0
11348,1745.4,167.01,10.5,1.0,17.0,0.0
11349,1745.4,170.51,8.65,1.0,17.0,0.0
11350,1745.4,171.17,8.17,1.0,17.0,0.0
11351,1745.4,174.0,6.58,1.0,17.0,0.0
11352,1745.4,177.5,5.75,1.0,17.0,0.0
11353,1745.4,180.35,5.31,1.0,17.0,0.0
11354,1745.4,180.99,5.23,1.0,17.0,0.0
11355,1745.4,184.49,4.85,1.0,17.0,0.0
11356,1745.4,187.98,4.55,1.0,18.0,0.0
11357,1745.4,188.7,4.5,1.0,18.0,0.0
11358,1745.4,191.48,4.31,1.0,18.0,0.0
11359,1745.4,194.97,4.11,1.0,18.0,0.0
11360,1745.4,196.18,4.05,1.0,18.0,0.0
11361,1745.4,198.47,3.94,1.0,18.0,0.0
11362,1745.4,200.38,3.85,1.0,18.0,0.0
11363,1745.4,201.96,3.78,1.0,18.0,0.0
11364,1745.4,205.46,3.65,1.0,18.0,0.0
11365,1745.4,208.95,3.53,1.0,18.0,0.0
11366,1745.4,212.45,3.42,1.0,18.0,0.0
11367,1745.4,212.84,3.41,1.0,18.0,0.0
11368,1745.4,215.94,3.32,1.0,18.0,0.0
11369,1745.4,219.44,3.22,1.0,18.0,0.0
11370,1745.4,222.32,3.15,1.0,18.0,0.0
11371,1745.4,222.93,3.14,1.0,18.0,0.0
11372,1745.4,226.43,3.05,1.0,18.0,0.0
11373,1745.4,229.92,2.98,1.0,18.0,0.0
11374,1745.4,231.06,2.95,1.0,18.0,0.0
11375,1745.4,233.42,2.91,1.0,18.0,0.0
11376,1745.4,236.91,2.84,1.0,18.0,0.0
11377,1745.4,237.44,2.83,1.0,18.0,0.0
11378,1745.4,327.73,1.7,1.0,19.0,0.0
11379,1745.4,450.11,0.863,1.0,20.0,0.0
11380,1745.4,515.03,0.569,1.0,21.0,0.0
11381,1745.4,588.03,0.327,1.0,22.0,0.0
11382,1745.4,586.41,0.332,1.0,22.0,0.0
11383,1745.4,585.58,0.334,1.0,22.0,0.0
11384,1745.4,583.12,0.341,1.0,22.0,0.0
11385,1745.4,582.92,0.341,1.0,22.0,0.0
11386,1745.4,580.67,0.348,1.0,22.0,0.0
11387,1745.4,579.42,0.351,1.0,21.0,0.0
11388,1745.4,578.21,0.355,1.0,21.0,0.0
11389,1745.4,575.93,0.362,1.0,21.0,0.0
11390,1745.4,575.76,0.362,1.0,21.0,0.0
11391,1745.4,573.33,0.369,1.0,21.0,0.0
11392,1745.4,572.43,0.372,1.0,21.0,0.0
11393,1745.4,571.02,0.376,1.0,21.0,0.0
11394,1745.4,568.94,0.383,1.0,21.0,0.0
11395,1745.4,568.87,0.383,1.0,21.0,0.0
11396,1745.4,567.35,0.387,1.0,21.0,0.0
11397,1745.4,565.86,0.392,1.0,21.0,0.0
11398,1745.4,565.44,0.393,1.0,21.0,0.0
11399,1745.4,564.37,0.397,1.0,21.0,0.0
11400,1745.4,562.88,0.401,1.0,21.0,0.0
11401,1745.4,561.95,0.404,1.0,21.0,0.0
11402,1745.4,558.45,0.415,1.0,21.0,0.0
11403,1745.4,557.76,0.418,1.0,21.0,0.0
11404,1745.4,554.96,0.427,1.0,21.0,0.0
11405,1745.4,551.46,0.438,1.0,21.0,0.0
11406,1745.4,549.1,0.446,1.0,21.0,0.0
11407,1745.4,547.97,0.45,1.0,21.0,0.0
11408,1745.4,544.47,0.462,1.0,21.0,0.0
11409,1745.4,540.98,0.474,1.0,21.0,0.0
11410,1745.4,537.48,0.486,1.0,21.0,0.0
11411,1745.4,533.99,0.498,1.0,21.0,0.0
11412,1745.4,531.44,0.508,1.0,21.0,0.0
11413,1745.4,530.49,0.511,1.0,21.0,0.0
11414,1745.4,527.0,0.524,1.0,21.0,0.0
11415,1745.4,523.5,0.537,1.0,21.0,0.0
11416,1745.4,453.6,0.845,1.0,20.0,0.0
11417,1745.4,451.25,0.857,1.0,20.0,0.0
11418,1745.4,450.11,0.863,1.0,20.0,0.0
11419,1745.4,446.61,0.882,1.0,20.0,0.0
11420,1745.4,443.12,0.9,1.0,20.0,0.0
11421,1745.4,299.82,1.97,1.0,19.0,0.0
11422,1745.4,264.87,2.39,1.0,19.0,0.0
11423,1745.4,121.58,21.0,1.0,16.0,0.0
11424,1745.4,2.7475,9320.0,1.0,5.0,0.0
11425,1759.0,72.91,52.6,1.0,14.0,0.0
11426,1759.0,76.142,48.8,1.0,14.0,0.0
11427,1759.0,77.744,47.1,1.0,14.0,0.0
11428,1759.0,79.637,45.2,1.0,14.0,0.0
11429,1759.0,81.93,43.0,1.0,15.0,0.0
11430,1759.0,83.132,42.0,1.0,15.0,0.0
11431,1759.0,86.627,39.1,1.0,15.0,0.0
11432,1759.0,90.122,36.5,1.0,15.0,0.0
11433,1759.0,92.493,34.9,1.0,15.0,0.0
11434,1759.0,93.617,34.2,1.0,15.0,0.0
11435,1759.0,97.112,32.1,1.0,15.0,0.0
11436,1759.0,98.772,31.1,1.0,15.0,0.0
11437,1759.0,100.61,30.1,1.0,15.0,0.0
11438,1759.0,102.06,29.4,1.0,15.0,0.0
11439,1759.0,104.1,28.4,1.0,15.0,0.0
11440,1759.0,105.06,27.9,1.0,15.0,0.0
11441,1759.0,107.6,26.8,1.0,15.0,0.0
11442,1759.0,108.95,26.2,1.0,15.0,0.0
11443,1759.0,111.09,25.3,1.0,15.0,0.0
11444,1759.0,112.83,24.6,1.0,15.0,0.0
11445,1759.0,114.59,24.0,1.0,16.0,0.0
11446,1759.0,116.75,23.2,1.0,16.0,0.0
11447,1759.0,118.08,22.7,1.0,16.0,0.0
11448,1759.0,121.58,21.6,1.0,16.0,0.0
11449,1759.0,124.97,20.5,1.0,16.0,0.0
11450,1759.0,125.07,20.5,1.0,16.0,0.0
11451,1759.0,128.57,19.5,1.0,16.0,0.0
11452,1759.0,132.06,18.6,1.0,16.0,0.0
11453,1759.0,133.19,18.3,1.0,16.0,0.0
11454,1759.0,135.56,17.7,1.0,16.0,0.0
11455,1759.0,139.05,16.9,1.0,16.0,0.0
11456,1759.0,142.55,16.2,1.0,16.0,0.0
11457,1759.0,144.15,15.9,1.0,16.0,0.0
11458,1759.0,146.04,15.5,1.0,16.0,0.0
11459,1759.0,149.54,14.8,1.0,16.0,0.0
11460,1759.0,149.89,14.8,1.0,16.0,0.0
11461,1759.0,153.03,14.2,1.0,16.0,0.0
11462,1759.0,153.87,14.0,1.0,16.0,0.0
11463,1759.0,156.53,13.6,1.0,16.0,0.0
11464,1759.0,160.02,12.9,1.0,17.0,0.0
11465,1759.0,161.99,12.4,1.0,17.0,0.0
11466,1759.0,163.52,12.0,1.0,17.0,0.0
11467,1759.0,167.01,10.8,1.0,17.0,0.0
11468,1759.0,170.51,8.9,1.0,17.0,0.0
11469,1759.0,171.17,8.41,1.0,17.0,0.0
11470,1759.0,174.0,6.77,1.0,17.0,0.0
11471,1759.0,177.5,5.92,1.0,17.0,0.0
11472,1759.0,180.35,5.47,1.0,17.0,0.0
11473,1759.0,180.99,5.38,1.0,17.0,0.0
11474,1759.0,184.49,4.99,1.0,17.0,0.0
11475,1759.0,187.98,4.69,1.0,18.0,0.0
11476,1759.0,188.7,4.63,1.0,18.0,0.0
11477,1759.0,191.48,4.44,1.0,18.0,0.0
11478,1759.0,194.97,4.23,1.0,18.0,0.0
11479,1759.0,196.18,4.17,1.0,18.0,0.0
11480,1759.0,198.47,4.05,1.0,18.0,0.0
11481,1759.0,200.38,3.97,1.0,18.0,0.0
11482,1759.0,201.96,3.9,1.0,18.0,0.0
11483,1759.0,205.46,3.76,1.0,18.0,0.0
11484,1759.0,208.95,3.63,1.0,18.0,0.0
11485,1759.0,212.45,3.52,1.0,18.0,0.0
11486,1759.0,212.84,3.51,1.0,18.0,0.0
11487,1759.0,215.94,3.42,1.0,18.0,0.0
11488,1759.0,219.44,3.32,1.0,18.0,0.0
11489,1759.0,222.32,3.25,1.0,18.0,0.0
11490,1759.0,222.93,3.23,1.0,18.0,0.0
11491,1759.0,226.43,3.15,1.0,18.0,0.0
11492,1759.0,229.92,3.07,1.0,18.0,0.0
11493,1759.0,231.06,3.04,1.0,18.0,0.0
11494,1759.0,233.42,2.99,1.0,18.0,0.0
11495,1759.0,236.91,2.92,1.0,18.0,0.0
11496,1759.0,237.44,2.91,1.0,18.0,0.0
11497,1759.0,327.73,1.76,1.0,19.0,0.0
11498,1759.0,450.11,0.897,1.0,20.0,0.0
11499,1759.0,515.03,0.595,1.0,21.0,0.0
11500,1759.0,588.03,0.345,1.0,22.0,0.0
11501,1759.0,586.41,0.35,1.0,22.0,0.0
11502,1759.0,585.58,0.352,1.0,22.0,0.0
11503,1759.0,583.12,0.359,1.0,21.0,0.0
11504,1759.0,582.92,0.36,1.0,21.0,0.0
11505,1759.0,580.67,0.366,1.0,21.0,0.0
11506,1759.0,579.42,0.37,1.0,21.0,0.0
11507,1759.0,578.21,0.374,1.0,21.0,0.0
11508,1759.0,575.93,0.381,1.0,21.0,0.0
11509,1759.0,575.76,0.381,1.0,21.0,0.0
11510,1759.0,573.33,0.389,1.0,21.0,0.0
11511,1759.0,572.43,0.391,1.0,21.0,0.0
11512,1759.0,571.02,0.396,1.0,21.0,0.0
11513,1759.0,568.94,0.402,1.0,21.0,0.0
11514,1759.0,568.87,0.402,1.0,21.0,0.0
11515,1759.0,567.35,0.407,1.0,21.0,0.0
11516,1759.0,565.86,0.412,1.0,21.0,0.0
11517,1759.0,565.44,0.413,1.0,21.0,0.0
11518,1759.0,564.37,0.417,1.0,21.0,0.0
11519,1759.0,562.88,0.422,1.0,21.0,0.0
11520,1759.0,561.95,0.425,1.0,21.0,0.0
11521,1759.0,558.45,0.436,1.0,21.0,0.0
11522,1759.0,557.76,0.438,1.0,21.0,0.0
11523,1759.0,554.96,0.448,1.0,21.0,0.0
11524,1759.0,551.46,0.459,1.0,21.0,0.0
11525,1759.0,549.1,0.468,1.0,21.0,0.0
11526,1759.0,547.97,0.471,1.0,21.0,0.0
11527,1759.0,544.47,0.484,1.0,21.0,0.0
11528,1759.0,540.98,0.496,1.0,21.0,0.0
11529,1759.0,537.48,0.509,1.0,21.0,0.0
11530,1759.0,533.99,0.521,1.0,21.0,0.0
11531,1759.0,531.44,0.531,1.0,21.0,0.0
11532,1759.0,530.49,0.535,1.0,21.0,0.0
11533,1759.0,527.0,0.548,1.0,21.0,0.0
11534,1759.0,523.5,0.561,1.0,21.0,0.0
11535,1759.0,453.6,0.878,1.0,20.0,0.0
11536,1759.0,451.25,0.89,1.0,20.0,0.0
11537,1759.0,450.11,0.897,1.0,20.0,0.0
11538,1759.0,446.61,0.915,1.0,20.0,0.0
11539,1759.0,443.12,0.934,1.0,20.0,0.0
11540,1759.0,299.82,2.03,1.0,19.0,0.0
11541,1759.0,264.87,2.46,1.0,19.0,0.0
11542,1759.0,121.58,21.6,1.0,16.0,0.0
11543,1759.0,2.7475,9550.0,1.0,5.0,0.0
11544,1761.8,72.91,52.9,1.0,14.0,0.0
11545,1761.8,76.142,49.1,1.0,14.0,0.0
11546,1761.8,77.744,47.4,1.0,14.0,0.0
11547,1761.8,79.637,45.4,1.0,14.0,0.0
11548,1761.8,81.93,43.3,1.0,15.0,0.0
11549,1761.8,83.132,42.2,1.0,15.0,0.0
11550,1761.8,86.627,39.3,1.0,15.0,0.0
11551,1761.8,90.122,36.7,1.0,15.0,0.0
11552,1761.8,92.493,35.1,1.0,15.0,0.0
11553,1761.8,93.617,34.4,1.0,15.0,0.0
11554,1761.8,97.112,32.2,1.0,15.0,0.0
11555,1761.8,98.772,31.3,1.0,15.0,0.0
11556,1761.8,100.61,30.3,1.0,15.0,0.0
11557,1761.8,102.06,29.6,1.0,15.0,0.0
11558,1761.8,104.1,28.5,1.0,15.0,0.0
11559,1761.8,105.06,28.1,1.0,15.0,0.0
11560,1761.8,107.6,26.9,1.0,15.0,0.0
11561,1761.8,108.95,26.4,1.0,15.0,0.0
11562,1761.8,111.09,25.5,1.0,15.0,0.0
11563,1761.8,112.83,24.8,1.0,15.0,0.0
11564,1761.8,114.59,24.1,1.0,15.0,0.0
11565,1761.8,116.75,23.3,1.0,16.0,0.0
11566,1761.8,118.08,22.8,1.0,16.0,0.0
11567,1761.8,121.58,21.7,1.0,16.0,0.0
11568,1761.8,124.97,20.7,1.0,16.0,0.0
11569,1761.8,125.07,20.6,1.0,16.0,0.0
11570,1761.8,128.57,19.6,1.0,16.0,0.0
11571,1761.8,132.06,18.7,1.0,16.0,0.0
11572,1761.8,133.19,18.4,1.0,16.0,0.0
11573,1761.8,135.56,17.8,1.0,16.0,0.0
11574,1761.8,139.05,17.0,1.0,16.0,0.0
11575,1761.8,142.55,16.3,1.0,16.0,0.0
11576,1761.8,144.15,16.0,1.0,16.0,0.0
11577,1761.8,146.04,15.6,1.0,16.0,0.0
11578,1761.8,149.54,14.9,1.0,16.0,0.0
11579,1761.8,149.89,14.9,1.0,16.0,0.0
11580,1761.8,153.03,14.3,1.0,16.0,0.0
11581,1761.8,153.87,14.1,1.0,16.0,0.0
11582,1761.8,156.53,13.6,1.0,16.0,0.0
11583,1761.8,160.02,13.0,1.0,16.0,0.0
11584,1761.8,161.99,12.5,1.0,17.0,0.0
11585,1761.8,163.52,12.1,1.0,17.0,0.0
11586,1761.8,167.01,10.9,1.0,17.0,0.0
11587,1761.8,170.51,8.95,1.0,17.0,0.0
11588,1761.8,171.17,8.46,1.0,17.0,0.0
11589,1761.8,174.0,6.82,1.0,17.0,0.0
11590,1761.8,177.5,5.95,1.0,17.0,0.0
11591,1761.8,180.35,5.5,1.0,17.0,0.0
11592,1761.8,180.99,5.41,1.0,17.0,0.0
11593,1761.8,184.49,5.02,1.0,17.0,0.0
11594,1761.8,187.98,4.72,1.0,17.0,0.0
11595,1761.8,188.7,4.66,1.0,18.0,0.0
11596,1761.8,191.48,4.47,1.0,18.0,0.0
11597,1761.8,194.97,4.26,1.0,18.0,0.0
11598,1761.8,196.18,4.19,1.0,18.0,0.0
11599,1761.8,198.47,4.08,1.0,18.0,0.0
11600,1761.8,200.38,3.99,1.0,18.0,0.0
11601,1761.8,201.96,3.92,1.0,18.0,0.0
11602,1761.8,205.46,3.78,1.0,18.0,0.0
11603,1761.8,208.95,3.66,1.0,18.0,0.0
11604,1761.8,212.45,3.54,1.0,18.0,0.0
11605,1761.8,212.84,3.53,1.0,18.0,0.0
11606,1761.8,215.94,3.44,1.0,18.0,0.0
11607,1761.8,219.44,3.34,1.0,18.0,0.0
11608,1761.8,222.32,3.27,1.0,18.0,0.0
11609,1761.8,222.93,3.25,1.0,18.0,0.0
11610,1761.8,226.43,3.17,1.0,18.0,0.0
11611,1761.8,229.92,3.09,1.0,18.0,0.0
11612,1761.8,231.06,3.06,1.0,18.0,0.0
11613,1761.8,233.42,3.01,1.0,18.0,0.0
11614,1761.8,236.91,2.94,1.0,18.0,0.0
11615,1761.8,237.44,2.93,1.0,18.0,0.0
11616,1761.8,327.73,1.77,1.0,19.0,0.0
11617,1761.8,450.11,0.903,1.0,20.0,0.0
11618,1761.8,515.03,0.6,1.0,21.0,0.0
11619,1761.8,588.03,0.349,1.0,22.0,0.0
11620,1761.8,586.41,0.353,1.0,22.0,0.0
11621,1761.8,585.58,0.356,1.0,21.0,0.0
11622,1761.8,583.12,0.363,1.0,21.0,0.0
11623,1761.8,582.92,0.364,1.0,21.0,0.0
11624,1761.8,580.67,0.37,1.0,21.0,0.0
11625,1761.8,579.42,0.374,1.0,21.0,0.0
11626,1761.8,578.21,0.378,1.0,21.0,0.0
11627,1761.8,575.93,0.385,1.0,21.0,0.0
11628,1761.8,575.76,0.385,1.0,21.0,0.0
11629,1761.8,573.33,0.393,1.0,21.0,0.0
11630,1761.8,572.43,0.395,1.0,21.0,0.0
11631,1761.8,571.02,0.4,1.0,21.0,0.0
11632,1761.8,568.94,0.406,1.0,21.0,0.0
11633,1761.8,568.87,0.407,1.0,21.0,0.0
11634,1761.8,567.35,0.411,1.0,21.0,0.0
11635,1761.8,565.86,0.416,1.0,21.0,0.0
11636,1761.8,565.44,0.418,1.0,21.0,0.0
11637,1761.8,564.37,0.421,1.0,21.0,0.0
11638,1761.8,562.88,0.426,1.0,21.0,0.0
11639,1761.8,561.95,0.429,1.0,21.0,0.0
11640,1761.8,558.45,0.44,1.0,21.0,0.0
11641,1761.8,557.76,0.443,1.0,21.0,0.0
11642,1761.8,554.96,0.452,1.0,21.0,0.0
11643,1761.8,551.46,0.464,1.0,21.0,0.0
11644,1761.8,549.1,0.472,1.0,21.0,0.0
11645,1761.8,547.97,0.476,1.0,21.0,0.0
11646,1761.8,544.47,0.488,1.0,21.0,0.0
11647,1761.8,540.98,0.501,1.0,21.0,0.0
11648,1761.8,537.48,0.513,1.0,21.0,0.0
11649,1761.8,533.99,0.526,1.0,21.0,0.0
11650,1761.8,531.44,0.536,1.0,21.0,0.0
11651,1761.8,530.49,0.539,1.0,21.0,0.0
11652,1761.8,527.0,0.553,1.0,21.0,0.0
11653,1761.8,523.5,0.566,1.0,21.0,0.0
11654,1761.8,453.6,0.885,1.0,20.0,0.0
11655,1761.8,451.25,0.897,1.0,20.0,0.0
11656,1761.8,450.11,0.903,1.0,20.0,0.0
11657,1761.8,446.61,0.922,1.0,20.0,0.0
11658,1761.8,443.12,0.941,1.0,20.0,0.0
11659,1761.8,299.82,2.05,1.0,19.0,0.0
11660,1761.8,264.87,2.48,1.0,19.0,0.0
11661,1761.8,121.58,21.7,1.0,16.0,0.0
11662,1761.8,2.7475,9600.0,1.0,5.0,0.0
11663,1769.0,72.91,53.6,1.0,14.0,0.0
11664,1769.0,76.142,49.8,1.0,14.0,0.0
11665,1769.0,77.744,48.1,1.0,14.0,0.0
11666,1769.0,79.637,46.1,1.0,14.0,0.0
11667,1769.0,81.93,43.9,1.0,15.0,0.0
11668,1769.0,83.132,42.8,1.0,15.0,0.0
11669,1769.0,86.627,39.9,1.0,15.0,0.0
11670,1769.0,90.122,37.3,1.0,15.0,0.0
11671,1769.0,92.493,35.6,1.0,15.0,0.0
11672,1769.0,93.617,34.9,1.0,15.0,0.0
11673,1769.0,97.112,32.7,1.0,15.0,0.0
11674,1769.0,98.772,31.8,1.0,15.0,0.0
11675,1769.0,100.61,30.8,1.0,15.0,0.0
11676,1769.0,102.06,30.0,1.0,15.0,0.0
11677,1769.0,104.1,29.0,1.0,15.0,0.0
11678,1769.0,105.06,28.5,1.0,15.0,0.0
11679,1769.0,107.6,27.3,1.0,15.0,0.0
11680,1769.0,108.95,26.7,1.0,15.0,0.0
11681,1769.0,111.09,25.8,1.0,15.0,0.0
11682,1769.0,112.83,25.1,1.0,15.0,0.0
11683,1769.0,114.59,24.5,1.0,15.0,0.0
11684,1769.0,116.75,23.7,1.0,16.0,0.0
11685,1769.0,118.08,23.2,1.0,16.0,0.0
11686,1769.0,121.58,22.0,1.0,16.0,0.0
11687,1769.0,124.97,21.0,1.0,16.0,0.0
11688,1769.0,125.07,20.9,1.0,16.0,0.0
11689,1769.0,128.57,19.9,1.0,16.0,0.0
11690,1769.0,132.06,19.0,1.0,16.0,0.0
11691,1769.0,133.19,18.7,1.0,16.0,0.0
11692,1769.0,135.56,18.1,1.0,16.0,0.0
11693,1769.0,139.05,17.3,1.0,16.0,0.0
11694,1769.0,142.55,16.5,1.0,16.0,0.0
11695,1769.0,144.15,16.2,1.0,16.0,0.0
11696,1769.0,146.04,15.8,1.0,16.0,0.0
11697,1769.0,149.54,15.1,1.0,16.0,0.0
11698,1769.0,149.89,15.1,1.0,16.0,0.0
11699,1769.0,153.03,14.5,1.0,16.0,0.0
11700,1769.0,153.87,14.3,1.0,16.0,0.0
11701,1769.0,156.53,13.8,1.0,16.0,0.0
11702,1769.0,160.02,13.2,1.0,16.0,0.0
11703,1769.0,161.99,12.7,1.0,17.0,0.0
11704,1769.0,163.52,12.3,1.0,17.0,0.0
11705,1769.0,167.01,11.1,1.0,17.0,0.0
11706,1769.0,170.51,9.09,1.0,17.0,0.0
11707,1769.0,171.17,8.59,1.0,17.0,0.0
11708,1769.0,174.0,6.92,1.0,17.0,0.0
11709,1769.0,177.5,6.05,1.0,17.0,0.0
11710,1769.0,180.35,5.58,1.0,17.0,0.0
11711,1769.0,180.99,5.5,1.0,17.0,0.0
11712,1769.0,184.49,5.1,1.0,17.0,0.0
11713,1769.0,187.98,4.79,1.0,17.0,0.0
11714,1769.0,188.7,4.74,1.0,17.0,0.0
11715,1769.0,191.48,4.54,1.0,18.0,0.0
11716,1769.0,194.97,4.33,1.0,18.0,0.0
11717,1769.0,196.18,4.26,1.0,18.0,0.0
11718,1769.0,198.47,4.14,1.0,18.0,0.0
11719,1769.0,200.38,4.05,1.0,18.0,0.0
11720,1769.0,201.96,3.98,1.0,18.0,0.0
11721,1769.0,205.46,3.84,1.0,18.0,0.0
11722,1769.0,208.95,3.71,1.0,18.0,0.0
11723,1769.0,212.45,3.6,1.0,18.0,0.0
11724,1769.0,212.84,3.59,1.0,18.0,0.0
11725,1769.0,215.94,3.49,1.0,18.0,0.0
11726,1769.0,219.44,3.39,1.0,18.0,0.0
11727,1769.0,222.32,3.32,1.0,18.0,0.0
11728,1769.0,222.93,3.3,1.0,18.0,0.0
11729,1769.0,226.43,3.22,1.0,18.0,0.0
11730,1769.0,229.92,3.14,1.0,18.0,0.0
11731,1769.0,231.06,3.11,1.0,18.0,0.0
11732,1769.0,233.42,3.06,1.0,18.0,0.0
11733,1769.0,236.91,2.99,1.0,18.0,0.0
11734,1769.0,237.44,2.98,1.0,18.0,0.0
11735,1769.0,327.73,1.8,1.0,19.0,0.0
11736,1769.0,450.11,0.921,1.0,20.0,0.0
11737,1769.0,515.03,0.614,1.0,21.0,0.0
11738,1769.0,588.03,0.359,1.0,21.0,0.0
11739,1769.0,586.41,0.363,1.0,21.0,0.0
11740,1769.0,585.58,0.366,1.0,21.0,0.0
11741,1769.0,583.12,0.373,1.0,21.0,0.0
11742,1769.0,582.92,0.374,1.0,21.0,0.0
11743,1769.0,580.67,0.381,1.0,21.0,0.0
11744,1769.0,579.42,0.384,1.0,21.0,0.0
11745,1769.0,578.21,0.388,1.0,21.0,0.0
11746,1769.0,575.93,0.395,1.0,21.0,0.0
11747,1769.0,575.76,0.396,1.0,21.0,0.0
11748,1769.0,573.33,0.403,1.0,21.0,0.0
11749,1769.0,572.43,0.406,1.0,21.0,0.0
11750,1769.0,571.02,0.41,1.0,21.0,0.0
11751,1769.0,568.94,0.417,1.0,21.0,0.0
11752,1769.0,568.87,0.417,1.0,21.0,0.0
11753,1769.0,567.35,0.422,1.0,21.0,0.0
11754,1769.0,565.86,0.427,1.0,21.0,0.0
11755,1769.0,565.44,0.428,1.0,21.0,0.0
11756,1769.0,564.37,0.432,1.0,21.0,0.0
11757,1769.0,562.88,0.437,1.0,21.0,0.0
11758,1769.0,561.95,0.44,1.0,21.0,0.0
11759,1769.0,558.45,0.452,1.0,21.0,0.0
11760,1769.0,557.76,0.454,1.0,21.0,0.0
11761,1769.0,554.96,0.463,1.0,21.0,0.0
11762,1769.0,551.46,0.476,1.0,21.0,0.0
11763,1769.0,549.1,0.484,1.0,21.0,0.0
11764,1769.0,547.97,0.488,1.0,21.0,0.0
11765,1769.0,544.47,0.5,1.0,21.0,0.0
11766,1769.0,540.98,0.513,1.0,21.0,0.0
11767,1769.0,537.48,0.526,1.0,21.0,0.0
11768,1769.0,533.99,0.539,1.0,21.0,0.0
11769,1769.0,531.44,0.549,1.0,21.0,0.0
11770,1769.0,530.49,0.552,1.0,21.0,0.0
11771,1769.0,527.0,0.566,1.0,21.0,0.0
11772,1769.0,523.5,0.579,1.0,21.0,0.0
11773,1769.0,453.6,0.903,1.0,20.0,0.0
11774,1769.0,451.25,0.915,1.0,20.0,0.0
11775,1769.0,450.11,0.921,1.0,20.0,0.0
11776,1769.0,446.61,0.941,1.0,20.0,0.0
11777,1769.0,443.12,0.96,1.0,20.0,0.0
11778,1769.0,299.82,2.08,1.0,19.0,0.0
11779,1769.0,264.87,2.52,1.0,19.0,0.0
11780,1769.0,121.58,22.0,1.0,16.0,0.0
11781,1769.0,2.7475,9730.0,1.0,5.0,0.0
11782,1778.2,72.91,54.6,1.0,14.0,0.0
11783,1778.2,76.142,50.7,1.0,14.0,0.0
11784,1778.2,77.744,49.0,1.0,14.0,0.0
11785,1778.2,79.637,47.0,1.0,14.0,0.0
11786,1778.2,81.93,44.7,1.0,15.0,0.0
11787,1778.2,83.132,43.6,1.0,15.0,0.0
11788,1778.2,86.627,40.6,1.0,15.0,0.0
11789,1778.2,90.122,38.0,1.0,15.0,0.0
11790,1778.2,92.493,36.3,1.0,15.0,0.0
11791,1778.2,93.617,35.5,1.0,15.0,0.0
11792,1778.2,97.112,33.3,1.0,15.0,0.0
11793,1778.2,98.772,32.4,1.0,15.0,0.0
11794,1778.2,100.61,31.3,1.0,15.0,0.0
11795,1778.2,102.06,30.6,1.0,15.0,0.0
11796,1778.2,104.1,29.5,1.0,15.0,0.0
11797,1778.2,105.06,29.1,1.0,15.0,0.0
11798,1778.2,107.6,27.9,1.0,15.0,0.0
11799,1778.2,108.95,27.3,1.0,15.0,0.0
11800,1778.2,111.09,26.3,1.0,15.0,0.0
11801,1778.2,112.83,25.6,1.0,15.0,0.0
11802,1778.2,114.59,24.9,1.0,15.0,0.0
11803,1778.2,116.75,24.1,1.0,16.0,0.0
11804,1778.2,118.08,23.6,1.0,16.0,0.0
11805,1778.2,121.58,22.4,1.0,16.0,0.0
11806,1778.2,124.97,21.4,1.0,16.0,0.0
11807,1778.2,125.07,21.3,1.0,16.0,0.0
11808,1778.2,128.57,20.3,1.0,16.0,0.0
11809,1778.2,132.06,19.4,1.0,16.0,0.0
11810,1778.2,133.19,19.1,1.0,16.0,0.0
11811,1778.2,135.56,18.5,1.0,16.0,0.0
11812,1778.2,139.05,17.6,1.0,16.0,0.0
11813,1778.2,142.55,16.9,1.0,16.0,0.0
11814,1778.2,144.15,16.5,1.0,16.0,0.0
11815,1778.2,146.04,16.1,1.0,16.0,0.0
11816,1778.2,149.54,15.4,1.0,16.0,0.0
11817,1778.2,149.89,15.4,1.0,16.0,0.0
11818,1778.2,153.03,14.8,1.0,16.0,0.0
11819,1778.2,153.87,14.6,1.0,16.0,0.0
11820,1778.2,156.53,14.1,1.0,16.0,0.0
11821,1778.2,160.02,13.4,1.0,16.0,0.0
11822,1778.2,161.99,12.9,1.0,17.0,0.0
11823,1778.2,163.52,12.5,1.0,17.0,0.0
11824,1778.2,167.01,11.3,1.0,17.0,0.0
11825,1778.2,170.51,9.27,1.0,17.0,0.0
11826,1778.2,171.17,8.75,1.0,17.0,0.0
11827,1778.2,174.0,7.06,1.0,17.0,0.0
11828,1778.2,177.5,6.17,1.0,17.0,0.0
11829,1778.2,180.35,5.7,1.0,17.0,0.0
11830,1778.2,180.99,5.61,1.0,17.0,0.0
11831,1778.2,184.49,5.2,1.0,17.0,0.0
11832,1778.2,187.98,4.89,1.0,17.0,0.0
11833,1778.2,188.7,4.83,1.0,17.0,0.0
11834,1778.2,191.48,4.63,1.0,18.0,0.0
11835,1778.2,194.97,4.41,1.0,18.0,0.0
11836,1778.2,196.18,4.34,1.0,18.0,0.0
11837,1778.2,198.47,4.23,1.0,18.0,0.0
11838,1778.2,200.38,4.13,1.0,18.0,0.0
11839,1778.2,201.96,4.06,1.0,18.0,0.0
11840,1778.2,205.46,3.92,1.0,18.0,0.0
11841,1778.2,208.95,3.79,1.0,18.0,0.0
11842,1778.2,212.45,3.67,1.0,18.0,0.0
11843,1778.2,212.84,3.66,1.0,18.0,0.0
11844,1778.2,215.94,3.56,1.0,18.0,0.0
11845,1778.2,219.44,3.46,1.0,18.0,0.0
11846,1778.2,222.32,3.38,1.0,18.0,0.0
11847,1778.2,222.93,3.37,1.0,18.0,0.0
11848,1778.2,226.43,3.28,1.0,18.0,0.0
11849,1778.2,229.92,3.2,1.0,18.0,0.0
11850,1778.2,231.06,3.17,1.0,18.0,0.0
11851,1778.2,233.42,3.12,1.0,18.0,0.0
11852,1778.2,236.91,3.05,1.0,18.0,0.0
11853,1778.2,237.44,3.04,1.0,18.0,0.0
11854,1778.2,327.73,1.84,1.0,19.0,0.0
11855,1778.2,450.11,0.945,1.0,20.0,0.0
11856,1778.2,515.03,0.631,1.0,21.0,0.0
11857,1778.2,588.03,0.371,1.0,21.0,0.0
11858,1778.2,586.41,0.376,1.0,21.0,0.0
11859,1778.2,585.58,0.379,1.0,21.0,0.0
11860,1778.2,583.12,0.386,1.0,21.0,0.0
11861,1778.2,582.92,0.387,1.0,21.0,0.0
11862,1778.2,580.67,0.394,1.0,21.0,0.0
11863,1778.2,579.42,0.398,1.0,21.0,0.0
11864,1778.2,578.21,0.401,1.0,21.0,0.0
11865,1778.2,575.93,0.409,1.0,21.0,0.0
11866,1778.2,575.76,0.409,1.0,21.0,0.0
11867,1778.2,573.33,0.417,1.0,21.0,0.0
11868,1778.2,572.43,0.42,1.0,21.0,0.0
11869,1778.2,571.02,0.424,1.0,21.0,0.0
11870,1778.2,568.94,0.431,1.0,21.0,0.0
11871,1778.2,568.87,0.431,1.0,21.0,0.0
11872,1778.2,567.35,0.436,1.0,21.0,0.0
11873,1778.2,565.86,0.441,1.0,21.0,0.0
11874,1778.2,565.44,0.443,1.0,21.0,0.0
11875,1778.2,564.37,0.446,1.0,21.0,0.0
11876,1778.2,562.88,0.451,1.0,21.0,0.0
11877,1778.2,561.95,0.454,1.0,21.0,0.0
11878,1778.2,558.45,0.466,1.0,21.0,0.0
11879,1778.2,557.76,0.469,1.0,21.0,0.0
11880,1778.2,554.96,0.478,1.0,21.0,0.0
11881,1778.2,551.46,0.491,1.0,21.0,0.0
11882,1778.2,549.1,0.499,1.0,21.0,0.0
11883,1778.2,547.97,0.503,1.0,21.0,0.0
11884,1778.2,544.47,0.516,1.0,21.0,0.0
11885,1778.2,540.98,0.529,1.0,21.0,0.0
11886,1778.2,537.48,0.542,1.0,21.0,0.0
11887,1778.2,533.99,0.555,1.0,21.0,0.0
11888,1778.2,531.44,0.565,1.0,21.0,0.0
11889,1778.2,530.49,0.569,1.0,21.0,0.0
11890,1778.2,527.0,0.583,1.0,21.0,0.0
11891,1778.2,523.5,0.596,1.0,21.0,0.0
11892,1778.2,453.6,0.926,1.0,20.0,0.0
11893,1778.2,451.25,0.938,1.0,20.0,0.0
11894,1778.2,450.11,0.945,1.0,20.0,0.0
11895,1778.2,446.61,0.964,1.0,20.0,0.0
11896,1778.2,443.12,0.984,1.0,20.0,0.0
11897,1778.2,299.82,2.12,1.0,19.0,0.0
11898,1778.2,264.87,2.57,1.0,18.0,0.0
11899,1778.2,121.58,22.4,1.0,16.0,0.0
11900,1778.2,2.7475,9890.0,1.0,5.0,0.0
11901,1781.8,72.91,55.0,1.0,14.0,0.0
11902,1781.8,76.142,51.1,1.0,14.0,0.0
11903,1781.8,77.744,49.3,1.0,14.0,0.0
11904,1781.8,79.637,47.3,1.0,14.0,0.0
11905,1781.8,81.93,45.1,1.0,15.0,0.0
11906,1781.8,83.132,43.9,1.0,15.0,0.0
11907,1781.8,86.627,40.9,1.0,15.0,0.0
11908,1781.8,90.122,38.2,1.0,15.0,0.0
11909,1781.8,92.493,36.6,1.0,15.0,0.0
11910,1781.8,93.617,35.8,1.0,15.0,0.0
11911,1781.8,97.112,33.6,1.0,15.0,0.0
11912,1781.8,98.772,32.6,1.0,15.0,0.0
11913,1781.8,100.61,31.6,1.0,15.0,0.0
11914,1781.8,102.06,30.8,1.0,15.0,0.0
11915,1781.8,104.1,29.7,1.0,15.0,0.0
11916,1781.8,105.06,29.3,1.0,15.0,0.0
11917,1781.8,107.6,28.1,1.0,15.0,0.0
11918,1781.8,108.95,27.5,1.0,15.0,0.0
11919,1781.8,111.09,26.5,1.0,15.0,0.0
11920,1781.8,112.83,25.8,1.0,15.0,0.0
11921,1781.8,114.59,25.1,1.0,15.0,0.0
11922,1781.8,116.75,24.3,1.0,16.0,0.0
11923,1781.8,118.08,23.8,1.0,16.0,0.0
11924,1781.8,121.58,22.6,1.0,16.0,0.0
11925,1781.8,124.97,21.5,1.0,16.0,0.0
11926,1781.8,125.07,21.5,1.0,16.0,0.0
11927,1781.8,128.57,20.5,1.0,16.0,0.0
11928,1781.8,132.06,19.5,1.0,16.0,0.0
11929,1781.8,133.19,19.2,1.0,16.0,0.0
11930,1781.8,135.56,18.6,1.0,16.0,0.0
11931,1781.8,139.05,17.8,1.0,16.0,0.0
11932,1781.8,142.55,17.0,1.0,16.0,0.0
11933,1781.8,144.15,16.6,1.0,16.0,0.0
11934,1781.8,146.04,16.2,1.0,16.0,0.0
11935,1781.8,149.54,15.6,1.0,16.0,0.0
11936,1781.8,149.89,15.5,1.0,16.0,0.0
11937,1781.8,153.03,14.9,1.0,16.0,0.0
11938,1781.8,153.87,14.7,1.0,16.0,0.0
11939,1781.8,156.53,14.2,1.0,16.0,0.0
11940,1781.8,160.02,13.5,1.0,16.0,0.0
11941,1781.8,161.99,13.0,1.0,17.0,0.0
11942,1781.8,163.52,12.6,1.0,17.0,0.0
11943,1781.8,167.01,11.4,1.0,17.0,0.0
11944,1781.8,170.51,9.34,1.0,17.0,0.0
11945,1781.8,171.17,8.82,1.0,17.0,0.0
11946,1781.8,174.0,7.11,1.0,17.0,0.0
11947,1781.8,177.5,6.21,1.0,17.0,0.0
11948,1781.8,180.35,5.74,1.0,17.0,0.0
11949,1781.8,180.99,5.65,1.0,17.0,0.0
11950,1781.8,184.49,5.24,1.0,17.0,0.0
11951,1781.8,187.98,4.92,1.0,17.0,0.0
11952,1781.8,188.7,4.87,1.0,17.0,0.0
11953,1781.8,191.48,4.66,1.0,18.0,0.0
11954,1781.8,194.97,4.45,1.0,18.0,0.0
11955,1781.8,196.18,4.38,1.0,18.0,0.0
11956,1781.8,198.47,4.26,1.0,18.0,0.0
11957,1781.8,200.38,4.17,1.0,18.0,0.0
11958,1781.8,201.96,4.09,1.0,18.0,0.0
11959,1781.8,205.46,3.95,1.0,18.0,0.0
11960,1781.8,208.95,3.82,1.0,18.0,0.0
11961,1781.8,212.45,3.7,1.0,18.0,0.0
11962,1781.8,212.84,3.69,1.0,18.0,0.0
11963,1781.8,215.94,3.59,1.0,18.0,0.0
11964,1781.8,219.44,3.49,1.0,18.0,0.0
11965,1781.8,222.32,3.41,1.0,18.0,0.0
11966,1781.8,222.93,3.39,1.0,18.0,0.0
11967,1781.8,226.43,3.31,1.0,18.0,0.0
11968,1781.8,229.92,3.22,1.0,18.0,0.0
11969,1781.8,231.06,3.2,1.0,18.0,0.0
11970,1781.8,233.42,3.15,1.0,18.0,0.0
11971,1781.8,236.91,3.07,1.0,18.0,0.0
11972,1781.8,237.44,3.06,1.0,18.0,0.0
11973,1781.8,327.73,1.85,1.0,19.0,0.0
11974,1781.8,450.11,0.954,1.0,20.0,0.0
11975,1781.8,515.03,0.638,1.0,21.0,0.0
11976,1781.8,588.03,0.376,1.0,21.0,0.0
11977,1781.8,586.41,0.381,1.0,21.0,0.0
11978,1781.8,585.58,0.384,1.0,21.0,0.0
11979,1781.8,583.12,0.391,1.0,21.0,0.0
11980,1781.8,582.92,0.392,1.0,21.0,0.0
11981,1781.8,580.67,0.399,1.0,21.0,0.0
11982,1781.8,579.42,0.403,1.0,21.0,0.0
11983,1781.8,578.21,0.407,1.0,21.0,0.0
11984,1781.8,575.93,0.414,1.0,21.0,0.0
11985,1781.8,575.76,0.414,1.0,21.0,0.0
11986,1781.8,573.33,0.422,1.0,21.0,0.0
11987,1781.8,572.43,0.425,1.0,21.0,0.0
11988,1781.8,571.02,0.43,1.0,21.0,0.0
11989,1781.8,568.94,0.437,1.0,21.0,0.0
11990,1781.8,568.87,0.437,1.0,21.0,0.0
11991,1781.8,567.35,0.442,1.0,21.0,0.0
11992,1781.8,565.86,0.447,1.0,21.0,0.0
11993,1781.8,565.44,0.448,1.0,21.0,0.0
11994,1781.8,564.37,0.452,1.0,21.0,0.0
11995,1781.8,562.88,0.457,1.0,21.0,0.0
11996,1781.8,561.95,0.46,1.0,21.0,0.0
11997,1781.8,558.45,0.472,1.0,21.0,0.0
11998,1781.8,557.76,0.474,1.0,21.0,0.0
11999,1781.8,554.96,0.484,1.0,21.0,0.0
12000,1781.8,551.46,0.497,1.0,21.0,0.0
12001,1781.8,549.1,0.505,1.0,21.0,0.0
12002,1781.8,547.97,0.509,1.0,21.0,0.0
12003,1781.8,544.47,0.522,1.0,21.0,0.0
12004,1781.8,540.98,0.535,1.0,21.0,0.0
12005,1781.8,537.48,0.548,1.0,21.0,0.0
12006,1781.8,533.99,0.562,1.0,21.0,0.0
12007,1781.8,531.44,0.572,1.0,21.0,0.0
12008,1781.8,530.49,0.575,1.0,21.0,0.0
12009,1781.8,527.0,0.589,1.0,21.0,0.0
12010,1781.8,523.5,0.603,1.0,21.0,0.0
12011,1781.8,453.6,0.935,1.0,20.0,0.0
12012,1781.8,451.25,0.948,1.0,20.0,0.0
12013,1781.8,450.11,0.954,1.0,20.0,0.0
12014,1781.8,446.61,0.974,1.0,20.0,0.0
12015,1781.8,443.12,0.993,1.0,20.0,0.0
12016,1781.8,299.82,2.14,1.0,19.0,0.0
12017,1781.8,264.87,2.59,1.0,18.0,0.0
12018,1781.8,121.58,22.6,1.0,16.0,0.0
12019,1781.8,2.7475,9960.0,1.0,5.0,0.0
12020,1783.5,72.91,55.2,1.0,14.0,0.0
12021,1783.5,76.142,51.3,1.0,14.0,0.0
12022,1783.5,77.744,49.5,1.0,14.0,0.0
12023,1783.5,79.637,47.5,1.0,14.0,0.0
12024,1783.5,81.93,45.2,1.0,15.0,0.0
12025,1783.5,83.132,44.1,1.0,15.0,0.0
12026,1783.5,86.627,41.1,1.0,15.0,0.0
12027,1783.5,90.122,38.4,1.0,15.0,0.0
12028,1783.5,92.493,36.7,1.0,15.0,0.0
12029,1783.5,93.617,35.9,1.0,15.0,0.0
12030,1783.5,97.112,33.7,1.0,15.0,0.0
12031,1783.5,98.772,32.7,1.0,15.0,0.0
12032,1783.5,100.61,31.7,1.0,15.0,0.0
12033,1783.5,102.06,30.9,1.0,15.0,0.0
12034,1783.5,104.1,29.8,1.0,15.0,0.0
12035,1783.5,105.06,29.4,1.0,15.0,0.0
12036,1783.5,107.6,28.2,1.0,15.0,0.0
12037,1783.5,108.95,27.6,1.0,15.0,0.0
12038,1783.5,111.09,26.6,1.0,15.0,0.0
12039,1783.5,112.83,25.9,1.0,15.0,0.0
12040,1783.5,114.59,25.2,1.0,15.0,0.0
12041,1783.5,116.75,24.4,1.0,16.0,0.0
12042,1783.5,118.08,23.9,1.0,16.0,0.0
12043,1783.5,121.58,22.7,1.0,16.0,0.0
12044,1783.5,124.97,21.6,1.0,16.0,0.0
12045,1783.5,125.07,21.6,1.0,16.0,0.0
12046,1783.5,128.57,20.5,1.0,16.0,0.0
12047,1783.5,132.06,19.6,1.0,16.0,0.0
12048,1783.5,133.19,19.3,1.0,16.0,0.0
12049,1783.5,135.56,18.7,1.0,16.0,0.0
12050,1783.5,139.05,17.8,1.0,16.0,0.0
12051,1783.5,142.55,17.0,1.0,16.0,0.0
12052,1783.5,144.15,16.7,1.0,16.0,0.0
12053,1783.5,146.04,16.3,1.0,16.0,0.0
12054,1783.5,149.54,15.6,1.0,16.0,0.0
12055,1783.5,149.89,15.5,1.0,16.0,0.0
12056,1783.5,153.03,14.9,1.0,16.0,0.0
12057,1783.5,153.87,14.8,1.0,16.0,0.0
12058,1783.5,156.53,14.3,1.0,16.0,0.0
12059,1783.5,160.02,13.6,1.0,16.0,0.0
12060,1783.5,161.99,13.1,1.0,17.0,0.0
12061,1783.5,163.52,12.7,1.0,17.0,0.0
12062,1783.5,167.01,11.4,1.0,17.0,0.0
12063,1783.5,170.51,9.37,1.0,17.0,0.0
12064,1783.5,171.17,8.85,1.0,17.0,0.0
12065,1783.5,174.0,7.14,1.0,17.0,0.0
12066,1783.5,177.5,6.24,1.0,17.0,0.0
12067,1783.5,180.35,5.76,1.0,17.0,0.0
12068,1783.5,180.99,5.67,1.0,17.0,0.0
12069,1783.5,184.49,5.26,1.0,17.0,0.0
12070,1783.5,187.98,4.94,1.0,17.0,0.0
12071,1783.5,188.7,4.88,1.0,17.0,0.0
12072,1783.5,191.48,4.68,1.0,18.0,0.0
12073,1783.5,194.97,4.46,1.0,18.0,0.0
12074,1783.5,196.18,4.39,1.0,18.0,0.0
12075,1783.5,198.47,4.27,1.0,18.0,0.0
12076,1783.5,200.38,4.18,1.0,18.0,0.0
12077,1783.5,201.96,4.11,1.0,18.0,0.0
12078,1783.5,205.46,3.96,1.0,18.0,0.0
12079,1783.5,208.95,3.83,1.0,18.0,0.0
12080,1783.5,212.45,3.71,1.0,18.0,0.0
12081,1783.5,212.84,3.7,1.0,18.0,0.0
12082,1783.5,215.94,3.6,1.0,18.0,0.0
12083,1783.5,219.44,3.5,1.0,18.0,0.0
12084,1783.5,222.32,3.42,1.0,18.0,0.0
12085,1783.5,222.93,3.41,1.0,18.0,0.0
12086,1783.5,226.43,3.32,1.0,18.0,0.0
12087,1783.5,229.92,3.24,1.0,18.0,0.0
12088,1783.5,231.06,3.21,1.0,18.0,0.0
12089,1783.5,233.42,3.16,1.0,18.0,0.0
12090,1783.5,236.91,3.08,1.0,18.0,0.0
12091,1783.5,237.44,3.07,1.0,18.0,0.0
12092,1783.5,327.73,1.86,1.0,19.0,0.0
12093,1783.5,450.11,0.958,1.0,20.0,0.0
12094,1783.5,515.03,0.642,1.0,21.0,0.0
12095,1783.5,588.03,0.379,1.0,21.0,0.0
12096,1783.5,586.41,0.384,1.0,21.0,0.0
12097,1783.5,585.58,0.386,1.0,21.0,0.0
12098,1783.5,583.12,0.394,1.0,21.0,0.0
12099,1783.5,582.92,0.394,1.0,21.0,0.0
12100,1783.5,580.67,0.401,1.0,21.0,0.0
12101,1783.5,579.42,0.405,1.0,21.0,0.0
12102,1783.5,578.21,0.409,1.0,21.0,0.0
12103,1783.5,575.93,0.416,1.0,21.0,0.0
12104,1783.5,575.76,0.417,1.0,21.0,0.0
12105,1783.5,573.33,0.425,1.0,21.0,0.0
12106,1783.5,572.43,0.428,1.0,21.0,0.0
12107,1783.5,571.02,0.432,1.0,21.0,0.0
12108,1783.5,568.94,0.439,1.0,21.0,0.0
12109,1783.5,568.87,0.439,1.0,21.0,0.0
12110,1783.5,567.35,0.444,1.0,21.0,0.0
12111,1783.5,565.86,0.449,1.0,21.0,0.0
12112,1783.5,565.44,0.451,1.0,21.0,0.0
12113,1783.5,564.37,0.454,1.0,21.0,0.0
12114,1783.5,562.88,0.46,1.0,21.0,0.0
12115,1783.5,561.95,0.463,1.0,21.0,0.0
12116,1783.5,558.45,0.475,1.0,21.0,0.0
12117,1783.5,557.76,0.477,1.0,21.0,0.0
12118,1783.5,554.96,0.487,1.0,21.0,0.0
12119,1783.5,551.46,0.499,1.0,21.0,0.0
12120,1783.5,549.1,0.508,1.0,21.0,0.0
12121,1783.5,547.97,0.512,1.0,21.0,0.0
12122,1783.5,544.47,0.525,1.0,21.0,0.0
12123,1783.5,540.98,0.538,1.0,21.0,0.0
12124,1783.5,537.48,0.551,1.0,21.0,0.0
12125,1783.5,533.99,0.565,1.0,21.0,0.0
12126,1783.5,531.44,0.575,1.0,21.0,0.0
12127,1783.5,530.49,0.578,1.0,21.0,0.0
12128,1783.5,527.0,0.592,1.0,21.0,0.0
12129,1783.5,523.5,0.606,1.0,21.0,0.0
12130,1783.5,453.6,0.939,1.0,20.0,0.0
12131,1783.5,451.25,0.952,1.0,20.0,0.0
12132,1783.5,450.11,0.958,1.0,20.0,0.0
12133,1783.5,446.61,0.978,1.0,20.0,0.0
12134,1783.5,443.12,0.998,1.0,20.0,0.0
12135,1783.5,299.82,2.15,1.0,19.0,0.0
12136,1783.5,264.87,2.6,1.0,18.0,0.0
12137,1783.5,121.58,22.7,1.0,16.0,0.0
12138,1783.5,2.7475,9990.0,1.0,5.0,0.0
12139,1786.2,72.91,55.5,1.0,14.0,0.0
12140,1786.2,76.142,51.6,1.0,14.0,0.0
12141,1786.2,77.744,49.7,1.0,14.0,0.0
12142,1786.2,79.637,47.7,1.0,14.0,0.0
12143,1786.2,81.93,45.5,1.0,15.0,0.0
12144,1786.2,83.132,44.3,1.0,15.0,0.0
12145,1786.2,86.627,41.3,1.0,15.0,0.0
12146,1786.2,90.122,38.6,1.0,15.0,0.0
12147,1786.2,92.493,36.9,1.0,15.0,0.0
12148,1786.2,93.617,36.1,1.0,15.0,0.0
12149,1786.2,97.112,33.9,1.0,15.0,0.0
12150,1786.2,98.772,32.9,1.0,15.0,0.0
12151,1786.2,100.61,31.9,1.0,15.0,0.0
12152,1786.2,102.06,31.1,1.0,15.0,0.0
12153,1786.2,104.1,30.0,1.0,15.0,0.0
12154,1786.2,105.06,29.5,1.0,15.0,0.0
12155,1786.2,107.6,28.3,1.0,15.0,0.0
12156,1786.2,108.95,27.7,1.0,15.0,0.0
12157,1786.2,111.09,26.8,1.0,15.0,0.0
12158,1786.2,112.83,26.0,1.0,15.0,0.0
12159,1786.2,114.59,25.3,1.0,15.0,0.0
12160,1786.2,116.75,24.5,1.0,15.0,0.0
12161,1786.2,118.08,24.0,1.0,16.0,0.0
12162,1786.2,121.58,22.8,1.0,16.0,0.0
12163,1786.2,124.97,21.7,1.0,16.0,0.0
12164,1786.2,125.07,21.7,1.0,16.0,0.0
12165,1786.2,128.57,20.6,1.0,16.0,0.0
12166,1786.2,132.06,19.7,1.0,16.0,0.0
12167,1786.2,133.19,19.4,1.0,16.0,0.0
12168,1786.2,135.56,18.8,1.0,16.0,0.0
12169,1786.2,139.05,17.9,1.0,16.0,0.0
12170,1786.2,142.55,17.1,1.0,16.0,0.0
12171,1786.2,144.15,16.8,1.0,16.0,0.0
12172,1786.2,146.04,16.4,1.0,16.0,0.0
12173,1786.2,149.54,15.7,1.0,16.0,0.0
12174,1786.2,149.89,15.6,1.0,16.0,0.0
12175,1786.2,153.03,15.0,1.0,16.0,0.0
12176,1786.2,153.87,14.9,1.0,16.0,0.0
12177,1786.2,156.53,14.4,1.0,16.0,0.0
12178,1786.2,160.02,13.6,1.0,16.0,0.0
12179,1786.2,161.99,13.2,1.0,16.0,0.0
12180,1786.2,163.52,12.7,1.0,17.0,0.0
12181,1786.2,167.01,11.5,1.0,17.0,0.0
12182,1786.2,170.51,9.42,1.0,17.0,0.0
12183,1786.2,171.17,8.9,1.0,17.0,0.0
12184,1786.2,174.0,7.18,1.0,17.0,0.0
12185,1786.2,177.5,6.27,1.0,17.0,0.0
12186,1786.2,180.35,5.79,1.0,17.0,0.0
12187,1786.2,180.99,5.7,1.0,17.0,0.0
12188,1786.2,184.49,5.29,1.0,17.0,0.0
12189,1786.2,187.98,4.97,1.0,17.0,0.0
12190,1786.2,188.7,4.91,1.0,17.0,0.0
12191,1786.2,191.48,4.71,1.0,18.0,0.0
12192,1786.2,194.97,4.49,1.0,18.0,0.0
12193,1786.2,196.18,4.42,1.0,18.0,0.0
12194,1786.2,198.47,4.3,1.0,18.0,0.0
12195,1786.2,200.38,4.21,1.0,18.0,0.0
12196,1786.2,201.96,4.13,1.0,18.0,0.0
12197,1786.2,205.46,3.99,1.0,18.0,0.0
12198,1786.2,208.95,3.85,1.0,18.0,0.0
12199,1786.2,212.45,3.73,1.0,18.0,0.0
12200,1786.2,212.84,3.72,1.0,18.0,0.0
12201,1786.2,215.94,3.62,1.0,18.0,0.0
12202,1786.2,219.44,3.52,1.0,18.0,0.0
12203,1786.2,222.32,3.44,1.0,18.0,0.0
12204,1786.2,222.93,3.43,1.0,18.0,0.0
12205,1786.2,226.43,3.34,1.0,18.0,0.0
12206,1786.2,229.92,3.26,1.0,18.0,0.0
12207,1786.2,231.06,3.23,1.0,18.0,0.0
12208,1786.2,233.42,3.18,1.0,18.0,0.0
12209,1786.2,236.91,3.1,1.0,18.0,0.0
12210,1786.2,237.44,3.09,1.0,18.0,0.0
12211,1786.2,327.73,1.87,1.0,19.0,0.0
12212,1786.2,450.11,0.965,1.0,20.0,0.0
12213,1786.2,515.03,0.647,1.0,21.0,0.0
12214,1786.2,588.03,0.383,1.0,21.0,0.0
12215,1786.2,586.41,0.388,1.0,21.0,0.0
12216,1786.2,585.58,0.39,1.0,21.0,0.0
12217,1786.2,583.12,0.398,1.0,21.0,0.0
12218,1786.2,582.92,0.398,1.0,21.0,0.0
12219,1786.2,580.67,0.405,1.0,21.0,0.0
12220,1786.2,579.42,0.409,1.0,21.0,0.0
12221,1786.2,578.21,0.413,1.0,21.0,0.0
12222,1786.2,575.93,0.42,1.0,21.0,0.0
12223,1786.2,575.76,0.421,1.0,21.0,0.0
12224,1786.2,573.33,0.429,1.0,21.0,0.0
12225,1786.2,572.43,0.432,1.0,21.0,0.0
12226,1786.2,571.02,0.436,1.0,21.0,0.0
12227,1786.2,568.94,0.443,1.0,21.0,0.0
12228,1786.2,568.87,0.444,1.0,21.0,0.0
12229,1786.2,567.35,0.449,1.0,21.0,0.0
12230,1786.2,565.86,0.454,1.0,21.0,0.0
12231,1786.2,565.44,0.455,1.0,21.0,0.0
12232,1786.2,564.37,0.459,1.0,21.0,0.0
12233,1786.2,562.88,0.464,1.0,21.0,0.0
12234,1786.2,561.95,0.467,1.0,21.0,0.0
12235,1786.2,558.45,0.479,1.0,21.0,0.0
12236,1786.2,557.76,0.482,1.0,21.0,0.0
12237,1786.2,554.96,0.491,1.0,21.0,0.0
12238,1786.2,551.46,0.504,1.0,21.0,0.0
12239,1786.2,549.1,0.513,1.0,21.0,0.0
12240,1786.2,547.97,0.517,1.0,21.0,0.0
12241,1786.2,544.47,0.53,1.0,21.0,0.0
12242,1786.2,540.98,0.543,1.0,21.0,0.0
12243,1786.2,537.48,0.556,1.0,21.0,0.0
12244,1786.2,533.99,0.57,1.0,21.0,0.0
12245,1786.2,531.44,0.58,1.0,21.0,0.0
12246,1786.2,530.49,0.583,1.0,21.0,0.0
12247,1786.2,527.0,0.597,1.0,21.0,0.0
12248,1786.2,523.5,0.612,1.0,21.0,0.0
12249,1786.2,453.6,0.946,1.0,20.0,0.0
12250,1786.2,451.25,0.959,1.0,20.0,0.0
12251,1786.2,450.11,0.965,1.0,20.0,0.0
12252,1786.2,446.61,0.985,1.0,20.0,0.0
12253,1786.2,443.12,1.01,1.0,20.0,0.0
12254,1786.2,299.82,2.16,1.0,19.0,0.0
12255,1786.2,264.87,2.62,1.0,18.0,0.0
12256,1786.2,121.58,22.8,1.0,16.0,0.0
12257,1786.2,2.7475,10000.0,1.0,5.0,0.0
12258,1790.0,72.91,55.9,1.0,14.0,0.0
12259,1790.0,76.142,51.9,1.0,14.0,0.0
12260,1790.0,77.744,50.1,1.0,14.0,0.0
12261,1790.0,79.637,48.1,1.0,14.0,0.0
12262,1790.0,81.93,45.8,1.0,14.0,0.0
12263,1790.0,83.132,44.7,1.0,15.0,0.0
12264,1790.0,86.627,41.6,1.0,15.0,0.0
12265,1790.0,90.122,38.9,1.0,15.0,0.0
12266,1790.0,92.493,37.2,1.0,15.0,0.0
12267,1790.0,93.617,36.4,1.0,15.0,0.0
12268,1790.0,97.112,34.1,1.0,15.0,0.0
12269,1790.0,98.772,33.1,1.0,15.0,0.0
12270,1790.0,100.61,32.1,1.0,15.0,0.0
12271,1790.0,102.06,31.3,1.0,15.0,0.0
12272,1790.0,104.1,30.2,1.0,15.0,0.0
12273,1790.0,105.06,29.8,1.0,15.0,0.0
12274,1790.0,107.6,28.5,1.0,15.0,0.0
12275,1790.0,108.95,27.9,1.0,15.0,0.0
12276,1790.0,111.09,27.0,1.0,15.0,0.0
12277,1790.0,112.83,26.2,1.0,15.0,0.0
12278,1790.0,114.59,25.5,1.0,15.0,0.0
12279,1790.0,116.75,24.7,1.0,15.0,0.0
12280,1790.0,118.08,24.2,1.0,16.0,0.0
12281,1790.0,121.58,23.0,1.0,16.0,0.0
12282,1790.0,124.97,21.9,1.0,16.0,0.0
12283,1790.0,125.07,21.9,1.0,16.0,0.0
12284,1790.0,128.57,20.8,1.0,16.0,0.0
12285,1790.0,132.06,19.8,1.0,16.0,0.0
12286,1790.0,133.19,19.5,1.0,16.0,0.0
12287,1790.0,135.56,18.9,1.0,16.0,0.0
12288,1790.0,139.05,18.1,1.0,16.0,0.0
12289,1790.0,142.55,17.3,1.0,16.0,0.0
12290,1790.0,144.15,16.9,1.0,16.0,0.0
12291,1790.0,146.04,16.5,1.0,16.0,0.0
12292,1790.0,149.54,15.8,1.0,16.0,0.0
12293,1790.0,149.89,15.8,1.0,16.0,0.0
12294,1790.0,153.03,15.1,1.0,16.0,0.0
12295,1790.0,153.87,15.0,1.0,16.0,0.0
12296,1790.0,156.53,14.5,1.0,16.0,0.0
12297,1790.0,160.02,13.7,1.0,16.0,0.0
12298,1790.0,161.99,13.3,1.0,16.0,0.0
12299,1790.0,163.52,12.8,1.0,17.0,0.0
12300,1790.0,167.01,11.6,1.0,17.0,0.0
12301,1790.0,170.51,9.5,1.0,17.0,0.0
12302,1790.0,171.17,8.97,1.0,17.0,0.0
12303,1790.0,174.0,7.23,1.0,17.0,0.0
12304,1790.0,177.5,6.32,1.0,17.0,0.0
12305,1790.0,180.35,5.84,1.0,17.0,0.0
12306,1790.0,180.99,5.75,1.0,17.0,0.0
12307,1790.0,184.49,5.33,1.0,17.0,0.0
12308,1790.0,187.98,5.01,1.0,17.0,0.0
12309,1790.0,188.7,4.95,1.0,17.0,0.0
12310,1790.0,191.48,4.75,1.0,18.0,0.0
12311,1790.0,194.97,4.52,1.0,18.0,0.0
12312,1790.0,196.18,4.46,1.0,18.0,0.0
12313,1790.0,198.47,4.33,1.0,18.0,0.0
12314,1790.0,200.38,4.24,1.0,18.0,0.0
12315,1790.0,201.96,4.17,1.0,18.0,0.0
12316,1790.0,205.46,4.02,1.0,18.0,0.0
12317,1790.0,208.95,3.89,1.0,18.0,0.0
12318,1790.0,212.45,3.76,1.0,18.0,0.0
12319,1790.0,212.84,3.75,1.0,18.0,0.0
12320,1790.0,215.94,3.65,1.0,18.0,0.0
12321,1790.0,219.44,3.55,1.0,18.0,0.0
12322,1790.0,222.32,3.47,1.0,18.0,0.0
12323,1790.0,222.93,3.45,1.0,18.0,0.0
12324,1790.0,226.43,3.37,1.0,18.0,0.0
12325,1790.0,229.92,3.28,1.0,18.0,0.0
12326,1790.0,231.06,3.26,1.0,18.0,0.0
12327,1790.0,233.42,3.2,1.0,18.0,0.0
12328,1790.0,236.91,3.13,1.0,18.0,0.0
12329,1790.0,237.44,3.12,1.0,18.0,0.0
12330,1790.0,327.73,1.89,1.0,19.0,0.0
12331,1790.0,450.11,0.975,1.0,20.0,0.0
12332,1790.0,515.03,0.654,1.0,21.0,0.0
12333,1790.0,588.03,0.388,1.0,21.0,0.0
12334,1790.0,586.41,0.393,1.0,21.0,0.0
12335,1790.0,585.58,0.396,1.0,21.0,0.0
12336,1790.0,583.12,0.403,1.0,21.0,0.0
12337,1790.0,582.92,0.404,1.0,21.0,0.0
12338,1790.0,580.67,0.411,1.0,21.0,0.0
12339,1790.0,579.42,0.415,1.0,21.0,0.0
12340,1790.0,578.21,0.419,1.0,21.0,0.0
12341,1790.0,575.93,0.426,1.0,21.0,0.0
12342,1790.0,575.76,0.427,1.0,21.0,0.0
12343,1790.0,573.33,0.435,1.0,21.0,0.0
12344,1790.0,572.43,0.438,1.0,21.0,0.0
12345,1790.0,571.02,0.442,1.0,21.0,0.0
12346,1790.0,568.94,0.449,1.0,21.0,0.0
12347,1790.0,568.87,0.45,1.0,21.0,0.0
12348,1790.0,567.35,0.455,1.0,21.0,0.0
12349,1790.0,565.86,0.46,1.0,21.0,0.0
12350,1790.0,565.44,0.461,1.0,21.0,0.0
12351,1790.0,564.37,0.465,1.0,21.0,0.0
12352,1790.0,562.88,0.47,1.0,21.0,0.0
12353,1790.0,561.95,0.473,1.0,21.0,0.0
12354,1790.0,558.45,0.485,1.0,21.0,0.0
12355,1790.0,557.76,0.488,1.0,21.0,0.0
12356,1790.0,554.96,0.498,1.0,21.0,0.0
12357,1790.0,551.46,0.51,1.0,21.0,0.0
12358,1790.0,549.1,0.519,1.0,21.0,0.0
12359,1790.0,547.97,0.523,1.0,21.0,0.0
12360,1790.0,544.47,0.536,1.0,21.0,0.0
12361,1790.0,540.98,0.549,1.0,21.0,0.0
12362,1790.0,537.48,0.563,1.0,21.0,0.0
12363,1790.0,533.99,0.577,1.0,21.0,0.0
12364,1790.0,531.44,0.587,1.0,21.0,0.0
12365,1790.0,530.49,0.59,1.0,21.0,0.0
12366,1790.0,527.0,0.605,1.0,21.0,0.0
12367,1790.0,523.5,0.619,1.0,21.0,0.0
12368,1790.0,453.6,0.956,1.0,20.0,0.0
12369,1790.0,451.25,0.969,1.0,20.0,0.0
12370,1790.0,450.11,0.975,1.0,20.0,0.0
12371,1790.0,446.61,0.995,1.0,20.0,0.0
12372,1790.0,443.12,1.02,1.0,20.0,0.0
12373,1790.0,299.82,2.18,1.0,19.0,0.0
12374,1790.0,264.87,2.64,1.0,18.0,0.0
12375,1790.0,121.58,23.0,1.0,16.0,0.0
12376,1790.0,2.7475,10100.0,1.0,5.0,0.0
12377,1794.1,72.91,56.4,1.0,14.0,0.0
12378,1794.1,76.142,52.4,1.0,14.0,0.0
12379,1794.1,77.744,50.5,1.0,14.0,0.0
12380,1794.1,79.637,48.5,1.0,14.0,0.0
12381,1794.1,81.93,46.2,1.0,14.0,0.0
12382,1794.1,83.132,45.0,1.0,15.0,0.0
12383,1794.1,86.627,42.0,1.0,15.0,0.0
12384,1794.1,90.122,39.2,1.0,15.0,0.0
12385,1794.1,92.493,37.5,1.0,15.0,0.0
12386,1794.1,93.617,36.7,1.0,15.0,0.0
12387,1794.1,97.112,34.4,1.0,15.0,0.0
12388,1794.1,98.772,33.4,1.0,15.0,0.0
12389,1794.1,100.61,32.4,1.0,15.0,0.0
12390,1794.1,102.06,31.6,1.0,15.0,0.0
12391,1794.1,104.1,30.5,1.0,15.0,0.0
12392,1794.1,105.06,30.0,1.0,15.0,0.0
12393,1794.1,107.6,28.8,1.0,15.0,0.0
12394,1794.1,108.95,28.1,1.0,15.0,0.0
12395,1794.1,111.09,27.2,1.0,15.0,0.0
12396,1794.1,112.83,26.5,1.0,15.0,0.0
12397,1794.1,114.59,25.8,1.0,15.0,0.0
12398,1794.1,116.75,24.9,1.0,15.0,0.0
12399,1794.1,118.08,24.4,1.0,16.0,0.0
12400,1794.1,121.58,23.2,1.0,16.0,0.0
12401,1794.1,124.97,22.1,1.0,16.0,0.0
12402,1794.1,125.07,22.0,1.0,16.0,0.0
12403,1794.1,128.57,21.0,1.0,16.0,0.0
12404,1794.1,132.06,20.0,1.0,16.0,0.0
12405,1794.1,133.19,19.7,1.0,16.0,0.0
12406,1794.1,135.56,19.1,1.0,16.0,0.0
12407,1794.1,139.05,18.2,1.0,16.0,0.0
12408,1794.1,142.55,17.4,1.0,16.0,0.0
12409,1794.1,144.15,17.1,1.0,16.0,0.0
12410,1794.1,146.04,16.7,1.0,16.0,0.0
12411,1794.1,149.54,16.0,1.0,16.0,0.0
12412,1794.1,149.89,15.9,1.0,16.0,0.0
12413,1794.1,153.03,15.3,1.0,16.0,0.0
12414,1794.1,153.87,15.1,1.0,16.0,0.0
12415,1794.1,156.53,14.6,1.0,16.0,0.0
12416,1794.1,160.02,13.9,1.0,16.0,0.0
12417,1794.1,161.99,13.4,1.0,16.0,0.0
12418,1794.1,163.52,13.0,1.0,17.0,0.0
12419,1794.1,167.01,11.7,1.0,17.0,0.0
12420,1794.1,170.51,9.58,1.0,17.0,0.0
12421,1794.1,171.17,9.05,1.0,17.0,0.0
12422,1794.1,174.0,7.3,1.0,17.0,0.0
12423,1794.1,177.5,6.38,1.0,17.0,0.0
12424,1794.1,180.35,5.89,1.0,17.0,0.0
12425,1794.1,180.99,5.8,1.0,17.0,0.0
12426,1794.1,184.49,5.38,1.0,17.0,0.0
12427,1794.1,187.98,5.05,1.0,17.0,0.0
12428,1794.1,188.7,5.0,1.0,17.0,0.0
12429,1794.1,191.48,4.79,1.0,17.0,0.0
12430,1794.1,194.97,4.56,1.0,18.0,0.0
12431,1794.1,196.18,4.49,1.0,18.0,0.0
12432,1794.1,198.47,4.37,1.0,18.0,0.0
12433,1794.1,200.38,4.28,1.0,18.0,0.0
12434,1794.1,201.96,4.2,1.0,18.0,0.0
12435,1794.1,205.46,4.05,1.0,18.0,0.0
12436,1794.1,208.95,3.92,1.0,18.0,0.0
12437,1794.1,212.45,3.8,1.0,18.0,0.0
12438,1794.1,212.84,3.78,1.0,18.0,0.0
12439,1794.1,215.94,3.68,1.0,18.0,0.0
12440,1794.1,219.44,3.58,1.0,18.0,0.0
12441,1794.1,222.32,3.5,1.0,18.0,0.0
12442,1794.1,222.93,3.49,1.0,18.0,0.0
12443,1794.1,226.43,3.4,1.0,18.0,0.0
12444,1794.1,229.92,3.31,1.0,18.0,0.0
12445,1794.1,231.06,3.28,1.0,18.0,0.0
12446,1794.1,233.42,3.23,1.0,18.0,0.0
12447,1794.1,236.91,3.16,1.0,18.0,0.0
12448,1794.1,237.44,3.15,1.0,18.0,0.0
12449,1794.1,327.73,1.9,1.0,19.0,0.0
12450,1794.1,450.11,0.986,1.0,20.0,0.0
12451,1794.1,515.03,0.663,1.0,21.0,0.0
12452,1794.1,588.03,0.394,1.0,21.0,0.0
12453,1794.1,586.41,0.399,1.0,21.0,0.0
12454,1794.1,585.58,0.402,1.0,21.0,0.0
12455,1794.1,583.12,0.409,1.0,21.0,0.0
12456,1794.1,582.92,0.41,1.0,21.0,0.0
12457,1794.1,580.67,0.417,1.0,21.0,0.0
12458,1794.1,579.42,0.421,1.0,21.0,0.0
12459,1794.1,578.21,0.425,1.0,21.0,0.0
12460,1794.1,575.93,0.432,1.0,21.0,0.0
12461,1794.1,575.76,0.433,1.0,21.0,0.0
12462,1794.1,573.33,0.441,1.0,21.0,0.0
12463,1794.1,572.43,0.444,1.0,21.0,0.0
12464,1794.1,571.02,0.449,1.0,21.0,0.0
12465,1794.1,568.94,0.456,1.0,21.0,0.0
12466,1794.1,568.87,0.456,1.0,21.0,0.0
12467,1794.1,567.35,0.461,1.0,21.0,0.0
12468,1794.1,565.86,0.466,1.0,21.0,0.0
12469,1794.1,565.44,0.468,1.0,21.0,0.0
12470,1794.1,564.37,0.471,1.0,21.0,0.0
12471,1794.1,562.88,0.477,1.0,21.0,0.0
12472,1794.1,561.95,0.48,1.0,21.0,0.0
12473,1794.1,558.45,0.492,1.0,21.0,0.0
12474,1794.1,557.76,0.495,1.0,21.0,0.0
12475,1794.1,554.96,0.505,1.0,21.0,0.0
12476,1794.1,551.46,0.517,1.0,21.0,0.0
12477,1794.1,549.1,0.526,1.0,21.0,0.0
12478,1794.1,547.97,0.53,1.0,21.0,0.0
12479,1794.1,544.47,0.543,1.0,21.0,0.0
12480,1794.1,540.98,0.557,1.0,21.0,0.0
12481,1794.1,537.48,0.57,1.0,21.0,0.0
12482,1794.1,533.99,0.584,1.0,21.0,0.0
12483,1794.1,531.44,0.594,1.0,21.0,0.0
12484,1794.1,530.49,0.598,1.0,21.0,0.0
12485,1794.1,527.0,0.612,1.0,21.0,0.0
12486,1794.1,523.5,0.627,1.0,21.0,0.0
12487,1794.1,453.6,0.966,1.0,20.0,0.0
12488,1794.1,451.25,0.979,1.0,20.0,0.0
12489,1794.1,450.11,0.986,1.0,20.0,0.0
12490,1794.1,446.61,1.01,1.0,20.0,0.0
12491,1794.1,443.12,1.03,1.0,20.0,0.0
12492,1794.1,299.82,2.2,1.0,19.0,0.0
12493,1794.1,264.87,2.66,1.0,18.0,0.0
12494,1794.1,121.58,23.2,1.0,16.0,0.0
12495,1794.1,2.7475,10200.0,1.0,5.0,0.0
12496,1798.5,72.91,56.9,1.0,14.0,0.0
12497,1798.5,76.142,52.8,1.0,14.0,0.0
12498,1798.5,77.744,51.0,1.0,14.0,0.0
12499,1798.5,79.637,48.9,1.0,14.0,0.0
12500,1798.5,81.93,46.6,1.0,14.0,0.0
12501,1798.5,83.132,45.4,1.0,15.0,0.0
12502,1798.5,86.627,42.3,1.0,15.0,0.0
12503,1798.5,90.122,39.5,1.0,15.0,0.0
12504,1798.5,92.493,37.8,1.0,15.0,0.0
12505,1798.5,93.617,37.0,1.0,15.0,0.0
12506,1798.5,97.112,34.7,1.0,15.0,0.0
12507,1798.5,98.772,33.7,1.0,15.0,0.0
12508,1798.5,100.61,32.7,1.0,15.0,0.0
12509,1798.5,102.06,31.8,1.0,15.0,0.0
12510,1798.5,104.1,30.8,1.0,15.0,0.0
12511,1798.5,105.06,30.3,1.0,15.0,0.0
12512,1798.5,107.6,29.0,1.0,15.0,0.0
12513,1798.5,108.95,28.4,1.0,15.0,0.0
12514,1798.5,111.09,27.4,1.0,15.0,0.0
12515,1798.5,112.83,26.7,1.0,15.0,0.0
12516,1798.5,114.59,26.0,1.0,15.0,0.0
12517,1798.5,116.75,25.1,1.0,15.0,0.0
12518,1798.5,118.08,24.6,1.0,16.0,0.0
12519,1798.5,121.58,23.4,1.0,16.0,0.0
12520,1798.5,124.97,22.3,1.0,16.0,0.0
12521,1798.5,125.07,22.2,1.0,16.0,0.0
12522,1798.5,128.57,21.2,1.0,16.0,0.0
12523,1798.5,132.06,20.2,1.0,16.0,0.0
12524,1798.5,133.19,19.9,1.0,16.0,0.0
12525,1798.5,135.56,19.3,1.0,16.0,0.0
12526,1798.5,139.05,18.4,1.0,16.0,0.0
12527,1798.5,142.55,17.6,1.0,16.0,0.0
12528,1798.5,144.15,17.2,1.0,16.0,0.0
12529,1798.5,146.04,16.8,1.0,16.0,0.0
12530,1798.5,149.54,16.1,1.0,16.0,0.0
12531,1798.5,149.89,16.0,1.0,16.0,0.0
12532,1798.5,153.03,15.4,1.0,16.0,0.0
12533,1798.5,153.87,15.2,1.0,16.0,0.0
12534,1798.5,156.53,14.7,1.0,16.0,0.0
12535,1798.5,160.02,14.0,1.0,16.0,0.0
12536,1798.5,161.99,13.5,1.0,16.0,0.0
12537,1798.5,163.52,13.1,1.0,17.0,0.0
12538,1798.5,167.01,11.8,1.0,17.0,0.0
12539,1798.5,170.51,9.67,1.0,17.0,0.0
12540,1798.5,171.17,9.13,1.0,17.0,0.0
12541,1798.5,174.0,7.36,1.0,17.0,0.0
12542,1798.5,177.5,6.44,1.0,17.0,0.0
12543,1798.5,180.35,5.95,1.0,17.0,0.0
12544,1798.5,180.99,5.85,1.0,17.0,0.0
12545,1798.5,184.49,5.43,1.0,17.0,0.0
12546,1798.5,187.98,5.1,1.0,17.0,0.0
12547,1798.5,188.7,5.04,1.0,17.0,0.0
12548,1798.5,191.48,4.83,1.0,17.0,0.0
12549,1798.5,194.97,4.61,1.0,18.0,0.0
12550,1798.5,196.18,4.54,1.0,18.0,0.0
12551,1798.5,198.47,4.41,1.0,18.0,0.0
12552,1798.5,200.38,4.32,1.0,18.0,0.0
12553,1798.5,201.96,4.24,1.0,18.0,0.0
12554,1798.5,205.46,4.09,1.0,18.0,0.0
12555,1798.5,208.95,3.96,1.0,18.0,0.0
12556,1798.5,212.45,3.83,1.0,18.0,0.0
12557,1798.5,212.84,3.82,1.0,18.0,0.0
12558,1798.5,215.94,3.72,1.0,18.0,0.0
12559,1798.5,219.44,3.62,1.0,18.0,0.0
12560,1798.5,222.32,3.53,1.0,18.0,0.0
12561,1798.5,222.93,3.52,1.0,18.0,0.0
12562,1798.5,226.43,3.43,1.0,18.0,0.0
12563,1798.5,229.92,3.34,1.0,18.0,0.0
12564,1798.5,231.06,3.32,1.0,18.0,0.0
12565,1798.5,233.42,3.26,1.0,18.0,0.0
12566,1798.5,236.91,3.19,1.0,18.0,0.0
12567,1798.5,237.44,3.18,1.0,18.0,0.0
12568,1798.5,327.73,1.92,1.0,19.0,0.0
12569,1798.5,450.11,0.997,1.0,20.0,0.0
12570,1798.5,515.03,0.671,1.0,21.0,0.0
12571,1798.5,588.03,0.4,1.0,21.0,0.0
12572,1798.5,586.41,0.405,1.0,21.0,0.0
12573,1798.5,585.58,0.408,1.0,21.0,0.0
12574,1798.5,583.12,0.416,1.0,21.0,0.0
12575,1798.5,582.92,0.416,1.0,21.0,0.0
12576,1798.5,580.67,0.424,1.0,21.0,0.0
12577,1798.5,579.42,0.428,1.0,21.0,0.0
12578,1798.5,578.21,0.432,1.0,21.0,0.0
12579,1798.5,575.93,0.439,1.0,21.0,0.0
12580,1798.5,575.76,0.44,1.0,21.0,0.0
12581,1798.5,573.33,0.448,1.0,21.0,0.0
12582,1798.5,572.43,0.451,1.0,21.0,0.0
12583,1798.5,571.02,0.456,1.0,21.0,0.0
12584,1798.5,568.94,0.463,1.0,21.0,0.0
12585,1798.5,568.87,0.463,1.0,21.0,0.0
12586,1798.5,567.35,0.468,1.0,21.0,0.0
12587,1798.5,565.86,0.473,1.0,21.0,0.0
12588,1798.5,565.44,0.475,1.0,21.0,0.0
12589,1798.5,564.37,0.479,1.0,21.0,0.0
12590,1798.5,562.88,0.484,1.0,21.0,0.0
12591,1798.5,561.95,0.487,1.0,21.0,0.0
12592,1798.5,558.45,0.499,1.0,21.0,0.0
12593,1798.5,557.76,0.502,1.0,21.0,0.0
12594,1798.5,554.96,0.512,1.0,21.0,0.0
12595,1798.5,551.46,0.525,1.0,21.0,0.0
12596,1798.5,549.1,0.534,1.0,21.0,0.0
12597,1798.5,547.97,0.538,1.0,21.0,0.0
12598,1798.5,544.47,0.551,1.0,21.0,0.0
12599,1798.5,540.98,0.565,1.0,21.0,0.0
12600,1798.5,537.48,0.578,1.0,21.0,0.0
12601,1798.5,533.99,0.592,1.0,21.0,0.0
12602,1798.5,531.44,0.603,1.0,21.0,0.0
12603,1798.5,530.49,0.606,1.0,21.0,0.0
12604,1798.5,527.0,0.621,1.0,21.0,0.0
12605,1798.5,523.5,0.635,1.0,21.0,0.0
12606,1798.5,453.6,0.978,1.0,20.0,0.0
12607,1798.5,451.25,0.991,1.0,20.0,0.0
12608,1798.5,450.11,0.997,1.0,20.0,0.0
12609,1798.5,446.61,1.02,1.0,20.0,0.0
12610,1798.5,443.12,1.04,1.0,20.0,0.0
12611,1798.5,299.82,2.22,1.0,19.0,0.0
12612,1798.5,264.87,2.69,1.0,18.0,0.0
12613,1798.5,121.58,23.4,1.0,16.0,0.0
12614,1798.5,2.7475,10300.0,1.0,5.0,0.0
12615,1801.8,72.91,57.3,1.0,14.0,0.0
12616,1801.8,76.142,53.2,1.0,14.0,0.0
12617,1801.8,77.744,51.3,1.0,14.0,0.0
12618,1801.8,79.637,49.2,1.0,14.0,0.0
12619,1801.8,81.93,46.9,1.0,14.0,0.0
12620,1801.8,83.132,45.7,1.0,15.0,0.0
12621,1801.8,86.627,42.6,1.0,15.0,0.0
12622,1801.8,90.122,39.8,1.0,15.0,0.0
12623,1801.8,92.493,38.1,1.0,15.0,0.0
12624,1801.8,93.617,37.3,1.0,15.0,0.0
12625,1801.8,97.112,35.0,1.0,15.0,0.0
12626,1801.8,98.772,33.9,1.0,15.0,0.0
12627,1801.8,100.61,32.9,1.0,15.0,0.0
12628,1801.8,102.06,32.1,1.0,15.0,0.0
12629,1801.8,104.1,31.0,1.0,15.0,0.0
12630,1801.8,105.06,30.5,1.0,15.0,0.0
12631,1801.8,107.6,29.2,1.0,15.0,0.0
12632,1801.8,108.95,28.6,1.0,15.0,0.0
12633,1801.8,111.09,27.6,1.0,15.0,0.0
12634,1801.8,112.83,26.9,1.0,15.0,0.0
12635,1801.8,114.59,26.2,1.0,15.0,0.0
12636,1801.8,116.75,25.3,1.0,15.0,0.0
12637,1801.8,118.08,24.8,1.0,15.0,0.0
12638,1801.8,121.58,23.5,1.0,16.0,0.0
12639,1801.8,124.97,22.4,1.0,16.0,0.0
12640,1801.8,125.07,22.4,1.0,16.0,0.0
12641,1801.8,128.57,21.3,1.0,16.0,0.0
12642,1801.8,132.06,20.3,1.0,16.0,0.0
12643,1801.8,133.19,20.0,1.0,16.0,0.0
12644,1801.8,135.56,19.4,1.0,16.0,0.0
12645,1801.8,139.05,18.5,1.0,16.0,0.0
12646,1801.8,142.55,17.7,1.0,16.0,0.0
12647,1801.8,144.15,17.3,1.0,16.0,0.0
12648,1801.8,146.04,16.9,1.0,16.0,0.0
12649,1801.8,149.54,16.2,1.0,16.0,0.0
12650,1801.8,149.89,16.1,1.0,16.0,0.0
12651,1801.8,153.03,15.5,1.0,16.0,0.0
12652,1801.8,153.87,15.3,1.0,16.0,0.0
12653,1801.8,156.53,14.8,1.0,16.0,0.0
12654,1801.8,160.02,14.1,1.0,16.0,0.0
12655,1801.8,161.99,13.6,1.0,16.0,0.0
12656,1801.8,163.52,13.2,1.0,17.0,0.0
12657,1801.8,167.01,11.9,1.0,17.0,0.0
12658,1801.8,170.51,9.73,1.0,17.0,0.0
12659,1801.8,171.17,9.19,1.0,17.0,0.0
12660,1801.8,174.0,7.42,1.0,17.0,0.0
12661,1801.8,177.5,6.48,1.0,17.0,0.0
12662,1801.8,180.35,5.99,1.0,17.0,0.0
12663,1801.8,180.99,5.89,1.0,17.0,0.0
12664,1801.8,184.49,5.47,1.0,17.0,0.0
12665,1801.8,187.98,5.14,1.0,17.0,0.0
12666,1801.8,188.7,5.08,1.0,17.0,0.0
12667,1801.8,191.48,4.87,1.0,17.0,0.0
12668,1801.8,194.97,4.64,1.0,18.0,0.0
12669,1801.8,196.18,4.57,1.0,18.0,0.0
12670,1801.8,198.47,4.44,1.0,18.0,0.0
12671,1801.8,200.38,4.35,1.0,18.0,0.0
12672,1801.8,201.96,4.27,1.0,18.0,0.0
12673,1801.8,205.46,4.12,1.0,18.0,0.0
12674,1801.8,208.95,3.98,1.0,18.0,0.0
12675,1801.8,212.45,3.86,1.0,18.0,0.0
12676,1801.8,212.84,3.85,1.0,18.0,0.0
12677,1801.8,215.94,3.75,1.0,18.0,0.0
12678,1801.8,219.44,3.64,1.0,18.0,0.0
12679,1801.8,222.32,3.56,1.0,18.0,0.0
12680,1801.8,222.93,3.54,1.0,18.0,0.0
12681,1801.8,226.43,3.45,1.0,18.0,0.0
12682,1801.8,229.92,3.37,1.0,18.0,0.0
12683,1801.8,231.06,3.34,1.0,18.0,0.0
12684,1801.8,233.42,3.29,1.0,18.0,0.0
12685,1801.8,236.91,3.21,1.0,18.0,0.0
12686,1801.8,237.44,3.2,1.0,18.0,0.0
12687,1801.8,327.73,1.94,1.0,19.0,0.0
12688,1801.8,450.11,1.01,1.0,20.0,0.0
12689,1801.8,515.03,0.678,1.0,21.0,0.0
12690,1801.8,588.03,0.405,1.0,21.0,0.0
12691,1801.8,586.41,0.41,1.0,21.0,0.0
12692,1801.8,585.58,0.413,1.0,21.0,0.0
12693,1801.8,583.12,0.421,1.0,21.0,0.0
12694,1801.8,582.92,0.421,1.0,21.0,0.0
12695,1801.8,580.67,0.429,1.0,21.0,0.0
12696,1801.8,579.42,0.433,1.0,21.0,0.0
12697,1801.8,578.21,0.437,1.0,21.0,0.0
12698,1801.8,575.93,0.444,1.0,21.0,0.0
12699,1801.8,575.76,0.445,1.0,21.0,0.0
12700,1801.8,573.33,0.453,1.0,21.0,0.0
12701,1801.8,572.43,0.456,1.0,21.0,0.0
12702,1801.8,571.02,0.461,1.0,21.0,0.0
12703,1801.8,568.94,0.468,1.0,21.0,0.0
12704,1801.8,568.87,0.468,1.0,21.0,0.0
12705,1801.8,567.35,0.474,1.0,21.0,0.0
12706,1801.8,565.86,0.479,1.0,21.0,0.0
12707,1801.8,565.44,0.48,1.0,21.0,0.0
12708,1801.8,564.37,0.484,1.0,21.0,0.0
12709,1801.8,562.88,0.489,1.0,21.0,0.0
12710,1801.8,561.95,0.492,1.0,21.0,0.0
12711,1801.8,558.45,0.505,1.0,21.0,0.0
12712,1801.8,557.76,0.508,1.0,21.0,0.0
12713,1801.8,554.96,0.518,1.0,21.0,0.0
12714,1801.8,551.46,0.531,1.0,21.0,0.0
12715,1801.8,549.1,0.54,1.0,21.0,0.0
12716,1801.8,547.97,0.544,1.0,21.0,0.0
12717,1801.8,544.47,0.557,1.0,21.0,0.0
12718,1801.8,540.98,0.571,1.0,21.0,0.0
12719,1801.8,537.48,0.584,1.0,21.0,0.0
12720,1801.8,533.99,0.598,1.0,21.0,0.0
12721,1801.8,531.44,0.609,1.0,21.0,0.0
12722,1801.8,530.49,0.613,1.0,21.0,0.0
12723,1801.8,527.0,0.627,1.0,21.0,0.0
12724,1801.8,523.5,0.642,1.0,21.0,0.0
12725,1801.8,453.6,0.986,1.0,20.0,0.0
12726,1801.8,451.25,1.0,1.0,20.0,0.0
12727,1801.8,450.11,1.01,1.0,20.0,0.0
12728,1801.8,446.61,1.03,1.0,20.0,0.0
12729,1801.8,443.12,1.05,1.0,20.0,0.0
12730,1801.8,299.82,2.24,1.0,19.0,0.0
12731,1801.8,264.87,2.71,1.0,18.0,0.0
12732,1801.8,121.58,23.5,1.0,16.0,0.0
12733,1801.8,2.7475,10300.0,1.0,5.0,0.0
12734,1803.0,72.91,57.4,1.0,14.0,0.0
12735,1803.0,76.142,53.3,1.0,14.0,0.0
12736,1803.0,77.744,51.4,1.0,14.0,0.0
12737,1803.0,79.637,49.4,1.0,14.0,0.0
12738,1803.0,81.93,47.0,1.0,14.0,0.0
12739,1803.0,83.132,45.8,1.0,15.0,0.0
12740,1803.0,86.627,42.7,1.0,15.0,0.0
12741,1803.0,90.122,39.9,1.0,15.0,0.0
12742,1803.0,92.493,38.1,1.0,15.0,0.0
12743,1803.0,93.617,37.4,1.0,15.0,0.0
12744,1803.0,97.112,35.0,1.0,15.0,0.0
12745,1803.0,98.772,34.0,1.0,15.0,0.0
12746,1803.0,100.61,33.0,1.0,15.0,0.0
12747,1803.0,102.06,32.1,1.0,15.0,0.0
12748,1803.0,104.1,31.0,1.0,15.0,0.0
12749,1803.0,105.06,30.5,1.0,15.0,0.0
12750,1803.0,107.6,29.3,1.0,15.0,0.0
12751,1803.0,108.95,28.7,1.0,15.0,0.0
12752,1803.0,111.09,27.7,1.0,15.0,0.0
12753,1803.0,112.83,26.9,1.0,15.0,0.0
12754,1803.0,114.59,26.2,1.0,15.0,0.0
12755,1803.0,116.75,25.4,1.0,15.0,0.0
12756,1803.0,118.08,24.9,1.0,15.0,0.0
12757,1803.0,121.58,23.6,1.0,16.0,0.0
12758,1803.0,124.97,22.5,1.0,16.0,0.0
12759,1803.0,125.07,22.4,1.0,16.0,0.0
12760,1803.0,128.57,21.4,1.0,16.0,0.0
12761,1803.0,132.06,20.4,1.0,16.0,0.0
12762,1803.0,133.19,20.1,1.0,16.0,0.0
12763,1803.0,135.56,19.4,1.0,16.0,0.0
12764,1803.0,139.05,18.6,1.0,16.0,0.0
12765,1803.0,142.55,17.7,1.0,16.0,0.0
12766,1803.0,144.15,17.4,1.0,16.0,0.0
12767,1803.0,146.04,17.0,1.0,16.0,0.0
12768,1803.0,149.54,16.3,1.0,16.0,0.0
12769,1803.0,149.89,16.2,1.0,16.0,0.0
12770,1803.0,153.03,15.6,1.0,16.0,0.0
12771,1803.0,153.87,15.4,1.0,16.0,0.0
12772,1803.0,156.53,14.9,1.0,16.0,0.0
12773,1803.0,160.02,14.1,1.0,16.0,0.0
12774,1803.0,161.99,13.6,1.0,16.0,0.0
12775,1803.0,163.52,13.2,1.0,17.0,0.0
12776,1803.0,167.01,11.9,1.0,17.0,0.0
12777,1803.0,170.51,9.76,1.0,17.0,0.0
12778,1803.0,171.17,9.22,1.0,17.0,0.0
12779,1803.0,174.0,7.43,1.0,17.0,0.0
12780,1803.0,177.5,6.5,1.0,17.0,0.0
12781,1803.0,180.35,6.0,1.0,17.0,0.0
12782,1803.0,180.99,5.91,1.0,17.0,0.0
12783,1803.0,184.49,5.48,1.0,17.0,0.0
12784,1803.0,187.98,5.15,1.0,17.0,0.0
12785,1803.0,188.7,5.09,1.0,17.0,0.0
12786,1803.0,191.48,4.88,1.0,17.0,0.0
12787,1803.0,194.97,4.65,1.0,18.0,0.0
12788,1803.0,196.18,4.58,1.0,18.0,0.0
12789,1803.0,198.47,4.45,1.0,18.0,0.0
12790,1803.0,200.38,4.36,1.0,18.0,0.0
12791,1803.0,201.96,4.28,1.0,18.0,0.0
12792,1803.0,205.46,4.13,1.0,18.0,0.0
12793,1803.0,208.95,3.99,1.0,18.0,0.0
12794,1803.0,212.45,3.87,1.0,18.0,0.0
12795,1803.0,212.84,3.86,1.0,18.0,0.0
12796,1803.0,215.94,3.76,1.0,18.0,0.0
12797,1803.0,219.44,3.65,1.0,18.0,0.0
12798,1803.0,222.32,3.57,1.0,18.0,0.0
12799,1803.0,222.93,3.55,1.0,18.0,0.0
12800,1803.0,226.43,3.46,1.0,18.0,0.0
12801,1803.0,229.92,3.37,1.0,18.0,0.0
12802,1803.0,231.06,3.35,1.0,18.0,0.0
12803,1803.0,233.42,3.29,1.0,18.0,0.0
12804,1803.0,236.91,3.22,1.0,18.0,0.0
12805,1803.0,237.44,3.21,1.0,18.0,0.0
12806,1803.0,327.73,1.94,1.0,19.0,0.0
12807,1803.0,450.11,1.01,1.0,20.0,0.0
12808,1803.0,515.03,0.681,1.0,21.0,0.0
12809,1803.0,588.03,0.407,1.0,21.0,0.0
12810,1803.0,586.41,0.412,1.0,21.0,0.0
12811,1803.0,585.58,0.415,1.0,21.0,0.0
12812,1803.0,583.12,0.423,1.0,21.0,0.0
12813,1803.0,582.92,0.423,1.0,21.0,0.0
12814,1803.0,580.67,0.431,1.0,21.0,0.0
12815,1803.0,579.42,0.435,1.0,21.0,0.0
12816,1803.0,578.21,0.439,1.0,21.0,0.0
12817,1803.0,575.93,0.446,1.0,21.0,0.0
12818,1803.0,575.76,0.447,1.0,21.0,0.0
12819,1803.0,573.33,0.455,1.0,21.0,0.0
12820,1803.0,572.43,0.458,1.0,21.0,0.0
12821,1803.0,571.02,0.463,1.0,21.0,0.0
12822,1803.0,568.94,0.47,1.0,21.0,0.0
12823,1803.0,568.87,0.47,1.0,21.0,0.0
12824,1803.0,567.35,0.475,1.0,21.0,0.0
12825,1803.0,565.86,0.481,1.0,21.0,0.0
12826,1803.0,565.44,0.482,1.0,21.0,0.0
12827,1803.0,564.37,0.486,1.0,21.0,0.0
12828,1803.0,562.88,0.491,1.0,21.0,0.0
12829,1803.0,561.95,0.494,1.0,21.0,0.0
12830,1803.0,558.45,0.507,1.0,21.0,0.0
12831,1803.0,557.76,0.51,1.0,21.0,0.0
12832,1803.0,554.96,0.52,1.0,21.0,0.0
12833,1803.0,551.46,0.533,1.0,21.0,0.0
12834,1803.0,549.1,0.542,1.0,21.0,0.0
12835,1803.0,547.97,0.546,1.0,21.0,0.0
12836,1803.0,544.47,0.559,1.0,21.0,0.0
12837,1803.0,540.98,0.573,1.0,21.0,0.0
12838,1803.0,537.48,0.587,1.0,21.0,0.0
12839,1803.0,533.99,0.601,1.0,21.0,0.0
12840,1803.0,531.44,0.611,1.0,21.0,0.0
12841,1803.0,530.49,0.615,1.0,21.0,0.0
12842,1803.0,527.0,0.629,1.0,21.0,0.0
12843,1803.0,523.5,0.644,1.0,21.0,0.0
12844,1803.0,453.6,0.989,1.0,20.0,0.0
12845,1803.0,451.25,1.0,1.0,20.0,0.0
12846,1803.0,450.11,1.01,1.0,20.0,0.0
12847,1803.0,446.61,1.03,1.0,20.0,0.0
12848,1803.0,443.12,1.05,1.0,20.0,0.0
12849,1803.0,299.82,2.25,1.0,19.0,0.0
12850,1803.0,264.87,2.71,1.0,18.0,0.0
12851,1803.0,121.58,23.6,1.0,16.0,0.0
12852,1803.0,2.7475,10300.0,1.0,5.0,0.0
12853,1807.5,72.91,57.9,1.0,14.0,0.0
12854,1807.5,76.142,53.8,1.0,14.0,0.0
12855,1807.5,77.744,51.9,1.0,14.0,0.0
12856,1807.5,79.637,49.8,1.0,14.0,0.0
12857,1807.5,81.93,47.4,1.0,14.0,0.0
12858,1807.5,83.132,46.3,1.0,14.0,0.0
12859,1807.5,86.627,43.1,1.0,15.0,0.0
12860,1807.5,90.122,40.3,1.0,15.0,0.0
12861,1807.5,92.493,38.5,1.0,15.0,0.0
12862,1807.5,93.617,37.7,1.0,15.0,0.0
12863,1807.5,97.112,35.4,1.0,15.0,0.0
12864,1807.5,98.772,34.3,1.0,15.0,0.0
12865,1807.5,100.61,33.2,1.0,15.0,0.0
12866,1807.5,102.06,32.4,1.0,15.0,0.0
12867,1807.5,104.1,31.3,1.0,15.0,0.0
12868,1807.5,105.06,30.8,1.0,15.0,0.0
12869,1807.5,107.6,29.6,1.0,15.0,0.0
12870,1807.5,108.95,28.9,1.0,15.0,0.0
12871,1807.5,111.09,27.9,1.0,15.0,0.0
12872,1807.5,112.83,27.2,1.0,15.0,0.0
12873,1807.5,114.59,26.5,1.0,15.0,0.0
12874,1807.5,116.75,25.6,1.0,15.0,0.0
12875,1807.5,118.08,25.1,1.0,15.0,0.0
12876,1807.5,121.58,23.8,1.0,16.0,0.0
12877,1807.5,124.97,22.7,1.0,16.0,0.0
12878,1807.5,125.07,22.7,1.0,16.0,0.0
12879,1807.5,128.57,21.6,1.0,16.0,0.0
12880,1807.5,132.06,20.6,1.0,16.0,0.0
12881,1807.5,133.19,20.2,1.0,16.0,0.0
12882,1807.5,135.56,19.6,1.0,16.0,0.0
12883,1807.5,139.05,18.7,1.0,16.0,0.0
12884,1807.5,142.55,17.9,1.0,16.0,0.0
12885,1807.5,144.15,17.5,1.0,16.0,0.0
12886,1807.5,146.04,17.1,1.0,16.0,0.0
12887,1807.5,149.54,16.4,1.0,16.0,0.0
12888,1807.5,149.89,16.3,1.0,16.0,0.0
12889,1807.5,153.03,15.7,1.0,16.0,0.0
12890,1807.5,153.87,15.5,1.0,16.0,0.0
12891,1807.5,156.53,15.0,1.0,16.0,0.0
12892,1807.5,160.02,14.2,1.0,16.0,0.0
12893,1807.5,161.99,13.8,1.0,16.0,0.0
12894,1807.5,163.52,13.3,1.0,17.0,0.0
12895,1807.5,167.01,12.0,1.0,17.0,0.0
12896,1807.5,170.51,9.85,1.0,17.0,0.0
12897,1807.5,171.17,9.3,1.0,17.0,0.0
12898,1807.5,174.0,7.5,1.0,17.0,0.0
12899,1807.5,177.5,6.56,1.0,17.0,0.0
12900,1807.5,180.35,6.06,1.0,17.0,0.0
12901,1807.5,180.99,5.96,1.0,17.0,0.0
12902,1807.5,184.49,5.53,1.0,17.0,0.0
12903,1807.5,187.98,5.2,1.0,17.0,0.0
12904,1807.5,188.7,5.14,1.0,17.0,0.0
12905,1807.5,191.48,4.93,1.0,17.0,0.0
12906,1807.5,194.97,4.7,1.0,18.0,0.0
12907,1807.5,196.18,4.62,1.0,18.0,0.0
12908,1807.5,198.47,4.5,1.0,18.0,0.0
12909,1807.5,200.38,4.4,1.0,18.0,0.0
12910,1807.5,201.96,4.32,1.0,18.0,0.0
12911,1807.5,205.46,4.17,1.0,18.0,0.0
12912,1807.5,208.95,4.03,1.0,18.0,0.0
12913,1807.5,212.45,3.91,1.0,18.0,0.0
12914,1807.5,212.84,3.89,1.0,18.0,0.0
12915,1807.5,215.94,3.79,1.0,18.0,0.0
12916,1807.5,219.44,3.68,1.0,18.0,0.0
12917,1807.5,222.32,3.6,1.0,18.0,0.0
12918,1807.5,222.93,3.59,1.0,18.0,0.0
12919,1807.5,226.43,3.49,1.0,18.0,0.0
12920,1807.5,229.92,3.41,1.0,18.0,0.0
12921,1807.5,231.06,3.38,1.0,18.0,0.0
12922,1807.5,233.42,3.33,1.0,18.0,0.0
12923,1807.5,236.91,3.25,1.0,18.0,0.0
12924,1807.5,237.44,3.24,1.0,18.0,0.0
12925,1807.5,327.73,1.96,1.0,19.0,0.0
12926,1807.5,450.11,1.02,1.0,20.0,0.0
12927,1807.5,515.03,0.69,1.0,21.0,0.0
12928,1807.5,588.03,0.414,1.0,21.0,0.0
12929,1807.5,586.41,0.419,1.0,21.0,0.0
12930,1807.5,585.58,0.421,1.0,21.0,0.0
12931,1807.5,583.12,0.429,1.0,21.0,0.0
12932,1807.5,582.92,0.43,1.0,21.0,0.0
12933,1807.5,580.67,0.437,1.0,21.0,0.0
12934,1807.5,579.42,0.442,1.0,21.0,0.0
12935,1807.5,578.21,0.446,1.0,21.0,0.0
12936,1807.5,575.93,0.453,1.0,21.0,0.0
12937,1807.5,575.76,0.454,1.0,21.0,0.0
12938,1807.5,573.33,0.462,1.0,21.0,0.0
12939,1807.5,572.43,0.465,1.0,21.0,0.0
12940,1807.5,571.02,0.47,1.0,21.0,0.0
12941,1807.5,568.94,0.477,1.0,21.0,0.0
12942,1807.5,568.87,0.477,1.0,21.0,0.0
12943,1807.5,567.35,0.483,1.0,21.0,0.0
12944,1807.5,565.86,0.488,1.0,21.0,0.0
12945,1807.5,565.44,0.489,1.0,21.0,0.0
12946,1807.5,564.37,0.493,1.0,21.0,0.0
12947,1807.5,562.88,0.499,1.0,21.0,0.0
12948,1807.5,561.95,0.502,1.0,21.0,0.0
12949,1807.5,558.45,0.515,1.0,21.0,0.0
12950,1807.5,557.76,0.517,1.0,21.0,0.0
12951,1807.5,554.96,0.528,1.0,21.0,0.0
12952,1807.5,551.46,0.541,1.0,21.0,0.0
12953,1807.5,549.1,0.55,1.0,21.0,0.0
12954,1807.5,547.97,0.554,1.0,21.0,0.0
12955,1807.5,544.47,0.567,1.0,21.0,0.0
12956,1807.5,540.98,0.581,1.0,21.0,0.0
12957,1807.5,537.48,0.595,1.0,21.0,0.0
12958,1807.5,533.99,0.609,1.0,21.0,0.0
12959,1807.5,531.44,0.62,1.0,21.0,0.0
12960,1807.5,530.49,0.624,1.0,21.0,0.0
12961,1807.5,527.0,0.638,1.0,21.0,0.0
12962,1807.5,523.5,0.653,1.0,21.0,0.0
12963,1807.5,453.6,1.0,1.0,20.0,0.0
12964,1807.5,451.25,1.01,1.0,20.0,0.0
12965,1807.5,450.11,1.02,1.0,20.0,0.0
12966,1807.5,446.61,1.04,1.0,20.0,0.0
12967,1807.5,443.12,1.06,1.0,20.0,0.0
12968,1807.5,299.82,2.27,1.0,19.0,0.0
12969,1807.5,264.87,2.74,1.0,18.0,0.0
12970,1807.5,121.58,23.8,1.0,16.0,0.0
12971,1807.5,2.7475,10400.0,1.0,5.0,0.0
12972,1811.9,72.91,58.4,1.0,14.0,0.0
12973,1811.9,76.142,54.3,1.0,14.0,0.0
12974,1811.9,77.744,52.4,1.0,14.0,0.0
12975,1811.9,79.637,50.2,1.0,14.0,0.0
12976,1811.9,81.93,47.9,1.0,14.0,0.0
12977,1811.9,83.132,46.7,1.0,14.0,0.0
12978,1811.9,86.627,43.5,1.0,15.0,0.0
12979,1811.9,90.122,40.6,1.0,15.0,0.0
12980,1811.9,92.493,38.8,1.0,15.0,0.0
12981,1811.9,93.617,38.0,1.0,15.0,0.0
12982,1811.9,97.112,35.7,1.0,15.0,0.0
12983,1811.9,98.772,34.6,1.0,15.0,0.0
12984,1811.9,100.61,33.5,1.0,15.0,0.0
12985,1811.9,102.06,32.7,1.0,15.0,0.0
12986,1811.9,104.1,31.6,1.0,15.0,0.0
12987,1811.9,105.06,31.1,1.0,15.0,0.0
12988,1811.9,107.6,29.8,1.0,15.0,0.0
12989,1811.9,108.95,29.2,1.0,15.0,0.0
12990,1811.9,111.09,28.2,1.0,15.0,0.0
12991,1811.9,112.83,27.4,1.0,15.0,0.0
12992,1811.9,114.59,26.7,1.0,15.0,0.0
12993,1811.9,116.75,25.8,1.0,15.0,0.0
12994,1811.9,118.08,25.3,1.0,15.0,0.0
12995,1811.9,121.58,24.0,1.0,16.0,0.0
12996,1811.9,124.97,22.9,1.0,16.0,0.0
12997,1811.9,125.07,22.9,1.0,16.0,0.0
12998,1811.9,128.57,21.8,1.0,16.0,0.0
12999,1811.9,132.06,20.7,1.0,16.0,0.0
13000,1811.9,133.19,20.4,1.0,16.0,0.0
13001,1811.9,135.56,19.8,1.0,16.0,0.0
13002,1811.9,139.05,18.9,1.0,16.0,0.0
13003,1811.9,142.55,18.1,1.0,16.0,0.0
13004,1811.9,144.15,17.7,1.0,16.0,0.0
13005,1811.9,146.04,17.3,1.0,16.0,0.0
13006,1811.9,149.54,16.5,1.0,16.0,0.0
13007,1811.9,149.89,16.5,1.0,16.0,0.0
13008,1811.9,153.03,15.8,1.0,16.0,0.0
13009,1811.9,153.87,15.7,1.0,16.0,0.0
13010,1811.9,156.53,15.1,1.0,16.0,0.0
13011,1811.9,160.02,14.4,1.0,16.0,0.0
13012,1811.9,161.99,13.9,1.0,16.0,0.0
13013,1811.9,163.52,13.4,1.0,16.0,0.0
13014,1811.9,167.01,12.1,1.0,17.0,0.0
13015,1811.9,170.51,9.94,1.0,17.0,0.0
13016,1811.9,171.17,9.39,1.0,17.0,0.0
13017,1811.9,174.0,7.57,1.0,17.0,0.0
13018,1811.9,177.5,6.62,1.0,17.0,0.0
13019,1811.9,180.35,6.11,1.0,17.0,0.0
13020,1811.9,180.99,6.02,1.0,17.0,0.0
13021,1811.9,184.49,5.58,1.0,17.0,0.0
13022,1811.9,187.98,5.25,1.0,17.0,0.0
13023,1811.9,188.7,5.19,1.0,17.0,0.0
13024,1811.9,191.48,4.97,1.0,17.0,0.0
13025,1811.9,194.97,4.74,1.0,18.0,0.0
13026,1811.9,196.18,4.67,1.0,18.0,0.0
13027,1811.9,198.47,4.54,1.0,18.0,0.0
13028,1811.9,200.38,4.44,1.0,18.0,0.0
13029,1811.9,201.96,4.36,1.0,18.0,0.0
13030,1811.9,205.46,4.21,1.0,18.0,0.0
13031,1811.9,208.95,4.07,1.0,18.0,0.0
13032,1811.9,212.45,3.94,1.0,18.0,0.0
13033,1811.9,212.84,3.93,1.0,18.0,0.0
13034,1811.9,215.94,3.83,1.0,18.0,0.0
13035,1811.9,219.44,3.72,1.0,18.0,0.0
13036,1811.9,222.32,3.64,1.0,18.0,0.0
13037,1811.9,222.93,3.62,1.0,18.0,0.0
13038,1811.9,226.43,3.53,1.0,18.0,0.0
13039,1811.9,229.92,3.44,1.0,18.0,0.0
13040,1811.9,231.06,3.41,1.0,18.0,0.0
13041,1811.9,233.42,3.36,1.0,18.0,0.0
13042,1811.9,236.91,3.28,1.0,18.0,0.0
13043,1811.9,237.44,3.27,1.0,18.0,0.0
13044,1811.9,327.73,1.98,1.0,19.0,0.0
13045,1811.9,450.11,1.03,1.0,20.0,0.0
13046,1811.9,515.03,0.699,1.0,21.0,0.0
13047,1811.9,588.03,0.42,1.0,21.0,0.0
13048,1811.9,586.41,0.425,1.0,21.0,0.0
13049,1811.9,585.58,0.428,1.0,21.0,0.0
13050,1811.9,583.12,0.436,1.0,21.0,0.0
13051,1811.9,582.92,0.437,1.0,21.0,0.0
13052,1811.9,580.67,0.444,1.0,21.0,0.0
13053,1811.9,579.42,0.448,1.0,21.0,0.0
13054,1811.9,578.21,0.452,1.0,21.0,0.0
13055,1811.9,575.93,0.46,1.0,21.0,0.0
13056,1811.9,575.76,0.461,1.0,21.0,0.0
13057,1811.9,573.33,0.469,1.0,21.0,0.0
13058,1811.9,572.43,0.472,1.0,21.0,0.0
13059,1811.9,571.02,0.477,1.0,21.0,0.0
13060,1811.9,568.94,0.484,1.0,21.0,0.0
13061,1811.9,568.87,0.485,1.0,21.0,0.0
13062,1811.9,567.35,0.49,1.0,21.0,0.0
13063,1811.9,565.86,0.495,1.0,21.0,0.0
13064,1811.9,565.44,0.497,1.0,21.0,0.0
13065,1811.9,564.37,0.501,1.0,21.0,0.0
13066,1811.9,562.88,0.506,1.0,21.0,0.0
13067,1811.9,561.95,0.509,1.0,21.0,0.0
13068,1811.9,558.45,0.522,1.0,21.0,0.0
13069,1811.9,557.76,0.525,1.0,21.0,0.0
13070,1811.9,554.96,0.535,1.0,21.0,0.0
13071,1811.9,551.46,0.548,1.0,21.0,0.0
13072,1811.9,549.1,0.557,1.0,21.0,0.0
13073,1811.9,547.97,0.562,1.0,21.0,0.0
13074,1811.9,544.47,0.575,1.0,21.0,0.0
13075,1811.9,540.98,0.589,1.0,21.0,0.0
13076,1811.9,537.48,0.603,1.0,21.0,0.0
13077,1811.9,533.99,0.618,1.0,21.0,0.0
13078,1811.9,531.44,0.628,1.0,21.0,0.0
13079,1811.9,530.49,0.632,1.0,21.0,0.0
13080,1811.9,527.0,0.647,1.0,21.0,0.0
13081,1811.9,523.5,0.662,1.0,21.0,0.0
13082,1811.9,453.6,1.01,1.0,20.0,0.0
13083,1811.9,451.25,1.03,1.0,20.0,0.0
13084,1811.9,450.11,1.03,1.0,20.0,0.0
13085,1811.9,446.61,1.05,1.0,20.0,0.0
13086,1811.9,443.12,1.08,1.0,20.0,0.0
13087,1811.9,299.82,2.29,1.0,19.0,0.0
13088,1811.9,264.87,2.77,1.0,18.0,0.0
13089,1811.9,121.58,24.0,1.0,16.0,0.0
13090,1811.9,2.7475,10500.0,1.0,5.0,0.0
13091,1900.2,72.91,69.2,1.0,14.0,0.0
13092,1900.2,76.142,64.3,1.0,14.0,0.0
13093,1900.2,77.744,62.1,1.0,14.0,0.0
13094,1900.2,79.637,59.6,1.0,14.0,0.0
13095,1900.2,81.93,56.7,1.0,14.0,0.0
13096,1900.2,83.132,55.3,1.0,14.0,0.0
13097,1900.2,86.627,51.6,1.0,14.0,0.0
13098,1900.2,90.122,48.2,1.0,15.0,0.0
13099,1900.2,92.493,46.1,1.0,15.0,0.0
13100,1900.2,93.617,45.1,1.0,15.0,0.0
13101,1900.2,97.112,42.3,1.0,15.0,0.0
13102,1900.2,98.772,41.1,1.0,15.0,0.0
13103,1900.2,100.61,39.8,1.0,15.0,0.0
13104,1900.2,102.06,38.8,1.0,15.0,0.0
13105,1900.2,104.1,37.5,1.0,15.0,0.0
13106,1900.2,105.06,36.9,1.0,15.0,0.0
13107,1900.2,107.6,35.4,1.0,15.0,0.0
13108,1900.2,108.95,34.7,1.0,15.0,0.0
13109,1900.2,111.09,33.5,1.0,15.0,0.0
13110,1900.2,112.83,32.6,1.0,15.0,0.0
13111,1900.2,114.59,31.7,1.0,15.0,0.0
13112,1900.2,116.75,30.7,1.0,15.0,0.0
13113,1900.2,118.08,30.1,1.0,15.0,0.0
13114,1900.2,121.58,28.6,1.0,15.0,0.0
13115,1900.2,124.97,27.2,1.0,15.0,0.0
13116,1900.2,125.07,27.2,1.0,15.0,0.0
13117,1900.2,128.57,25.9,1.0,16.0,0.0
13118,1900.2,132.06,24.7,1.0,16.0,0.0
13119,1900.2,133.19,24.3,1.0,16.0,0.0
13120,1900.2,135.56,23.6,1.0,16.0,0.0
13121,1900.2,139.05,22.5,1.0,16.0,0.0
13122,1900.2,142.55,21.5,1.0,16.0,0.0
13123,1900.2,144.15,21.1,1.0,16.0,0.0
13124,1900.2,146.04,20.6,1.0,16.0,0.0
13125,1900.2,149.54,19.7,1.0,16.0,0.0
13126,1900.2,149.89,19.6,1.0,16.0,0.0
13127,1900.2,153.03,18.9,1.0,16.0,0.0
13128,1900.2,153.87,18.7,1.0,16.0,0.0
13129,1900.2,156.53,18.0,1.0,16.0,0.0
13130,1900.2,160.02,17.1,1.0,16.0,0.0
13131,1900.2,161.99,16.6,1.0,16.0,0.0
13132,1900.2,163.52,16.0,1.0,16.0,0.0
13133,1900.2,167.01,14.4,1.0,16.0,0.0
13134,1900.2,170.51,11.9,1.0,17.0,0.0
13135,1900.2,171.17,11.2,1.0,17.0,0.0
13136,1900.2,174.0,9.05,1.0,17.0,0.0
13137,1900.2,177.5,7.92,1.0,17.0,0.0
13138,1900.2,180.35,7.32,1.0,17.0,0.0
13139,1900.2,180.99,7.2,1.0,17.0,0.0
13140,1900.2,184.49,6.69,1.0,17.0,0.0
13141,1900.2,187.98,6.28,1.0,17.0,0.0
13142,1900.2,188.7,6.21,1.0,17.0,0.0
13143,1900.2,191.48,5.95,1.0,17.0,0.0
13144,1900.2,194.97,5.68,1.0,17.0,0.0
13145,1900.2,196.18,5.59,1.0,17.0,0.0
13146,1900.2,198.47,5.44,1.0,17.0,0.0
13147,1900.2,200.38,5.32,1.0,17.0,0.0
13148,1900.2,201.96,5.23,1.0,17.0,0.0
13149,1900.2,205.46,5.04,1.0,18.0,0.0
13150,1900.2,208.95,4.88,1.0,18.0,0.0
13151,1900.2,212.45,4.73,1.0,18.0,0.0
13152,1900.2,212.84,4.71,1.0,18.0,0.0
13153,1900.2,215.94,4.59,1.0,18.0,0.0
13154,1900.2,219.44,4.46,1.0,18.0,0.0
13155,1900.2,222.32,4.36,1.0,18.0,0.0
13156,1900.2,222.93,4.34,1.0,18.0,0.0
13157,1900.2,226.43,4.23,1.0,18.0,0.0
13158,1900.2,229.92,4.13,1.0,18.0,0.0
13159,1900.2,231.06,4.1,1.0,18.0,0.0
13160,1900.2,233.42,4.03,1.0,18.0,0.0
13161,1900.2,236.91,3.94,1.0,18.0,0.0
13162,1900.2,237.44,3.92,1.0,18.0,0.0
13163,1900.2,327.73,2.41,1.0,19.0,0.0
13164,1900.2,450.11,1.29,1.0,20.0,0.0
13165,1900.2,515.03,0.897,1.0,20.0,0.0
13166,1900.2,588.03,0.565,1.0,21.0,0.0
13167,1900.2,586.41,0.572,1.0,21.0,0.0
13168,1900.2,585.58,0.575,1.0,21.0,0.0
13169,1900.2,583.12,0.584,1.0,21.0,0.0
13170,1900.2,582.92,0.585,1.0,21.0,0.0
13171,1900.2,580.67,0.594,1.0,21.0,0.0
13172,1900.2,579.42,0.599,1.0,21.0,0.0
13173,1900.2,578.21,0.604,1.0,21.0,0.0
13174,1900.2,575.93,0.613,1.0,21.0,0.0
13175,1900.2,575.76,0.614,1.0,21.0,0.0
13176,1900.2,573.33,0.624,1.0,21.0,0.0
13177,1900.2,572.43,0.628,1.0,21.0,0.0
13178,1900.2,571.02,0.633,1.0,21.0,0.0
13179,1900.2,568.94,0.642,1.0,21.0,0.0
13180,1900.2,568.87,0.642,1.0,21.0,0.0
13181,1900.2,567.35,0.649,1.0,21.0,0.0
13182,1900.2,565.86,0.655,1.0,21.0,0.0
13183,1900.2,565.44,0.657,1.0,21.0,0.0
13184,1900.2,564.37,0.662,1.0,21.0,0.0
13185,1900.2,562.88,0.668,1.0,21.0,0.0
13186,1900.2,561.95,0.672,1.0,21.0,0.0
13187,1900.2,558.45,0.687,1.0,21.0,0.0
13188,1900.2,557.76,0.69,1.0,21.0,0.0
13189,1900.2,554.96,0.703,1.0,21.0,0.0
13190,1900.2,551.46,0.718,1.0,21.0,0.0
13191,1900.2,549.1,0.729,1.0,21.0,0.0
13192,1900.2,547.97,0.734,1.0,21.0,0.0
13193,1900.2,544.47,0.751,1.0,21.0,0.0
13194,1900.2,540.98,0.767,1.0,21.0,0.0
13195,1900.2,537.48,0.784,1.0,21.0,0.0
13196,1900.2,533.99,0.801,1.0,21.0,0.0
13197,1900.2,531.44,0.813,1.0,21.0,0.0
13198,1900.2,530.49,0.818,1.0,20.0,0.0
13199,1900.2,527.0,0.835,1.0,20.0,0.0
13200,1900.2,523.5,0.853,1.0,20.0,0.0
13201,1900.2,453.6,1.27,1.0,20.0,0.0
13202,1900.2,451.25,1.28,1.0,20.0,0.0
13203,1900.2,450.11,1.29,1.0,20.0,0.0
13204,1900.2,446.61,1.31,1.0,20.0,0.0
13205,1900.2,443.12,1.34,1.0,20.0,0.0
13206,1900.2,299.82,2.77,1.0,19.0,0.0
13207,1900.2,264.87,3.33,1.0,18.0,0.0
13208,1900.2,121.58,28.6,1.0,15.0,0.0
13209,1900.2,2.7475,12200.0,1.0,5.0,0.0
13210,1901.9,72.91,69.4,1.0,14.0,0.0
13211,1901.9,76.142,64.5,1.0,14.0,0.0
13212,1901.9,77.744,62.3,1.0,14.0,0.0
13213,1901.9,79.637,59.8,1.0,14.0,0.0
13214,1901.9,81.93,56.9,1.0,14.0,0.0
13215,1901.9,83.132,55.5,1.0,14.0,0.0
13216,1901.9,86.627,51.7,1.0,14.0,0.0
13217,1901.9,90.122,48.3,1.0,15.0,0.0
13218,1901.9,92.493,46.2,1.0,15.0,0.0
13219,1901.9,93.617,45.3,1.0,15.0,0.0
13220,1901.9,97.112,42.5,1.0,15.0,0.0
13221,1901.9,98.772,41.3,1.0,15.0,0.0
13222,1901.9,100.61,40.0,1.0,15.0,0.0
13223,1901.9,102.06,39.0,1.0,15.0,0.0
13224,1901.9,104.1,37.7,1.0,15.0,0.0
13225,1901.9,105.06,37.1,1.0,15.0,0.0
13226,1901.9,107.6,35.5,1.0,15.0,0.0
13227,1901.9,108.95,34.8,1.0,15.0,0.0
13228,1901.9,111.09,33.6,1.0,15.0,0.0
13229,1901.9,112.83,32.7,1.0,15.0,0.0
13230,1901.9,114.59,31.8,1.0,15.0,0.0
13231,1901.9,116.75,30.8,1.0,15.0,0.0
13232,1901.9,118.08,30.2,1.0,15.0,0.0
13233,1901.9,121.58,28.7,1.0,15.0,0.0
13234,1901.9,124.97,27.3,1.0,15.0,0.0
13235,1901.9,125.07,27.3,1.0,15.0,0.0
13236,1901.9,128.57,26.0,1.0,16.0,0.0
13237,1901.9,132.06,24.8,1.0,16.0,0.0
13238,1901.9,133.19,24.4,1.0,16.0,0.0
13239,1901.9,135.56,23.6,1.0,16.0,0.0
13240,1901.9,139.05,22.6,1.0,16.0,0.0
13241,1901.9,142.55,21.6,1.0,16.0,0.0
13242,1901.9,144.15,21.2,1.0,16.0,0.0
13243,1901.9,146.04,20.7,1.0,16.0,0.0
13244,1901.9,149.54,19.8,1.0,16.0,0.0
13245,1901.9,149.89,19.7,1.0,16.0,0.0
13246,1901.9,153.03,18.9,1.0,16.0,0.0
13247,1901.9,153.87,18.7,1.0,16.0,0.0
13248,1901.9,156.53,18.1,1.0,16.0,0.0
13249,1901.9,160.02,17.2,1.0,16.0,0.0
13250,1901.9,161.99,16.6,1.0,16.0,0.0
13251,1901.9,163.52,16.1,1.0,16.0,0.0
13252,1901.9,167.01,14.5,1.0,16.0,0.0
13253,1901.9,170.51,11.9,1.0,17.0,0.0
13254,1901.9,171.17,11.2,1.0,17.0,0.0
13255,1901.9,174.0,9.08,1.0,17.0,0.0
13256,1901.9,177.5,7.94,1.0,17.0,0.0
13257,1901.9,180.35,7.34,1.0,17.0,0.0
13258,1901.9,180.99,7.23,1.0,17.0,0.0
13259,1901.9,184.49,6.71,1.0,17.0,0.0
13260,1901.9,187.98,6.3,1.0,17.0,0.0
13261,1901.9,188.7,6.23,1.0,17.0,0.0
13262,1901.9,191.48,5.97,1.0,17.0,0.0
13263,1901.9,194.97,5.7,1.0,17.0,0.0
13264,1901.9,196.18,5.61,1.0,17.0,0.0
13265,1901.9,198.47,5.46,1.0,17.0,0.0
13266,1901.9,200.38,5.34,1.0,17.0,0.0
13267,1901.9,201.96,5.25,1.0,17.0,0.0
13268,1901.9,205.46,5.06,1.0,18.0,0.0
13269,1901.9,208.95,4.9,1.0,18.0,0.0
13270,1901.9,212.45,4.74,1.0,18.0,0.0
13271,1901.9,212.84,4.73,1.0,18.0,0.0
13272,1901.9,215.94,4.61,1.0,18.0,0.0
13273,1901.9,219.44,4.48,1.0,18.0,0.0
13274,1901.9,222.32,4.38,1.0,18.0,0.0
13275,1901.9,222.93,4.36,1.0,18.0,0.0
13276,1901.9,226.43,4.25,1.0,18.0,0.0
13277,1901.9,229.92,4.14,1.0,18.0,0.0
13278,1901.9,231.06,4.11,1.0,18.0,0.0
13279,1901.9,233.42,4.04,1.0,18.0,0.0
13280,1901.9,236.91,3.95,1.0,18.0,0.0
13281,1901.9,237.44,3.94,1.0,18.0,0.0
13282,1901.9,327.73,2.41,1.0,19.0,0.0
13283,1901.9,450.11,1.3,1.0,20.0,0.0
13284,1901.9,515.03,0.901,1.0,20.0,0.0
13285,1901.9,588.03,0.568,1.0,21.0,0.0
13286,1901.9,586.41,0.575,1.0,21.0,0.0
13287,1901.9,585.58,0.578,1.0,21.0,0.0
13288,1901.9,583.12,0.588,1.0,21.0,0.0
13289,1901.9,582.92,0.588,1.0,21.0,0.0
13290,1901.9,580.67,0.597,1.0,21.0,0.0
13291,1901.9,579.42,0.602,1.0,21.0,0.0
13292,1901.9,578.21,0.607,1.0,21.0,0.0
13293,1901.9,575.93,0.616,1.0,21.0,0.0
13294,1901.9,575.76,0.617,1.0,21.0,0.0
13295,1901.9,573.33,0.627,1.0,21.0,0.0
13296,1901.9,572.43,0.631,1.0,21.0,0.0
13297,1901.9,571.02,0.637,1.0,21.0,0.0
13298,1901.9,568.94,0.645,1.0,21.0,0.0
13299,1901.9,568.87,0.646,1.0,21.0,0.0
13300,1901.9,567.35,0.652,1.0,21.0,0.0
13301,1901.9,565.86,0.659,1.0,21.0,0.0
13302,1901.9,565.44,0.66,1.0,21.0,0.0
13303,1901.9,564.37,0.665,1.0,21.0,0.0
13304,1901.9,562.88,0.671,1.0,21.0,0.0
13305,1901.9,561.95,0.675,1.0,21.0,0.0
13306,1901.9,558.45,0.691,1.0,21.0,0.0
13307,1901.9,557.76,0.694,1.0,21.0,0.0
13308,1901.9,554.96,0.706,1.0,21.0,0.0
13309,1901.9,551.46,0.722,1.0,21.0,0.0
13310,1901.9,549.1,0.733,1.0,21.0,0.0
13311,1901.9,547.97,0.738,1.0,21.0,0.0
13312,1901.9,544.47,0.754,1.0,21.0,0.0
13313,1901.9,540.98,0.771,1.0,21.0,0.0
13314,1901.9,537.48,0.787,1.0,21.0,0.0
13315,1901.9,533.99,0.804,1.0,21.0,0.0
13316,1901.9,531.44,0.817,1.0,21.0,0.0
13317,1901.9,530.49,0.822,1.0,20.0,0.0
13318,1901.9,527.0,0.839,1.0,20.0,0.0
13319,1901.9,523.5,0.857,1.0,20.0,0.0
13320,1901.9,453.6,1.27,1.0,20.0,0.0
13321,1901.9,451.25,1.29,1.0,20.0,0.0
13322,1901.9,450.11,1.3,1.0,20.0,0.0
13323,1901.9,446.61,1.32,1.0,20.0,0.0
13324,1901.9,443.12,1.35,1.0,20.0,0.0
13325,1901.9,299.82,2.78,1.0,19.0,0.0
13326,1901.9,264.87,3.34,1.0,18.0,0.0
13327,1901.9,121.58,28.7,1.0,15.0,0.0
13328,1901.9,2.7475,12300.0,1.0,5.0,0.0
13329,1902.7,72.91,69.5,1.0,14.0,0.0
13330,1902.7,76.142,64.6,1.0,14.0,0.0
13331,1902.7,77.744,62.3,1.0,14.0,0.0
13332,1902.7,79.637,59.8,1.0,14.0,0.0
13333,1902.7,81.93,57.0,1.0,14.0,0.0
13334,1902.7,83.132,55.6,1.0,14.0,0.0
13335,1902.7,86.627,51.8,1.0,14.0,0.0
13336,1902.7,90.122,48.4,1.0,15.0,0.0
13337,1902.7,92.493,46.3,1.0,15.0,0.0
13338,1902.7,93.617,45.3,1.0,15.0,0.0
13339,1902.7,97.112,42.5,1.0,15.0,0.0
13340,1902.7,98.772,41.3,1.0,15.0,0.0
13341,1902.7,100.61,40.0,1.0,15.0,0.0
13342,1902.7,102.06,39.0,1.0,15.0,0.0
13343,1902.7,104.1,37.7,1.0,15.0,0.0
13344,1902.7,105.06,37.1,1.0,15.0,0.0
13345,1902.7,107.6,35.6,1.0,15.0,0.0
13346,1902.7,108.95,34.8,1.0,15.0,0.0
13347,1902.7,111.09,33.7,1.0,15.0,0.0
13348,1902.7,112.83,32.8,1.0,15.0,0.0
13349,1902.7,114.59,31.9,1.0,15.0,0.0
13350,1902.7,116.75,30.8,1.0,15.0,0.0
13351,1902.7,118.08,30.2,1.0,15.0,0.0
13352,1902.7,121.58,28.7,1.0,15.0,0.0
13353,1902.7,124.97,27.4,1.0,15.0,0.0
13354,1902.7,125.07,27.3,1.0,15.0,0.0
13355,1902.7,128.57,26.0,1.0,16.0,0.0
13356,1902.7,132.06,24.8,1.0,16.0,0.0
13357,1902.7,133.19,24.4,1.0,16.0,0.0
13358,1902.7,135.56,23.7,1.0,16.0,0.0
13359,1902.7,139.05,22.6,1.0,16.0,0.0
13360,1902.7,142.55,21.6,1.0,16.0,0.0
13361,1902.7,144.15,21.2,1.0,16.0,0.0
13362,1902.7,146.04,20.7,1.0,16.0,0.0
13363,1902.7,149.54,19.8,1.0,16.0,0.0
13364,1902.7,149.89,19.7,1.0,16.0,0.0
13365,1902.7,153.03,19.0,1.0,16.0,0.0
13366,1902.7,153.87,18.8,1.0,16.0,0.0
13367,1902.7,156.53,18.1,1.0,16.0,0.0
13368,1902.7,160.02,17.2,1.0,16.0,0.0
13369,1902.7,161.99,16.6,1.0,16.0,0.0
13370,1902.7,163.52,16.1,1.0,16.0,0.0
13371,1902.7,167.01,14.5,1.0,16.0,0.0
13372,1902.7,170.51,11.9,1.0,17.0,0.0
13373,1902.7,171.17,11.3,1.0,17.0,0.0
13374,1902.7,174.0,9.1,1.0,17.0,0.0
13375,1902.7,177.5,7.95,1.0,17.0,0.0
13376,1902.7,180.35,7.35,1.0,17.0,0.0
13377,1902.7,180.99,7.24,1.0,17.0,0.0
13378,1902.7,184.49,6.72,1.0,17.0,0.0
13379,1902.7,187.98,6.31,1.0,17.0,0.0
13380,1902.7,188.7,6.24,1.0,17.0,0.0
13381,1902.7,191.48,5.98,1.0,17.0,0.0
13382,1902.7,194.97,5.71,1.0,17.0,0.0
13383,1902.7,196.18,5.62,1.0,17.0,0.0
13384,1902.7,198.47,5.47,1.0,17.0,0.0
13385,1902.7,200.38,5.35,1.0,17.0,0.0
13386,1902.7,201.96,5.26,1.0,17.0,0.0
13387,1902.7,205.46,5.07,1.0,17.0,0.0
13388,1902.7,208.95,4.9,1.0,18.0,0.0
13389,1902.7,212.45,4.75,1.0,18.0,0.0
13390,1902.7,212.84,4.74,1.0,18.0,0.0
13391,1902.7,215.94,4.61,1.0,18.0,0.0
13392,1902.7,219.44,4.48,1.0,18.0,0.0
13393,1902.7,222.32,4.39,1.0,18.0,0.0
13394,1902.7,222.93,4.37,1.0,18.0,0.0
13395,1902.7,226.43,4.25,1.0,18.0,0.0
13396,1902.7,229.92,4.15,1.0,18.0,0.0
13397,1902.7,231.06,4.12,1.0,18.0,0.0
13398,1902.7,233.42,4.05,1.0,18.0,0.0
13399,1902.7,236.91,3.96,1.0,18.0,0.0
13400,1902.7,237.44,3.94,1.0,18.0,0.0
13401,1902.7,327.73,2.42,1.0,19.0,0.0
13402,1902.7,450.11,1.3,1.0,20.0,0.0
13403,1902.7,515.03,0.903,1.0,20.0,0.0
13404,1902.7,588.03,0.57,1.0,21.0,0.0
13405,1902.7,586.41,0.576,1.0,21.0,0.0
13406,1902.7,585.58,0.579,1.0,21.0,0.0
13407,1902.7,583.12,0.589,1.0,21.0,0.0
13408,1902.7,582.92,0.59,1.0,21.0,0.0
13409,1902.7,580.67,0.599,1.0,21.0,0.0
13410,1902.7,579.42,0.604,1.0,21.0,0.0
13411,1902.7,578.21,0.609,1.0,21.0,0.0
13412,1902.7,575.93,0.618,1.0,21.0,0.0
13413,1902.7,575.76,0.619,1.0,21.0,0.0
13414,1902.7,573.33,0.629,1.0,21.0,0.0
13415,1902.7,572.43,0.632,1.0,21.0,0.0
13416,1902.7,571.02,0.638,1.0,21.0,0.0
13417,1902.7,568.94,0.647,1.0,21.0,0.0
13418,1902.7,568.87,0.647,1.0,21.0,0.0
13419,1902.7,567.35,0.654,1.0,21.0,0.0
13420,1902.7,565.86,0.66,1.0,21.0,0.0
13421,1902.7,565.44,0.662,1.0,21.0,0.0
13422,1902.7,564.37,0.667,1.0,21.0,0.0
13423,1902.7,562.88,0.673,1.0,21.0,0.0
13424,1902.7,561.95,0.677,1.0,21.0,0.0
13425,1902.7,558.45,0.692,1.0,21.0,0.0
13426,1902.7,557.76,0.695,1.0,21.0,0.0
13427,1902.7,554.96,0.708,1.0,21.0,0.0
13428,1902.7,551.46,0.724,1.0,21.0,0.0
13429,1902.7,549.1,0.734,1.0,21.0,0.0
13430,1902.7,547.97,0.74,1.0,21.0,0.0
13431,1902.7,544.47,0.756,1.0,21.0,0.0
13432,1902.7,540.98,0.772,1.0,21.0,0.0
13433,1902.7,537.48,0.789,1.0,21.0,0.0
13434,1902.7,533.99,0.806,1.0,21.0,0.0
13435,1902.7,531.44,0.819,1.0,20.0,0.0
13436,1902.7,530.49,0.824,1.0,20.0,0.0
13437,1902.7,527.0,0.841,1.0,20.0,0.0
13438,1902.7,523.5,0.859,1.0,20.0,0.0
13439,1902.7,453.6,1.27,1.0,20.0,0.0
13440,1902.7,451.25,1.29,1.0,20.0,0.0
13441,1902.7,450.11,1.3,1.0,20.0,0.0
13442,1902.7,446.61,1.32,1.0,20.0,0.0
13443,1902.7,443.12,1.35,1.0,20.0,0.0
13444,1902.7,299.82,2.78,1.0,19.0,0.0
13445,1902.7,264.87,3.35,1.0,18.0,0.0
13446,1902.7,121.58,28.7,1.0,15.0,0.0
13447,1902.7,2.7475,12300.0,1.0,5.0,0.0
13448,1905.5,72.91,69.9,1.0,14.0,0.0
13449,1905.5,76.142,64.9,1.0,14.0,0.0
13450,1905.5,77.744,62.7,1.0,14.0,0.0
13451,1905.5,79.637,60.2,1.0,14.0,0.0
13452,1905.5,81.93,57.3,1.0,14.0,0.0
13453,1905.5,83.132,55.9,1.0,14.0,0.0
13454,1905.5,86.627,52.1,1.0,14.0,0.0
13455,1905.5,90.122,48.7,1.0,15.0,0.0
13456,1905.5,92.493,46.5,1.0,15.0,0.0
13457,1905.5,93.617,45.6,1.0,15.0,0.0
13458,1905.5,97.112,42.8,1.0,15.0,0.0
13459,1905.5,98.772,41.5,1.0,15.0,0.0
13460,1905.5,100.61,40.2,1.0,15.0,0.0
13461,1905.5,102.06,39.2,1.0,15.0,0.0
13462,1905.5,104.1,37.9,1.0,15.0,0.0
13463,1905.5,105.06,37.3,1.0,15.0,0.0
13464,1905.5,107.6,35.8,1.0,15.0,0.0
13465,1905.5,108.95,35.0,1.0,15.0,0.0
13466,1905.5,111.09,33.8,1.0,15.0,0.0
13467,1905.5,112.83,32.9,1.0,15.0,0.0
13468,1905.5,114.59,32.1,1.0,15.0,0.0
13469,1905.5,116.75,31.0,1.0,15.0,0.0
13470,1905.5,118.08,30.4,1.0,15.0,0.0
13471,1905.5,121.58,28.9,1.0,15.0,0.0
13472,1905.5,124.97,27.5,1.0,15.0,0.0
13473,1905.5,125.07,27.5,1.0,15.0,0.0
13474,1905.5,128.57,26.2,1.0,16.0,0.0
13475,1905.5,132.06,24.9,1.0,16.0,0.0
13476,1905.5,133.19,24.6,1.0,16.0,0.0
13477,1905.5,135.56,23.8,1.0,16.0,0.0
13478,1905.5,139.05,22.7,1.0,16.0,0.0
13479,1905.5,142.55,21.7,1.0,16.0,0.0
13480,1905.5,144.15,21.3,1.0,16.0,0.0
13481,1905.5,146.04,20.8,1.0,16.0,0.0
13482,1905.5,149.54,19.9,1.0,16.0,0.0
13483,1905.5,149.89,19.8,1.0,16.0,0.0
13484,1905.5,153.03,19.1,1.0,16.0,0.0
13485,1905.5,153.87,18.9,1.0,16.0,0.0
13486,1905.5,156.53,18.2,1.0,16.0,0.0
13487,1905.5,160.02,17.3,1.0,16.0,0.0
13488,1905.5,161.99,16.7,1.0,16.0,0.0
13489,1905.5,163.52,16.2,1.0,16.0,0.0
13490,1905.5,167.01,14.6,1.0,16.0,0.0
13491,1905.5,170.51,12.0,1.0,17.0,0.0
13492,1905.5,171.17,11.3,1.0,17.0,0.0
13493,1905.5,174.0,9.15,1.0,17.0,0.0
13494,1905.5,177.5,8.0,1.0,17.0,0.0
13495,1905.5,180.35,7.39,1.0,17.0,0.0
13496,1905.5,180.99,7.28,1.0,17.0,0.0
13497,1905.5,184.49,6.76,1.0,17.0,0.0
13498,1905.5,187.98,6.35,1.0,17.0,0.0
13499,1905.5,188.7,6.28,1.0,17.0,0.0
13500,1905.5,191.48,6.02,1.0,17.0,0.0
13501,1905.5,194.97,5.74,1.0,17.0,0.0
13502,1905.5,196.18,5.65,1.0,17.0,0.0
13503,1905.5,198.47,5.5,1.0,17.0,0.0
13504,1905.5,200.38,5.38,1.0,17.0,0.0
13505,1905.5,201.96,5.29,1.0,17.0,0.0
13506,1905.5,205.46,5.1,1.0,17.0,0.0
13507,1905.5,208.95,4.93,1.0,18.0,0.0
13508,1905.5,212.45,4.78,1.0,18.0,0.0
13509,1905.5,212.84,4.76,1.0,18.0,0.0
13510,1905.5,215.94,4.64,1.0,18.0,0.0
13511,1905.5,219.44,4.51,1.0,18.0,0.0
13512,1905.5,222.32,4.41,1.0,18.0,0.0
13513,1905.5,222.93,4.39,1.0,18.0,0.0
13514,1905.5,226.43,4.28,1.0,18.0,0.0
13515,1905.5,229.92,4.17,1.0,18.0,0.0
13516,1905.5,231.06,4.14,1.0,18.0,0.0
13517,1905.5,233.42,4.07,1.0,18.0,0.0
13518,1905.5,236.91,3.98,1.0,18.0,0.0
13519,1905.5,237.44,3.97,1.0,18.0,0.0
13520,1905.5,327.73,2.43,1.0,19.0,0.0
13521,1905.5,450.11,1.31,1.0,20.0,0.0
13522,1905.5,515.03,0.91,1.0,20.0,0.0
13523,1905.5,588.03,0.575,1.0,21.0,0.0
13524,1905.5,586.41,0.581,1.0,21.0,0.0
13525,1905.5,585.58,0.584,1.0,21.0,0.0
13526,1905.5,583.12,0.594,1.0,21.0,0.0
13527,1905.5,582.92,0.595,1.0,21.0,0.0
13528,1905.5,580.67,0.604,1.0,21.0,0.0
13529,1905.5,579.42,0.609,1.0,21.0,0.0
13530,1905.5,578.21,0.614,1.0,21.0,0.0
13531,1905.5,575.93,0.623,1.0,21.0,0.0
13532,1905.5,575.76,0.624,1.0,21.0,0.0
13533,1905.5,573.33,0.634,1.0,21.0,0.0
13534,1905.5,572.43,0.638,1.0,21.0,0.0
13535,1905.5,571.02,0.644,1.0,21.0,0.0
13536,1905.5,568.94,0.652,1.0,21.0,0.0
13537,1905.5,568.87,0.653,1.0,21.0,0.0
13538,1905.5,567.35,0.659,1.0,21.0,0.0
13539,1905.5,565.86,0.666,1.0,21.0,0.0
13540,1905.5,565.44,0.667,1.0,21.0,0.0
13541,1905.5,564.37,0.672,1.0,21.0,0.0
13542,1905.5,562.88,0.679,1.0,21.0,0.0
13543,1905.5,561.95,0.683,1.0,21.0,0.0
13544,1905.5,558.45,0.698,1.0,21.0,0.0
13545,1905.5,557.76,0.701,1.0,21.0,0.0
13546,1905.5,554.96,0.714,1.0,21.0,0.0
13547,1905.5,551.46,0.73,1.0,21.0,0.0
13548,1905.5,549.1,0.74,1.0,21.0,0.0
13549,1905.5,547.97,0.746,1.0,21.0,0.0
13550,1905.5,544.47,0.762,1.0,21.0,0.0
13551,1905.5,540.98,0.779,1.0,21.0,0.0
13552,1905.5,537.48,0.795,1.0,21.0,0.0
13553,1905.5,533.99,0.812,1.0,21.0,0.0
13554,1905.5,531.44,0.825,1.0,20.0,0.0
13555,1905.5,530.49,0.83,1.0,20.0,0.0
13556,1905.5,527.0,0.848,1.0,20.0,0.0
13557,1905.5,523.5,0.865,1.0,20.0,0.0
13558,1905.5,453.6,1.28,1.0,20.0,0.0
13559,1905.5,451.25,1.3,1.0,20.0,0.0
13560,1905.5,450.11,1.31,1.0,20.0,0.0
13561,1905.5,446.61,1.33,1.0,20.0,0.0
13562,1905.5,443.12,1.36,1.0,20.0,0.0
13563,1905.5,299.82,2.8,1.0,19.0,0.0
13564,1905.5,264.87,3.37,1.0,18.0,0.0
13565,1905.5,121.58,28.9,1.0,15.0,0.0
13566,1905.5,2.7475,12300.0,1.0,5.0,0.0
13567,1908.2,72.91,70.3,1.0,14.0,0.0
13568,1908.2,76.142,65.3,1.0,14.0,0.0
13569,1908.2,77.744,63.0,1.0,14.0,0.0
13570,1908.2,79.637,60.5,1.0,14.0,0.0
13571,1908.2,81.93,57.6,1.0,14.0,0.0
13572,1908.2,83.132,56.2,1.0,14.0,0.0
13573,1908.2,86.627,52.3,1.0,14.0,0.0
13574,1908.2,90.122,48.9,1.0,15.0,0.0
13575,1908.2,92.493,46.8,1.0,15.0,0.0
13576,1908.2,93.617,45.8,1.0,15.0,0.0
13577,1908.2,97.112,43.0,1.0,15.0,0.0
13578,1908.2,98.772,41.8,1.0,15.0,0.0
13579,1908.2,100.61,40.4,1.0,15.0,0.0
13580,1908.2,102.06,39.4,1.0,15.0,0.0
13581,1908.2,104.1,38.1,1.0,15.0,0.0
13582,1908.2,105.06,37.5,1.0,15.0,0.0
13583,1908.2,107.6,36.0,1.0,15.0,0.0
13584,1908.2,108.95,35.2,1.0,15.0,0.0
13585,1908.2,111.09,34.0,1.0,15.0,0.0
13586,1908.2,112.83,33.1,1.0,15.0,0.0
13587,1908.2,114.59,32.2,1.0,15.0,0.0
13588,1908.2,116.75,31.2,1.0,15.0,0.0
13589,1908.2,118.08,30.6,1.0,15.0,0.0
13590,1908.2,121.58,29.0,1.0,15.0,0.0
13591,1908.2,124.97,27.6,1.0,15.0,0.0
13592,1908.2,125.07,27.6,1.0,15.0,0.0
13593,1908.2,128.57,26.3,1.0,16.0,0.0
13594,1908.2,132.06,25.1,1.0,16.0,0.0
13595,1908.2,133.19,24.7,1.0,16.0,0.0
13596,1908.2,135.56,23.9,1.0,16.0,0.0
13597,1908.2,139.05,22.9,1.0,16.0,0.0
13598,1908.2,142.55,21.9,1.0,16.0,0.0
13599,1908.2,144.15,21.4,1.0,16.0,0.0
13600,1908.2,146.04,20.9,1.0,16.0,0.0
13601,1908.2,149.54,20.0,1.0,16.0,0.0
13602,1908.2,149.89,19.9,1.0,16.0,0.0
13603,1908.2,153.03,19.2,1.0,16.0,0.0
13604,1908.2,153.87,19.0,1.0,16.0,0.0
13605,1908.2,156.53,18.3,1.0,16.0,0.0
13606,1908.2,160.02,17.4,1.0,16.0,0.0
13607,1908.2,161.99,16.8,1.0,16.0,0.0
13608,1908.2,163.52,16.3,1.0,16.0,0.0
13609,1908.2,167.01,14.7,1.0,16.0,0.0
13610,1908.2,170.51,12.0,1.0,17.0,0.0
13611,1908.2,171.17,11.4,1.0,17.0,0.0
13612,1908.2,174.0,9.2,1.0,17.0,0.0
13613,1908.2,177.5,8.04,1.0,17.0,0.0
13614,1908.2,180.35,7.43,1.0,17.0,0.0
13615,1908.2,180.99,7.32,1.0,17.0,0.0
13616,1908.2,184.49,6.79,1.0,17.0,0.0
13617,1908.2,187.98,6.38,1.0,17.0,0.0
13618,1908.2,188.7,6.31,1.0,17.0,0.0
13619,1908.2,191.48,6.05,1.0,17.0,0.0
13620,1908.2,194.97,5.77,1.0,17.0,0.0
13621,1908.2,196.18,5.68,1.0,17.0,0.0
13622,1908.2,198.47,5.53,1.0,17.0,0.0
13623,1908.2,200.38,5.41,1.0,17.0,0.0
13624,1908.2,201.96,5.32,1.0,17.0,0.0
13625,1908.2,205.46,5.13,1.0,17.0,0.0
13626,1908.2,208.95,4.96,1.0,18.0,0.0
13627,1908.2,212.45,4.8,1.0,18.0,0.0
13628,1908.2,212.84,4.79,1.0,18.0,0.0
13629,1908.2,215.94,4.66,1.0,18.0,0.0
13630,1908.2,219.44,4.53,1.0,18.0,0.0
13631,1908.2,222.32,4.43,1.0,18.0,0.0
13632,1908.2,222.93,4.41,1.0,18.0,0.0
13633,1908.2,226.43,4.3,1.0,18.0,0.0
13634,1908.2,229.92,4.2,1.0,18.0,0.0
13635,1908.2,231.06,4.16,1.0,18.0,0.0
13636,1908.2,233.42,4.1,1.0,18.0,0.0
13637,1908.2,236.91,4.0,1.0,18.0,0.0
13638,1908.2,237.44,3.99,1.0,18.0,0.0
13639,1908.2,327.73,2.45,1.0,19.0,0.0
13640,1908.2,450.11,1.32,1.0,20.0,0.0
13641,1908.2,515.03,0.916,1.0,20.0,0.0
13642,1908.2,588.03,0.58,1.0,21.0,0.0
13643,1908.2,586.41,0.586,1.0,21.0,0.0
13644,1908.2,585.58,0.589,1.0,21.0,0.0
13645,1908.2,583.12,0.599,1.0,21.0,0.0
13646,1908.2,582.92,0.6,1.0,21.0,0.0
13647,1908.2,580.67,0.609,1.0,21.0,0.0
13648,1908.2,579.42,0.614,1.0,21.0,0.0
13649,1908.2,578.21,0.619,1.0,21.0,0.0
13650,1908.2,575.93,0.628,1.0,21.0,0.0
13651,1908.2,575.76,0.629,1.0,21.0,0.0
13652,1908.2,573.33,0.639,1.0,21.0,0.0
13653,1908.2,572.43,0.643,1.0,21.0,0.0
13654,1908.2,571.02,0.649,1.0,21.0,0.0
13655,1908.2,568.94,0.658,1.0,21.0,0.0
13656,1908.2,568.87,0.658,1.0,21.0,0.0
13657,1908.2,567.35,0.665,1.0,21.0,0.0
13658,1908.2,565.86,0.671,1.0,21.0,0.0
13659,1908.2,565.44,0.673,1.0,21.0,0.0
13660,1908.2,564.37,0.677,1.0,21.0,0.0
13661,1908.2,562.88,0.684,1.0,21.0,0.0
13662,1908.2,561.95,0.688,1.0,21.0,0.0
13663,1908.2,558.45,0.704,1.0,21.0,0.0
13664,1908.2,557.76,0.707,1.0,21.0,0.0
13665,1908.2,554.96,0.719,1.0,21.0,0.0
13666,1908.2,551.46,0.735,1.0,21.0,0.0
13667,1908.2,549.1,0.746,1.0,21.0,0.0
13668,1908.2,547.97,0.751,1.0,21.0,0.0
13669,1908.2,544.47,0.768,1.0,21.0,0.0
13670,1908.2,540.98,0.784,1.0,21.0,0.0
13671,1908.2,537.48,0.801,1.0,21.0,0.0
13672,1908.2,533.99,0.819,1.0,21.0,0.0
13673,1908.2,531.44,0.831,1.0,20.0,0.0
13674,1908.2,530.49,0.836,1.0,20.0,0.0
13675,1908.2,527.0,0.854,1.0,20.0,0.0
13676,1908.2,523.5,0.872,1.0,20.0,0.0
13677,1908.2,453.6,1.29,1.0,20.0,0.0
13678,1908.2,451.25,1.31,1.0,20.0,0.0
13679,1908.2,450.11,1.32,1.0,20.0,0.0
13680,1908.2,446.61,1.34,1.0,20.0,0.0
13681,1908.2,443.12,1.37,1.0,20.0,0.0
13682,1908.2,299.82,2.81,1.0,19.0,0.0
13683,1908.2,264.87,3.39,1.0,18.0,0.0
13684,1908.2,121.58,29.0,1.0,15.0,0.0
13685,1908.2,2.7475,12400.0,1.0,5.0,0.0
13686,2017.4,72.91,85.6,1.0,14.0,0.0
13687,2017.4,76.142,79.6,1.0,14.0,0.0
13688,2017.4,77.744,76.8,1.0,14.0,0.0
13689,2017.4,79.637,73.7,1.0,14.0,0.0
13690,2017.4,81.93,70.3,1.0,14.0,0.0
13691,2017.4,83.132,68.5,1.0,14.0,0.0
13692,2017.4,86.627,63.9,1.0,14.0,0.0
13693,2017.4,90.122,59.7,1.0,14.0,0.0
13694,2017.4,92.493,57.1,1.0,14.0,0.0
13695,2017.4,93.617,55.9,1.0,14.0,0.0
13696,2017.4,97.112,52.5,1.0,15.0,0.0
13697,2017.4,98.772,51.0,1.0,15.0,0.0
13698,2017.4,100.61,49.4,1.0,15.0,0.0
13699,2017.4,102.06,48.2,1.0,15.0,0.0
13700,2017.4,104.1,46.6,1.0,15.0,0.0
13701,2017.4,105.06,45.8,1.0,15.0,0.0
13702,2017.4,107.6,44.0,1.0,15.0,0.0
13703,2017.4,108.95,43.0,1.0,15.0,0.0
13704,2017.4,111.09,41.6,1.0,15.0,0.0
13705,2017.4,112.83,40.5,1.0,15.0,0.0
13706,2017.4,114.59,39.4,1.0,15.0,0.0
13707,2017.4,116.75,38.1,1.0,15.0,0.0
13708,2017.4,118.08,37.4,1.0,15.0,0.0
13709,2017.4,121.58,35.5,1.0,15.0,0.0
13710,2017.4,124.97,33.8,1.0,15.0,0.0
13711,2017.4,125.07,33.8,1.0,15.0,0.0
13712,2017.4,128.57,32.2,1.0,15.0,0.0
13713,2017.4,132.06,30.7,1.0,15.0,0.0
13714,2017.4,133.19,30.2,1.0,15.0,0.0
13715,2017.4,135.56,29.3,1.0,15.0,0.0
13716,2017.4,139.05,28.0,1.0,16.0,0.0
13717,2017.4,142.55,26.8,1.0,16.0,0.0
13718,2017.4,144.15,26.3,1.0,16.0,0.0
13719,2017.4,146.04,25.7,1.0,16.0,0.0
13720,2017.4,149.54,24.6,1.0,16.0,0.0
13721,2017.4,149.89,24.5,1.0,16.0,0.0
13722,2017.4,153.03,23.5,1.0,16.0,0.0
13723,2017.4,153.87,23.3,1.0,16.0,0.0
13724,2017.4,156.53,22.5,1.0,16.0,0.0
13725,2017.4,160.02,21.4,1.0,16.0,0.0
13726,2017.4,161.99,20.6,1.0,16.0,0.0
13727,2017.4,163.52,20.0,1.0,16.0,0.0
13728,2017.4,167.01,18.0,1.0,16.0,0.0
13729,2017.4,170.51,14.8,1.0,16.0,0.0
13730,2017.4,171.17,14.0,1.0,16.0,0.0
13731,2017.4,174.0,11.3,1.0,17.0,0.0
13732,2017.4,177.5,9.91,1.0,17.0,0.0
13733,2017.4,180.35,9.16,1.0,17.0,0.0
13734,2017.4,180.99,9.02,1.0,17.0,0.0
13735,2017.4,184.49,8.38,1.0,17.0,0.0
13736,2017.4,187.98,7.87,1.0,17.0,0.0
13737,2017.4,188.7,7.78,1.0,17.0,0.0
13738,2017.4,191.48,7.46,1.0,17.0,0.0
13739,2017.4,194.97,7.12,1.0,17.0,0.0
13740,2017.4,196.18,7.01,1.0,17.0,0.0
13741,2017.4,198.47,6.82,1.0,17.0,0.0
13742,2017.4,200.38,6.68,1.0,17.0,0.0
13743,2017.4,201.96,6.56,1.0,17.0,0.0
13744,2017.4,205.46,6.33,1.0,17.0,0.0
13745,2017.4,208.95,6.13,1.0,17.0,0.0
13746,2017.4,212.45,5.94,1.0,17.0,0.0
13747,2017.4,212.84,5.92,1.0,17.0,0.0
13748,2017.4,215.94,5.76,1.0,17.0,0.0
13749,2017.4,219.44,5.61,1.0,17.0,0.0
13750,2017.4,222.32,5.48,1.0,17.0,0.0
13751,2017.4,222.93,5.46,1.0,18.0,0.0
13752,2017.4,226.43,5.32,1.0,18.0,0.0
13753,2017.4,229.92,5.19,1.0,18.0,0.0
13754,2017.4,231.06,5.15,1.0,18.0,0.0
13755,2017.4,233.42,5.07,1.0,18.0,0.0
13756,2017.4,236.91,4.95,1.0,18.0,0.0
13757,2017.4,237.44,4.94,1.0,18.0,0.0
13758,2017.4,327.73,3.06,1.0,19.0,0.0
13759,2017.4,450.11,1.69,1.0,20.0,0.0
13760,2017.4,515.03,1.21,1.0,20.0,0.0
13761,2017.4,588.03,0.799,1.0,21.0,0.0
13762,2017.4,586.41,0.807,1.0,21.0,0.0
13763,2017.4,585.58,0.811,1.0,21.0,0.0
13764,2017.4,583.12,0.823,1.0,21.0,0.0
13765,2017.4,582.92,0.824,1.0,21.0,0.0
13766,2017.4,580.67,0.835,1.0,21.0,0.0
13767,2017.4,579.42,0.841,1.0,21.0,0.0
13768,2017.4,578.21,0.847,1.0,21.0,0.0
13769,2017.4,575.93,0.859,1.0,21.0,0.0
13770,2017.4,575.76,0.859,1.0,21.0,0.0
13771,2017.4,573.33,0.872,1.0,21.0,0.0
13772,2017.4,572.43,0.876,1.0,21.0,0.0
13773,2017.4,571.02,0.884,1.0,20.0,0.0
13774,2017.4,568.94,0.895,1.0,20.0,0.0
13775,2017.4,568.87,0.895,1.0,20.0,0.0
13776,2017.4,567.35,0.903,1.0,20.0,0.0
13777,2017.4,565.86,0.911,1.0,20.0,0.0
13778,2017.4,565.44,0.913,1.0,20.0,0.0
13779,2017.4,564.37,0.919,1.0,20.0,0.0
13780,2017.4,562.88,0.927,1.0,20.0,0.0
13781,2017.4,561.95,0.932,1.0,20.0,0.0
13782,2017.4,558.45,0.951,1.0,20.0,0.0
13783,2017.4,557.76,0.954,1.0,20.0,0.0
13784,2017.4,554.96,0.97,1.0,20.0,0.0
13785,2017.4,551.46,0.989,1.0,20.0,0.0
13786,2017.4,549.1,1.0,1.0,20.0,0.0
13787,2017.4,547.97,1.01,1.0,20.0,0.0
13788,2017.4,544.47,1.03,1.0,20.0,0.0
13789,2017.4,540.98,1.05,1.0,20.0,0.0
13790,2017.4,537.48,1.07,1.0,20.0,0.0
13791,2017.4,533.99,1.09,1.0,20.0,0.0
13792,2017.4,531.44,1.11,1.0,20.0,0.0
13793,2017.4,530.49,1.11,1.0,20.0,0.0
13794,2017.4,527.0,1.13,1.0,20.0,0.0
13795,2017.4,523.5,1.16,1.0,20.0,0.0
13796,2017.4,453.6,1.66,1.0,20.0,0.0
13797,2017.4,451.25,1.68,1.0,20.0,0.0
13798,2017.4,450.11,1.69,1.0,20.0,0.0
13799,2017.4,446.61,1.72,1.0,20.0,0.0
13800,2017.4,443.12,1.75,1.0,19.0,0.0
13801,2017.4,299.82,3.5,1.0,18.0,0.0
13802,2017.4,264.87,4.2,1.0,18.0,0.0
13803,2017.4,121.58,35.5,1.0,15.0,0.0
13804,2017.4,2.7475,14800.0,1.0,5.0,0.0
13805,2025.8,72.91,86.9,1.0,14.0,0.0
13806,2025.8,76.142,80.8,1.0,14.0,0.0
13807,2025.8,77.744,78.0,1.0,14.0,0.0
13808,2025.8,79.637,74.8,1.0,14.0,0.0
13809,2025.8,81.93,71.3,1.0,14.0,0.0
13810,2025.8,83.132,69.6,1.0,14.0,0.0
13811,2025.8,86.627,64.8,1.0,14.0,0.0
13812,2025.8,90.122,60.6,1.0,14.0,0.0
13813,2025.8,92.493,58.0,1.0,14.0,0.0
13814,2025.8,93.617,56.8,1.0,14.0,0.0
13815,2025.8,97.112,53.3,1.0,15.0,0.0
13816,2025.8,98.772,51.8,1.0,15.0,0.0
13817,2025.8,100.61,50.1,1.0,15.0,0.0
13818,2025.8,102.06,48.9,1.0,15.0,0.0
13819,2025.8,104.1,47.3,1.0,15.0,0.0
13820,2025.8,105.06,46.5,1.0,15.0,0.0
13821,2025.8,107.6,44.6,1.0,15.0,0.0
13822,2025.8,108.95,43.7,1.0,15.0,0.0
13823,2025.8,111.09,42.2,1.0,15.0,0.0
13824,2025.8,112.83,41.1,1.0,15.0,0.0
13825,2025.8,114.59,40.0,1.0,15.0,0.0
13826,2025.8,116.75,38.7,1.0,15.0,0.0
13827,2025.8,118.08,38.0,1.0,15.0,0.0
13828,2025.8,121.58,36.1,1.0,15.0,0.0
13829,2025.8,124.97,34.4,1.0,15.0,0.0
13830,2025.8,125.07,34.3,1.0,15.0,0.0
13831,2025.8,128.57,32.7,1.0,15.0,0.0
13832,2025.8,132.06,31.2,1.0,15.0,0.0
13833,2025.8,133.19,30.7,1.0,15.0,0.0
13834,2025.8,135.56,29.8,1.0,15.0,0.0
13835,2025.8,139.05,28.4,1.0,16.0,0.0
13836,2025.8,142.55,27.2,1.0,16.0,0.0
13837,2025.8,144.15,26.7,1.0,16.0,0.0
13838,2025.8,146.04,26.1,1.0,16.0,0.0
13839,2025.8,149.54,25.0,1.0,16.0,0.0
13840,2025.8,149.89,24.9,1.0,16.0,0.0
13841,2025.8,153.03,23.9,1.0,16.0,0.0
13842,2025.8,153.87,23.7,1.0,16.0,0.0
13843,2025.8,156.53,22.8,1.0,16.0,0.0
13844,2025.8,160.02,21.7,1.0,16.0,0.0
13845,2025.8,161.99,21.0,1.0,16.0,0.0
13846,2025.8,163.52,20.3,1.0,16.0,0.0
13847,2025.8,167.01,18.3,1.0,16.0,0.0
13848,2025.8,170.51,15.0,1.0,16.0,0.0
13849,2025.8,171.17,14.2,1.0,16.0,0.0
13850,2025.8,174.0,11.5,1.0,17.0,0.0
13851,2025.8,177.5,10.1,1.0,17.0,0.0
13852,2025.8,180.35,9.31,1.0,17.0,0.0
13853,2025.8,180.99,9.16,1.0,17.0,0.0
13854,2025.8,184.49,8.51,1.0,17.0,0.0
13855,2025.8,187.98,8.0,1.0,17.0,0.0
13856,2025.8,188.7,7.91,1.0,17.0,0.0
13857,2025.8,191.48,7.58,1.0,17.0,0.0
13858,2025.8,194.97,7.23,1.0,17.0,0.0
13859,2025.8,196.18,7.12,1.0,17.0,0.0
13860,2025.8,198.47,6.93,1.0,17.0,0.0
13861,2025.8,200.38,6.78,1.0,17.0,0.0
13862,2025.8,201.96,6.67,1.0,17.0,0.0
13863,2025.8,205.46,6.43,1.0,17.0,0.0
13864,2025.8,208.95,6.22,1.0,17.0,0.0
13865,2025.8,212.45,6.03,1.0,17.0,0.0
13866,2025.8,212.84,6.01,1.0,17.0,0.0
13867,2025.8,215.94,5.86,1.0,17.0,0.0
13868,2025.8,219.44,5.7,1.0,17.0,0.0
13869,2025.8,222.32,5.57,1.0,17.0,0.0
13870,2025.8,222.93,5.55,1.0,17.0,0.0
13871,2025.8,226.43,5.4,1.0,18.0,0.0
13872,2025.8,229.92,5.27,1.0,18.0,0.0
13873,2025.8,231.06,5.23,1.0,18.0,0.0
13874,2025.8,233.42,5.15,1.0,18.0,0.0
13875,2025.8,236.91,5.03,1.0,18.0,0.0
13876,2025.8,237.44,5.02,1.0,18.0,0.0
13877,2025.8,327.73,3.11,1.0,19.0,0.0
13878,2025.8,450.11,1.72,1.0,20.0,0.0
13879,2025.8,515.03,1.23,1.0,20.0,0.0
13880,2025.8,588.03,0.817,1.0,21.0,0.0
13881,2025.8,586.41,0.825,1.0,21.0,0.0
13882,2025.8,585.58,0.829,1.0,21.0,0.0
13883,2025.8,583.12,0.842,1.0,21.0,0.0
13884,2025.8,582.92,0.843,1.0,21.0,0.0
13885,2025.8,580.67,0.854,1.0,21.0,0.0
13886,2025.8,579.42,0.86,1.0,21.0,0.0
13887,2025.8,578.21,0.866,1.0,21.0,0.0
13888,2025.8,575.93,0.878,1.0,21.0,0.0
13889,2025.8,575.76,0.879,1.0,21.0,0.0
13890,2025.8,573.33,0.892,1.0,20.0,0.0
13891,2025.8,572.43,0.896,1.0,20.0,0.0
13892,2025.8,571.02,0.904,1.0,20.0,0.0
13893,2025.8,568.94,0.915,1.0,20.0,0.0
13894,2025.8,568.87,0.915,1.0,20.0,0.0
13895,2025.8,567.35,0.923,1.0,20.0,0.0
13896,2025.8,565.86,0.931,1.0,20.0,0.0
13897,2025.8,565.44,0.933,1.0,20.0,0.0
13898,2025.8,564.37,0.939,1.0,20.0,0.0
13899,2025.8,562.88,0.947,1.0,20.0,0.0
13900,2025.8,561.95,0.952,1.0,20.0,0.0
13901,2025.8,558.45,0.972,1.0,20.0,0.0
13902,2025.8,557.76,0.975,1.0,20.0,0.0
13903,2025.8,554.96,0.991,1.0,20.0,0.0
13904,2025.8,551.46,1.01,1.0,20.0,0.0
13905,2025.8,549.1,1.02,1.0,20.0,0.0
13906,2025.8,547.97,1.03,1.0,20.0,0.0
13907,2025.8,544.47,1.05,1.0,20.0,0.0
13908,2025.8,540.98,1.07,1.0,20.0,0.0
13909,2025.8,537.48,1.09,1.0,20.0,0.0
13910,2025.8,533.99,1.11,1.0,20.0,0.0
13911,2025.8,531.44,1.13,1.0,20.0,0.0
13912,2025.8,530.49,1.14,1.0,20.0,0.0
13913,2025.8,527.0,1.16,1.0,20.0,0.0
13914,2025.8,523.5,1.18,1.0,20.0,0.0
13915,2025.8,453.6,1.69,1.0,20.0,0.0
13916,2025.8,451.25,1.71,1.0,20.0,0.0
13917,2025.8,450.11,1.72,1.0,20.0,0.0
13918,2025.8,446.61,1.75,1.0,19.0,0.0
13919,2025.8,443.12,1.79,1.0,19.0,0.0
13920,2025.8,299.82,3.56,1.0,18.0,0.0
13921,2025.8,264.87,4.27,1.0,18.0,0.0
13922,2025.8,121.58,36.1,1.0,15.0,0.0
13923,2025.8,2.7475,15000.0,1.0,5.0,0.0
13924,2049.1,72.91,90.5,1.0,14.0,0.0
13925,2049.1,76.142,84.1,1.0,14.0,0.0
13926,2049.1,77.744,81.2,1.0,14.0,0.0
13927,2049.1,79.637,78.0,1.0,14.0,0.0
13928,2049.1,81.93,74.3,1.0,14.0,0.0
13929,2049.1,83.132,72.5,1.0,14.0,0.0
13930,2049.1,86.627,67.5,1.0,14.0,0.0
13931,2049.1,90.122,63.1,1.0,14.0,0.0
13932,2049.1,92.493,60.4,1.0,14.0,0.0
13933,2049.1,93.617,59.2,1.0,14.0,0.0
13934,2049.1,97.112,55.5,1.0,14.0,0.0
13935,2049.1,98.772,53.9,1.0,15.0,0.0
13936,2049.1,100.61,52.2,1.0,15.0,0.0
13937,2049.1,102.06,51.0,1.0,15.0,0.0
13938,2049.1,104.1,49.3,1.0,15.0,0.0
13939,2049.1,105.06,48.5,1.0,15.0,0.0
13940,2049.1,107.6,46.5,1.0,15.0,0.0
13941,2049.1,108.95,45.5,1.0,15.0,0.0
13942,2049.1,111.09,44.0,1.0,15.0,0.0
13943,2049.1,112.83,42.8,1.0,15.0,0.0
13944,2049.1,114.59,41.7,1.0,15.0,0.0
13945,2049.1,116.75,40.4,1.0,15.0,0.0
13946,2049.1,118.08,39.6,1.0,15.0,0.0
13947,2049.1,121.58,37.6,1.0,15.0,0.0
13948,2049.1,124.97,35.8,1.0,15.0,0.0
13949,2049.1,125.07,35.8,1.0,15.0,0.0
13950,2049.1,128.57,34.1,1.0,15.0,0.0
13951,2049.1,132.06,32.5,1.0,15.0,0.0
13952,2049.1,133.19,32.0,1.0,15.0,0.0
13953,2049.1,135.56,31.0,1.0,15.0,0.0
13954,2049.1,139.05,29.7,1.0,15.0,0.0
13955,2049.1,142.55,28.4,1.0,16.0,0.0
13956,2049.1,144.15,27.8,1.0,16.0,0.0
13957,2049.1,146.04,27.2,1.0,16.0,0.0
13958,2049.1,149.54,26.0,1.0,16.0,0.0
13959,2049.1,149.89,25.9,1.0,16.0,0.0
13960,2049.1,153.03,24.9,1.0,16.0,0.0
13961,2049.1,153.87,24.7,1.0,16.0,0.0
13962,2049.1,156.53,23.8,1.0,16.0,0.0
13963,2049.1,160.02,22.6,1.0,16.0,0.0
13964,2049.1,161.99,21.9,1.0,16.0,0.0
13965,2049.1,163.52,21.2,1.0,16.0,0.0
13966,2049.1,167.01,19.0,1.0,16.0,0.0
13967,2049.1,170.51,15.7,1.0,16.0,0.0
13968,2049.1,171.17,14.8,1.0,16.0,0.0
13969,2049.1,174.0,12.0,1.0,17.0,0.0
13970,2049.1,177.5,10.5,1.0,17.0,0.0
13971,2049.1,180.35,9.71,1.0,17.0,0.0
13972,2049.1,180.99,9.57,1.0,17.0,0.0
13973,2049.1,184.49,8.88,1.0,17.0,0.0
13974,2049.1,187.98,8.35,1.0,17.0,0.0
13975,2049.1,188.7,8.25,1.0,17.0,0.0
13976,2049.1,191.48,7.92,1.0,17.0,0.0
13977,2049.1,194.97,7.55,1.0,17.0,0.0
13978,2049.1,196.18,7.44,1.0,17.0,0.0
13979,2049.1,198.47,7.24,1.0,17.0,0.0
13980,2049.1,200.38,7.08,1.0,17.0,0.0
13981,2049.1,201.96,6.96,1.0,17.0,0.0
13982,2049.1,205.46,6.72,1.0,17.0,0.0
13983,2049.1,208.95,6.5,1.0,17.0,0.0
13984,2049.1,212.45,6.3,1.0,17.0,0.0
13985,2049.1,212.84,6.28,1.0,17.0,0.0
13986,2049.1,215.94,6.12,1.0,17.0,0.0
13987,2049.1,219.44,5.95,1.0,17.0,0.0
13988,2049.1,222.32,5.82,1.0,17.0,0.0
13989,2049.1,222.93,5.79,1.0,17.0,0.0
13990,2049.1,226.43,5.65,1.0,17.0,0.0
13991,2049.1,229.92,5.51,1.0,18.0,0.0
13992,2049.1,231.06,5.47,1.0,18.0,0.0
13993,2049.1,233.42,5.38,1.0,18.0,0.0
13994,2049.1,236.91,5.26,1.0,18.0,0.0
13995,2049.1,237.44,5.24,1.0,18.0,0.0
13996,2049.1,327.73,3.25,1.0,18.0,0.0
13997,2049.1,450.11,1.81,1.0,19.0,0.0
13998,2049.1,515.03,1.3,1.0,20.0,0.0
13999,2049.1,588.03,0.871,1.0,21.0,0.0
14000,2049.1,586.41,0.879,1.0,21.0,0.0
14001,2049.1,585.58,0.883,1.0,21.0,0.0
14002,2049.1,583.12,0.896,1.0,21.0,0.0
14003,2049.1,582.92,0.897,1.0,20.0,0.0
14004,2049.1,580.67,0.909,1.0,20.0,0.0
14005,2049.1,579.42,0.915,1.0,20.0,0.0
14006,2049.1,578.21,0.922,1.0,20.0,0.0
14007,2049.1,575.93,0.934,1.0,20.0,0.0
14008,2049.1,575.76,0.935,1.0,20.0,0.0
14009,2049.1,573.33,0.948,1.0,20.0,0.0
14010,2049.1,572.43,0.953,1.0,20.0,0.0
14011,2049.1,571.02,0.961,1.0,20.0,0.0
14012,2049.1,568.94,0.972,1.0,20.0,0.0
14013,2049.1,568.87,0.972,1.0,20.0,0.0
14014,2049.1,567.35,0.981,1.0,20.0,0.0
14015,2049.1,565.86,0.989,1.0,20.0,0.0
14016,2049.1,565.44,0.991,1.0,20.0,0.0
14017,2049.1,564.37,0.997,1.0,20.0,0.0
14018,2049.1,562.88,1.01,1.0,20.0,0.0
14019,2049.1,561.95,1.01,1.0,20.0,0.0
14020,2049.1,558.45,1.03,1.0,20.0,0.0
14021,2049.1,557.76,1.04,1.0,20.0,0.0
14022,2049.1,554.96,1.05,1.0,20.0,0.0
14023,2049.1,551.46,1.07,1.0,20.0,0.0
14024,2049.1,549.1,1.09,1.0,20.0,0.0
14025,2049.1,547.97,1.09,1.0,20.0,0.0
14026,2049.1,544.47,1.11,1.0,20.0,0.0
14027,2049.1,540.98,1.14,1.0,20.0,0.0
14028,2049.1,537.48,1.16,1.0,20.0,0.0
14029,2049.1,533.99,1.18,1.0,20.0,0.0
14030,2049.1,531.44,1.2,1.0,20.0,0.0
14031,2049.1,530.49,1.2,1.0,20.0,0.0
14032,2049.1,527.0,1.22,1.0,20.0,0.0
14033,2049.1,523.5,1.25,1.0,20.0,0.0
14034,2049.1,453.6,1.78,1.0,19.0,0.0
14035,2049.1,451.25,1.8,1.0,19.0,0.0
14036,2049.1,450.11,1.81,1.0,19.0,0.0
14037,2049.1,446.61,1.85,1.0,19.0,0.0
14038,2049.1,443.12,1.88,1.0,19.0,0.0
14039,2049.1,299.82,3.73,1.0,18.0,0.0
14040,2049.1,264.87,4.46,1.0,18.0,0.0
14041,2049.1,121.58,37.6,1.0,15.0,0.0
14042,2049.1,2.7475,15600.0,1.0,5.0,0.0
14043,2067.6,72.91,93.5,1.0,14.0,0.0
14044,2067.6,76.142,86.9,1.0,14.0,0.0
14045,2067.6,77.744,83.8,1.0,14.0,0.0
14046,2067.6,79.637,80.5,1.0,14.0,0.0
14047,2067.6,81.93,76.7,1.0,14.0,0.0
14048,2067.6,83.132,74.8,1.0,14.0,0.0
14049,2067.6,86.627,69.7,1.0,14.0,0.0
14050,2067.6,90.122,65.2,1.0,14.0,0.0
14051,2067.6,92.493,62.4,1.0,14.0,0.0
14052,2067.6,93.617,61.1,1.0,14.0,0.0
14053,2067.6,97.112,57.4,1.0,14.0,0.0
14054,2067.6,98.772,55.7,1.0,14.0,0.0
14055,2067.6,100.61,54.0,1.0,15.0,0.0
14056,2067.6,102.06,52.6,1.0,15.0,0.0
14057,2067.6,104.1,50.9,1.0,15.0,0.0
14058,2067.6,105.06,50.1,1.0,15.0,0.0
14059,2067.6,107.6,48.0,1.0,15.0,0.0
14060,2067.6,108.95,47.0,1.0,15.0,0.0
14061,2067.6,111.09,45.5,1.0,15.0,0.0
14062,2067.6,112.83,44.2,1.0,15.0,0.0
14063,2067.6,114.59,43.1,1.0,15.0,0.0
14064,2067.6,116.75,41.7,1.0,15.0,0.0
14065,2067.6,118.08,40.9,1.0,15.0,0.0
14066,2067.6,121.58,38.8,1.0,15.0,0.0
14067,2067.6,124.97,37.0,1.0,15.0,0.0
14068,2067.6,125.07,37.0,1.0,15.0,0.0
14069,2067.6,128.57,35.2,1.0,15.0,0.0
14070,2067.6,132.06,33.6,1.0,15.0,0.0
14071,2067.6,133.19,33.1,1.0,15.0,0.0
14072,2067.6,135.56,32.1,1.0,15.0,0.0
14073,2067.6,139.05,30.7,1.0,15.0,0.0
14074,2067.6,142.55,29.3,1.0,16.0,0.0
14075,2067.6,144.15,28.7,1.0,16.0,0.0
14076,2067.6,146.04,28.1,1.0,16.0,0.0
14077,2067.6,149.54,26.9,1.0,16.0,0.0
14078,2067.6,149.89,26.8,1.0,16.0,0.0
14079,2067.6,153.03,25.8,1.0,16.0,0.0
14080,2067.6,153.87,25.5,1.0,16.0,0.0
14081,2067.6,156.53,24.6,1.0,16.0,0.0
14082,2067.6,160.02,23.4,1.0,16.0,0.0
14083,2067.6,161.99,22.6,1.0,16.0,0.0
14084,2067.6,163.52,21.9,1.0,16.0,0.0
14085,2067.6,167.01,19.7,1.0,16.0,0.0
14086,2067.6,170.51,16.2,1.0,16.0,0.0
14087,2067.6,171.17,15.3,1.0,16.0,0.0
14088,2067.6,174.0,12.4,1.0,16.0,0.0
14089,2067.6,177.5,10.9,1.0,17.0,0.0
14090,2067.6,180.35,10.0,1.0,17.0,0.0
14091,2067.6,180.99,9.89,1.0,17.0,0.0
14092,2067.6,184.49,9.19,1.0,17.0,0.0
14093,2067.6,187.98,8.64,1.0,17.0,0.0
14094,2067.6,188.7,8.54,1.0,17.0,0.0
14095,2067.6,191.48,8.19,1.0,17.0,0.0
14096,2067.6,194.97,7.81,1.0,17.0,0.0
14097,2067.6,196.18,7.69,1.0,17.0,0.0
14098,2067.6,198.47,7.49,1.0,17.0,0.0
14099,2067.6,200.38,7.33,1.0,17.0,0.0
14100,2067.6,201.96,7.2,1.0,17.0,0.0
14101,2067.6,205.46,6.95,1.0,17.0,0.0
14102,2067.6,208.95,6.72,1.0,17.0,0.0
14103,2067.6,212.45,6.52,1.0,17.0,0.0
14104,2067.6,212.84,6.5,1.0,17.0,0.0
14105,2067.6,215.94,6.33,1.0,17.0,0.0
14106,2067.6,219.44,6.15,1.0,17.0,0.0
14107,2067.6,222.32,6.02,1.0,17.0,0.0
14108,2067.6,222.93,5.99,1.0,17.0,0.0
14109,2067.6,226.43,5.84,1.0,17.0,0.0
14110,2067.6,229.92,5.7,1.0,17.0,0.0
14111,2067.6,231.06,5.66,1.0,18.0,0.0
14112,2067.6,233.42,5.57,1.0,18.0,0.0
14113,2067.6,236.91,5.44,1.0,18.0,0.0
14114,2067.6,237.44,5.42,1.0,18.0,0.0
14115,2067.6,327.73,3.37,1.0,18.0,0.0
14116,2067.6,450.11,1.89,1.0,19.0,0.0
14117,2067.6,515.03,1.36,1.0,20.0,0.0
14118,2067.6,588.03,0.914,1.0,20.0,0.0
14119,2067.6,586.41,0.923,1.0,20.0,0.0
14120,2067.6,585.58,0.927,1.0,20.0,0.0
14121,2067.6,583.12,0.94,1.0,20.0,0.0
14122,2067.6,582.92,0.942,1.0,20.0,0.0
14123,2067.6,580.67,0.954,1.0,20.0,0.0
14124,2067.6,579.42,0.96,1.0,20.0,0.0
14125,2067.6,578.21,0.967,1.0,20.0,0.0
14126,2067.6,575.93,0.98,1.0,20.0,0.0
14127,2067.6,575.76,0.981,1.0,20.0,0.0
14128,2067.6,573.33,0.994,1.0,20.0,0.0
14129,2067.6,572.43,0.999,1.0,20.0,0.0
14130,2067.6,571.02,1.01,1.0,20.0,0.0
14131,2067.6,568.94,1.02,1.0,20.0,0.0
14132,2067.6,568.87,1.02,1.0,20.0,0.0
14133,2067.6,567.35,1.03,1.0,20.0,0.0
14134,2067.6,565.86,1.04,1.0,20.0,0.0
14135,2067.6,565.44,1.04,1.0,20.0,0.0
14136,2067.6,564.37,1.05,1.0,20.0,0.0
14137,2067.6,562.88,1.05,1.0,20.0,0.0
14138,2067.6,561.95,1.06,1.0,20.0,0.0
14139,2067.6,558.45,1.08,1.0,20.0,0.0
14140,2067.6,557.76,1.08,1.0,20.0,0.0
14141,2067.6,554.96,1.1,1.0,20.0,0.0
14142,2067.6,551.46,1.12,1.0,20.0,0.0
14143,2067.6,549.1,1.14,1.0,20.0,0.0
14144,2067.6,547.97,1.14,1.0,20.0,0.0
14145,2067.6,544.47,1.17,1.0,20.0,0.0
14146,2067.6,540.98,1.19,1.0,20.0,0.0
14147,2067.6,537.48,1.21,1.0,20.0,0.0
14148,2067.6,533.99,1.23,1.0,20.0,0.0
14149,2067.6,531.44,1.25,1.0,20.0,0.0
14150,2067.6,530.49,1.26,1.0,20.0,0.0
14151,2067.6,527.0,1.28,1.0,20.0,0.0
14152,2067.6,523.5,1.3,1.0,20.0,0.0
14153,2067.6,453.6,1.86,1.0,19.0,0.0
14154,2067.6,451.25,1.88,1.0,19.0,0.0
14155,2067.6,450.11,1.89,1.0,19.0,0.0
14156,2067.6,446.61,1.92,1.0,19.0,0.0
14157,2067.6,443.12,1.95,1.0,19.0,0.0
14158,2067.6,299.82,3.86,1.0,18.0,0.0
14159,2067.6,264.87,4.62,1.0,18.0,0.0
14160,2067.6,121.58,38.8,1.0,15.0,0.0
